2025-09-01 18:33:15 Arduino IDE 2.3.6
2025-09-01 18:33:15 Checking for frontend application configuration customizations. Module path: /nix/store/2d5i1bzbqbnl4rgnhk8czrw5zmqqjdzv-arduino-ide-2.3.6-extracted/resources/app/lib/backend/electron-main.js, destination 'package.json': /nix/store/2d5i1bzbqbnl4rgnhk8czrw5zmqqjdzv-arduino-ide-2.3.6-extracted/resources/app/package.json
2025-09-01 18:33:15 Setting 'theia.frontend.config.appVersion' application configuration value to: "2.3.6" (type of string)
2025-09-01 18:33:15 Setting 'theia.frontend.config.cliVersion' application configuration value to: "1.2.0" (type of string)
2025-09-01 18:33:15 Setting 'theia.frontend.config.buildDate' application configuration value to: "2025-04-09T11:24:04.835Z" (type of string)
2025-09-01 18:33:15 Frontend application configuration after modifications: {"applicationName":"Arduino IDE","defaultTheme":{"light":"arduino-theme","dark":"arduino-theme-dark"},"defaultIconTheme":"none","electron":{"windowOptions":{},"showWindowEarly":true,"splashScreenOptions":{},"uriScheme":"arduino-ide"},"defaultLocale":"","validatePreferencesSchema":false,"reloadOnReconnect":true,"uriScheme":"theia","preferences":{"window.title":"${rootName}${activeEditorShort}${appName}","files.autoSave":"afterDelay","editor.minimap.enabled":false,"editor.tabSize":2,"editor.scrollBeyondLastLine":false,"editor.quickSuggestions":{"other":false,"comments":false,"strings":false},"editor.maxTokenizationLineLength":500,"editor.bracketPairColorization.enabled":false,"breadcrumbs.enabled":false,"workbench.tree.renderIndentGuides":"none","explorer.compactFolders":false},"appVersion":"2.3.6","cliVersion":"1.2.0","buildDate":"2025-04-09T11:24:04.835Z"}
2025-09-01 18:33:15 Starting backend process. PID: 34432
2025-09-01 18:33:15 Showing main window early
2025-09-01 18:33:16 Using browser-only version of superagent in non-browser environment
2025-09-01 18:33:16 Configuration directory URI: 'file:///home/aaron/.arduinoIDE'
2025-09-01 18:33:16 Configuring to accept webviews on '^.+\.webview\..+$' hostname.
2025-09-01 18:33:16 2025-09-02T01:33:16.297Z root INFO Backend u.initialize: 37.3 ms [Finished 0.708 s after backend start]
2025-09-01 18:33:16 2025-09-02T01:33:16.300Z root INFO Backend Object.initialize: 35.3 ms [Finished 0.708 s after backend start]
2025-09-01 18:33:16 2025-09-02T01:33:16.300Z root INFO Backend a.initialize: 1.8 ms [Finished 0.708 s after backend start]
2025-09-01 18:33:16 2025-09-02T01:33:16.300Z root INFO Backend a.initialize: 1.5 ms [Finished 0.708 s after backend start]
2025-09-01 18:33:16 2025-09-02T01:33:16.300Z root INFO Backend u.initialize: 2.0 ms [Finished 0.708 s after backend start]
2025-09-01 18:33:16 2025-09-02T01:33:16.302Z root INFO Backend l.initialize: 37.3 ms [Finished 0.710 s after backend start]
2025-09-01 18:33:16 2025-09-02T01:33:16.311Z root INFO configured all backend app contributions
2025-09-01 18:33:16 2025-09-02T01:33:16.311Z root INFO Backend l.onStart: 1.5 ms [Finished 0.724 s after backend start]
2025-09-01 18:33:16 2025-09-02T01:33:16.311Z root INFO Backend d.onStart: 0.1 ms [Finished 0.724 s after backend start]
2025-09-01 18:33:16 2025-09-02T01:33:16.312Z root INFO Backend a.onStart: 0.4 ms [Finished 0.724 s after backend start]
2025-09-01 18:33:16 2025-09-02T01:33:16.312Z config INFO >>> Initializing CLI configuration...
2025-09-01 18:33:16 2025-09-02T01:33:16.312Z root INFO Backend x.onStart: 0.3 ms [Finished 0.724 s after backend start]
2025-09-01 18:33:16 2025-09-02T01:33:16.312Z config INFO Loading CLI configuration from /home/aaron/.arduinoIDE/arduino-cli.yaml...
2025-09-01 18:33:16 2025-09-02T01:33:16.312Z daemon INFO Starting daemon from /nix/store/2d5i1bzbqbnl4rgnhk8czrw5zmqqjdzv-arduino-ide-2.3.6-extracted/resources/app/lib/backend/resources/arduino-cli...
2025-09-01 18:33:16 2025-09-02T01:33:16.312Z root INFO Backend w.onStart: 0.4 ms [Finished 0.725 s after backend start]
2025-09-01 18:33:16 2025-09-02T01:33:16.313Z discovery-log INFO start
2025-09-01 18:33:16 2025-09-02T01:33:16.313Z discovery-log INFO start new deferred
2025-09-01 18:33:16 2025-09-02T01:33:16.313Z root INFO Backend v.onStart: 0.2 ms [Finished 0.725 s after backend start]
2025-09-01 18:33:16 2025-09-02T01:33:16.313Z root INFO Backend a.onStart: 0.1 ms [Finished 0.726 s after backend start]
2025-09-01 18:33:16 2025-09-02T01:33:16.317Z root INFO Theia app listening on http://127.0.0.1:34211.
2025-09-01 18:33:16 2025-09-02T01:33:16.317Z root INFO Finished starting backend application: 4.2 ms [Finished 0.730 s after backend start]
2025-09-01 18:33:16 Error: node-loader:
Error: libxkbfile.so.1: cannot open shared object file: No such file or directory
    at 95585 (/nix/store/2d5i1bzbqbnl4rgnhk8czrw5zmqqjdzv-arduino-ide-2.3.6-extracted/resources/app/lib/backend/electron-main.js:8:1529780)
    at __webpack_require__ (/nix/store/2d5i1bzbqbnl4rgnhk8czrw5zmqqjdzv-arduino-ide-2.3.6-extracted/resources/app/lib/backend/electron-main.js:8:1985382)
    at o._init (/nix/store/2d5i1bzbqbnl4rgnhk8czrw5zmqqjdzv-arduino-ide-2.3.6-extracted/resources/app/lib/backend/electron-main.js:5:1319254)
    at o.onDidChangeKeyboardLayout (/nix/store/2d5i1bzbqbnl4rgnhk8czrw5zmqqjdzv-arduino-ide-2.3.6-extracted/resources/app/lib/backend/electron-main.js:5:1319604)
    at t.onDidChangeKeyboardLayout (/nix/store/2d5i1bzbqbnl4rgnhk8czrw5zmqqjdzv-arduino-ide-2.3.6-extracted/resources/app/lib/backend/electron-main.js:5:1319982)
    at a.onStart (/nix/store/2d5i1bzbqbnl4rgnhk8czrw5zmqqjdzv-arduino-ide-2.3.6-extracted/resources/app/lib/backend/electron-main.js:2:205197)
    at A.startContributions (/nix/store/2d5i1bzbqbnl4rgnhk8czrw5zmqqjdzv-arduino-ide-2.3.6-extracted/resources/app/lib/backend/electron-main.js:8:1599586)
    at Object.handler (/nix/store/2d5i1bzbqbnl4rgnhk8czrw5zmqqjdzv-arduino-ide-2.3.6-extracted/resources/app/lib/backend/electron-main.js:2:1217714)
    at process.processTicksAndRejections (node:internal/process/task_queues:95:5)
2025-09-01 18:33:16 2025-09-02T01:33:16.318Z root WARN The local plugin referenced by local-dir:/home/aaron/.arduinoIDE/plugins does not exist.
2025-09-01 18:33:16 2025-09-02T01:33:16.318Z root WARN The local plugin referenced by local-dir:/home/aaron/.arduinoIDE/deployedPlugins does not exist.
2025-09-01 18:33:16 2025-09-02T01:33:16.322Z config INFO Loaded CLI configuration: {"board_manager":{"additional_urls":["https://raw.githubusercontent.com/espressif/arduino-esp32/gh-pages/package_esp32_index.json"]},"directories":{"builtin":{"libraries":"/home/aaron/.arduino15/libraries"},"data":"/home/aaron/.arduino15","user":"/home/aaron/Arduino"},"locale":"en"}
2025-09-01 18:33:16 2025-09-02T01:33:16.322Z config INFO 'directories.data' and 'directories.user' are set in the CLI configuration model.
2025-09-01 18:33:16 2025-09-02T01:33:16.322Z config INFO Loaded the CLI configuration.
2025-09-01 18:33:16 2025-09-02T01:33:16.332Z config INFO Mapped the CLI configuration: {"dataDirUri":"file:///home/aaron/.arduino15","sketchDirUri":"file:///home/aaron/Arduino","additionalUrls":["https://raw.githubusercontent.com/espressif/arduino-esp32/gh-pages/package_esp32_index.json"],"network":"none","locale":"en"}
2025-09-01 18:33:16 2025-09-02T01:33:16.332Z config INFO Validating the CLI configuration...
2025-09-01 18:33:16 2025-09-02T01:33:16.332Z config INFO The CLI config is valid.
2025-09-01 18:33:16 2025-09-02T01:33:16.332Z config INFO <<< Initialized the CLI configuration.
2025-09-01 18:33:16 2025-09-02T01:33:16.367Z root INFO Resolve plugins list: 52.9 ms [Finished 0.780 s after backend start]
2025-09-01 18:33:16 2025-09-02T01:33:16.484Z daemon INFO time="2025-09-01T18:33:16-07:00" level=info msg="arduino-cli version 1.2.0"
2025-09-01 18:33:16 2025-09-02T01:33:16.510Z daemon INFO time="2025-09-01T18:33:16-07:00" level=info msg="Using config file: /home/aaron/.arduinoIDE/arduino-cli.yaml"
time="2025-09-01T18:33:16-07:00" level=info msg="Executing `arduino-cli daemon`"
Daemon is now listening on 127.0.0.1:43797
{"IP":"127.0.0.1","Port":"43797"}
2025-09-01 18:33:16 2025-09-02T01:33:16.510Z daemon INFO Daemon is running.
2025-09-01 18:33:16 2025-09-02T01:33:16.603Z daemon INFO time="2025-09-01T18:33:16-07:00" level=info msg="Checking signature" index=/home/aaron/.arduino15/package_index.json signatureFile=/home/aaron/.arduino15/package_index.json.sig trusted=true
2025-09-01 18:33:16 2025-09-02T01:33:16.608Z daemon INFO time="2025-09-01T18:33:16-07:00" level=info msg="Missing signature file" index=/home/aaron/.arduino15/package_esp32_index.json
2025-09-01 18:33:16 2025-09-02T01:33:16.608Z daemon INFO time="2025-09-01T18:33:16-07:00" level=info msg="Loading hardware from: /home/aaron/.arduino15/packages"
2025-09-01 18:33:16 2025-09-02T01:33:16.613Z daemon INFO time="2025-09-01T18:33:16-07:00" level=info msg="Loading package arduino from: /home/aaron/.arduino15/packages/arduino/hardware"
2025-09-01 18:33:16 2025-09-02T01:33:16.617Z daemon INFO time="2025-09-01T18:33:16-07:00" level=info msg="Missing signature file" index=/home/aaron/.arduino15/packages/arduino/hardware/avr/1.8.6/installed.json
2025-09-01 18:33:16 2025-09-02T01:33:16.632Z daemon INFO time="2025-09-01T18:33:16-07:00" level=info msg="Adding monitor tool" protocol=serial tool="builtin:serial-monitor"
time="2025-09-01T18:33:16-07:00" level=info msg="Loaded platform" platform="arduino:avr@1.8.6"
time="2025-09-01T18:33:16-07:00" level=info msg="Missing signature file" index=/home/aaron/.arduino15/packages/arduino/hardware/renesas_uno/1.5.0/installed.json
time="2025-09-01T18:33:16-07:00" level=info msg="Adding monitor tool" protocol=serial tool="builtin:serial-monitor"
time="2025-09-01T18:33:16-07:00" level=info msg="Loaded platform" platform="arduino:renesas_uno@1.5.0"
time="2025-09-01T18:33:16-07:00" level=info msg="Checking existence of 'tools' path: /home/aaron/.arduino15/packages/arduino/tools"
time="2025-09-01T18:33:16-07:00" level=info msg="Loading tools from dir: /home/aaron/.arduino15/packages/arduino/tools"
time="2025-09-01T18:33:16-07:00" level=info msg="Loaded tool" tool="arduino:arduinoOTA@1.3.0"
time="2025-09-01T18:33:16-07:00" level=info msg="Loaded tool" tool="arduino:arm-none-eabi-gcc@7-2017q4"
2025-09-01 18:33:16 2025-09-02T01:33:16.632Z daemon INFO time="2025-09-01T18:33:16-07:00" level=info msg="Loaded tool" tool="arduino:avr-gcc@7.3.0-atmel3.6.1-arduino7"
2025-09-01 18:33:16 2025-09-02T01:33:16.632Z daemon INFO time="2025-09-01T18:33:16-07:00" level=info msg="Loaded tool" tool="arduino:avrdude@6.3.0-arduino17"
2025-09-01 18:33:16 2025-09-02T01:33:16.633Z daemon INFO time="2025-09-01T18:33:16-07:00" level=info msg="Loaded tool" tool="arduino:bossac@1.9.1-arduino5"
2025-09-01 18:33:16 2025-09-02T01:33:16.636Z daemon INFO time="2025-09-01T18:33:16-07:00" level=info msg="Loaded tool" tool="arduino:dfu-util@0.11.0-arduino5"
time="2025-09-01T18:33:16-07:00" level=info msg="Loaded tool" tool="arduino:openocd@0.11.0-arduino2"
time="2025-09-01T18:33:16-07:00" level=info msg="Loading package builtin from: /home/aaron/.arduino15/packages/builtin"
time="2025-09-01T18:33:16-07:00" level=info msg="Checking existence of 'tools' path: /home/aaron/.arduino15/packages/builtin/tools"
time="2025-09-01T18:33:16-07:00" level=info msg="Loading tools from dir: /home/aaron/.arduino15/packages/builtin/tools"
time="2025-09-01T18:33:16-07:00" level=info msg="Loaded tool" tool="builtin:ctags@5.8-arduino11"
time="2025-09-01T18:33:16-07:00" level=info msg="Loaded tool" tool="builtin:dfu-discovery@0.1.2"
time="2025-09-01T18:33:16-07:00" level=info msg="Loaded tool" tool="builtin:mdns-discovery@1.0.9"
time="2025-09-01T18:33:16-07:00" level=info msg="Loaded tool" tool="builtin:serial-discovery@1.4.1"
time="2025-09-01T18:33:16-07:00" level=info msg="Loaded tool" tool="builtin:serial-monitor@0.15.0"
time="2025-09-01T18:33:16-07:00" level=info msg="Loading package esp32 from: /home/aaron/.arduino15/packages/esp32/hardware"
2025-09-01 18:33:16 2025-09-02T01:33:16.643Z daemon INFO time="2025-09-01T18:33:16-07:00" level=info msg="Missing signature file" index=/home/aaron/.arduino15/packages/esp32/hardware/esp32/3.3.0/installed.json
2025-09-01 18:33:16 2025-09-02T01:33:16.878Z daemon INFO time="2025-09-01T18:33:16-07:00" level=info msg="Adding monitor tool" protocol=serial tool="builtin:serial-monitor"
time="2025-09-01T18:33:16-07:00" level=info msg="Loaded platform" platform="esp32:esp32@3.3.0"
time="2025-09-01T18:33:16-07:00" level=info msg="Checking existence of 'tools' path: /home/aaron/.arduino15/packages/esp32/tools"
time="2025-09-01T18:33:16-07:00" level=info msg="Loading tools from dir: /home/aaron/.arduino15/packages/esp32/tools"
2025-09-01 18:33:16 2025-09-02T01:33:16.883Z daemon INFO time="2025-09-01T18:33:16-07:00" level=info msg="Loaded tool" tool="esp32:esp-rv32@2411"
2025-09-01 18:33:16 2025-09-02T01:33:16.884Z daemon INFO time="2025-09-01T18:33:16-07:00" level=info msg="Loaded tool" tool="esp32:esp-x32@2411"
2025-09-01 18:33:16 2025-09-02T01:33:16.884Z daemon INFO time="2025-09-01T18:33:16-07:00" level=info msg="Loaded tool" tool="esp32:esp32-arduino-libs@idf-release_v5.5-b66b5448-v1"
2025-09-01 18:33:16 2025-09-02T01:33:16.885Z daemon INFO time="2025-09-01T18:33:16-07:00" level=info msg="Loaded tool" tool="esp32:esptool_py@5.0.0"
2025-09-01 18:33:16 2025-09-02T01:33:16.885Z daemon INFO time="2025-09-01T18:33:16-07:00" level=info msg="Loaded tool" tool="esp32:mklittlefs@3.0.0-gnu12-dc7f933"
2025-09-01 18:33:16 2025-09-02T01:33:16.886Z daemon INFO time="2025-09-01T18:33:16-07:00" level=info msg="Loaded tool" tool="esp32:mkspiffs@0.2.3"
2025-09-01 18:33:16 2025-09-02T01:33:16.886Z daemon INFO time="2025-09-01T18:33:16-07:00" level=info msg="Loaded tool" tool="esp32:openocd-esp32@v0.12.0-esp32-20250422"
2025-09-01 18:33:16 2025-09-02T01:33:16.886Z daemon INFO time="2025-09-01T18:33:16-07:00" level=info msg="Loaded tool" tool="esp32:riscv32-esp-elf-gdb@16.2_20250324"
2025-09-01 18:33:16 2025-09-02T01:33:16.887Z daemon INFO time="2025-09-01T18:33:16-07:00" level=info msg="Loaded tool" tool="esp32:xtensa-esp-elf-gdb@16.2_20250324"
2025-09-01 18:33:16 2025-09-02T01:33:16.895Z daemon INFO time="2025-09-01T18:33:16-07:00" level=info msg="Adding libraries dir" dir=/home/aaron/.arduino15/packages/esp32/hardware/esp32/3.3.0/libraries isSingleLibrary=false location=platform
time="2025-09-01T18:33:16-07:00" level=info msg="Adding libraries dir" dir=/home/aaron/.arduino15/packages/arduino/hardware/avr/1.8.6/libraries isSingleLibrary=false location=platform
time="2025-09-01T18:33:16-07:00" level=info msg="Adding libraries dir" dir=/home/aaron/.arduino15/packages/arduino/hardware/renesas_uno/1.5.0/libraries isSingleLibrary=false location=platform
time="2025-09-01T18:33:16-07:00" level=info msg="Loading libraries index file" index=/home/aaron/.arduino15/library_index.json
2025-09-01 18:33:17 2025-09-02T01:33:17.235Z root INFO Deploy plugins list: 921.0 ms [Finished 1.648 s after backend start]
2025-09-01 18:33:17 2025-09-02T01:33:17.343Z daemon INFO time="2025-09-01T18:33:17-07:00" level=info msg="Adding libraries dir" dir=/home/aaron/.arduino15/libraries isSingleLibrary=false location=ide
time="2025-09-01T18:33:17-07:00" level=info msg="Adding libraries dir" dir=/home/aaron/Arduino/libraries isSingleLibrary=false location=user
2025-09-01 18:33:17 2025-09-02T01:33:17.366Z root INFO creating connection for 1
2025-09-01 18:33:17 2025-09-02T01:33:17.597Z daemon INFO time="2025-09-01T18:33:17-07:00" level=warning msg="Error loading library" error="rpc error: code = Internal desc = loading library from /home/aaron/Arduino/libraries/SoftSerialTest: invalid library: no header files found"
2025-09-01 18:33:17 2025-09-02T01:33:17.602Z discovery-log INFO start resolved watching
2025-09-01 18:33:17 2025-09-02T01:33:17.637Z discovery-log INFO {"eventType":"add","port":{"matchingBoardsList":[],"port":{"address":"/dev/ttyS0","label":"/dev/ttyS0","protocol":"serial","protocolLabel":"Serial Port","propertiesMap":[],"hardwareId":""}},"error":""}
2025-09-01 18:33:18 2025-09-02T01:33:18.556Z root ERROR Error: node-loader:
Error: libxkbfile.so.1: cannot open shared object file: No such file or directory
    at 95585 (/nix/store/2d5i1bzbqbnl4rgnhk8czrw5zmqqjdzv-arduino-ide-2.3.6-extracted/resources/app/lib/backend/main.js:2:6468723)
    at __webpack_require__ (/nix/store/2d5i1bzbqbnl4rgnhk8czrw5zmqqjdzv-arduino-ide-2.3.6-extracted/resources/app/lib/backend/main.js:2:7034640)
    at r._init (/nix/store/2d5i1bzbqbnl4rgnhk8czrw5zmqqjdzv-arduino-ide-2.3.6-extracted/resources/app/lib/backend/main.js:2:4537535)
    at r.getCurrentKeyboardLayout (/nix/store/2d5i1bzbqbnl4rgnhk8czrw5zmqqjdzv-arduino-ide-2.3.6-extracted/resources/app/lib/backend/main.js:2:4537734)
    at t.getCurrentKeyboardLayout (/nix/store/2d5i1bzbqbnl4rgnhk8czrw5zmqqjdzv-arduino-ide-2.3.6-extracted/resources/app/lib/backend/main.js:2:4538141)
    at s.getNativeLayoutSync (/nix/store/2d5i1bzbqbnl4rgnhk8czrw5zmqqjdzv-arduino-ide-2.3.6-extracted/resources/app/lib/backend/main.js:2:1830040)
    at s.getNativeLayout (/nix/store/2d5i1bzbqbnl4rgnhk8czrw5zmqqjdzv-arduino-ide-2.3.6-extracted/resources/app/lib/backend/main.js:2:1829981)
    at u.onRequest (/nix/store/2d5i1bzbqbnl4rgnhk8czrw5zmqqjdzv-arduino-ide-2.3.6-extracted/resources/app/lib/backend/main.js:2:4942964)
    at c.requestHandler (/nix/store/2d5i1bzbqbnl4rgnhk8czrw5zmqqjdzv-arduino-ide-2.3.6-extracted/resources/app/lib/backend/main.js:2:4942783)
    at c.handleRequest (/nix/store/2d5i1bzbqbnl4rgnhk8czrw5zmqqjdzv-arduino-ide-2.3.6-extracted/resources/app/lib/backend/main.js:2:524486)
2025-09-01 18:33:18 2025-09-02T01:33:18.557Z root ERROR TypeError: Cannot read properties of null (reading 'getKeyMap')
    at r.getKeyMap (/nix/store/2d5i1bzbqbnl4rgnhk8czrw5zmqqjdzv-arduino-ide-2.3.6-extracted/resources/app/lib/backend/main.js:2:4537620)
    at t.getKeyMap (/nix/store/2d5i1bzbqbnl4rgnhk8czrw5zmqqjdzv-arduino-ide-2.3.6-extracted/resources/app/lib/backend/main.js:2:4538201)
    at s.getNativeLayoutSync (/nix/store/2d5i1bzbqbnl4rgnhk8czrw5zmqqjdzv-arduino-ide-2.3.6-extracted/resources/app/lib/backend/main.js:2:1830077)
    at s.getNativeLayout (/nix/store/2d5i1bzbqbnl4rgnhk8czrw5zmqqjdzv-arduino-ide-2.3.6-extracted/resources/app/lib/backend/main.js:2:1829981)
    at u.onRequest (/nix/store/2d5i1bzbqbnl4rgnhk8czrw5zmqqjdzv-arduino-ide-2.3.6-extracted/resources/app/lib/backend/main.js:2:4942964)
    at c.requestHandler (/nix/store/2d5i1bzbqbnl4rgnhk8czrw5zmqqjdzv-arduino-ide-2.3.6-extracted/resources/app/lib/backend/main.js:2:4942783)
    at c.handleRequest (/nix/store/2d5i1bzbqbnl4rgnhk8czrw5zmqqjdzv-arduino-ide-2.3.6-extracted/resources/app/lib/backend/main.js:2:524486)
    at c.handleMessage (/nix/store/2d5i1bzbqbnl4rgnhk8czrw5zmqqjdzv-arduino-ide-2.3.6-extracted/resources/app/lib/backend/main.js:2:522388)
    at /nix/store/2d5i1bzbqbnl4rgnhk8czrw5zmqqjdzv-arduino-ide-2.3.6-extracted/resources/app/lib/backend/main.js:2:522022
    at /nix/store/2d5i1bzbqbnl4rgnhk8czrw5zmqqjdzv-arduino-ide-2.3.6-extracted/resources/app/lib/backend/main.js:2:6419737
2025-09-01 18:33:18 2025-09-02T01:33:18.558Z root WARN A command editor.action.toggleStickyScroll is already registered.
2025-09-01 18:33:18 Opening channel for service path '/services/electron-window'.
2025-09-01 18:33:18 Opening channel for service path '/services/ide-updater'.
2025-09-01 18:33:18 2025-09-02T01:33:18.677Z root INFO Start frontend contributions: 293.3 ms [Finished 2.329 s after frontend start]
2025-09-01 18:33:18 2025-09-02T01:33:18.677Z root INFO Changed application state from 'init' to 'started_contributions'.
2025-09-01 18:33:18 2025-09-02T01:33:18.686Z root INFO Changed application state from 'started_contributions' to 'attached_shell'.
2025-09-01 18:33:18 2025-09-02T01:33:18.686Z root INFO >>> Restoring the layout state...
2025-09-01 18:33:18 2025-09-02T01:33:18.764Z root INFO [1d1a7428-6d8a-45e3-acc5-6a816460843b] Waiting for backend deployment: 103.2 ms [Finished 2.427 s after frontend start]
2025-09-01 18:33:19 2025-09-02T01:33:19.418Z root INFO ------- SERIALIZED LAYOUT DATA -------
2025-09-01 18:33:19 2025-09-02T01:33:19.418Z root INFO {"version":5,"mainPanel":{"main":{"type":"tab-area","widgets":[{"constructionOptions":{"factoryId":"code-editor-opener","options":{"counter":0,"kind":"navigatable","uri":"file:///home/aaron/projects/esp32_ble/wroom/master/master.ino"}},"innerWidgetState":"{\"cursorState\":[{\"inSelectionMode\":false,\"selectionStart\":{\"lineNumber\":55,\"column\":1},\"position\":{\"lineNumber\":55,\"column\":1}}],\"viewState\":{\"scrollLeft\":0,\"firstPosition\":{\"lineNumber\":40,\"column\":1},\"firstPositionDeltaTop\":-7},\"contributionsState\":{\"editor.contrib.folding\":{\"lineCount\":368,\"provider\":\"indent\",\"foldedImports\":false},\"editor.contrib.wordHighlighter\":false}}"},{"constructionOptions":{"factoryId":"code-editor-opener","options":{"counter":0,"kind":"navigatable","uri":"file:///home/aaron/projects/esp32_ble/wroom/master/sd_read_write.cpp"}},"innerWidgetState":"{\"cursorState\":[{\"inSelectionMode\":false,\"selectionStart\":{\"lineNumber\":1,\"column\":1},\"position\":{\"lineNumber\":1,\"column\":1}}],\"viewState\":{\"scrollLeft\":0,\"firstPosition\":{\"lineNumber\":1,\"column\":1},\"firstPositionDeltaTop\":0},\"contributionsState\":{\"editor.contrib.folding\":{\"lineCount\":154,\"provider\":\"indent\",\"foldedImports\":false},\"editor.contrib.wordHighlighter\":false}}"},{"constructionOptions":{"factoryId":"code-editor-opener","options":{"counter":0,"kind":"navigatable","uri":"file:///home/aaron/projects/esp32_ble/wroom/master/sd_read_write.h"}},"innerWidgetState":"{\"cursorState\":[{\"inSelectionMode\":false,\"selectionStart\":{\"lineNumber\":1,\"column\":1},\"position\":{\"lineNumber\":1,\"column\":1}}],\"viewState\":{\"scrollLeft\":0,\"firstPosition\":{\"lineNumber\":1,\"column\":1},\"firstPositionDeltaTop\":0},\"contributionsState\":{\"editor.contrib.folding\":{\"lineCount\":19,\"provider\":\"indent\",\"foldedImports\":false},\"editor.contrib.wordHighlighter\":false}}"}],"currentIndex":0}},"mainPanelPinned":[false,false,false],"bottomPanel":{"config":{"main":{"type":"tab-area","widgets":[{"constructionOptions":{"factoryId":"outputView"},"innerWidgetState":"{\"locked\":false}"},{"constructionOptions":{"factoryId":"serial-monitor"}}],"currentIndex":1}},"pinned":[false,false],"size":353,"expanded":true},"leftPanel":{"type":"sidepanel","items":[{"widget":{"constructionOptions":{"factoryId":"arduino-sketchbook-widget"}},"rank":1,"expanded":false,"pinned":false},{"widget":{"constructionOptions":{"factoryId":"boards-list-widget"}},"rank":2,"expanded":false,"pinned":false},{"widget":{"constructionOptions":{"factoryId":"library-list-widget"}},"rank":3,"expanded":false,"pinned":false},{"widget":{"constructionOptions":{"factoryId":"debug"},"innerWidgetState":"{\"parts\":[{\"partId\":\"debug:threads:-1\",\"collapsed\":false,\"hidden\":false,\"originalContainerId\":\"debug:view-container:-1\",\"originalContainerTitle\":{\"label\":\"debug\",\"iconClass\":\"codicon codicon-debug-alt\",\"closeable\":true},\"widget\":{\"constructionOptions\":{\"factoryId\":\"debug:threads\"},\"innerWidgetState\":\"{}\"}},{\"partId\":\"debug:frames:-1\",\"collapsed\":false,\"hidden\":false,\"originalContainerId\":\"debug:view-container:-1\",\"originalContainerTitle\":{\"label\":\"debug\",\"iconClass\":\"codicon codicon-debug-alt\",\"closeable\":true},\"widget\":{\"constructionOptions\":{\"factoryId\":\"debug:frames\"},\"innerWidgetState\":\"{}\"}},{\"partId\":\"debug:variables:-1\",\"collapsed\":false,\"hidden\":false,\"originalContainerId\":\"debug:view-container:-1\",\"originalContainerTitle\":{\"label\":\"debug\",\"iconClass\":\"codicon codicon-debug-alt\",\"closeable\":true},\"widget\":{\"constructionOptions\":{\"factoryId\":\"debug:variables\"},\"innerWidgetState\":\"{}\"}},{\"partId\":\"debug:watch:-1\",\"collapsed\":false,\"hidden\":false,\"originalContainerId\":\"debug:view-container:-1\",\"originalContainerTitle\":{\"label\":\"debug\",\"iconClass\":\"codicon codicon-debug-alt\",\"closeable\":true},\"widget\":{\"constructionOptions\":{\"factoryId\":\"debug:watch\"},\"innerWidgetState\":\"{}\"}},{\"partId\":\"debug:breakpoints:-1\",\"collapsed\":false,\"hidden\":false,\"originalContainerId\":\"debug:view-container:-1\",\"originalContainerTitle\":{\"label\":\"debug\",\"iconClass\":\"codicon codicon-debug-alt\",\"closeable\":true},\"widget\":{\"constructionOptions\":{\"factoryId\":\"debug:breakpoints\"},\"innerWidgetState\":\"{}\"}},{\"partId\":\"plugin-view:cortex-debug.peripherals\",\"collapsed\":true,\"hidden\":true,\"originalContainerId\":\"debug:view-container:-1\",\"originalContainerTitle\":{\"label\":\"debug\",\"iconClass\":\"codicon codicon-debug-alt\",\"closeable\":true},\"widget\":{\"constructionOptions\":{\"factoryId\":\"plugin-view\",\"options\":{\"id\":\"plugin-view:cortex-debug.peripherals\",\"viewId\":\"cortex-debug.peripherals\"}},\"innerWidgetState\":\"{\\\"label\\\":\\\"Cortex Peripherals\\\",\\\"widgets\\\":[],\\\"suppressUpdateViewVisibility\\\":false,\\\"currentViewContainerId\\\":\\\"debug\\\"}\"}},{\"partId\":\"plugin-view:cortex-debug.registers\",\"collapsed\":true,\"hidden\":true,\"originalContainerId\":\"debug:view-container:-1\",\"originalContainerTitle\":{\"label\":\"debug\",\"iconClass\":\"codicon codicon-debug-alt\",\"closeable\":true},\"widget\":{\"constructionOptions\":{\"factoryId\":\"plugin-view\",\"options\":{\"id\":\"plugin-view:cortex-debug.registers\",\"viewId\":\"cortex-debug.registers\"}},\"innerWidgetState\":\"{\\\"label\\\":\\\"Cortex Registers\\\",\\\"widgets\\\":[],\\\"suppressUpdateViewVisibility\\\":false,\\\"currentViewContainerId\\\":\\\"debug\\\"}\"}}],\"title\":{\"label\":\"debug\",\"iconClass\":\"codicon codicon-debug-alt\",\"closeable\":true}}"},"rank":4,"expanded":false,"pinned":false},{"widget":{"constructionOptions":{"factoryId":"search-view-container"},"innerWidgetState":"{\"parts\":[{\"partId\":\"search-in-workspace\",\"collapsed\":false,\"hidden\":false,\"originalContainerId\":\"search-view-container\",\"originalContainerTitle\":{\"label\":\"Search\",\"iconClass\":\"codicon codicon-search\",\"closeable\":true},\"widget\":{\"constructionOptions\":{\"factoryId\":\"search-in-workspace\"},\"innerWidgetState\":\"{\\\"matchCaseState\\\":{\\\"className\\\":\\\"codicon codicon-case-sensitive\\\",\\\"enabled\\\":false,\\\"title\\\":\\\"Match Case\\\"},\\\"wholeWordState\\\":{\\\"className\\\":\\\"codicon codicon-whole-word\\\",\\\"enabled\\\":false,\\\"title\\\":\\\"Match Whole Word\\\"},\\\"regExpState\\\":{\\\"className\\\":\\\"codicon codicon-regex\\\",\\\"enabled\\\":false,\\\"title\\\":\\\"Use Regular Expression\\\"},\\\"includeIgnoredState\\\":{\\\"className\\\":\\\"codicon codicon-eye\\\",\\\"enabled\\\":false,\\\"title\\\":\\\"Include Ignored Files\\\"},\\\"showSearchDetails\\\":false,\\\"searchInWorkspaceOptions\\\":{\\\"matchCase\\\":false,\\\"matchWholeWord\\\":false,\\\"useRegExp\\\":false,\\\"multiline\\\":false,\\\"includeIgnored\\\":false,\\\"include\\\":[],\\\"exclude\\\":[],\\\"maxResults\\\":2000},\\\"searchTerm\\\":\\\"\\\",\\\"replaceTerm\\\":\\\"\\\",\\\"showReplaceField\\\":false,\\\"searchHistoryState\\\":{\\\"history\\\":[],\\\"index\\\":0},\\\"replaceHistoryState\\\":{\\\"history\\\":[],\\\"index\\\":0},\\\"includeHistoryState\\\":{\\\"history\\\":[],\\\"index\\\":0},\\\"excludeHistoryState\\\":{\\\"history\\\":[],\\\"index\\\":0}}\"}}],\"title\":{\"label\":\"Search\",\"iconClass\":\"fa fa-arduino-search\",\"closeable\":true}}"},"rank":5,"expanded":false,"pinned":false}]},"rightPanel":{"type":"sidepanel","items":[]},"activeWidgetId":"serial-monitor"}
2025-09-01 18:33:19 2025-09-02T01:33:19.418Z root INFO ------- END SERIALIZED LAYOUT DATA -------
2025-09-01 18:33:19 2025-09-02T01:33:19.426Z root INFO [hosted-plugin: 34637] PLUGIN_HOST(34637) starting instance
[Object: null prototype] {}
2025-09-01 18:33:20 2025-09-02T01:33:20.196Z root INFO [1d1a7428-6d8a-45e3-acc5-6a816460843b] Sync of 23 plugins: 1440.1 ms [Finished 3.867 s after frontend start]
2025-09-01 18:33:20 2025-09-02T01:33:20.677Z root INFO <<< The layout has been successfully restored.
2025-09-01 18:33:20 2025-09-02T01:33:20.800Z root INFO Initialize the workbench layout: 1990.7 ms [Finished 4.348 s after frontend start]
2025-09-01 18:33:20 2025-09-02T01:33:20.802Z root INFO Changed application state from 'attached_shell' to 'initialized_layout'.
2025-09-01 18:33:20 2025-09-02T01:33:20.802Z root INFO [1d1a7428-6d8a-45e3-acc5-6a816460843b] Loading plugin contributions
2025-09-01 18:33:20 2025-09-02T01:33:20.802Z root INFO [1d1a7428-6d8a-45e3-acc5-6a816460843b] Load contributions of 23 plugins: 119.3 ms [Finished 4.469 s after frontend start]
2025-09-01 18:33:20 2025-09-02T01:33:20.853Z root WARN 'cpp' language is remapped from 'source.cpp.embedded.macro' to 'source.cpp' scope
2025-09-01 18:33:20 2025-09-02T01:33:20.853Z root WARN a registered grammar configuration for 'cpp' language is overridden
2025-09-01 18:33:21 2025-09-02T01:33:21.262Z root ERROR [hosted-plugin: 34637] Conflict in settings file Default: Ignoring cortex-debug.armToolchainPath.linux as cortex-debug.armToolchainPath is null
2025-09-01 18:33:21 2025-09-02T01:33:21.262Z root ERROR [hosted-plugin: 34637] Conflict in settings file Default: Ignoring cortex-debug.armToolchainPath.osx as cortex-debug.armToolchainPath is null
Conflict in settings file Default: Ignoring cortex-debug.armToolchainPath.windows as cortex-debug.armToolchainPath is null
Conflict in settings file Default: Ignoring cortex-debug.JLinkGDBServerPath.linux as cortex-debug.JLinkGDBServerPath is null
Conflict in settings file Default: Ignoring cortex-debug.JLinkGDBServerPath.osx as cortex-debug.JLinkGDBServerPath is null
Conflict in settings file Default: Ignoring cortex-debug.JLinkGDBServerPath.windows as cortex-debug.JLinkGDBServerPath is null
Conflict in settings file Default: Ignoring cortex-debug.openocdPath.linux as cortex-debug.openocdPath is null
Conflict in settings file Default: Ignoring cortex-debug.openocdPath.osx as cortex-debug.openocdPath is null
Conflict in settings file Default: Ignoring cortex-debug.openocdPath.windows as cortex-debug.openocdPath is null
2025-09-01 18:33:21 2025-09-02T01:33:21.262Z root ERROR [hosted-plugin: 34637] Conflict in settings file Default: Ignoring cortex-debug.pyocdPath.linux as cortex-debug.pyocdPath is null
Conflict in settings file Default: Ignoring cortex-debug.pyocdPath.osx as cortex-debug.pyocdPath is null
Conflict in settings file Default: Ignoring cortex-debug.pyocdPath.windows as cortex-debug.pyocdPath is null
Conflict in settings file Default: Ignoring cortex-debug.PEGDBServerPath.linux as cortex-debug.PEGDBServerPath is null
Conflict in settings file Default: Ignoring cortex-debug.PEGDBServerPath.osx as cortex-debug.PEGDBServerPath is null
Conflict in settings file Default: Ignoring cortex-debug.PEGDBServerPath.windows as cortex-debug.PEGDBServerPath is null
Conflict in settings file Default: Ignoring cortex-debug.stutilPath.linux as cortex-debug.stutilPath is null
Conflict in settings file Default: Ignoring cortex-debug.stutilPath.osx as cortex-debug.stutilPath is null
Conflict in settings file Default: Ignoring cortex-debug.stutilPath.windows as cortex-debug.stutilPath is null
Conflict in settings file Default: Ignoring cortex-debug.stlinkPath.linux as cortex-debug.stlinkPath is null
2025-09-01 18:33:21 2025-09-02T01:33:21.263Z root ERROR [hosted-plugin: 34637] Conflict in settings file Default: Ignoring cortex-debug.stlinkPath.osx as cortex-debug.stlinkPath is null
Conflict in settings file Default: Ignoring cortex-debug.stlinkPath.windows as cortex-debug.stlinkPath is null
Conflict in settings file Default: Ignoring cortex-debug.stm32cubeprogrammer.linux as cortex-debug.stm32cubeprogrammer is null
Conflict in settings file Default: Ignoring cortex-debug.stm32cubeprogrammer.osx as cortex-debug.stm32cubeprogrammer is null
Conflict in settings file Default: Ignoring cortex-debug.stm32cubeprogrammer.windows as cortex-debug.stm32cubeprogrammer is null
2025-09-01 18:33:21 2025-09-02T01:33:21.293Z root INFO [hosted-plugin: 34637] PLUGIN_HOST(34637): PluginManagerExtImpl/init()
2025-09-01 18:33:21 2025-09-02T01:33:21.296Z root INFO [hosted-plugin: 34637] PLUGIN_HOST(34637): initializing(vscode-arduino-api@0.1.2 with /nix/store/2d5i1bzbqbnl4rgnhk8czrw5zmqqjdzv-arduino-ide-2.3.6-extracted/resources/app/lib/backend/plugin-vscode-init)
2025-09-01 18:33:21 2025-09-02T01:33:21.382Z root INFO [hosted-plugin: 34637] PLUGIN_HOST(34637): initializing(json-language-features@1.88.1 with /nix/store/2d5i1bzbqbnl4rgnhk8czrw5zmqqjdzv-arduino-ide-2.3.6-extracted/resources/app/lib/backend/plugin-vscode-init)
2025-09-01 18:33:21 2025-09-02T01:33:21.387Z root INFO [hosted-plugin: 34637] PLUGIN_HOST(34637): initializing(cortex-debug@1.5.1 with /nix/store/2d5i1bzbqbnl4rgnhk8czrw5zmqqjdzv-arduino-ide-2.3.6-extracted/resources/app/lib/backend/plugin-vscode-init)
2025-09-01 18:33:21 2025-09-02T01:33:21.388Z root INFO [hosted-plugin: 34637] Debugger contribution has been registered: cortex-debug
2025-09-01 18:33:21 2025-09-02T01:33:21.390Z root INFO [hosted-plugin: 34637] PLUGIN_HOST(34637): initializing(vscode-arduino-tools@0.1.3 with /nix/store/2d5i1bzbqbnl4rgnhk8czrw5zmqqjdzv-arduino-ide-2.3.6-extracted/resources/app/lib/backend/plugin-vscode-init)
2025-09-01 18:33:21 2025-09-02T01:33:21.392Z root INFO [hosted-plugin: 34637] PLUGIN_HOST(34637): initializing(cpp@1.88.1 with /nix/store/2d5i1bzbqbnl4rgnhk8czrw5zmqqjdzv-arduino-ide-2.3.6-extracted/resources/app/lib/backend/plugin-vscode-init)
2025-09-01 18:33:21 2025-09-02T01:33:21.394Z root INFO [hosted-plugin: 34637] PLUGIN_HOST(34637): initializing(json@1.88.1 with /nix/store/2d5i1bzbqbnl4rgnhk8czrw5zmqqjdzv-arduino-ide-2.3.6-extracted/resources/app/lib/backend/plugin-vscode-init)
2025-09-01 18:33:21 2025-09-02T01:33:21.396Z root INFO [hosted-plugin: 34637] PLUGIN_HOST(34637): initializing(vscode-language-pack-bg@1.48.3 with /nix/store/2d5i1bzbqbnl4rgnhk8czrw5zmqqjdzv-arduino-ide-2.3.6-extracted/resources/app/lib/backend/plugin-vscode-init)
2025-09-01 18:33:21 2025-09-02T01:33:21.400Z root INFO [hosted-plugin: 34637] PLUGIN_HOST(34637): initializing(vscode-language-pack-cs@1.96.0 with /nix/store/2d5i1bzbqbnl4rgnhk8czrw5zmqqjdzv-arduino-ide-2.3.6-extracted/resources/app/lib/backend/plugin-vscode-init)
2025-09-01 18:33:21 2025-09-02T01:33:21.401Z root INFO [hosted-plugin: 34637] PLUGIN_HOST(34637): initializing(vscode-language-pack-de@1.96.0 with /nix/store/2d5i1bzbqbnl4rgnhk8czrw5zmqqjdzv-arduino-ide-2.3.6-extracted/resources/app/lib/backend/plugin-vscode-init)
2025-09-01 18:33:21 2025-09-02T01:33:21.402Z root INFO [hosted-plugin: 34637] PLUGIN_HOST(34637): initializing(vscode-language-pack-es@1.96.0 with /nix/store/2d5i1bzbqbnl4rgnhk8czrw5zmqqjdzv-arduino-ide-2.3.6-extracted/resources/app/lib/backend/plugin-vscode-init)
2025-09-01 18:33:21 2025-09-02T01:33:21.403Z root INFO [hosted-plugin: 34637] PLUGIN_HOST(34637): initializing(vscode-language-pack-fr@1.96.0 with /nix/store/2d5i1bzbqbnl4rgnhk8czrw5zmqqjdzv-arduino-ide-2.3.6-extracted/resources/app/lib/backend/plugin-vscode-init)
2025-09-01 18:33:21 2025-09-02T01:33:21.404Z root INFO [hosted-plugin: 34637] PLUGIN_HOST(34637): initializing(vscode-language-pack-hu@1.48.3 with /nix/store/2d5i1bzbqbnl4rgnhk8czrw5zmqqjdzv-arduino-ide-2.3.6-extracted/resources/app/lib/backend/plugin-vscode-init)
2025-09-01 18:33:21 2025-09-02T01:33:21.404Z root INFO [hosted-plugin: 34637] PLUGIN_HOST(34637): initializing(vscode-language-pack-it@1.96.0 with /nix/store/2d5i1bzbqbnl4rgnhk8czrw5zmqqjdzv-arduino-ide-2.3.6-extracted/resources/app/lib/backend/plugin-vscode-init)
2025-09-01 18:33:21 2025-09-02T01:33:21.404Z root INFO [hosted-plugin: 34637] PLUGIN_HOST(34637): initializing(vscode-language-pack-ja@1.96.0 with /nix/store/2d5i1bzbqbnl4rgnhk8czrw5zmqqjdzv-arduino-ide-2.3.6-extracted/resources/app/lib/backend/plugin-vscode-init)
2025-09-01 18:33:21 2025-09-02T01:33:21.405Z root INFO [hosted-plugin: 34637] PLUGIN_HOST(34637): initializing(vscode-language-pack-ko@1.96.0 with /nix/store/2d5i1bzbqbnl4rgnhk8czrw5zmqqjdzv-arduino-ide-2.3.6-extracted/resources/app/lib/backend/plugin-vscode-init)
2025-09-01 18:33:21 2025-09-02T01:33:21.405Z root INFO [hosted-plugin: 34637] PLUGIN_HOST(34637): initializing(vscode-language-pack-nl@1.48.3 with /nix/store/2d5i1bzbqbnl4rgnhk8czrw5zmqqjdzv-arduino-ide-2.3.6-extracted/resources/app/lib/backend/plugin-vscode-init)
2025-09-01 18:33:21 2025-09-02T01:33:21.406Z root INFO [hosted-plugin: 34637] PLUGIN_HOST(34637): initializing(vscode-language-pack-pl@1.96.0 with /nix/store/2d5i1bzbqbnl4rgnhk8czrw5zmqqjdzv-arduino-ide-2.3.6-extracted/resources/app/lib/backend/plugin-vscode-init)
2025-09-01 18:33:21 2025-09-02T01:33:21.406Z root INFO [hosted-plugin: 34637] PLUGIN_HOST(34637): initializing(vscode-language-pack-pt-BR@1.96.0 with /nix/store/2d5i1bzbqbnl4rgnhk8czrw5zmqqjdzv-arduino-ide-2.3.6-extracted/resources/app/lib/backend/plugin-vscode-init)
2025-09-01 18:33:21 2025-09-02T01:33:21.406Z root INFO [hosted-plugin: 34637] PLUGIN_HOST(34637): initializing(vscode-language-pack-ru@1.96.0 with /nix/store/2d5i1bzbqbnl4rgnhk8czrw5zmqqjdzv-arduino-ide-2.3.6-extracted/resources/app/lib/backend/plugin-vscode-init)
2025-09-01 18:33:21 2025-09-02T01:33:21.407Z root INFO [hosted-plugin: 34637] PLUGIN_HOST(34637): initializing(vscode-language-pack-tr@1.96.0 with /nix/store/2d5i1bzbqbnl4rgnhk8czrw5zmqqjdzv-arduino-ide-2.3.6-extracted/resources/app/lib/backend/plugin-vscode-init)
2025-09-01 18:33:21 2025-09-02T01:33:21.407Z root INFO [hosted-plugin: 34637] PLUGIN_HOST(34637): initializing(vscode-language-pack-uk@1.48.3 with /nix/store/2d5i1bzbqbnl4rgnhk8czrw5zmqqjdzv-arduino-ide-2.3.6-extracted/resources/app/lib/backend/plugin-vscode-init)
2025-09-01 18:33:21 2025-09-02T01:33:21.407Z root INFO [hosted-plugin: 34637] PLUGIN_HOST(34637): initializing(vscode-language-pack-zh-hans@1.96.0 with /nix/store/2d5i1bzbqbnl4rgnhk8czrw5zmqqjdzv-arduino-ide-2.3.6-extracted/resources/app/lib/backend/plugin-vscode-init)
2025-09-01 18:33:21 2025-09-02T01:33:21.408Z root INFO [hosted-plugin: 34637] PLUGIN_HOST(34637): initializing(vscode-language-pack-zh-hant@1.96.0 with /nix/store/2d5i1bzbqbnl4rgnhk8czrw5zmqqjdzv-arduino-ide-2.3.6-extracted/resources/app/lib/backend/plugin-vscode-init)
2025-09-01 18:33:21 2025-09-02T01:33:21.421Z root INFO [hosted-plugin: 34637] PLUGIN_HOST(34637): PluginManagerExtImpl/loadPlugin(/nix/store/2d5i1bzbqbnl4rgnhk8czrw5zmqqjdzv-arduino-ide-2.3.6-extracted/resources/app/plugins/vscode-builtin-json-language-features/extension/client/dist/node/jsonClientMain)
2025-09-01 18:33:21 2025-09-02T01:33:21.484Z root INFO [hosted-plugin: 34637] PLUGIN_HOST(34637): PluginManagerExtImpl/loadPlugin(/nix/store/2d5i1bzbqbnl4rgnhk8czrw5zmqqjdzv-arduino-ide-2.3.6-extracted/resources/app/plugins/vscode-arduino-tools/extension/dist/extension.js)
2025-09-01 18:33:21 2025-09-02T01:33:21.514Z root INFO [hosted-plugin: 34637] PLUGIN_HOST(34637): PluginManagerExtImpl/loadPlugin(/nix/store/2d5i1bzbqbnl4rgnhk8czrw5zmqqjdzv-arduino-ide-2.3.6-extracted/resources/app/plugins/vscode-arduino-api/extension/dist/extension.js)
2025-09-01 18:33:21 2025-09-02T01:33:21.518Z root INFO [hosted-plugin: 34637] calling activation function on VS Code Arduino Tools
calling activation function on Arduino IDE API for VS Code extensions
2025-09-01 18:33:21 2025-09-02T01:33:21.522Z root INFO [1d1a7428-6d8a-45e3-acc5-6a816460843b] Starting plugins.
2025-09-01 18:33:21 2025-09-02T01:33:21.564Z root INFO [hosted-plugin: 34637] PLUGIN_HOST(34637): PluginManagerExtImpl/loadPlugin(/nix/store/2d5i1bzbqbnl4rgnhk8czrw5zmqqjdzv-arduino-ide-2.3.6-extracted/resources/app/plugins/cortex-debug/extension/dist/extension.js)
2025-09-01 18:33:21 2025-09-02T01:33:21.603Z root INFO [hosted-plugin: 34637] Debug configuration provider has been registered: cortex-debug, trigger: 1
2025-09-01 18:33:21 2025-09-02T01:33:21.603Z root INFO [hosted-plugin: 34637] calling activation function on Cortex-Debug
2025-09-01 18:33:21 2025-09-02T01:33:21.606Z root INFO [hosted-plugin: 34637] GDB server console created
2025-09-01 18:33:21 2025-09-02T01:33:21.637Z root INFO [1d1a7428-6d8a-45e3-acc5-6a816460843b] Start of 23 plugins: 834.1 ms [Finished 5.307 s after frontend start]
2025-09-01 18:33:21 2025-09-02T01:33:21.795Z root INFO [hosted-plugin: 34637] calling activation function on JSON Language Features (built-in)
2025-09-01 18:33:21 2025-09-02T01:33:21.894Z root INFO Frontend application start: 3384.4 ms [Finished 6.307 s after backend start]
2025-09-01 18:33:21 2025-09-02T01:33:21.928Z root INFO Replace loading indicator with ready workbench UI (animation): 845.7 ms [Finished 5.318 s after frontend start]
2025-09-01 18:33:21 Checking for update
2025-09-01 18:33:21 2025-09-02T01:33:21.932Z root INFO Changed application state from 'initialized_layout' to 'ready'.
2025-09-01 18:33:21 2025-09-02T01:33:21.932Z root WARN Linked preference "workbench.colorCustomizations" not found.
2025-09-01 18:33:22 2025-09-02T01:33:22.026Z daemon INFO time="2025-09-01T18:33:22-07:00" level=info msg="Updating index" url="https://downloads.arduino.cc/packages/package_index.tar.bz2"
time="2025-09-01T18:33:22-07:00" level=info msg="Starting download" url="https://downloads.arduino.cc/libraries/library_index.tar.bz2"
time="2025-09-01T18:33:22-07:00" level=info msg="Starting download" url="https://downloads.arduino.cc/packages/package_index.tar.bz2"
2025-09-01 18:33:22 2025-09-02T01:33:22.028Z root INFO core-client-provider [library-index] Downloading index: library_index.tar.bz2

2025-09-01 18:33:22 2025-09-02T01:33:22.029Z root INFO core-client-provider [platform-index] Downloading index: package_index.tar.bz2

2025-09-01 18:33:22 2025-09-02T01:33:22.183Z daemon INFO time="2025-09-01T18:33:22-07:00" level=info msg="Tool required for debug" tool="arduino:dfu-util@0.11.0-arduino5"
time="2025-09-01T18:33:22-07:00" level=info msg="Tool required for debug" tool="esp32:esp-rv32@2411"
time="2025-09-01T18:33:22-07:00" level=info msg="Tool required for debug" tool="esp32:esp-x32@2411"
time="2025-09-01T18:33:22-07:00" level=info msg="Tool required for debug" tool="esp32:esp32-arduino-libs@idf-release_v5.5-b66b5448-v1"
2025-09-01 18:33:22 2025-09-02T01:33:22.183Z daemon INFO time="2025-09-01T18:33:22-07:00" level=info msg="Tool required for debug" tool="esp32:esptool_py@5.0.0"
time="2025-09-01T18:33:22-07:00" level=info msg="Tool required for debug" tool="esp32:mklittlefs@3.0.0-gnu12-dc7f933"
time="2025-09-01T18:33:22-07:00" level=info msg="Tool required for debug" tool="esp32:mkspiffs@0.2.3"
time="2025-09-01T18:33:22-07:00" level=info msg="Tool required for debug" tool="esp32:openocd-esp32@v0.12.0-esp32-20250422"
time="2025-09-01T18:33:22-07:00" level=info msg="Tool required for debug" tool="esp32:riscv32-esp-elf-gdb@16.2_20250324"
2025-09-01 18:33:22 2025-09-02T01:33:22.183Z daemon INFO time="2025-09-01T18:33:22-07:00" level=info msg="Tool required for debug" tool="esp32:xtensa-esp-elf-gdb@16.2_20250324"
time="2025-09-01T18:33:22-07:00" level=info msg="Tool required for debug" tool="arduino:bossac@1.9.1-arduino5"
time="2025-09-01T18:33:22-07:00" level=info msg="Tool required for debug" tool="arduino:arm-none-eabi-gcc@7-2017q4"
time="2025-09-01T18:33:22-07:00" level=info msg="Tool required for debug" tool="arduino:avrdude@6.3.0-arduino17"
time="2025-09-01T18:33:22-07:00" level=info msg="Tool required for debug" tool="arduino:avr-gcc@7.3.0-atmel3.6.1-arduino7"
time="2025-09-01T18:33:22-07:00" level=info msg="Tool required for debug" tool="arduino:arduinoOTA@1.3.0"
time="2025-09-01T18:33:22-07:00" level=info msg="Tool required for debug" tool="builtin:serial-monitor@0.15.0"
time="2025-09-01T18:33:22-07:00" level=info msg="Tool required for debug" tool="builtin:ctags@5.8-arduino11"
time="2025-09-01T18:33:22-07:00" level=info msg="Tool required for debug" tool="builtin:serial-discovery@1.4.1"
2025-09-01 18:33:22 2025-09-02T01:33:22.183Z daemon INFO time="2025-09-01T18:33:22-07:00" level=info msg="Tool required for debug" tool="arduino:openocd@0.11.0-arduino2"
time="2025-09-01T18:33:22-07:00" level=info msg="Tool required for debug" tool="builtin:dfu-discovery@0.1.2"
2025-09-01 18:33:22 2025-09-02T01:33:22.183Z daemon INFO time="2025-09-01T18:33:22-07:00" level=info msg="Tool required for debug" tool="builtin:mdns-discovery@1.0.9"
2025-09-01 18:33:22 2025-09-02T01:33:22.185Z root INFO Starting language server: esp32:esp32:sparkfun_esp32s3_thing_plus:UploadSpeed=921600,USBMode=default,CDCOnBoot=default,MSCOnBoot=default,DFUOnBoot=default,UploadMode=default,CPUFreq=240,FlashMode=qio,PartitionScheme=default,DebugLevel=none,PSRAM=enabled,LoopCore=1,EventsCore=1,EraseFlash=none,JTAGAdapter=default,ZigbeeMode=default
2025-09-01 18:33:22 2025-09-02T01:33:22.190Z daemon INFO time="2025-09-01T18:33:22-07:00" level=info msg="Tool required for debug" tool="arduino:dfu-util@0.11.0-arduino5"
time="2025-09-01T18:33:22-07:00" level=info msg="Tool required for debug" tool="esp32:esp-rv32@2411"
2025-09-01 18:33:22 2025-09-02T01:33:22.190Z daemon INFO time="2025-09-01T18:33:22-07:00" level=info msg="Tool required for debug" tool="esp32:esp-x32@2411"
time="2025-09-01T18:33:22-07:00" level=info msg="Tool required for debug" tool="esp32:esp32-arduino-libs@idf-release_v5.5-b66b5448-v1"
time="2025-09-01T18:33:22-07:00" level=info msg="Tool required for debug" tool="esp32:esptool_py@5.0.0"
2025-09-01 18:33:22 2025-09-02T01:33:22.190Z daemon INFO time="2025-09-01T18:33:22-07:00" level=info msg="Tool required for debug" tool="esp32:mklittlefs@3.0.0-gnu12-dc7f933"
time="2025-09-01T18:33:22-07:00" level=info msg="Tool required for debug" tool="esp32:mkspiffs@0.2.3"
time="2025-09-01T18:33:22-07:00" level=info msg="Tool required for debug" tool="esp32:openocd-esp32@v0.12.0-esp32-20250422"
time="2025-09-01T18:33:22-07:00" level=info msg="Tool required for debug" tool="esp32:riscv32-esp-elf-gdb@16.2_20250324"
time="2025-09-01T18:33:22-07:00" level=info msg="Tool required for debug" tool="esp32:xtensa-esp-elf-gdb@16.2_20250324"
time="2025-09-01T18:33:22-07:00" level=info msg="Tool required for debug" tool="arduino:arduinoOTA@1.3.0"
time="2025-09-01T18:33:22-07:00" level=info msg="Tool required for debug" tool="arduino:arm-none-eabi-gcc@7-2017q4"
time="2025-09-01T18:33:22-07:00" level=info msg="Tool required for debug" tool="arduino:avrdude@6.3.0-arduino17"
time="2025-09-01T18:33:22-07:00" level=info msg="Tool required for debug" tool="builtin:dfu-discovery@0.1.2"
time="2025-09-01T18:33:22-07:00" level=info msg="Tool required for debug" tool="builtin:mdns-discovery@1.0.9"
2025-09-01 18:33:22 2025-09-02T01:33:22.190Z daemon INFO time="2025-09-01T18:33:22-07:00" level=info msg="Tool required for debug" tool="arduino:openocd@0.11.0-arduino2"
time="2025-09-01T18:33:22-07:00" level=info msg="Tool required for debug" tool="builtin:serial-monitor@0.15.0"
time="2025-09-01T18:33:22-07:00" level=info msg="Tool required for debug" tool="arduino:avr-gcc@7.3.0-atmel3.6.1-arduino7"
2025-09-01 18:33:22 2025-09-02T01:33:22.604Z daemon INFO time="2025-09-01T18:33:22-07:00" level=info msg="Tool required for debug" tool="arduino:bossac@1.9.1-arduino5"
time="2025-09-01T18:33:22-07:00" level=info msg="Tool required for debug" tool="builtin:ctags@5.8-arduino11"
time="2025-09-01T18:33:22-07:00" level=info msg="Tool required for debug" tool="builtin:serial-discovery@1.4.1"
time="2025-09-01T18:33:22-07:00" level=info msg="Tool required for debug" tool="arduino:dfu-util@0.11.0-arduino5"
time="2025-09-01T18:33:22-07:00" level=info msg="Tool required for debug" tool="esp32:esp-rv32@2411"
time="2025-09-01T18:33:22-07:00" level=info msg="Tool required for debug" tool="esp32:esp-x32@2411"
time="2025-09-01T18:33:22-07:00" level=info msg="Tool required for debug" tool="esp32:esp32-arduino-libs@idf-release_v5.5-b66b5448-v1"
time="2025-09-01T18:33:22-07:00" level=info msg="Tool required for debug" tool="esp32:esptool_py@5.0.0"
time="2025-09-01T18:33:22-07:00" level=info msg="Tool required for debug" tool="esp32:mklittlefs@3.0.0-gnu12-dc7f933"
time="2025-09-01T18:33:22-07:00" level=info msg="Tool required for debug" tool="esp32:mkspiffs@0.2.3"
time="2025-09-01T18:33:22-07:00" level=info msg="Tool required for debug" tool="esp32:openocd-esp32@v0.12.0-esp32-20250422"
time="2025-09-01T18:33:22-07:00" level=info msg="Tool required for debug" tool="esp32:riscv32-esp-elf-gdb@16.2_20250324"
time="2025-09-01T18:33:22-07:00" level=info msg="Tool required for debug" tool="esp32:xtensa-esp-elf-gdb@16.2_20250324"
time="2025-09-01T18:33:22-07:00" level=info msg="Tool required for debug" tool="builtin:dfu-discovery@0.1.2"
time="2025-09-01T18:33:22-07:00" level=info msg="Tool required for debug" tool="arduino:arm-none-eabi-gcc@7-2017q4"
time="2025-09-01T18:33:22-07:00" level=info msg="Tool required for debug" tool="builtin:ctags@5.8-arduino11"
time="2025-09-01T18:33:22-07:00" level=info msg="Tool required for debug" tool="arduino:openocd@0.11.0-arduino2"
time="2025-09-01T18:33:22-07:00" level=info msg="Tool required for debug" tool="builtin:serial-discovery@1.4.1"
time="2025-09-01T18:33:22-07:00" level=info msg="Tool required for debug" tool="arduino:arduinoOTA@1.3.0"
time="2025-09-01T18:33:22-07:00" level=info msg="Tool required for debug" tool="arduino:avrdude@6.3.0-arduino17"
time="2025-09-01T18:33:22-07:00" level=info msg="Tool required for debug" tool="builtin:mdns-discovery@1.0.9"
time="2025-09-01T18:33:22-07:00" level=info msg="Tool required for debug" tool="arduino:avr-gcc@7.3.0-atmel3.6.1-arduino7"
time="2025-09-01T18:33:22-07:00" level=info msg="Tool required for debug" tool="arduino:bossac@1.9.1-arduino5"
time="2025-09-01T18:33:22-07:00" level=info msg="Tool required for debug" tool="builtin:serial-monitor@0.15.0"
time="2025-09-01T18:33:22-07:00" level=info msg="Tool required for debug" tool="arduino:dfu-util@0.11.0-arduino5"
time="2025-09-01T18:33:22-07:00" level=info msg="Tool required for debug" tool="esp32:esp-rv32@2411"
time="2025-09-01T18:33:22-07:00" level=info msg="Tool required for debug" tool="esp32:esp-x32@2411"
time="2025-09-01T18:33:22-07:00" level=info msg="Tool required for debug" tool="esp32:esp32-arduino-libs@idf-release_v5.5-b66b5448-v1"
time="2025-09-01T18:33:22-07:00" level=info msg="Tool required for debug" tool="esp32:esptool_py@5.0.0"
time="2025-09-01T18:33:22-07:00" level=info msg="Tool required for debug" tool="esp32:mklittlefs@3.0.0-gnu12-dc7f933"
time="2025-09-01T18:33:22-07:00" level=info msg="Tool required for debug" tool="esp32:mkspiffs@0.2.3"
time="2025-09-01T18:33:22-07:00" level=info msg="Tool required for debug" tool="esp32:openocd-esp32@v0.12.0-esp32-20250422"
time="2025-09-01T18:33:22-07:00" level=info msg="Tool required for debug" tool="esp32:riscv32-esp-elf-gdb@16.2_20250324"
time="2025-09-01T18:33:22-07:00" level=info msg="Tool required for debug" tool="esp32:xtensa-esp-elf-gdb@16.2_20250324"
time="2025-09-01T18:33:22-07:00" level=info msg="Tool required for debug" tool="builtin:mdns-discovery@1.0.9"
time="2025-09-01T18:33:22-07:00" level=info msg="Tool required for debug" tool="arduino:avrdude@6.3.0-arduino17"
time="2025-09-01T18:33:22-07:00" level=info msg="Tool required for debug" tool="arduino:bossac@1.9.1-arduino5"
time="2025-09-01T18:33:22-07:00" level=info msg="Tool required for debug" tool="builtin:serial-discovery@1.4.1"
time="2025-09-01T18:33:22-07:00" level=info msg="Tool required for debug" tool="builtin:serial-monitor@0.15.0"
time="2025-09-01T18:33:22-07:00" level=info msg="Tool required for debug" tool="arduino:openocd@0.11.0-arduino2"
time="2025-09-01T18:33:22-07:00" level=info msg="Tool required for debug" tool="arduino:arduinoOTA@1.3.0"
time="2025-09-01T18:33:22-07:00" level=info msg="Tool required for debug" tool="arduino:avr-gcc@7.3.0-atmel3.6.1-arduino7"
time="2025-09-01T18:33:22-07:00" level=info msg="Tool required for debug" tool="builtin:ctags@5.8-arduino11"
time="2025-09-01T18:33:22-07:00" level=info msg="Tool required for debug" tool="builtin:dfu-discovery@0.1.2"
time="2025-09-01T18:33:22-07:00" level=info msg="Tool required for debug" tool="arduino:arm-none-eabi-gcc@7-2017q4"
time="2025-09-01T18:33:22-07:00" level=info msg="Tool required for debug" tool="arduino:dfu-util@0.11.0-arduino5"
time="2025-09-01T18:33:22-07:00" level=info msg="Tool required for debug" tool="esp32:esp-rv32@2411"
time="2025-09-01T18:33:22-07:00" level=info msg="Tool required for debug" tool="esp32:esp-x32@2411"
time="2025-09-01T18:33:22-07:00" level=info msg="Tool required for debug" tool="esp32:esp32-arduino-libs@idf-release_v5.5-b66b5448-v1"
time="2025-09-01T18:33:22-07:00" level=info msg="Tool required for debug" tool="esp32:esptool_py@5.0.0"
time="2025-09-01T18:33:22-07:00" level=info msg="Tool required for debug" tool="esp32:mklittlefs@3.0.0-gnu12-dc7f933"
time="2025-09-01T18:33:22-07:00" level=info msg="Tool required for debug" tool="esp32:mkspiffs@0.2.3"
time="2025-09-01T18:33:22-07:00" level=info msg="Tool required for debug" tool="esp32:openocd-esp32@v0.12.0-esp32-20250422"
time="2025-09-01T18:33:22-07:00" level=info msg="Tool required for debug" tool="esp32:riscv32-esp-elf-gdb@16.2_20250324"
time="2025-09-01T18:33:22-07:00" level=info msg="Tool required for debug" tool="esp32:xtensa-esp-elf-gdb@16.2_20250324"
time="2025-09-01T18:33:22-07:00" level=info msg="Tool required for debug" tool="arduino:bossac@1.9.1-arduino5"
time="2025-09-01T18:33:22-07:00" level=info msg="Tool required for debug" tool="arduino:openocd@0.11.0-arduino2"
time="2025-09-01T18:33:22-07:00" level=info msg="Tool required for debug" tool="arduino:arm-none-eabi-gcc@7-2017q4"
time="2025-09-01T18:33:22-07:00" level=info msg="Tool required for debug" tool="builtin:dfu-discovery@0.1.2"
time="2025-09-01T18:33:22-07:00" level=info msg="Tool required for debug" tool="arduino:avr-gcc@7.3.0-atmel3.6.1-arduino7"
time="2025-09-01T18:33:22-07:00" level=info msg="Tool required for debug" tool="arduino:avrdude@6.3.0-arduino17"
time="2025-09-01T18:33:22-07:00" level=info msg="Tool required for debug" tool="builtin:serial-monitor@0.15.0"
time="2025-09-01T18:33:22-07:00" level=info msg="Tool required for debug" tool="builtin:ctags@5.8-arduino11"
time="2025-09-01T18:33:22-07:00" level=info msg="Tool required for debug" tool="arduino:arduinoOTA@1.3.0"
time="2025-09-01T18:33:22-07:00" level=info msg="Tool required for debug" tool="builtin:mdns-discovery@1.0.9"
time="2025-09-01T18:33:22-07:00" level=info msg="Tool required for debug" tool="builtin:serial-discovery@1.4.1"
time="2025-09-01T18:33:22-07:00" level=info msg="Tool required for debug" tool="arduino:dfu-util@0.11.0-arduino5"
time="2025-09-01T18:33:22-07:00" level=info msg="Tool required for debug" tool="esp32:esp-rv32@2411"
time="2025-09-01T18:33:22-07:00" level=info msg="Tool required for debug" tool="esp32:esp-x32@2411"
time="2025-09-01T18:33:22-07:00" level=info msg="Tool required for debug" tool="esp32:esp32-arduino-libs@idf-release_v5.5-b66b5448-v1"
time="2025-09-01T18:33:22-07:00" level=info msg="Tool required for debug" tool="esp32:esptool_py@5.0.0"
time="2025-09-01T18:33:22-07:00" level=info msg="Tool required for debug" tool="esp32:mklittlefs@3.0.0-gnu12-dc7f933"
time="2025-09-01T18:33:22-07:00" level=info msg="Tool required for debug" tool="esp32:mkspiffs@0.2.3"
time="2025-09-01T18:33:22-07:00" level=info msg="Tool required for debug" tool="esp32:openocd-esp32@v0.12.0-esp32-20250422"
time="2025-09-01T18:33:22-07:00" level=info msg="Tool required for debug" tool="esp32:riscv32-esp-elf-gdb@16.2_20250324"
time="2025-09-01T18:33:22-07:00" level=info msg="Tool required for debug" tool="esp32:xtensa-esp-elf-gdb@16.2_20250324"
time="2025-09-01T18:33:22-07:00" level=info msg="Tool required for debug" tool="arduino:avr-gcc@7.3.0-atmel3.6.1-arduino7"
time="2025-09-01T18:33:22-07:00" level=info msg="Tool required for debug" tool="arduino:avrdude@6.3.0-arduino17"
time="2025-09-01T18:33:22-07:00" level=info msg="Tool required for debug" tool="arduino:arduinoOTA@1.3.0"
time="2025-09-01T18:33:22-07:00" level=info msg="Tool required for debug" tool="builtin:serial-monitor@0.15.0"
time="2025-09-01T18:33:22-07:00" level=info msg="Tool required for debug" tool="builtin:mdns-discovery@1.0.9"
time="2025-09-01T18:33:22-07:00" level=info msg="Tool required for debug" tool="arduino:openocd@0.11.0-arduino2"
time="2025-09-01T18:33:22-07:00" level=info msg="Tool required for debug" tool="builtin:ctags@5.8-arduino11"
time="2025-09-01T18:33:22-07:00" level=info msg="Tool required for debug" tool="builtin:serial-discovery@1.4.1"
time="2025-09-01T18:33:22-07:00" level=info msg="Tool required for debug" tool="arduino:bossac@1.9.1-arduino5"
time="2025-09-01T18:33:22-07:00" level=info msg="Tool required for debug" tool="builtin:dfu-discovery@0.1.2"
time="2025-09-01T18:33:22-07:00" level=info msg="Tool required for debug" tool="arduino:arm-none-eabi-gcc@7-2017q4"
time="2025-09-01T18:33:22-07:00" level=info msg="Tool required for debug" tool="arduino:dfu-util@0.11.0-arduino5"
time="2025-09-01T18:33:22-07:00" level=info msg="Tool required for debug" tool="esp32:esp-rv32@2411"
time="2025-09-01T18:33:22-07:00" level=info msg="Tool required for debug" tool="esp32:esp-x32@2411"
time="2025-09-01T18:33:22-07:00" level=info msg="Tool required for debug" tool="esp32:esp32-arduino-libs@idf-release_v5.5-b66b5448-v1"
time="2025-09-01T18:33:22-07:00" level=info msg="Tool required for debug" tool="esp32:esptool_py@5.0.0"
time="2025-09-01T18:33:22-07:00" level=info msg="Tool required for debug" tool="esp32:mklittlefs@3.0.0-gnu12-dc7f933"
time="2025-09-01T18:33:22-07:00" level=info msg="Tool required for debug" tool="esp32:mkspiffs@0.2.3"
time="2025-09-01T18:33:22-07:00" level=info msg="Tool required for debug" tool="esp32:openocd-esp32@v0.12.0-esp32-20250422"
time="2025-09-01T18:33:22-07:00" level=info msg="Tool required for debug" tool="esp32:riscv32-esp-elf-gdb@16.2_20250324"
time="2025-09-01T18:33:22-07:00" level=info msg="Tool required for debug" tool="esp32:xtensa-esp-elf-gdb@16.2_20250324"
time="2025-09-01T18:33:22-07:00" level=info msg="Tool required for debug" tool="builtin:mdns-discovery@1.0.9"
time="2025-09-01T18:33:22-07:00" level=info msg="Tool required for debug" tool="arduino:openocd@0.11.0-arduino2"
time="2025-09-01T18:33:22-07:00" level=info msg="Tool required for debug" tool="arduino:avr-gcc@7.3.0-atmel3.6.1-arduino7"
time="2025-09-01T18:33:22-07:00" level=info msg="Tool required for debug" tool="builtin:dfu-discovery@0.1.2"
time="2025-09-01T18:33:22-07:00" level=info msg="Tool required for debug" tool="builtin:ctags@5.8-arduino11"
time="2025-09-01T18:33:22-07:00" level=info msg="Tool required for debug" tool="builtin:serial-discovery@1.4.1"
time="2025-09-01T18:33:22-07:00" level=info msg="Tool required for debug" tool="builtin:serial-monitor@0.15.0"
time="2025-09-01T18:33:22-07:00" level=info msg="Tool required for debug" tool="arduino:arm-none-eabi-gcc@7-2017q4"
time="2025-09-01T18:33:22-07:00" level=info msg="Tool required for debug" tool="arduino:bossac@1.9.1-arduino5"
time="2025-09-01T18:33:22-07:00" level=info msg="Tool required for debug" tool="arduino:avrdude@6.3.0-arduino17"
time="2025-09-01T18:33:22-07:00" level=info msg="Tool required for debug" tool="arduino:arduinoOTA@1.3.0"
time="2025-09-01T18:33:22-07:00" level=info msg="Tool required for debug" tool="arduino:dfu-util@0.11.0-arduino5"
time="2025-09-01T18:33:22-07:00" level=info msg="Tool required for debug" tool="esp32:esp-rv32@2411"
time="2025-09-01T18:33:22-07:00" level=info msg="Tool required for debug" tool="esp32:esp-x32@2411"
time="2025-09-01T18:33:22-07:00" level=info msg="Tool required for debug" tool="esp32:esp32-arduino-libs@idf-release_v5.5-b66b5448-v1"
time="2025-09-01T18:33:22-07:00" level=info msg="Tool required for debug" tool="esp32:esptool_py@5.0.0"
time="2025-09-01T18:33:22-07:00" level=info msg="Tool required for debug" tool="esp32:mklittlefs@3.0.0-gnu12-dc7f933"
time="2025-09-01T18:33:22-07:00" level=info msg="Tool required for debug" tool="esp32:mkspiffs@0.2.3"
time="2025-09-01T18:33:22-07:00" level=info msg="Tool required for debug" tool="esp32:openocd-esp32@v0.12.0-esp32-20250422"
time="2025-09-01T18:33:22-07:00" level=info msg="Tool required for debug" tool="esp32:riscv32-esp-elf-gdb@16.2_20250324"
time="2025-09-01T18:33:22-07:00" level=info msg="Tool required for debug" tool="esp32:xtensa-esp-elf-gdb@16.2_20250324"
time="2025-09-01T18:33:22-07:00" level=info msg="Tool required for debug" tool="builtin:ctags@5.8-arduino11"
time="2025-09-01T18:33:22-07:00" level=info msg="Tool required for debug" tool="builtin:serial-discovery@1.4.1"
time="2025-09-01T18:33:22-07:00" level=info msg="Tool required for debug" tool="arduino:openocd@0.11.0-arduino2"
time="2025-09-01T18:33:22-07:00" level=info msg="Tool required for debug" tool="arduino:bossac@1.9.1-arduino5"
time="2025-09-01T18:33:22-07:00" level=info msg="Tool required for debug" tool="builtin:mdns-discovery@1.0.9"
time="2025-09-01T18:33:22-07:00" level=info msg="Tool required for debug" tool="arduino:avr-gcc@7.3.0-atmel3.6.1-arduino7"
time="2025-09-01T18:33:22-07:00" level=info msg="Tool required for debug" tool="builtin:dfu-discovery@0.1.2"
time="2025-09-01T18:33:22-07:00" level=info msg="Tool required for debug" tool="arduino:avrdude@6.3.0-arduino17"
time="2025-09-01T18:33:22-07:00" level=info msg="Tool required for debug" tool="builtin:serial-monitor@0.15.0"
time="2025-09-01T18:33:22-07:00" level=info msg="Tool required for debug" tool="arduino:arduinoOTA@1.3.0"
time="2025-09-01T18:33:22-07:00" level=info msg="Tool required for debug" tool="arduino:arm-none-eabi-gcc@7-2017q4"
time="2025-09-01T18:33:22-07:00" level=info msg="Tool required for debug" tool="arduino:dfu-util@0.11.0-arduino5"
time="2025-09-01T18:33:22-07:00" level=info msg="Tool required for debug" tool="esp32:esp-rv32@2411"
time="2025-09-01T18:33:22-07:00" level=info msg="Tool required for debug" tool="esp32:esp-x32@2411"
time="2025-09-01T18:33:22-07:00" level=info msg="Tool required for debug" tool="esp32:esp32-arduino-libs@idf-release_v5.5-b66b5448-v1"
time="2025-09-01T18:33:22-07:00" level=info msg="Tool required for debug" tool="esp32:esptool_py@5.0.0"
time="2025-09-01T18:33:22-07:00" level=info msg="Tool required for debug" tool="esp32:mklittlefs@3.0.0-gnu12-dc7f933"
time="2025-09-01T18:33:22-07:00" level=info msg="Tool required for debug" tool="esp32:mkspiffs@0.2.3"
time="2025-09-01T18:33:22-07:00" level=info msg="Tool required for debug" tool="esp32:openocd-esp32@v0.12.0-esp32-20250422"
time="2025-09-01T18:33:22-07:00" level=info msg="Tool required for debug" tool="esp32:riscv32-esp-elf-gdb@16.2_20250324"
time="2025-09-01T18:33:22-07:00" level=info msg="Tool required for debug" tool="esp32:xtensa-esp-elf-gdb@16.2_20250324"
time="2025-09-01T18:33:22-07:00" level=info msg="Tool required for debug" tool="builtin:serial-monitor@0.15.0"
time="2025-09-01T18:33:22-07:00" level=info msg="Tool required for debug" tool="arduino:bossac@1.9.1-arduino5"
time="2025-09-01T18:33:22-07:00" level=info msg="Tool required for debug" tool="arduino:arduinoOTA@1.3.0"
time="2025-09-01T18:33:22-07:00" level=info msg="Tool required for debug" tool="builtin:dfu-discovery@0.1.2"
time="2025-09-01T18:33:22-07:00" level=info msg="Tool required for debug" tool="builtin:serial-discovery@1.4.1"
time="2025-09-01T18:33:22-07:00" level=info msg="Tool required for debug" tool="builtin:ctags@5.8-arduino11"
time="2025-09-01T18:33:22-07:00" level=info msg="Tool required for debug" tool="arduino:arm-none-eabi-gcc@7-2017q4"
time="2025-09-01T18:33:22-07:00" level=info msg="Tool required for debug" tool="arduino:avr-gcc@7.3.0-atmel3.6.1-arduino7"
time="2025-09-01T18:33:22-07:00" level=info msg="Tool required for debug" tool="builtin:mdns-discovery@1.0.9"
time="2025-09-01T18:33:22-07:00" level=info msg="Tool required for debug" tool="arduino:avrdude@6.3.0-arduino17"
time="2025-09-01T18:33:22-07:00" level=info msg="Tool required for debug" tool="arduino:openocd@0.11.0-arduino2"
time="2025-09-01T18:33:22-07:00" level=info msg="Tool required for debug" tool="arduino:dfu-util@0.11.0-arduino5"
time="2025-09-01T18:33:22-07:00" level=info msg="Tool required for debug" tool="esp32:esp-rv32@2411"
time="2025-09-01T18:33:22-07:00" level=info msg="Tool required for debug" tool="esp32:esp-x32@2411"
time="2025-09-01T18:33:22-07:00" level=info msg="Tool required for debug" tool="esp32:esp32-arduino-libs@idf-release_v5.5-b66b5448-v1"
time="2025-09-01T18:33:22-07:00" level=info msg="Tool required for debug" tool="esp32:esptool_py@5.0.0"
time="2025-09-01T18:33:22-07:00" level=info msg="Tool required for debug" tool="esp32:mklittlefs@3.0.0-gnu12-dc7f933"
time="2025-09-01T18:33:22-07:00" level=info msg="Tool required for debug" tool="esp32:mkspiffs@0.2.3"
time="2025-09-01T18:33:22-07:00" level=info msg="Tool required for debug" tool="esp32:openocd-esp32@v0.12.0-esp32-20250422"
time="2025-09-01T18:33:22-07:00" level=info msg="Tool required for debug" tool="esp32:riscv32-esp-elf-gdb@16.2_20250324"
time="2025-09-01T18:33:22-07:00" level=info msg="Tool required for debug" tool="esp32:xtensa-esp-elf-gdb@16.2_20250324"
time="2025-09-01T18:33:22-07:00" level=info msg="Tool required for debug" tool="builtin:serial-monitor@0.15.0"
time="2025-09-01T18:33:22-07:00" level=info msg="Tool required for debug" tool="builtin:dfu-discovery@0.1.2"
time="2025-09-01T18:33:22-07:00" level=info msg="Tool required for debug" tool="arduino:bossac@1.9.1-arduino5"
time="2025-09-01T18:33:22-07:00" level=info msg="Tool required for debug" tool="arduino:avrdude@6.3.0-arduino17"
time="2025-09-01T18:33:22-07:00" level=info msg="Tool required for debug" tool="arduino:arduinoOTA@1.3.0"
time="2025-09-01T18:33:22-07:00" level=info msg="Tool required for debug" tool="arduino:arm-none-eabi-gcc@7-2017q4"
time="2025-09-01T18:33:22-07:00" level=info msg="Tool required for debug" tool="builtin:ctags@5.8-arduino11"
time="2025-09-01T18:33:22-07:00" level=info msg="Tool required for debug" tool="builtin:mdns-discovery@1.0.9"
time="2025-09-01T18:33:22-07:00" level=info msg="Tool required for debug" tool="arduino:openocd@0.11.0-arduino2"
time="2025-09-01T18:33:22-07:00" level=info msg="Tool required for debug" tool="arduino:avr-gcc@7.3.0-atmel3.6.1-arduino7"
time="2025-09-01T18:33:22-07:00" level=info msg="Tool required for debug" tool="builtin:serial-discovery@1.4.1"
time="2025-09-01T18:33:22-07:00" level=info msg="Tool required for debug" tool="arduino:dfu-util@0.11.0-arduino5"
time="2025-09-01T18:33:22-07:00" level=info msg="Tool required for debug" tool="esp32:esp-rv32@2411"
time="2025-09-01T18:33:22-07:00" level=info msg="Tool required for debug" tool="esp32:esp-x32@2411"
time="2025-09-01T18:33:22-07:00" level=info msg="Tool required for debug" tool="esp32:esp32-arduino-libs@idf-release_v5.5-b66b5448-v1"
time="2025-09-01T18:33:22-07:00" level=info msg="Tool required for debug" tool="esp32:esptool_py@5.0.0"
time="2025-09-01T18:33:22-07:00" level=info msg="Tool required for debug" tool="esp32:mklittlefs@3.0.0-gnu12-dc7f933"
time="2025-09-01T18:33:22-07:00" level=info msg="Tool required for debug" tool="esp32:mkspiffs@0.2.3"
time="2025-09-01T18:33:22-07:00" level=info msg="Tool required for debug" tool="esp32:openocd-esp32@v0.12.0-esp32-20250422"
time="2025-09-01T18:33:22-07:00" level=info msg="Tool required for debug" tool="esp32:riscv32-esp-elf-gdb@16.2_20250324"
time="2025-09-01T18:33:22-07:00" level=info msg="Tool required for debug" tool="esp32:xtensa-esp-elf-gdb@16.2_20250324"
time="2025-09-01T18:33:22-07:00" level=info msg="Tool required for debug" tool="builtin:serial-monitor@0.15.0"
time="2025-09-01T18:33:22-07:00" level=info msg="Tool required for debug" tool="builtin:ctags@5.8-arduino11"
time="2025-09-01T18:33:22-07:00" level=info msg="Tool required for debug" tool="arduino:arduinoOTA@1.3.0"
time="2025-09-01T18:33:22-07:00" level=info msg="Tool required for debug" tool="arduino:avrdude@6.3.0-arduino17"
time="2025-09-01T18:33:22-07:00" level=info msg="Tool required for debug" tool="builtin:serial-discovery@1.4.1"
time="2025-09-01T18:33:22-07:00" level=info msg="Tool required for debug" tool="arduino:avr-gcc@7.3.0-atmel3.6.1-arduino7"
time="2025-09-01T18:33:22-07:00" level=info msg="Tool required for debug" tool="arduino:bossac@1.9.1-arduino5"
time="2025-09-01T18:33:22-07:00" level=info msg="Tool required for debug" tool="builtin:dfu-discovery@0.1.2"
time="2025-09-01T18:33:22-07:00" level=info msg="Tool required for debug" tool="arduino:openocd@0.11.0-arduino2"
time="2025-09-01T18:33:22-07:00" level=info msg="Tool required for debug" tool="arduino:arm-none-eabi-gcc@7-2017q4"
time="2025-09-01T18:33:22-07:00" level=info msg="Tool required for debug" tool="builtin:mdns-discovery@1.0.9"
time="2025-09-01T18:33:22-07:00" level=info msg="Tool required for debug" tool="arduino:dfu-util@0.11.0-arduino5"
time="2025-09-01T18:33:22-07:00" level=info msg="Tool required for debug" tool="esp32:esp-rv32@2411"
time="2025-09-01T18:33:22-07:00" level=info msg="Tool required for debug" tool="esp32:esp-x32@2411"
time="2025-09-01T18:33:22-07:00" level=info msg="Tool required for debug" tool="esp32:esp32-arduino-libs@idf-release_v5.5-b66b5448-v1"
time="2025-09-01T18:33:22-07:00" level=info msg="Tool required for debug" tool="esp32:esptool_py@5.0.0"
time="2025-09-01T18:33:22-07:00" level=info msg="Tool required for debug" tool="esp32:mklittlefs@3.0.0-gnu12-dc7f933"
time="2025-09-01T18:33:22-07:00" level=info msg="Tool required for debug" tool="esp32:mkspiffs@0.2.3"
time="2025-09-01T18:33:22-07:00" level=info msg="Tool required for debug" tool="esp32:openocd-esp32@v0.12.0-esp32-20250422"
time="2025-09-01T18:33:22-07:00" level=info msg="Tool required for debug" tool="esp32:riscv32-esp-elf-gdb@16.2_20250324"
time="2025-09-01T18:33:22-07:00" level=info msg="Tool required for debug" tool="esp32:xtensa-esp-elf-gdb@16.2_20250324"
time="2025-09-01T18:33:22-07:00" level=info msg="Tool required for debug" tool="builtin:serial-discovery@1.4.1"
time="2025-09-01T18:33:22-07:00" level=info msg="Tool required for debug" tool="arduino:openocd@0.11.0-arduino2"
time="2025-09-01T18:33:22-07:00" level=info msg="Tool required for debug" tool="arduino:avrdude@6.3.0-arduino17"
time="2025-09-01T18:33:22-07:00" level=info msg="Tool required for debug" tool="builtin:serial-monitor@0.15.0"
time="2025-09-01T18:33:22-07:00" level=info msg="Tool required for debug" tool="builtin:mdns-discovery@1.0.9"
time="2025-09-01T18:33:22-07:00" level=info msg="Tool required for debug" tool="arduino:arduinoOTA@1.3.0"
time="2025-09-01T18:33:22-07:00" level=info msg="Tool required for debug" tool="arduino:avr-gcc@7.3.0-atmel3.6.1-arduino7"
time="2025-09-01T18:33:22-07:00" level=info msg="Tool required for debug" tool="arduino:bossac@1.9.1-arduino5"
time="2025-09-01T18:33:22-07:00" level=info msg="Tool required for debug" tool="builtin:ctags@5.8-arduino11"
time="2025-09-01T18:33:22-07:00" level=info msg="Tool required for debug" tool="builtin:dfu-discovery@0.1.2"
time="2025-09-01T18:33:22-07:00" level=info msg="Tool required for debug" tool="arduino:arm-none-eabi-gcc@7-2017q4"
time="2025-09-01T18:33:22-07:00" level=info msg="Tool required for debug" tool="arduino:dfu-util@0.11.0-arduino5"
time="2025-09-01T18:33:22-07:00" level=info msg="Tool required for debug" tool="esp32:esp-rv32@2411"
time="2025-09-01T18:33:22-07:00" level=info msg="Tool required for debug" tool="esp32:esp-x32@2411"
time="2025-09-01T18:33:22-07:00" level=info msg="Tool required for debug" tool="esp32:esp32-arduino-libs@idf-release_v5.5-b66b5448-v1"
time="2025-09-01T18:33:22-07:00" level=info msg="Tool required for debug" tool="esp32:esptool_py@5.0.0"
time="2025-09-01T18:33:22-07:00" level=info msg="Tool required for debug" tool="esp32:mklittlefs@3.0.0-gnu12-dc7f933"
time="2025-09-01T18:33:22-07:00" level=info msg="Tool required for debug" tool="esp32:mkspiffs@0.2.3"
time="2025-09-01T18:33:22-07:00" level=info msg="Tool required for debug" tool="esp32:openocd-esp32@v0.12.0-esp32-20250422"
time="2025-09-01T18:33:22-07:00" level=info msg="Tool required for debug" tool="esp32:riscv32-esp-elf-gdb@16.2_20250324"
time="2025-09-01T18:33:22-07:00" level=info msg="Tool required for debug" tool="esp32:xtensa-esp-elf-gdb@16.2_20250324"
time="2025-09-01T18:33:22-07:00" level=info msg="Tool required for debug" tool="arduino:arm-none-eabi-gcc@7-2017q4"
time="2025-09-01T18:33:22-07:00" level=info msg="Tool required for debug" tool="arduino:bossac@1.9.1-arduino5"
time="2025-09-01T18:33:22-07:00" level=info msg="Tool required for debug" tool="builtin:mdns-discovery@1.0.9"
time="2025-09-01T18:33:22-07:00" level=info msg="Tool required for debug" tool="builtin:serial-discovery@1.4.1"
time="2025-09-01T18:33:22-07:00" level=info msg="Tool required for debug" tool="builtin:serial-monitor@0.15.0"
time="2025-09-01T18:33:22-07:00" level=info msg="Tool required for debug" tool="builtin:dfu-discovery@0.1.2"
time="2025-09-01T18:33:22-07:00" level=info msg="Tool required for debug" tool="arduino:avr-gcc@7.3.0-atmel3.6.1-arduino7"
time="2025-09-01T18:33:22-07:00" level=info msg="Tool required for debug" tool="arduino:avrdude@6.3.0-arduino17"
time="2025-09-01T18:33:22-07:00" level=info msg="Tool required for debug" tool="arduino:arduinoOTA@1.3.0"
time="2025-09-01T18:33:22-07:00" level=info msg="Tool required for debug" tool="builtin:ctags@5.8-arduino11"
time="2025-09-01T18:33:22-07:00" level=info msg="Tool required for debug" tool="arduino:openocd@0.11.0-arduino2"
time="2025-09-01T18:33:22-07:00" level=info msg="Tool required for debug" tool="arduino:dfu-util@0.11.0-arduino5"
time="2025-09-01T18:33:22-07:00" level=info msg="Tool required for debug" tool="esp32:esp-rv32@2411"
time="2025-09-01T18:33:22-07:00" level=info msg="Tool required for debug" tool="esp32:esp-x32@2411"
time="2025-09-01T18:33:22-07:00" level=info msg="Tool required for debug" tool="esp32:esp32-arduino-libs@idf-release_v5.5-b66b5448-v1"
time="2025-09-01T18:33:22-07:00" level=info msg="Tool required for debug" tool="esp32:esptool_py@5.0.0"
time="2025-09-01T18:33:22-07:00" level=info msg="Tool required for debug" tool="esp32:mklittlefs@3.0.0-gnu12-dc7f933"
time="2025-09-01T18:33:22-07:00" level=info msg="Tool required for debug" tool="esp32:mkspiffs@0.2.3"
time="2025-09-01T18:33:22-07:00" level=info msg="Tool required for debug" tool="esp32:openocd-esp32@v0.12.0-esp32-20250422"
time="2025-09-01T18:33:22-07:00" level=info msg="Tool required for debug" tool="esp32:riscv32-esp-elf-gdb@16.2_20250324"
time="2025-09-01T18:33:22-07:00" level=info msg="Tool required for debug" tool="esp32:xtensa-esp-elf-gdb@16.2_20250324"
time="2025-09-01T18:33:22-07:00" level=info msg="Tool required for debug" tool="builtin:dfu-discovery@0.1.2"
time="2025-09-01T18:33:22-07:00" level=info msg="Tool required for debug" tool="builtin:serial-discovery@1.4.1"
time="2025-09-01T18:33:22-07:00" level=info msg="Tool required for debug" tool="arduino:avr-gcc@7.3.0-atmel3.6.1-arduino7"
time="2025-09-01T18:33:22-07:00" level=info msg="Tool required for debug" tool="arduino:arm-none-eabi-gcc@7-2017q4"
time="2025-09-01T18:33:22-07:00" level=info msg="Tool required for debug" tool="arduino:openocd@0.11.0-arduino2"
time="2025-09-01T18:33:22-07:00" level=info msg="Tool required for debug" tool="builtin:ctags@5.8-arduino11"
time="2025-09-01T18:33:22-07:00" level=info msg="Tool required for debug" tool="arduino:arduinoOTA@1.3.0"
time="2025-09-01T18:33:22-07:00" level=info msg="Tool required for debug" tool="arduino:avrdude@6.3.0-arduino17"
time="2025-09-01T18:33:22-07:00" level=info msg="Tool required for debug" tool="builtin:mdns-discovery@1.0.9"
time="2025-09-01T18:33:22-07:00" level=info msg="Tool required for debug" tool="builtin:serial-monitor@0.15.0"
time="2025-09-01T18:33:22-07:00" level=info msg="Tool required for debug" tool="arduino:bossac@1.9.1-arduino5"
time="2025-09-01T18:33:22-07:00" level=info msg="Tool required for debug" tool="arduino:dfu-util@0.11.0-arduino5"
time="2025-09-01T18:33:22-07:00" level=info msg="Tool required for debug" tool="esp32:esp-rv32@2411"
time="2025-09-01T18:33:22-07:00" level=info msg="Tool required for debug" tool="esp32:esp-x32@2411"
time="2025-09-01T18:33:22-07:00" level=info msg="Tool required for debug" tool="esp32:esp32-arduino-libs@idf-release_v5.5-b66b5448-v1"
time="2025-09-01T18:33:22-07:00" level=info msg="Tool required for debug" tool="esp32:esptool_py@5.0.0"
time="2025-09-01T18:33:22-07:00" level=info msg="Tool required for debug" tool="esp32:mklittlefs@3.0.0-gnu12-dc7f933"
time="2025-09-01T18:33:22-07:00" level=info msg="Tool required for debug" tool="esp32:mkspiffs@0.2.3"
time="2025-09-01T18:33:22-07:00" level=info msg="Tool required for debug" tool="esp32:openocd-esp32@v0.12.0-esp32-20250422"
time="2025-09-01T18:33:22-07:00" level=info msg="Tool required for debug" tool="esp32:riscv32-esp-elf-gdb@16.2_20250324"
time="2025-09-01T18:33:22-07:00" level=info msg="Tool required for debug" tool="esp32:xtensa-esp-elf-gdb@16.2_20250324"
time="2025-09-01T18:33:22-07:00" level=info msg="Tool required for debug" tool="arduino:bossac@1.9.1-arduino5"
time="2025-09-01T18:33:22-07:00" level=info msg="Tool required for debug" tool="arduino:arduinoOTA@1.3.0"
time="2025-09-01T18:33:22-07:00" level=info msg="Tool required for debug" tool="arduino:arm-none-eabi-gcc@7-2017q4"
time="2025-09-01T18:33:22-07:00" level=info msg="Tool required for debug" tool="builtin:serial-monitor@0.15.0"
time="2025-09-01T18:33:22-07:00" level=info msg="Tool required for debug" tool="builtin:dfu-discovery@0.1.2"
time="2025-09-01T18:33:22-07:00" level=info msg="Tool required for debug" tool="builtin:ctags@5.8-arduino11"
time="2025-09-01T18:33:22-07:00" level=info msg="Tool required for debug" tool="arduino:avr-gcc@7.3.0-atmel3.6.1-arduino7"
time="2025-09-01T18:33:22-07:00" level=info msg="Tool required for debug" tool="arduino:avrdude@6.3.0-arduino17"
time="2025-09-01T18:33:22-07:00" level=info msg="Tool required for debug" tool="arduino:openocd@0.11.0-arduino2"
time="2025-09-01T18:33:22-07:00" level=info msg="Tool required for debug" tool="builtin:mdns-discovery@1.0.9"
time="2025-09-01T18:33:22-07:00" level=info msg="Tool required for debug" tool="builtin:serial-discovery@1.4.1"
time="2025-09-01T18:33:22-07:00" level=info msg="Tool required for debug" tool="arduino:dfu-util@0.11.0-arduino5"
time="2025-09-01T18:33:22-07:00" level=info msg="Tool required for debug" tool="esp32:esp-rv32@2411"
2025-09-01 18:33:22 2025-09-02T01:33:22.608Z daemon INFO time="2025-09-01T18:33:22-07:00" level=info msg="Tool required for debug" tool="esp32:esp-x32@2411"
time="2025-09-01T18:33:22-07:00" level=info msg="Tool required for debug" tool="esp32:esp32-arduino-libs@idf-release_v5.5-b66b5448-v1"
time="2025-09-01T18:33:22-07:00" level=info msg="Updating index" url="https://raw.githubusercontent.com/espressif/arduino-esp32/gh-pages/package_esp32_index.json"
time="2025-09-01T18:33:22-07:00" level=info msg="Tool required for debug" tool="esp32:esptool_py@5.0.0"
time="2025-09-01T18:33:22-07:00" level=info msg="Tool required for debug" tool="esp32:mklittlefs@3.0.0-gnu12-dc7f933"
time="2025-09-01T18:33:22-07:00" level=info msg="Tool required for debug" tool="esp32:mkspiffs@0.2.3"
time="2025-09-01T18:33:22-07:00" level=info msg="Tool required for debug" tool="esp32:openocd-esp32@v0.12.0-esp32-20250422"
time="2025-09-01T18:33:22-07:00" level=info msg="Tool required for debug" tool="esp32:riscv32-esp-elf-gdb@16.2_20250324"
time="2025-09-01T18:33:22-07:00" level=info msg="Tool required for debug" tool="esp32:xtensa-esp-elf-gdb@16.2_20250324"
time="2025-09-01T18:33:22-07:00" level=info msg="Tool required for debug" tool="builtin:dfu-discovery@0.1.2"
time="2025-09-01T18:33:22-07:00" level=info msg="Starting download" url="https://raw.githubusercontent.com/espressif/arduino-esp32/gh-pages/package_esp32_index.json"
time="2025-09-01T18:33:22-07:00" level=info msg="Tool required for debug" tool="arduino:avr-gcc@7.3.0-atmel3.6.1-arduino7"
time="2025-09-01T18:33:22-07:00" level=info msg="Tool required for debug" tool="builtin:serial-discovery@1.4.1"
time="2025-09-01T18:33:22-07:00" level=info msg="Tool required for debug" tool="builtin:ctags@5.8-arduino11"
time="2025-09-01T18:33:22-07:00" level=info msg="Tool required for debug" tool="arduino:bossac@1.9.1-arduino5"
time="2025-09-01T18:33:22-07:00" level=info msg="Tool required for debug" tool="arduino:avrdude@6.3.0-arduino17"
time="2025-09-01T18:33:22-07:00" level=info msg="Tool required for debug" tool="arduino:openocd@0.11.0-arduino2"
time="2025-09-01T18:33:22-07:00" level=info msg="Tool required for debug" tool="builtin:serial-monitor@0.15.0"
time="2025-09-01T18:33:22-07:00" level=info msg="Tool required for debug" tool="arduino:arduinoOTA@1.3.0"
time="2025-09-01T18:33:22-07:00" level=info msg="Tool required for debug" tool="arduino:arm-none-eabi-gcc@7-2017q4"
time="2025-09-01T18:33:22-07:00" level=info msg="Tool required for debug" tool="builtin:mdns-discovery@1.0.9"
2025-09-01 18:33:22 2025-09-02T01:33:22.609Z root INFO core-client-provider [platform-index] Downloading index: package_esp32_index.json

2025-09-01 18:33:22 2025-09-02T01:33:22.611Z daemon INFO time="2025-09-01T18:33:22-07:00" level=info msg="Tool required for debug" tool="arduino:dfu-util@0.11.0-arduino5"
2025-09-01 18:33:22 2025-09-02T01:33:22.611Z daemon INFO time="2025-09-01T18:33:22-07:00" level=info msg="Tool required for debug" tool="esp32:esp-rv32@2411"
time="2025-09-01T18:33:22-07:00" level=info msg="Tool required for debug" tool="esp32:esp-x32@2411"
time="2025-09-01T18:33:22-07:00" level=info msg="Tool required for debug" tool="esp32:esp32-arduino-libs@idf-release_v5.5-b66b5448-v1"
2025-09-01 18:33:22 2025-09-02T01:33:22.611Z daemon INFO time="2025-09-01T18:33:22-07:00" level=info msg="Tool required for debug" tool="esp32:esptool_py@5.0.0"
time="2025-09-01T18:33:22-07:00" level=info msg="Tool required for debug" tool="esp32:mklittlefs@3.0.0-gnu12-dc7f933"
time="2025-09-01T18:33:22-07:00" level=info msg="Tool required for debug" tool="esp32:mkspiffs@0.2.3"
time="2025-09-01T18:33:22-07:00" level=info msg="Tool required for debug" tool="esp32:openocd-esp32@v0.12.0-esp32-20250422"
time="2025-09-01T18:33:22-07:00" level=info msg="Tool required for debug" tool="esp32:riscv32-esp-elf-gdb@16.2_20250324"
time="2025-09-01T18:33:22-07:00" level=info msg="Tool required for debug" tool="esp32:xtensa-esp-elf-gdb@16.2_20250324"
time="2025-09-01T18:33:22-07:00" level=info msg="Tool required for debug" tool="arduino:avr-gcc@7.3.0-atmel3.6.1-arduino7"
time="2025-09-01T18:33:22-07:00" level=info msg="Tool required for debug" tool="builtin:dfu-discovery@0.1.2"
time="2025-09-01T18:33:22-07:00" level=info msg="Tool required for debug" tool="arduino:openocd@0.11.0-arduino2"
2025-09-01 18:33:22 2025-09-02T01:33:22.612Z daemon INFO time="2025-09-01T18:33:22-07:00" level=info msg="Tool required for debug" tool="arduino:arduinoOTA@1.3.0"
time="2025-09-01T18:33:22-07:00" level=info msg="Tool required for debug" tool="builtin:serial-discovery@1.4.1"
2025-09-01 18:33:22 2025-09-02T01:33:22.612Z daemon INFO time="2025-09-01T18:33:22-07:00" level=info msg="Tool required for debug" tool="builtin:ctags@5.8-arduino11"
time="2025-09-01T18:33:22-07:00" level=info msg="Tool required for debug" tool="arduino:arm-none-eabi-gcc@7-2017q4"
time="2025-09-01T18:33:22-07:00" level=info msg="Tool required for debug" tool="arduino:avrdude@6.3.0-arduino17"
time="2025-09-01T18:33:22-07:00" level=info msg="Tool required for debug" tool="arduino:bossac@1.9.1-arduino5"
time="2025-09-01T18:33:22-07:00" level=info msg="Tool required for debug" tool="builtin:mdns-discovery@1.0.9"
time="2025-09-01T18:33:22-07:00" level=info msg="Tool required for debug" tool="builtin:serial-monitor@0.15.0"
2025-09-01 18:33:22 Update for version 2.3.6 is not available (latest version: 2.3.6, downgrade is allowed).
2025-09-01 18:33:22 2025-09-02T01:33:22.873Z root ERROR ---- !!!SLOW!!! DURATION: search took 940.681 ms. Args: [{"type":"Updatable"}] ----
2025-09-01 18:33:23 2025-09-02T01:33:23.001Z daemon INFO time="2025-09-01T18:33:23-07:00" level=info msg="Adding libraries dir" dir=/home/aaron/.arduino15/libraries isSingleLibrary=false location=ide
time="2025-09-01T18:33:23-07:00" level=info msg="Adding libraries dir" dir=/home/aaron/.arduino15/packages/esp32/hardware/esp32/3.3.0/libraries isSingleLibrary=false location=platform
time="2025-09-01T18:33:23-07:00" level=info msg="Adding libraries dir" dir=/home/aaron/Arduino/libraries isSingleLibrary=false location=user
2025-09-01 18:33:24 2025-09-02T01:33:24.495Z daemon INFO time="2025-09-01T18:33:24-07:00" level=info msg="Checking signature" index=/home/aaron/.arduino15/package_index.json signatureFile=/home/aaron/.arduino15/package_index.json.sig trusted=true
2025-09-01 18:33:24 2025-09-02T01:33:24.503Z daemon INFO time="2025-09-01T18:33:24-07:00" level=info msg="Missing signature file" index=/home/aaron/.arduino15/package_esp32_index.json
2025-09-01 18:33:24 2025-09-02T01:33:24.504Z daemon INFO time="2025-09-01T18:33:24-07:00" level=info msg="Loading hardware from: /home/aaron/.arduino15/packages"
2025-09-01 18:33:24 2025-09-02T01:33:24.504Z daemon INFO time="2025-09-01T18:33:24-07:00" level=info msg="Loading package arduino from: /home/aaron/.arduino15/packages/arduino/hardware"
2025-09-01 18:33:24 2025-09-02T01:33:24.506Z daemon INFO time="2025-09-01T18:33:24-07:00" level=info msg="Missing signature file" index=/home/aaron/.arduino15/packages/arduino/hardware/avr/1.8.6/installed.json
2025-09-01 18:33:24 2025-09-02T01:33:24.510Z daemon INFO time="2025-09-01T18:33:24-07:00" level=info msg="Adding monitor tool" protocol=serial tool="builtin:serial-monitor"
time="2025-09-01T18:33:24-07:00" level=info msg="Loaded platform" platform="arduino:avr@1.8.6"
2025-09-01 18:33:24 2025-09-02T01:33:24.512Z daemon INFO time="2025-09-01T18:33:24-07:00" level=info msg="Missing signature file" index=/home/aaron/.arduino15/packages/arduino/hardware/renesas_uno/1.5.0/installed.json
2025-09-01 18:33:24 2025-09-02T01:33:24.513Z daemon INFO time="2025-09-01T18:33:24-07:00" level=info msg="Adding monitor tool" protocol=serial tool="builtin:serial-monitor"
time="2025-09-01T18:33:24-07:00" level=info msg="Loaded platform" platform="arduino:renesas_uno@1.5.0"
time="2025-09-01T18:33:24-07:00" level=info msg="Checking existence of 'tools' path: /home/aaron/.arduino15/packages/arduino/tools"
time="2025-09-01T18:33:24-07:00" level=info msg="Loading tools from dir: /home/aaron/.arduino15/packages/arduino/tools"
2025-09-01 18:33:24 2025-09-02T01:33:24.513Z daemon INFO time="2025-09-01T18:33:24-07:00" level=info msg="Loaded tool" tool="arduino:arduinoOTA@1.3.0"
time="2025-09-01T18:33:24-07:00" level=info msg="Loaded tool" tool="arduino:arm-none-eabi-gcc@7-2017q4"
2025-09-01 18:33:24 2025-09-02T01:33:24.513Z daemon INFO time="2025-09-01T18:33:24-07:00" level=info msg="Loaded tool" tool="arduino:avr-gcc@7.3.0-atmel3.6.1-arduino7"
time="2025-09-01T18:33:24-07:00" level=info msg="Loaded tool" tool="arduino:avrdude@6.3.0-arduino17"
2025-09-01 18:33:24 2025-09-02T01:33:24.513Z daemon INFO time="2025-09-01T18:33:24-07:00" level=info msg="Loaded tool" tool="arduino:bossac@1.9.1-arduino5"
time="2025-09-01T18:33:24-07:00" level=info msg="Loaded tool" tool="arduino:dfu-util@0.11.0-arduino5"
2025-09-01 18:33:24 2025-09-02T01:33:24.513Z daemon INFO time="2025-09-01T18:33:24-07:00" level=info msg="Loaded tool" tool="arduino:openocd@0.11.0-arduino2"
2025-09-01 18:33:24 2025-09-02T01:33:24.513Z daemon INFO time="2025-09-01T18:33:24-07:00" level=info msg="Loading package builtin from: /home/aaron/.arduino15/packages/builtin"
time="2025-09-01T18:33:24-07:00" level=info msg="Checking existence of 'tools' path: /home/aaron/.arduino15/packages/builtin/tools"
time="2025-09-01T18:33:24-07:00" level=info msg="Loading tools from dir: /home/aaron/.arduino15/packages/builtin/tools"
2025-09-01 18:33:24 2025-09-02T01:33:24.513Z daemon INFO time="2025-09-01T18:33:24-07:00" level=info msg="Loaded tool" tool="builtin:ctags@5.8-arduino11"
2025-09-01 18:33:24 2025-09-02T01:33:24.513Z daemon INFO time="2025-09-01T18:33:24-07:00" level=info msg="Loaded tool" tool="builtin:dfu-discovery@0.1.2"
time="2025-09-01T18:33:24-07:00" level=info msg="Loaded tool" tool="builtin:mdns-discovery@1.0.9"
2025-09-01 18:33:24 2025-09-02T01:33:24.513Z daemon INFO time="2025-09-01T18:33:24-07:00" level=info msg="Loaded tool" tool="builtin:serial-discovery@1.4.1"
2025-09-01 18:33:24 2025-09-02T01:33:24.513Z daemon INFO time="2025-09-01T18:33:24-07:00" level=info msg="Loaded tool" tool="builtin:serial-monitor@0.15.0"
time="2025-09-01T18:33:24-07:00" level=info msg="Loading package esp32 from: /home/aaron/.arduino15/packages/esp32/hardware"
2025-09-01 18:33:24 2025-09-02T01:33:24.515Z daemon INFO time="2025-09-01T18:33:24-07:00" level=info msg="Missing signature file" index=/home/aaron/.arduino15/packages/esp32/hardware/esp32/3.3.0/installed.json
2025-09-01 18:33:24 2025-09-02T01:33:24.718Z daemon INFO time="2025-09-01T18:33:24-07:00" level=info msg="Adding monitor tool" protocol=serial tool="builtin:serial-monitor"
time="2025-09-01T18:33:24-07:00" level=info msg="Loaded platform" platform="esp32:esp32@3.3.0"
time="2025-09-01T18:33:24-07:00" level=info msg="Checking existence of 'tools' path: /home/aaron/.arduino15/packages/esp32/tools"
time="2025-09-01T18:33:24-07:00" level=info msg="Loading tools from dir: /home/aaron/.arduino15/packages/esp32/tools"
2025-09-01 18:33:24 2025-09-02T01:33:24.719Z daemon INFO time="2025-09-01T18:33:24-07:00" level=info msg="Loaded tool" tool="esp32:esp-rv32@2411"
time="2025-09-01T18:33:24-07:00" level=info msg="Loaded tool" tool="esp32:esp-x32@2411"
time="2025-09-01T18:33:24-07:00" level=info msg="Loaded tool" tool="esp32:esp32-arduino-libs@idf-release_v5.5-b66b5448-v1"
time="2025-09-01T18:33:24-07:00" level=info msg="Loaded tool" tool="esp32:esptool_py@5.0.0"
time="2025-09-01T18:33:24-07:00" level=info msg="Loaded tool" tool="esp32:mklittlefs@3.0.0-gnu12-dc7f933"
time="2025-09-01T18:33:24-07:00" level=info msg="Loaded tool" tool="esp32:mkspiffs@0.2.3"
time="2025-09-01T18:33:24-07:00" level=info msg="Loaded tool" tool="esp32:openocd-esp32@v0.12.0-esp32-20250422"
2025-09-01 18:33:24 2025-09-02T01:33:24.719Z daemon INFO time="2025-09-01T18:33:24-07:00" level=info msg="Loaded tool" tool="esp32:riscv32-esp-elf-gdb@16.2_20250324"
time="2025-09-01T18:33:24-07:00" level=info msg="Loaded tool" tool="esp32:xtensa-esp-elf-gdb@16.2_20250324"
2025-09-01 18:33:24 2025-09-02T01:33:24.723Z daemon INFO time="2025-09-01T18:33:24-07:00" level=info msg="Discovery event channel closed builtin:serial-discovery. Exiting goroutine."
2025-09-01 18:33:24 2025-09-02T01:33:24.723Z discovery-log INFO {"eventType":"remove","port":{"matchingBoardsList":[],"port":{"address":"/dev/ttyS0","label":"/dev/ttyS0","protocol":"serial","protocolLabel":"Serial Port","propertiesMap":[],"hardwareId":""}},"error":""}
2025-09-01 18:33:24 2025-09-02T01:33:24.724Z daemon INFO time="2025-09-01T18:33:24-07:00" level=info msg="Closed and removed discovery builtin:serial-discovery"
time="2025-09-01T18:33:24-07:00" level=error msg="Stopped decode loop: EOF" discovery="builtin:serial-discovery"
2025-09-01 18:33:24 2025-09-02T01:33:24.724Z daemon INFO time="2025-09-01T18:33:24-07:00" level=info msg="Discovery event channel closed builtin:mdns-discovery. Exiting goroutine."
2025-09-01 18:33:24 2025-09-02T01:33:24.725Z daemon INFO time="2025-09-01T18:33:24-07:00" level=info msg="Closed and removed discovery builtin:mdns-discovery"
time="2025-09-01T18:33:24-07:00" level=error msg="Stopped decode loop: EOF" discovery="builtin:mdns-discovery"
2025-09-01 18:33:24 2025-09-02T01:33:24.726Z daemon INFO time="2025-09-01T18:33:24-07:00" level=info msg="Discovery event channel closed builtin:dfu-discovery. Exiting goroutine."
2025-09-01 18:33:24 2025-09-02T01:33:24.726Z daemon INFO time="2025-09-01T18:33:24-07:00" level=info msg="Closed and removed discovery builtin:dfu-discovery"
2025-09-01 18:33:24 2025-09-02T01:33:24.727Z daemon INFO time="2025-09-01T18:33:24-07:00" level=error msg="Stopped decode loop: EOF" discovery="builtin:dfu-discovery"
2025-09-01 18:33:24 2025-09-02T01:33:24.732Z discovery-log INFO {"eventType":"add","port":{"matchingBoardsList":[],"port":{"address":"/dev/ttyS0","label":"/dev/ttyS0","protocol":"serial","protocolLabel":"Serial Port","propertiesMap":[],"hardwareId":""}},"error":""}
2025-09-01 18:33:24 2025-09-02T01:33:24.741Z daemon INFO time="2025-09-01T18:33:24-07:00" level=info msg="Adding libraries dir" dir=/home/aaron/.arduino15/packages/arduino/hardware/avr/1.8.6/libraries isSingleLibrary=false location=platform
2025-09-01 18:33:24 2025-09-02T01:33:24.741Z daemon INFO time="2025-09-01T18:33:24-07:00" level=info msg="Adding libraries dir" dir=/home/aaron/.arduino15/packages/arduino/hardware/renesas_uno/1.5.0/libraries isSingleLibrary=false location=platform
2025-09-01 18:33:24 2025-09-02T01:33:24.741Z daemon INFO time="2025-09-01T18:33:24-07:00" level=info msg="Adding libraries dir" dir=/home/aaron/.arduino15/packages/esp32/hardware/esp32/3.3.0/libraries isSingleLibrary=false location=platform
2025-09-01 18:33:24 2025-09-02T01:33:24.741Z daemon INFO time="2025-09-01T18:33:24-07:00" level=info msg="Loading libraries index file" index=/home/aaron/.arduino15/library_index.json
2025-09-01 18:33:24 2025-09-02T01:33:24.884Z daemon INFO time="2025-09-01T18:33:24-07:00" level=info msg="Resolving include BLEDevice.h for arch esp32"
time="2025-09-01T18:33:24-07:00" level=info msg="  found better lib" lib=BLE prio=3F4
2025-09-01 18:33:25 2025-09-02T01:33:25.086Z daemon INFO time="2025-09-01T18:33:25-07:00" level=info msg="Adding libraries dir" dir=/home/aaron/.arduino15/libraries isSingleLibrary=false location=ide
time="2025-09-01T18:33:25-07:00" level=info msg="Adding libraries dir" dir=/home/aaron/Arduino/libraries isSingleLibrary=false location=user
2025-09-01 18:33:25 2025-09-02T01:33:25.145Z daemon INFO time="2025-09-01T18:33:25-07:00" level=warning msg="Error loading library" error="rpc error: code = Internal desc = loading library from /home/aaron/Arduino/libraries/SoftSerialTest: invalid library: no header files found"
2025-09-01 18:33:26 2025-09-02T01:33:26.039Z daemon INFO time="2025-09-01T18:33:26-07:00" level=info msg="Resolving include SD_MMC.h for arch esp32"
time="2025-09-01T18:33:26-07:00" level=info msg="  found better lib" lib=SD_MMC prio=6B0
2025-09-01 18:33:27 2025-09-02T01:33:27.003Z daemon INFO time="2025-09-01T18:33:27-07:00" level=info msg="Resolving include FS.h for arch esp32"
time="2025-09-01T18:33:27-07:00" level=info msg="  found better lib" lib=FS prio=6B0
2025-09-01 18:33:28 2025-09-02T01:33:28.173Z daemon INFO time="2025-09-01T18:33:28-07:00" level=info msg="Resolving include WiFi.h for arch esp32"
time="2025-09-01T18:33:28-07:00" level=info msg="  found better lib" lib=WiFi prio=6B0
2025-09-01 18:33:29 2025-09-02T01:33:29.312Z daemon INFO time="2025-09-01T18:33:29-07:00" level=info msg="Resolving include Network.h for arch esp32"
time="2025-09-01T18:33:29-07:00" level=info msg="  found better lib" lib=Networking prio=64C
2025-09-01 18:33:33 2025-09-02T01:33:33.704Z root ERROR ---- !!!SLOW!!! DURATION: search took 570.638 ms. Args: [{"query":"","type":"All","topic":"All"}] ----
2025-09-01 18:33:58 2025-09-02T01:33:58.534Z discovery-log INFO {"eventType":"add","port":{"matchingBoardsList":[{"name":"ESP32 Family Device","fqbn":"esp32:esp32:esp32_family","isHidden":true}],"port":{"address":"/dev/ttyACM0","label":"/dev/ttyACM0","protocol":"serial","protocolLabel":"Serial Port (USB)","propertiesMap":[["pid","0x1001"],["serialNumber","30:ED:A0:AD:83:34"],["vid","0x303a"]],"hardwareId":"30:ED:A0:AD:83:34"}},"error":""}
2025-09-01 18:33:58 2025-09-02T01:33:58.767Z daemon INFO time="2025-09-01T18:33:58-07:00" level=info msg="Starting monitor process" monitor=serial-monitor
2025-09-01 18:33:58 2025-09-02T01:33:58.801Z monitor-service INFO starting monitor
2025-09-01 18:33:58 2025-09-02T01:33:58.802Z daemon INFO time="2025-09-01T18:33:58-07:00" level=info msg="Monitor process started successfully!" monitor=serial-monitor
time="2025-09-01T18:33:58-07:00" level=info msg="sending command" command="HELLO 1 \"arduino-cli 1.2.0\"" monitor=serial-monitor
2025-09-01 18:33:58 2025-09-02T01:33:58.804Z daemon INFO time="2025-09-01T18:33:58-07:00" level=info msg="Starting monitor process" monitor=serial-monitor
2025-09-01 18:33:58 2025-09-02T01:33:58.804Z daemon INFO time="2025-09-01T18:33:58-07:00" level=info msg="Monitor process started successfully!" monitor=serial-monitor
time="2025-09-01T18:33:58-07:00" level=info msg="sending command" command="HELLO 1 \"arduino-cli 1.2.0\"" monitor=serial-monitor
2025-09-01 18:33:58 2025-09-02T01:33:58.832Z daemon INFO time="2025-09-01T18:33:58-07:00" level=info msg="received message" error=false event_type=hello message=OK monitor=serial-monitor
time="2025-09-01T18:33:58-07:00" level=info msg="sending command" command=DESCRIBE monitor=serial-monitor
time="2025-09-01T18:33:58-07:00" level=info msg="received message" error=false event_type=hello message=OK monitor=serial-monitor
time="2025-09-01T18:33:58-07:00" level=info msg="sending command" command=DESCRIBE monitor=serial-monitor
2025-09-01 18:33:58 2025-09-02T01:33:58.832Z daemon INFO time="2025-09-01T18:33:58-07:00" level=info msg="received message" error=false event_type=describe message=OK monitor=serial-monitor
2025-09-01 18:33:58 2025-09-02T01:33:58.832Z daemon INFO time="2025-09-01T18:33:58-07:00" level=info msg="sending command" command=QUIT monitor=serial-monitor
2025-09-01 18:33:58 2025-09-02T01:33:58.832Z daemon INFO time="2025-09-01T18:33:58-07:00" level=info msg="received message" error=false event_type=describe message=OK monitor=serial-monitor
time="2025-09-01T18:33:58-07:00" level=info msg="sending command" command=QUIT monitor=serial-monitor
2025-09-01 18:33:58 2025-09-02T01:33:58.833Z daemon INFO time="2025-09-01T18:33:58-07:00" level=info msg="received message" error=false event_type=quit message=OK monitor=serial-monitor
time="2025-09-01T18:33:58-07:00" level=info msg="received message" error=false event_type=quit message=OK monitor=serial-monitor
time="2025-09-01T18:33:58-07:00" level=info msg="Killing monitor process" monitor=serial-monitor
2025-09-01 18:33:58 2025-09-02T01:33:58.833Z daemon INFO time="2025-09-01T18:33:58-07:00" level=info msg="Killing monitor process" monitor=serial-monitor
2025-09-01 18:33:58 2025-09-02T01:33:58.833Z daemon INFO time="2025-09-01T18:33:58-07:00" level=error msg="stopped decode loop: EOF" monitor=serial-monitor
2025-09-01 18:33:58 2025-09-02T01:33:58.833Z daemon INFO time="2025-09-01T18:33:58-07:00" level=info msg="Monitor process killed" monitor=serial-monitor
2025-09-01 18:33:58 2025-09-02T01:33:58.833Z daemon INFO time="2025-09-01T18:33:58-07:00" level=error msg="stopped decode loop: EOF" monitor=serial-monitor
2025-09-01 18:33:58 2025-09-02T01:33:58.833Z daemon INFO time="2025-09-01T18:33:58-07:00" level=info msg="Monitor process killed" monitor=serial-monitor
2025-09-01 18:33:58 2025-09-02T01:33:58.842Z daemon INFO time="2025-09-01T18:33:58-07:00" level=info msg="Starting monitor process" monitor=serial-monitor
2025-09-01 18:33:58 2025-09-02T01:33:58.842Z daemon INFO time="2025-09-01T18:33:58-07:00" level=info msg="Monitor process started successfully!" monitor=serial-monitor
time="2025-09-01T18:33:58-07:00" level=info msg="sending command" command="HELLO 1 \"arduino-cli 1.2.0\"" monitor=serial-monitor
2025-09-01 18:33:58 2025-09-02T01:33:58.845Z daemon INFO time="2025-09-01T18:33:58-07:00" level=info msg="received message" error=false event_type=hello message=OK monitor=serial-monitor
time="2025-09-01T18:33:58-07:00" level=info msg="sending command" command=DESCRIBE monitor=serial-monitor
2025-09-01 18:33:58 2025-09-02T01:33:58.845Z daemon INFO time="2025-09-01T18:33:58-07:00" level=info msg="received message" error=false event_type=describe message=OK monitor=serial-monitor
time="2025-09-01T18:33:58-07:00" level=info msg="sending command" command="CONFIGURE stop_bits 1" monitor=serial-monitor
2025-09-01 18:33:58 2025-09-02T01:33:58.846Z daemon INFO time="2025-09-01T18:33:58-07:00" level=info msg="received message" error=false event_type=configure message=OK monitor=serial-monitor
2025-09-01 18:33:58 2025-09-02T01:33:58.846Z daemon INFO time="2025-09-01T18:33:58-07:00" level=info msg="sending command" command="CONFIGURE baudrate 115200" monitor=serial-monitor
2025-09-01 18:33:58 2025-09-02T01:33:58.846Z daemon INFO time="2025-09-01T18:33:58-07:00" level=info msg="received message" error=false event_type=configure message=OK monitor=serial-monitor
time="2025-09-01T18:33:58-07:00" level=info msg="sending command" command="CONFIGURE bits 8" monitor=serial-monitor
2025-09-01 18:33:58 2025-09-02T01:33:58.846Z daemon INFO time="2025-09-01T18:33:58-07:00" level=info msg="received message" error=false event_type=configure message=OK monitor=serial-monitor
time="2025-09-01T18:33:58-07:00" level=info msg="sending command" command="CONFIGURE dtr on" monitor=serial-monitor
2025-09-01 18:33:58 2025-09-02T01:33:58.846Z daemon INFO time="2025-09-01T18:33:58-07:00" level=info msg="received message" error=false event_type=configure message=OK monitor=serial-monitor
time="2025-09-01T18:33:58-07:00" level=info msg="sending command" command="CONFIGURE parity none" monitor=serial-monitor
2025-09-01 18:33:58 2025-09-02T01:33:58.846Z daemon INFO time="2025-09-01T18:33:58-07:00" level=info msg="received message" error=false event_type=configure message=OK monitor=serial-monitor
time="2025-09-01T18:33:58-07:00" level=info msg="sending command" command="CONFIGURE rts on" monitor=serial-monitor
2025-09-01 18:33:58 2025-09-02T01:33:58.846Z daemon INFO time="2025-09-01T18:33:58-07:00" level=info msg="received message" error=false event_type=configure message=OK monitor=serial-monitor
2025-09-01 18:33:58 2025-09-02T01:33:58.846Z daemon INFO time="2025-09-01T18:33:58-07:00" level=info msg="sending command" command="OPEN 127.0.0.1:37261 /dev/ttyACM0" monitor=serial-monitor
2025-09-01 18:33:58 2025-09-02T01:33:58.847Z daemon INFO time="2025-09-01T18:33:58-07:00" level=info msg="received message" error=false event_type=open message=OK monitor=serial-monitor
2025-09-01 18:33:58 2025-09-02T01:33:58.848Z daemon INFO time="2025-09-01T18:33:58-07:00" level=info msg="Port /dev/ttyACM0 successfully opened"
2025-09-01 18:33:58 2025-09-02T01:33:58.850Z monitor-service INFO Using port configuration for serial:/dev/ttyACM0: {"settingsList":[{"settingId":"stop_bits","value":"1"},{"settingId":"baudrate","value":"115200"},{"settingId":"bits","value":"8"},{"settingId":"dtr","value":"on"},{"settingId":"parity","value":"none"},{"settingId":"rts","value":"on"}]}
2025-09-01 18:33:58 2025-09-02T01:33:58.850Z monitor-service INFO started monitor to /dev/ttyACM0 using serial
2025-09-01 18:33:58 2025-09-02T01:33:58.872Z monitor-service INFO No port configuration changes have been detected. No need to send configure commands to the running monitor serial:/dev/ttyACM0.
2025-09-01 18:34:01 2025-09-02T01:34:01.123Z daemon INFO time="2025-09-01T18:34:01-07:00" level=info msg="sending command" command=CLOSE monitor=serial-monitor
2025-09-01 18:34:01 2025-09-02T01:34:01.123Z daemon INFO time="2025-09-01T18:34:01-07:00" level=info msg="received message" error=true event_type=port_closed message="readfrom tcp 127.0.0.1:37194->127.0.0.1:37261: Port has been closed" monitor=serial-monitor
time="2025-09-01T18:34:01-07:00" level=info msg="monitor port has been closed externally" monitor=serial-monitor
time="2025-09-01T18:34:01-07:00" level=info msg="received message" error=true event_type=close message="port already closed" monitor=serial-monitor
time="2025-09-01T18:34:01-07:00" level=info msg="sending command" command=QUIT monitor=serial-monitor
2025-09-01 18:34:01 2025-09-02T01:34:01.124Z discovery-log INFO {"eventType":"remove","port":{"matchingBoardsList":[],"port":{"address":"/dev/ttyACM0","label":"","protocol":"serial","protocolLabel":"","propertiesMap":[],"hardwareId":""}},"error":""}
2025-09-01 18:34:01 2025-09-02T01:34:01.124Z daemon INFO time="2025-09-01T18:34:01-07:00" level=info msg="received message" error=false event_type=quit message=OK monitor=serial-monitor
time="2025-09-01T18:34:01-07:00" level=info msg="Killing monitor process" monitor=serial-monitor
2025-09-01 18:34:01 2025-09-02T01:34:01.124Z daemon INFO time="2025-09-01T18:34:01-07:00" level=error msg="stopped decode loop: EOF" monitor=serial-monitor
2025-09-01 18:34:01 2025-09-02T01:34:01.124Z daemon INFO time="2025-09-01T18:34:01-07:00" level=info msg="Monitor process killed" monitor=serial-monitor
2025-09-01 18:34:01 2025-09-02T01:34:01.125Z monitor-service INFO monitor to /dev/ttyACM0 using serial closed by server
2025-09-01 18:34:01 2025-09-02T01:34:01.495Z discovery-log INFO {"eventType":"add","port":{"matchingBoardsList":[{"name":"ESP32 Family Device","fqbn":"esp32:esp32:esp32_family","isHidden":true}],"port":{"address":"/dev/ttyACM0","label":"/dev/ttyACM0","protocol":"serial","protocolLabel":"Serial Port (USB)","propertiesMap":[["pid","0x1001"],["serialNumber","30:ED:A0:AD:83:34"],["vid","0x303a"]],"hardwareId":"30:ED:A0:AD:83:34"}},"error":""}
2025-09-01 18:34:01 2025-09-02T01:34:01.751Z monitor-service INFO starting monitor
2025-09-01 18:34:01 2025-09-02T01:34:01.753Z daemon INFO time="2025-09-01T18:34:01-07:00" level=info msg="Starting monitor process" monitor=serial-monitor
2025-09-01 18:34:01 2025-09-02T01:34:01.754Z daemon INFO time="2025-09-01T18:34:01-07:00" level=info msg="Monitor process started successfully!" monitor=serial-monitor
time="2025-09-01T18:34:01-07:00" level=info msg="sending command" command="HELLO 1 \"arduino-cli 1.2.0\"" monitor=serial-monitor
2025-09-01 18:34:01 2025-09-02T01:34:01.757Z daemon INFO time="2025-09-01T18:34:01-07:00" level=info msg="received message" error=false event_type=hello message=OK monitor=serial-monitor
time="2025-09-01T18:34:01-07:00" level=info msg="sending command" command=DESCRIBE monitor=serial-monitor
2025-09-01 18:34:01 2025-09-02T01:34:01.757Z daemon INFO time="2025-09-01T18:34:01-07:00" level=info msg="received message" error=false event_type=describe message=OK monitor=serial-monitor
2025-09-01 18:34:01 2025-09-02T01:34:01.757Z daemon INFO time="2025-09-01T18:34:01-07:00" level=info msg="sending command" command=QUIT monitor=serial-monitor
2025-09-01 18:34:01 2025-09-02T01:34:01.757Z daemon INFO time="2025-09-01T18:34:01-07:00" level=info msg="received message" error=false event_type=quit message=OK monitor=serial-monitor
time="2025-09-01T18:34:01-07:00" level=info msg="Killing monitor process" monitor=serial-monitor
2025-09-01 18:34:01 2025-09-02T01:34:01.758Z daemon INFO time="2025-09-01T18:34:01-07:00" level=error msg="stopped decode loop: EOF" monitor=serial-monitor
time="2025-09-01T18:34:01-07:00" level=info msg="Monitor process killed" monitor=serial-monitor
2025-09-01 18:34:01 2025-09-02T01:34:01.763Z daemon INFO time="2025-09-01T18:34:01-07:00" level=info msg="Starting monitor process" monitor=serial-monitor
2025-09-01 18:34:01 2025-09-02T01:34:01.764Z daemon INFO time="2025-09-01T18:34:01-07:00" level=info msg="Monitor process started successfully!" monitor=serial-monitor
time="2025-09-01T18:34:01-07:00" level=info msg="sending command" command="HELLO 1 \"arduino-cli 1.2.0\"" monitor=serial-monitor
2025-09-01 18:34:01 2025-09-02T01:34:01.766Z daemon INFO time="2025-09-01T18:34:01-07:00" level=info msg="received message" error=false event_type=hello message=OK monitor=serial-monitor
2025-09-01 18:34:01 2025-09-02T01:34:01.766Z daemon INFO time="2025-09-01T18:34:01-07:00" level=info msg="sending command" command=DESCRIBE monitor=serial-monitor
2025-09-01 18:34:01 2025-09-02T01:34:01.767Z daemon INFO time="2025-09-01T18:34:01-07:00" level=info msg="received message" error=false event_type=describe message=OK monitor=serial-monitor
2025-09-01 18:34:01 2025-09-02T01:34:01.767Z daemon INFO time="2025-09-01T18:34:01-07:00" level=info msg="sending command" command="CONFIGURE stop_bits 1" monitor=serial-monitor
2025-09-01 18:34:01 2025-09-02T01:34:01.767Z daemon INFO time="2025-09-01T18:34:01-07:00" level=info msg="received message" error=false event_type=configure message=OK monitor=serial-monitor
2025-09-01 18:34:01 2025-09-02T01:34:01.767Z daemon INFO time="2025-09-01T18:34:01-07:00" level=info msg="sending command" command="CONFIGURE baudrate 115200" monitor=serial-monitor
2025-09-01 18:34:01 2025-09-02T01:34:01.767Z daemon INFO time="2025-09-01T18:34:01-07:00" level=info msg="received message" error=false event_type=configure message=OK monitor=serial-monitor
2025-09-01 18:34:01 2025-09-02T01:34:01.767Z daemon INFO time="2025-09-01T18:34:01-07:00" level=info msg="sending command" command="CONFIGURE bits 8" monitor=serial-monitor
2025-09-01 18:34:01 2025-09-02T01:34:01.767Z daemon INFO time="2025-09-01T18:34:01-07:00" level=info msg="received message" error=false event_type=configure message=OK monitor=serial-monitor
2025-09-01 18:34:01 2025-09-02T01:34:01.767Z daemon INFO time="2025-09-01T18:34:01-07:00" level=info msg="sending command" command="CONFIGURE dtr on" monitor=serial-monitor
2025-09-01 18:34:01 2025-09-02T01:34:01.767Z daemon INFO time="2025-09-01T18:34:01-07:00" level=info msg="received message" error=false event_type=configure message=OK monitor=serial-monitor
2025-09-01 18:34:01 2025-09-02T01:34:01.767Z daemon INFO time="2025-09-01T18:34:01-07:00" level=info msg="sending command" command="CONFIGURE parity none" monitor=serial-monitor
2025-09-01 18:34:01 2025-09-02T01:34:01.767Z daemon INFO time="2025-09-01T18:34:01-07:00" level=info msg="received message" error=false event_type=configure message=OK monitor=serial-monitor
2025-09-01 18:34:01 2025-09-02T01:34:01.767Z daemon INFO time="2025-09-01T18:34:01-07:00" level=info msg="sending command" command="CONFIGURE rts on" monitor=serial-monitor
2025-09-01 18:34:01 2025-09-02T01:34:01.768Z daemon INFO time="2025-09-01T18:34:01-07:00" level=info msg="received message" error=false event_type=configure message=OK monitor=serial-monitor
2025-09-01 18:34:01 2025-09-02T01:34:01.768Z daemon INFO time="2025-09-01T18:34:01-07:00" level=info msg="sending command" command="OPEN 127.0.0.1:46311 /dev/ttyACM0" monitor=serial-monitor
2025-09-01 18:34:01 2025-09-02T01:34:01.768Z daemon INFO time="2025-09-01T18:34:01-07:00" level=info msg="received message" error=false event_type=open message=OK monitor=serial-monitor
2025-09-01 18:34:01 2025-09-02T01:34:01.768Z daemon INFO time="2025-09-01T18:34:01-07:00" level=info msg="Port /dev/ttyACM0 successfully opened"
2025-09-01 18:34:01 2025-09-02T01:34:01.769Z monitor-service INFO Using port configuration for serial:/dev/ttyACM0: {"settingsList":[{"settingId":"stop_bits","value":"1"},{"settingId":"baudrate","value":"115200"},{"settingId":"bits","value":"8"},{"settingId":"dtr","value":"on"},{"settingId":"parity","value":"none"},{"settingId":"rts","value":"on"}]}
2025-09-01 18:34:01 2025-09-02T01:34:01.769Z monitor-service INFO started monitor to /dev/ttyACM0 using serial
2025-09-01 18:34:01 2025-09-02T01:34:01.799Z monitor-service INFO No port configuration changes have been detected. No need to send configure commands to the running monitor serial:/dev/ttyACM0.
2025-09-01 18:34:01 2025-09-02T01:34:01.799Z monitor-service INFO No port configuration changes have been detected. No need to send configure commands to the running monitor serial:/dev/ttyACM0.
2025-09-01 18:34:04 2025-09-02T01:34:04.146Z daemon INFO time="2025-09-01T18:34:04-07:00" level=info msg="sending command" command=CLOSE monitor=serial-monitor
2025-09-01 18:34:04 2025-09-02T01:34:04.146Z daemon INFO time="2025-09-01T18:34:04-07:00" level=info msg="received message" error=true event_type=port_closed message="readfrom tcp 127.0.0.1:52976->127.0.0.1:46311: Port has been closed" monitor=serial-monitor
time="2025-09-01T18:34:04-07:00" level=info msg="monitor port has been closed externally" monitor=serial-monitor
time="2025-09-01T18:34:04-07:00" level=info msg="received message" error=true event_type=close message="port already closed" monitor=serial-monitor
2025-09-01 18:34:04 2025-09-02T01:34:04.146Z daemon INFO time="2025-09-01T18:34:04-07:00" level=info msg="sending command" command=QUIT monitor=serial-monitor
2025-09-01 18:34:04 2025-09-02T01:34:04.146Z daemon INFO time="2025-09-01T18:34:04-07:00" level=info msg="received message" error=false event_type=quit message=OK monitor=serial-monitor
time="2025-09-01T18:34:04-07:00" level=info msg="Killing monitor process" monitor=serial-monitor
2025-09-01 18:34:04 2025-09-02T01:34:04.147Z discovery-log INFO {"eventType":"remove","port":{"matchingBoardsList":[],"port":{"address":"/dev/ttyACM0","label":"","protocol":"serial","protocolLabel":"","propertiesMap":[],"hardwareId":""}},"error":""}
2025-09-01 18:34:04 2025-09-02T01:34:04.147Z daemon INFO time="2025-09-01T18:34:04-07:00" level=error msg="stopped decode loop: EOF" monitor=serial-monitor
2025-09-01 18:34:04 2025-09-02T01:34:04.147Z daemon INFO time="2025-09-01T18:34:04-07:00" level=info msg="Monitor process killed" monitor=serial-monitor
2025-09-01 18:34:04 2025-09-02T01:34:04.148Z monitor-service INFO monitor to /dev/ttyACM0 using serial closed by server
2025-09-01 18:34:04 2025-09-02T01:34:04.520Z discovery-log INFO {"eventType":"add","port":{"matchingBoardsList":[{"name":"ESP32 Family Device","fqbn":"esp32:esp32:esp32_family","isHidden":true}],"port":{"address":"/dev/ttyACM0","label":"/dev/ttyACM0","protocol":"serial","protocolLabel":"Serial Port (USB)","propertiesMap":[["pid","0x1001"],["serialNumber","30:ED:A0:AD:83:34"],["vid","0x303a"]],"hardwareId":"30:ED:A0:AD:83:34"}},"error":""}
2025-09-01 18:34:04 2025-09-02T01:34:04.757Z monitor-service INFO starting monitor
2025-09-01 18:34:04 2025-09-02T01:34:04.758Z daemon INFO time="2025-09-01T18:34:04-07:00" level=info msg="Starting monitor process" monitor=serial-monitor
2025-09-01 18:34:04 2025-09-02T01:34:04.759Z daemon INFO time="2025-09-01T18:34:04-07:00" level=info msg="Monitor process started successfully!" monitor=serial-monitor
time="2025-09-01T18:34:04-07:00" level=info msg="sending command" command="HELLO 1 \"arduino-cli 1.2.0\"" monitor=serial-monitor
2025-09-01 18:34:04 2025-09-02T01:34:04.762Z daemon INFO time="2025-09-01T18:34:04-07:00" level=info msg="received message" error=false event_type=hello message=OK monitor=serial-monitor
time="2025-09-01T18:34:04-07:00" level=info msg="sending command" command=DESCRIBE monitor=serial-monitor
2025-09-01 18:34:04 2025-09-02T01:34:04.762Z daemon INFO time="2025-09-01T18:34:04-07:00" level=info msg="received message" error=false event_type=describe message=OK monitor=serial-monitor
time="2025-09-01T18:34:04-07:00" level=info msg="sending command" command=QUIT monitor=serial-monitor
2025-09-01 18:34:04 2025-09-02T01:34:04.762Z daemon INFO time="2025-09-01T18:34:04-07:00" level=info msg="received message" error=false event_type=quit message=OK monitor=serial-monitor
time="2025-09-01T18:34:04-07:00" level=info msg="Killing monitor process" monitor=serial-monitor
2025-09-01 18:34:04 2025-09-02T01:34:04.763Z daemon INFO time="2025-09-01T18:34:04-07:00" level=error msg="stopped decode loop: EOF" monitor=serial-monitor
time="2025-09-01T18:34:04-07:00" level=info msg="Monitor process killed" monitor=serial-monitor
2025-09-01 18:34:04 2025-09-02T01:34:04.767Z daemon INFO time="2025-09-01T18:34:04-07:00" level=info msg="Starting monitor process" monitor=serial-monitor
2025-09-01 18:34:04 2025-09-02T01:34:04.768Z daemon INFO time="2025-09-01T18:34:04-07:00" level=info msg="Monitor process started successfully!" monitor=serial-monitor
time="2025-09-01T18:34:04-07:00" level=info msg="sending command" command="HELLO 1 \"arduino-cli 1.2.0\"" monitor=serial-monitor
2025-09-01 18:34:04 2025-09-02T01:34:04.770Z daemon INFO time="2025-09-01T18:34:04-07:00" level=info msg="received message" error=false event_type=hello message=OK monitor=serial-monitor
time="2025-09-01T18:34:04-07:00" level=info msg="sending command" command=DESCRIBE monitor=serial-monitor
2025-09-01 18:34:04 2025-09-02T01:34:04.770Z daemon INFO time="2025-09-01T18:34:04-07:00" level=info msg="received message" error=false event_type=describe message=OK monitor=serial-monitor
2025-09-01 18:34:04 2025-09-02T01:34:04.770Z daemon INFO time="2025-09-01T18:34:04-07:00" level=info msg="sending command" command="CONFIGURE stop_bits 1" monitor=serial-monitor
2025-09-01 18:34:04 2025-09-02T01:34:04.770Z daemon INFO time="2025-09-01T18:34:04-07:00" level=info msg="received message" error=false event_type=configure message=OK monitor=serial-monitor
time="2025-09-01T18:34:04-07:00" level=info msg="sending command" command="CONFIGURE baudrate 115200" monitor=serial-monitor
2025-09-01 18:34:04 2025-09-02T01:34:04.771Z daemon INFO time="2025-09-01T18:34:04-07:00" level=info msg="received message" error=false event_type=configure message=OK monitor=serial-monitor
2025-09-01 18:34:04 2025-09-02T01:34:04.771Z daemon INFO time="2025-09-01T18:34:04-07:00" level=info msg="sending command" command="CONFIGURE bits 8" monitor=serial-monitor
2025-09-01 18:34:04 2025-09-02T01:34:04.771Z daemon INFO time="2025-09-01T18:34:04-07:00" level=info msg="received message" error=false event_type=configure message=OK monitor=serial-monitor
time="2025-09-01T18:34:04-07:00" level=info msg="sending command" command="CONFIGURE dtr on" monitor=serial-monitor
2025-09-01 18:34:04 2025-09-02T01:34:04.771Z daemon INFO time="2025-09-01T18:34:04-07:00" level=info msg="received message" error=false event_type=configure message=OK monitor=serial-monitor
2025-09-01 18:34:04 2025-09-02T01:34:04.771Z daemon INFO time="2025-09-01T18:34:04-07:00" level=info msg="sending command" command="CONFIGURE parity none" monitor=serial-monitor
2025-09-01 18:34:04 2025-09-02T01:34:04.771Z daemon INFO time="2025-09-01T18:34:04-07:00" level=info msg="received message" error=false event_type=configure message=OK monitor=serial-monitor
2025-09-01 18:34:04 2025-09-02T01:34:04.771Z daemon INFO time="2025-09-01T18:34:04-07:00" level=info msg="sending command" command="CONFIGURE rts on" monitor=serial-monitor
2025-09-01 18:34:04 2025-09-02T01:34:04.771Z daemon INFO time="2025-09-01T18:34:04-07:00" level=info msg="received message" error=false event_type=configure message=OK monitor=serial-monitor
2025-09-01 18:34:04 2025-09-02T01:34:04.771Z daemon INFO time="2025-09-01T18:34:04-07:00" level=info msg="sending command" command="OPEN 127.0.0.1:38467 /dev/ttyACM0" monitor=serial-monitor
2025-09-01 18:34:04 2025-09-02T01:34:04.772Z daemon INFO time="2025-09-01T18:34:04-07:00" level=info msg="received message" error=false event_type=open message=OK monitor=serial-monitor
2025-09-01 18:34:04 2025-09-02T01:34:04.772Z daemon INFO time="2025-09-01T18:34:04-07:00" level=info msg="Port /dev/ttyACM0 successfully opened"
2025-09-01 18:34:04 2025-09-02T01:34:04.772Z monitor-service INFO Using port configuration for serial:/dev/ttyACM0: {"settingsList":[{"settingId":"stop_bits","value":"1"},{"settingId":"baudrate","value":"115200"},{"settingId":"bits","value":"8"},{"settingId":"dtr","value":"on"},{"settingId":"parity","value":"none"},{"settingId":"rts","value":"on"}]}
2025-09-01 18:34:04 2025-09-02T01:34:04.772Z monitor-service INFO started monitor to /dev/ttyACM0 using serial
2025-09-01 18:34:04 2025-09-02T01:34:04.778Z monitor-service INFO No port configuration changes have been detected. No need to send configure commands to the running monitor serial:/dev/ttyACM0.
2025-09-01 18:34:04 2025-09-02T01:34:04.779Z monitor-service INFO No port configuration changes have been detected. No need to send configure commands to the running monitor serial:/dev/ttyACM0.
2025-09-01 18:34:07 2025-09-02T01:34:07.169Z daemon INFO time="2025-09-01T18:34:07-07:00" level=info msg="sending command" command=CLOSE monitor=serial-monitor
2025-09-01 18:34:07 2025-09-02T01:34:07.169Z daemon INFO time="2025-09-01T18:34:07-07:00" level=info msg="received message" error=true event_type=port_closed message="readfrom tcp 127.0.0.1:49596->127.0.0.1:38467: Port has been closed" monitor=serial-monitor
time="2025-09-01T18:34:07-07:00" level=info msg="monitor port has been closed externally" monitor=serial-monitor
2025-09-01 18:34:07 2025-09-02T01:34:07.171Z discovery-log INFO {"eventType":"remove","port":{"matchingBoardsList":[],"port":{"address":"/dev/ttyACM0","label":"","protocol":"serial","protocolLabel":"","propertiesMap":[],"hardwareId":""}},"error":""}
2025-09-01 18:34:07 2025-09-02T01:34:07.171Z daemon INFO time="2025-09-01T18:34:07-07:00" level=info msg="received message" error=true event_type=close message="port already closed" monitor=serial-monitor
time="2025-09-01T18:34:07-07:00" level=info msg="sending command" command=QUIT monitor=serial-monitor
time="2025-09-01T18:34:07-07:00" level=info msg="received message" error=false event_type=quit message=OK monitor=serial-monitor
time="2025-09-01T18:34:07-07:00" level=info msg="Killing monitor process" monitor=serial-monitor
time="2025-09-01T18:34:07-07:00" level=error msg="stopped decode loop: EOF" monitor=serial-monitor
time="2025-09-01T18:34:07-07:00" level=info msg="Monitor process killed" monitor=serial-monitor
2025-09-01 18:34:07 2025-09-02T01:34:07.172Z monitor-service INFO monitor to /dev/ttyACM0 using serial closed by server
2025-09-01 18:34:07 2025-09-02T01:34:07.541Z discovery-log INFO {"eventType":"add","port":{"matchingBoardsList":[{"name":"ESP32 Family Device","fqbn":"esp32:esp32:esp32_family","isHidden":true}],"port":{"address":"/dev/ttyACM0","label":"/dev/ttyACM0","protocol":"serial","protocolLabel":"Serial Port (USB)","propertiesMap":[["pid","0x1001"],["serialNumber","30:ED:A0:AD:83:34"],["vid","0x303a"]],"hardwareId":"30:ED:A0:AD:83:34"}},"error":""}
2025-09-01 18:34:07 2025-09-02T01:34:07.770Z monitor-service INFO starting monitor
2025-09-01 18:34:07 2025-09-02T01:34:07.772Z daemon INFO time="2025-09-01T18:34:07-07:00" level=info msg="Starting monitor process" monitor=serial-monitor
2025-09-01 18:34:07 2025-09-02T01:34:07.774Z daemon INFO time="2025-09-01T18:34:07-07:00" level=info msg="Monitor process started successfully!" monitor=serial-monitor
time="2025-09-01T18:34:07-07:00" level=info msg="sending command" command="HELLO 1 \"arduino-cli 1.2.0\"" monitor=serial-monitor
2025-09-01 18:34:07 2025-09-02T01:34:07.776Z daemon INFO time="2025-09-01T18:34:07-07:00" level=info msg="received message" error=false event_type=hello message=OK monitor=serial-monitor
time="2025-09-01T18:34:07-07:00" level=info msg="sending command" command=DESCRIBE monitor=serial-monitor
2025-09-01 18:34:07 2025-09-02T01:34:07.777Z daemon INFO time="2025-09-01T18:34:07-07:00" level=info msg="received message" error=false event_type=describe message=OK monitor=serial-monitor
time="2025-09-01T18:34:07-07:00" level=info msg="sending command" command=QUIT monitor=serial-monitor
time="2025-09-01T18:34:07-07:00" level=info msg="received message" error=false event_type=quit message=OK monitor=serial-monitor
time="2025-09-01T18:34:07-07:00" level=info msg="Killing monitor process" monitor=serial-monitor
2025-09-01 18:34:07 2025-09-02T01:34:07.778Z daemon INFO time="2025-09-01T18:34:07-07:00" level=error msg="stopped decode loop: EOF" monitor=serial-monitor
2025-09-01 18:34:07 2025-09-02T01:34:07.778Z daemon INFO time="2025-09-01T18:34:07-07:00" level=info msg="Monitor process killed" monitor=serial-monitor
2025-09-01 18:34:07 2025-09-02T01:34:07.782Z daemon INFO time="2025-09-01T18:34:07-07:00" level=info msg="Starting monitor process" monitor=serial-monitor
2025-09-01 18:34:07 2025-09-02T01:34:07.783Z daemon INFO time="2025-09-01T18:34:07-07:00" level=info msg="Monitor process started successfully!" monitor=serial-monitor
time="2025-09-01T18:34:07-07:00" level=info msg="sending command" command="HELLO 1 \"arduino-cli 1.2.0\"" monitor=serial-monitor
2025-09-01 18:34:07 2025-09-02T01:34:07.785Z daemon INFO time="2025-09-01T18:34:07-07:00" level=info msg="received message" error=false event_type=hello message=OK monitor=serial-monitor
time="2025-09-01T18:34:07-07:00" level=info msg="sending command" command=DESCRIBE monitor=serial-monitor
2025-09-01 18:34:07 2025-09-02T01:34:07.785Z daemon INFO time="2025-09-01T18:34:07-07:00" level=info msg="received message" error=false event_type=describe message=OK monitor=serial-monitor
time="2025-09-01T18:34:07-07:00" level=info msg="sending command" command="CONFIGURE stop_bits 1" monitor=serial-monitor
time="2025-09-01T18:34:07-07:00" level=info msg="received message" error=false event_type=configure message=OK monitor=serial-monitor
2025-09-01 18:34:07 2025-09-02T01:34:07.785Z daemon INFO time="2025-09-01T18:34:07-07:00" level=info msg="sending command" command="CONFIGURE baudrate 115200" monitor=serial-monitor
time="2025-09-01T18:34:07-07:00" level=info msg="received message" error=false event_type=configure message=OK monitor=serial-monitor
time="2025-09-01T18:34:07-07:00" level=info msg="sending command" command="CONFIGURE bits 8" monitor=serial-monitor
2025-09-01 18:34:07 2025-09-02T01:34:07.785Z daemon INFO time="2025-09-01T18:34:07-07:00" level=info msg="received message" error=false event_type=configure message=OK monitor=serial-monitor
time="2025-09-01T18:34:07-07:00" level=info msg="sending command" command="CONFIGURE dtr on" monitor=serial-monitor
2025-09-01 18:34:07 2025-09-02T01:34:07.785Z daemon INFO time="2025-09-01T18:34:07-07:00" level=info msg="received message" error=false event_type=configure message=OK monitor=serial-monitor
time="2025-09-01T18:34:07-07:00" level=info msg="sending command" command="CONFIGURE parity none" monitor=serial-monitor
time="2025-09-01T18:34:07-07:00" level=info msg="received message" error=false event_type=configure message=OK monitor=serial-monitor
2025-09-01 18:34:07 2025-09-02T01:34:07.785Z daemon INFO time="2025-09-01T18:34:07-07:00" level=info msg="sending command" command="CONFIGURE rts on" monitor=serial-monitor
time="2025-09-01T18:34:07-07:00" level=info msg="received message" error=false event_type=configure message=OK monitor=serial-monitor
2025-09-01 18:34:07 2025-09-02T01:34:07.785Z daemon INFO time="2025-09-01T18:34:07-07:00" level=info msg="sending command" command="OPEN 127.0.0.1:44983 /dev/ttyACM0" monitor=serial-monitor
2025-09-01 18:34:07 2025-09-02T01:34:07.786Z daemon INFO time="2025-09-01T18:34:07-07:00" level=info msg="received message" error=false event_type=open message=OK monitor=serial-monitor
time="2025-09-01T18:34:07-07:00" level=info msg="Port /dev/ttyACM0 successfully opened"
2025-09-01 18:34:07 2025-09-02T01:34:07.787Z monitor-service INFO Using port configuration for serial:/dev/ttyACM0: {"settingsList":[{"settingId":"stop_bits","value":"1"},{"settingId":"baudrate","value":"115200"},{"settingId":"bits","value":"8"},{"settingId":"dtr","value":"on"},{"settingId":"parity","value":"none"},{"settingId":"rts","value":"on"}]}
2025-09-01 18:34:07 2025-09-02T01:34:07.787Z monitor-service INFO started monitor to /dev/ttyACM0 using serial
2025-09-01 18:34:07 2025-09-02T01:34:07.818Z monitor-service INFO No port configuration changes have been detected. No need to send configure commands to the running monitor serial:/dev/ttyACM0.
2025-09-01 18:34:07 2025-09-02T01:34:07.819Z monitor-service INFO No port configuration changes have been detected. No need to send configure commands to the running monitor serial:/dev/ttyACM0.
2025-09-01 18:34:08 2025-09-02T01:34:08.697Z daemon INFO time="2025-09-01T18:34:08-07:00" level=info msg="sending command" command=CLOSE monitor=serial-monitor
2025-09-01 18:34:10 2025-09-02T01:34:10.193Z daemon INFO time="2025-09-01T18:34:10-07:00" level=info msg="received message" error=false event_type=close message=OK monitor=serial-monitor
time="2025-09-01T18:34:10-07:00" level=info msg="sending command" command=QUIT monitor=serial-monitor
2025-09-01 18:34:10 2025-09-02T01:34:10.193Z daemon INFO time="2025-09-01T18:34:10-07:00" level=info msg="received message" error=false event_type=quit message=OK monitor=serial-monitor
time="2025-09-01T18:34:10-07:00" level=info msg="Killing monitor process" monitor=serial-monitor
2025-09-01 18:34:10 2025-09-02T01:34:10.194Z discovery-log INFO {"eventType":"remove","port":{"matchingBoardsList":[],"port":{"address":"/dev/ttyACM0","label":"","protocol":"serial","protocolLabel":"","propertiesMap":[],"hardwareId":""}},"error":""}
2025-09-01 18:34:10 2025-09-02T01:34:10.194Z daemon INFO time="2025-09-01T18:34:10-07:00" level=error msg="stopped decode loop: EOF" monitor=serial-monitor
time="2025-09-01T18:34:10-07:00" level=info msg="Monitor process killed" monitor=serial-monitor
2025-09-01 18:34:10 2025-09-02T01:34:10.195Z monitor-service INFO monitor to /dev/ttyACM0 using serial closed by server
2025-09-01 18:34:10 2025-09-02T01:34:10.566Z discovery-log INFO {"eventType":"add","port":{"matchingBoardsList":[{"name":"ESP32 Family Device","fqbn":"esp32:esp32:esp32_family","isHidden":true}],"port":{"address":"/dev/ttyACM0","label":"/dev/ttyACM0","protocol":"serial","protocolLabel":"Serial Port (USB)","propertiesMap":[["pid","0x1001"],["serialNumber","30:ED:A0:AD:83:34"],["vid","0x303a"]],"hardwareId":"30:ED:A0:AD:83:34"}},"error":""}
2025-09-01 18:34:12 2025-09-02T01:34:12.369Z discovery-log INFO {"eventType":"remove","port":{"matchingBoardsList":[],"port":{"address":"/dev/ttyACM0","label":"","protocol":"serial","protocolLabel":"","propertiesMap":[],"hardwareId":""}},"error":""}
2025-09-01 18:34:12 2025-09-02T01:34:12.944Z discovery-log INFO {"eventType":"add","port":{"matchingBoardsList":[{"name":"ESP32 Family Device","fqbn":"esp32:esp32:esp32_family","isHidden":true}],"port":{"address":"/dev/ttyACM0","label":"/dev/ttyACM0","protocol":"serial","protocolLabel":"Serial Port (USB)","propertiesMap":[["pid","0x1001"],["serialNumber","30:ED:A0:AD:83:34"],["vid","0x303a"]],"hardwareId":"30:ED:A0:AD:83:34"}},"error":""}
2025-09-01 18:34:14 2025-09-02T01:34:14.878Z daemon INFO time="2025-09-01T18:34:14-07:00" level=info msg="Adding libraries dir" dir=/home/aaron/.arduino15/libraries isSingleLibrary=false location=ide
time="2025-09-01T18:34:14-07:00" level=info msg="Adding libraries dir" dir=/home/aaron/.arduino15/packages/esp32/hardware/esp32/3.3.0/libraries isSingleLibrary=false location=platform
2025-09-01 18:34:14 2025-09-02T01:34:14.878Z daemon INFO time="2025-09-01T18:34:14-07:00" level=info msg="Adding libraries dir" dir=/home/aaron/Arduino/libraries isSingleLibrary=false location=user
2025-09-01 18:34:15 2025-09-02T01:34:15.625Z discovery-log INFO {"eventType":"remove","port":{"matchingBoardsList":[],"port":{"address":"/dev/ttyACM0","label":"","protocol":"serial","protocolLabel":"","propertiesMap":[],"hardwareId":""}},"error":""}
2025-09-01 18:34:15 2025-09-02T01:34:15.997Z discovery-log INFO {"eventType":"add","port":{"matchingBoardsList":[{"name":"ESP32 Family Device","fqbn":"esp32:esp32:esp32_family","isHidden":true}],"port":{"address":"/dev/ttyACM0","label":"/dev/ttyACM0","protocol":"serial","protocolLabel":"Serial Port (USB)","propertiesMap":[["pid","0x1001"],["serialNumber","30:ED:A0:AD:83:34"],["vid","0x303a"]],"hardwareId":"30:ED:A0:AD:83:34"}},"error":""}
2025-09-01 18:34:18 2025-09-02T01:34:18.636Z root INFO Starting language server: esp32:esp32:esp32_family
2025-09-01 18:34:18 2025-09-02T01:34:18.638Z daemon INFO time="2025-09-01T18:34:18-07:00" level=info msg="Tool required for debug" tool="arduino:dfu-util@0.11.0-arduino5"
time="2025-09-01T18:34:18-07:00" level=info msg="Tool required for debug" tool="esp32:esp-rv32@2411"
time="2025-09-01T18:34:18-07:00" level=info msg="Tool required for debug" tool="esp32:esp-x32@2411"
time="2025-09-01T18:34:18-07:00" level=info msg="Tool required for debug" tool="esp32:esp32-arduino-libs@idf-release_v5.5-b66b5448-v1"
2025-09-01 18:34:18 2025-09-02T01:34:18.638Z daemon INFO time="2025-09-01T18:34:18-07:00" level=info msg="Tool required for debug" tool="esp32:esptool_py@5.0.0"
time="2025-09-01T18:34:18-07:00" level=info msg="Tool required for debug" tool="esp32:mklittlefs@3.0.0-gnu12-dc7f933"
time="2025-09-01T18:34:18-07:00" level=info msg="Tool required for debug" tool="esp32:mkspiffs@0.2.3"
time="2025-09-01T18:34:18-07:00" level=info msg="Tool required for debug" tool="esp32:openocd-esp32@v0.12.0-esp32-20250422"
time="2025-09-01T18:34:18-07:00" level=info msg="Tool required for debug" tool="esp32:riscv32-esp-elf-gdb@16.2_20250324"
time="2025-09-01T18:34:18-07:00" level=info msg="Tool required for debug" tool="esp32:xtensa-esp-elf-gdb@16.2_20250324"
time="2025-09-01T18:34:18-07:00" level=info msg="Tool required for debug" tool="builtin:ctags@5.8-arduino11"
time="2025-09-01T18:34:18-07:00" level=info msg="Tool required for debug" tool="builtin:mdns-discovery@1.0.9"
2025-09-01 18:34:18 2025-09-02T01:34:18.638Z daemon INFO time="2025-09-01T18:34:18-07:00" level=info msg="Tool required for debug" tool="arduino:avr-gcc@7.3.0-atmel3.6.1-arduino7"
time="2025-09-01T18:34:18-07:00" level=info msg="Tool required for debug" tool="arduino:bossac@1.9.1-arduino5"
time="2025-09-01T18:34:18-07:00" level=info msg="Tool required for debug" tool="builtin:serial-discovery@1.4.1"
time="2025-09-01T18:34:18-07:00" level=info msg="Tool required for debug" tool="builtin:serial-monitor@0.15.0"
2025-09-01 18:34:18 2025-09-02T01:34:18.638Z daemon INFO time="2025-09-01T18:34:18-07:00" level=info msg="Tool required for debug" tool="arduino:arm-none-eabi-gcc@7-2017q4"
time="2025-09-01T18:34:18-07:00" level=info msg="Tool required for debug" tool="arduino:arduinoOTA@1.3.0"
time="2025-09-01T18:34:18-07:00" level=info msg="Tool required for debug" tool="arduino:openocd@0.11.0-arduino2"
time="2025-09-01T18:34:18-07:00" level=info msg="Tool required for debug" tool="builtin:dfu-discovery@0.1.2"
2025-09-01 18:34:18 2025-09-02T01:34:18.638Z daemon INFO time="2025-09-01T18:34:18-07:00" level=info msg="Tool required for debug" tool="arduino:avrdude@6.3.0-arduino17"
2025-09-01 18:34:18 2025-09-02T01:34:18.651Z discovery-log INFO {"eventType":"remove","port":{"matchingBoardsList":[],"port":{"address":"/dev/ttyACM0","label":"","protocol":"serial","protocolLabel":"","propertiesMap":[],"hardwareId":""}},"error":""}
2025-09-01 18:34:19 2025-09-02T01:34:19.023Z discovery-log INFO {"eventType":"add","port":{"matchingBoardsList":[{"name":"ESP32 Family Device","fqbn":"esp32:esp32:esp32_family","isHidden":true}],"port":{"address":"/dev/ttyACM0","label":"/dev/ttyACM0","protocol":"serial","protocolLabel":"Serial Port (USB)","propertiesMap":[["pid","0x1001"],["serialNumber","30:ED:A0:AD:83:34"],["vid","0x303a"]],"hardwareId":"30:ED:A0:AD:83:34"}},"error":""}
2025-09-01 18:34:21 2025-09-02T01:34:21.677Z discovery-log INFO {"eventType":"remove","port":{"matchingBoardsList":[],"port":{"address":"/dev/ttyACM0","label":"","protocol":"serial","protocolLabel":"","propertiesMap":[],"hardwareId":""}},"error":""}
2025-09-01 18:34:22 2025-09-02T01:34:22.049Z discovery-log INFO {"eventType":"add","port":{"matchingBoardsList":[{"name":"ESP32 Family Device","fqbn":"esp32:esp32:esp32_family","isHidden":true}],"port":{"address":"/dev/ttyACM0","label":"/dev/ttyACM0","protocol":"serial","protocolLabel":"Serial Port (USB)","propertiesMap":[["pid","0x1001"],["serialNumber","30:ED:A0:AD:83:34"],["vid","0x303a"]],"hardwareId":"30:ED:A0:AD:83:34"}},"error":""}
2025-09-01 18:34:24 2025-09-02T01:34:24.040Z daemon INFO time="2025-09-01T18:34:24-07:00" level=info msg="Adding libraries dir" dir=/home/aaron/.arduino15/libraries isSingleLibrary=false location=ide
time="2025-09-01T18:34:24-07:00" level=info msg="Adding libraries dir" dir=/home/aaron/.arduino15/packages/esp32/hardware/esp32/3.3.0/libraries isSingleLibrary=false location=platform
time="2025-09-01T18:34:24-07:00" level=info msg="Adding libraries dir" dir=/home/aaron/Arduino/libraries isSingleLibrary=false location=user
2025-09-01 18:34:24 2025-09-02T01:34:24.299Z daemon INFO time="2025-09-01T18:34:24-07:00" level=info msg="Adding libraries dir" dir=/home/aaron/.arduino15/libraries isSingleLibrary=false location=ide
time="2025-09-01T18:34:24-07:00" level=info msg="Adding libraries dir" dir=/home/aaron/.arduino15/packages/esp32/hardware/esp32/3.3.0/libraries isSingleLibrary=false location=platform
2025-09-01 18:34:24 2025-09-02T01:34:24.299Z daemon INFO time="2025-09-01T18:34:24-07:00" level=info msg="Adding libraries dir" dir=/home/aaron/Arduino/libraries isSingleLibrary=false location=user
2025-09-01 18:34:24 2025-09-02T01:34:24.487Z daemon INFO time="2025-09-01T18:34:24-07:00" level=info msg="Adding libraries dir" dir=/home/aaron/.arduino15/libraries isSingleLibrary=false location=ide
time="2025-09-01T18:34:24-07:00" level=info msg="Adding libraries dir" dir=/home/aaron/.arduino15/packages/esp32/hardware/esp32/3.3.0/libraries isSingleLibrary=false location=platform
2025-09-01 18:34:24 2025-09-02T01:34:24.487Z daemon INFO time="2025-09-01T18:34:24-07:00" level=info msg="Adding libraries dir" dir=/home/aaron/Arduino/libraries isSingleLibrary=false location=user
2025-09-01 18:34:24 2025-09-02T01:34:24.702Z daemon INFO time="2025-09-01T18:34:24-07:00" level=info msg="Adding libraries dir" dir=/home/aaron/.arduino15/libraries isSingleLibrary=false location=ide
time="2025-09-01T18:34:24-07:00" level=info msg="Adding libraries dir" dir=/home/aaron/.arduino15/packages/esp32/hardware/esp32/3.3.0/libraries isSingleLibrary=false location=platform
time="2025-09-01T18:34:24-07:00" level=info msg="Adding libraries dir" dir=/home/aaron/Arduino/libraries isSingleLibrary=false location=user
2025-09-01 18:34:24 2025-09-02T01:34:24.703Z discovery-log INFO {"eventType":"remove","port":{"matchingBoardsList":[],"port":{"address":"/dev/ttyACM0","label":"","protocol":"serial","protocolLabel":"","propertiesMap":[],"hardwareId":""}},"error":""}
2025-09-01 18:34:24 2025-09-02T01:34:24.899Z daemon INFO time="2025-09-01T18:34:24-07:00" level=info msg="Adding libraries dir" dir=/home/aaron/.arduino15/libraries isSingleLibrary=false location=ide
time="2025-09-01T18:34:24-07:00" level=info msg="Adding libraries dir" dir=/home/aaron/.arduino15/packages/esp32/hardware/esp32/3.3.0/libraries isSingleLibrary=false location=platform
time="2025-09-01T18:34:24-07:00" level=info msg="Adding libraries dir" dir=/home/aaron/Arduino/libraries isSingleLibrary=false location=user
2025-09-01 18:34:25 2025-09-02T01:34:25.076Z discovery-log INFO {"eventType":"add","port":{"matchingBoardsList":[{"name":"ESP32 Family Device","fqbn":"esp32:esp32:esp32_family","isHidden":true}],"port":{"address":"/dev/ttyACM0","label":"/dev/ttyACM0","protocol":"serial","protocolLabel":"Serial Port (USB)","propertiesMap":[["pid","0x1001"],["serialNumber","30:ED:A0:AD:83:34"],["vid","0x303a"]],"hardwareId":"30:ED:A0:AD:83:34"}},"error":""}
2025-09-01 18:34:27 2025-09-02T01:34:27.245Z root ERROR ---- !!!SLOW!!! DURATION: search took 227.071 ms. Args: [{"query":"wave","type":"All","topic":"All"}] ----
2025-09-01 18:34:27 2025-09-02T01:34:27.727Z discovery-log INFO {"eventType":"remove","port":{"matchingBoardsList":[],"port":{"address":"/dev/ttyACM0","label":"","protocol":"serial","protocolLabel":"","propertiesMap":[],"hardwareId":""}},"error":""}
2025-09-01 18:34:28 2025-09-02T01:34:28.101Z discovery-log INFO {"eventType":"add","port":{"matchingBoardsList":[{"name":"ESP32 Family Device","fqbn":"esp32:esp32:esp32_family","isHidden":true}],"port":{"address":"/dev/ttyACM0","label":"/dev/ttyACM0","protocol":"serial","protocolLabel":"Serial Port (USB)","propertiesMap":[["pid","0x1001"],["serialNumber","30:ED:A0:AD:83:34"],["vid","0x303a"]],"hardwareId":"30:ED:A0:AD:83:34"}},"error":""}
2025-09-01 18:34:30 2025-09-02T01:34:30.752Z discovery-log INFO {"eventType":"remove","port":{"matchingBoardsList":[],"port":{"address":"/dev/ttyACM0","label":"","protocol":"serial","protocolLabel":"","propertiesMap":[],"hardwareId":""}},"error":""}
2025-09-01 18:34:30 2025-09-02T01:34:30.796Z root ERROR ---- !!!SLOW!!! DURATION: search took 219.836 ms. Args: [{"query":"wavesh","type":"All","topic":"All"}] ----
2025-09-01 18:34:31 2025-09-02T01:34:31.128Z discovery-log INFO {"eventType":"add","port":{"matchingBoardsList":[{"name":"ESP32 Family Device","fqbn":"esp32:esp32:esp32_family","isHidden":true}],"port":{"address":"/dev/ttyACM0","label":"/dev/ttyACM0","protocol":"serial","protocolLabel":"Serial Port (USB)","propertiesMap":[["pid","0x1001"],["serialNumber","30:ED:A0:AD:83:34"],["vid","0x303a"]],"hardwareId":"30:ED:A0:AD:83:34"}},"error":""}
2025-09-01 18:34:32 2025-09-02T01:34:32.754Z root ERROR ---- !!!SLOW!!! DURATION: search took 218.228 ms. Args: [{"query":"waveshare","type":"All","topic":"All"}] ----
2025-09-01 18:34:33 2025-09-02T01:34:33.779Z discovery-log INFO {"eventType":"remove","port":{"matchingBoardsList":[],"port":{"address":"/dev/ttyACM0","label":"","protocol":"serial","protocolLabel":"","propertiesMap":[],"hardwareId":""}},"error":""}
2025-09-01 18:34:34 2025-09-02T01:34:34.155Z discovery-log INFO {"eventType":"add","port":{"matchingBoardsList":[{"name":"ESP32 Family Device","fqbn":"esp32:esp32:esp32_family","isHidden":true}],"port":{"address":"/dev/ttyACM0","label":"/dev/ttyACM0","protocol":"serial","protocolLabel":"Serial Port (USB)","propertiesMap":[["pid","0x1001"],["serialNumber","30:ED:A0:AD:83:34"],["vid","0x303a"]],"hardwareId":"30:ED:A0:AD:83:34"}},"error":""}
2025-09-01 18:34:36 2025-09-02T01:34:36.802Z discovery-log INFO {"eventType":"remove","port":{"matchingBoardsList":[],"port":{"address":"/dev/ttyACM0","label":"","protocol":"serial","protocolLabel":"","propertiesMap":[],"hardwareId":""}},"error":""}
2025-09-01 18:34:37 2025-09-02T01:34:37.176Z discovery-log INFO {"eventType":"add","port":{"matchingBoardsList":[{"name":"ESP32 Family Device","fqbn":"esp32:esp32:esp32_family","isHidden":true}],"port":{"address":"/dev/ttyACM0","label":"/dev/ttyACM0","protocol":"serial","protocolLabel":"Serial Port (USB)","propertiesMap":[["pid","0x1001"],["serialNumber","30:ED:A0:AD:83:34"],["vid","0x303a"]],"hardwareId":"30:ED:A0:AD:83:34"}},"error":""}
2025-09-01 18:34:39 2025-09-02T01:34:39.828Z discovery-log INFO {"eventType":"remove","port":{"matchingBoardsList":[],"port":{"address":"/dev/ttyACM0","label":"","protocol":"serial","protocolLabel":"","propertiesMap":[],"hardwareId":""}},"error":""}
2025-09-01 18:34:40 2025-09-02T01:34:40.203Z discovery-log INFO {"eventType":"add","port":{"matchingBoardsList":[{"name":"ESP32 Family Device","fqbn":"esp32:esp32:esp32_family","isHidden":true}],"port":{"address":"/dev/ttyACM0","label":"/dev/ttyACM0","protocol":"serial","protocolLabel":"Serial Port (USB)","propertiesMap":[["pid","0x1001"],["serialNumber","30:ED:A0:AD:83:34"],["vid","0x303a"]],"hardwareId":"30:ED:A0:AD:83:34"}},"error":""}
2025-09-01 18:34:42 2025-09-02T01:34:42.854Z discovery-log INFO {"eventType":"remove","port":{"matchingBoardsList":[],"port":{"address":"/dev/ttyACM0","label":"","protocol":"serial","protocolLabel":"","propertiesMap":[],"hardwareId":""}},"error":""}
2025-09-01 18:34:43 2025-09-02T01:34:43.228Z discovery-log INFO {"eventType":"add","port":{"matchingBoardsList":[{"name":"ESP32 Family Device","fqbn":"esp32:esp32:esp32_family","isHidden":true}],"port":{"address":"/dev/ttyACM0","label":"/dev/ttyACM0","protocol":"serial","protocolLabel":"Serial Port (USB)","propertiesMap":[["pid","0x1001"],["serialNumber","30:ED:A0:AD:83:34"],["vid","0x303a"]],"hardwareId":"30:ED:A0:AD:83:34"}},"error":""}
2025-09-01 18:34:45 2025-09-02T01:34:45.879Z discovery-log INFO {"eventType":"remove","port":{"matchingBoardsList":[],"port":{"address":"/dev/ttyACM0","label":"","protocol":"serial","protocolLabel":"","propertiesMap":[],"hardwareId":""}},"error":""}
2025-09-01 18:34:46 2025-09-02T01:34:46.254Z discovery-log INFO {"eventType":"add","port":{"matchingBoardsList":[{"name":"ESP32 Family Device","fqbn":"esp32:esp32:esp32_family","isHidden":true}],"port":{"address":"/dev/ttyACM0","label":"/dev/ttyACM0","protocol":"serial","protocolLabel":"Serial Port (USB)","propertiesMap":[["pid","0x1001"],["serialNumber","30:ED:A0:AD:83:34"],["vid","0x303a"]],"hardwareId":"30:ED:A0:AD:83:34"}},"error":""}
2025-09-01 18:34:48 2025-09-02T01:34:48.903Z discovery-log INFO {"eventType":"remove","port":{"matchingBoardsList":[],"port":{"address":"/dev/ttyACM0","label":"","protocol":"serial","protocolLabel":"","propertiesMap":[],"hardwareId":""}},"error":""}
2025-09-01 18:34:49 2025-09-02T01:34:49.276Z discovery-log INFO {"eventType":"add","port":{"matchingBoardsList":[{"name":"ESP32 Family Device","fqbn":"esp32:esp32:esp32_family","isHidden":true}],"port":{"address":"/dev/ttyACM0","label":"/dev/ttyACM0","protocol":"serial","protocolLabel":"Serial Port (USB)","propertiesMap":[["pid","0x1001"],["serialNumber","30:ED:A0:AD:83:34"],["vid","0x303a"]],"hardwareId":"30:ED:A0:AD:83:34"}},"error":""}
2025-09-01 18:34:51 2025-09-02T01:34:51.928Z discovery-log INFO {"eventType":"remove","port":{"matchingBoardsList":[],"port":{"address":"/dev/ttyACM0","label":"","protocol":"serial","protocolLabel":"","propertiesMap":[],"hardwareId":""}},"error":""}
2025-09-01 18:34:52 2025-09-02T01:34:52.303Z discovery-log INFO {"eventType":"add","port":{"matchingBoardsList":[{"name":"ESP32 Family Device","fqbn":"esp32:esp32:esp32_family","isHidden":true}],"port":{"address":"/dev/ttyACM0","label":"/dev/ttyACM0","protocol":"serial","protocolLabel":"Serial Port (USB)","propertiesMap":[["pid","0x1001"],["serialNumber","30:ED:A0:AD:83:34"],["vid","0x303a"]],"hardwareId":"30:ED:A0:AD:83:34"}},"error":""}
2025-09-01 18:34:54 2025-09-02T01:34:54.952Z discovery-log INFO {"eventType":"remove","port":{"matchingBoardsList":[],"port":{"address":"/dev/ttyACM0","label":"","protocol":"serial","protocolLabel":"","propertiesMap":[],"hardwareId":""}},"error":""}
2025-09-01 18:34:55 2025-09-02T01:34:55.326Z discovery-log INFO {"eventType":"add","port":{"matchingBoardsList":[{"name":"ESP32 Family Device","fqbn":"esp32:esp32:esp32_family","isHidden":true}],"port":{"address":"/dev/ttyACM0","label":"/dev/ttyACM0","protocol":"serial","protocolLabel":"Serial Port (USB)","propertiesMap":[["pid","0x1001"],["serialNumber","30:ED:A0:AD:83:34"],["vid","0x303a"]],"hardwareId":"30:ED:A0:AD:83:34"}},"error":""}
2025-09-01 18:34:57 2025-09-02T01:34:57.976Z discovery-log INFO {"eventType":"remove","port":{"matchingBoardsList":[],"port":{"address":"/dev/ttyACM0","label":"","protocol":"serial","protocolLabel":"","propertiesMap":[],"hardwareId":""}},"error":""}
2025-09-01 18:34:58 2025-09-02T01:34:58.350Z discovery-log INFO {"eventType":"add","port":{"matchingBoardsList":[{"name":"ESP32 Family Device","fqbn":"esp32:esp32:esp32_family","isHidden":true}],"port":{"address":"/dev/ttyACM0","label":"/dev/ttyACM0","protocol":"serial","protocolLabel":"Serial Port (USB)","propertiesMap":[["pid","0x1001"],["serialNumber","30:ED:A0:AD:83:34"],["vid","0x303a"]],"hardwareId":"30:ED:A0:AD:83:34"}},"error":""}
2025-09-01 18:35:01 2025-09-02T01:35:00.999Z discovery-log INFO {"eventType":"remove","port":{"matchingBoardsList":[],"port":{"address":"/dev/ttyACM0","label":"","protocol":"serial","protocolLabel":"","propertiesMap":[],"hardwareId":""}},"error":""}
2025-09-01 18:35:01 2025-09-02T01:35:01.373Z discovery-log INFO {"eventType":"add","port":{"matchingBoardsList":[{"name":"ESP32 Family Device","fqbn":"esp32:esp32:esp32_family","isHidden":true}],"port":{"address":"/dev/ttyACM0","label":"/dev/ttyACM0","protocol":"serial","protocolLabel":"Serial Port (USB)","propertiesMap":[["pid","0x1001"],["serialNumber","30:ED:A0:AD:83:34"],["vid","0x303a"]],"hardwareId":"30:ED:A0:AD:83:34"}},"error":""}
2025-09-01 18:35:04 2025-09-02T01:35:04.022Z discovery-log INFO {"eventType":"remove","port":{"matchingBoardsList":[],"port":{"address":"/dev/ttyACM0","label":"","protocol":"serial","protocolLabel":"","propertiesMap":[],"hardwareId":""}},"error":""}
2025-09-01 18:35:04 2025-09-02T01:35:04.398Z discovery-log INFO {"eventType":"add","port":{"matchingBoardsList":[{"name":"ESP32 Family Device","fqbn":"esp32:esp32:esp32_family","isHidden":true}],"port":{"address":"/dev/ttyACM0","label":"/dev/ttyACM0","protocol":"serial","protocolLabel":"Serial Port (USB)","propertiesMap":[["pid","0x1001"],["serialNumber","30:ED:A0:AD:83:34"],["vid","0x303a"]],"hardwareId":"30:ED:A0:AD:83:34"}},"error":""}
2025-09-01 18:35:07 2025-09-02T01:35:07.045Z discovery-log INFO {"eventType":"remove","port":{"matchingBoardsList":[],"port":{"address":"/dev/ttyACM0","label":"","protocol":"serial","protocolLabel":"","propertiesMap":[],"hardwareId":""}},"error":""}
2025-09-01 18:35:07 2025-09-02T01:35:07.420Z discovery-log INFO {"eventType":"add","port":{"matchingBoardsList":[{"name":"ESP32 Family Device","fqbn":"esp32:esp32:esp32_family","isHidden":true}],"port":{"address":"/dev/ttyACM0","label":"/dev/ttyACM0","protocol":"serial","protocolLabel":"Serial Port (USB)","propertiesMap":[["pid","0x1001"],["serialNumber","30:ED:A0:AD:83:34"],["vid","0x303a"]],"hardwareId":"30:ED:A0:AD:83:34"}},"error":""}
2025-09-01 18:35:10 2025-09-02T01:35:10.068Z discovery-log INFO {"eventType":"remove","port":{"matchingBoardsList":[],"port":{"address":"/dev/ttyACM0","label":"","protocol":"serial","protocolLabel":"","propertiesMap":[],"hardwareId":""}},"error":""}
2025-09-01 18:35:10 2025-09-02T01:35:10.443Z discovery-log INFO {"eventType":"add","port":{"matchingBoardsList":[{"name":"ESP32 Family Device","fqbn":"esp32:esp32:esp32_family","isHidden":true}],"port":{"address":"/dev/ttyACM0","label":"/dev/ttyACM0","protocol":"serial","protocolLabel":"Serial Port (USB)","propertiesMap":[["pid","0x1001"],["serialNumber","30:ED:A0:AD:83:34"],["vid","0x303a"]],"hardwareId":"30:ED:A0:AD:83:34"}},"error":""}
2025-09-01 18:35:13 2025-09-02T01:35:13.092Z discovery-log INFO {"eventType":"remove","port":{"matchingBoardsList":[],"port":{"address":"/dev/ttyACM0","label":"","protocol":"serial","protocolLabel":"","propertiesMap":[],"hardwareId":""}},"error":""}
2025-09-01 18:35:13 2025-09-02T01:35:13.465Z discovery-log INFO {"eventType":"add","port":{"matchingBoardsList":[{"name":"ESP32 Family Device","fqbn":"esp32:esp32:esp32_family","isHidden":true}],"port":{"address":"/dev/ttyACM0","label":"/dev/ttyACM0","protocol":"serial","protocolLabel":"Serial Port (USB)","propertiesMap":[["pid","0x1001"],["serialNumber","30:ED:A0:AD:83:34"],["vid","0x303a"]],"hardwareId":"30:ED:A0:AD:83:34"}},"error":""}
2025-09-01 18:35:16 2025-09-02T01:35:16.116Z discovery-log INFO {"eventType":"remove","port":{"matchingBoardsList":[],"port":{"address":"/dev/ttyACM0","label":"","protocol":"serial","protocolLabel":"","propertiesMap":[],"hardwareId":""}},"error":""}
2025-09-01 18:35:16 2025-09-02T01:35:16.490Z discovery-log INFO {"eventType":"add","port":{"matchingBoardsList":[{"name":"ESP32 Family Device","fqbn":"esp32:esp32:esp32_family","isHidden":true}],"port":{"address":"/dev/ttyACM0","label":"/dev/ttyACM0","protocol":"serial","protocolLabel":"Serial Port (USB)","propertiesMap":[["pid","0x1001"],["serialNumber","30:ED:A0:AD:83:34"],["vid","0x303a"]],"hardwareId":"30:ED:A0:AD:83:34"}},"error":""}
2025-09-01 18:35:19 2025-09-02T01:35:19.140Z discovery-log INFO {"eventType":"remove","port":{"matchingBoardsList":[],"port":{"address":"/dev/ttyACM0","label":"","protocol":"serial","protocolLabel":"","propertiesMap":[],"hardwareId":""}},"error":""}
2025-09-01 18:35:19 2025-09-02T01:35:19.516Z discovery-log INFO {"eventType":"add","port":{"matchingBoardsList":[{"name":"ESP32 Family Device","fqbn":"esp32:esp32:esp32_family","isHidden":true}],"port":{"address":"/dev/ttyACM0","label":"/dev/ttyACM0","protocol":"serial","protocolLabel":"Serial Port (USB)","propertiesMap":[["pid","0x1001"],["serialNumber","30:ED:A0:AD:83:34"],["vid","0x303a"]],"hardwareId":"30:ED:A0:AD:83:34"}},"error":""}
2025-09-01 18:35:22 2025-09-02T01:35:22.164Z discovery-log INFO {"eventType":"remove","port":{"matchingBoardsList":[],"port":{"address":"/dev/ttyACM0","label":"","protocol":"serial","protocolLabel":"","propertiesMap":[],"hardwareId":""}},"error":""}
2025-09-01 18:35:22 2025-09-02T01:35:22.538Z discovery-log INFO {"eventType":"add","port":{"matchingBoardsList":[{"name":"ESP32 Family Device","fqbn":"esp32:esp32:esp32_family","isHidden":true}],"port":{"address":"/dev/ttyACM0","label":"/dev/ttyACM0","protocol":"serial","protocolLabel":"Serial Port (USB)","propertiesMap":[["pid","0x1001"],["serialNumber","30:ED:A0:AD:83:34"],["vid","0x303a"]],"hardwareId":"30:ED:A0:AD:83:34"}},"error":""}
2025-09-01 18:35:25 2025-09-02T01:35:25.188Z discovery-log INFO {"eventType":"remove","port":{"matchingBoardsList":[],"port":{"address":"/dev/ttyACM0","label":"","protocol":"serial","protocolLabel":"","propertiesMap":[],"hardwareId":""}},"error":""}
2025-09-01 18:35:25 2025-09-02T01:35:25.563Z discovery-log INFO {"eventType":"add","port":{"matchingBoardsList":[{"name":"ESP32 Family Device","fqbn":"esp32:esp32:esp32_family","isHidden":true}],"port":{"address":"/dev/ttyACM0","label":"/dev/ttyACM0","protocol":"serial","protocolLabel":"Serial Port (USB)","propertiesMap":[["pid","0x1001"],["serialNumber","30:ED:A0:AD:83:34"],["vid","0x303a"]],"hardwareId":"30:ED:A0:AD:83:34"}},"error":""}
2025-09-01 18:35:28 2025-09-02T01:35:28.212Z discovery-log INFO {"eventType":"remove","port":{"matchingBoardsList":[],"port":{"address":"/dev/ttyACM0","label":"","protocol":"serial","protocolLabel":"","propertiesMap":[],"hardwareId":""}},"error":""}
2025-09-01 18:35:28 2025-09-02T01:35:28.588Z discovery-log INFO {"eventType":"add","port":{"matchingBoardsList":[{"name":"ESP32 Family Device","fqbn":"esp32:esp32:esp32_family","isHidden":true}],"port":{"address":"/dev/ttyACM0","label":"/dev/ttyACM0","protocol":"serial","protocolLabel":"Serial Port (USB)","propertiesMap":[["pid","0x1001"],["serialNumber","30:ED:A0:AD:83:34"],["vid","0x303a"]],"hardwareId":"30:ED:A0:AD:83:34"}},"error":""}
2025-09-01 18:35:31 2025-09-02T01:35:31.236Z discovery-log INFO {"eventType":"remove","port":{"matchingBoardsList":[],"port":{"address":"/dev/ttyACM0","label":"","protocol":"serial","protocolLabel":"","propertiesMap":[],"hardwareId":""}},"error":""}
2025-09-01 18:35:31 2025-09-02T01:35:31.612Z discovery-log INFO {"eventType":"add","port":{"matchingBoardsList":[{"name":"ESP32 Family Device","fqbn":"esp32:esp32:esp32_family","isHidden":true}],"port":{"address":"/dev/ttyACM0","label":"/dev/ttyACM0","protocol":"serial","protocolLabel":"Serial Port (USB)","propertiesMap":[["pid","0x1001"],["serialNumber","30:ED:A0:AD:83:34"],["vid","0x303a"]],"hardwareId":"30:ED:A0:AD:83:34"}},"error":""}
2025-09-01 18:35:34 2025-09-02T01:35:34.259Z discovery-log INFO {"eventType":"remove","port":{"matchingBoardsList":[],"port":{"address":"/dev/ttyACM0","label":"","protocol":"serial","protocolLabel":"","propertiesMap":[],"hardwareId":""}},"error":""}
2025-09-01 18:35:34 2025-09-02T01:35:34.633Z discovery-log INFO {"eventType":"add","port":{"matchingBoardsList":[{"name":"ESP32 Family Device","fqbn":"esp32:esp32:esp32_family","isHidden":true}],"port":{"address":"/dev/ttyACM0","label":"/dev/ttyACM0","protocol":"serial","protocolLabel":"Serial Port (USB)","propertiesMap":[["pid","0x1001"],["serialNumber","30:ED:A0:AD:83:34"],["vid","0x303a"]],"hardwareId":"30:ED:A0:AD:83:34"}},"error":""}
2025-09-01 18:35:37 2025-09-02T01:35:37.282Z discovery-log INFO {"eventType":"remove","port":{"matchingBoardsList":[],"port":{"address":"/dev/ttyACM0","label":"","protocol":"serial","protocolLabel":"","propertiesMap":[],"hardwareId":""}},"error":""}
2025-09-01 18:35:37 2025-09-02T01:35:37.655Z discovery-log INFO {"eventType":"add","port":{"matchingBoardsList":[{"name":"ESP32 Family Device","fqbn":"esp32:esp32:esp32_family","isHidden":true}],"port":{"address":"/dev/ttyACM0","label":"/dev/ttyACM0","protocol":"serial","protocolLabel":"Serial Port (USB)","propertiesMap":[["pid","0x1001"],["serialNumber","30:ED:A0:AD:83:34"],["vid","0x303a"]],"hardwareId":"30:ED:A0:AD:83:34"}},"error":""}
2025-09-01 18:35:40 2025-09-02T01:35:40.306Z discovery-log INFO {"eventType":"remove","port":{"matchingBoardsList":[],"port":{"address":"/dev/ttyACM0","label":"","protocol":"serial","protocolLabel":"","propertiesMap":[],"hardwareId":""}},"error":""}
2025-09-01 18:35:40 2025-09-02T01:35:40.679Z discovery-log INFO {"eventType":"add","port":{"matchingBoardsList":[{"name":"ESP32 Family Device","fqbn":"esp32:esp32:esp32_family","isHidden":true}],"port":{"address":"/dev/ttyACM0","label":"/dev/ttyACM0","protocol":"serial","protocolLabel":"Serial Port (USB)","propertiesMap":[["pid","0x1001"],["serialNumber","30:ED:A0:AD:83:34"],["vid","0x303a"]],"hardwareId":"30:ED:A0:AD:83:34"}},"error":""}
2025-09-01 18:35:43 2025-09-02T01:35:43.329Z discovery-log INFO {"eventType":"remove","port":{"matchingBoardsList":[],"port":{"address":"/dev/ttyACM0","label":"","protocol":"serial","protocolLabel":"","propertiesMap":[],"hardwareId":""}},"error":""}
2025-09-01 18:35:43 2025-09-02T01:35:43.703Z discovery-log INFO {"eventType":"add","port":{"matchingBoardsList":[{"name":"ESP32 Family Device","fqbn":"esp32:esp32:esp32_family","isHidden":true}],"port":{"address":"/dev/ttyACM0","label":"/dev/ttyACM0","protocol":"serial","protocolLabel":"Serial Port (USB)","propertiesMap":[["pid","0x1001"],["serialNumber","30:ED:A0:AD:83:34"],["vid","0x303a"]],"hardwareId":"30:ED:A0:AD:83:34"}},"error":""}
2025-09-01 18:35:46 2025-09-02T01:35:46.353Z discovery-log INFO {"eventType":"remove","port":{"matchingBoardsList":[],"port":{"address":"/dev/ttyACM0","label":"","protocol":"serial","protocolLabel":"","propertiesMap":[],"hardwareId":""}},"error":""}
2025-09-01 18:35:46 2025-09-02T01:35:46.727Z discovery-log INFO {"eventType":"add","port":{"matchingBoardsList":[{"name":"ESP32 Family Device","fqbn":"esp32:esp32:esp32_family","isHidden":true}],"port":{"address":"/dev/ttyACM0","label":"/dev/ttyACM0","protocol":"serial","protocolLabel":"Serial Port (USB)","propertiesMap":[["pid","0x1001"],["serialNumber","30:ED:A0:AD:83:34"],["vid","0x303a"]],"hardwareId":"30:ED:A0:AD:83:34"}},"error":""}
2025-09-01 18:35:49 2025-09-02T01:35:49.377Z discovery-log INFO {"eventType":"remove","port":{"matchingBoardsList":[],"port":{"address":"/dev/ttyACM0","label":"","protocol":"serial","protocolLabel":"","propertiesMap":[],"hardwareId":""}},"error":""}
2025-09-01 18:35:49 2025-09-02T01:35:49.750Z discovery-log INFO {"eventType":"add","port":{"matchingBoardsList":[{"name":"ESP32 Family Device","fqbn":"esp32:esp32:esp32_family","isHidden":true}],"port":{"address":"/dev/ttyACM0","label":"/dev/ttyACM0","protocol":"serial","protocolLabel":"Serial Port (USB)","propertiesMap":[["pid","0x1001"],["serialNumber","30:ED:A0:AD:83:34"],["vid","0x303a"]],"hardwareId":"30:ED:A0:AD:83:34"}},"error":""}
2025-09-01 18:35:52 2025-09-02T01:35:52.401Z discovery-log INFO {"eventType":"remove","port":{"matchingBoardsList":[],"port":{"address":"/dev/ttyACM0","label":"","protocol":"serial","protocolLabel":"","propertiesMap":[],"hardwareId":""}},"error":""}
2025-09-01 18:35:52 2025-09-02T01:35:52.773Z discovery-log INFO {"eventType":"add","port":{"matchingBoardsList":[{"name":"ESP32 Family Device","fqbn":"esp32:esp32:esp32_family","isHidden":true}],"port":{"address":"/dev/ttyACM0","label":"/dev/ttyACM0","protocol":"serial","protocolLabel":"Serial Port (USB)","propertiesMap":[["pid","0x1001"],["serialNumber","30:ED:A0:AD:83:34"],["vid","0x303a"]],"hardwareId":"30:ED:A0:AD:83:34"}},"error":""}
2025-09-01 18:35:55 2025-09-02T01:35:55.424Z discovery-log INFO {"eventType":"remove","port":{"matchingBoardsList":[],"port":{"address":"/dev/ttyACM0","label":"","protocol":"serial","protocolLabel":"","propertiesMap":[],"hardwareId":""}},"error":""}
2025-09-01 18:35:55 2025-09-02T01:35:55.800Z discovery-log INFO {"eventType":"add","port":{"matchingBoardsList":[{"name":"ESP32 Family Device","fqbn":"esp32:esp32:esp32_family","isHidden":true}],"port":{"address":"/dev/ttyACM0","label":"/dev/ttyACM0","protocol":"serial","protocolLabel":"Serial Port (USB)","propertiesMap":[["pid","0x1001"],["serialNumber","30:ED:A0:AD:83:34"],["vid","0x303a"]],"hardwareId":"30:ED:A0:AD:83:34"}},"error":""}
2025-09-01 18:35:58 2025-09-02T01:35:58.448Z discovery-log INFO {"eventType":"remove","port":{"matchingBoardsList":[],"port":{"address":"/dev/ttyACM0","label":"","protocol":"serial","protocolLabel":"","propertiesMap":[],"hardwareId":""}},"error":""}
2025-09-01 18:35:58 2025-09-02T01:35:58.822Z discovery-log INFO {"eventType":"add","port":{"matchingBoardsList":[{"name":"ESP32 Family Device","fqbn":"esp32:esp32:esp32_family","isHidden":true}],"port":{"address":"/dev/ttyACM0","label":"/dev/ttyACM0","protocol":"serial","protocolLabel":"Serial Port (USB)","propertiesMap":[["pid","0x1001"],["serialNumber","30:ED:A0:AD:83:34"],["vid","0x303a"]],"hardwareId":"30:ED:A0:AD:83:34"}},"error":""}
2025-09-01 18:36:01 2025-09-02T01:36:01.471Z discovery-log INFO {"eventType":"remove","port":{"matchingBoardsList":[],"port":{"address":"/dev/ttyACM0","label":"","protocol":"serial","protocolLabel":"","propertiesMap":[],"hardwareId":""}},"error":""}
2025-09-01 18:36:01 2025-09-02T01:36:01.844Z discovery-log INFO {"eventType":"add","port":{"matchingBoardsList":[{"name":"ESP32 Family Device","fqbn":"esp32:esp32:esp32_family","isHidden":true}],"port":{"address":"/dev/ttyACM0","label":"/dev/ttyACM0","protocol":"serial","protocolLabel":"Serial Port (USB)","propertiesMap":[["pid","0x1001"],["serialNumber","30:ED:A0:AD:83:34"],["vid","0x303a"]],"hardwareId":"30:ED:A0:AD:83:34"}},"error":""}
2025-09-01 18:36:04 2025-09-02T01:36:04.494Z discovery-log INFO {"eventType":"remove","port":{"matchingBoardsList":[],"port":{"address":"/dev/ttyACM0","label":"","protocol":"serial","protocolLabel":"","propertiesMap":[],"hardwareId":""}},"error":""}
2025-09-01 18:36:04 2025-09-02T01:36:04.868Z discovery-log INFO {"eventType":"add","port":{"matchingBoardsList":[{"name":"ESP32 Family Device","fqbn":"esp32:esp32:esp32_family","isHidden":true}],"port":{"address":"/dev/ttyACM0","label":"/dev/ttyACM0","protocol":"serial","protocolLabel":"Serial Port (USB)","propertiesMap":[["pid","0x1001"],["serialNumber","30:ED:A0:AD:83:34"],["vid","0x303a"]],"hardwareId":"30:ED:A0:AD:83:34"}},"error":""}
2025-09-01 18:36:07 2025-09-02T01:36:07.518Z discovery-log INFO {"eventType":"remove","port":{"matchingBoardsList":[],"port":{"address":"/dev/ttyACM0","label":"","protocol":"serial","protocolLabel":"","propertiesMap":[],"hardwareId":""}},"error":""}
2025-09-01 18:36:07 2025-09-02T01:36:07.889Z discovery-log INFO {"eventType":"add","port":{"matchingBoardsList":[{"name":"ESP32 Family Device","fqbn":"esp32:esp32:esp32_family","isHidden":true}],"port":{"address":"/dev/ttyACM0","label":"/dev/ttyACM0","protocol":"serial","protocolLabel":"Serial Port (USB)","propertiesMap":[["pid","0x1001"],["serialNumber","30:ED:A0:AD:83:34"],["vid","0x303a"]],"hardwareId":"30:ED:A0:AD:83:34"}},"error":""}
2025-09-01 18:36:10 2025-09-02T01:36:10.540Z discovery-log INFO {"eventType":"remove","port":{"matchingBoardsList":[],"port":{"address":"/dev/ttyACM0","label":"","protocol":"serial","protocolLabel":"","propertiesMap":[],"hardwareId":""}},"error":""}
2025-09-01 18:36:10 2025-09-02T01:36:10.915Z discovery-log INFO {"eventType":"add","port":{"matchingBoardsList":[{"name":"ESP32 Family Device","fqbn":"esp32:esp32:esp32_family","isHidden":true}],"port":{"address":"/dev/ttyACM0","label":"/dev/ttyACM0","protocol":"serial","protocolLabel":"Serial Port (USB)","propertiesMap":[["pid","0x1001"],["serialNumber","30:ED:A0:AD:83:34"],["vid","0x303a"]],"hardwareId":"30:ED:A0:AD:83:34"}},"error":""}
2025-09-01 18:36:13 2025-09-02T01:36:13.564Z discovery-log INFO {"eventType":"remove","port":{"matchingBoardsList":[],"port":{"address":"/dev/ttyACM0","label":"","protocol":"serial","protocolLabel":"","propertiesMap":[],"hardwareId":""}},"error":""}
2025-09-01 18:36:13 2025-09-02T01:36:13.938Z discovery-log INFO {"eventType":"add","port":{"matchingBoardsList":[{"name":"ESP32 Family Device","fqbn":"esp32:esp32:esp32_family","isHidden":true}],"port":{"address":"/dev/ttyACM0","label":"/dev/ttyACM0","protocol":"serial","protocolLabel":"Serial Port (USB)","propertiesMap":[["pid","0x1001"],["serialNumber","30:ED:A0:AD:83:34"],["vid","0x303a"]],"hardwareId":"30:ED:A0:AD:83:34"}},"error":""}
2025-09-01 18:36:16 2025-09-02T01:36:16.586Z discovery-log INFO {"eventType":"remove","port":{"matchingBoardsList":[],"port":{"address":"/dev/ttyACM0","label":"","protocol":"serial","protocolLabel":"","propertiesMap":[],"hardwareId":""}},"error":""}
2025-09-01 18:36:16 2025-09-02T01:36:16.960Z discovery-log INFO {"eventType":"add","port":{"matchingBoardsList":[{"name":"ESP32 Family Device","fqbn":"esp32:esp32:esp32_family","isHidden":true}],"port":{"address":"/dev/ttyACM0","label":"/dev/ttyACM0","protocol":"serial","protocolLabel":"Serial Port (USB)","propertiesMap":[["pid","0x1001"],["serialNumber","30:ED:A0:AD:83:34"],["vid","0x303a"]],"hardwareId":"30:ED:A0:AD:83:34"}},"error":""}
2025-09-01 18:36:19 2025-09-02T01:36:19.609Z discovery-log INFO {"eventType":"remove","port":{"matchingBoardsList":[],"port":{"address":"/dev/ttyACM0","label":"","protocol":"serial","protocolLabel":"","propertiesMap":[],"hardwareId":""}},"error":""}
2025-09-01 18:36:19 2025-09-02T01:36:19.983Z discovery-log INFO {"eventType":"add","port":{"matchingBoardsList":[{"name":"ESP32 Family Device","fqbn":"esp32:esp32:esp32_family","isHidden":true}],"port":{"address":"/dev/ttyACM0","label":"/dev/ttyACM0","protocol":"serial","protocolLabel":"Serial Port (USB)","propertiesMap":[["pid","0x1001"],["serialNumber","30:ED:A0:AD:83:34"],["vid","0x303a"]],"hardwareId":"30:ED:A0:AD:83:34"}},"error":""}
2025-09-01 18:36:22 2025-09-02T01:36:22.632Z discovery-log INFO {"eventType":"remove","port":{"matchingBoardsList":[],"port":{"address":"/dev/ttyACM0","label":"","protocol":"serial","protocolLabel":"","propertiesMap":[],"hardwareId":""}},"error":""}
2025-09-01 18:36:23 2025-09-02T01:36:23.005Z discovery-log INFO {"eventType":"add","port":{"matchingBoardsList":[{"name":"ESP32 Family Device","fqbn":"esp32:esp32:esp32_family","isHidden":true}],"port":{"address":"/dev/ttyACM0","label":"/dev/ttyACM0","protocol":"serial","protocolLabel":"Serial Port (USB)","propertiesMap":[["pid","0x1001"],["serialNumber","30:ED:A0:AD:83:34"],["vid","0x303a"]],"hardwareId":"30:ED:A0:AD:83:34"}},"error":""}
2025-09-01 18:36:25 2025-09-02T01:36:25.654Z discovery-log INFO {"eventType":"remove","port":{"matchingBoardsList":[],"port":{"address":"/dev/ttyACM0","label":"","protocol":"serial","protocolLabel":"","propertiesMap":[],"hardwareId":""}},"error":""}
2025-09-01 18:36:26 2025-09-02T01:36:26.026Z discovery-log INFO {"eventType":"add","port":{"matchingBoardsList":[{"name":"ESP32 Family Device","fqbn":"esp32:esp32:esp32_family","isHidden":true}],"port":{"address":"/dev/ttyACM0","label":"/dev/ttyACM0","protocol":"serial","protocolLabel":"Serial Port (USB)","propertiesMap":[["pid","0x1001"],["serialNumber","30:ED:A0:AD:83:34"],["vid","0x303a"]],"hardwareId":"30:ED:A0:AD:83:34"}},"error":""}
2025-09-01 18:36:28 2025-09-02T01:36:28.676Z discovery-log INFO {"eventType":"remove","port":{"matchingBoardsList":[],"port":{"address":"/dev/ttyACM0","label":"","protocol":"serial","protocolLabel":"","propertiesMap":[],"hardwareId":""}},"error":""}
2025-09-01 18:36:29 2025-09-02T01:36:29.051Z discovery-log INFO {"eventType":"add","port":{"matchingBoardsList":[{"name":"ESP32 Family Device","fqbn":"esp32:esp32:esp32_family","isHidden":true}],"port":{"address":"/dev/ttyACM0","label":"/dev/ttyACM0","protocol":"serial","protocolLabel":"Serial Port (USB)","propertiesMap":[["pid","0x1001"],["serialNumber","30:ED:A0:AD:83:34"],["vid","0x303a"]],"hardwareId":"30:ED:A0:AD:83:34"}},"error":""}
2025-09-01 18:36:31 2025-09-02T01:36:31.699Z discovery-log INFO {"eventType":"remove","port":{"matchingBoardsList":[],"port":{"address":"/dev/ttyACM0","label":"","protocol":"serial","protocolLabel":"","propertiesMap":[],"hardwareId":""}},"error":""}
2025-09-01 18:36:32 2025-09-02T01:36:32.075Z discovery-log INFO {"eventType":"add","port":{"matchingBoardsList":[{"name":"ESP32 Family Device","fqbn":"esp32:esp32:esp32_family","isHidden":true}],"port":{"address":"/dev/ttyACM0","label":"/dev/ttyACM0","protocol":"serial","protocolLabel":"Serial Port (USB)","propertiesMap":[["pid","0x1001"],["serialNumber","30:ED:A0:AD:83:34"],["vid","0x303a"]],"hardwareId":"30:ED:A0:AD:83:34"}},"error":""}
2025-09-01 18:36:34 2025-09-02T01:36:34.722Z discovery-log INFO {"eventType":"remove","port":{"matchingBoardsList":[],"port":{"address":"/dev/ttyACM0","label":"","protocol":"serial","protocolLabel":"","propertiesMap":[],"hardwareId":""}},"error":""}
2025-09-01 18:36:35 2025-09-02T01:36:35.095Z discovery-log INFO {"eventType":"add","port":{"matchingBoardsList":[{"name":"ESP32 Family Device","fqbn":"esp32:esp32:esp32_family","isHidden":true}],"port":{"address":"/dev/ttyACM0","label":"/dev/ttyACM0","protocol":"serial","protocolLabel":"Serial Port (USB)","propertiesMap":[["pid","0x1001"],["serialNumber","30:ED:A0:AD:83:34"],["vid","0x303a"]],"hardwareId":"30:ED:A0:AD:83:34"}},"error":""}
2025-09-01 18:36:37 2025-09-02T01:36:37.744Z discovery-log INFO {"eventType":"remove","port":{"matchingBoardsList":[],"port":{"address":"/dev/ttyACM0","label":"","protocol":"serial","protocolLabel":"","propertiesMap":[],"hardwareId":""}},"error":""}
2025-09-01 18:36:38 2025-09-02T01:36:38.120Z discovery-log INFO {"eventType":"add","port":{"matchingBoardsList":[{"name":"ESP32 Family Device","fqbn":"esp32:esp32:esp32_family","isHidden":true}],"port":{"address":"/dev/ttyACM0","label":"/dev/ttyACM0","protocol":"serial","protocolLabel":"Serial Port (USB)","propertiesMap":[["pid","0x1001"],["serialNumber","30:ED:A0:AD:83:34"],["vid","0x303a"]],"hardwareId":"30:ED:A0:AD:83:34"}},"error":""}
2025-09-01 18:36:40 2025-09-02T01:36:40.765Z discovery-log INFO {"eventType":"remove","port":{"matchingBoardsList":[],"port":{"address":"/dev/ttyACM0","label":"","protocol":"serial","protocolLabel":"","propertiesMap":[],"hardwareId":""}},"error":""}
2025-09-01 18:36:41 2025-09-02T01:36:41.139Z discovery-log INFO {"eventType":"add","port":{"matchingBoardsList":[{"name":"ESP32 Family Device","fqbn":"esp32:esp32:esp32_family","isHidden":true}],"port":{"address":"/dev/ttyACM0","label":"/dev/ttyACM0","protocol":"serial","protocolLabel":"Serial Port (USB)","propertiesMap":[["pid","0x1001"],["serialNumber","30:ED:A0:AD:83:34"],["vid","0x303a"]],"hardwareId":"30:ED:A0:AD:83:34"}},"error":""}
2025-09-01 18:36:43 2025-09-02T01:36:43.787Z discovery-log INFO {"eventType":"remove","port":{"matchingBoardsList":[],"port":{"address":"/dev/ttyACM0","label":"","protocol":"serial","protocolLabel":"","propertiesMap":[],"hardwareId":""}},"error":""}
2025-09-01 18:36:44 2025-09-02T01:36:44.160Z discovery-log INFO {"eventType":"add","port":{"matchingBoardsList":[{"name":"ESP32 Family Device","fqbn":"esp32:esp32:esp32_family","isHidden":true}],"port":{"address":"/dev/ttyACM0","label":"/dev/ttyACM0","protocol":"serial","protocolLabel":"Serial Port (USB)","propertiesMap":[["pid","0x1001"],["serialNumber","30:ED:A0:AD:83:34"],["vid","0x303a"]],"hardwareId":"30:ED:A0:AD:83:34"}},"error":""}
2025-09-01 18:36:46 2025-09-02T01:36:46.809Z discovery-log INFO {"eventType":"remove","port":{"matchingBoardsList":[],"port":{"address":"/dev/ttyACM0","label":"","protocol":"serial","protocolLabel":"","propertiesMap":[],"hardwareId":""}},"error":""}
2025-09-01 18:36:47 2025-09-02T01:36:47.182Z discovery-log INFO {"eventType":"add","port":{"matchingBoardsList":[{"name":"ESP32 Family Device","fqbn":"esp32:esp32:esp32_family","isHidden":true}],"port":{"address":"/dev/ttyACM0","label":"/dev/ttyACM0","protocol":"serial","protocolLabel":"Serial Port (USB)","propertiesMap":[["pid","0x1001"],["serialNumber","30:ED:A0:AD:83:34"],["vid","0x303a"]],"hardwareId":"30:ED:A0:AD:83:34"}},"error":""}
2025-09-01 18:36:49 2025-09-02T01:36:49.831Z discovery-log INFO {"eventType":"remove","port":{"matchingBoardsList":[],"port":{"address":"/dev/ttyACM0","label":"","protocol":"serial","protocolLabel":"","propertiesMap":[],"hardwareId":""}},"error":""}
2025-09-01 18:36:50 2025-09-02T01:36:50.204Z discovery-log INFO {"eventType":"add","port":{"matchingBoardsList":[{"name":"ESP32 Family Device","fqbn":"esp32:esp32:esp32_family","isHidden":true}],"port":{"address":"/dev/ttyACM0","label":"/dev/ttyACM0","protocol":"serial","protocolLabel":"Serial Port (USB)","propertiesMap":[["pid","0x1001"],["serialNumber","30:ED:A0:AD:83:34"],["vid","0x303a"]],"hardwareId":"30:ED:A0:AD:83:34"}},"error":""}
2025-09-01 18:36:52 2025-09-02T01:36:52.853Z discovery-log INFO {"eventType":"remove","port":{"matchingBoardsList":[],"port":{"address":"/dev/ttyACM0","label":"","protocol":"serial","protocolLabel":"","propertiesMap":[],"hardwareId":""}},"error":""}
2025-09-01 18:36:53 2025-09-02T01:36:53.226Z discovery-log INFO {"eventType":"add","port":{"matchingBoardsList":[{"name":"ESP32 Family Device","fqbn":"esp32:esp32:esp32_family","isHidden":true}],"port":{"address":"/dev/ttyACM0","label":"/dev/ttyACM0","protocol":"serial","protocolLabel":"Serial Port (USB)","propertiesMap":[["pid","0x1001"],["serialNumber","30:ED:A0:AD:83:34"],["vid","0x303a"]],"hardwareId":"30:ED:A0:AD:83:34"}},"error":""}
2025-09-01 18:36:55 2025-09-02T01:36:55.875Z discovery-log INFO {"eventType":"remove","port":{"matchingBoardsList":[],"port":{"address":"/dev/ttyACM0","label":"","protocol":"serial","protocolLabel":"","propertiesMap":[],"hardwareId":""}},"error":""}
2025-09-01 18:36:56 2025-09-02T01:36:56.248Z discovery-log INFO {"eventType":"add","port":{"matchingBoardsList":[{"name":"ESP32 Family Device","fqbn":"esp32:esp32:esp32_family","isHidden":true}],"port":{"address":"/dev/ttyACM0","label":"/dev/ttyACM0","protocol":"serial","protocolLabel":"Serial Port (USB)","propertiesMap":[["pid","0x1001"],["serialNumber","30:ED:A0:AD:83:34"],["vid","0x303a"]],"hardwareId":"30:ED:A0:AD:83:34"}},"error":""}
2025-09-01 18:36:58 2025-09-02T01:36:58.898Z discovery-log INFO {"eventType":"remove","port":{"matchingBoardsList":[],"port":{"address":"/dev/ttyACM0","label":"","protocol":"serial","protocolLabel":"","propertiesMap":[],"hardwareId":""}},"error":""}
2025-09-01 18:36:59 2025-09-02T01:36:59.274Z discovery-log INFO {"eventType":"add","port":{"matchingBoardsList":[{"name":"ESP32 Family Device","fqbn":"esp32:esp32:esp32_family","isHidden":true}],"port":{"address":"/dev/ttyACM0","label":"/dev/ttyACM0","protocol":"serial","protocolLabel":"Serial Port (USB)","propertiesMap":[["pid","0x1001"],["serialNumber","30:ED:A0:AD:83:34"],["vid","0x303a"]],"hardwareId":"30:ED:A0:AD:83:34"}},"error":""}
2025-09-01 18:37:01 2025-09-02T01:37:01.921Z discovery-log INFO {"eventType":"remove","port":{"matchingBoardsList":[],"port":{"address":"/dev/ttyACM0","label":"","protocol":"serial","protocolLabel":"","propertiesMap":[],"hardwareId":""}},"error":""}
2025-09-01 18:37:02 2025-09-02T01:37:02.293Z discovery-log INFO {"eventType":"add","port":{"matchingBoardsList":[{"name":"ESP32 Family Device","fqbn":"esp32:esp32:esp32_family","isHidden":true}],"port":{"address":"/dev/ttyACM0","label":"/dev/ttyACM0","protocol":"serial","protocolLabel":"Serial Port (USB)","propertiesMap":[["pid","0x1001"],["serialNumber","30:ED:A0:AD:83:34"],["vid","0x303a"]],"hardwareId":"30:ED:A0:AD:83:34"}},"error":""}
2025-09-01 18:37:02 2025-09-02T01:37:02.379Z discovery-log INFO {"eventType":"remove","port":{"matchingBoardsList":[],"port":{"address":"/dev/ttyACM0","label":"","protocol":"serial","protocolLabel":"","propertiesMap":[],"hardwareId":""}},"error":""}
2025-09-01 18:37:10 2025-09-02T01:37:10.740Z discovery-log INFO {"eventType":"add","port":{"matchingBoardsList":[{"name":"ESP32 Family Device","fqbn":"esp32:esp32:esp32_family","isHidden":true}],"port":{"address":"/dev/ttyACM0","label":"/dev/ttyACM0","protocol":"serial","protocolLabel":"Serial Port (USB)","propertiesMap":[["pid","0x1001"],["serialNumber","30:ED:A0:AD:83:34"],["vid","0x303a"]],"hardwareId":"30:ED:A0:AD:83:34"}},"error":""}
2025-09-01 18:37:13 2025-09-02T01:37:13.378Z discovery-log INFO {"eventType":"remove","port":{"matchingBoardsList":[],"port":{"address":"/dev/ttyACM0","label":"","protocol":"serial","protocolLabel":"","propertiesMap":[],"hardwareId":""}},"error":""}
2025-09-01 18:37:13 2025-09-02T01:37:13.751Z discovery-log INFO {"eventType":"add","port":{"matchingBoardsList":[{"name":"ESP32 Family Device","fqbn":"esp32:esp32:esp32_family","isHidden":true}],"port":{"address":"/dev/ttyACM0","label":"/dev/ttyACM0","protocol":"serial","protocolLabel":"Serial Port (USB)","propertiesMap":[["pid","0x1001"],["serialNumber","30:ED:A0:AD:83:34"],["vid","0x303a"]],"hardwareId":"30:ED:A0:AD:83:34"}},"error":""}
2025-09-01 18:37:16 2025-09-02T01:37:16.403Z discovery-log INFO {"eventType":"remove","port":{"matchingBoardsList":[],"port":{"address":"/dev/ttyACM0","label":"","protocol":"serial","protocolLabel":"","propertiesMap":[],"hardwareId":""}},"error":""}
2025-09-01 18:37:16 2025-09-02T01:37:16.776Z discovery-log INFO {"eventType":"add","port":{"matchingBoardsList":[{"name":"ESP32 Family Device","fqbn":"esp32:esp32:esp32_family","isHidden":true}],"port":{"address":"/dev/ttyACM0","label":"/dev/ttyACM0","protocol":"serial","protocolLabel":"Serial Port (USB)","propertiesMap":[["pid","0x1001"],["serialNumber","30:ED:A0:AD:83:34"],["vid","0x303a"]],"hardwareId":"30:ED:A0:AD:83:34"}},"error":""}
2025-09-01 18:37:19 2025-09-02T01:37:19.428Z discovery-log INFO {"eventType":"remove","port":{"matchingBoardsList":[],"port":{"address":"/dev/ttyACM0","label":"","protocol":"serial","protocolLabel":"","propertiesMap":[],"hardwareId":""}},"error":""}
2025-09-01 18:37:19 2025-09-02T01:37:19.804Z discovery-log INFO {"eventType":"add","port":{"matchingBoardsList":[{"name":"ESP32 Family Device","fqbn":"esp32:esp32:esp32_family","isHidden":true}],"port":{"address":"/dev/ttyACM0","label":"/dev/ttyACM0","protocol":"serial","protocolLabel":"Serial Port (USB)","propertiesMap":[["pid","0x1001"],["serialNumber","30:ED:A0:AD:83:34"],["vid","0x303a"]],"hardwareId":"30:ED:A0:AD:83:34"}},"error":""}
2025-09-01 18:37:22 2025-09-02T01:37:22.455Z discovery-log INFO {"eventType":"remove","port":{"matchingBoardsList":[],"port":{"address":"/dev/ttyACM0","label":"","protocol":"serial","protocolLabel":"","propertiesMap":[],"hardwareId":""}},"error":""}
2025-09-01 18:37:22 2025-09-02T01:37:22.828Z discovery-log INFO {"eventType":"add","port":{"matchingBoardsList":[{"name":"ESP32 Family Device","fqbn":"esp32:esp32:esp32_family","isHidden":true}],"port":{"address":"/dev/ttyACM0","label":"/dev/ttyACM0","protocol":"serial","protocolLabel":"Serial Port (USB)","propertiesMap":[["pid","0x1001"],["serialNumber","30:ED:A0:AD:83:34"],["vid","0x303a"]],"hardwareId":"30:ED:A0:AD:83:34"}},"error":""}
2025-09-01 18:37:25 2025-09-02T01:37:25.481Z discovery-log INFO {"eventType":"remove","port":{"matchingBoardsList":[],"port":{"address":"/dev/ttyACM0","label":"","protocol":"serial","protocolLabel":"","propertiesMap":[],"hardwareId":""}},"error":""}
2025-09-01 18:37:25 2025-09-02T01:37:25.855Z discovery-log INFO {"eventType":"add","port":{"matchingBoardsList":[{"name":"ESP32 Family Device","fqbn":"esp32:esp32:esp32_family","isHidden":true}],"port":{"address":"/dev/ttyACM0","label":"/dev/ttyACM0","protocol":"serial","protocolLabel":"Serial Port (USB)","propertiesMap":[["pid","0x1001"],["serialNumber","30:ED:A0:AD:83:34"],["vid","0x303a"]],"hardwareId":"30:ED:A0:AD:83:34"}},"error":""}
2025-09-01 18:37:28 2025-09-02T01:37:28.508Z discovery-log INFO {"eventType":"remove","port":{"matchingBoardsList":[],"port":{"address":"/dev/ttyACM0","label":"","protocol":"serial","protocolLabel":"","propertiesMap":[],"hardwareId":""}},"error":""}
2025-09-01 18:37:28 2025-09-02T01:37:28.881Z discovery-log INFO {"eventType":"add","port":{"matchingBoardsList":[{"name":"ESP32 Family Device","fqbn":"esp32:esp32:esp32_family","isHidden":true}],"port":{"address":"/dev/ttyACM0","label":"/dev/ttyACM0","protocol":"serial","protocolLabel":"Serial Port (USB)","propertiesMap":[["pid","0x1001"],["serialNumber","30:ED:A0:AD:83:34"],["vid","0x303a"]],"hardwareId":"30:ED:A0:AD:83:34"}},"error":""}
2025-09-01 18:37:31 2025-09-02T01:37:31.534Z discovery-log INFO {"eventType":"remove","port":{"matchingBoardsList":[],"port":{"address":"/dev/ttyACM0","label":"","protocol":"serial","protocolLabel":"","propertiesMap":[],"hardwareId":""}},"error":""}
2025-09-01 18:37:31 2025-09-02T01:37:31.909Z discovery-log INFO {"eventType":"add","port":{"matchingBoardsList":[{"name":"ESP32 Family Device","fqbn":"esp32:esp32:esp32_family","isHidden":true}],"port":{"address":"/dev/ttyACM0","label":"/dev/ttyACM0","protocol":"serial","protocolLabel":"Serial Port (USB)","propertiesMap":[["pid","0x1001"],["serialNumber","30:ED:A0:AD:83:34"],["vid","0x303a"]],"hardwareId":"30:ED:A0:AD:83:34"}},"error":""}
2025-09-01 18:37:34 2025-09-02T01:37:34.561Z discovery-log INFO {"eventType":"remove","port":{"matchingBoardsList":[],"port":{"address":"/dev/ttyACM0","label":"","protocol":"serial","protocolLabel":"","propertiesMap":[],"hardwareId":""}},"error":""}
2025-09-01 18:37:34 2025-09-02T01:37:34.937Z discovery-log INFO {"eventType":"add","port":{"matchingBoardsList":[{"name":"ESP32 Family Device","fqbn":"esp32:esp32:esp32_family","isHidden":true}],"port":{"address":"/dev/ttyACM0","label":"/dev/ttyACM0","protocol":"serial","protocolLabel":"Serial Port (USB)","propertiesMap":[["pid","0x1001"],["serialNumber","30:ED:A0:AD:83:34"],["vid","0x303a"]],"hardwareId":"30:ED:A0:AD:83:34"}},"error":""}
2025-09-01 18:37:37 2025-09-02T01:37:37.587Z discovery-log INFO {"eventType":"remove","port":{"matchingBoardsList":[],"port":{"address":"/dev/ttyACM0","label":"","protocol":"serial","protocolLabel":"","propertiesMap":[],"hardwareId":""}},"error":""}
2025-09-01 18:37:37 2025-09-02T01:37:37.962Z discovery-log INFO {"eventType":"add","port":{"matchingBoardsList":[{"name":"ESP32 Family Device","fqbn":"esp32:esp32:esp32_family","isHidden":true}],"port":{"address":"/dev/ttyACM0","label":"/dev/ttyACM0","protocol":"serial","protocolLabel":"Serial Port (USB)","propertiesMap":[["pid","0x1001"],["serialNumber","30:ED:A0:AD:83:34"],["vid","0x303a"]],"hardwareId":"30:ED:A0:AD:83:34"}},"error":""}
2025-09-01 18:37:40 2025-09-02T01:37:40.613Z discovery-log INFO {"eventType":"remove","port":{"matchingBoardsList":[],"port":{"address":"/dev/ttyACM0","label":"","protocol":"serial","protocolLabel":"","propertiesMap":[],"hardwareId":""}},"error":""}
2025-09-01 18:37:40 2025-09-02T01:37:40.987Z discovery-log INFO {"eventType":"add","port":{"matchingBoardsList":[{"name":"ESP32 Family Device","fqbn":"esp32:esp32:esp32_family","isHidden":true}],"port":{"address":"/dev/ttyACM0","label":"/dev/ttyACM0","protocol":"serial","protocolLabel":"Serial Port (USB)","propertiesMap":[["pid","0x1001"],["serialNumber","30:ED:A0:AD:83:34"],["vid","0x303a"]],"hardwareId":"30:ED:A0:AD:83:34"}},"error":""}
2025-09-01 18:37:43 2025-09-02T01:37:43.639Z discovery-log INFO {"eventType":"remove","port":{"matchingBoardsList":[],"port":{"address":"/dev/ttyACM0","label":"","protocol":"serial","protocolLabel":"","propertiesMap":[],"hardwareId":""}},"error":""}
2025-09-01 18:37:44 2025-09-02T01:37:44.012Z discovery-log INFO {"eventType":"add","port":{"matchingBoardsList":[{"name":"ESP32 Family Device","fqbn":"esp32:esp32:esp32_family","isHidden":true}],"port":{"address":"/dev/ttyACM0","label":"/dev/ttyACM0","protocol":"serial","protocolLabel":"Serial Port (USB)","propertiesMap":[["pid","0x1001"],["serialNumber","30:ED:A0:AD:83:34"],["vid","0x303a"]],"hardwareId":"30:ED:A0:AD:83:34"}},"error":""}
2025-09-01 18:37:46 2025-09-02T01:37:46.666Z discovery-log INFO {"eventType":"remove","port":{"matchingBoardsList":[],"port":{"address":"/dev/ttyACM0","label":"","protocol":"serial","protocolLabel":"","propertiesMap":[],"hardwareId":""}},"error":""}
2025-09-01 18:37:47 2025-09-02T01:37:47.039Z discovery-log INFO {"eventType":"add","port":{"matchingBoardsList":[{"name":"ESP32 Family Device","fqbn":"esp32:esp32:esp32_family","isHidden":true}],"port":{"address":"/dev/ttyACM0","label":"/dev/ttyACM0","protocol":"serial","protocolLabel":"Serial Port (USB)","propertiesMap":[["pid","0x1001"],["serialNumber","30:ED:A0:AD:83:34"],["vid","0x303a"]],"hardwareId":"30:ED:A0:AD:83:34"}},"error":""}
2025-09-01 18:37:49 2025-09-02T01:37:49.691Z discovery-log INFO {"eventType":"remove","port":{"matchingBoardsList":[],"port":{"address":"/dev/ttyACM0","label":"","protocol":"serial","protocolLabel":"","propertiesMap":[],"hardwareId":""}},"error":""}
2025-09-01 18:37:50 2025-09-02T01:37:50.067Z discovery-log INFO {"eventType":"add","port":{"matchingBoardsList":[{"name":"ESP32 Family Device","fqbn":"esp32:esp32:esp32_family","isHidden":true}],"port":{"address":"/dev/ttyACM0","label":"/dev/ttyACM0","protocol":"serial","protocolLabel":"Serial Port (USB)","propertiesMap":[["pid","0x1001"],["serialNumber","30:ED:A0:AD:83:34"],["vid","0x303a"]],"hardwareId":"30:ED:A0:AD:83:34"}},"error":""}
2025-09-01 18:37:52 2025-09-02T01:37:52.717Z discovery-log INFO {"eventType":"remove","port":{"matchingBoardsList":[],"port":{"address":"/dev/ttyACM0","label":"","protocol":"serial","protocolLabel":"","propertiesMap":[],"hardwareId":""}},"error":""}
2025-09-01 18:37:53 2025-09-02T01:37:53.091Z discovery-log INFO {"eventType":"add","port":{"matchingBoardsList":[{"name":"ESP32 Family Device","fqbn":"esp32:esp32:esp32_family","isHidden":true}],"port":{"address":"/dev/ttyACM0","label":"/dev/ttyACM0","protocol":"serial","protocolLabel":"Serial Port (USB)","propertiesMap":[["pid","0x1001"],["serialNumber","30:ED:A0:AD:83:34"],["vid","0x303a"]],"hardwareId":"30:ED:A0:AD:83:34"}},"error":""}
2025-09-01 18:37:55 2025-09-02T01:37:55.743Z discovery-log INFO {"eventType":"remove","port":{"matchingBoardsList":[],"port":{"address":"/dev/ttyACM0","label":"","protocol":"serial","protocolLabel":"","propertiesMap":[],"hardwareId":""}},"error":""}
2025-09-01 18:37:56 2025-09-02T01:37:56.119Z discovery-log INFO {"eventType":"add","port":{"matchingBoardsList":[{"name":"ESP32 Family Device","fqbn":"esp32:esp32:esp32_family","isHidden":true}],"port":{"address":"/dev/ttyACM0","label":"/dev/ttyACM0","protocol":"serial","protocolLabel":"Serial Port (USB)","propertiesMap":[["pid","0x1001"],["serialNumber","30:ED:A0:AD:83:34"],["vid","0x303a"]],"hardwareId":"30:ED:A0:AD:83:34"}},"error":""}
2025-09-01 18:37:58 2025-09-02T01:37:58.769Z discovery-log INFO {"eventType":"remove","port":{"matchingBoardsList":[],"port":{"address":"/dev/ttyACM0","label":"","protocol":"serial","protocolLabel":"","propertiesMap":[],"hardwareId":""}},"error":""}
2025-09-01 18:37:59 2025-09-02T01:37:59.143Z discovery-log INFO {"eventType":"add","port":{"matchingBoardsList":[{"name":"ESP32 Family Device","fqbn":"esp32:esp32:esp32_family","isHidden":true}],"port":{"address":"/dev/ttyACM0","label":"/dev/ttyACM0","protocol":"serial","protocolLabel":"Serial Port (USB)","propertiesMap":[["pid","0x1001"],["serialNumber","30:ED:A0:AD:83:34"],["vid","0x303a"]],"hardwareId":"30:ED:A0:AD:83:34"}},"error":""}
2025-09-01 18:38:01 2025-09-02T01:38:01.796Z discovery-log INFO {"eventType":"remove","port":{"matchingBoardsList":[],"port":{"address":"/dev/ttyACM0","label":"","protocol":"serial","protocolLabel":"","propertiesMap":[],"hardwareId":""}},"error":""}
2025-09-01 18:38:02 2025-09-02T01:38:02.169Z discovery-log INFO {"eventType":"add","port":{"matchingBoardsList":[{"name":"ESP32 Family Device","fqbn":"esp32:esp32:esp32_family","isHidden":true}],"port":{"address":"/dev/ttyACM0","label":"/dev/ttyACM0","protocol":"serial","protocolLabel":"Serial Port (USB)","propertiesMap":[["pid","0x1001"],["serialNumber","30:ED:A0:AD:83:34"],["vid","0x303a"]],"hardwareId":"30:ED:A0:AD:83:34"}},"error":""}
2025-09-01 18:38:04 2025-09-02T01:38:04.822Z discovery-log INFO {"eventType":"remove","port":{"matchingBoardsList":[],"port":{"address":"/dev/ttyACM0","label":"","protocol":"serial","protocolLabel":"","propertiesMap":[],"hardwareId":""}},"error":""}
2025-09-01 18:38:05 2025-09-02T01:38:05.196Z discovery-log INFO {"eventType":"add","port":{"matchingBoardsList":[{"name":"ESP32 Family Device","fqbn":"esp32:esp32:esp32_family","isHidden":true}],"port":{"address":"/dev/ttyACM0","label":"/dev/ttyACM0","protocol":"serial","protocolLabel":"Serial Port (USB)","propertiesMap":[["pid","0x1001"],["serialNumber","30:ED:A0:AD:83:34"],["vid","0x303a"]],"hardwareId":"30:ED:A0:AD:83:34"}},"error":""}
2025-09-01 18:38:07 2025-09-02T01:38:07.850Z discovery-log INFO {"eventType":"remove","port":{"matchingBoardsList":[],"port":{"address":"/dev/ttyACM0","label":"","protocol":"serial","protocolLabel":"","propertiesMap":[],"hardwareId":""}},"error":""}
2025-09-01 18:38:08 2025-09-02T01:38:08.226Z discovery-log INFO {"eventType":"add","port":{"matchingBoardsList":[{"name":"ESP32 Family Device","fqbn":"esp32:esp32:esp32_family","isHidden":true}],"port":{"address":"/dev/ttyACM0","label":"/dev/ttyACM0","protocol":"serial","protocolLabel":"Serial Port (USB)","propertiesMap":[["pid","0x1001"],["serialNumber","30:ED:A0:AD:83:34"],["vid","0x303a"]],"hardwareId":"30:ED:A0:AD:83:34"}},"error":""}
2025-09-01 18:38:10 2025-09-02T01:38:10.877Z discovery-log INFO {"eventType":"remove","port":{"matchingBoardsList":[],"port":{"address":"/dev/ttyACM0","label":"","protocol":"serial","protocolLabel":"","propertiesMap":[],"hardwareId":""}},"error":""}
2025-09-01 18:38:11 2025-09-02T01:38:11.249Z discovery-log INFO {"eventType":"add","port":{"matchingBoardsList":[{"name":"ESP32 Family Device","fqbn":"esp32:esp32:esp32_family","isHidden":true}],"port":{"address":"/dev/ttyACM0","label":"/dev/ttyACM0","protocol":"serial","protocolLabel":"Serial Port (USB)","propertiesMap":[["pid","0x1001"],["serialNumber","30:ED:A0:AD:83:34"],["vid","0x303a"]],"hardwareId":"30:ED:A0:AD:83:34"}},"error":""}
2025-09-01 18:38:13 2025-09-02T01:38:13.903Z discovery-log INFO {"eventType":"remove","port":{"matchingBoardsList":[],"port":{"address":"/dev/ttyACM0","label":"","protocol":"serial","protocolLabel":"","propertiesMap":[],"hardwareId":""}},"error":""}
2025-09-01 18:38:14 2025-09-02T01:38:14.277Z discovery-log INFO {"eventType":"add","port":{"matchingBoardsList":[{"name":"ESP32 Family Device","fqbn":"esp32:esp32:esp32_family","isHidden":true}],"port":{"address":"/dev/ttyACM0","label":"/dev/ttyACM0","protocol":"serial","protocolLabel":"Serial Port (USB)","propertiesMap":[["pid","0x1001"],["serialNumber","30:ED:A0:AD:83:34"],["vid","0x303a"]],"hardwareId":"30:ED:A0:AD:83:34"}},"error":""}
2025-09-01 18:38:16 2025-09-02T01:38:16.930Z discovery-log INFO {"eventType":"remove","port":{"matchingBoardsList":[],"port":{"address":"/dev/ttyACM0","label":"","protocol":"serial","protocolLabel":"","propertiesMap":[],"hardwareId":""}},"error":""}
2025-09-01 18:38:17 2025-09-02T01:38:17.303Z discovery-log INFO {"eventType":"add","port":{"matchingBoardsList":[{"name":"ESP32 Family Device","fqbn":"esp32:esp32:esp32_family","isHidden":true}],"port":{"address":"/dev/ttyACM0","label":"/dev/ttyACM0","protocol":"serial","protocolLabel":"Serial Port (USB)","propertiesMap":[["pid","0x1001"],["serialNumber","30:ED:A0:AD:83:34"],["vid","0x303a"]],"hardwareId":"30:ED:A0:AD:83:34"}},"error":""}
2025-09-01 18:38:18 2025-09-02T01:38:18.773Z sketches-service WARN Warning! The request sketch path was different than the response sketch path from the CLI. This could be a potential bug. Request: </home/aaron/Downloads/ESP32-S3-LCD-1.47B-Demo/Arduino/examples/LVGL_Arduino/LVGL_Arduino.ino>, response: </home/aaron/Downloads/ESP32-S3-LCD-1.47B-Demo/Arduino/examples/LVGL_Arduino>.
2025-09-01 18:38:19 2025-09-02T01:38:19.721Z root INFO creating connection for 2
2025-09-01 18:38:19 2025-09-02T01:38:19.956Z discovery-log INFO {"eventType":"remove","port":{"matchingBoardsList":[],"port":{"address":"/dev/ttyACM0","label":"","protocol":"serial","protocolLabel":"","propertiesMap":[],"hardwareId":""}},"error":""}
2025-09-01 18:38:20 2025-09-02T01:38:20.329Z discovery-log INFO {"eventType":"add","port":{"matchingBoardsList":[{"name":"ESP32 Family Device","fqbn":"esp32:esp32:esp32_family","isHidden":true}],"port":{"address":"/dev/ttyACM0","label":"/dev/ttyACM0","protocol":"serial","protocolLabel":"Serial Port (USB)","propertiesMap":[["pid","0x1001"],["serialNumber","30:ED:A0:AD:83:34"],["vid","0x303a"]],"hardwareId":"30:ED:A0:AD:83:34"}},"error":""}
2025-09-01 18:38:20 2025-09-02T01:38:20.817Z root ERROR TypeError: Cannot read properties of null (reading 'getCurrentKeyboardLayout')
    at r.getCurrentKeyboardLayout (/nix/store/2d5i1bzbqbnl4rgnhk8czrw5zmqqjdzv-arduino-ide-2.3.6-extracted/resources/app/lib/backend/main.js:2:4537759)
    at t.getCurrentKeyboardLayout (/nix/store/2d5i1bzbqbnl4rgnhk8czrw5zmqqjdzv-arduino-ide-2.3.6-extracted/resources/app/lib/backend/main.js:2:4538141)
    at s.getNativeLayoutSync (/nix/store/2d5i1bzbqbnl4rgnhk8czrw5zmqqjdzv-arduino-ide-2.3.6-extracted/resources/app/lib/backend/main.js:2:1830040)
    at s.getNativeLayout (/nix/store/2d5i1bzbqbnl4rgnhk8czrw5zmqqjdzv-arduino-ide-2.3.6-extracted/resources/app/lib/backend/main.js:2:1829981)
    at u.onRequest (/nix/store/2d5i1bzbqbnl4rgnhk8czrw5zmqqjdzv-arduino-ide-2.3.6-extracted/resources/app/lib/backend/main.js:2:4942964)
    at c.requestHandler (/nix/store/2d5i1bzbqbnl4rgnhk8czrw5zmqqjdzv-arduino-ide-2.3.6-extracted/resources/app/lib/backend/main.js:2:4942783)
    at c.handleRequest (/nix/store/2d5i1bzbqbnl4rgnhk8czrw5zmqqjdzv-arduino-ide-2.3.6-extracted/resources/app/lib/backend/main.js:2:524486)
    at c.handleMessage (/nix/store/2d5i1bzbqbnl4rgnhk8czrw5zmqqjdzv-arduino-ide-2.3.6-extracted/resources/app/lib/backend/main.js:2:522388)
    at /nix/store/2d5i1bzbqbnl4rgnhk8czrw5zmqqjdzv-arduino-ide-2.3.6-extracted/resources/app/lib/backend/main.js:2:522022
    at /nix/store/2d5i1bzbqbnl4rgnhk8czrw5zmqqjdzv-arduino-ide-2.3.6-extracted/resources/app/lib/backend/main.js:2:6419737
2025-09-01 18:38:20 2025-09-02T01:38:20.817Z root ERROR TypeError: Cannot read properties of null (reading 'getKeyMap')
    at r.getKeyMap (/nix/store/2d5i1bzbqbnl4rgnhk8czrw5zmqqjdzv-arduino-ide-2.3.6-extracted/resources/app/lib/backend/main.js:2:4537620)
    at t.getKeyMap (/nix/store/2d5i1bzbqbnl4rgnhk8czrw5zmqqjdzv-arduino-ide-2.3.6-extracted/resources/app/lib/backend/main.js:2:4538201)
    at s.getNativeLayoutSync (/nix/store/2d5i1bzbqbnl4rgnhk8czrw5zmqqjdzv-arduino-ide-2.3.6-extracted/resources/app/lib/backend/main.js:2:1830077)
    at s.getNativeLayout (/nix/store/2d5i1bzbqbnl4rgnhk8czrw5zmqqjdzv-arduino-ide-2.3.6-extracted/resources/app/lib/backend/main.js:2:1829981)
    at u.onRequest (/nix/store/2d5i1bzbqbnl4rgnhk8czrw5zmqqjdzv-arduino-ide-2.3.6-extracted/resources/app/lib/backend/main.js:2:4942964)
    at c.requestHandler (/nix/store/2d5i1bzbqbnl4rgnhk8czrw5zmqqjdzv-arduino-ide-2.3.6-extracted/resources/app/lib/backend/main.js:2:4942783)
    at c.handleRequest (/nix/store/2d5i1bzbqbnl4rgnhk8czrw5zmqqjdzv-arduino-ide-2.3.6-extracted/resources/app/lib/backend/main.js:2:524486)
    at c.handleMessage (/nix/store/2d5i1bzbqbnl4rgnhk8czrw5zmqqjdzv-arduino-ide-2.3.6-extracted/resources/app/lib/backend/main.js:2:522388)
    at /nix/store/2d5i1bzbqbnl4rgnhk8czrw5zmqqjdzv-arduino-ide-2.3.6-extracted/resources/app/lib/backend/main.js:2:522022
    at /nix/store/2d5i1bzbqbnl4rgnhk8czrw5zmqqjdzv-arduino-ide-2.3.6-extracted/resources/app/lib/backend/main.js:2:6419737
2025-09-01 18:38:20 2025-09-02T01:38:20.818Z root WARN A command editor.action.toggleStickyScroll is already registered.
2025-09-01 18:38:20 Opening channel for service path '/services/electron-window'.
2025-09-01 18:38:20 Opening channel for service path '/services/ide-updater'.
2025-09-01 18:38:20 2025-09-02T01:38:20.949Z root INFO Start frontend contributions: 307.5 ms [Finished 1.980 s after frontend start]
2025-09-01 18:38:20 2025-09-02T01:38:20.949Z root INFO Changed application state from 'init' to 'started_contributions'.
2025-09-01 18:38:20 2025-09-02T01:38:20.959Z root INFO Changed application state from 'started_contributions' to 'attached_shell'.
2025-09-01 18:38:20 2025-09-02T01:38:20.959Z root INFO >>> Restoring the layout state...
2025-09-01 18:38:21 2025-09-02T01:38:21.032Z root INFO [f460fc8f-3541-4f6a-b5e1-d00bb04ed3df] Waiting for backend deployment: 101.4 ms [Finished 2.075 s after frontend start]
2025-09-01 18:38:21 2025-09-02T01:38:21.278Z root INFO <<< Nothing to restore.
2025-09-01 18:38:21 2025-09-02T01:38:21.278Z root INFO Initialize the workbench layout: 150.9 ms [Finished 2.155 s after frontend start]
2025-09-01 18:38:21 2025-09-02T01:38:21.278Z root INFO Changed application state from 'attached_shell' to 'initialized_layout'.
2025-09-01 18:38:21 2025-09-02T01:38:21.701Z root INFO [hosted-plugin: 37199] PLUGIN_HOST(37199) starting instance
[Object: null prototype] {}
2025-09-01 18:38:22 2025-09-02T01:38:22.578Z root INFO [f460fc8f-3541-4f6a-b5e1-d00bb04ed3df] Sync of 23 plugins: 1504.4 ms [Finished 3.580 s after frontend start]
2025-09-01 18:38:22 2025-09-02T01:38:22.579Z root INFO [f460fc8f-3541-4f6a-b5e1-d00bb04ed3df] Loading plugin contributions
2025-09-01 18:38:22 2025-09-02T01:38:22.579Z root INFO [f460fc8f-3541-4f6a-b5e1-d00bb04ed3df] Load contributions of 23 plugins: 41.3 ms [Finished 3.622 s after frontend start]
2025-09-01 18:38:22 2025-09-02T01:38:22.609Z root WARN 'cpp' language is remapped from 'source.cpp.embedded.macro' to 'source.cpp' scope
2025-09-01 18:38:22 2025-09-02T01:38:22.609Z root WARN a registered grammar configuration for 'cpp' language is overridden
2025-09-01 18:38:22 isTempSketch: false. Input was /home/aaron/projects/esp32_ble/wroom/master
2025-09-01 18:38:22 Marking workspace as a closed sketch. Workspace URI: file:///home/aaron/projects/esp32_ble/wroom/master. Date: 1756777102852.
2025-09-01 18:38:22 2025-09-02T01:38:22.860Z root INFO Frontend application start: 2080.0 ms [Finished 307.257 s after backend start]
2025-09-01 18:38:22 2025-09-02T01:38:22.875Z root INFO Replace loading indicator with ready workbench UI (animation): 1514.3 ms [Finished 3.682 s after frontend start]
2025-09-01 18:38:22 2025-09-02T01:38:22.875Z root INFO Changed application state from 'initialized_layout' to 'ready'.
2025-09-01 18:38:22 2025-09-02T01:38:22.875Z root WARN Linked preference "workbench.colorCustomizations" not found.
2025-09-01 18:38:22 isTempSketch: false. Input was /home/aaron/projects/esp32_ble/wroom/master
2025-09-01 18:38:22 Marking workspace as a closed sketch. Workspace URI: file:///home/aaron/projects/esp32_ble/wroom/master. Date: 1756777102893.
2025-09-01 18:38:22 2025-09-02T01:38:22.911Z root INFO socked closed
2025-09-01 18:38:22 2025-09-02T01:38:22.911Z root INFO closing connection for 1
2025-09-01 18:38:22 2025-09-02T01:38:22.911Z root INFO Closing channel on service path '/localization-server'.
2025-09-01 18:38:22 2025-09-02T01:38:22.911Z root INFO Closing channel on service path '/os'.
2025-09-01 18:38:22 2025-09-02T01:38:22.911Z root INFO Closing channel on service path '/services/commands'.
2025-09-01 18:38:22 2025-09-02T01:38:22.911Z root INFO Closing channel on service path '/services/keyboard'.
2025-09-01 18:38:22 2025-09-02T01:38:22.911Z root INFO Closing channel on service path '/services/logger'.
2025-09-01 18:38:22 2025-09-02T01:38:22.911Z root INFO Closing channel on service path '/services/messageService'.
2025-09-01 18:38:22 2025-09-02T01:38:22.911Z root INFO Closing channel on service path '/services/ChannelCloseService'.
2025-09-01 18:38:22 2025-09-02T01:38:22.911Z root INFO Closing channel on service path '/services/remote-filesystem'.
2025-09-01 18:38:22 2025-09-02T01:38:22.911Z root INFO Closing channel on service path '/services/envs'.
2025-09-01 18:38:22 2025-09-02T01:38:22.911Z root INFO Closing channel on service path '/services/authentication-service'.
2025-09-01 18:38:22 2025-09-02T01:38:22.911Z root INFO Closing channel on service path '/services/sketches-service'.
2025-09-01 18:38:22 2025-09-02T01:38:22.911Z root INFO Closing channel on service path '/services/config-service'.
2025-09-01 18:38:22 2025-09-02T01:38:22.911Z root INFO Closing channel on service path '/services/workspace'.
2025-09-01 18:38:22 2025-09-02T01:38:22.911Z root INFO Closing channel on service path '/services/notification-service'.
2025-09-01 18:38:22 2025-09-02T01:38:22.911Z root INFO Closing channel on service path '/services/arduino-daemon'.
2025-09-01 18:38:22 2025-09-02T01:38:22.911Z root INFO Closing channel on service path '/services/stopwatch'.
2025-09-01 18:38:22 2025-09-02T01:38:22.911Z root INFO Closing channel on service path '/services/application'.
2025-09-01 18:38:22 2025-09-02T01:38:22.911Z root INFO Closing channel on service path '/services/i18n'.
2025-09-01 18:38:22 2025-09-02T01:38:22.911Z root INFO Closing channel on service path '/services/quickInput'.
2025-09-01 18:38:22 2025-09-02T01:38:22.911Z root INFO Closing channel on service path '/services/debug'.
2025-09-01 18:38:22 2025-09-02T01:38:22.911Z root INFO Closing channel on service path '/services/shell-terminal'.
2025-09-01 18:38:22 2025-09-02T01:38:22.911Z root INFO Closing channel on service path '/services/quickPick'.
2025-09-01 18:38:22 2025-09-02T01:38:22.911Z root INFO Closing channel on service path '/services/task'.
2025-09-01 18:38:22 2025-09-02T01:38:22.911Z root INFO Closing channel on service path '/services/search'.
2025-09-01 18:38:22 2025-09-02T01:38:22.911Z root INFO Closing channel on service path '/services/hostedPlugin'.
2025-09-01 18:38:22 2025-09-02T01:38:22.911Z root INFO Closing channel on service path '/services/plugin-ext'.
2025-09-01 18:38:22 2025-09-02T01:38:22.911Z root INFO Closing channel on service path '/services/plugin-paths'.
2025-09-01 18:38:22 2025-09-02T01:38:22.911Z root INFO Closing channel on service path '/services/cli-preferences'.
2025-09-01 18:38:22 2025-09-02T01:38:22.911Z root INFO Closing channel on service path '/services/boards-service'.
2025-09-01 18:38:22 2025-09-02T01:38:22.911Z root INFO Closing channel on service path '/services/response-service'.
2025-09-01 18:38:22 2025-09-02T01:38:22.911Z root INFO Closing channel on service path '/services/file-system-ext'.
2025-09-01 18:38:22 2025-09-02T01:38:22.911Z root INFO Closing channel on service path '/services/core-service'.
2025-09-01 18:38:22 2025-09-02T01:38:22.911Z root INFO Closing channel on service path '/services/example-service'.
2025-09-01 18:38:22 2025-09-02T01:38:22.911Z root INFO Closing channel on service path '/services/library-service'.
2025-09-01 18:38:22 2025-09-02T01:38:22.911Z root INFO Closing channel on service path '/services/executable-service'.
2025-09-01 18:38:22 2025-09-02T01:38:22.911Z root INFO Closing channel on service path '/services/arduino-firmware-uploader'.
2025-09-01 18:38:22 2025-09-02T01:38:22.912Z root INFO Closing channel on service path '/services/formatter'.
2025-09-01 18:38:22 2025-09-02T01:38:22.912Z root INFO Closing channel on service path '/services/search-in-workspace'.
2025-09-01 18:38:22 2025-09-02T01:38:22.912Z root INFO Closing channel on service path '/services/request-service'.
2025-09-01 18:38:22 2025-09-02T01:38:22.912Z root INFO Closing channel on service path '/services/keyStore'.
2025-09-01 18:38:22 2025-09-02T01:38:22.912Z root INFO Closing channel on service path '/services/languagePackService'.
2025-09-01 18:38:22 2025-09-02T01:38:22.912Z root INFO Closing channel on service path '/services/monitor-manager-proxy'.
2025-09-01 18:38:22 2025-09-02T01:38:22.913Z root INFO Executing startup tasks:
2025-09-01 18:38:22 2025-09-02T01:38:22.913Z root INFO  - 'arduino-use-inherited-boards-data' , args: [{"fqbn":"esp32:esp32:esp32_family","data":{"configOptions":[],"programmers":[{"id":"esptool","name":"Esptool","platform":"esp32:esp32@3.3.0"}]}}]
2025-09-01 18:38:22 2025-09-02T01:38:22.914Z root INFO  - 'arduino-use-inherited-boards-config' , args: [{"selectedBoard":{"fqbn":"esp32:esp32:esp32_family","name":"ESP32 Family Device"},"selectedPort":{"address":"/dev/ttyACM0","addressLabel":"/dev/ttyACM0","protocol":"serial","protocolLabel":"Serial Port (USB)","properties":{"pid":"0x1001","serialNumber":"94:A9:90:7D:0E:B4","vid":"0x303a"},"hardwareId":"94:A9:90:7D:0E:B4"}},{"arduino+serial:///dev/ttyUSB0":{"name":"DOIT ESP32 DEVKIT V1","fqbn":"esp32:esp32:esp32doit-devkit-v1"}}]
2025-09-01 18:38:22 Closing channel on service path '/services/electron-window'.
2025-09-01 18:38:22 Closing channel on service path '/services/ide-updater'.
2025-09-01 18:38:22 2025-09-02T01:38:22.987Z discovery-log INFO {"eventType":"remove","port":{"matchingBoardsList":[],"port":{"address":"/dev/ttyACM0","label":"","protocol":"serial","protocolLabel":"","propertiesMap":[],"hardwareId":""}},"error":""}
2025-09-01 18:38:23 2025-09-02T01:38:23.288Z daemon INFO time="2025-09-01T18:38:23-07:00" level=info msg="Tool required for debug" tool="arduino:dfu-util@0.11.0-arduino5"
time="2025-09-01T18:38:23-07:00" level=info msg="Tool required for debug" tool="esp32:esp-rv32@2411"
time="2025-09-01T18:38:23-07:00" level=info msg="Tool required for debug" tool="esp32:esp-x32@2411"
time="2025-09-01T18:38:23-07:00" level=info msg="Tool required for debug" tool="esp32:esp32-arduino-libs@idf-release_v5.5-b66b5448-v1"
time="2025-09-01T18:38:23-07:00" level=info msg="Tool required for debug" tool="esp32:esptool_py@5.0.0"
time="2025-09-01T18:38:23-07:00" level=info msg="Tool required for debug" tool="esp32:mklittlefs@3.0.0-gnu12-dc7f933"
time="2025-09-01T18:38:23-07:00" level=info msg="Tool required for debug" tool="esp32:mkspiffs@0.2.3"
time="2025-09-01T18:38:23-07:00" level=info msg="Tool required for debug" tool="esp32:openocd-esp32@v0.12.0-esp32-20250422"
time="2025-09-01T18:38:23-07:00" level=info msg="Tool required for debug" tool="esp32:riscv32-esp-elf-gdb@16.2_20250324"
time="2025-09-01T18:38:23-07:00" level=info msg="Tool required for debug" tool="esp32:xtensa-esp-elf-gdb@16.2_20250324"
2025-09-01 18:38:23 2025-09-02T01:38:23.288Z daemon INFO time="2025-09-01T18:38:23-07:00" level=info msg="Tool required for debug" tool="arduino:avrdude@6.3.0-arduino17"
time="2025-09-01T18:38:23-07:00" level=info msg="Tool required for debug" tool="arduino:arm-none-eabi-gcc@7-2017q4"
time="2025-09-01T18:38:23-07:00" level=info msg="Tool required for debug" tool="arduino:openocd@0.11.0-arduino2"
time="2025-09-01T18:38:23-07:00" level=info msg="Tool required for debug" tool="builtin:serial-monitor@0.15.0"
time="2025-09-01T18:38:23-07:00" level=info msg="Tool required for debug" tool="builtin:ctags@5.8-arduino11"
time="2025-09-01T18:38:23-07:00" level=info msg="Tool required for debug" tool="builtin:mdns-discovery@1.0.9"
time="2025-09-01T18:38:23-07:00" level=info msg="Tool required for debug" tool="builtin:serial-discovery@1.4.1"
time="2025-09-01T18:38:23-07:00" level=info msg="Tool required for debug" tool="arduino:avr-gcc@7.3.0-atmel3.6.1-arduino7"
time="2025-09-01T18:38:23-07:00" level=info msg="Tool required for debug" tool="builtin:dfu-discovery@0.1.2"
time="2025-09-01T18:38:23-07:00" level=info msg="Tool required for debug" tool="arduino:bossac@1.9.1-arduino5"
time="2025-09-01T18:38:23-07:00" level=info msg="Tool required for debug" tool="arduino:arduinoOTA@1.3.0"
2025-09-01 18:38:23 2025-09-02T01:38:23.480Z discovery-log INFO {"eventType":"add","port":{"matchingBoardsList":[{"name":"ESP32 Family Device","fqbn":"esp32:esp32:esp32_family","isHidden":true}],"port":{"address":"/dev/ttyACM0","label":"/dev/ttyACM0","protocol":"serial","protocolLabel":"Serial Port (USB)","propertiesMap":[["pid","0x1001"],["serialNumber","30:ED:A0:AD:83:34"],["vid","0x303a"]],"hardwareId":"30:ED:A0:AD:83:34"}},"error":""}
2025-09-01 18:38:23 2025-09-02T01:38:23.488Z daemon INFO time="2025-09-01T18:38:23-07:00" level=info msg="Tool required for debug" tool="arduino:dfu-util@0.11.0-arduino5"
time="2025-09-01T18:38:23-07:00" level=info msg="Tool required for debug" tool="esp32:esp-rv32@2411"
time="2025-09-01T18:38:23-07:00" level=info msg="Tool required for debug" tool="esp32:esp-x32@2411"
time="2025-09-01T18:38:23-07:00" level=info msg="Tool required for debug" tool="esp32:esp32-arduino-libs@idf-release_v5.5-b66b5448-v1"
time="2025-09-01T18:38:23-07:00" level=info msg="Tool required for debug" tool="esp32:esptool_py@5.0.0"
time="2025-09-01T18:38:23-07:00" level=info msg="Tool required for debug" tool="esp32:mklittlefs@3.0.0-gnu12-dc7f933"
time="2025-09-01T18:38:23-07:00" level=info msg="Tool required for debug" tool="esp32:mkspiffs@0.2.3"
time="2025-09-01T18:38:23-07:00" level=info msg="Tool required for debug" tool="esp32:openocd-esp32@v0.12.0-esp32-20250422"
time="2025-09-01T18:38:23-07:00" level=info msg="Tool required for debug" tool="esp32:riscv32-esp-elf-gdb@16.2_20250324"
time="2025-09-01T18:38:23-07:00" level=info msg="Tool required for debug" tool="esp32:xtensa-esp-elf-gdb@16.2_20250324"
time="2025-09-01T18:38:23-07:00" level=info msg="Tool required for debug" tool="arduino:arduinoOTA@1.3.0"
time="2025-09-01T18:38:23-07:00" level=info msg="Tool required for debug" tool="arduino:bossac@1.9.1-arduino5"
time="2025-09-01T18:38:23-07:00" level=info msg="Tool required for debug" tool="arduino:arm-none-eabi-gcc@7-2017q4"
time="2025-09-01T18:38:23-07:00" level=info msg="Tool required for debug" tool="arduino:avrdude@6.3.0-arduino17"
time="2025-09-01T18:38:23-07:00" level=info msg="Tool required for debug" tool="builtin:dfu-discovery@0.1.2"
time="2025-09-01T18:38:23-07:00" level=info msg="Tool required for debug" tool="builtin:mdns-discovery@1.0.9"
time="2025-09-01T18:38:23-07:00" level=info msg="Tool required for debug" tool="builtin:serial-discovery@1.4.1"
time="2025-09-01T18:38:23-07:00" level=info msg="Tool required for debug" tool="builtin:serial-monitor@0.15.0"
time="2025-09-01T18:38:23-07:00" level=info msg="Tool required for debug" tool="arduino:avr-gcc@7.3.0-atmel3.6.1-arduino7"
time="2025-09-01T18:38:23-07:00" level=info msg="Tool required for debug" tool="builtin:ctags@5.8-arduino11"
time="2025-09-01T18:38:23-07:00" level=info msg="Tool required for debug" tool="arduino:openocd@0.11.0-arduino2"
2025-09-01 18:38:23 2025-09-02T01:38:23.812Z daemon INFO time="2025-09-01T18:38:23-07:00" level=info msg="Tool required for debug" tool="arduino:dfu-util@0.11.0-arduino5"
time="2025-09-01T18:38:23-07:00" level=info msg="Tool required for debug" tool="esp32:esp-rv32@2411"
2025-09-01 18:38:23 2025-09-02T01:38:23.812Z daemon INFO time="2025-09-01T18:38:23-07:00" level=info msg="Tool required for debug" tool="esp32:esp-x32@2411"
time="2025-09-01T18:38:23-07:00" level=info msg="Tool required for debug" tool="esp32:esp32-arduino-libs@idf-release_v5.5-b66b5448-v1"
time="2025-09-01T18:38:23-07:00" level=info msg="Tool required for debug" tool="esp32:esptool_py@5.0.0"
time="2025-09-01T18:38:23-07:00" level=info msg="Tool required for debug" tool="esp32:mklittlefs@3.0.0-gnu12-dc7f933"
time="2025-09-01T18:38:23-07:00" level=info msg="Tool required for debug" tool="esp32:mkspiffs@0.2.3"
time="2025-09-01T18:38:23-07:00" level=info msg="Tool required for debug" tool="esp32:openocd-esp32@v0.12.0-esp32-20250422"
time="2025-09-01T18:38:23-07:00" level=info msg="Tool required for debug" tool="esp32:riscv32-esp-elf-gdb@16.2_20250324"
2025-09-01 18:38:23 2025-09-02T01:38:23.813Z daemon INFO time="2025-09-01T18:38:23-07:00" level=info msg="Tool required for debug" tool="esp32:xtensa-esp-elf-gdb@16.2_20250324"
time="2025-09-01T18:38:23-07:00" level=info msg="Tool required for debug" tool="builtin:serial-monitor@0.15.0"
time="2025-09-01T18:38:23-07:00" level=info msg="Tool required for debug" tool="arduino:openocd@0.11.0-arduino2"
2025-09-01 18:38:23 2025-09-02T01:38:23.813Z daemon INFO time="2025-09-01T18:38:23-07:00" level=info msg="Tool required for debug" tool="builtin:serial-discovery@1.4.1"
2025-09-01 18:38:23 2025-09-02T01:38:23.813Z daemon INFO time="2025-09-01T18:38:23-07:00" level=info msg="Tool required for debug" tool="arduino:arduinoOTA@1.3.0"
time="2025-09-01T18:38:23-07:00" level=info msg="Tool required for debug" tool="arduino:bossac@1.9.1-arduino5"
time="2025-09-01T18:38:23-07:00" level=info msg="Tool required for debug" tool="arduino:arm-none-eabi-gcc@7-2017q4"
2025-09-01 18:38:23 2025-09-02T01:38:23.813Z daemon INFO time="2025-09-01T18:38:23-07:00" level=info msg="Tool required for debug" tool="arduino:avr-gcc@7.3.0-atmel3.6.1-arduino7"
time="2025-09-01T18:38:23-07:00" level=info msg="Tool required for debug" tool="builtin:ctags@5.8-arduino11"
2025-09-01 18:38:23 2025-09-02T01:38:23.813Z daemon INFO time="2025-09-01T18:38:23-07:00" level=info msg="Tool required for debug" tool="builtin:dfu-discovery@0.1.2"
2025-09-01 18:38:23 2025-09-02T01:38:23.813Z daemon INFO time="2025-09-01T18:38:23-07:00" level=info msg="Tool required for debug" tool="builtin:mdns-discovery@1.0.9"
time="2025-09-01T18:38:23-07:00" level=info msg="Tool required for debug" tool="arduino:avrdude@6.3.0-arduino17"
2025-09-01 18:38:23 2025-09-02T01:38:23.986Z root ERROR [hosted-plugin: 37199] Conflict in settings file Default: Ignoring cortex-debug.armToolchainPath.linux as cortex-debug.armToolchainPath is null
2025-09-01 18:38:23 2025-09-02T01:38:23.986Z root ERROR [hosted-plugin: 37199] Conflict in settings file Default: Ignoring cortex-debug.armToolchainPath.osx as cortex-debug.armToolchainPath is null
Conflict in settings file Default: Ignoring cortex-debug.armToolchainPath.windows as cortex-debug.armToolchainPath is null
Conflict in settings file Default: Ignoring cortex-debug.JLinkGDBServerPath.linux as cortex-debug.JLinkGDBServerPath is null
Conflict in settings file Default: Ignoring cortex-debug.JLinkGDBServerPath.osx as cortex-debug.JLinkGDBServerPath is null
2025-09-01 18:38:23 2025-09-02T01:38:23.986Z root ERROR [hosted-plugin: 37199] Conflict in settings file Default: Ignoring cortex-debug.JLinkGDBServerPath.windows as cortex-debug.JLinkGDBServerPath is null
2025-09-01 18:38:23 2025-09-02T01:38:23.986Z root ERROR [hosted-plugin: 37199] Conflict in settings file Default: Ignoring cortex-debug.openocdPath.linux as cortex-debug.openocdPath is null
2025-09-01 18:38:23 2025-09-02T01:38:23.986Z root ERROR [hosted-plugin: 37199] Conflict in settings file Default: Ignoring cortex-debug.openocdPath.osx as cortex-debug.openocdPath is null
2025-09-01 18:38:23 2025-09-02T01:38:23.986Z root ERROR [hosted-plugin: 37199] Conflict in settings file Default: Ignoring cortex-debug.openocdPath.windows as cortex-debug.openocdPath is null
Conflict in settings file Default: Ignoring cortex-debug.pyocdPath.linux as cortex-debug.pyocdPath is null
2025-09-01 18:38:23 2025-09-02T01:38:23.986Z root ERROR [hosted-plugin: 37199] Conflict in settings file Default: Ignoring cortex-debug.pyocdPath.osx as cortex-debug.pyocdPath is null
Conflict in settings file Default: Ignoring cortex-debug.pyocdPath.windows as cortex-debug.pyocdPath is null
Conflict in settings file Default: Ignoring cortex-debug.PEGDBServerPath.linux as cortex-debug.PEGDBServerPath is null
Conflict in settings file Default: Ignoring cortex-debug.PEGDBServerPath.osx as cortex-debug.PEGDBServerPath is null
2025-09-01 18:38:23 2025-09-02T01:38:23.986Z root ERROR [hosted-plugin: 37199] Conflict in settings file Default: Ignoring cortex-debug.PEGDBServerPath.windows as cortex-debug.PEGDBServerPath is null
Conflict in settings file Default: Ignoring cortex-debug.stutilPath.linux as cortex-debug.stutilPath is null
Conflict in settings file Default: Ignoring cortex-debug.stutilPath.osx as cortex-debug.stutilPath is null
2025-09-01 18:38:23 2025-09-02T01:38:23.987Z root ERROR [hosted-plugin: 37199] Conflict in settings file Default: Ignoring cortex-debug.stutilPath.windows as cortex-debug.stutilPath is null
Conflict in settings file Default: Ignoring cortex-debug.stlinkPath.linux as cortex-debug.stlinkPath is null
Conflict in settings file Default: Ignoring cortex-debug.stlinkPath.osx as cortex-debug.stlinkPath is null
2025-09-01 18:38:23 2025-09-02T01:38:23.987Z root ERROR [hosted-plugin: 37199] Conflict in settings file Default: Ignoring cortex-debug.stlinkPath.windows as cortex-debug.stlinkPath is null
Conflict in settings file Default: Ignoring cortex-debug.stm32cubeprogrammer.linux as cortex-debug.stm32cubeprogrammer is null
Conflict in settings file Default: Ignoring cortex-debug.stm32cubeprogrammer.osx as cortex-debug.stm32cubeprogrammer is null
Conflict in settings file Default: Ignoring cortex-debug.stm32cubeprogrammer.windows as cortex-debug.stm32cubeprogrammer is null
2025-09-01 18:38:24 2025-09-02T01:38:24.036Z root INFO [hosted-plugin: 37199] PLUGIN_HOST(37199): PluginManagerExtImpl/init()
2025-09-01 18:38:24 2025-09-02T01:38:24.041Z root INFO [hosted-plugin: 37199] PLUGIN_HOST(37199): initializing(vscode-arduino-api@0.1.2 with /nix/store/2d5i1bzbqbnl4rgnhk8czrw5zmqqjdzv-arduino-ide-2.3.6-extracted/resources/app/lib/backend/plugin-vscode-init)
2025-09-01 18:38:24 2025-09-02T01:38:24.144Z root INFO [hosted-plugin: 37199] PLUGIN_HOST(37199): initializing(json-language-features@1.88.1 with /nix/store/2d5i1bzbqbnl4rgnhk8czrw5zmqqjdzv-arduino-ide-2.3.6-extracted/resources/app/lib/backend/plugin-vscode-init)
2025-09-01 18:38:24 2025-09-02T01:38:24.150Z root INFO [hosted-plugin: 37199] PLUGIN_HOST(37199): initializing(cortex-debug@1.5.1 with /nix/store/2d5i1bzbqbnl4rgnhk8czrw5zmqqjdzv-arduino-ide-2.3.6-extracted/resources/app/lib/backend/plugin-vscode-init)
2025-09-01 18:38:24 2025-09-02T01:38:24.150Z root INFO [hosted-plugin: 37199] Debugger contribution has been registered: cortex-debug
2025-09-01 18:38:24 2025-09-02T01:38:24.152Z root INFO [hosted-plugin: 37199] PLUGIN_HOST(37199): initializing(vscode-arduino-tools@0.1.3 with /nix/store/2d5i1bzbqbnl4rgnhk8czrw5zmqqjdzv-arduino-ide-2.3.6-extracted/resources/app/lib/backend/plugin-vscode-init)
2025-09-01 18:38:24 2025-09-02T01:38:24.154Z root INFO [hosted-plugin: 37199] PLUGIN_HOST(37199): initializing(cpp@1.88.1 with /nix/store/2d5i1bzbqbnl4rgnhk8czrw5zmqqjdzv-arduino-ide-2.3.6-extracted/resources/app/lib/backend/plugin-vscode-init)
2025-09-01 18:38:24 2025-09-02T01:38:24.155Z root INFO [hosted-plugin: 37199] PLUGIN_HOST(37199): initializing(json@1.88.1 with /nix/store/2d5i1bzbqbnl4rgnhk8czrw5zmqqjdzv-arduino-ide-2.3.6-extracted/resources/app/lib/backend/plugin-vscode-init)
2025-09-01 18:38:24 2025-09-02T01:38:24.157Z root INFO [hosted-plugin: 37199] PLUGIN_HOST(37199): initializing(vscode-language-pack-bg@1.48.3 with /nix/store/2d5i1bzbqbnl4rgnhk8czrw5zmqqjdzv-arduino-ide-2.3.6-extracted/resources/app/lib/backend/plugin-vscode-init)
2025-09-01 18:38:24 2025-09-02T01:38:24.162Z root INFO [hosted-plugin: 37199] PLUGIN_HOST(37199): initializing(vscode-language-pack-cs@1.96.0 with /nix/store/2d5i1bzbqbnl4rgnhk8czrw5zmqqjdzv-arduino-ide-2.3.6-extracted/resources/app/lib/backend/plugin-vscode-init)
2025-09-01 18:38:24 2025-09-02T01:38:24.163Z root INFO [hosted-plugin: 37199] PLUGIN_HOST(37199): initializing(vscode-language-pack-de@1.96.0 with /nix/store/2d5i1bzbqbnl4rgnhk8czrw5zmqqjdzv-arduino-ide-2.3.6-extracted/resources/app/lib/backend/plugin-vscode-init)
2025-09-01 18:38:24 2025-09-02T01:38:24.164Z root INFO [hosted-plugin: 37199] PLUGIN_HOST(37199): initializing(vscode-language-pack-es@1.96.0 with /nix/store/2d5i1bzbqbnl4rgnhk8czrw5zmqqjdzv-arduino-ide-2.3.6-extracted/resources/app/lib/backend/plugin-vscode-init)
2025-09-01 18:38:24 2025-09-02T01:38:24.165Z root INFO [hosted-plugin: 37199] PLUGIN_HOST(37199): initializing(vscode-language-pack-fr@1.96.0 with /nix/store/2d5i1bzbqbnl4rgnhk8czrw5zmqqjdzv-arduino-ide-2.3.6-extracted/resources/app/lib/backend/plugin-vscode-init)
2025-09-01 18:38:24 2025-09-02T01:38:24.166Z root INFO [hosted-plugin: 37199] PLUGIN_HOST(37199): initializing(vscode-language-pack-hu@1.48.3 with /nix/store/2d5i1bzbqbnl4rgnhk8czrw5zmqqjdzv-arduino-ide-2.3.6-extracted/resources/app/lib/backend/plugin-vscode-init)
2025-09-01 18:38:24 2025-09-02T01:38:24.167Z root INFO [hosted-plugin: 37199] PLUGIN_HOST(37199): initializing(vscode-language-pack-it@1.96.0 with /nix/store/2d5i1bzbqbnl4rgnhk8czrw5zmqqjdzv-arduino-ide-2.3.6-extracted/resources/app/lib/backend/plugin-vscode-init)
2025-09-01 18:38:24 2025-09-02T01:38:24.168Z root INFO [hosted-plugin: 37199] PLUGIN_HOST(37199): initializing(vscode-language-pack-ja@1.96.0 with /nix/store/2d5i1bzbqbnl4rgnhk8czrw5zmqqjdzv-arduino-ide-2.3.6-extracted/resources/app/lib/backend/plugin-vscode-init)
2025-09-01 18:38:24 2025-09-02T01:38:24.168Z root INFO [hosted-plugin: 37199] PLUGIN_HOST(37199): initializing(vscode-language-pack-ko@1.96.0 with /nix/store/2d5i1bzbqbnl4rgnhk8czrw5zmqqjdzv-arduino-ide-2.3.6-extracted/resources/app/lib/backend/plugin-vscode-init)
2025-09-01 18:38:24 2025-09-02T01:38:24.169Z root INFO [hosted-plugin: 37199] PLUGIN_HOST(37199): initializing(vscode-language-pack-nl@1.48.3 with /nix/store/2d5i1bzbqbnl4rgnhk8czrw5zmqqjdzv-arduino-ide-2.3.6-extracted/resources/app/lib/backend/plugin-vscode-init)
2025-09-01 18:38:24 2025-09-02T01:38:24.169Z root INFO [hosted-plugin: 37199] PLUGIN_HOST(37199): initializing(vscode-language-pack-pl@1.96.0 with /nix/store/2d5i1bzbqbnl4rgnhk8czrw5zmqqjdzv-arduino-ide-2.3.6-extracted/resources/app/lib/backend/plugin-vscode-init)
2025-09-01 18:38:24 2025-09-02T01:38:24.170Z root INFO [hosted-plugin: 37199] PLUGIN_HOST(37199): initializing(vscode-language-pack-pt-BR@1.96.0 with /nix/store/2d5i1bzbqbnl4rgnhk8czrw5zmqqjdzv-arduino-ide-2.3.6-extracted/resources/app/lib/backend/plugin-vscode-init)
2025-09-01 18:38:24 2025-09-02T01:38:24.170Z root INFO [hosted-plugin: 37199] PLUGIN_HOST(37199): initializing(vscode-language-pack-ru@1.96.0 with /nix/store/2d5i1bzbqbnl4rgnhk8czrw5zmqqjdzv-arduino-ide-2.3.6-extracted/resources/app/lib/backend/plugin-vscode-init)
2025-09-01 18:38:24 2025-09-02T01:38:24.170Z root INFO [hosted-plugin: 37199] PLUGIN_HOST(37199): initializing(vscode-language-pack-tr@1.96.0 with /nix/store/2d5i1bzbqbnl4rgnhk8czrw5zmqqjdzv-arduino-ide-2.3.6-extracted/resources/app/lib/backend/plugin-vscode-init)
2025-09-01 18:38:24 2025-09-02T01:38:24.171Z root INFO [hosted-plugin: 37199] PLUGIN_HOST(37199): initializing(vscode-language-pack-uk@1.48.3 with /nix/store/2d5i1bzbqbnl4rgnhk8czrw5zmqqjdzv-arduino-ide-2.3.6-extracted/resources/app/lib/backend/plugin-vscode-init)
2025-09-01 18:38:24 2025-09-02T01:38:24.171Z root INFO [hosted-plugin: 37199] PLUGIN_HOST(37199): initializing(vscode-language-pack-zh-hans@1.96.0 with /nix/store/2d5i1bzbqbnl4rgnhk8czrw5zmqqjdzv-arduino-ide-2.3.6-extracted/resources/app/lib/backend/plugin-vscode-init)
2025-09-01 18:38:24 2025-09-02T01:38:24.171Z root INFO [hosted-plugin: 37199] PLUGIN_HOST(37199): initializing(vscode-language-pack-zh-hant@1.96.0 with /nix/store/2d5i1bzbqbnl4rgnhk8czrw5zmqqjdzv-arduino-ide-2.3.6-extracted/resources/app/lib/backend/plugin-vscode-init)
2025-09-01 18:38:24 2025-09-02T01:38:24.249Z root INFO [hosted-plugin: 37199] PLUGIN_HOST(37199): PluginManagerExtImpl/loadPlugin(/nix/store/2d5i1bzbqbnl4rgnhk8czrw5zmqqjdzv-arduino-ide-2.3.6-extracted/resources/app/plugins/vscode-builtin-json-language-features/extension/client/dist/node/jsonClientMain)
2025-09-01 18:38:24 2025-09-02T01:38:24.319Z root INFO [hosted-plugin: 37199] PLUGIN_HOST(37199): PluginManagerExtImpl/loadPlugin(/nix/store/2d5i1bzbqbnl4rgnhk8czrw5zmqqjdzv-arduino-ide-2.3.6-extracted/resources/app/plugins/vscode-arduino-api/extension/dist/extension.js)
2025-09-01 18:38:24 2025-09-02T01:38:24.322Z root INFO [hosted-plugin: 37199] calling activation function on Arduino IDE API for VS Code extensions
2025-09-01 18:38:24 2025-09-02T01:38:24.339Z root INFO [f460fc8f-3541-4f6a-b5e1-d00bb04ed3df] Starting plugins.
2025-09-01 18:38:24 2025-09-02T01:38:24.371Z root INFO [hosted-plugin: 37199] PLUGIN_HOST(37199): PluginManagerExtImpl/loadPlugin(/nix/store/2d5i1bzbqbnl4rgnhk8czrw5zmqqjdzv-arduino-ide-2.3.6-extracted/resources/app/plugins/cortex-debug/extension/dist/extension.js)
2025-09-01 18:38:24 2025-09-02T01:38:24.405Z root INFO [hosted-plugin: 37199] Debug configuration provider has been registered: cortex-debug, trigger: 1
2025-09-01 18:38:24 2025-09-02T01:38:24.405Z root INFO [hosted-plugin: 37199] calling activation function on Cortex-Debug
2025-09-01 18:38:24 2025-09-02T01:38:24.408Z root INFO [hosted-plugin: 37199] GDB server console created
2025-09-01 18:38:24 2025-09-02T01:38:24.441Z root INFO [f460fc8f-3541-4f6a-b5e1-d00bb04ed3df] Start of 23 plugins: 1851.3 ms [Finished 5.485 s after frontend start]
2025-09-01 18:38:24 2025-09-02T01:38:24.506Z root INFO Starting language server: esp32:esp32:esp32_family
2025-09-01 18:38:24 2025-09-02T01:38:24.517Z root INFO [hosted-plugin: 37199] PLUGIN_HOST(37199): PluginManagerExtImpl/loadPlugin(/nix/store/2d5i1bzbqbnl4rgnhk8czrw5zmqqjdzv-arduino-ide-2.3.6-extracted/resources/app/plugins/vscode-arduino-tools/extension/dist/extension.js)
2025-09-01 18:38:24 2025-09-02T01:38:24.547Z root INFO [hosted-plugin: 37199] calling activation function on VS Code Arduino Tools
2025-09-01 18:38:24 2025-09-02T01:38:24.588Z root INFO [hosted-plugin: 37199] calling activation function on JSON Language Features (built-in)
2025-09-01 18:38:24 2025-09-02T01:38:24.622Z daemon INFO time="2025-09-01T18:38:24-07:00" level=info msg="Adding libraries dir" dir=/home/aaron/.arduino15/libraries isSingleLibrary=false location=ide
time="2025-09-01T18:38:24-07:00" level=info msg="Adding libraries dir" dir=/home/aaron/.arduino15/packages/esp32/hardware/esp32/3.3.0/libraries isSingleLibrary=false location=platform
2025-09-01 18:38:24 2025-09-02T01:38:24.622Z daemon INFO time="2025-09-01T18:38:24-07:00" level=info msg="Adding libraries dir" dir=/home/aaron/Arduino/libraries isSingleLibrary=false location=user
2025-09-01 18:38:24 2025-09-02T01:38:24.867Z daemon INFO time="2025-09-01T18:38:24-07:00" level=info msg="Adding libraries dir" dir=/home/aaron/.arduino15/libraries isSingleLibrary=false location=ide
time="2025-09-01T18:38:24-07:00" level=info msg="Adding libraries dir" dir=/home/aaron/.arduino15/packages/esp32/hardware/esp32/3.3.0/libraries isSingleLibrary=false location=platform
time="2025-09-01T18:38:24-07:00" level=info msg="Adding libraries dir" dir=/home/aaron/Arduino/libraries isSingleLibrary=false location=user
2025-09-01 18:38:25 2025-09-02T01:38:25.056Z daemon INFO time="2025-09-01T18:38:25-07:00" level=info msg="Adding libraries dir" dir=/home/aaron/.arduino15/libraries isSingleLibrary=false location=ide
time="2025-09-01T18:38:25-07:00" level=info msg="Adding libraries dir" dir=/home/aaron/.arduino15/packages/esp32/hardware/esp32/3.3.0/libraries isSingleLibrary=false location=platform
time="2025-09-01T18:38:25-07:00" level=info msg="Adding libraries dir" dir=/home/aaron/Arduino/libraries isSingleLibrary=false location=user
2025-09-01 18:38:25 2025-09-02T01:38:25.257Z daemon INFO time="2025-09-01T18:38:25-07:00" level=info msg="Adding libraries dir" dir=/home/aaron/.arduino15/libraries isSingleLibrary=false location=ide
time="2025-09-01T18:38:25-07:00" level=info msg="Adding libraries dir" dir=/home/aaron/.arduino15/packages/esp32/hardware/esp32/3.3.0/libraries isSingleLibrary=false location=platform
time="2025-09-01T18:38:25-07:00" level=info msg="Adding libraries dir" dir=/home/aaron/Arduino/libraries isSingleLibrary=false location=user
2025-09-01 18:38:25 2025-09-02T01:38:25.444Z daemon INFO time="2025-09-01T18:38:25-07:00" level=info msg="Adding libraries dir" dir=/home/aaron/.arduino15/libraries isSingleLibrary=false location=ide
time="2025-09-01T18:38:25-07:00" level=info msg="Adding libraries dir" dir=/home/aaron/.arduino15/packages/esp32/hardware/esp32/3.3.0/libraries isSingleLibrary=false location=platform
time="2025-09-01T18:38:25-07:00" level=info msg="Adding libraries dir" dir=/home/aaron/Arduino/libraries isSingleLibrary=false location=user
2025-09-01 18:38:26 2025-09-02T01:38:26.008Z discovery-log INFO {"eventType":"remove","port":{"matchingBoardsList":[],"port":{"address":"/dev/ttyACM0","label":"","protocol":"serial","protocolLabel":"","propertiesMap":[],"hardwareId":""}},"error":""}
2025-09-01 18:38:26 2025-09-02T01:38:26.380Z discovery-log INFO {"eventType":"add","port":{"matchingBoardsList":[{"name":"ESP32 Family Device","fqbn":"esp32:esp32:esp32_family","isHidden":true}],"port":{"address":"/dev/ttyACM0","label":"/dev/ttyACM0","protocol":"serial","protocolLabel":"Serial Port (USB)","propertiesMap":[["pid","0x1001"],["serialNumber","30:ED:A0:AD:83:34"],["vid","0x303a"]],"hardwareId":"30:ED:A0:AD:83:34"}},"error":""}
2025-09-01 18:38:29 2025-09-02T01:38:29.035Z discovery-log INFO {"eventType":"remove","port":{"matchingBoardsList":[],"port":{"address":"/dev/ttyACM0","label":"","protocol":"serial","protocolLabel":"","propertiesMap":[],"hardwareId":""}},"error":""}
2025-09-01 18:38:29 2025-09-02T01:38:29.411Z discovery-log INFO {"eventType":"add","port":{"matchingBoardsList":[{"name":"ESP32 Family Device","fqbn":"esp32:esp32:esp32_family","isHidden":true}],"port":{"address":"/dev/ttyACM0","label":"/dev/ttyACM0","protocol":"serial","protocolLabel":"Serial Port (USB)","propertiesMap":[["pid","0x1001"],["serialNumber","30:ED:A0:AD:83:34"],["vid","0x303a"]],"hardwareId":"30:ED:A0:AD:83:34"}},"error":""}
2025-09-01 18:38:32 2025-09-02T01:38:32.061Z discovery-log INFO {"eventType":"remove","port":{"matchingBoardsList":[],"port":{"address":"/dev/ttyACM0","label":"","protocol":"serial","protocolLabel":"","propertiesMap":[],"hardwareId":""}},"error":""}
2025-09-01 18:38:32 2025-09-02T01:38:32.436Z discovery-log INFO {"eventType":"add","port":{"matchingBoardsList":[{"name":"ESP32 Family Device","fqbn":"esp32:esp32:esp32_family","isHidden":true}],"port":{"address":"/dev/ttyACM0","label":"/dev/ttyACM0","protocol":"serial","protocolLabel":"Serial Port (USB)","propertiesMap":[["pid","0x1001"],["serialNumber","30:ED:A0:AD:83:34"],["vid","0x303a"]],"hardwareId":"30:ED:A0:AD:83:34"}},"error":""}
2025-09-01 18:38:35 2025-09-02T01:38:35.087Z discovery-log INFO {"eventType":"remove","port":{"matchingBoardsList":[],"port":{"address":"/dev/ttyACM0","label":"","protocol":"serial","protocolLabel":"","propertiesMap":[],"hardwareId":""}},"error":""}
2025-09-01 18:38:35 2025-09-02T01:38:35.460Z discovery-log INFO {"eventType":"add","port":{"matchingBoardsList":[{"name":"ESP32 Family Device","fqbn":"esp32:esp32:esp32_family","isHidden":true}],"port":{"address":"/dev/ttyACM0","label":"/dev/ttyACM0","protocol":"serial","protocolLabel":"Serial Port (USB)","propertiesMap":[["pid","0x1001"],["serialNumber","30:ED:A0:AD:83:34"],["vid","0x303a"]],"hardwareId":"30:ED:A0:AD:83:34"}},"error":""}
2025-09-01 18:38:38 2025-09-02T01:38:38.115Z discovery-log INFO {"eventType":"remove","port":{"matchingBoardsList":[],"port":{"address":"/dev/ttyACM0","label":"","protocol":"serial","protocolLabel":"","propertiesMap":[],"hardwareId":""}},"error":""}
2025-09-01 18:38:38 2025-09-02T01:38:38.488Z discovery-log INFO {"eventType":"add","port":{"matchingBoardsList":[{"name":"ESP32 Family Device","fqbn":"esp32:esp32:esp32_family","isHidden":true}],"port":{"address":"/dev/ttyACM0","label":"/dev/ttyACM0","protocol":"serial","protocolLabel":"Serial Port (USB)","propertiesMap":[["pid","0x1001"],["serialNumber","30:ED:A0:AD:83:34"],["vid","0x303a"]],"hardwareId":"30:ED:A0:AD:83:34"}},"error":""}
2025-09-01 18:38:41 2025-09-02T01:38:41.141Z discovery-log INFO {"eventType":"remove","port":{"matchingBoardsList":[],"port":{"address":"/dev/ttyACM0","label":"","protocol":"serial","protocolLabel":"","propertiesMap":[],"hardwareId":""}},"error":""}
2025-09-01 18:38:41 2025-09-02T01:38:41.515Z discovery-log INFO {"eventType":"add","port":{"matchingBoardsList":[{"name":"ESP32 Family Device","fqbn":"esp32:esp32:esp32_family","isHidden":true}],"port":{"address":"/dev/ttyACM0","label":"/dev/ttyACM0","protocol":"serial","protocolLabel":"Serial Port (USB)","propertiesMap":[["pid","0x1001"],["serialNumber","30:ED:A0:AD:83:34"],["vid","0x303a"]],"hardwareId":"30:ED:A0:AD:83:34"}},"error":""}
2025-09-01 18:38:44 2025-09-02T01:38:44.167Z discovery-log INFO {"eventType":"remove","port":{"matchingBoardsList":[],"port":{"address":"/dev/ttyACM0","label":"","protocol":"serial","protocolLabel":"","propertiesMap":[],"hardwareId":""}},"error":""}
2025-09-01 18:38:48 2025-09-02T01:38:48.604Z discovery-log INFO {"eventType":"add","port":{"matchingBoardsList":[{"name":"ESP32 Family Device","fqbn":"esp32:esp32:esp32_family","isHidden":true}],"port":{"address":"/dev/ttyACM0","label":"/dev/ttyACM0","protocol":"serial","protocolLabel":"Serial Port (USB)","propertiesMap":[["pid","0x1001"],["serialNumber","30:ED:A0:AD:83:34"],["vid","0x303a"]],"hardwareId":"30:ED:A0:AD:83:34"}},"error":""}
2025-09-01 18:38:51 2025-09-02T01:38:51.258Z discovery-log INFO {"eventType":"remove","port":{"matchingBoardsList":[],"port":{"address":"/dev/ttyACM0","label":"","protocol":"serial","protocolLabel":"","propertiesMap":[],"hardwareId":""}},"error":""}
2025-09-01 18:38:51 2025-09-02T01:38:51.632Z discovery-log INFO {"eventType":"add","port":{"matchingBoardsList":[{"name":"ESP32 Family Device","fqbn":"esp32:esp32:esp32_family","isHidden":true}],"port":{"address":"/dev/ttyACM0","label":"/dev/ttyACM0","protocol":"serial","protocolLabel":"Serial Port (USB)","propertiesMap":[["pid","0x1001"],["serialNumber","30:ED:A0:AD:83:34"],["vid","0x303a"]],"hardwareId":"30:ED:A0:AD:83:34"}},"error":""}
2025-09-01 18:38:53 2025-09-02T01:38:53.737Z discovery-log INFO {"eventType":"remove","port":{"matchingBoardsList":[],"port":{"address":"/dev/ttyACM0","label":"","protocol":"serial","protocolLabel":"","propertiesMap":[],"hardwareId":""}},"error":""}
2025-09-01 18:38:54 2025-09-02T01:38:54.396Z discovery-log INFO {"eventType":"add","port":{"matchingBoardsList":[{"name":"ESP32 Family Device","fqbn":"esp32:esp32:esp32_family","isHidden":true}],"port":{"address":"/dev/ttyACM0","label":"/dev/ttyACM0","protocol":"serial","protocolLabel":"Serial Port (USB)","propertiesMap":[["pid","0x1001"],["serialNumber","30:ED:A0:AD:83:34"],["vid","0x303a"]],"hardwareId":"30:ED:A0:AD:83:34"}},"error":""}
2025-09-01 18:39:10 2025-09-02T01:39:10.112Z daemon INFO time="2025-09-01T18:39:10-07:00" level=info msg="Tool required for debug" tool="arduino:dfu-util@0.11.0-arduino5"
time="2025-09-01T18:39:10-07:00" level=info msg="Tool required for debug" tool="esp32:esp-rv32@2411"
time="2025-09-01T18:39:10-07:00" level=info msg="Tool required for debug" tool="esp32:esp-x32@2411"
2025-09-01 18:39:10 2025-09-02T01:39:10.113Z daemon INFO time="2025-09-01T18:39:10-07:00" level=info msg="Tool required for debug" tool="esp32:esp32-arduino-libs@idf-release_v5.5-b66b5448-v1"
time="2025-09-01T18:39:10-07:00" level=info msg="Tool required for debug" tool="esp32:esptool_py@5.0.0"
time="2025-09-01T18:39:10-07:00" level=info msg="Tool required for debug" tool="esp32:mklittlefs@3.0.0-gnu12-dc7f933"
time="2025-09-01T18:39:10-07:00" level=info msg="Tool required for debug" tool="esp32:mkspiffs@0.2.3"
time="2025-09-01T18:39:10-07:00" level=info msg="Tool required for debug" tool="esp32:openocd-esp32@v0.12.0-esp32-20250422"
time="2025-09-01T18:39:10-07:00" level=info msg="Tool required for debug" tool="esp32:riscv32-esp-elf-gdb@16.2_20250324"
time="2025-09-01T18:39:10-07:00" level=info msg="Tool required for debug" tool="esp32:xtensa-esp-elf-gdb@16.2_20250324"
time="2025-09-01T18:39:10-07:00" level=info msg="Tool required for debug" tool="arduino:bossac@1.9.1-arduino5"
time="2025-09-01T18:39:10-07:00" level=info msg="Tool required for debug" tool="arduino:avrdude@6.3.0-arduino17"
time="2025-09-01T18:39:10-07:00" level=info msg="Tool required for debug" tool="arduino:openocd@0.11.0-arduino2"
time="2025-09-01T18:39:10-07:00" level=info msg="Tool required for debug" tool="builtin:ctags@5.8-arduino11"
2025-09-01 18:39:10 2025-09-02T01:39:10.113Z daemon INFO time="2025-09-01T18:39:10-07:00" level=info msg="Tool required for debug" tool="arduino:avr-gcc@7.3.0-atmel3.6.1-arduino7"
time="2025-09-01T18:39:10-07:00" level=info msg="Tool required for debug" tool="builtin:serial-monitor@0.15.0"
time="2025-09-01T18:39:10-07:00" level=info msg="Tool required for debug" tool="builtin:serial-discovery@1.4.1"
2025-09-01 18:39:10 2025-09-02T01:39:10.113Z daemon INFO time="2025-09-01T18:39:10-07:00" level=info msg="Tool required for debug" tool="arduino:arduinoOTA@1.3.0"
time="2025-09-01T18:39:10-07:00" level=info msg="Tool required for debug" tool="builtin:dfu-discovery@0.1.2"
time="2025-09-01T18:39:10-07:00" level=info msg="Tool required for debug" tool="builtin:mdns-discovery@1.0.9"
time="2025-09-01T18:39:10-07:00" level=info msg="Tool required for debug" tool="arduino:arm-none-eabi-gcc@7-2017q4"
2025-09-01 18:39:10 2025-09-02T01:39:10.118Z root INFO Starting language server: esp32:esp32:esp32s3:UploadSpeed=921600,USBMode=hwcdc,CDCOnBoot=default,MSCOnBoot=default,DFUOnBoot=default,UploadMode=default,CPUFreq=240,FlashMode=qio,FlashSize=4M,PartitionScheme=default,DebugLevel=none,PSRAM=disabled,LoopCore=1,EventsCore=1,EraseFlash=none,JTAGAdapter=default,ZigbeeMode=default
2025-09-01 18:39:10 2025-09-02T01:39:10.119Z daemon INFO time="2025-09-01T18:39:10-07:00" level=info msg="Tool required for debug" tool="arduino:dfu-util@0.11.0-arduino5"
time="2025-09-01T18:39:10-07:00" level=info msg="Tool required for debug" tool="esp32:esp-rv32@2411"
time="2025-09-01T18:39:10-07:00" level=info msg="Tool required for debug" tool="esp32:esp-x32@2411"
time="2025-09-01T18:39:10-07:00" level=info msg="Tool required for debug" tool="esp32:esp32-arduino-libs@idf-release_v5.5-b66b5448-v1"
time="2025-09-01T18:39:10-07:00" level=info msg="Tool required for debug" tool="esp32:esptool_py@5.0.0"
time="2025-09-01T18:39:10-07:00" level=info msg="Tool required for debug" tool="esp32:mklittlefs@3.0.0-gnu12-dc7f933"
2025-09-01 18:39:10 2025-09-02T01:39:10.120Z daemon INFO time="2025-09-01T18:39:10-07:00" level=info msg="Tool required for debug" tool="esp32:mkspiffs@0.2.3"
time="2025-09-01T18:39:10-07:00" level=info msg="Tool required for debug" tool="esp32:openocd-esp32@v0.12.0-esp32-20250422"
time="2025-09-01T18:39:10-07:00" level=info msg="Tool required for debug" tool="esp32:riscv32-esp-elf-gdb@16.2_20250324"
time="2025-09-01T18:39:10-07:00" level=info msg="Tool required for debug" tool="esp32:xtensa-esp-elf-gdb@16.2_20250324"
time="2025-09-01T18:39:10-07:00" level=info msg="Tool required for debug" tool="arduino:openocd@0.11.0-arduino2"
time="2025-09-01T18:39:10-07:00" level=info msg="Tool required for debug" tool="arduino:bossac@1.9.1-arduino5"
time="2025-09-01T18:39:10-07:00" level=info msg="Tool required for debug" tool="builtin:mdns-discovery@1.0.9"
time="2025-09-01T18:39:10-07:00" level=info msg="Tool required for debug" tool="arduino:avrdude@6.3.0-arduino17"
time="2025-09-01T18:39:10-07:00" level=info msg="Tool required for debug" tool="builtin:serial-discovery@1.4.1"
time="2025-09-01T18:39:10-07:00" level=info msg="Tool required for debug" tool="builtin:serial-monitor@0.15.0"
2025-09-01 18:39:10 2025-09-02T01:39:10.120Z daemon INFO time="2025-09-01T18:39:10-07:00" level=info msg="Tool required for debug" tool="arduino:arduinoOTA@1.3.0"
time="2025-09-01T18:39:10-07:00" level=info msg="Tool required for debug" tool="arduino:avr-gcc@7.3.0-atmel3.6.1-arduino7"
time="2025-09-01T18:39:10-07:00" level=info msg="Tool required for debug" tool="arduino:arm-none-eabi-gcc@7-2017q4"
time="2025-09-01T18:39:10-07:00" level=info msg="Tool required for debug" tool="builtin:ctags@5.8-arduino11"
time="2025-09-01T18:39:10-07:00" level=info msg="Tool required for debug" tool="builtin:dfu-discovery@0.1.2"
2025-09-01 18:39:10 2025-09-02T01:39:10.125Z daemon INFO time="2025-09-01T18:39:10-07:00" level=info msg="Tool required for debug" tool="arduino:dfu-util@0.11.0-arduino5"
time="2025-09-01T18:39:10-07:00" level=info msg="Tool required for debug" tool="esp32:esp-rv32@2411"
time="2025-09-01T18:39:10-07:00" level=info msg="Tool required for debug" tool="esp32:esp-x32@2411"
time="2025-09-01T18:39:10-07:00" level=info msg="Tool required for debug" tool="esp32:esp32-arduino-libs@idf-release_v5.5-b66b5448-v1"
time="2025-09-01T18:39:10-07:00" level=info msg="Tool required for debug" tool="esp32:esptool_py@5.0.0"
time="2025-09-01T18:39:10-07:00" level=info msg="Tool required for debug" tool="esp32:mklittlefs@3.0.0-gnu12-dc7f933"
2025-09-01 18:39:10 2025-09-02T01:39:10.125Z daemon INFO time="2025-09-01T18:39:10-07:00" level=info msg="Tool required for debug" tool="esp32:mkspiffs@0.2.3"
time="2025-09-01T18:39:10-07:00" level=info msg="Tool required for debug" tool="esp32:openocd-esp32@v0.12.0-esp32-20250422"
time="2025-09-01T18:39:10-07:00" level=info msg="Tool required for debug" tool="esp32:riscv32-esp-elf-gdb@16.2_20250324"
time="2025-09-01T18:39:10-07:00" level=info msg="Tool required for debug" tool="esp32:xtensa-esp-elf-gdb@16.2_20250324"
time="2025-09-01T18:39:10-07:00" level=info msg="Tool required for debug" tool="arduino:openocd@0.11.0-arduino2"
time="2025-09-01T18:39:10-07:00" level=info msg="Tool required for debug" tool="builtin:ctags@5.8-arduino11"
time="2025-09-01T18:39:10-07:00" level=info msg="Tool required for debug" tool="arduino:avr-gcc@7.3.0-atmel3.6.1-arduino7"
time="2025-09-01T18:39:10-07:00" level=info msg="Tool required for debug" tool="builtin:mdns-discovery@1.0.9"
time="2025-09-01T18:39:10-07:00" level=info msg="Tool required for debug" tool="builtin:serial-discovery@1.4.1"
time="2025-09-01T18:39:10-07:00" level=info msg="Tool required for debug" tool="builtin:serial-monitor@0.15.0"
2025-09-01 18:39:10 2025-09-02T01:39:10.125Z daemon INFO time="2025-09-01T18:39:10-07:00" level=info msg="Tool required for debug" tool="builtin:dfu-discovery@0.1.2"
time="2025-09-01T18:39:10-07:00" level=info msg="Tool required for debug" tool="arduino:arm-none-eabi-gcc@7-2017q4"
time="2025-09-01T18:39:10-07:00" level=info msg="Tool required for debug" tool="arduino:bossac@1.9.1-arduino5"
time="2025-09-01T18:39:10-07:00" level=info msg="Tool required for debug" tool="arduino:arduinoOTA@1.3.0"
time="2025-09-01T18:39:10-07:00" level=info msg="Tool required for debug" tool="arduino:avrdude@6.3.0-arduino17"
2025-09-01 18:39:10 2025-09-02T01:39:10.132Z daemon INFO time="2025-09-01T18:39:10-07:00" level=info msg="Tool required for debug" tool="arduino:dfu-util@0.11.0-arduino5"
time="2025-09-01T18:39:10-07:00" level=info msg="Tool required for debug" tool="esp32:esp-rv32@2411"
time="2025-09-01T18:39:10-07:00" level=info msg="Tool required for debug" tool="esp32:esp-x32@2411"
time="2025-09-01T18:39:10-07:00" level=info msg="Tool required for debug" tool="esp32:esp32-arduino-libs@idf-release_v5.5-b66b5448-v1"
time="2025-09-01T18:39:10-07:00" level=info msg="Tool required for debug" tool="esp32:esptool_py@5.0.0"
time="2025-09-01T18:39:10-07:00" level=info msg="Tool required for debug" tool="esp32:mklittlefs@3.0.0-gnu12-dc7f933"
time="2025-09-01T18:39:10-07:00" level=info msg="Tool required for debug" tool="esp32:mkspiffs@0.2.3"
time="2025-09-01T18:39:10-07:00" level=info msg="Tool required for debug" tool="esp32:openocd-esp32@v0.12.0-esp32-20250422"
time="2025-09-01T18:39:10-07:00" level=info msg="Tool required for debug" tool="esp32:riscv32-esp-elf-gdb@16.2_20250324"
time="2025-09-01T18:39:10-07:00" level=info msg="Tool required for debug" tool="esp32:xtensa-esp-elf-gdb@16.2_20250324"
time="2025-09-01T18:39:10-07:00" level=info msg="Tool required for debug" tool="arduino:arduinoOTA@1.3.0"
time="2025-09-01T18:39:10-07:00" level=info msg="Tool required for debug" tool="arduino:avrdude@6.3.0-arduino17"
time="2025-09-01T18:39:10-07:00" level=info msg="Tool required for debug" tool="arduino:openocd@0.11.0-arduino2"
time="2025-09-01T18:39:10-07:00" level=info msg="Tool required for debug" tool="arduino:bossac@1.9.1-arduino5"
time="2025-09-01T18:39:10-07:00" level=info msg="Tool required for debug" tool="arduino:arm-none-eabi-gcc@7-2017q4"
time="2025-09-01T18:39:10-07:00" level=info msg="Tool required for debug" tool="builtin:mdns-discovery@1.0.9"
time="2025-09-01T18:39:10-07:00" level=info msg="Tool required for debug" tool="builtin:serial-monitor@0.15.0"
time="2025-09-01T18:39:10-07:00" level=info msg="Tool required for debug" tool="arduino:avr-gcc@7.3.0-atmel3.6.1-arduino7"
time="2025-09-01T18:39:10-07:00" level=info msg="Tool required for debug" tool="builtin:serial-discovery@1.4.1"
time="2025-09-01T18:39:10-07:00" level=info msg="Tool required for debug" tool="builtin:ctags@5.8-arduino11"
time="2025-09-01T18:39:10-07:00" level=info msg="Tool required for debug" tool="builtin:dfu-discovery@0.1.2"
2025-09-01 18:39:10 2025-09-02T01:39:10.137Z daemon INFO time="2025-09-01T18:39:10-07:00" level=info msg="Tool required for debug" tool="arduino:dfu-util@0.11.0-arduino5"
time="2025-09-01T18:39:10-07:00" level=info msg="Tool required for debug" tool="esp32:esp-rv32@2411"
time="2025-09-01T18:39:10-07:00" level=info msg="Tool required for debug" tool="esp32:esp-x32@2411"
time="2025-09-01T18:39:10-07:00" level=info msg="Tool required for debug" tool="esp32:esp32-arduino-libs@idf-release_v5.5-b66b5448-v1"
2025-09-01 18:39:10 2025-09-02T01:39:10.137Z daemon INFO time="2025-09-01T18:39:10-07:00" level=info msg="Tool required for debug" tool="esp32:esptool_py@5.0.0"
time="2025-09-01T18:39:10-07:00" level=info msg="Tool required for debug" tool="esp32:mklittlefs@3.0.0-gnu12-dc7f933"
time="2025-09-01T18:39:10-07:00" level=info msg="Tool required for debug" tool="esp32:mkspiffs@0.2.3"
time="2025-09-01T18:39:10-07:00" level=info msg="Tool required for debug" tool="esp32:openocd-esp32@v0.12.0-esp32-20250422"
time="2025-09-01T18:39:10-07:00" level=info msg="Tool required for debug" tool="esp32:riscv32-esp-elf-gdb@16.2_20250324"
time="2025-09-01T18:39:10-07:00" level=info msg="Tool required for debug" tool="esp32:xtensa-esp-elf-gdb@16.2_20250324"
time="2025-09-01T18:39:10-07:00" level=info msg="Tool required for debug" tool="builtin:serial-discovery@1.4.1"
2025-09-01 18:39:10 2025-09-02T01:39:10.137Z daemon INFO time="2025-09-01T18:39:10-07:00" level=info msg="Tool required for debug" tool="arduino:openocd@0.11.0-arduino2"
time="2025-09-01T18:39:10-07:00" level=info msg="Tool required for debug" tool="arduino:bossac@1.9.1-arduino5"
time="2025-09-01T18:39:10-07:00" level=info msg="Tool required for debug" tool="builtin:ctags@5.8-arduino11"
time="2025-09-01T18:39:10-07:00" level=info msg="Tool required for debug" tool="builtin:mdns-discovery@1.0.9"
2025-09-01 18:39:10 2025-09-02T01:39:10.137Z daemon INFO time="2025-09-01T18:39:10-07:00" level=info msg="Tool required for debug" tool="builtin:serial-monitor@0.15.0"
time="2025-09-01T18:39:10-07:00" level=info msg="Tool required for debug" tool="arduino:arm-none-eabi-gcc@7-2017q4"
2025-09-01 18:39:10 2025-09-02T01:39:10.137Z daemon INFO time="2025-09-01T18:39:10-07:00" level=info msg="Tool required for debug" tool="arduino:avr-gcc@7.3.0-atmel3.6.1-arduino7"
time="2025-09-01T18:39:10-07:00" level=info msg="Tool required for debug" tool="arduino:arduinoOTA@1.3.0"
time="2025-09-01T18:39:10-07:00" level=info msg="Tool required for debug" tool="arduino:avrdude@6.3.0-arduino17"
2025-09-01 18:39:10 2025-09-02T01:39:10.138Z daemon INFO time="2025-09-01T18:39:10-07:00" level=info msg="Tool required for debug" tool="builtin:dfu-discovery@0.1.2"
2025-09-01 18:39:10 2025-09-02T01:39:10.149Z daemon INFO time="2025-09-01T18:39:10-07:00" level=info msg="Tool required for debug" tool="arduino:dfu-util@0.11.0-arduino5"
time="2025-09-01T18:39:10-07:00" level=info msg="Tool required for debug" tool="esp32:esp-rv32@2411"
time="2025-09-01T18:39:10-07:00" level=info msg="Tool required for debug" tool="esp32:esp-x32@2411"
2025-09-01 18:39:10 2025-09-02T01:39:10.149Z daemon INFO time="2025-09-01T18:39:10-07:00" level=info msg="Tool required for debug" tool="esp32:esp32-arduino-libs@idf-release_v5.5-b66b5448-v1"
time="2025-09-01T18:39:10-07:00" level=info msg="Tool required for debug" tool="esp32:esptool_py@5.0.0"
time="2025-09-01T18:39:10-07:00" level=info msg="Tool required for debug" tool="esp32:mklittlefs@3.0.0-gnu12-dc7f933"
time="2025-09-01T18:39:10-07:00" level=info msg="Tool required for debug" tool="esp32:mkspiffs@0.2.3"
time="2025-09-01T18:39:10-07:00" level=info msg="Tool required for debug" tool="esp32:openocd-esp32@v0.12.0-esp32-20250422"
2025-09-01 18:39:10 2025-09-02T01:39:10.149Z daemon INFO time="2025-09-01T18:39:10-07:00" level=info msg="Tool required for debug" tool="esp32:riscv32-esp-elf-gdb@16.2_20250324"
time="2025-09-01T18:39:10-07:00" level=info msg="Tool required for debug" tool="esp32:xtensa-esp-elf-gdb@16.2_20250324"
time="2025-09-01T18:39:10-07:00" level=info msg="Tool required for debug" tool="arduino:avr-gcc@7.3.0-atmel3.6.1-arduino7"
2025-09-01 18:39:10 2025-09-02T01:39:10.149Z daemon INFO time="2025-09-01T18:39:10-07:00" level=info msg="Tool required for debug" tool="builtin:serial-monitor@0.15.0"
time="2025-09-01T18:39:10-07:00" level=info msg="Tool required for debug" tool="arduino:avrdude@6.3.0-arduino17"
2025-09-01 18:39:10 2025-09-02T01:39:10.149Z daemon INFO time="2025-09-01T18:39:10-07:00" level=info msg="Tool required for debug" tool="arduino:bossac@1.9.1-arduino5"
time="2025-09-01T18:39:10-07:00" level=info msg="Tool required for debug" tool="builtin:dfu-discovery@0.1.2"
2025-09-01 18:39:10 2025-09-02T01:39:10.149Z daemon INFO time="2025-09-01T18:39:10-07:00" level=info msg="Tool required for debug" tool="builtin:serial-discovery@1.4.1"
2025-09-01 18:39:10 2025-09-02T01:39:10.149Z daemon INFO time="2025-09-01T18:39:10-07:00" level=info msg="Tool required for debug" tool="arduino:openocd@0.11.0-arduino2"
time="2025-09-01T18:39:10-07:00" level=info msg="Tool required for debug" tool="arduino:arduinoOTA@1.3.0"
time="2025-09-01T18:39:10-07:00" level=info msg="Tool required for debug" tool="arduino:arm-none-eabi-gcc@7-2017q4"
2025-09-01 18:39:10 2025-09-02T01:39:10.149Z daemon INFO time="2025-09-01T18:39:10-07:00" level=info msg="Tool required for debug" tool="builtin:ctags@5.8-arduino11"
2025-09-01 18:39:10 2025-09-02T01:39:10.149Z daemon INFO time="2025-09-01T18:39:10-07:00" level=info msg="Tool required for debug" tool="builtin:mdns-discovery@1.0.9"
2025-09-01 18:39:10 2025-09-02T01:39:10.161Z daemon INFO time="2025-09-01T18:39:10-07:00" level=info msg="Tool required for debug" tool="arduino:dfu-util@0.11.0-arduino5"
time="2025-09-01T18:39:10-07:00" level=info msg="Tool required for debug" tool="esp32:esp-rv32@2411"
time="2025-09-01T18:39:10-07:00" level=info msg="Tool required for debug" tool="esp32:esp-x32@2411"
time="2025-09-01T18:39:10-07:00" level=info msg="Tool required for debug" tool="esp32:esp32-arduino-libs@idf-release_v5.5-b66b5448-v1"
2025-09-01 18:39:10 2025-09-02T01:39:10.161Z daemon INFO time="2025-09-01T18:39:10-07:00" level=info msg="Tool required for debug" tool="esp32:esptool_py@5.0.0"
time="2025-09-01T18:39:10-07:00" level=info msg="Tool required for debug" tool="esp32:mklittlefs@3.0.0-gnu12-dc7f933"
time="2025-09-01T18:39:10-07:00" level=info msg="Tool required for debug" tool="esp32:mkspiffs@0.2.3"
time="2025-09-01T18:39:10-07:00" level=info msg="Tool required for debug" tool="esp32:openocd-esp32@v0.12.0-esp32-20250422"
time="2025-09-01T18:39:10-07:00" level=info msg="Tool required for debug" tool="esp32:riscv32-esp-elf-gdb@16.2_20250324"
time="2025-09-01T18:39:10-07:00" level=info msg="Tool required for debug" tool="esp32:xtensa-esp-elf-gdb@16.2_20250324"
time="2025-09-01T18:39:10-07:00" level=info msg="Tool required for debug" tool="builtin:serial-discovery@1.4.1"
2025-09-01 18:39:10 2025-09-02T01:39:10.161Z daemon INFO time="2025-09-01T18:39:10-07:00" level=info msg="Tool required for debug" tool="arduino:avr-gcc@7.3.0-atmel3.6.1-arduino7"
time="2025-09-01T18:39:10-07:00" level=info msg="Tool required for debug" tool="arduino:arduinoOTA@1.3.0"
time="2025-09-01T18:39:10-07:00" level=info msg="Tool required for debug" tool="arduino:avrdude@6.3.0-arduino17"
2025-09-01 18:39:10 2025-09-02T01:39:10.161Z daemon INFO time="2025-09-01T18:39:10-07:00" level=info msg="Tool required for debug" tool="builtin:ctags@5.8-arduino11"
time="2025-09-01T18:39:10-07:00" level=info msg="Tool required for debug" tool="builtin:dfu-discovery@0.1.2"
2025-09-01 18:39:10 2025-09-02T01:39:10.161Z daemon INFO time="2025-09-01T18:39:10-07:00" level=info msg="Tool required for debug" tool="arduino:arm-none-eabi-gcc@7-2017q4"
time="2025-09-01T18:39:10-07:00" level=info msg="Tool required for debug" tool="arduino:openocd@0.11.0-arduino2"
2025-09-01 18:39:10 2025-09-02T01:39:10.161Z daemon INFO time="2025-09-01T18:39:10-07:00" level=info msg="Tool required for debug" tool="builtin:mdns-discovery@1.0.9"
time="2025-09-01T18:39:10-07:00" level=info msg="Tool required for debug" tool="arduino:bossac@1.9.1-arduino5"
time="2025-09-01T18:39:10-07:00" level=info msg="Tool required for debug" tool="builtin:serial-monitor@0.15.0"
2025-09-01 18:39:10 2025-09-02T01:39:10.171Z daemon INFO time="2025-09-01T18:39:10-07:00" level=info msg="Tool required for debug" tool="arduino:dfu-util@0.11.0-arduino5"
time="2025-09-01T18:39:10-07:00" level=info msg="Tool required for debug" tool="esp32:esp-rv32@2411"
time="2025-09-01T18:39:10-07:00" level=info msg="Tool required for debug" tool="esp32:esp-x32@2411"
time="2025-09-01T18:39:10-07:00" level=info msg="Tool required for debug" tool="esp32:esp32-arduino-libs@idf-release_v5.5-b66b5448-v1"
2025-09-01 18:39:10 2025-09-02T01:39:10.171Z daemon INFO time="2025-09-01T18:39:10-07:00" level=info msg="Tool required for debug" tool="esp32:esptool_py@5.0.0"
time="2025-09-01T18:39:10-07:00" level=info msg="Tool required for debug" tool="esp32:mklittlefs@3.0.0-gnu12-dc7f933"
time="2025-09-01T18:39:10-07:00" level=info msg="Tool required for debug" tool="esp32:mkspiffs@0.2.3"
time="2025-09-01T18:39:10-07:00" level=info msg="Tool required for debug" tool="esp32:openocd-esp32@v0.12.0-esp32-20250422"
time="2025-09-01T18:39:10-07:00" level=info msg="Tool required for debug" tool="esp32:riscv32-esp-elf-gdb@16.2_20250324"
time="2025-09-01T18:39:10-07:00" level=info msg="Tool required for debug" tool="esp32:xtensa-esp-elf-gdb@16.2_20250324"
time="2025-09-01T18:39:10-07:00" level=info msg="Tool required for debug" tool="arduino:arm-none-eabi-gcc@7-2017q4"
time="2025-09-01T18:39:10-07:00" level=info msg="Tool required for debug" tool="builtin:serial-discovery@1.4.1"
2025-09-01 18:39:10 2025-09-02T01:39:10.171Z daemon INFO time="2025-09-01T18:39:10-07:00" level=info msg="Tool required for debug" tool="builtin:serial-monitor@0.15.0"
time="2025-09-01T18:39:10-07:00" level=info msg="Tool required for debug" tool="arduino:avr-gcc@7.3.0-atmel3.6.1-arduino7"
time="2025-09-01T18:39:10-07:00" level=info msg="Tool required for debug" tool="arduino:bossac@1.9.1-arduino5"
time="2025-09-01T18:39:10-07:00" level=info msg="Tool required for debug" tool="arduino:arduinoOTA@1.3.0"
2025-09-01 18:39:10 2025-09-02T01:39:10.171Z daemon INFO time="2025-09-01T18:39:10-07:00" level=info msg="Tool required for debug" tool="arduino:avrdude@6.3.0-arduino17"
time="2025-09-01T18:39:10-07:00" level=info msg="Tool required for debug" tool="builtin:ctags@5.8-arduino11"
time="2025-09-01T18:39:10-07:00" level=info msg="Tool required for debug" tool="builtin:mdns-discovery@1.0.9"
2025-09-01 18:39:10 2025-09-02T01:39:10.171Z daemon INFO time="2025-09-01T18:39:10-07:00" level=info msg="Tool required for debug" tool="arduino:openocd@0.11.0-arduino2"
time="2025-09-01T18:39:10-07:00" level=info msg="Tool required for debug" tool="builtin:dfu-discovery@0.1.2"
2025-09-01 18:39:10 2025-09-02T01:39:10.183Z daemon INFO time="2025-09-01T18:39:10-07:00" level=info msg="Adding libraries dir" dir=/home/aaron/.arduino15/libraries isSingleLibrary=false location=ide
time="2025-09-01T18:39:10-07:00" level=info msg="Adding libraries dir" dir=/home/aaron/.arduino15/packages/esp32/hardware/esp32/3.3.0/libraries isSingleLibrary=false location=platform
time="2025-09-01T18:39:10-07:00" level=info msg="Adding libraries dir" dir=/home/aaron/Arduino/libraries isSingleLibrary=false location=user
time="2025-09-01T18:39:10-07:00" level=info msg="Tool required for debug" tool="arduino:dfu-util@0.11.0-arduino5"
time="2025-09-01T18:39:10-07:00" level=info msg="Tool required for debug" tool="esp32:esp-rv32@2411"
time="2025-09-01T18:39:10-07:00" level=info msg="Tool required for debug" tool="esp32:esp-x32@2411"
time="2025-09-01T18:39:10-07:00" level=info msg="Tool required for debug" tool="esp32:esp32-arduino-libs@idf-release_v5.5-b66b5448-v1"
time="2025-09-01T18:39:10-07:00" level=info msg="Tool required for debug" tool="esp32:esptool_py@5.0.0"
time="2025-09-01T18:39:10-07:00" level=info msg="Tool required for debug" tool="esp32:mklittlefs@3.0.0-gnu12-dc7f933"
time="2025-09-01T18:39:10-07:00" level=info msg="Tool required for debug" tool="esp32:mkspiffs@0.2.3"
time="2025-09-01T18:39:10-07:00" level=info msg="Tool required for debug" tool="esp32:openocd-esp32@v0.12.0-esp32-20250422"
time="2025-09-01T18:39:10-07:00" level=info msg="Tool required for debug" tool="esp32:riscv32-esp-elf-gdb@16.2_20250324"
time="2025-09-01T18:39:10-07:00" level=info msg="Tool required for debug" tool="esp32:xtensa-esp-elf-gdb@16.2_20250324"
time="2025-09-01T18:39:10-07:00" level=info msg="Tool required for debug" tool="arduino:arm-none-eabi-gcc@7-2017q4"
time="2025-09-01T18:39:10-07:00" level=info msg="Tool required for debug" tool="builtin:ctags@5.8-arduino11"
time="2025-09-01T18:39:10-07:00" level=info msg="Tool required for debug" tool="builtin:serial-discovery@1.4.1"
time="2025-09-01T18:39:10-07:00" level=info msg="Tool required for debug" tool="arduino:bossac@1.9.1-arduino5"
time="2025-09-01T18:39:10-07:00" level=info msg="Tool required for debug" tool="arduino:openocd@0.11.0-arduino2"
time="2025-09-01T18:39:10-07:00" level=info msg="Tool required for debug" tool="arduino:arduinoOTA@1.3.0"
time="2025-09-01T18:39:10-07:00" level=info msg="Tool required for debug" tool="builtin:serial-monitor@0.15.0"
time="2025-09-01T18:39:10-07:00" level=info msg="Tool required for debug" tool="arduino:avr-gcc@7.3.0-atmel3.6.1-arduino7"
time="2025-09-01T18:39:10-07:00" level=info msg="Tool required for debug" tool="arduino:avrdude@6.3.0-arduino17"
time="2025-09-01T18:39:10-07:00" level=info msg="Tool required for debug" tool="builtin:dfu-discovery@0.1.2"
time="2025-09-01T18:39:10-07:00" level=info msg="Tool required for debug" tool="builtin:mdns-discovery@1.0.9"
2025-09-01 18:39:10 2025-09-02T01:39:10.194Z daemon INFO time="2025-09-01T18:39:10-07:00" level=info msg="Tool required for debug" tool="arduino:dfu-util@0.11.0-arduino5"
time="2025-09-01T18:39:10-07:00" level=info msg="Tool required for debug" tool="esp32:esp-rv32@2411"
time="2025-09-01T18:39:10-07:00" level=info msg="Tool required for debug" tool="esp32:esp-x32@2411"
time="2025-09-01T18:39:10-07:00" level=info msg="Tool required for debug" tool="esp32:esp32-arduino-libs@idf-release_v5.5-b66b5448-v1"
time="2025-09-01T18:39:10-07:00" level=info msg="Tool required for debug" tool="esp32:esptool_py@5.0.0"
time="2025-09-01T18:39:10-07:00" level=info msg="Tool required for debug" tool="esp32:mklittlefs@3.0.0-gnu12-dc7f933"
time="2025-09-01T18:39:10-07:00" level=info msg="Tool required for debug" tool="esp32:mkspiffs@0.2.3"
time="2025-09-01T18:39:10-07:00" level=info msg="Tool required for debug" tool="esp32:openocd-esp32@v0.12.0-esp32-20250422"
time="2025-09-01T18:39:10-07:00" level=info msg="Tool required for debug" tool="esp32:riscv32-esp-elf-gdb@16.2_20250324"
time="2025-09-01T18:39:10-07:00" level=info msg="Tool required for debug" tool="esp32:xtensa-esp-elf-gdb@16.2_20250324"
time="2025-09-01T18:39:10-07:00" level=info msg="Tool required for debug" tool="builtin:ctags@5.8-arduino11"
time="2025-09-01T18:39:10-07:00" level=info msg="Tool required for debug" tool="arduino:bossac@1.9.1-arduino5"
time="2025-09-01T18:39:10-07:00" level=info msg="Tool required for debug" tool="arduino:avr-gcc@7.3.0-atmel3.6.1-arduino7"
time="2025-09-01T18:39:10-07:00" level=info msg="Tool required for debug" tool="builtin:mdns-discovery@1.0.9"
time="2025-09-01T18:39:10-07:00" level=info msg="Tool required for debug" tool="builtin:serial-discovery@1.4.1"
time="2025-09-01T18:39:10-07:00" level=info msg="Tool required for debug" tool="arduino:arm-none-eabi-gcc@7-2017q4"
time="2025-09-01T18:39:10-07:00" level=info msg="Tool required for debug" tool="builtin:dfu-discovery@0.1.2"
time="2025-09-01T18:39:10-07:00" level=info msg="Tool required for debug" tool="builtin:serial-monitor@0.15.0"
time="2025-09-01T18:39:10-07:00" level=info msg="Tool required for debug" tool="arduino:openocd@0.11.0-arduino2"
time="2025-09-01T18:39:10-07:00" level=info msg="Tool required for debug" tool="arduino:avrdude@6.3.0-arduino17"
time="2025-09-01T18:39:10-07:00" level=info msg="Tool required for debug" tool="arduino:arduinoOTA@1.3.0"
2025-09-01 18:39:10 2025-09-02T01:39:10.200Z daemon INFO time="2025-09-01T18:39:10-07:00" level=info msg="Tool required for debug" tool="arduino:dfu-util@0.11.0-arduino5"
time="2025-09-01T18:39:10-07:00" level=info msg="Tool required for debug" tool="esp32:esp-rv32@2411"
2025-09-01 18:39:10 2025-09-02T01:39:10.200Z daemon INFO time="2025-09-01T18:39:10-07:00" level=info msg="Tool required for debug" tool="esp32:esp-x32@2411"
time="2025-09-01T18:39:10-07:00" level=info msg="Tool required for debug" tool="esp32:esp32-arduino-libs@idf-release_v5.5-b66b5448-v1"
time="2025-09-01T18:39:10-07:00" level=info msg="Tool required for debug" tool="esp32:esptool_py@5.0.0"
time="2025-09-01T18:39:10-07:00" level=info msg="Tool required for debug" tool="esp32:mklittlefs@3.0.0-gnu12-dc7f933"
time="2025-09-01T18:39:10-07:00" level=info msg="Tool required for debug" tool="esp32:mkspiffs@0.2.3"
time="2025-09-01T18:39:10-07:00" level=info msg="Tool required for debug" tool="esp32:openocd-esp32@v0.12.0-esp32-20250422"
time="2025-09-01T18:39:10-07:00" level=info msg="Tool required for debug" tool="esp32:riscv32-esp-elf-gdb@16.2_20250324"
time="2025-09-01T18:39:10-07:00" level=info msg="Tool required for debug" tool="esp32:xtensa-esp-elf-gdb@16.2_20250324"
time="2025-09-01T18:39:10-07:00" level=info msg="Tool required for debug" tool="builtin:ctags@5.8-arduino11"
2025-09-01 18:39:10 2025-09-02T01:39:10.200Z daemon INFO time="2025-09-01T18:39:10-07:00" level=info msg="Tool required for debug" tool="builtin:mdns-discovery@1.0.9"
time="2025-09-01T18:39:10-07:00" level=info msg="Tool required for debug" tool="arduino:arm-none-eabi-gcc@7-2017q4"
time="2025-09-01T18:39:10-07:00" level=info msg="Tool required for debug" tool="builtin:serial-discovery@1.4.1"
time="2025-09-01T18:39:10-07:00" level=info msg="Tool required for debug" tool="builtin:serial-monitor@0.15.0"
2025-09-01 18:39:10 2025-09-02T01:39:10.201Z daemon INFO time="2025-09-01T18:39:10-07:00" level=info msg="Tool required for debug" tool="arduino:avrdude@6.3.0-arduino17"
time="2025-09-01T18:39:10-07:00" level=info msg="Tool required for debug" tool="arduino:avr-gcc@7.3.0-atmel3.6.1-arduino7"
time="2025-09-01T18:39:10-07:00" level=info msg="Tool required for debug" tool="arduino:bossac@1.9.1-arduino5"
time="2025-09-01T18:39:10-07:00" level=info msg="Tool required for debug" tool="arduino:openocd@0.11.0-arduino2"
time="2025-09-01T18:39:10-07:00" level=info msg="Tool required for debug" tool="arduino:arduinoOTA@1.3.0"
time="2025-09-01T18:39:10-07:00" level=info msg="Tool required for debug" tool="builtin:dfu-discovery@0.1.2"
2025-09-01 18:39:10 2025-09-02T01:39:10.208Z daemon INFO time="2025-09-01T18:39:10-07:00" level=info msg="Tool required for debug" tool="arduino:dfu-util@0.11.0-arduino5"
time="2025-09-01T18:39:10-07:00" level=info msg="Tool required for debug" tool="esp32:esp-rv32@2411"
time="2025-09-01T18:39:10-07:00" level=info msg="Tool required for debug" tool="esp32:esp-x32@2411"
time="2025-09-01T18:39:10-07:00" level=info msg="Tool required for debug" tool="esp32:esp32-arduino-libs@idf-release_v5.5-b66b5448-v1"
time="2025-09-01T18:39:10-07:00" level=info msg="Tool required for debug" tool="esp32:esptool_py@5.0.0"
2025-09-01 18:39:10 2025-09-02T01:39:10.208Z daemon INFO time="2025-09-01T18:39:10-07:00" level=info msg="Tool required for debug" tool="esp32:mklittlefs@3.0.0-gnu12-dc7f933"
time="2025-09-01T18:39:10-07:00" level=info msg="Tool required for debug" tool="esp32:mkspiffs@0.2.3"
time="2025-09-01T18:39:10-07:00" level=info msg="Tool required for debug" tool="esp32:openocd-esp32@v0.12.0-esp32-20250422"
time="2025-09-01T18:39:10-07:00" level=info msg="Tool required for debug" tool="esp32:riscv32-esp-elf-gdb@16.2_20250324"
time="2025-09-01T18:39:10-07:00" level=info msg="Tool required for debug" tool="esp32:xtensa-esp-elf-gdb@16.2_20250324"
time="2025-09-01T18:39:10-07:00" level=info msg="Tool required for debug" tool="arduino:avrdude@6.3.0-arduino17"
time="2025-09-01T18:39:10-07:00" level=info msg="Tool required for debug" tool="arduino:openocd@0.11.0-arduino2"
time="2025-09-01T18:39:10-07:00" level=info msg="Tool required for debug" tool="builtin:mdns-discovery@1.0.9"
2025-09-01 18:39:10 2025-09-02T01:39:10.208Z daemon INFO time="2025-09-01T18:39:10-07:00" level=info msg="Tool required for debug" tool="builtin:serial-discovery@1.4.1"
time="2025-09-01T18:39:10-07:00" level=info msg="Tool required for debug" tool="builtin:serial-monitor@0.15.0"
time="2025-09-01T18:39:10-07:00" level=info msg="Tool required for debug" tool="arduino:arm-none-eabi-gcc@7-2017q4"
time="2025-09-01T18:39:10-07:00" level=info msg="Tool required for debug" tool="arduino:avr-gcc@7.3.0-atmel3.6.1-arduino7"
2025-09-01 18:39:10 2025-09-02T01:39:10.208Z daemon INFO time="2025-09-01T18:39:10-07:00" level=info msg="Tool required for debug" tool="builtin:ctags@5.8-arduino11"
time="2025-09-01T18:39:10-07:00" level=info msg="Tool required for debug" tool="builtin:dfu-discovery@0.1.2"
2025-09-01 18:39:10 2025-09-02T01:39:10.209Z daemon INFO time="2025-09-01T18:39:10-07:00" level=info msg="Tool required for debug" tool="arduino:arduinoOTA@1.3.0"
time="2025-09-01T18:39:10-07:00" level=info msg="Tool required for debug" tool="arduino:bossac@1.9.1-arduino5"
2025-09-01 18:39:10 2025-09-02T01:39:10.216Z daemon INFO time="2025-09-01T18:39:10-07:00" level=info msg="Tool required for debug" tool="arduino:dfu-util@0.11.0-arduino5"
time="2025-09-01T18:39:10-07:00" level=info msg="Tool required for debug" tool="esp32:esp-rv32@2411"
time="2025-09-01T18:39:10-07:00" level=info msg="Tool required for debug" tool="esp32:esp-x32@2411"
time="2025-09-01T18:39:10-07:00" level=info msg="Tool required for debug" tool="esp32:esp32-arduino-libs@idf-release_v5.5-b66b5448-v1"
2025-09-01 18:39:10 2025-09-02T01:39:10.216Z daemon INFO time="2025-09-01T18:39:10-07:00" level=info msg="Tool required for debug" tool="esp32:esptool_py@5.0.0"
time="2025-09-01T18:39:10-07:00" level=info msg="Tool required for debug" tool="esp32:mklittlefs@3.0.0-gnu12-dc7f933"
time="2025-09-01T18:39:10-07:00" level=info msg="Tool required for debug" tool="esp32:mkspiffs@0.2.3"
time="2025-09-01T18:39:10-07:00" level=info msg="Tool required for debug" tool="esp32:openocd-esp32@v0.12.0-esp32-20250422"
time="2025-09-01T18:39:10-07:00" level=info msg="Tool required for debug" tool="esp32:riscv32-esp-elf-gdb@16.2_20250324"
time="2025-09-01T18:39:10-07:00" level=info msg="Tool required for debug" tool="esp32:xtensa-esp-elf-gdb@16.2_20250324"
time="2025-09-01T18:39:10-07:00" level=info msg="Tool required for debug" tool="builtin:ctags@5.8-arduino11"
2025-09-01 18:39:10 2025-09-02T01:39:10.216Z daemon INFO time="2025-09-01T18:39:10-07:00" level=info msg="Tool required for debug" tool="arduino:avrdude@6.3.0-arduino17"
time="2025-09-01T18:39:10-07:00" level=info msg="Tool required for debug" tool="arduino:avr-gcc@7.3.0-atmel3.6.1-arduino7"
time="2025-09-01T18:39:10-07:00" level=info msg="Tool required for debug" tool="arduino:bossac@1.9.1-arduino5"
time="2025-09-01T18:39:10-07:00" level=info msg="Tool required for debug" tool="arduino:arm-none-eabi-gcc@7-2017q4"
time="2025-09-01T18:39:10-07:00" level=info msg="Tool required for debug" tool="arduino:openocd@0.11.0-arduino2"
time="2025-09-01T18:39:10-07:00" level=info msg="Tool required for debug" tool="arduino:arduinoOTA@1.3.0"
time="2025-09-01T18:39:10-07:00" level=info msg="Tool required for debug" tool="builtin:serial-discovery@1.4.1"
2025-09-01 18:39:10 2025-09-02T01:39:10.216Z daemon INFO time="2025-09-01T18:39:10-07:00" level=info msg="Tool required for debug" tool="builtin:serial-monitor@0.15.0"
time="2025-09-01T18:39:10-07:00" level=info msg="Tool required for debug" tool="builtin:dfu-discovery@0.1.2"
time="2025-09-01T18:39:10-07:00" level=info msg="Tool required for debug" tool="builtin:mdns-discovery@1.0.9"
2025-09-01 18:39:10 2025-09-02T01:39:10.223Z daemon INFO time="2025-09-01T18:39:10-07:00" level=info msg="Tool required for debug" tool="arduino:dfu-util@0.11.0-arduino5"
time="2025-09-01T18:39:10-07:00" level=info msg="Tool required for debug" tool="esp32:esp-rv32@2411"
time="2025-09-01T18:39:10-07:00" level=info msg="Tool required for debug" tool="esp32:esp-x32@2411"
time="2025-09-01T18:39:10-07:00" level=info msg="Tool required for debug" tool="esp32:esp32-arduino-libs@idf-release_v5.5-b66b5448-v1"
time="2025-09-01T18:39:10-07:00" level=info msg="Tool required for debug" tool="esp32:esptool_py@5.0.0"
2025-09-01 18:39:10 2025-09-02T01:39:10.224Z daemon INFO time="2025-09-01T18:39:10-07:00" level=info msg="Tool required for debug" tool="esp32:mklittlefs@3.0.0-gnu12-dc7f933"
time="2025-09-01T18:39:10-07:00" level=info msg="Tool required for debug" tool="esp32:mkspiffs@0.2.3"
time="2025-09-01T18:39:10-07:00" level=info msg="Tool required for debug" tool="esp32:openocd-esp32@v0.12.0-esp32-20250422"
time="2025-09-01T18:39:10-07:00" level=info msg="Tool required for debug" tool="esp32:riscv32-esp-elf-gdb@16.2_20250324"
time="2025-09-01T18:39:10-07:00" level=info msg="Tool required for debug" tool="esp32:xtensa-esp-elf-gdb@16.2_20250324"
time="2025-09-01T18:39:10-07:00" level=info msg="Tool required for debug" tool="arduino:avr-gcc@7.3.0-atmel3.6.1-arduino7"
time="2025-09-01T18:39:10-07:00" level=info msg="Tool required for debug" tool="arduino:bossac@1.9.1-arduino5"
time="2025-09-01T18:39:10-07:00" level=info msg="Tool required for debug" tool="arduino:avrdude@6.3.0-arduino17"
2025-09-01 18:39:10 2025-09-02T01:39:10.224Z daemon INFO time="2025-09-01T18:39:10-07:00" level=info msg="Tool required for debug" tool="arduino:openocd@0.11.0-arduino2"
time="2025-09-01T18:39:10-07:00" level=info msg="Tool required for debug" tool="builtin:serial-discovery@1.4.1"
time="2025-09-01T18:39:10-07:00" level=info msg="Tool required for debug" tool="builtin:dfu-discovery@0.1.2"
time="2025-09-01T18:39:10-07:00" level=info msg="Tool required for debug" tool="builtin:mdns-discovery@1.0.9"
2025-09-01 18:39:10 2025-09-02T01:39:10.224Z daemon INFO time="2025-09-01T18:39:10-07:00" level=info msg="Tool required for debug" tool="arduino:arduinoOTA@1.3.0"
time="2025-09-01T18:39:10-07:00" level=info msg="Tool required for debug" tool="arduino:arm-none-eabi-gcc@7-2017q4"
time="2025-09-01T18:39:10-07:00" level=info msg="Tool required for debug" tool="builtin:serial-monitor@0.15.0"
2025-09-01 18:39:10 2025-09-02T01:39:10.224Z daemon INFO time="2025-09-01T18:39:10-07:00" level=info msg="Tool required for debug" tool="builtin:ctags@5.8-arduino11"
2025-09-01 18:39:10 2025-09-02T01:39:10.230Z daemon INFO time="2025-09-01T18:39:10-07:00" level=info msg="Tool required for debug" tool="arduino:dfu-util@0.11.0-arduino5"
time="2025-09-01T18:39:10-07:00" level=info msg="Tool required for debug" tool="esp32:esp-rv32@2411"
2025-09-01 18:39:10 2025-09-02T01:39:10.230Z daemon INFO time="2025-09-01T18:39:10-07:00" level=info msg="Tool required for debug" tool="esp32:esp-x32@2411"
time="2025-09-01T18:39:10-07:00" level=info msg="Tool required for debug" tool="esp32:esp32-arduino-libs@idf-release_v5.5-b66b5448-v1"
time="2025-09-01T18:39:10-07:00" level=info msg="Tool required for debug" tool="esp32:esptool_py@5.0.0"
time="2025-09-01T18:39:10-07:00" level=info msg="Tool required for debug" tool="esp32:mklittlefs@3.0.0-gnu12-dc7f933"
time="2025-09-01T18:39:10-07:00" level=info msg="Tool required for debug" tool="esp32:mkspiffs@0.2.3"
time="2025-09-01T18:39:10-07:00" level=info msg="Tool required for debug" tool="esp32:openocd-esp32@v0.12.0-esp32-20250422"
time="2025-09-01T18:39:10-07:00" level=info msg="Tool required for debug" tool="esp32:riscv32-esp-elf-gdb@16.2_20250324"
time="2025-09-01T18:39:10-07:00" level=info msg="Tool required for debug" tool="esp32:xtensa-esp-elf-gdb@16.2_20250324"
time="2025-09-01T18:39:10-07:00" level=info msg="Tool required for debug" tool="builtin:mdns-discovery@1.0.9"
2025-09-01 18:39:10 2025-09-02T01:39:10.230Z daemon INFO time="2025-09-01T18:39:10-07:00" level=info msg="Tool required for debug" tool="arduino:arm-none-eabi-gcc@7-2017q4"
time="2025-09-01T18:39:10-07:00" level=info msg="Tool required for debug" tool="arduino:arduinoOTA@1.3.0"
time="2025-09-01T18:39:10-07:00" level=info msg="Tool required for debug" tool="builtin:ctags@5.8-arduino11"
time="2025-09-01T18:39:10-07:00" level=info msg="Tool required for debug" tool="builtin:serial-discovery@1.4.1"
2025-09-01 18:39:10 2025-09-02T01:39:10.231Z daemon INFO time="2025-09-01T18:39:10-07:00" level=info msg="Tool required for debug" tool="arduino:avr-gcc@7.3.0-atmel3.6.1-arduino7"
time="2025-09-01T18:39:10-07:00" level=info msg="Tool required for debug" tool="arduino:bossac@1.9.1-arduino5"
time="2025-09-01T18:39:10-07:00" level=info msg="Tool required for debug" tool="arduino:avrdude@6.3.0-arduino17"
time="2025-09-01T18:39:10-07:00" level=info msg="Tool required for debug" tool="builtin:serial-monitor@0.15.0"
2025-09-01 18:39:10 2025-09-02T01:39:10.231Z daemon INFO time="2025-09-01T18:39:10-07:00" level=info msg="Tool required for debug" tool="arduino:openocd@0.11.0-arduino2"
time="2025-09-01T18:39:10-07:00" level=info msg="Tool required for debug" tool="builtin:dfu-discovery@0.1.2"
2025-09-01 18:39:10 2025-09-02T01:39:10.236Z daemon INFO time="2025-09-01T18:39:10-07:00" level=info msg="Tool required for debug" tool="arduino:dfu-util@0.11.0-arduino5"
time="2025-09-01T18:39:10-07:00" level=info msg="Tool required for debug" tool="esp32:esp-rv32@2411"
time="2025-09-01T18:39:10-07:00" level=info msg="Tool required for debug" tool="esp32:esp-x32@2411"
time="2025-09-01T18:39:10-07:00" level=info msg="Tool required for debug" tool="esp32:esp32-arduino-libs@idf-release_v5.5-b66b5448-v1"
time="2025-09-01T18:39:10-07:00" level=info msg="Tool required for debug" tool="esp32:esptool_py@5.0.0"
time="2025-09-01T18:39:10-07:00" level=info msg="Tool required for debug" tool="esp32:mklittlefs@3.0.0-gnu12-dc7f933"
2025-09-01 18:39:10 2025-09-02T01:39:10.237Z daemon INFO time="2025-09-01T18:39:10-07:00" level=info msg="Tool required for debug" tool="esp32:mkspiffs@0.2.3"
time="2025-09-01T18:39:10-07:00" level=info msg="Tool required for debug" tool="esp32:openocd-esp32@v0.12.0-esp32-20250422"
time="2025-09-01T18:39:10-07:00" level=info msg="Tool required for debug" tool="esp32:riscv32-esp-elf-gdb@16.2_20250324"
time="2025-09-01T18:39:10-07:00" level=info msg="Tool required for debug" tool="esp32:xtensa-esp-elf-gdb@16.2_20250324"
time="2025-09-01T18:39:10-07:00" level=info msg="Tool required for debug" tool="builtin:serial-monitor@0.15.0"
time="2025-09-01T18:39:10-07:00" level=info msg="Tool required for debug" tool="builtin:mdns-discovery@1.0.9"
time="2025-09-01T18:39:10-07:00" level=info msg="Tool required for debug" tool="arduino:arm-none-eabi-gcc@7-2017q4"
time="2025-09-01T18:39:10-07:00" level=info msg="Tool required for debug" tool="arduino:bossac@1.9.1-arduino5"
time="2025-09-01T18:39:10-07:00" level=info msg="Tool required for debug" tool="builtin:dfu-discovery@0.1.2"
time="2025-09-01T18:39:10-07:00" level=info msg="Tool required for debug" tool="arduino:avrdude@6.3.0-arduino17"
time="2025-09-01T18:39:10-07:00" level=info msg="Tool required for debug" tool="builtin:ctags@5.8-arduino11"
time="2025-09-01T18:39:10-07:00" level=info msg="Tool required for debug" tool="arduino:openocd@0.11.0-arduino2"
time="2025-09-01T18:39:10-07:00" level=info msg="Tool required for debug" tool="arduino:avr-gcc@7.3.0-atmel3.6.1-arduino7"
2025-09-01 18:39:10 2025-09-02T01:39:10.237Z daemon INFO time="2025-09-01T18:39:10-07:00" level=info msg="Tool required for debug" tool="builtin:serial-discovery@1.4.1"
time="2025-09-01T18:39:10-07:00" level=info msg="Tool required for debug" tool="arduino:arduinoOTA@1.3.0"
2025-09-01 18:39:10 2025-09-02T01:39:10.242Z daemon INFO time="2025-09-01T18:39:10-07:00" level=info msg="Tool required for debug" tool="arduino:dfu-util@0.11.0-arduino5"
time="2025-09-01T18:39:10-07:00" level=info msg="Tool required for debug" tool="esp32:esp-rv32@2411"
time="2025-09-01T18:39:10-07:00" level=info msg="Tool required for debug" tool="esp32:esp-x32@2411"
time="2025-09-01T18:39:10-07:00" level=info msg="Tool required for debug" tool="esp32:esp32-arduino-libs@idf-release_v5.5-b66b5448-v1"
time="2025-09-01T18:39:10-07:00" level=info msg="Tool required for debug" tool="esp32:esptool_py@5.0.0"
time="2025-09-01T18:39:10-07:00" level=info msg="Tool required for debug" tool="esp32:mklittlefs@3.0.0-gnu12-dc7f933"
2025-09-01 18:39:10 2025-09-02T01:39:10.242Z daemon INFO time="2025-09-01T18:39:10-07:00" level=info msg="Tool required for debug" tool="esp32:mkspiffs@0.2.3"
time="2025-09-01T18:39:10-07:00" level=info msg="Tool required for debug" tool="esp32:openocd-esp32@v0.12.0-esp32-20250422"
time="2025-09-01T18:39:10-07:00" level=info msg="Tool required for debug" tool="esp32:riscv32-esp-elf-gdb@16.2_20250324"
time="2025-09-01T18:39:10-07:00" level=info msg="Tool required for debug" tool="esp32:xtensa-esp-elf-gdb@16.2_20250324"
time="2025-09-01T18:39:10-07:00" level=info msg="Tool required for debug" tool="arduino:arm-none-eabi-gcc@7-2017q4"
time="2025-09-01T18:39:10-07:00" level=info msg="Tool required for debug" tool="arduino:avrdude@6.3.0-arduino17"
time="2025-09-01T18:39:10-07:00" level=info msg="Tool required for debug" tool="arduino:openocd@0.11.0-arduino2"
time="2025-09-01T18:39:10-07:00" level=info msg="Tool required for debug" tool="builtin:serial-monitor@0.15.0"
time="2025-09-01T18:39:10-07:00" level=info msg="Tool required for debug" tool="builtin:mdns-discovery@1.0.9"
time="2025-09-01T18:39:10-07:00" level=info msg="Tool required for debug" tool="arduino:bossac@1.9.1-arduino5"
time="2025-09-01T18:39:10-07:00" level=info msg="Tool required for debug" tool="builtin:ctags@5.8-arduino11"
2025-09-01 18:39:10 2025-09-02T01:39:10.242Z daemon INFO time="2025-09-01T18:39:10-07:00" level=info msg="Tool required for debug" tool="builtin:dfu-discovery@0.1.2"
time="2025-09-01T18:39:10-07:00" level=info msg="Tool required for debug" tool="arduino:avr-gcc@7.3.0-atmel3.6.1-arduino7"
time="2025-09-01T18:39:10-07:00" level=info msg="Tool required for debug" tool="arduino:arduinoOTA@1.3.0"
time="2025-09-01T18:39:10-07:00" level=info msg="Tool required for debug" tool="builtin:serial-discovery@1.4.1"
2025-09-01 18:39:10 2025-09-02T01:39:10.247Z daemon INFO time="2025-09-01T18:39:10-07:00" level=info msg="Tool required for debug" tool="arduino:dfu-util@0.11.0-arduino5"
time="2025-09-01T18:39:10-07:00" level=info msg="Tool required for debug" tool="esp32:esp-rv32@2411"
time="2025-09-01T18:39:10-07:00" level=info msg="Tool required for debug" tool="esp32:esp-x32@2411"
time="2025-09-01T18:39:10-07:00" level=info msg="Tool required for debug" tool="esp32:esp32-arduino-libs@idf-release_v5.5-b66b5448-v1"
2025-09-01 18:39:10 2025-09-02T01:39:10.247Z daemon INFO time="2025-09-01T18:39:10-07:00" level=info msg="Tool required for debug" tool="esp32:esptool_py@5.0.0"
time="2025-09-01T18:39:10-07:00" level=info msg="Tool required for debug" tool="esp32:mklittlefs@3.0.0-gnu12-dc7f933"
time="2025-09-01T18:39:10-07:00" level=info msg="Tool required for debug" tool="esp32:mkspiffs@0.2.3"
time="2025-09-01T18:39:10-07:00" level=info msg="Tool required for debug" tool="esp32:openocd-esp32@v0.12.0-esp32-20250422"
time="2025-09-01T18:39:10-07:00" level=info msg="Tool required for debug" tool="esp32:riscv32-esp-elf-gdb@16.2_20250324"
time="2025-09-01T18:39:10-07:00" level=info msg="Tool required for debug" tool="esp32:xtensa-esp-elf-gdb@16.2_20250324"
time="2025-09-01T18:39:10-07:00" level=info msg="Tool required for debug" tool="arduino:avr-gcc@7.3.0-atmel3.6.1-arduino7"
time="2025-09-01T18:39:10-07:00" level=info msg="Tool required for debug" tool="arduino:bossac@1.9.1-arduino5"
time="2025-09-01T18:39:10-07:00" level=info msg="Tool required for debug" tool="builtin:serial-monitor@0.15.0"
time="2025-09-01T18:39:10-07:00" level=info msg="Tool required for debug" tool="builtin:mdns-discovery@1.0.9"
time="2025-09-01T18:39:10-07:00" level=info msg="Tool required for debug" tool="arduino:openocd@0.11.0-arduino2"
2025-09-01 18:39:10 2025-09-02T01:39:10.247Z daemon INFO time="2025-09-01T18:39:10-07:00" level=info msg="Tool required for debug" tool="arduino:arduinoOTA@1.3.0"
time="2025-09-01T18:39:10-07:00" level=info msg="Tool required for debug" tool="builtin:ctags@5.8-arduino11"
time="2025-09-01T18:39:10-07:00" level=info msg="Tool required for debug" tool="builtin:dfu-discovery@0.1.2"
time="2025-09-01T18:39:10-07:00" level=info msg="Tool required for debug" tool="arduino:avrdude@6.3.0-arduino17"
time="2025-09-01T18:39:10-07:00" level=info msg="Tool required for debug" tool="builtin:serial-discovery@1.4.1"
time="2025-09-01T18:39:10-07:00" level=info msg="Tool required for debug" tool="arduino:arm-none-eabi-gcc@7-2017q4"
2025-09-01 18:39:11 2025-09-02T01:39:11.417Z daemon INFO time="2025-09-01T18:39:11-07:00" level=info msg="Resolving include FS.h for arch esp32"
time="2025-09-01T18:39:11-07:00" level=info msg="  found better lib" lib=FS prio=6B0
2025-09-01 18:39:12 2025-09-02T01:39:12.350Z daemon INFO time="2025-09-01T18:39:12-07:00" level=info msg="Resolving include SD_MMC.h for arch esp32"
time="2025-09-01T18:39:12-07:00" level=info msg="  found better lib" lib=SD_MMC prio=6B0
2025-09-01 18:39:13 2025-09-02T01:39:13.230Z daemon INFO time="2025-09-01T18:39:13-07:00" level=info msg="Resolving include SPI.h for arch esp32"
time="2025-09-01T18:39:13-07:00" level=info msg="  found better lib" lib=SPI prio=6B0
2025-09-01 18:39:14 2025-09-02T01:39:14.184Z daemon INFO time="2025-09-01T18:39:14-07:00" level=info msg="Resolving include lvgl.h for arch esp32"
time="2025-09-01T18:39:14-07:00" level=info msg="  found better lib" lib=lvgl prio=6A7
2025-09-01 18:39:15 2025-09-02T01:39:15.402Z daemon INFO time="2025-09-01T18:39:15-07:00" level=info msg="Resolving include WiFi.h for arch esp32"
time="2025-09-01T18:39:15-07:00" level=info msg="  found better lib" lib=WiFi prio=6B0
2025-09-01 18:39:16 2025-09-02T01:39:16.490Z daemon INFO time="2025-09-01T18:39:16-07:00" level=info msg="Resolving include Network.h for arch esp32"
time="2025-09-01T18:39:16-07:00" level=info msg="  found better lib" lib=Networking prio=64C
2025-09-01 18:39:17 2025-09-02T01:39:17.601Z daemon INFO time="2025-09-01T18:39:17-07:00" level=info msg="Resolving include BLEDevice.h for arch esp32"
time="2025-09-01T18:39:17-07:00" level=info msg="  found better lib" lib=BLE prio=3F4
2025-09-01 18:39:18 2025-09-02T01:39:18.945Z daemon INFO time="2025-09-01T18:39:18-07:00" level=info msg="Resolving include Wire.h for arch esp32"
time="2025-09-01T18:39:18-07:00" level=info msg="  found better lib" lib=Wire prio=6B0
2025-09-01 18:39:20 2025-09-02T01:39:20.386Z daemon INFO time="2025-09-01T18:39:20-07:00" level=info msg="Resolving include OneButton.h for arch esp32"
time="2025-09-01T18:39:20-07:00" level=info msg="  found better lib" lib=OneButton prio=6A7
2025-09-01 18:39:26 2025-09-02T01:39:26.112Z daemon INFO time="2025-09-01T18:39:26-07:00" level=info msg="Tool required for debug" tool="arduino:dfu-util@0.11.0-arduino5"
time="2025-09-01T18:39:26-07:00" level=info msg="Tool required for debug" tool="esp32:esp-rv32@2411"
time="2025-09-01T18:39:26-07:00" level=info msg="Tool required for debug" tool="esp32:esp-x32@2411"
time="2025-09-01T18:39:26-07:00" level=info msg="Tool required for debug" tool="esp32:esp32-arduino-libs@idf-release_v5.5-b66b5448-v1"
time="2025-09-01T18:39:26-07:00" level=info msg="Tool required for debug" tool="esp32:esptool_py@5.0.0"
time="2025-09-01T18:39:26-07:00" level=info msg="Tool required for debug" tool="esp32:mklittlefs@3.0.0-gnu12-dc7f933"
2025-09-01 18:39:26 2025-09-02T01:39:26.113Z daemon INFO time="2025-09-01T18:39:26-07:00" level=info msg="Tool required for debug" tool="esp32:mkspiffs@0.2.3"
time="2025-09-01T18:39:26-07:00" level=info msg="Tool required for debug" tool="esp32:openocd-esp32@v0.12.0-esp32-20250422"
time="2025-09-01T18:39:26-07:00" level=info msg="Tool required for debug" tool="esp32:riscv32-esp-elf-gdb@16.2_20250324"
time="2025-09-01T18:39:26-07:00" level=info msg="Tool required for debug" tool="esp32:xtensa-esp-elf-gdb@16.2_20250324"
time="2025-09-01T18:39:26-07:00" level=info msg="Tool required for debug" tool="arduino:avr-gcc@7.3.0-atmel3.6.1-arduino7"
time="2025-09-01T18:39:26-07:00" level=info msg="Tool required for debug" tool="arduino:arm-none-eabi-gcc@7-2017q4"
time="2025-09-01T18:39:26-07:00" level=info msg="Tool required for debug" tool="arduino:avrdude@6.3.0-arduino17"
time="2025-09-01T18:39:26-07:00" level=info msg="Tool required for debug" tool="arduino:openocd@0.11.0-arduino2"
time="2025-09-01T18:39:26-07:00" level=info msg="Tool required for debug" tool="builtin:serial-monitor@0.15.0"
time="2025-09-01T18:39:26-07:00" level=info msg="Tool required for debug" tool="builtin:mdns-discovery@1.0.9"
time="2025-09-01T18:39:26-07:00" level=info msg="Tool required for debug" tool="builtin:serial-discovery@1.4.1"
time="2025-09-01T18:39:26-07:00" level=info msg="Tool required for debug" tool="arduino:bossac@1.9.1-arduino5"
time="2025-09-01T18:39:26-07:00" level=info msg="Tool required for debug" tool="arduino:arduinoOTA@1.3.0"
time="2025-09-01T18:39:26-07:00" level=info msg="Tool required for debug" tool="builtin:ctags@5.8-arduino11"
time="2025-09-01T18:39:26-07:00" level=info msg="Tool required for debug" tool="builtin:dfu-discovery@0.1.2"
2025-09-01 18:39:26 2025-09-02T01:39:26.116Z daemon INFO time="2025-09-01T18:39:26-07:00" level=info msg="Tool required for debug" tool="arduino:dfu-util@0.11.0-arduino5"
time="2025-09-01T18:39:26-07:00" level=info msg="Tool required for debug" tool="esp32:esp-rv32@2411"
time="2025-09-01T18:39:26-07:00" level=info msg="Tool required for debug" tool="esp32:esp-x32@2411"
time="2025-09-01T18:39:26-07:00" level=info msg="Tool required for debug" tool="esp32:esp32-arduino-libs@idf-release_v5.5-b66b5448-v1"
time="2025-09-01T18:39:26-07:00" level=info msg="Tool required for debug" tool="esp32:esptool_py@5.0.0"
time="2025-09-01T18:39:26-07:00" level=info msg="Tool required for debug" tool="esp32:mklittlefs@3.0.0-gnu12-dc7f933"
time="2025-09-01T18:39:26-07:00" level=info msg="Tool required for debug" tool="esp32:mkspiffs@0.2.3"
time="2025-09-01T18:39:26-07:00" level=info msg="Tool required for debug" tool="esp32:openocd-esp32@v0.12.0-esp32-20250422"
2025-09-01 18:39:26 2025-09-02T01:39:26.116Z daemon INFO time="2025-09-01T18:39:26-07:00" level=info msg="Tool required for debug" tool="esp32:riscv32-esp-elf-gdb@16.2_20250324"
time="2025-09-01T18:39:26-07:00" level=info msg="Tool required for debug" tool="esp32:xtensa-esp-elf-gdb@16.2_20250324"
time="2025-09-01T18:39:26-07:00" level=info msg="Tool required for debug" tool="arduino:arm-none-eabi-gcc@7-2017q4"
time="2025-09-01T18:39:26-07:00" level=info msg="Tool required for debug" tool="arduino:avr-gcc@7.3.0-atmel3.6.1-arduino7"
time="2025-09-01T18:39:26-07:00" level=info msg="Tool required for debug" tool="arduino:avrdude@6.3.0-arduino17"
time="2025-09-01T18:39:26-07:00" level=info msg="Tool required for debug" tool="builtin:serial-discovery@1.4.1"
time="2025-09-01T18:39:26-07:00" level=info msg="Tool required for debug" tool="builtin:serial-monitor@0.15.0"
time="2025-09-01T18:39:26-07:00" level=info msg="Tool required for debug" tool="arduino:arduinoOTA@1.3.0"
time="2025-09-01T18:39:26-07:00" level=info msg="Tool required for debug" tool="builtin:mdns-discovery@1.0.9"
time="2025-09-01T18:39:26-07:00" level=info msg="Tool required for debug" tool="builtin:dfu-discovery@0.1.2"
time="2025-09-01T18:39:26-07:00" level=info msg="Tool required for debug" tool="arduino:bossac@1.9.1-arduino5"
time="2025-09-01T18:39:26-07:00" level=info msg="Tool required for debug" tool="builtin:ctags@5.8-arduino11"
time="2025-09-01T18:39:26-07:00" level=info msg="Tool required for debug" tool="arduino:openocd@0.11.0-arduino2"
2025-09-01 18:39:26 2025-09-02T01:39:26.119Z daemon INFO time="2025-09-01T18:39:26-07:00" level=info msg="Tool required for debug" tool="arduino:dfu-util@0.11.0-arduino5"
time="2025-09-01T18:39:26-07:00" level=info msg="Tool required for debug" tool="esp32:esp-rv32@2411"
time="2025-09-01T18:39:26-07:00" level=info msg="Tool required for debug" tool="esp32:esp-x32@2411"
time="2025-09-01T18:39:26-07:00" level=info msg="Tool required for debug" tool="esp32:esp32-arduino-libs@idf-release_v5.5-b66b5448-v1"
time="2025-09-01T18:39:26-07:00" level=info msg="Tool required for debug" tool="esp32:esptool_py@5.0.0"
time="2025-09-01T18:39:26-07:00" level=info msg="Tool required for debug" tool="esp32:mklittlefs@3.0.0-gnu12-dc7f933"
2025-09-01 18:39:26 2025-09-02T01:39:26.119Z daemon INFO time="2025-09-01T18:39:26-07:00" level=info msg="Tool required for debug" tool="esp32:mkspiffs@0.2.3"
time="2025-09-01T18:39:26-07:00" level=info msg="Tool required for debug" tool="esp32:openocd-esp32@v0.12.0-esp32-20250422"
time="2025-09-01T18:39:26-07:00" level=info msg="Tool required for debug" tool="esp32:riscv32-esp-elf-gdb@16.2_20250324"
time="2025-09-01T18:39:26-07:00" level=info msg="Tool required for debug" tool="esp32:xtensa-esp-elf-gdb@16.2_20250324"
time="2025-09-01T18:39:26-07:00" level=info msg="Tool required for debug" tool="builtin:dfu-discovery@0.1.2"
time="2025-09-01T18:39:26-07:00" level=info msg="Tool required for debug" tool="builtin:mdns-discovery@1.0.9"
time="2025-09-01T18:39:26-07:00" level=info msg="Tool required for debug" tool="arduino:openocd@0.11.0-arduino2"
time="2025-09-01T18:39:26-07:00" level=info msg="Tool required for debug" tool="builtin:serial-monitor@0.15.0"
time="2025-09-01T18:39:26-07:00" level=info msg="Tool required for debug" tool="arduino:arm-none-eabi-gcc@7-2017q4"
time="2025-09-01T18:39:26-07:00" level=info msg="Tool required for debug" tool="arduino:arduinoOTA@1.3.0"
time="2025-09-01T18:39:26-07:00" level=info msg="Tool required for debug" tool="builtin:ctags@5.8-arduino11"
time="2025-09-01T18:39:26-07:00" level=info msg="Tool required for debug" tool="arduino:bossac@1.9.1-arduino5"
time="2025-09-01T18:39:26-07:00" level=info msg="Tool required for debug" tool="builtin:serial-discovery@1.4.1"
time="2025-09-01T18:39:26-07:00" level=info msg="Tool required for debug" tool="arduino:avr-gcc@7.3.0-atmel3.6.1-arduino7"
time="2025-09-01T18:39:26-07:00" level=info msg="Tool required for debug" tool="arduino:avrdude@6.3.0-arduino17"
2025-09-01 18:39:26 2025-09-02T01:39:26.122Z daemon INFO time="2025-09-01T18:39:26-07:00" level=info msg="Tool required for debug" tool="arduino:dfu-util@0.11.0-arduino5"
time="2025-09-01T18:39:26-07:00" level=info msg="Tool required for debug" tool="esp32:esp-rv32@2411"
time="2025-09-01T18:39:26-07:00" level=info msg="Tool required for debug" tool="esp32:esp-x32@2411"
time="2025-09-01T18:39:26-07:00" level=info msg="Tool required for debug" tool="esp32:esp32-arduino-libs@idf-release_v5.5-b66b5448-v1"
time="2025-09-01T18:39:26-07:00" level=info msg="Tool required for debug" tool="esp32:esptool_py@5.0.0"
time="2025-09-01T18:39:26-07:00" level=info msg="Tool required for debug" tool="esp32:mklittlefs@3.0.0-gnu12-dc7f933"
time="2025-09-01T18:39:26-07:00" level=info msg="Tool required for debug" tool="esp32:mkspiffs@0.2.3"
time="2025-09-01T18:39:26-07:00" level=info msg="Tool required for debug" tool="esp32:openocd-esp32@v0.12.0-esp32-20250422"
time="2025-09-01T18:39:26-07:00" level=info msg="Tool required for debug" tool="esp32:riscv32-esp-elf-gdb@16.2_20250324"
2025-09-01 18:39:26 2025-09-02T01:39:26.122Z daemon INFO time="2025-09-01T18:39:26-07:00" level=info msg="Tool required for debug" tool="esp32:xtensa-esp-elf-gdb@16.2_20250324"
time="2025-09-01T18:39:26-07:00" level=info msg="Tool required for debug" tool="builtin:ctags@5.8-arduino11"
time="2025-09-01T18:39:26-07:00" level=info msg="Tool required for debug" tool="builtin:serial-monitor@0.15.0"
time="2025-09-01T18:39:26-07:00" level=info msg="Tool required for debug" tool="arduino:bossac@1.9.1-arduino5"
time="2025-09-01T18:39:26-07:00" level=info msg="Tool required for debug" tool="arduino:arduinoOTA@1.3.0"
time="2025-09-01T18:39:26-07:00" level=info msg="Tool required for debug" tool="builtin:serial-discovery@1.4.1"
time="2025-09-01T18:39:26-07:00" level=info msg="Tool required for debug" tool="arduino:avr-gcc@7.3.0-atmel3.6.1-arduino7"
time="2025-09-01T18:39:26-07:00" level=info msg="Tool required for debug" tool="builtin:dfu-discovery@0.1.2"
time="2025-09-01T18:39:26-07:00" level=info msg="Tool required for debug" tool="builtin:mdns-discovery@1.0.9"
time="2025-09-01T18:39:26-07:00" level=info msg="Tool required for debug" tool="arduino:arm-none-eabi-gcc@7-2017q4"
time="2025-09-01T18:39:26-07:00" level=info msg="Tool required for debug" tool="arduino:avrdude@6.3.0-arduino17"
time="2025-09-01T18:39:26-07:00" level=info msg="Tool required for debug" tool="arduino:openocd@0.11.0-arduino2"
2025-09-01 18:39:26 2025-09-02T01:39:26.125Z daemon INFO time="2025-09-01T18:39:26-07:00" level=info msg="Tool required for debug" tool="arduino:dfu-util@0.11.0-arduino5"
time="2025-09-01T18:39:26-07:00" level=info msg="Tool required for debug" tool="esp32:esp-rv32@2411"
time="2025-09-01T18:39:26-07:00" level=info msg="Tool required for debug" tool="esp32:esp-x32@2411"
time="2025-09-01T18:39:26-07:00" level=info msg="Tool required for debug" tool="esp32:esp32-arduino-libs@idf-release_v5.5-b66b5448-v1"
time="2025-09-01T18:39:26-07:00" level=info msg="Tool required for debug" tool="esp32:esptool_py@5.0.0"
time="2025-09-01T18:39:26-07:00" level=info msg="Tool required for debug" tool="esp32:mklittlefs@3.0.0-gnu12-dc7f933"
time="2025-09-01T18:39:26-07:00" level=info msg="Tool required for debug" tool="esp32:mkspiffs@0.2.3"
time="2025-09-01T18:39:26-07:00" level=info msg="Tool required for debug" tool="esp32:openocd-esp32@v0.12.0-esp32-20250422"
time="2025-09-01T18:39:26-07:00" level=info msg="Tool required for debug" tool="esp32:riscv32-esp-elf-gdb@16.2_20250324"
time="2025-09-01T18:39:26-07:00" level=info msg="Tool required for debug" tool="esp32:xtensa-esp-elf-gdb@16.2_20250324"
time="2025-09-01T18:39:26-07:00" level=info msg="Tool required for debug" tool="arduino:avrdude@6.3.0-arduino17"
2025-09-01 18:39:26 2025-09-02T01:39:26.125Z daemon INFO time="2025-09-01T18:39:26-07:00" level=info msg="Tool required for debug" tool="arduino:avr-gcc@7.3.0-atmel3.6.1-arduino7"
time="2025-09-01T18:39:26-07:00" level=info msg="Tool required for debug" tool="builtin:serial-monitor@0.15.0"
time="2025-09-01T18:39:26-07:00" level=info msg="Tool required for debug" tool="builtin:ctags@5.8-arduino11"
time="2025-09-01T18:39:26-07:00" level=info msg="Tool required for debug" tool="builtin:dfu-discovery@0.1.2"
time="2025-09-01T18:39:26-07:00" level=info msg="Tool required for debug" tool="builtin:serial-discovery@1.4.1"
time="2025-09-01T18:39:26-07:00" level=info msg="Tool required for debug" tool="arduino:arduinoOTA@1.3.0"
time="2025-09-01T18:39:26-07:00" level=info msg="Tool required for debug" tool="arduino:openocd@0.11.0-arduino2"
time="2025-09-01T18:39:26-07:00" level=info msg="Tool required for debug" tool="builtin:mdns-discovery@1.0.9"
time="2025-09-01T18:39:26-07:00" level=info msg="Tool required for debug" tool="arduino:arm-none-eabi-gcc@7-2017q4"
time="2025-09-01T18:39:26-07:00" level=info msg="Tool required for debug" tool="arduino:bossac@1.9.1-arduino5"
2025-09-01 18:39:26 2025-09-02T01:39:26.128Z daemon INFO time="2025-09-01T18:39:26-07:00" level=info msg="Tool required for debug" tool="arduino:dfu-util@0.11.0-arduino5"
time="2025-09-01T18:39:26-07:00" level=info msg="Tool required for debug" tool="esp32:esp-rv32@2411"
time="2025-09-01T18:39:26-07:00" level=info msg="Tool required for debug" tool="esp32:esp-x32@2411"
time="2025-09-01T18:39:26-07:00" level=info msg="Tool required for debug" tool="esp32:esp32-arduino-libs@idf-release_v5.5-b66b5448-v1"
time="2025-09-01T18:39:26-07:00" level=info msg="Tool required for debug" tool="esp32:esptool_py@5.0.0"
time="2025-09-01T18:39:26-07:00" level=info msg="Tool required for debug" tool="esp32:mklittlefs@3.0.0-gnu12-dc7f933"
time="2025-09-01T18:39:26-07:00" level=info msg="Tool required for debug" tool="esp32:mkspiffs@0.2.3"
time="2025-09-01T18:39:26-07:00" level=info msg="Tool required for debug" tool="esp32:openocd-esp32@v0.12.0-esp32-20250422"
time="2025-09-01T18:39:26-07:00" level=info msg="Tool required for debug" tool="esp32:riscv32-esp-elf-gdb@16.2_20250324"
2025-09-01 18:39:26 2025-09-02T01:39:26.128Z daemon INFO time="2025-09-01T18:39:26-07:00" level=info msg="Tool required for debug" tool="esp32:xtensa-esp-elf-gdb@16.2_20250324"
time="2025-09-01T18:39:26-07:00" level=info msg="Tool required for debug" tool="arduino:avrdude@6.3.0-arduino17"
time="2025-09-01T18:39:26-07:00" level=info msg="Tool required for debug" tool="builtin:mdns-discovery@1.0.9"
time="2025-09-01T18:39:26-07:00" level=info msg="Tool required for debug" tool="builtin:serial-monitor@0.15.0"
time="2025-09-01T18:39:26-07:00" level=info msg="Tool required for debug" tool="arduino:arm-none-eabi-gcc@7-2017q4"
time="2025-09-01T18:39:26-07:00" level=info msg="Tool required for debug" tool="arduino:avr-gcc@7.3.0-atmel3.6.1-arduino7"
time="2025-09-01T18:39:26-07:00" level=info msg="Tool required for debug" tool="arduino:arduinoOTA@1.3.0"
time="2025-09-01T18:39:26-07:00" level=info msg="Tool required for debug" tool="arduino:bossac@1.9.1-arduino5"
time="2025-09-01T18:39:26-07:00" level=info msg="Tool required for debug" tool="arduino:openocd@0.11.0-arduino2"
time="2025-09-01T18:39:26-07:00" level=info msg="Tool required for debug" tool="builtin:dfu-discovery@0.1.2"
time="2025-09-01T18:39:26-07:00" level=info msg="Tool required for debug" tool="builtin:serial-discovery@1.4.1"
time="2025-09-01T18:39:26-07:00" level=info msg="Tool required for debug" tool="builtin:ctags@5.8-arduino11"
2025-09-01 18:39:26 2025-09-02T01:39:26.131Z daemon INFO time="2025-09-01T18:39:26-07:00" level=info msg="Tool required for debug" tool="arduino:dfu-util@0.11.0-arduino5"
time="2025-09-01T18:39:26-07:00" level=info msg="Tool required for debug" tool="esp32:esp-rv32@2411"
time="2025-09-01T18:39:26-07:00" level=info msg="Tool required for debug" tool="esp32:esp-x32@2411"
time="2025-09-01T18:39:26-07:00" level=info msg="Tool required for debug" tool="esp32:esp32-arduino-libs@idf-release_v5.5-b66b5448-v1"
time="2025-09-01T18:39:26-07:00" level=info msg="Tool required for debug" tool="esp32:esptool_py@5.0.0"
time="2025-09-01T18:39:26-07:00" level=info msg="Tool required for debug" tool="esp32:mklittlefs@3.0.0-gnu12-dc7f933"
2025-09-01 18:39:26 2025-09-02T01:39:26.132Z daemon INFO time="2025-09-01T18:39:26-07:00" level=info msg="Tool required for debug" tool="esp32:mkspiffs@0.2.3"
time="2025-09-01T18:39:26-07:00" level=info msg="Tool required for debug" tool="esp32:openocd-esp32@v0.12.0-esp32-20250422"
time="2025-09-01T18:39:26-07:00" level=info msg="Tool required for debug" tool="esp32:riscv32-esp-elf-gdb@16.2_20250324"
time="2025-09-01T18:39:26-07:00" level=info msg="Tool required for debug" tool="esp32:xtensa-esp-elf-gdb@16.2_20250324"
time="2025-09-01T18:39:26-07:00" level=info msg="Tool required for debug" tool="arduino:bossac@1.9.1-arduino5"
time="2025-09-01T18:39:26-07:00" level=info msg="Tool required for debug" tool="arduino:arduinoOTA@1.3.0"
time="2025-09-01T18:39:26-07:00" level=info msg="Tool required for debug" tool="builtin:mdns-discovery@1.0.9"
time="2025-09-01T18:39:26-07:00" level=info msg="Tool required for debug" tool="builtin:ctags@5.8-arduino11"
time="2025-09-01T18:39:26-07:00" level=info msg="Tool required for debug" tool="arduino:arm-none-eabi-gcc@7-2017q4"
time="2025-09-01T18:39:26-07:00" level=info msg="Tool required for debug" tool="arduino:openocd@0.11.0-arduino2"
time="2025-09-01T18:39:26-07:00" level=info msg="Tool required for debug" tool="builtin:dfu-discovery@0.1.2"
time="2025-09-01T18:39:26-07:00" level=info msg="Tool required for debug" tool="arduino:avr-gcc@7.3.0-atmel3.6.1-arduino7"
time="2025-09-01T18:39:26-07:00" level=info msg="Tool required for debug" tool="arduino:avrdude@6.3.0-arduino17"
time="2025-09-01T18:39:26-07:00" level=info msg="Tool required for debug" tool="builtin:serial-discovery@1.4.1"
time="2025-09-01T18:39:26-07:00" level=info msg="Tool required for debug" tool="builtin:serial-monitor@0.15.0"
2025-09-01 18:39:26 2025-09-02T01:39:26.135Z daemon INFO time="2025-09-01T18:39:26-07:00" level=info msg="Tool required for debug" tool="arduino:dfu-util@0.11.0-arduino5"
time="2025-09-01T18:39:26-07:00" level=info msg="Tool required for debug" tool="esp32:esp-rv32@2411"
time="2025-09-01T18:39:26-07:00" level=info msg="Tool required for debug" tool="esp32:esp-x32@2411"
time="2025-09-01T18:39:26-07:00" level=info msg="Tool required for debug" tool="esp32:esp32-arduino-libs@idf-release_v5.5-b66b5448-v1"
time="2025-09-01T18:39:26-07:00" level=info msg="Tool required for debug" tool="esp32:esptool_py@5.0.0"
time="2025-09-01T18:39:26-07:00" level=info msg="Tool required for debug" tool="esp32:mklittlefs@3.0.0-gnu12-dc7f933"
time="2025-09-01T18:39:26-07:00" level=info msg="Tool required for debug" tool="esp32:mkspiffs@0.2.3"
time="2025-09-01T18:39:26-07:00" level=info msg="Tool required for debug" tool="esp32:openocd-esp32@v0.12.0-esp32-20250422"
time="2025-09-01T18:39:26-07:00" level=info msg="Tool required for debug" tool="esp32:riscv32-esp-elf-gdb@16.2_20250324"
2025-09-01 18:39:26 2025-09-02T01:39:26.135Z daemon INFO time="2025-09-01T18:39:26-07:00" level=info msg="Tool required for debug" tool="esp32:xtensa-esp-elf-gdb@16.2_20250324"
time="2025-09-01T18:39:26-07:00" level=info msg="Tool required for debug" tool="arduino:avr-gcc@7.3.0-atmel3.6.1-arduino7"
time="2025-09-01T18:39:26-07:00" level=info msg="Tool required for debug" tool="arduino:arduinoOTA@1.3.0"
time="2025-09-01T18:39:26-07:00" level=info msg="Tool required for debug" tool="builtin:serial-discovery@1.4.1"
time="2025-09-01T18:39:26-07:00" level=info msg="Tool required for debug" tool="arduino:bossac@1.9.1-arduino5"
time="2025-09-01T18:39:26-07:00" level=info msg="Tool required for debug" tool="arduino:avrdude@6.3.0-arduino17"
time="2025-09-01T18:39:26-07:00" level=info msg="Tool required for debug" tool="arduino:openocd@0.11.0-arduino2"
time="2025-09-01T18:39:26-07:00" level=info msg="Tool required for debug" tool="builtin:dfu-discovery@0.1.2"
time="2025-09-01T18:39:26-07:00" level=info msg="Tool required for debug" tool="builtin:serial-monitor@0.15.0"
time="2025-09-01T18:39:26-07:00" level=info msg="Tool required for debug" tool="arduino:arm-none-eabi-gcc@7-2017q4"
time="2025-09-01T18:39:26-07:00" level=info msg="Tool required for debug" tool="builtin:mdns-discovery@1.0.9"
time="2025-09-01T18:39:26-07:00" level=info msg="Tool required for debug" tool="builtin:ctags@5.8-arduino11"
2025-09-01 18:39:26 2025-09-02T01:39:26.138Z daemon INFO time="2025-09-01T18:39:26-07:00" level=info msg="Tool required for debug" tool="arduino:dfu-util@0.11.0-arduino5"
time="2025-09-01T18:39:26-07:00" level=info msg="Tool required for debug" tool="esp32:esp-rv32@2411"
time="2025-09-01T18:39:26-07:00" level=info msg="Tool required for debug" tool="esp32:esp-x32@2411"
time="2025-09-01T18:39:26-07:00" level=info msg="Tool required for debug" tool="esp32:esp32-arduino-libs@idf-release_v5.5-b66b5448-v1"
time="2025-09-01T18:39:26-07:00" level=info msg="Tool required for debug" tool="esp32:esptool_py@5.0.0"
time="2025-09-01T18:39:26-07:00" level=info msg="Tool required for debug" tool="esp32:mklittlefs@3.0.0-gnu12-dc7f933"
time="2025-09-01T18:39:26-07:00" level=info msg="Tool required for debug" tool="esp32:mkspiffs@0.2.3"
time="2025-09-01T18:39:26-07:00" level=info msg="Tool required for debug" tool="esp32:openocd-esp32@v0.12.0-esp32-20250422"
2025-09-01 18:39:26 2025-09-02T01:39:26.138Z daemon INFO time="2025-09-01T18:39:26-07:00" level=info msg="Tool required for debug" tool="esp32:riscv32-esp-elf-gdb@16.2_20250324"
time="2025-09-01T18:39:26-07:00" level=info msg="Tool required for debug" tool="esp32:xtensa-esp-elf-gdb@16.2_20250324"
time="2025-09-01T18:39:26-07:00" level=info msg="Tool required for debug" tool="arduino:bossac@1.9.1-arduino5"
time="2025-09-01T18:39:26-07:00" level=info msg="Tool required for debug" tool="builtin:mdns-discovery@1.0.9"
time="2025-09-01T18:39:26-07:00" level=info msg="Tool required for debug" tool="builtin:dfu-discovery@0.1.2"
time="2025-09-01T18:39:26-07:00" level=info msg="Tool required for debug" tool="builtin:serial-discovery@1.4.1"
time="2025-09-01T18:39:26-07:00" level=info msg="Tool required for debug" tool="builtin:ctags@5.8-arduino11"
time="2025-09-01T18:39:26-07:00" level=info msg="Tool required for debug" tool="arduino:avrdude@6.3.0-arduino17"
time="2025-09-01T18:39:26-07:00" level=info msg="Tool required for debug" tool="arduino:avr-gcc@7.3.0-atmel3.6.1-arduino7"
time="2025-09-01T18:39:26-07:00" level=info msg="Tool required for debug" tool="builtin:serial-monitor@0.15.0"
time="2025-09-01T18:39:26-07:00" level=info msg="Tool required for debug" tool="arduino:openocd@0.11.0-arduino2"
time="2025-09-01T18:39:26-07:00" level=info msg="Tool required for debug" tool="arduino:arduinoOTA@1.3.0"
time="2025-09-01T18:39:26-07:00" level=info msg="Tool required for debug" tool="arduino:arm-none-eabi-gcc@7-2017q4"
2025-09-01 18:39:26 2025-09-02T01:39:26.150Z daemon INFO time="2025-09-01T18:39:26-07:00" level=info msg="Tool required for debug" tool="arduino:dfu-util@0.11.0-arduino5"
time="2025-09-01T18:39:26-07:00" level=info msg="Tool required for debug" tool="esp32:esp-rv32@2411"
time="2025-09-01T18:39:26-07:00" level=info msg="Tool required for debug" tool="esp32:esp-x32@2411"
time="2025-09-01T18:39:26-07:00" level=info msg="Tool required for debug" tool="esp32:esp32-arduino-libs@idf-release_v5.5-b66b5448-v1"
2025-09-01 18:39:26 2025-09-02T01:39:26.150Z daemon INFO time="2025-09-01T18:39:26-07:00" level=info msg="Tool required for debug" tool="esp32:esptool_py@5.0.0"
time="2025-09-01T18:39:26-07:00" level=info msg="Tool required for debug" tool="esp32:mklittlefs@3.0.0-gnu12-dc7f933"
time="2025-09-01T18:39:26-07:00" level=info msg="Tool required for debug" tool="esp32:mkspiffs@0.2.3"
time="2025-09-01T18:39:26-07:00" level=info msg="Tool required for debug" tool="esp32:openocd-esp32@v0.12.0-esp32-20250422"
time="2025-09-01T18:39:26-07:00" level=info msg="Tool required for debug" tool="esp32:riscv32-esp-elf-gdb@16.2_20250324"
time="2025-09-01T18:39:26-07:00" level=info msg="Tool required for debug" tool="esp32:xtensa-esp-elf-gdb@16.2_20250324"
time="2025-09-01T18:39:26-07:00" level=info msg="Tool required for debug" tool="builtin:serial-monitor@0.15.0"
2025-09-01 18:39:26 2025-09-02T01:39:26.150Z daemon INFO time="2025-09-01T18:39:26-07:00" level=info msg="Tool required for debug" tool="arduino:bossac@1.9.1-arduino5"
time="2025-09-01T18:39:26-07:00" level=info msg="Tool required for debug" tool="arduino:avrdude@6.3.0-arduino17"
time="2025-09-01T18:39:26-07:00" level=info msg="Tool required for debug" tool="builtin:serial-discovery@1.4.1"
2025-09-01 18:39:26 2025-09-02T01:39:26.150Z daemon INFO time="2025-09-01T18:39:26-07:00" level=info msg="Tool required for debug" tool="arduino:avr-gcc@7.3.0-atmel3.6.1-arduino7"
time="2025-09-01T18:39:26-07:00" level=info msg="Tool required for debug" tool="builtin:mdns-discovery@1.0.9"
time="2025-09-01T18:39:26-07:00" level=info msg="Tool required for debug" tool="arduino:openocd@0.11.0-arduino2"
time="2025-09-01T18:39:26-07:00" level=info msg="Tool required for debug" tool="arduino:arm-none-eabi-gcc@7-2017q4"
2025-09-01 18:39:26 2025-09-02T01:39:26.150Z daemon INFO time="2025-09-01T18:39:26-07:00" level=info msg="Tool required for debug" tool="builtin:dfu-discovery@0.1.2"
time="2025-09-01T18:39:26-07:00" level=info msg="Tool required for debug" tool="arduino:arduinoOTA@1.3.0"
time="2025-09-01T18:39:26-07:00" level=info msg="Tool required for debug" tool="builtin:ctags@5.8-arduino11"
2025-09-01 18:39:26 2025-09-02T01:39:26.158Z daemon INFO time="2025-09-01T18:39:26-07:00" level=info msg="Tool required for debug" tool="arduino:dfu-util@0.11.0-arduino5"
time="2025-09-01T18:39:26-07:00" level=info msg="Tool required for debug" tool="esp32:esp-rv32@2411"
time="2025-09-01T18:39:26-07:00" level=info msg="Tool required for debug" tool="esp32:esp-x32@2411"
time="2025-09-01T18:39:26-07:00" level=info msg="Tool required for debug" tool="esp32:esp32-arduino-libs@idf-release_v5.5-b66b5448-v1"
time="2025-09-01T18:39:26-07:00" level=info msg="Tool required for debug" tool="esp32:esptool_py@5.0.0"
2025-09-01 18:39:26 2025-09-02T01:39:26.158Z daemon INFO time="2025-09-01T18:39:26-07:00" level=info msg="Tool required for debug" tool="esp32:mklittlefs@3.0.0-gnu12-dc7f933"
time="2025-09-01T18:39:26-07:00" level=info msg="Tool required for debug" tool="esp32:mkspiffs@0.2.3"
time="2025-09-01T18:39:26-07:00" level=info msg="Tool required for debug" tool="esp32:openocd-esp32@v0.12.0-esp32-20250422"
time="2025-09-01T18:39:26-07:00" level=info msg="Tool required for debug" tool="esp32:riscv32-esp-elf-gdb@16.2_20250324"
time="2025-09-01T18:39:26-07:00" level=info msg="Tool required for debug" tool="esp32:xtensa-esp-elf-gdb@16.2_20250324"
time="2025-09-01T18:39:26-07:00" level=info msg="Tool required for debug" tool="arduino:openocd@0.11.0-arduino2"
time="2025-09-01T18:39:26-07:00" level=info msg="Tool required for debug" tool="builtin:mdns-discovery@1.0.9"
2025-09-01 18:39:26 2025-09-02T01:39:26.159Z daemon INFO time="2025-09-01T18:39:26-07:00" level=info msg="Tool required for debug" tool="builtin:serial-discovery@1.4.1"
time="2025-09-01T18:39:26-07:00" level=info msg="Tool required for debug" tool="arduino:arm-none-eabi-gcc@7-2017q4"
time="2025-09-01T18:39:26-07:00" level=info msg="Tool required for debug" tool="arduino:avr-gcc@7.3.0-atmel3.6.1-arduino7"
time="2025-09-01T18:39:26-07:00" level=info msg="Tool required for debug" tool="arduino:bossac@1.9.1-arduino5"
time="2025-09-01T18:39:26-07:00" level=info msg="Tool required for debug" tool="builtin:dfu-discovery@0.1.2"
2025-09-01 18:39:26 2025-09-02T01:39:26.159Z daemon INFO time="2025-09-01T18:39:26-07:00" level=info msg="Tool required for debug" tool="arduino:avrdude@6.3.0-arduino17"
time="2025-09-01T18:39:26-07:00" level=info msg="Tool required for debug" tool="arduino:arduinoOTA@1.3.0"
time="2025-09-01T18:39:26-07:00" level=info msg="Tool required for debug" tool="builtin:ctags@5.8-arduino11"
2025-09-01 18:39:26 2025-09-02T01:39:26.159Z daemon INFO time="2025-09-01T18:39:26-07:00" level=info msg="Tool required for debug" tool="builtin:serial-monitor@0.15.0"
2025-09-01 18:39:26 2025-09-02T01:39:26.167Z daemon INFO time="2025-09-01T18:39:26-07:00" level=info msg="Tool required for debug" tool="arduino:dfu-util@0.11.0-arduino5"
time="2025-09-01T18:39:26-07:00" level=info msg="Tool required for debug" tool="esp32:esp-rv32@2411"
time="2025-09-01T18:39:26-07:00" level=info msg="Tool required for debug" tool="esp32:esp-x32@2411"
2025-09-01 18:39:26 2025-09-02T01:39:26.167Z daemon INFO time="2025-09-01T18:39:26-07:00" level=info msg="Tool required for debug" tool="esp32:esp32-arduino-libs@idf-release_v5.5-b66b5448-v1"
time="2025-09-01T18:39:26-07:00" level=info msg="Tool required for debug" tool="esp32:esptool_py@5.0.0"
time="2025-09-01T18:39:26-07:00" level=info msg="Tool required for debug" tool="esp32:mklittlefs@3.0.0-gnu12-dc7f933"
time="2025-09-01T18:39:26-07:00" level=info msg="Tool required for debug" tool="esp32:mkspiffs@0.2.3"
time="2025-09-01T18:39:26-07:00" level=info msg="Tool required for debug" tool="esp32:openocd-esp32@v0.12.0-esp32-20250422"
time="2025-09-01T18:39:26-07:00" level=info msg="Tool required for debug" tool="esp32:riscv32-esp-elf-gdb@16.2_20250324"
time="2025-09-01T18:39:26-07:00" level=info msg="Tool required for debug" tool="esp32:xtensa-esp-elf-gdb@16.2_20250324"
time="2025-09-01T18:39:26-07:00" level=info msg="Tool required for debug" tool="arduino:openocd@0.11.0-arduino2"
2025-09-01 18:39:26 2025-09-02T01:39:26.167Z daemon INFO time="2025-09-01T18:39:26-07:00" level=info msg="Tool required for debug" tool="arduino:arduinoOTA@1.3.0"
time="2025-09-01T18:39:26-07:00" level=info msg="Tool required for debug" tool="builtin:mdns-discovery@1.0.9"
time="2025-09-01T18:39:26-07:00" level=info msg="Tool required for debug" tool="builtin:serial-discovery@1.4.1"
2025-09-01 18:39:26 2025-09-02T01:39:26.167Z daemon INFO time="2025-09-01T18:39:26-07:00" level=info msg="Tool required for debug" tool="arduino:arm-none-eabi-gcc@7-2017q4"
time="2025-09-01T18:39:26-07:00" level=info msg="Tool required for debug" tool="arduino:avr-gcc@7.3.0-atmel3.6.1-arduino7"
time="2025-09-01T18:39:26-07:00" level=info msg="Tool required for debug" tool="arduino:bossac@1.9.1-arduino5"
time="2025-09-01T18:39:26-07:00" level=info msg="Tool required for debug" tool="builtin:ctags@5.8-arduino11"
time="2025-09-01T18:39:26-07:00" level=info msg="Tool required for debug" tool="builtin:serial-monitor@0.15.0"
2025-09-01 18:39:26 2025-09-02T01:39:26.168Z daemon INFO time="2025-09-01T18:39:26-07:00" level=info msg="Tool required for debug" tool="builtin:dfu-discovery@0.1.2"
time="2025-09-01T18:39:26-07:00" level=info msg="Tool required for debug" tool="arduino:avrdude@6.3.0-arduino17"
2025-09-01 18:39:26 2025-09-02T01:39:26.175Z daemon INFO time="2025-09-01T18:39:26-07:00" level=info msg="Tool required for debug" tool="arduino:dfu-util@0.11.0-arduino5"
time="2025-09-01T18:39:26-07:00" level=info msg="Tool required for debug" tool="esp32:esp-rv32@2411"
2025-09-01 18:39:26 2025-09-02T01:39:26.175Z daemon INFO time="2025-09-01T18:39:26-07:00" level=info msg="Tool required for debug" tool="esp32:esp-x32@2411"
time="2025-09-01T18:39:26-07:00" level=info msg="Tool required for debug" tool="esp32:esp32-arduino-libs@idf-release_v5.5-b66b5448-v1"
time="2025-09-01T18:39:26-07:00" level=info msg="Tool required for debug" tool="esp32:esptool_py@5.0.0"
time="2025-09-01T18:39:26-07:00" level=info msg="Tool required for debug" tool="esp32:mklittlefs@3.0.0-gnu12-dc7f933"
time="2025-09-01T18:39:26-07:00" level=info msg="Tool required for debug" tool="esp32:mkspiffs@0.2.3"
time="2025-09-01T18:39:26-07:00" level=info msg="Tool required for debug" tool="esp32:openocd-esp32@v0.12.0-esp32-20250422"
time="2025-09-01T18:39:26-07:00" level=info msg="Tool required for debug" tool="esp32:riscv32-esp-elf-gdb@16.2_20250324"
time="2025-09-01T18:39:26-07:00" level=info msg="Tool required for debug" tool="esp32:xtensa-esp-elf-gdb@16.2_20250324"
2025-09-01 18:39:26 2025-09-02T01:39:26.176Z daemon INFO time="2025-09-01T18:39:26-07:00" level=info msg="Tool required for debug" tool="arduino:avr-gcc@7.3.0-atmel3.6.1-arduino7"
time="2025-09-01T18:39:26-07:00" level=info msg="Tool required for debug" tool="builtin:mdns-discovery@1.0.9"
time="2025-09-01T18:39:26-07:00" level=info msg="Tool required for debug" tool="builtin:serial-discovery@1.4.1"
time="2025-09-01T18:39:26-07:00" level=info msg="Tool required for debug" tool="builtin:dfu-discovery@0.1.2"
2025-09-01 18:39:26 2025-09-02T01:39:26.176Z daemon INFO time="2025-09-01T18:39:26-07:00" level=info msg="Tool required for debug" tool="builtin:serial-monitor@0.15.0"
time="2025-09-01T18:39:26-07:00" level=info msg="Tool required for debug" tool="arduino:avrdude@6.3.0-arduino17"
time="2025-09-01T18:39:26-07:00" level=info msg="Tool required for debug" tool="builtin:ctags@5.8-arduino11"
time="2025-09-01T18:39:26-07:00" level=info msg="Tool required for debug" tool="arduino:bossac@1.9.1-arduino5"
time="2025-09-01T18:39:26-07:00" level=info msg="Tool required for debug" tool="arduino:arm-none-eabi-gcc@7-2017q4"
2025-09-01 18:39:26 2025-09-02T01:39:26.176Z daemon INFO time="2025-09-01T18:39:26-07:00" level=info msg="Tool required for debug" tool="arduino:arduinoOTA@1.3.0"
time="2025-09-01T18:39:26-07:00" level=info msg="Tool required for debug" tool="arduino:openocd@0.11.0-arduino2"
2025-09-01 18:39:26 2025-09-02T01:39:26.187Z daemon INFO time="2025-09-01T18:39:26-07:00" level=info msg="Tool required for debug" tool="arduino:dfu-util@0.11.0-arduino5"
time="2025-09-01T18:39:26-07:00" level=info msg="Tool required for debug" tool="esp32:esp-rv32@2411"
time="2025-09-01T18:39:26-07:00" level=info msg="Tool required for debug" tool="esp32:esp-x32@2411"
time="2025-09-01T18:39:26-07:00" level=info msg="Tool required for debug" tool="esp32:esp32-arduino-libs@idf-release_v5.5-b66b5448-v1"
time="2025-09-01T18:39:26-07:00" level=info msg="Tool required for debug" tool="esp32:esptool_py@5.0.0"
time="2025-09-01T18:39:26-07:00" level=info msg="Tool required for debug" tool="esp32:mklittlefs@3.0.0-gnu12-dc7f933"
time="2025-09-01T18:39:26-07:00" level=info msg="Tool required for debug" tool="esp32:mkspiffs@0.2.3"
time="2025-09-01T18:39:26-07:00" level=info msg="Tool required for debug" tool="esp32:openocd-esp32@v0.12.0-esp32-20250422"
time="2025-09-01T18:39:26-07:00" level=info msg="Tool required for debug" tool="esp32:riscv32-esp-elf-gdb@16.2_20250324"
time="2025-09-01T18:39:26-07:00" level=info msg="Tool required for debug" tool="esp32:xtensa-esp-elf-gdb@16.2_20250324"
time="2025-09-01T18:39:26-07:00" level=info msg="Tool required for debug" tool="builtin:mdns-discovery@1.0.9"
time="2025-09-01T18:39:26-07:00" level=info msg="Tool required for debug" tool="builtin:dfu-discovery@0.1.2"
time="2025-09-01T18:39:26-07:00" level=info msg="Tool required for debug" tool="arduino:avr-gcc@7.3.0-atmel3.6.1-arduino7"
time="2025-09-01T18:39:26-07:00" level=info msg="Tool required for debug" tool="arduino:bossac@1.9.1-arduino5"
time="2025-09-01T18:39:26-07:00" level=info msg="Tool required for debug" tool="arduino:arduinoOTA@1.3.0"
time="2025-09-01T18:39:26-07:00" level=info msg="Tool required for debug" tool="builtin:ctags@5.8-arduino11"
time="2025-09-01T18:39:26-07:00" level=info msg="Tool required for debug" tool="arduino:avrdude@6.3.0-arduino17"
time="2025-09-01T18:39:26-07:00" level=info msg="Tool required for debug" tool="builtin:serial-monitor@0.15.0"
time="2025-09-01T18:39:26-07:00" level=info msg="Tool required for debug" tool="arduino:arm-none-eabi-gcc@7-2017q4"
time="2025-09-01T18:39:26-07:00" level=info msg="Tool required for debug" tool="arduino:openocd@0.11.0-arduino2"
time="2025-09-01T18:39:26-07:00" level=info msg="Tool required for debug" tool="builtin:serial-discovery@1.4.1"
2025-09-01 18:39:26 2025-09-02T01:39:26.190Z daemon INFO time="2025-09-01T18:39:26-07:00" level=info msg="Tool required for debug" tool="arduino:dfu-util@0.11.0-arduino5"
time="2025-09-01T18:39:26-07:00" level=info msg="Tool required for debug" tool="esp32:esp-rv32@2411"
time="2025-09-01T18:39:26-07:00" level=info msg="Tool required for debug" tool="esp32:esp-x32@2411"
time="2025-09-01T18:39:26-07:00" level=info msg="Tool required for debug" tool="esp32:esp32-arduino-libs@idf-release_v5.5-b66b5448-v1"
time="2025-09-01T18:39:26-07:00" level=info msg="Tool required for debug" tool="esp32:esptool_py@5.0.0"
time="2025-09-01T18:39:26-07:00" level=info msg="Tool required for debug" tool="esp32:mklittlefs@3.0.0-gnu12-dc7f933"
time="2025-09-01T18:39:26-07:00" level=info msg="Tool required for debug" tool="esp32:mkspiffs@0.2.3"
time="2025-09-01T18:39:26-07:00" level=info msg="Tool required for debug" tool="esp32:openocd-esp32@v0.12.0-esp32-20250422"
time="2025-09-01T18:39:26-07:00" level=info msg="Tool required for debug" tool="esp32:riscv32-esp-elf-gdb@16.2_20250324"
time="2025-09-01T18:39:26-07:00" level=info msg="Tool required for debug" tool="esp32:xtensa-esp-elf-gdb@16.2_20250324"
2025-09-01 18:39:26 2025-09-02T01:39:26.191Z daemon INFO time="2025-09-01T18:39:26-07:00" level=info msg="Tool required for debug" tool="arduino:openocd@0.11.0-arduino2"
time="2025-09-01T18:39:26-07:00" level=info msg="Tool required for debug" tool="builtin:serial-discovery@1.4.1"
time="2025-09-01T18:39:26-07:00" level=info msg="Tool required for debug" tool="builtin:serial-monitor@0.15.0"
time="2025-09-01T18:39:26-07:00" level=info msg="Tool required for debug" tool="arduino:avr-gcc@7.3.0-atmel3.6.1-arduino7"
time="2025-09-01T18:39:26-07:00" level=info msg="Tool required for debug" tool="builtin:ctags@5.8-arduino11"
time="2025-09-01T18:39:26-07:00" level=info msg="Tool required for debug" tool="arduino:arm-none-eabi-gcc@7-2017q4"
time="2025-09-01T18:39:26-07:00" level=info msg="Tool required for debug" tool="arduino:arduinoOTA@1.3.0"
time="2025-09-01T18:39:26-07:00" level=info msg="Tool required for debug" tool="arduino:avrdude@6.3.0-arduino17"
time="2025-09-01T18:39:26-07:00" level=info msg="Tool required for debug" tool="builtin:mdns-discovery@1.0.9"
time="2025-09-01T18:39:26-07:00" level=info msg="Tool required for debug" tool="arduino:bossac@1.9.1-arduino5"
time="2025-09-01T18:39:26-07:00" level=info msg="Tool required for debug" tool="builtin:dfu-discovery@0.1.2"
2025-09-01 18:39:26 2025-09-02T01:39:26.196Z daemon INFO time="2025-09-01T18:39:26-07:00" level=info msg="Tool required for debug" tool="arduino:dfu-util@0.11.0-arduino5"
time="2025-09-01T18:39:26-07:00" level=info msg="Tool required for debug" tool="esp32:esp-rv32@2411"
time="2025-09-01T18:39:26-07:00" level=info msg="Tool required for debug" tool="esp32:esp-x32@2411"
time="2025-09-01T18:39:26-07:00" level=info msg="Tool required for debug" tool="esp32:esp32-arduino-libs@idf-release_v5.5-b66b5448-v1"
time="2025-09-01T18:39:26-07:00" level=info msg="Tool required for debug" tool="esp32:esptool_py@5.0.0"
time="2025-09-01T18:39:26-07:00" level=info msg="Tool required for debug" tool="esp32:mklittlefs@3.0.0-gnu12-dc7f933"
time="2025-09-01T18:39:26-07:00" level=info msg="Tool required for debug" tool="esp32:mkspiffs@0.2.3"
2025-09-01 18:39:26 2025-09-02T01:39:26.196Z daemon INFO time="2025-09-01T18:39:26-07:00" level=info msg="Tool required for debug" tool="esp32:openocd-esp32@v0.12.0-esp32-20250422"
time="2025-09-01T18:39:26-07:00" level=info msg="Tool required for debug" tool="esp32:riscv32-esp-elf-gdb@16.2_20250324"
time="2025-09-01T18:39:26-07:00" level=info msg="Tool required for debug" tool="esp32:xtensa-esp-elf-gdb@16.2_20250324"
time="2025-09-01T18:39:26-07:00" level=info msg="Tool required for debug" tool="arduino:avrdude@6.3.0-arduino17"
time="2025-09-01T18:39:26-07:00" level=info msg="Tool required for debug" tool="arduino:avr-gcc@7.3.0-atmel3.6.1-arduino7"
time="2025-09-01T18:39:26-07:00" level=info msg="Tool required for debug" tool="arduino:openocd@0.11.0-arduino2"
time="2025-09-01T18:39:26-07:00" level=info msg="Tool required for debug" tool="arduino:bossac@1.9.1-arduino5"
time="2025-09-01T18:39:26-07:00" level=info msg="Tool required for debug" tool="arduino:arduinoOTA@1.3.0"
time="2025-09-01T18:39:26-07:00" level=info msg="Tool required for debug" tool="arduino:arm-none-eabi-gcc@7-2017q4"
time="2025-09-01T18:39:26-07:00" level=info msg="Tool required for debug" tool="builtin:dfu-discovery@0.1.2"
2025-09-01 18:39:26 2025-09-02T01:39:26.196Z daemon INFO time="2025-09-01T18:39:26-07:00" level=info msg="Tool required for debug" tool="builtin:serial-monitor@0.15.0"
time="2025-09-01T18:39:26-07:00" level=info msg="Tool required for debug" tool="builtin:ctags@5.8-arduino11"
time="2025-09-01T18:39:26-07:00" level=info msg="Tool required for debug" tool="builtin:mdns-discovery@1.0.9"
time="2025-09-01T18:39:26-07:00" level=info msg="Tool required for debug" tool="builtin:serial-discovery@1.4.1"
2025-09-01 18:39:26 2025-09-02T01:39:26.198Z root INFO Starting language server: esp32:esp32:esp32s3:UploadSpeed=921600,USBMode=hwcdc,CDCOnBoot=default,MSCOnBoot=default,DFUOnBoot=default,UploadMode=default,CPUFreq=240,FlashMode=qio,FlashSize=16M,PartitionScheme=default,DebugLevel=none,PSRAM=disabled,LoopCore=1,EventsCore=1,EraseFlash=none,JTAGAdapter=default,ZigbeeMode=default
2025-09-01 18:39:26 2025-09-02T01:39:26.202Z daemon INFO time="2025-09-01T18:39:26-07:00" level=info msg="Tool required for debug" tool="arduino:dfu-util@0.11.0-arduino5"
time="2025-09-01T18:39:26-07:00" level=info msg="Tool required for debug" tool="esp32:esp-rv32@2411"
time="2025-09-01T18:39:26-07:00" level=info msg="Tool required for debug" tool="esp32:esp-x32@2411"
time="2025-09-01T18:39:26-07:00" level=info msg="Tool required for debug" tool="esp32:esp32-arduino-libs@idf-release_v5.5-b66b5448-v1"
2025-09-01 18:39:26 2025-09-02T01:39:26.202Z daemon INFO time="2025-09-01T18:39:26-07:00" level=info msg="Tool required for debug" tool="esp32:esptool_py@5.0.0"
time="2025-09-01T18:39:26-07:00" level=info msg="Tool required for debug" tool="esp32:mklittlefs@3.0.0-gnu12-dc7f933"
time="2025-09-01T18:39:26-07:00" level=info msg="Tool required for debug" tool="esp32:mkspiffs@0.2.3"
time="2025-09-01T18:39:26-07:00" level=info msg="Tool required for debug" tool="esp32:openocd-esp32@v0.12.0-esp32-20250422"
time="2025-09-01T18:39:26-07:00" level=info msg="Tool required for debug" tool="esp32:riscv32-esp-elf-gdb@16.2_20250324"
time="2025-09-01T18:39:26-07:00" level=info msg="Tool required for debug" tool="esp32:xtensa-esp-elf-gdb@16.2_20250324"
time="2025-09-01T18:39:26-07:00" level=info msg="Tool required for debug" tool="arduino:arm-none-eabi-gcc@7-2017q4"
time="2025-09-01T18:39:26-07:00" level=info msg="Tool required for debug" tool="arduino:avr-gcc@7.3.0-atmel3.6.1-arduino7"
time="2025-09-01T18:39:26-07:00" level=info msg="Tool required for debug" tool="arduino:avrdude@6.3.0-arduino17"
time="2025-09-01T18:39:26-07:00" level=info msg="Tool required for debug" tool="arduino:bossac@1.9.1-arduino5"
time="2025-09-01T18:39:26-07:00" level=info msg="Tool required for debug" tool="builtin:serial-discovery@1.4.1"
time="2025-09-01T18:39:26-07:00" level=info msg="Tool required for debug" tool="builtin:ctags@5.8-arduino11"
2025-09-01 18:39:26 2025-09-02T01:39:26.202Z daemon INFO time="2025-09-01T18:39:26-07:00" level=info msg="Tool required for debug" tool="builtin:mdns-discovery@1.0.9"
time="2025-09-01T18:39:26-07:00" level=info msg="Tool required for debug" tool="builtin:serial-monitor@0.15.0"
time="2025-09-01T18:39:26-07:00" level=info msg="Tool required for debug" tool="arduino:openocd@0.11.0-arduino2"
time="2025-09-01T18:39:26-07:00" level=info msg="Tool required for debug" tool="arduino:arduinoOTA@1.3.0"
time="2025-09-01T18:39:26-07:00" level=info msg="Tool required for debug" tool="builtin:dfu-discovery@0.1.2"
2025-09-01 18:39:26 2025-09-02T01:39:26.207Z daemon INFO time="2025-09-01T18:39:26-07:00" level=info msg="Tool required for debug" tool="arduino:dfu-util@0.11.0-arduino5"
time="2025-09-01T18:39:26-07:00" level=info msg="Tool required for debug" tool="esp32:esp-rv32@2411"
time="2025-09-01T18:39:26-07:00" level=info msg="Tool required for debug" tool="esp32:esp-x32@2411"
time="2025-09-01T18:39:26-07:00" level=info msg="Tool required for debug" tool="esp32:esp32-arduino-libs@idf-release_v5.5-b66b5448-v1"
time="2025-09-01T18:39:26-07:00" level=info msg="Tool required for debug" tool="esp32:esptool_py@5.0.0"
time="2025-09-01T18:39:26-07:00" level=info msg="Tool required for debug" tool="esp32:mklittlefs@3.0.0-gnu12-dc7f933"
time="2025-09-01T18:39:26-07:00" level=info msg="Tool required for debug" tool="esp32:mkspiffs@0.2.3"
2025-09-01 18:39:26 2025-09-02T01:39:26.207Z daemon INFO time="2025-09-01T18:39:26-07:00" level=info msg="Tool required for debug" tool="esp32:openocd-esp32@v0.12.0-esp32-20250422"
time="2025-09-01T18:39:26-07:00" level=info msg="Tool required for debug" tool="esp32:riscv32-esp-elf-gdb@16.2_20250324"
time="2025-09-01T18:39:26-07:00" level=info msg="Tool required for debug" tool="esp32:xtensa-esp-elf-gdb@16.2_20250324"
time="2025-09-01T18:39:26-07:00" level=info msg="Tool required for debug" tool="builtin:ctags@5.8-arduino11"
time="2025-09-01T18:39:26-07:00" level=info msg="Tool required for debug" tool="builtin:mdns-discovery@1.0.9"
time="2025-09-01T18:39:26-07:00" level=info msg="Tool required for debug" tool="arduino:arduinoOTA@1.3.0"
time="2025-09-01T18:39:26-07:00" level=info msg="Tool required for debug" tool="arduino:arm-none-eabi-gcc@7-2017q4"
time="2025-09-01T18:39:26-07:00" level=info msg="Tool required for debug" tool="builtin:dfu-discovery@0.1.2"
time="2025-09-01T18:39:26-07:00" level=info msg="Tool required for debug" tool="builtin:serial-discovery@1.4.1"
time="2025-09-01T18:39:26-07:00" level=info msg="Tool required for debug" tool="arduino:avr-gcc@7.3.0-atmel3.6.1-arduino7"
2025-09-01 18:39:26 2025-09-02T01:39:26.207Z daemon INFO time="2025-09-01T18:39:26-07:00" level=info msg="Tool required for debug" tool="builtin:serial-monitor@0.15.0"
time="2025-09-01T18:39:26-07:00" level=info msg="Tool required for debug" tool="arduino:avrdude@6.3.0-arduino17"
time="2025-09-01T18:39:26-07:00" level=info msg="Tool required for debug" tool="arduino:openocd@0.11.0-arduino2"
time="2025-09-01T18:39:26-07:00" level=info msg="Tool required for debug" tool="arduino:bossac@1.9.1-arduino5"
2025-09-01 18:39:46 2025-09-02T01:39:46.296Z root INFO Failed to start language server. Original FQBN: esp32:esp32:esp32s3 Error: Timeout after 20000 ms.
    at file:///nix/store/2d5i1bzbqbnl4rgnhk8czrw5zmqqjdzv-arduino-ide-2.3.6-extracted/resources/app/lib/frontend/bundle.js:2:11010057
2025-09-01 18:40:00 2025-09-02T01:40:00.784Z daemon INFO time="2025-09-01T18:40:00-07:00" level=info msg="Tool required for debug" tool="arduino:dfu-util@0.11.0-arduino5"
time="2025-09-01T18:40:00-07:00" level=info msg="Tool required for debug" tool="esp32:esp-rv32@2411"
time="2025-09-01T18:40:00-07:00" level=info msg="Tool required for debug" tool="esp32:esp-x32@2411"
time="2025-09-01T18:40:00-07:00" level=info msg="Tool required for debug" tool="esp32:esp32-arduino-libs@idf-release_v5.5-b66b5448-v1"
time="2025-09-01T18:40:00-07:00" level=info msg="Tool required for debug" tool="esp32:esptool_py@5.0.0"
2025-09-01 18:40:00 2025-09-02T01:40:00.784Z daemon INFO time="2025-09-01T18:40:00-07:00" level=info msg="Tool required for debug" tool="esp32:mklittlefs@3.0.0-gnu12-dc7f933"
time="2025-09-01T18:40:00-07:00" level=info msg="Tool required for debug" tool="esp32:mkspiffs@0.2.3"
time="2025-09-01T18:40:00-07:00" level=info msg="Tool required for debug" tool="esp32:openocd-esp32@v0.12.0-esp32-20250422"
time="2025-09-01T18:40:00-07:00" level=info msg="Tool required for debug" tool="esp32:riscv32-esp-elf-gdb@16.2_20250324"
time="2025-09-01T18:40:00-07:00" level=info msg="Tool required for debug" tool="esp32:xtensa-esp-elf-gdb@16.2_20250324"
time="2025-09-01T18:40:00-07:00" level=info msg="Tool required for debug" tool="builtin:dfu-discovery@0.1.2"
time="2025-09-01T18:40:00-07:00" level=info msg="Tool required for debug" tool="builtin:mdns-discovery@1.0.9"
2025-09-01 18:40:00 2025-09-02T01:40:00.786Z daemon INFO time="2025-09-01T18:40:00-07:00" level=info msg="Tool required for debug" tool="builtin:serial-monitor@0.15.0"
time="2025-09-01T18:40:00-07:00" level=info msg="Tool required for debug" tool="arduino:avr-gcc@7.3.0-atmel3.6.1-arduino7"
time="2025-09-01T18:40:00-07:00" level=info msg="Tool required for debug" tool="builtin:serial-discovery@1.4.1"
time="2025-09-01T18:40:00-07:00" level=info msg="Tool required for debug" tool="arduino:arduinoOTA@1.3.0"
time="2025-09-01T18:40:00-07:00" level=info msg="Tool required for debug" tool="arduino:arm-none-eabi-gcc@7-2017q4"
time="2025-09-01T18:40:00-07:00" level=info msg="Tool required for debug" tool="arduino:bossac@1.9.1-arduino5"
time="2025-09-01T18:40:00-07:00" level=info msg="Tool required for debug" tool="builtin:ctags@5.8-arduino11"
time="2025-09-01T18:40:00-07:00" level=info msg="Tool required for debug" tool="arduino:avrdude@6.3.0-arduino17"
time="2025-09-01T18:40:00-07:00" level=info msg="Tool required for debug" tool="arduino:openocd@0.11.0-arduino2"
2025-09-01 18:40:00 2025-09-02T01:40:00.798Z daemon INFO time="2025-09-01T18:40:00-07:00" level=info msg="Tool required for debug" tool="arduino:dfu-util@0.11.0-arduino5"
time="2025-09-01T18:40:00-07:00" level=info msg="Tool required for debug" tool="esp32:esp-rv32@2411"
time="2025-09-01T18:40:00-07:00" level=info msg="Tool required for debug" tool="esp32:esp-x32@2411"
time="2025-09-01T18:40:00-07:00" level=info msg="Tool required for debug" tool="esp32:esp32-arduino-libs@idf-release_v5.5-b66b5448-v1"
time="2025-09-01T18:40:00-07:00" level=info msg="Tool required for debug" tool="esp32:esptool_py@5.0.0"
time="2025-09-01T18:40:00-07:00" level=info msg="Tool required for debug" tool="esp32:mklittlefs@3.0.0-gnu12-dc7f933"
time="2025-09-01T18:40:00-07:00" level=info msg="Tool required for debug" tool="esp32:mkspiffs@0.2.3"
time="2025-09-01T18:40:00-07:00" level=info msg="Tool required for debug" tool="esp32:openocd-esp32@v0.12.0-esp32-20250422"
time="2025-09-01T18:40:00-07:00" level=info msg="Tool required for debug" tool="esp32:riscv32-esp-elf-gdb@16.2_20250324"
time="2025-09-01T18:40:00-07:00" level=info msg="Tool required for debug" tool="esp32:xtensa-esp-elf-gdb@16.2_20250324"
time="2025-09-01T18:40:00-07:00" level=info msg="Tool required for debug" tool="arduino:openocd@0.11.0-arduino2"
time="2025-09-01T18:40:00-07:00" level=info msg="Tool required for debug" tool="arduino:arduinoOTA@1.3.0"
time="2025-09-01T18:40:00-07:00" level=info msg="Tool required for debug" tool="arduino:bossac@1.9.1-arduino5"
time="2025-09-01T18:40:00-07:00" level=info msg="Tool required for debug" tool="builtin:ctags@5.8-arduino11"
time="2025-09-01T18:40:00-07:00" level=info msg="Tool required for debug" tool="arduino:avrdude@6.3.0-arduino17"
time="2025-09-01T18:40:00-07:00" level=info msg="Tool required for debug" tool="arduino:arm-none-eabi-gcc@7-2017q4"
time="2025-09-01T18:40:00-07:00" level=info msg="Tool required for debug" tool="builtin:dfu-discovery@0.1.2"
time="2025-09-01T18:40:00-07:00" level=info msg="Tool required for debug" tool="arduino:avr-gcc@7.3.0-atmel3.6.1-arduino7"
time="2025-09-01T18:40:00-07:00" level=info msg="Tool required for debug" tool="builtin:mdns-discovery@1.0.9"
time="2025-09-01T18:40:00-07:00" level=info msg="Tool required for debug" tool="builtin:serial-discovery@1.4.1"
time="2025-09-01T18:40:00-07:00" level=info msg="Tool required for debug" tool="builtin:serial-monitor@0.15.0"
2025-09-01 18:40:00 2025-09-02T01:40:00.804Z daemon INFO time="2025-09-01T18:40:00-07:00" level=info msg="Tool required for debug" tool="arduino:dfu-util@0.11.0-arduino5"
time="2025-09-01T18:40:00-07:00" level=info msg="Tool required for debug" tool="esp32:esp-rv32@2411"
time="2025-09-01T18:40:00-07:00" level=info msg="Tool required for debug" tool="esp32:esp-x32@2411"
time="2025-09-01T18:40:00-07:00" level=info msg="Tool required for debug" tool="esp32:esp32-arduino-libs@idf-release_v5.5-b66b5448-v1"
time="2025-09-01T18:40:00-07:00" level=info msg="Tool required for debug" tool="esp32:esptool_py@5.0.0"
2025-09-01 18:40:00 2025-09-02T01:40:00.805Z daemon INFO time="2025-09-01T18:40:00-07:00" level=info msg="Tool required for debug" tool="esp32:mklittlefs@3.0.0-gnu12-dc7f933"
time="2025-09-01T18:40:00-07:00" level=info msg="Tool required for debug" tool="esp32:mkspiffs@0.2.3"
time="2025-09-01T18:40:00-07:00" level=info msg="Tool required for debug" tool="esp32:openocd-esp32@v0.12.0-esp32-20250422"
time="2025-09-01T18:40:00-07:00" level=info msg="Tool required for debug" tool="esp32:riscv32-esp-elf-gdb@16.2_20250324"
time="2025-09-01T18:40:00-07:00" level=info msg="Tool required for debug" tool="esp32:xtensa-esp-elf-gdb@16.2_20250324"
time="2025-09-01T18:40:00-07:00" level=info msg="Tool required for debug" tool="arduino:arm-none-eabi-gcc@7-2017q4"
time="2025-09-01T18:40:00-07:00" level=info msg="Tool required for debug" tool="arduino:arduinoOTA@1.3.0"
time="2025-09-01T18:40:00-07:00" level=info msg="Tool required for debug" tool="builtin:dfu-discovery@0.1.2"
2025-09-01 18:40:00 2025-09-02T01:40:00.805Z daemon INFO time="2025-09-01T18:40:00-07:00" level=info msg="Tool required for debug" tool="arduino:avrdude@6.3.0-arduino17"
time="2025-09-01T18:40:00-07:00" level=info msg="Tool required for debug" tool="arduino:openocd@0.11.0-arduino2"
time="2025-09-01T18:40:00-07:00" level=info msg="Tool required for debug" tool="builtin:mdns-discovery@1.0.9"
time="2025-09-01T18:40:00-07:00" level=info msg="Tool required for debug" tool="arduino:bossac@1.9.1-arduino5"
2025-09-01 18:40:00 2025-09-02T01:40:00.805Z daemon INFO time="2025-09-01T18:40:00-07:00" level=info msg="Tool required for debug" tool="builtin:ctags@5.8-arduino11"
time="2025-09-01T18:40:00-07:00" level=info msg="Tool required for debug" tool="arduino:avr-gcc@7.3.0-atmel3.6.1-arduino7"
time="2025-09-01T18:40:00-07:00" level=info msg="Tool required for debug" tool="builtin:serial-discovery@1.4.1"
time="2025-09-01T18:40:00-07:00" level=info msg="Tool required for debug" tool="builtin:serial-monitor@0.15.0"
2025-09-01 18:40:00 2025-09-02T01:40:00.811Z daemon INFO time="2025-09-01T18:40:00-07:00" level=info msg="Tool required for debug" tool="arduino:dfu-util@0.11.0-arduino5"
time="2025-09-01T18:40:00-07:00" level=info msg="Tool required for debug" tool="esp32:esp-rv32@2411"
time="2025-09-01T18:40:00-07:00" level=info msg="Tool required for debug" tool="esp32:esp-x32@2411"
2025-09-01 18:40:00 2025-09-02T01:40:00.811Z daemon INFO time="2025-09-01T18:40:00-07:00" level=info msg="Tool required for debug" tool="esp32:esp32-arduino-libs@idf-release_v5.5-b66b5448-v1"
time="2025-09-01T18:40:00-07:00" level=info msg="Tool required for debug" tool="esp32:esptool_py@5.0.0"
time="2025-09-01T18:40:00-07:00" level=info msg="Tool required for debug" tool="esp32:mklittlefs@3.0.0-gnu12-dc7f933"
time="2025-09-01T18:40:00-07:00" level=info msg="Tool required for debug" tool="esp32:mkspiffs@0.2.3"
time="2025-09-01T18:40:00-07:00" level=info msg="Tool required for debug" tool="esp32:openocd-esp32@v0.12.0-esp32-20250422"
time="2025-09-01T18:40:00-07:00" level=info msg="Tool required for debug" tool="esp32:riscv32-esp-elf-gdb@16.2_20250324"
time="2025-09-01T18:40:00-07:00" level=info msg="Tool required for debug" tool="esp32:xtensa-esp-elf-gdb@16.2_20250324"
time="2025-09-01T18:40:00-07:00" level=info msg="Tool required for debug" tool="builtin:mdns-discovery@1.0.9"
time="2025-09-01T18:40:00-07:00" level=info msg="Tool required for debug" tool="arduino:arduinoOTA@1.3.0"
time="2025-09-01T18:40:00-07:00" level=info msg="Tool required for debug" tool="arduino:arm-none-eabi-gcc@7-2017q4"
2025-09-01 18:40:00 2025-09-02T01:40:00.811Z daemon INFO time="2025-09-01T18:40:00-07:00" level=info msg="Tool required for debug" tool="builtin:ctags@5.8-arduino11"
time="2025-09-01T18:40:00-07:00" level=info msg="Tool required for debug" tool="builtin:serial-discovery@1.4.1"
time="2025-09-01T18:40:00-07:00" level=info msg="Tool required for debug" tool="builtin:serial-monitor@0.15.0"
time="2025-09-01T18:40:00-07:00" level=info msg="Tool required for debug" tool="arduino:avr-gcc@7.3.0-atmel3.6.1-arduino7"
time="2025-09-01T18:40:00-07:00" level=info msg="Tool required for debug" tool="arduino:bossac@1.9.1-arduino5"
time="2025-09-01T18:40:00-07:00" level=info msg="Tool required for debug" tool="arduino:openocd@0.11.0-arduino2"
2025-09-01 18:40:00 2025-09-02T01:40:00.811Z daemon INFO time="2025-09-01T18:40:00-07:00" level=info msg="Tool required for debug" tool="builtin:dfu-discovery@0.1.2"
time="2025-09-01T18:40:00-07:00" level=info msg="Tool required for debug" tool="arduino:avrdude@6.3.0-arduino17"
2025-09-01 18:40:00 2025-09-02T01:40:00.817Z daemon INFO time="2025-09-01T18:40:00-07:00" level=info msg="Tool required for debug" tool="arduino:dfu-util@0.11.0-arduino5"
time="2025-09-01T18:40:00-07:00" level=info msg="Tool required for debug" tool="esp32:esp-rv32@2411"
time="2025-09-01T18:40:00-07:00" level=info msg="Tool required for debug" tool="esp32:esp-x32@2411"
time="2025-09-01T18:40:00-07:00" level=info msg="Tool required for debug" tool="esp32:esp32-arduino-libs@idf-release_v5.5-b66b5448-v1"
time="2025-09-01T18:40:00-07:00" level=info msg="Tool required for debug" tool="esp32:esptool_py@5.0.0"
time="2025-09-01T18:40:00-07:00" level=info msg="Tool required for debug" tool="esp32:mklittlefs@3.0.0-gnu12-dc7f933"
2025-09-01 18:40:00 2025-09-02T01:40:00.817Z daemon INFO time="2025-09-01T18:40:00-07:00" level=info msg="Tool required for debug" tool="esp32:mkspiffs@0.2.3"
time="2025-09-01T18:40:00-07:00" level=info msg="Tool required for debug" tool="esp32:openocd-esp32@v0.12.0-esp32-20250422"
time="2025-09-01T18:40:00-07:00" level=info msg="Tool required for debug" tool="esp32:riscv32-esp-elf-gdb@16.2_20250324"
time="2025-09-01T18:40:00-07:00" level=info msg="Tool required for debug" tool="esp32:xtensa-esp-elf-gdb@16.2_20250324"
time="2025-09-01T18:40:00-07:00" level=info msg="Tool required for debug" tool="arduino:avrdude@6.3.0-arduino17"
time="2025-09-01T18:40:00-07:00" level=info msg="Tool required for debug" tool="builtin:mdns-discovery@1.0.9"
time="2025-09-01T18:40:00-07:00" level=info msg="Tool required for debug" tool="arduino:openocd@0.11.0-arduino2"
time="2025-09-01T18:40:00-07:00" level=info msg="Tool required for debug" tool="arduino:arduinoOTA@1.3.0"
time="2025-09-01T18:40:00-07:00" level=info msg="Tool required for debug" tool="builtin:dfu-discovery@0.1.2"
time="2025-09-01T18:40:00-07:00" level=info msg="Tool required for debug" tool="arduino:arm-none-eabi-gcc@7-2017q4"
time="2025-09-01T18:40:00-07:00" level=info msg="Tool required for debug" tool="builtin:serial-monitor@0.15.0"
2025-09-01 18:40:00 2025-09-02T01:40:00.817Z daemon INFO time="2025-09-01T18:40:00-07:00" level=info msg="Tool required for debug" tool="arduino:avr-gcc@7.3.0-atmel3.6.1-arduino7"
time="2025-09-01T18:40:00-07:00" level=info msg="Tool required for debug" tool="arduino:bossac@1.9.1-arduino5"
time="2025-09-01T18:40:00-07:00" level=info msg="Tool required for debug" tool="builtin:ctags@5.8-arduino11"
time="2025-09-01T18:40:00-07:00" level=info msg="Tool required for debug" tool="builtin:serial-discovery@1.4.1"
2025-09-01 18:40:00 2025-09-02T01:40:00.822Z daemon INFO time="2025-09-01T18:40:00-07:00" level=info msg="Tool required for debug" tool="arduino:dfu-util@0.11.0-arduino5"
time="2025-09-01T18:40:00-07:00" level=info msg="Tool required for debug" tool="esp32:esp-rv32@2411"
time="2025-09-01T18:40:00-07:00" level=info msg="Tool required for debug" tool="esp32:esp-x32@2411"
time="2025-09-01T18:40:00-07:00" level=info msg="Tool required for debug" tool="esp32:esp32-arduino-libs@idf-release_v5.5-b66b5448-v1"
time="2025-09-01T18:40:00-07:00" level=info msg="Tool required for debug" tool="esp32:esptool_py@5.0.0"
time="2025-09-01T18:40:00-07:00" level=info msg="Tool required for debug" tool="esp32:mklittlefs@3.0.0-gnu12-dc7f933"
time="2025-09-01T18:40:00-07:00" level=info msg="Tool required for debug" tool="esp32:mkspiffs@0.2.3"
2025-09-01 18:40:00 2025-09-02T01:40:00.822Z daemon INFO time="2025-09-01T18:40:00-07:00" level=info msg="Tool required for debug" tool="esp32:openocd-esp32@v0.12.0-esp32-20250422"
time="2025-09-01T18:40:00-07:00" level=info msg="Tool required for debug" tool="esp32:riscv32-esp-elf-gdb@16.2_20250324"
time="2025-09-01T18:40:00-07:00" level=info msg="Tool required for debug" tool="esp32:xtensa-esp-elf-gdb@16.2_20250324"
time="2025-09-01T18:40:00-07:00" level=info msg="Tool required for debug" tool="arduino:arm-none-eabi-gcc@7-2017q4"
time="2025-09-01T18:40:00-07:00" level=info msg="Tool required for debug" tool="builtin:mdns-discovery@1.0.9"
time="2025-09-01T18:40:00-07:00" level=info msg="Tool required for debug" tool="builtin:dfu-discovery@0.1.2"
time="2025-09-01T18:40:00-07:00" level=info msg="Tool required for debug" tool="arduino:avrdude@6.3.0-arduino17"
time="2025-09-01T18:40:00-07:00" level=info msg="Tool required for debug" tool="arduino:openocd@0.11.0-arduino2"
time="2025-09-01T18:40:00-07:00" level=info msg="Tool required for debug" tool="arduino:avr-gcc@7.3.0-atmel3.6.1-arduino7"
time="2025-09-01T18:40:00-07:00" level=info msg="Tool required for debug" tool="builtin:ctags@5.8-arduino11"
time="2025-09-01T18:40:00-07:00" level=info msg="Tool required for debug" tool="arduino:arduinoOTA@1.3.0"
2025-09-01 18:40:00 2025-09-02T01:40:00.822Z daemon INFO time="2025-09-01T18:40:00-07:00" level=info msg="Tool required for debug" tool="arduino:bossac@1.9.1-arduino5"
time="2025-09-01T18:40:00-07:00" level=info msg="Tool required for debug" tool="builtin:serial-discovery@1.4.1"
time="2025-09-01T18:40:00-07:00" level=info msg="Tool required for debug" tool="builtin:serial-monitor@0.15.0"
2025-09-01 18:40:00 2025-09-02T01:40:00.826Z daemon INFO time="2025-09-01T18:40:00-07:00" level=info msg="Tool required for debug" tool="arduino:dfu-util@0.11.0-arduino5"
time="2025-09-01T18:40:00-07:00" level=info msg="Tool required for debug" tool="esp32:esp-rv32@2411"
time="2025-09-01T18:40:00-07:00" level=info msg="Tool required for debug" tool="esp32:esp-x32@2411"
time="2025-09-01T18:40:00-07:00" level=info msg="Tool required for debug" tool="esp32:esp32-arduino-libs@idf-release_v5.5-b66b5448-v1"
time="2025-09-01T18:40:00-07:00" level=info msg="Tool required for debug" tool="esp32:esptool_py@5.0.0"
time="2025-09-01T18:40:00-07:00" level=info msg="Tool required for debug" tool="esp32:mklittlefs@3.0.0-gnu12-dc7f933"
time="2025-09-01T18:40:00-07:00" level=info msg="Tool required for debug" tool="esp32:mkspiffs@0.2.3"
2025-09-01 18:40:00 2025-09-02T01:40:00.827Z daemon INFO time="2025-09-01T18:40:00-07:00" level=info msg="Tool required for debug" tool="esp32:openocd-esp32@v0.12.0-esp32-20250422"
time="2025-09-01T18:40:00-07:00" level=info msg="Tool required for debug" tool="esp32:riscv32-esp-elf-gdb@16.2_20250324"
time="2025-09-01T18:40:00-07:00" level=info msg="Tool required for debug" tool="esp32:xtensa-esp-elf-gdb@16.2_20250324"
time="2025-09-01T18:40:00-07:00" level=info msg="Tool required for debug" tool="arduino:openocd@0.11.0-arduino2"
time="2025-09-01T18:40:00-07:00" level=info msg="Tool required for debug" tool="arduino:arduinoOTA@1.3.0"
time="2025-09-01T18:40:00-07:00" level=info msg="Tool required for debug" tool="builtin:ctags@5.8-arduino11"
time="2025-09-01T18:40:00-07:00" level=info msg="Tool required for debug" tool="builtin:mdns-discovery@1.0.9"
time="2025-09-01T18:40:00-07:00" level=info msg="Tool required for debug" tool="builtin:serial-discovery@1.4.1"
time="2025-09-01T18:40:00-07:00" level=info msg="Tool required for debug" tool="arduino:arm-none-eabi-gcc@7-2017q4"
time="2025-09-01T18:40:00-07:00" level=info msg="Tool required for debug" tool="builtin:serial-monitor@0.15.0"
2025-09-01 18:40:00 2025-09-02T01:40:00.827Z daemon INFO time="2025-09-01T18:40:00-07:00" level=info msg="Tool required for debug" tool="arduino:avrdude@6.3.0-arduino17"
time="2025-09-01T18:40:00-07:00" level=info msg="Tool required for debug" tool="arduino:avr-gcc@7.3.0-atmel3.6.1-arduino7"
time="2025-09-01T18:40:00-07:00" level=info msg="Tool required for debug" tool="builtin:dfu-discovery@0.1.2"
time="2025-09-01T18:40:00-07:00" level=info msg="Tool required for debug" tool="arduino:bossac@1.9.1-arduino5"
2025-09-01 18:40:00 2025-09-02T01:40:00.831Z daemon INFO time="2025-09-01T18:40:00-07:00" level=info msg="Tool required for debug" tool="arduino:dfu-util@0.11.0-arduino5"
time="2025-09-01T18:40:00-07:00" level=info msg="Tool required for debug" tool="esp32:esp-rv32@2411"
time="2025-09-01T18:40:00-07:00" level=info msg="Tool required for debug" tool="esp32:esp-x32@2411"
time="2025-09-01T18:40:00-07:00" level=info msg="Tool required for debug" tool="esp32:esp32-arduino-libs@idf-release_v5.5-b66b5448-v1"
time="2025-09-01T18:40:00-07:00" level=info msg="Tool required for debug" tool="esp32:esptool_py@5.0.0"
time="2025-09-01T18:40:00-07:00" level=info msg="Tool required for debug" tool="esp32:mklittlefs@3.0.0-gnu12-dc7f933"
time="2025-09-01T18:40:00-07:00" level=info msg="Tool required for debug" tool="esp32:mkspiffs@0.2.3"
time="2025-09-01T18:40:00-07:00" level=info msg="Tool required for debug" tool="esp32:openocd-esp32@v0.12.0-esp32-20250422"
2025-09-01 18:40:00 2025-09-02T01:40:00.831Z daemon INFO time="2025-09-01T18:40:00-07:00" level=info msg="Tool required for debug" tool="esp32:riscv32-esp-elf-gdb@16.2_20250324"
time="2025-09-01T18:40:00-07:00" level=info msg="Tool required for debug" tool="esp32:xtensa-esp-elf-gdb@16.2_20250324"
time="2025-09-01T18:40:00-07:00" level=info msg="Tool required for debug" tool="builtin:serial-discovery@1.4.1"
time="2025-09-01T18:40:00-07:00" level=info msg="Tool required for debug" tool="builtin:dfu-discovery@0.1.2"
time="2025-09-01T18:40:00-07:00" level=info msg="Tool required for debug" tool="arduino:bossac@1.9.1-arduino5"
time="2025-09-01T18:40:00-07:00" level=info msg="Tool required for debug" tool="arduino:arm-none-eabi-gcc@7-2017q4"
time="2025-09-01T18:40:00-07:00" level=info msg="Tool required for debug" tool="builtin:serial-monitor@0.15.0"
time="2025-09-01T18:40:00-07:00" level=info msg="Tool required for debug" tool="builtin:ctags@5.8-arduino11"
time="2025-09-01T18:40:00-07:00" level=info msg="Tool required for debug" tool="arduino:avr-gcc@7.3.0-atmel3.6.1-arduino7"
time="2025-09-01T18:40:00-07:00" level=info msg="Tool required for debug" tool="builtin:mdns-discovery@1.0.9"
2025-09-01 18:40:00 2025-09-02T01:40:00.831Z daemon INFO time="2025-09-01T18:40:00-07:00" level=info msg="Tool required for debug" tool="arduino:arduinoOTA@1.3.0"
time="2025-09-01T18:40:00-07:00" level=info msg="Tool required for debug" tool="arduino:avrdude@6.3.0-arduino17"
time="2025-09-01T18:40:00-07:00" level=info msg="Tool required for debug" tool="arduino:openocd@0.11.0-arduino2"
2025-09-01 18:40:00 2025-09-02T01:40:00.835Z daemon INFO time="2025-09-01T18:40:00-07:00" level=info msg="Tool required for debug" tool="arduino:dfu-util@0.11.0-arduino5"
time="2025-09-01T18:40:00-07:00" level=info msg="Tool required for debug" tool="esp32:esp-rv32@2411"
time="2025-09-01T18:40:00-07:00" level=info msg="Tool required for debug" tool="esp32:esp-x32@2411"
time="2025-09-01T18:40:00-07:00" level=info msg="Tool required for debug" tool="esp32:esp32-arduino-libs@idf-release_v5.5-b66b5448-v1"
time="2025-09-01T18:40:00-07:00" level=info msg="Tool required for debug" tool="esp32:esptool_py@5.0.0"
time="2025-09-01T18:40:00-07:00" level=info msg="Tool required for debug" tool="esp32:mklittlefs@3.0.0-gnu12-dc7f933"
time="2025-09-01T18:40:00-07:00" level=info msg="Tool required for debug" tool="esp32:mkspiffs@0.2.3"
time="2025-09-01T18:40:00-07:00" level=info msg="Tool required for debug" tool="esp32:openocd-esp32@v0.12.0-esp32-20250422"
2025-09-01 18:40:00 2025-09-02T01:40:00.835Z daemon INFO time="2025-09-01T18:40:00-07:00" level=info msg="Tool required for debug" tool="esp32:riscv32-esp-elf-gdb@16.2_20250324"
time="2025-09-01T18:40:00-07:00" level=info msg="Tool required for debug" tool="esp32:xtensa-esp-elf-gdb@16.2_20250324"
time="2025-09-01T18:40:00-07:00" level=info msg="Tool required for debug" tool="builtin:mdns-discovery@1.0.9"
time="2025-09-01T18:40:00-07:00" level=info msg="Tool required for debug" tool="arduino:avr-gcc@7.3.0-atmel3.6.1-arduino7"
time="2025-09-01T18:40:00-07:00" level=info msg="Tool required for debug" tool="arduino:avrdude@6.3.0-arduino17"
time="2025-09-01T18:40:00-07:00" level=info msg="Tool required for debug" tool="builtin:serial-discovery@1.4.1"
time="2025-09-01T18:40:00-07:00" level=info msg="Tool required for debug" tool="arduino:openocd@0.11.0-arduino2"
time="2025-09-01T18:40:00-07:00" level=info msg="Tool required for debug" tool="arduino:bossac@1.9.1-arduino5"
time="2025-09-01T18:40:00-07:00" level=info msg="Tool required for debug" tool="arduino:arduinoOTA@1.3.0"
time="2025-09-01T18:40:00-07:00" level=info msg="Tool required for debug" tool="builtin:dfu-discovery@0.1.2"
time="2025-09-01T18:40:00-07:00" level=info msg="Tool required for debug" tool="builtin:serial-monitor@0.15.0"
time="2025-09-01T18:40:00-07:00" level=info msg="Tool required for debug" tool="arduino:arm-none-eabi-gcc@7-2017q4"
time="2025-09-01T18:40:00-07:00" level=info msg="Tool required for debug" tool="builtin:ctags@5.8-arduino11"
2025-09-01 18:40:00 2025-09-02T01:40:00.839Z daemon INFO time="2025-09-01T18:40:00-07:00" level=info msg="Tool required for debug" tool="arduino:dfu-util@0.11.0-arduino5"
time="2025-09-01T18:40:00-07:00" level=info msg="Tool required for debug" tool="esp32:esp-rv32@2411"
time="2025-09-01T18:40:00-07:00" level=info msg="Tool required for debug" tool="esp32:esp-x32@2411"
time="2025-09-01T18:40:00-07:00" level=info msg="Tool required for debug" tool="esp32:esp32-arduino-libs@idf-release_v5.5-b66b5448-v1"
time="2025-09-01T18:40:00-07:00" level=info msg="Tool required for debug" tool="esp32:esptool_py@5.0.0"
time="2025-09-01T18:40:00-07:00" level=info msg="Tool required for debug" tool="esp32:mklittlefs@3.0.0-gnu12-dc7f933"
time="2025-09-01T18:40:00-07:00" level=info msg="Tool required for debug" tool="esp32:mkspiffs@0.2.3"
time="2025-09-01T18:40:00-07:00" level=info msg="Tool required for debug" tool="esp32:openocd-esp32@v0.12.0-esp32-20250422"
2025-09-01 18:40:00 2025-09-02T01:40:00.839Z daemon INFO time="2025-09-01T18:40:00-07:00" level=info msg="Tool required for debug" tool="esp32:riscv32-esp-elf-gdb@16.2_20250324"
time="2025-09-01T18:40:00-07:00" level=info msg="Tool required for debug" tool="esp32:xtensa-esp-elf-gdb@16.2_20250324"
time="2025-09-01T18:40:00-07:00" level=info msg="Tool required for debug" tool="builtin:serial-monitor@0.15.0"
time="2025-09-01T18:40:00-07:00" level=info msg="Tool required for debug" tool="arduino:arm-none-eabi-gcc@7-2017q4"
time="2025-09-01T18:40:00-07:00" level=info msg="Tool required for debug" tool="arduino:avr-gcc@7.3.0-atmel3.6.1-arduino7"
time="2025-09-01T18:40:00-07:00" level=info msg="Tool required for debug" tool="arduino:openocd@0.11.0-arduino2"
time="2025-09-01T18:40:00-07:00" level=info msg="Tool required for debug" tool="arduino:bossac@1.9.1-arduino5"
time="2025-09-01T18:40:00-07:00" level=info msg="Tool required for debug" tool="builtin:ctags@5.8-arduino11"
time="2025-09-01T18:40:00-07:00" level=info msg="Tool required for debug" tool="builtin:serial-discovery@1.4.1"
time="2025-09-01T18:40:00-07:00" level=info msg="Tool required for debug" tool="builtin:mdns-discovery@1.0.9"
time="2025-09-01T18:40:00-07:00" level=info msg="Tool required for debug" tool="arduino:arduinoOTA@1.3.0"
time="2025-09-01T18:40:00-07:00" level=info msg="Tool required for debug" tool="arduino:avrdude@6.3.0-arduino17"
time="2025-09-01T18:40:00-07:00" level=info msg="Tool required for debug" tool="builtin:dfu-discovery@0.1.2"
2025-09-01 18:40:00 2025-09-02T01:40:00.843Z daemon INFO time="2025-09-01T18:40:00-07:00" level=info msg="Tool required for debug" tool="arduino:dfu-util@0.11.0-arduino5"
time="2025-09-01T18:40:00-07:00" level=info msg="Tool required for debug" tool="esp32:esp-rv32@2411"
time="2025-09-01T18:40:00-07:00" level=info msg="Tool required for debug" tool="esp32:esp-x32@2411"
time="2025-09-01T18:40:00-07:00" level=info msg="Tool required for debug" tool="esp32:esp32-arduino-libs@idf-release_v5.5-b66b5448-v1"
time="2025-09-01T18:40:00-07:00" level=info msg="Tool required for debug" tool="esp32:esptool_py@5.0.0"
2025-09-01 18:40:00 2025-09-02T01:40:00.843Z daemon INFO time="2025-09-01T18:40:00-07:00" level=info msg="Tool required for debug" tool="esp32:mklittlefs@3.0.0-gnu12-dc7f933"
time="2025-09-01T18:40:00-07:00" level=info msg="Tool required for debug" tool="esp32:mkspiffs@0.2.3"
time="2025-09-01T18:40:00-07:00" level=info msg="Tool required for debug" tool="esp32:openocd-esp32@v0.12.0-esp32-20250422"
time="2025-09-01T18:40:00-07:00" level=info msg="Tool required for debug" tool="esp32:riscv32-esp-elf-gdb@16.2_20250324"
time="2025-09-01T18:40:00-07:00" level=info msg="Tool required for debug" tool="esp32:xtensa-esp-elf-gdb@16.2_20250324"
time="2025-09-01T18:40:00-07:00" level=info msg="Tool required for debug" tool="arduino:bossac@1.9.1-arduino5"
time="2025-09-01T18:40:00-07:00" level=info msg="Tool required for debug" tool="builtin:ctags@5.8-arduino11"
time="2025-09-01T18:40:00-07:00" level=info msg="Tool required for debug" tool="arduino:avrdude@6.3.0-arduino17"
time="2025-09-01T18:40:00-07:00" level=info msg="Tool required for debug" tool="arduino:arm-none-eabi-gcc@7-2017q4"
time="2025-09-01T18:40:00-07:00" level=info msg="Tool required for debug" tool="builtin:dfu-discovery@0.1.2"
time="2025-09-01T18:40:00-07:00" level=info msg="Tool required for debug" tool="builtin:serial-monitor@0.15.0"
time="2025-09-01T18:40:00-07:00" level=info msg="Tool required for debug" tool="arduino:openocd@0.11.0-arduino2"
time="2025-09-01T18:40:00-07:00" level=info msg="Tool required for debug" tool="arduino:avr-gcc@7.3.0-atmel3.6.1-arduino7"
time="2025-09-01T18:40:00-07:00" level=info msg="Tool required for debug" tool="builtin:serial-discovery@1.4.1"
2025-09-01 18:40:00 2025-09-02T01:40:00.843Z daemon INFO time="2025-09-01T18:40:00-07:00" level=info msg="Tool required for debug" tool="arduino:arduinoOTA@1.3.0"
time="2025-09-01T18:40:00-07:00" level=info msg="Tool required for debug" tool="builtin:mdns-discovery@1.0.9"
2025-09-01 18:40:00 2025-09-02T01:40:00.847Z daemon INFO time="2025-09-01T18:40:00-07:00" level=info msg="Tool required for debug" tool="arduino:dfu-util@0.11.0-arduino5"
time="2025-09-01T18:40:00-07:00" level=info msg="Tool required for debug" tool="esp32:esp-rv32@2411"
time="2025-09-01T18:40:00-07:00" level=info msg="Tool required for debug" tool="esp32:esp-x32@2411"
time="2025-09-01T18:40:00-07:00" level=info msg="Tool required for debug" tool="esp32:esp32-arduino-libs@idf-release_v5.5-b66b5448-v1"
time="2025-09-01T18:40:00-07:00" level=info msg="Tool required for debug" tool="esp32:esptool_py@5.0.0"
time="2025-09-01T18:40:00-07:00" level=info msg="Tool required for debug" tool="esp32:mklittlefs@3.0.0-gnu12-dc7f933"
time="2025-09-01T18:40:00-07:00" level=info msg="Tool required for debug" tool="esp32:mkspiffs@0.2.3"
time="2025-09-01T18:40:00-07:00" level=info msg="Tool required for debug" tool="esp32:openocd-esp32@v0.12.0-esp32-20250422"
time="2025-09-01T18:40:00-07:00" level=info msg="Tool required for debug" tool="esp32:riscv32-esp-elf-gdb@16.2_20250324"
2025-09-01 18:40:00 2025-09-02T01:40:00.847Z daemon INFO time="2025-09-01T18:40:00-07:00" level=info msg="Tool required for debug" tool="esp32:xtensa-esp-elf-gdb@16.2_20250324"
time="2025-09-01T18:40:00-07:00" level=info msg="Tool required for debug" tool="arduino:arduinoOTA@1.3.0"
time="2025-09-01T18:40:00-07:00" level=info msg="Tool required for debug" tool="builtin:ctags@5.8-arduino11"
time="2025-09-01T18:40:00-07:00" level=info msg="Tool required for debug" tool="builtin:serial-discovery@1.4.1"
time="2025-09-01T18:40:00-07:00" level=info msg="Tool required for debug" tool="builtin:serial-monitor@0.15.0"
time="2025-09-01T18:40:00-07:00" level=info msg="Tool required for debug" tool="arduino:avr-gcc@7.3.0-atmel3.6.1-arduino7"
time="2025-09-01T18:40:00-07:00" level=info msg="Tool required for debug" tool="arduino:bossac@1.9.1-arduino5"
time="2025-09-01T18:40:00-07:00" level=info msg="Tool required for debug" tool="arduino:openocd@0.11.0-arduino2"
time="2025-09-01T18:40:00-07:00" level=info msg="Tool required for debug" tool="arduino:arm-none-eabi-gcc@7-2017q4"
time="2025-09-01T18:40:00-07:00" level=info msg="Tool required for debug" tool="arduino:avrdude@6.3.0-arduino17"
time="2025-09-01T18:40:00-07:00" level=info msg="Tool required for debug" tool="builtin:dfu-discovery@0.1.2"
time="2025-09-01T18:40:00-07:00" level=info msg="Tool required for debug" tool="builtin:mdns-discovery@1.0.9"
2025-09-01 18:40:00 2025-09-02T01:40:00.850Z daemon INFO time="2025-09-01T18:40:00-07:00" level=info msg="Tool required for debug" tool="arduino:dfu-util@0.11.0-arduino5"
time="2025-09-01T18:40:00-07:00" level=info msg="Tool required for debug" tool="esp32:esp-rv32@2411"
time="2025-09-01T18:40:00-07:00" level=info msg="Tool required for debug" tool="esp32:esp-x32@2411"
time="2025-09-01T18:40:00-07:00" level=info msg="Tool required for debug" tool="esp32:esp32-arduino-libs@idf-release_v5.5-b66b5448-v1"
time="2025-09-01T18:40:00-07:00" level=info msg="Tool required for debug" tool="esp32:esptool_py@5.0.0"
time="2025-09-01T18:40:00-07:00" level=info msg="Tool required for debug" tool="esp32:mklittlefs@3.0.0-gnu12-dc7f933"
time="2025-09-01T18:40:00-07:00" level=info msg="Tool required for debug" tool="esp32:mkspiffs@0.2.3"
time="2025-09-01T18:40:00-07:00" level=info msg="Tool required for debug" tool="esp32:openocd-esp32@v0.12.0-esp32-20250422"
time="2025-09-01T18:40:00-07:00" level=info msg="Tool required for debug" tool="esp32:riscv32-esp-elf-gdb@16.2_20250324"
2025-09-01 18:40:00 2025-09-02T01:40:00.850Z daemon INFO time="2025-09-01T18:40:00-07:00" level=info msg="Tool required for debug" tool="esp32:xtensa-esp-elf-gdb@16.2_20250324"
time="2025-09-01T18:40:00-07:00" level=info msg="Tool required for debug" tool="arduino:avrdude@6.3.0-arduino17"
time="2025-09-01T18:40:00-07:00" level=info msg="Tool required for debug" tool="builtin:serial-monitor@0.15.0"
time="2025-09-01T18:40:00-07:00" level=info msg="Tool required for debug" tool="builtin:ctags@5.8-arduino11"
time="2025-09-01T18:40:00-07:00" level=info msg="Tool required for debug" tool="arduino:avr-gcc@7.3.0-atmel3.6.1-arduino7"
time="2025-09-01T18:40:00-07:00" level=info msg="Tool required for debug" tool="arduino:bossac@1.9.1-arduino5"
time="2025-09-01T18:40:00-07:00" level=info msg="Tool required for debug" tool="builtin:mdns-discovery@1.0.9"
time="2025-09-01T18:40:00-07:00" level=info msg="Tool required for debug" tool="builtin:dfu-discovery@0.1.2"
time="2025-09-01T18:40:00-07:00" level=info msg="Tool required for debug" tool="arduino:openocd@0.11.0-arduino2"
time="2025-09-01T18:40:00-07:00" level=info msg="Tool required for debug" tool="arduino:arm-none-eabi-gcc@7-2017q4"
time="2025-09-01T18:40:00-07:00" level=info msg="Tool required for debug" tool="arduino:arduinoOTA@1.3.0"
time="2025-09-01T18:40:00-07:00" level=info msg="Tool required for debug" tool="builtin:serial-discovery@1.4.1"
2025-09-01 18:40:00 2025-09-02T01:40:00.854Z daemon INFO time="2025-09-01T18:40:00-07:00" level=info msg="Tool required for debug" tool="arduino:dfu-util@0.11.0-arduino5"
time="2025-09-01T18:40:00-07:00" level=info msg="Tool required for debug" tool="esp32:esp-rv32@2411"
time="2025-09-01T18:40:00-07:00" level=info msg="Tool required for debug" tool="esp32:esp-x32@2411"
time="2025-09-01T18:40:00-07:00" level=info msg="Tool required for debug" tool="esp32:esp32-arduino-libs@idf-release_v5.5-b66b5448-v1"
time="2025-09-01T18:40:00-07:00" level=info msg="Tool required for debug" tool="esp32:esptool_py@5.0.0"
time="2025-09-01T18:40:00-07:00" level=info msg="Tool required for debug" tool="esp32:mklittlefs@3.0.0-gnu12-dc7f933"
time="2025-09-01T18:40:00-07:00" level=info msg="Tool required for debug" tool="esp32:mkspiffs@0.2.3"
time="2025-09-01T18:40:00-07:00" level=info msg="Tool required for debug" tool="esp32:openocd-esp32@v0.12.0-esp32-20250422"
time="2025-09-01T18:40:00-07:00" level=info msg="Tool required for debug" tool="esp32:riscv32-esp-elf-gdb@16.2_20250324"
2025-09-01 18:40:00 2025-09-02T01:40:00.854Z daemon INFO time="2025-09-01T18:40:00-07:00" level=info msg="Tool required for debug" tool="esp32:xtensa-esp-elf-gdb@16.2_20250324"
time="2025-09-01T18:40:00-07:00" level=info msg="Tool required for debug" tool="builtin:mdns-discovery@1.0.9"
time="2025-09-01T18:40:00-07:00" level=info msg="Tool required for debug" tool="builtin:serial-monitor@0.15.0"
time="2025-09-01T18:40:00-07:00" level=info msg="Tool required for debug" tool="arduino:avr-gcc@7.3.0-atmel3.6.1-arduino7"
time="2025-09-01T18:40:00-07:00" level=info msg="Tool required for debug" tool="builtin:serial-discovery@1.4.1"
time="2025-09-01T18:40:00-07:00" level=info msg="Tool required for debug" tool="arduino:arduinoOTA@1.3.0"
time="2025-09-01T18:40:00-07:00" level=info msg="Tool required for debug" tool="arduino:openocd@0.11.0-arduino2"
time="2025-09-01T18:40:00-07:00" level=info msg="Tool required for debug" tool="builtin:ctags@5.8-arduino11"
time="2025-09-01T18:40:00-07:00" level=info msg="Tool required for debug" tool="arduino:avrdude@6.3.0-arduino17"
time="2025-09-01T18:40:00-07:00" level=info msg="Tool required for debug" tool="arduino:arm-none-eabi-gcc@7-2017q4"
time="2025-09-01T18:40:00-07:00" level=info msg="Tool required for debug" tool="arduino:bossac@1.9.1-arduino5"
time="2025-09-01T18:40:00-07:00" level=info msg="Tool required for debug" tool="builtin:dfu-discovery@0.1.2"
2025-09-01 18:40:00 2025-09-02T01:40:00.857Z daemon INFO time="2025-09-01T18:40:00-07:00" level=info msg="Tool required for debug" tool="arduino:dfu-util@0.11.0-arduino5"
time="2025-09-01T18:40:00-07:00" level=info msg="Tool required for debug" tool="esp32:esp-rv32@2411"
time="2025-09-01T18:40:00-07:00" level=info msg="Tool required for debug" tool="esp32:esp-x32@2411"
time="2025-09-01T18:40:00-07:00" level=info msg="Tool required for debug" tool="esp32:esp32-arduino-libs@idf-release_v5.5-b66b5448-v1"
time="2025-09-01T18:40:00-07:00" level=info msg="Tool required for debug" tool="esp32:esptool_py@5.0.0"
time="2025-09-01T18:40:00-07:00" level=info msg="Tool required for debug" tool="esp32:mklittlefs@3.0.0-gnu12-dc7f933"
time="2025-09-01T18:40:00-07:00" level=info msg="Tool required for debug" tool="esp32:mkspiffs@0.2.3"
time="2025-09-01T18:40:00-07:00" level=info msg="Tool required for debug" tool="esp32:openocd-esp32@v0.12.0-esp32-20250422"
time="2025-09-01T18:40:00-07:00" level=info msg="Tool required for debug" tool="esp32:riscv32-esp-elf-gdb@16.2_20250324"
time="2025-09-01T18:40:00-07:00" level=info msg="Tool required for debug" tool="esp32:xtensa-esp-elf-gdb@16.2_20250324"
2025-09-01 18:40:00 2025-09-02T01:40:00.857Z daemon INFO time="2025-09-01T18:40:00-07:00" level=info msg="Tool required for debug" tool="arduino:avr-gcc@7.3.0-atmel3.6.1-arduino7"
time="2025-09-01T18:40:00-07:00" level=info msg="Tool required for debug" tool="builtin:ctags@5.8-arduino11"
time="2025-09-01T18:40:00-07:00" level=info msg="Tool required for debug" tool="builtin:dfu-discovery@0.1.2"
time="2025-09-01T18:40:00-07:00" level=info msg="Tool required for debug" tool="builtin:serial-monitor@0.15.0"
time="2025-09-01T18:40:00-07:00" level=info msg="Tool required for debug" tool="arduino:arduinoOTA@1.3.0"
time="2025-09-01T18:40:00-07:00" level=info msg="Tool required for debug" tool="arduino:avrdude@6.3.0-arduino17"
time="2025-09-01T18:40:00-07:00" level=info msg="Tool required for debug" tool="arduino:openocd@0.11.0-arduino2"
time="2025-09-01T18:40:00-07:00" level=info msg="Tool required for debug" tool="arduino:arm-none-eabi-gcc@7-2017q4"
time="2025-09-01T18:40:00-07:00" level=info msg="Tool required for debug" tool="arduino:bossac@1.9.1-arduino5"
time="2025-09-01T18:40:00-07:00" level=info msg="Tool required for debug" tool="builtin:mdns-discovery@1.0.9"
time="2025-09-01T18:40:00-07:00" level=info msg="Tool required for debug" tool="builtin:serial-discovery@1.4.1"
2025-09-01 18:40:00 2025-09-02T01:40:00.860Z daemon INFO time="2025-09-01T18:40:00-07:00" level=info msg="Tool required for debug" tool="arduino:dfu-util@0.11.0-arduino5"
time="2025-09-01T18:40:00-07:00" level=info msg="Tool required for debug" tool="esp32:esp-rv32@2411"
time="2025-09-01T18:40:00-07:00" level=info msg="Tool required for debug" tool="esp32:esp-x32@2411"
time="2025-09-01T18:40:00-07:00" level=info msg="Tool required for debug" tool="esp32:esp32-arduino-libs@idf-release_v5.5-b66b5448-v1"
time="2025-09-01T18:40:00-07:00" level=info msg="Tool required for debug" tool="esp32:esptool_py@5.0.0"
time="2025-09-01T18:40:00-07:00" level=info msg="Tool required for debug" tool="esp32:mklittlefs@3.0.0-gnu12-dc7f933"
time="2025-09-01T18:40:00-07:00" level=info msg="Tool required for debug" tool="esp32:mkspiffs@0.2.3"
time="2025-09-01T18:40:00-07:00" level=info msg="Tool required for debug" tool="esp32:openocd-esp32@v0.12.0-esp32-20250422"
time="2025-09-01T18:40:00-07:00" level=info msg="Tool required for debug" tool="esp32:riscv32-esp-elf-gdb@16.2_20250324"
time="2025-09-01T18:40:00-07:00" level=info msg="Tool required for debug" tool="esp32:xtensa-esp-elf-gdb@16.2_20250324"
2025-09-01 18:40:00 2025-09-02T01:40:00.860Z daemon INFO time="2025-09-01T18:40:00-07:00" level=info msg="Tool required for debug" tool="builtin:ctags@5.8-arduino11"
time="2025-09-01T18:40:00-07:00" level=info msg="Tool required for debug" tool="builtin:serial-monitor@0.15.0"
time="2025-09-01T18:40:00-07:00" level=info msg="Tool required for debug" tool="builtin:dfu-discovery@0.1.2"
time="2025-09-01T18:40:00-07:00" level=info msg="Tool required for debug" tool="arduino:avr-gcc@7.3.0-atmel3.6.1-arduino7"
time="2025-09-01T18:40:00-07:00" level=info msg="Tool required for debug" tool="arduino:bossac@1.9.1-arduino5"
time="2025-09-01T18:40:00-07:00" level=info msg="Tool required for debug" tool="arduino:arduinoOTA@1.3.0"
time="2025-09-01T18:40:00-07:00" level=info msg="Tool required for debug" tool="builtin:mdns-discovery@1.0.9"
time="2025-09-01T18:40:00-07:00" level=info msg="Tool required for debug" tool="builtin:serial-discovery@1.4.1"
time="2025-09-01T18:40:00-07:00" level=info msg="Tool required for debug" tool="arduino:arm-none-eabi-gcc@7-2017q4"
time="2025-09-01T18:40:00-07:00" level=info msg="Tool required for debug" tool="arduino:openocd@0.11.0-arduino2"
time="2025-09-01T18:40:00-07:00" level=info msg="Tool required for debug" tool="arduino:avrdude@6.3.0-arduino17"
2025-09-01 18:40:00 2025-09-02T01:40:00.863Z daemon INFO time="2025-09-01T18:40:00-07:00" level=info msg="Tool required for debug" tool="arduino:dfu-util@0.11.0-arduino5"
time="2025-09-01T18:40:00-07:00" level=info msg="Tool required for debug" tool="esp32:esp-rv32@2411"
time="2025-09-01T18:40:00-07:00" level=info msg="Tool required for debug" tool="esp32:esp-x32@2411"
time="2025-09-01T18:40:00-07:00" level=info msg="Tool required for debug" tool="esp32:esp32-arduino-libs@idf-release_v5.5-b66b5448-v1"
time="2025-09-01T18:40:00-07:00" level=info msg="Tool required for debug" tool="esp32:esptool_py@5.0.0"
2025-09-01 18:40:00 2025-09-02T01:40:00.864Z daemon INFO time="2025-09-01T18:40:00-07:00" level=info msg="Tool required for debug" tool="esp32:mklittlefs@3.0.0-gnu12-dc7f933"
time="2025-09-01T18:40:00-07:00" level=info msg="Tool required for debug" tool="esp32:mkspiffs@0.2.3"
time="2025-09-01T18:40:00-07:00" level=info msg="Tool required for debug" tool="esp32:openocd-esp32@v0.12.0-esp32-20250422"
time="2025-09-01T18:40:00-07:00" level=info msg="Tool required for debug" tool="esp32:riscv32-esp-elf-gdb@16.2_20250324"
time="2025-09-01T18:40:00-07:00" level=info msg="Tool required for debug" tool="esp32:xtensa-esp-elf-gdb@16.2_20250324"
time="2025-09-01T18:40:00-07:00" level=info msg="Tool required for debug" tool="builtin:serial-discovery@1.4.1"
time="2025-09-01T18:40:00-07:00" level=info msg="Tool required for debug" tool="arduino:bossac@1.9.1-arduino5"
time="2025-09-01T18:40:00-07:00" level=info msg="Tool required for debug" tool="arduino:avr-gcc@7.3.0-atmel3.6.1-arduino7"
time="2025-09-01T18:40:00-07:00" level=info msg="Tool required for debug" tool="arduino:avrdude@6.3.0-arduino17"
time="2025-09-01T18:40:00-07:00" level=info msg="Tool required for debug" tool="builtin:mdns-discovery@1.0.9"
time="2025-09-01T18:40:00-07:00" level=info msg="Tool required for debug" tool="arduino:arduinoOTA@1.3.0"
time="2025-09-01T18:40:00-07:00" level=info msg="Tool required for debug" tool="builtin:ctags@5.8-arduino11"
time="2025-09-01T18:40:00-07:00" level=info msg="Tool required for debug" tool="builtin:dfu-discovery@0.1.2"
time="2025-09-01T18:40:00-07:00" level=info msg="Tool required for debug" tool="builtin:serial-monitor@0.15.0"
time="2025-09-01T18:40:00-07:00" level=info msg="Tool required for debug" tool="arduino:arm-none-eabi-gcc@7-2017q4"
2025-09-01 18:40:00 2025-09-02T01:40:00.864Z daemon INFO time="2025-09-01T18:40:00-07:00" level=info msg="Tool required for debug" tool="arduino:openocd@0.11.0-arduino2"
2025-09-01 18:40:00 2025-09-02T01:40:00.867Z daemon INFO time="2025-09-01T18:40:00-07:00" level=info msg="Tool required for debug" tool="arduino:dfu-util@0.11.0-arduino5"
time="2025-09-01T18:40:00-07:00" level=info msg="Tool required for debug" tool="esp32:esp-rv32@2411"
time="2025-09-01T18:40:00-07:00" level=info msg="Tool required for debug" tool="esp32:esp-x32@2411"
time="2025-09-01T18:40:00-07:00" level=info msg="Tool required for debug" tool="esp32:esp32-arduino-libs@idf-release_v5.5-b66b5448-v1"
time="2025-09-01T18:40:00-07:00" level=info msg="Tool required for debug" tool="esp32:esptool_py@5.0.0"
time="2025-09-01T18:40:00-07:00" level=info msg="Tool required for debug" tool="esp32:mklittlefs@3.0.0-gnu12-dc7f933"
time="2025-09-01T18:40:00-07:00" level=info msg="Tool required for debug" tool="esp32:mkspiffs@0.2.3"
time="2025-09-01T18:40:00-07:00" level=info msg="Tool required for debug" tool="esp32:openocd-esp32@v0.12.0-esp32-20250422"
time="2025-09-01T18:40:00-07:00" level=info msg="Tool required for debug" tool="esp32:riscv32-esp-elf-gdb@16.2_20250324"
time="2025-09-01T18:40:00-07:00" level=info msg="Tool required for debug" tool="esp32:xtensa-esp-elf-gdb@16.2_20250324"
time="2025-09-01T18:40:00-07:00" level=info msg="Tool required for debug" tool="arduino:arduinoOTA@1.3.0"
2025-09-01 18:40:00 2025-09-02T01:40:00.867Z daemon INFO time="2025-09-01T18:40:00-07:00" level=info msg="Tool required for debug" tool="arduino:openocd@0.11.0-arduino2"
time="2025-09-01T18:40:00-07:00" level=info msg="Tool required for debug" tool="builtin:mdns-discovery@1.0.9"
time="2025-09-01T18:40:00-07:00" level=info msg="Tool required for debug" tool="builtin:serial-discovery@1.4.1"
time="2025-09-01T18:40:00-07:00" level=info msg="Tool required for debug" tool="arduino:avrdude@6.3.0-arduino17"
time="2025-09-01T18:40:00-07:00" level=info msg="Tool required for debug" tool="arduino:arm-none-eabi-gcc@7-2017q4"
time="2025-09-01T18:40:00-07:00" level=info msg="Tool required for debug" tool="arduino:bossac@1.9.1-arduino5"
time="2025-09-01T18:40:00-07:00" level=info msg="Tool required for debug" tool="builtin:ctags@5.8-arduino11"
time="2025-09-01T18:40:00-07:00" level=info msg="Tool required for debug" tool="builtin:dfu-discovery@0.1.2"
time="2025-09-01T18:40:00-07:00" level=info msg="Tool required for debug" tool="builtin:serial-monitor@0.15.0"
time="2025-09-01T18:40:00-07:00" level=info msg="Tool required for debug" tool="arduino:avr-gcc@7.3.0-atmel3.6.1-arduino7"
2025-09-01 18:40:15 2025-09-02T01:40:15.777Z daemon INFO time="2025-09-01T18:40:15-07:00" level=info msg="Tool required for debug" tool="arduino:dfu-util@0.11.0-arduino5"
time="2025-09-01T18:40:15-07:00" level=info msg="Tool required for debug" tool="esp32:esp-rv32@2411"
time="2025-09-01T18:40:15-07:00" level=info msg="Tool required for debug" tool="esp32:esp-x32@2411"
time="2025-09-01T18:40:15-07:00" level=info msg="Tool required for debug" tool="esp32:esp32-arduino-libs@idf-release_v5.5-b66b5448-v1"
time="2025-09-01T18:40:15-07:00" level=info msg="Tool required for debug" tool="esp32:esptool_py@5.0.0"
time="2025-09-01T18:40:15-07:00" level=info msg="Tool required for debug" tool="esp32:mklittlefs@3.0.0-gnu12-dc7f933"
time="2025-09-01T18:40:15-07:00" level=info msg="Tool required for debug" tool="esp32:mkspiffs@0.2.3"
time="2025-09-01T18:40:15-07:00" level=info msg="Tool required for debug" tool="esp32:openocd-esp32@v0.12.0-esp32-20250422"
time="2025-09-01T18:40:15-07:00" level=info msg="Tool required for debug" tool="esp32:riscv32-esp-elf-gdb@16.2_20250324"
time="2025-09-01T18:40:15-07:00" level=info msg="Tool required for debug" tool="esp32:xtensa-esp-elf-gdb@16.2_20250324"
time="2025-09-01T18:40:15-07:00" level=info msg="Tool required for debug" tool="arduino:arm-none-eabi-gcc@7-2017q4"
time="2025-09-01T18:40:15-07:00" level=info msg="Tool required for debug" tool="arduino:arduinoOTA@1.3.0"
time="2025-09-01T18:40:15-07:00" level=info msg="Tool required for debug" tool="arduino:avrdude@6.3.0-arduino17"
time="2025-09-01T18:40:15-07:00" level=info msg="Tool required for debug" tool="builtin:ctags@5.8-arduino11"
time="2025-09-01T18:40:15-07:00" level=info msg="Tool required for debug" tool="arduino:openocd@0.11.0-arduino2"
time="2025-09-01T18:40:15-07:00" level=info msg="Tool required for debug" tool="builtin:dfu-discovery@0.1.2"
time="2025-09-01T18:40:15-07:00" level=info msg="Tool required for debug" tool="builtin:mdns-discovery@1.0.9"
time="2025-09-01T18:40:15-07:00" level=info msg="Tool required for debug" tool="builtin:serial-monitor@0.15.0"
time="2025-09-01T18:40:15-07:00" level=info msg="Tool required for debug" tool="arduino:avr-gcc@7.3.0-atmel3.6.1-arduino7"
time="2025-09-01T18:40:15-07:00" level=info msg="Tool required for debug" tool="arduino:bossac@1.9.1-arduino5"
time="2025-09-01T18:40:15-07:00" level=info msg="Tool required for debug" tool="builtin:serial-discovery@1.4.1"
2025-09-01 18:40:15 2025-09-02T01:40:15.779Z daemon INFO time="2025-09-01T18:40:15-07:00" level=info msg="Tool required for debug" tool="arduino:dfu-util@0.11.0-arduino5"
time="2025-09-01T18:40:15-07:00" level=info msg="Tool required for debug" tool="esp32:esp-rv32@2411"
time="2025-09-01T18:40:15-07:00" level=info msg="Tool required for debug" tool="esp32:esp-x32@2411"
time="2025-09-01T18:40:15-07:00" level=info msg="Tool required for debug" tool="esp32:esp32-arduino-libs@idf-release_v5.5-b66b5448-v1"
time="2025-09-01T18:40:15-07:00" level=info msg="Tool required for debug" tool="esp32:esptool_py@5.0.0"
time="2025-09-01T18:40:15-07:00" level=info msg="Tool required for debug" tool="esp32:mklittlefs@3.0.0-gnu12-dc7f933"
time="2025-09-01T18:40:15-07:00" level=info msg="Tool required for debug" tool="esp32:mkspiffs@0.2.3"
time="2025-09-01T18:40:15-07:00" level=info msg="Tool required for debug" tool="esp32:openocd-esp32@v0.12.0-esp32-20250422"
time="2025-09-01T18:40:15-07:00" level=info msg="Tool required for debug" tool="esp32:riscv32-esp-elf-gdb@16.2_20250324"
time="2025-09-01T18:40:15-07:00" level=info msg="Tool required for debug" tool="esp32:xtensa-esp-elf-gdb@16.2_20250324"
2025-09-01 18:40:15 2025-09-02T01:40:15.779Z daemon INFO time="2025-09-01T18:40:15-07:00" level=info msg="Tool required for debug" tool="arduino:arm-none-eabi-gcc@7-2017q4"
time="2025-09-01T18:40:15-07:00" level=info msg="Tool required for debug" tool="arduino:avrdude@6.3.0-arduino17"
time="2025-09-01T18:40:15-07:00" level=info msg="Tool required for debug" tool="builtin:dfu-discovery@0.1.2"
time="2025-09-01T18:40:15-07:00" level=info msg="Tool required for debug" tool="arduino:openocd@0.11.0-arduino2"
time="2025-09-01T18:40:15-07:00" level=info msg="Tool required for debug" tool="builtin:serial-discovery@1.4.1"
time="2025-09-01T18:40:15-07:00" level=info msg="Tool required for debug" tool="arduino:bossac@1.9.1-arduino5"
time="2025-09-01T18:40:15-07:00" level=info msg="Tool required for debug" tool="arduino:arduinoOTA@1.3.0"
time="2025-09-01T18:40:15-07:00" level=info msg="Tool required for debug" tool="builtin:serial-monitor@0.15.0"
time="2025-09-01T18:40:15-07:00" level=info msg="Tool required for debug" tool="arduino:avr-gcc@7.3.0-atmel3.6.1-arduino7"
time="2025-09-01T18:40:15-07:00" level=info msg="Tool required for debug" tool="builtin:ctags@5.8-arduino11"
time="2025-09-01T18:40:15-07:00" level=info msg="Tool required for debug" tool="builtin:mdns-discovery@1.0.9"
2025-09-01 18:40:15 2025-09-02T01:40:15.782Z daemon INFO time="2025-09-01T18:40:15-07:00" level=info msg="Tool required for debug" tool="arduino:dfu-util@0.11.0-arduino5"
time="2025-09-01T18:40:15-07:00" level=info msg="Tool required for debug" tool="esp32:esp-rv32@2411"
time="2025-09-01T18:40:15-07:00" level=info msg="Tool required for debug" tool="esp32:esp-x32@2411"
time="2025-09-01T18:40:15-07:00" level=info msg="Tool required for debug" tool="esp32:esp32-arduino-libs@idf-release_v5.5-b66b5448-v1"
time="2025-09-01T18:40:15-07:00" level=info msg="Tool required for debug" tool="esp32:esptool_py@5.0.0"
time="2025-09-01T18:40:15-07:00" level=info msg="Tool required for debug" tool="esp32:mklittlefs@3.0.0-gnu12-dc7f933"
time="2025-09-01T18:40:15-07:00" level=info msg="Tool required for debug" tool="esp32:mkspiffs@0.2.3"
time="2025-09-01T18:40:15-07:00" level=info msg="Tool required for debug" tool="esp32:openocd-esp32@v0.12.0-esp32-20250422"
time="2025-09-01T18:40:15-07:00" level=info msg="Tool required for debug" tool="esp32:riscv32-esp-elf-gdb@16.2_20250324"
time="2025-09-01T18:40:15-07:00" level=info msg="Tool required for debug" tool="esp32:xtensa-esp-elf-gdb@16.2_20250324"
2025-09-01 18:40:15 2025-09-02T01:40:15.782Z daemon INFO time="2025-09-01T18:40:15-07:00" level=info msg="Tool required for debug" tool="builtin:serial-monitor@0.15.0"
time="2025-09-01T18:40:15-07:00" level=info msg="Tool required for debug" tool="arduino:arduinoOTA@1.3.0"
time="2025-09-01T18:40:15-07:00" level=info msg="Tool required for debug" tool="arduino:arm-none-eabi-gcc@7-2017q4"
time="2025-09-01T18:40:15-07:00" level=info msg="Tool required for debug" tool="arduino:bossac@1.9.1-arduino5"
time="2025-09-01T18:40:15-07:00" level=info msg="Tool required for debug" tool="builtin:mdns-discovery@1.0.9"
time="2025-09-01T18:40:15-07:00" level=info msg="Tool required for debug" tool="arduino:openocd@0.11.0-arduino2"
time="2025-09-01T18:40:15-07:00" level=info msg="Tool required for debug" tool="builtin:ctags@5.8-arduino11"
time="2025-09-01T18:40:15-07:00" level=info msg="Tool required for debug" tool="arduino:avr-gcc@7.3.0-atmel3.6.1-arduino7"
time="2025-09-01T18:40:15-07:00" level=info msg="Tool required for debug" tool="builtin:dfu-discovery@0.1.2"
time="2025-09-01T18:40:15-07:00" level=info msg="Tool required for debug" tool="builtin:serial-discovery@1.4.1"
time="2025-09-01T18:40:15-07:00" level=info msg="Tool required for debug" tool="arduino:avrdude@6.3.0-arduino17"
2025-09-01 18:40:15 2025-09-02T01:40:15.785Z daemon INFO time="2025-09-01T18:40:15-07:00" level=info msg="Tool required for debug" tool="arduino:dfu-util@0.11.0-arduino5"
time="2025-09-01T18:40:15-07:00" level=info msg="Tool required for debug" tool="esp32:esp-rv32@2411"
time="2025-09-01T18:40:15-07:00" level=info msg="Tool required for debug" tool="esp32:esp-x32@2411"
time="2025-09-01T18:40:15-07:00" level=info msg="Tool required for debug" tool="esp32:esp32-arduino-libs@idf-release_v5.5-b66b5448-v1"
time="2025-09-01T18:40:15-07:00" level=info msg="Tool required for debug" tool="esp32:esptool_py@5.0.0"
2025-09-01 18:40:15 2025-09-02T01:40:15.786Z daemon INFO time="2025-09-01T18:40:15-07:00" level=info msg="Tool required for debug" tool="esp32:mklittlefs@3.0.0-gnu12-dc7f933"
time="2025-09-01T18:40:15-07:00" level=info msg="Tool required for debug" tool="esp32:mkspiffs@0.2.3"
time="2025-09-01T18:40:15-07:00" level=info msg="Tool required for debug" tool="esp32:openocd-esp32@v0.12.0-esp32-20250422"
time="2025-09-01T18:40:15-07:00" level=info msg="Tool required for debug" tool="esp32:riscv32-esp-elf-gdb@16.2_20250324"
time="2025-09-01T18:40:15-07:00" level=info msg="Tool required for debug" tool="esp32:xtensa-esp-elf-gdb@16.2_20250324"
time="2025-09-01T18:40:15-07:00" level=info msg="Tool required for debug" tool="arduino:arduinoOTA@1.3.0"
time="2025-09-01T18:40:15-07:00" level=info msg="Tool required for debug" tool="builtin:serial-discovery@1.4.1"
time="2025-09-01T18:40:15-07:00" level=info msg="Tool required for debug" tool="arduino:bossac@1.9.1-arduino5"
time="2025-09-01T18:40:15-07:00" level=info msg="Tool required for debug" tool="arduino:openocd@0.11.0-arduino2"
time="2025-09-01T18:40:15-07:00" level=info msg="Tool required for debug" tool="builtin:mdns-discovery@1.0.9"
time="2025-09-01T18:40:15-07:00" level=info msg="Tool required for debug" tool="builtin:dfu-discovery@0.1.2"
time="2025-09-01T18:40:15-07:00" level=info msg="Tool required for debug" tool="builtin:serial-monitor@0.15.0"
time="2025-09-01T18:40:15-07:00" level=info msg="Tool required for debug" tool="builtin:ctags@5.8-arduino11"
2025-09-01 18:40:15 2025-09-02T01:40:15.786Z daemon INFO time="2025-09-01T18:40:15-07:00" level=info msg="Tool required for debug" tool="arduino:arm-none-eabi-gcc@7-2017q4"
time="2025-09-01T18:40:15-07:00" level=info msg="Tool required for debug" tool="arduino:avr-gcc@7.3.0-atmel3.6.1-arduino7"
time="2025-09-01T18:40:15-07:00" level=info msg="Tool required for debug" tool="arduino:avrdude@6.3.0-arduino17"
2025-09-01 18:40:15 2025-09-02T01:40:15.789Z daemon INFO time="2025-09-01T18:40:15-07:00" level=info msg="Tool required for debug" tool="arduino:dfu-util@0.11.0-arduino5"
time="2025-09-01T18:40:15-07:00" level=info msg="Tool required for debug" tool="esp32:esp-rv32@2411"
time="2025-09-01T18:40:15-07:00" level=info msg="Tool required for debug" tool="esp32:esp-x32@2411"
time="2025-09-01T18:40:15-07:00" level=info msg="Tool required for debug" tool="esp32:esp32-arduino-libs@idf-release_v5.5-b66b5448-v1"
time="2025-09-01T18:40:15-07:00" level=info msg="Tool required for debug" tool="esp32:esptool_py@5.0.0"
time="2025-09-01T18:40:15-07:00" level=info msg="Tool required for debug" tool="esp32:mklittlefs@3.0.0-gnu12-dc7f933"
time="2025-09-01T18:40:15-07:00" level=info msg="Tool required for debug" tool="esp32:mkspiffs@0.2.3"
time="2025-09-01T18:40:15-07:00" level=info msg="Tool required for debug" tool="esp32:openocd-esp32@v0.12.0-esp32-20250422"
time="2025-09-01T18:40:15-07:00" level=info msg="Tool required for debug" tool="esp32:riscv32-esp-elf-gdb@16.2_20250324"
time="2025-09-01T18:40:15-07:00" level=info msg="Tool required for debug" tool="esp32:xtensa-esp-elf-gdb@16.2_20250324"
2025-09-01 18:40:15 2025-09-02T01:40:15.789Z daemon INFO time="2025-09-01T18:40:15-07:00" level=info msg="Tool required for debug" tool="builtin:serial-discovery@1.4.1"
time="2025-09-01T18:40:15-07:00" level=info msg="Tool required for debug" tool="arduino:avrdude@6.3.0-arduino17"
time="2025-09-01T18:40:15-07:00" level=info msg="Tool required for debug" tool="arduino:arm-none-eabi-gcc@7-2017q4"
time="2025-09-01T18:40:15-07:00" level=info msg="Tool required for debug" tool="arduino:avr-gcc@7.3.0-atmel3.6.1-arduino7"
time="2025-09-01T18:40:15-07:00" level=info msg="Tool required for debug" tool="builtin:dfu-discovery@0.1.2"
time="2025-09-01T18:40:15-07:00" level=info msg="Tool required for debug" tool="builtin:mdns-discovery@1.0.9"
time="2025-09-01T18:40:15-07:00" level=info msg="Tool required for debug" tool="arduino:bossac@1.9.1-arduino5"
time="2025-09-01T18:40:15-07:00" level=info msg="Tool required for debug" tool="builtin:serial-monitor@0.15.0"
time="2025-09-01T18:40:15-07:00" level=info msg="Tool required for debug" tool="arduino:openocd@0.11.0-arduino2"
time="2025-09-01T18:40:15-07:00" level=info msg="Tool required for debug" tool="builtin:ctags@5.8-arduino11"
time="2025-09-01T18:40:15-07:00" level=info msg="Tool required for debug" tool="arduino:arduinoOTA@1.3.0"
2025-09-01 18:40:15 2025-09-02T01:40:15.792Z daemon INFO time="2025-09-01T18:40:15-07:00" level=info msg="Tool required for debug" tool="arduino:dfu-util@0.11.0-arduino5"
time="2025-09-01T18:40:15-07:00" level=info msg="Tool required for debug" tool="esp32:esp-rv32@2411"
time="2025-09-01T18:40:15-07:00" level=info msg="Tool required for debug" tool="esp32:esp-x32@2411"
time="2025-09-01T18:40:15-07:00" level=info msg="Tool required for debug" tool="esp32:esp32-arduino-libs@idf-release_v5.5-b66b5448-v1"
time="2025-09-01T18:40:15-07:00" level=info msg="Tool required for debug" tool="esp32:esptool_py@5.0.0"
time="2025-09-01T18:40:15-07:00" level=info msg="Tool required for debug" tool="esp32:mklittlefs@3.0.0-gnu12-dc7f933"
time="2025-09-01T18:40:15-07:00" level=info msg="Tool required for debug" tool="esp32:mkspiffs@0.2.3"
time="2025-09-01T18:40:15-07:00" level=info msg="Tool required for debug" tool="esp32:openocd-esp32@v0.12.0-esp32-20250422"
time="2025-09-01T18:40:15-07:00" level=info msg="Tool required for debug" tool="esp32:riscv32-esp-elf-gdb@16.2_20250324"
time="2025-09-01T18:40:15-07:00" level=info msg="Tool required for debug" tool="esp32:xtensa-esp-elf-gdb@16.2_20250324"
time="2025-09-01T18:40:15-07:00" level=info msg="Tool required for debug" tool="builtin:serial-discovery@1.4.1"
2025-09-01 18:40:15 2025-09-02T01:40:15.792Z daemon INFO time="2025-09-01T18:40:15-07:00" level=info msg="Tool required for debug" tool="builtin:serial-monitor@0.15.0"
time="2025-09-01T18:40:15-07:00" level=info msg="Tool required for debug" tool="arduino:arduinoOTA@1.3.0"
time="2025-09-01T18:40:15-07:00" level=info msg="Tool required for debug" tool="arduino:avrdude@6.3.0-arduino17"
time="2025-09-01T18:40:15-07:00" level=info msg="Tool required for debug" tool="builtin:mdns-discovery@1.0.9"
time="2025-09-01T18:40:15-07:00" level=info msg="Tool required for debug" tool="arduino:avr-gcc@7.3.0-atmel3.6.1-arduino7"
time="2025-09-01T18:40:15-07:00" level=info msg="Tool required for debug" tool="arduino:bossac@1.9.1-arduino5"
time="2025-09-01T18:40:15-07:00" level=info msg="Tool required for debug" tool="builtin:dfu-discovery@0.1.2"
time="2025-09-01T18:40:15-07:00" level=info msg="Tool required for debug" tool="arduino:openocd@0.11.0-arduino2"
time="2025-09-01T18:40:15-07:00" level=info msg="Tool required for debug" tool="builtin:ctags@5.8-arduino11"
time="2025-09-01T18:40:15-07:00" level=info msg="Tool required for debug" tool="arduino:arm-none-eabi-gcc@7-2017q4"
2025-09-01 18:40:15 2025-09-02T01:40:15.795Z daemon INFO time="2025-09-01T18:40:15-07:00" level=info msg="Tool required for debug" tool="arduino:dfu-util@0.11.0-arduino5"
time="2025-09-01T18:40:15-07:00" level=info msg="Tool required for debug" tool="esp32:esp-rv32@2411"
time="2025-09-01T18:40:15-07:00" level=info msg="Tool required for debug" tool="esp32:esp-x32@2411"
time="2025-09-01T18:40:15-07:00" level=info msg="Tool required for debug" tool="esp32:esp32-arduino-libs@idf-release_v5.5-b66b5448-v1"
time="2025-09-01T18:40:15-07:00" level=info msg="Tool required for debug" tool="esp32:esptool_py@5.0.0"
time="2025-09-01T18:40:15-07:00" level=info msg="Tool required for debug" tool="esp32:mklittlefs@3.0.0-gnu12-dc7f933"
time="2025-09-01T18:40:15-07:00" level=info msg="Tool required for debug" tool="esp32:mkspiffs@0.2.3"
time="2025-09-01T18:40:15-07:00" level=info msg="Tool required for debug" tool="esp32:openocd-esp32@v0.12.0-esp32-20250422"
time="2025-09-01T18:40:15-07:00" level=info msg="Tool required for debug" tool="esp32:riscv32-esp-elf-gdb@16.2_20250324"
time="2025-09-01T18:40:15-07:00" level=info msg="Tool required for debug" tool="esp32:xtensa-esp-elf-gdb@16.2_20250324"
2025-09-01 18:40:15 2025-09-02T01:40:15.795Z daemon INFO time="2025-09-01T18:40:15-07:00" level=info msg="Tool required for debug" tool="arduino:arm-none-eabi-gcc@7-2017q4"
time="2025-09-01T18:40:15-07:00" level=info msg="Tool required for debug" tool="arduino:avrdude@6.3.0-arduino17"
time="2025-09-01T18:40:15-07:00" level=info msg="Tool required for debug" tool="arduino:openocd@0.11.0-arduino2"
time="2025-09-01T18:40:15-07:00" level=info msg="Tool required for debug" tool="builtin:mdns-discovery@1.0.9"
time="2025-09-01T18:40:15-07:00" level=info msg="Tool required for debug" tool="arduino:arduinoOTA@1.3.0"
time="2025-09-01T18:40:15-07:00" level=info msg="Tool required for debug" tool="builtin:serial-discovery@1.4.1"
time="2025-09-01T18:40:15-07:00" level=info msg="Tool required for debug" tool="arduino:avr-gcc@7.3.0-atmel3.6.1-arduino7"
time="2025-09-01T18:40:15-07:00" level=info msg="Tool required for debug" tool="builtin:ctags@5.8-arduino11"
time="2025-09-01T18:40:15-07:00" level=info msg="Tool required for debug" tool="builtin:dfu-discovery@0.1.2"
time="2025-09-01T18:40:15-07:00" level=info msg="Tool required for debug" tool="arduino:bossac@1.9.1-arduino5"
time="2025-09-01T18:40:15-07:00" level=info msg="Tool required for debug" tool="builtin:serial-monitor@0.15.0"
2025-09-01 18:40:15 2025-09-02T01:40:15.798Z daemon INFO time="2025-09-01T18:40:15-07:00" level=info msg="Tool required for debug" tool="arduino:dfu-util@0.11.0-arduino5"
time="2025-09-01T18:40:15-07:00" level=info msg="Tool required for debug" tool="esp32:esp-rv32@2411"
time="2025-09-01T18:40:15-07:00" level=info msg="Tool required for debug" tool="esp32:esp-x32@2411"
time="2025-09-01T18:40:15-07:00" level=info msg="Tool required for debug" tool="esp32:esp32-arduino-libs@idf-release_v5.5-b66b5448-v1"
time="2025-09-01T18:40:15-07:00" level=info msg="Tool required for debug" tool="esp32:esptool_py@5.0.0"
time="2025-09-01T18:40:15-07:00" level=info msg="Tool required for debug" tool="esp32:mklittlefs@3.0.0-gnu12-dc7f933"
time="2025-09-01T18:40:15-07:00" level=info msg="Tool required for debug" tool="esp32:mkspiffs@0.2.3"
time="2025-09-01T18:40:15-07:00" level=info msg="Tool required for debug" tool="esp32:openocd-esp32@v0.12.0-esp32-20250422"
time="2025-09-01T18:40:15-07:00" level=info msg="Tool required for debug" tool="esp32:riscv32-esp-elf-gdb@16.2_20250324"
time="2025-09-01T18:40:15-07:00" level=info msg="Tool required for debug" tool="esp32:xtensa-esp-elf-gdb@16.2_20250324"
2025-09-01 18:40:15 2025-09-02T01:40:15.798Z daemon INFO time="2025-09-01T18:40:15-07:00" level=info msg="Tool required for debug" tool="builtin:mdns-discovery@1.0.9"
time="2025-09-01T18:40:15-07:00" level=info msg="Tool required for debug" tool="builtin:serial-monitor@0.15.0"
time="2025-09-01T18:40:15-07:00" level=info msg="Tool required for debug" tool="arduino:arduinoOTA@1.3.0"
time="2025-09-01T18:40:15-07:00" level=info msg="Tool required for debug" tool="arduino:bossac@1.9.1-arduino5"
time="2025-09-01T18:40:15-07:00" level=info msg="Tool required for debug" tool="builtin:dfu-discovery@0.1.2"
time="2025-09-01T18:40:15-07:00" level=info msg="Tool required for debug" tool="arduino:arm-none-eabi-gcc@7-2017q4"
time="2025-09-01T18:40:15-07:00" level=info msg="Tool required for debug" tool="arduino:avr-gcc@7.3.0-atmel3.6.1-arduino7"
time="2025-09-01T18:40:15-07:00" level=info msg="Tool required for debug" tool="builtin:ctags@5.8-arduino11"
time="2025-09-01T18:40:15-07:00" level=info msg="Tool required for debug" tool="arduino:avrdude@6.3.0-arduino17"
time="2025-09-01T18:40:15-07:00" level=info msg="Tool required for debug" tool="builtin:serial-discovery@1.4.1"
time="2025-09-01T18:40:15-07:00" level=info msg="Tool required for debug" tool="arduino:openocd@0.11.0-arduino2"
2025-09-01 18:40:15 2025-09-02T01:40:15.801Z daemon INFO time="2025-09-01T18:40:15-07:00" level=info msg="Tool required for debug" tool="arduino:dfu-util@0.11.0-arduino5"
time="2025-09-01T18:40:15-07:00" level=info msg="Tool required for debug" tool="esp32:esp-rv32@2411"
time="2025-09-01T18:40:15-07:00" level=info msg="Tool required for debug" tool="esp32:esp-x32@2411"
time="2025-09-01T18:40:15-07:00" level=info msg="Tool required for debug" tool="esp32:esp32-arduino-libs@idf-release_v5.5-b66b5448-v1"
time="2025-09-01T18:40:15-07:00" level=info msg="Tool required for debug" tool="esp32:esptool_py@5.0.0"
time="2025-09-01T18:40:15-07:00" level=info msg="Tool required for debug" tool="esp32:mklittlefs@3.0.0-gnu12-dc7f933"
time="2025-09-01T18:40:15-07:00" level=info msg="Tool required for debug" tool="esp32:mkspiffs@0.2.3"
time="2025-09-01T18:40:15-07:00" level=info msg="Tool required for debug" tool="esp32:openocd-esp32@v0.12.0-esp32-20250422"
time="2025-09-01T18:40:15-07:00" level=info msg="Tool required for debug" tool="esp32:riscv32-esp-elf-gdb@16.2_20250324"
time="2025-09-01T18:40:15-07:00" level=info msg="Tool required for debug" tool="esp32:xtensa-esp-elf-gdb@16.2_20250324"
2025-09-01 18:40:15 2025-09-02T01:40:15.802Z daemon INFO time="2025-09-01T18:40:15-07:00" level=info msg="Tool required for debug" tool="arduino:avr-gcc@7.3.0-atmel3.6.1-arduino7"
time="2025-09-01T18:40:15-07:00" level=info msg="Tool required for debug" tool="builtin:serial-discovery@1.4.1"
time="2025-09-01T18:40:15-07:00" level=info msg="Tool required for debug" tool="arduino:avrdude@6.3.0-arduino17"
time="2025-09-01T18:40:15-07:00" level=info msg="Tool required for debug" tool="arduino:openocd@0.11.0-arduino2"
time="2025-09-01T18:40:15-07:00" level=info msg="Tool required for debug" tool="arduino:bossac@1.9.1-arduino5"
time="2025-09-01T18:40:15-07:00" level=info msg="Tool required for debug" tool="builtin:serial-monitor@0.15.0"
time="2025-09-01T18:40:15-07:00" level=info msg="Tool required for debug" tool="builtin:ctags@5.8-arduino11"
time="2025-09-01T18:40:15-07:00" level=info msg="Tool required for debug" tool="arduino:arduinoOTA@1.3.0"
time="2025-09-01T18:40:15-07:00" level=info msg="Tool required for debug" tool="builtin:dfu-discovery@0.1.2"
time="2025-09-01T18:40:15-07:00" level=info msg="Tool required for debug" tool="builtin:mdns-discovery@1.0.9"
time="2025-09-01T18:40:15-07:00" level=info msg="Tool required for debug" tool="arduino:arm-none-eabi-gcc@7-2017q4"
2025-09-01 18:40:15 2025-09-02T01:40:15.805Z daemon INFO time="2025-09-01T18:40:15-07:00" level=info msg="Tool required for debug" tool="arduino:dfu-util@0.11.0-arduino5"
time="2025-09-01T18:40:15-07:00" level=info msg="Tool required for debug" tool="esp32:esp-rv32@2411"
time="2025-09-01T18:40:15-07:00" level=info msg="Tool required for debug" tool="esp32:esp-x32@2411"
time="2025-09-01T18:40:15-07:00" level=info msg="Tool required for debug" tool="esp32:esp32-arduino-libs@idf-release_v5.5-b66b5448-v1"
time="2025-09-01T18:40:15-07:00" level=info msg="Tool required for debug" tool="esp32:esptool_py@5.0.0"
time="2025-09-01T18:40:15-07:00" level=info msg="Tool required for debug" tool="esp32:mklittlefs@3.0.0-gnu12-dc7f933"
time="2025-09-01T18:40:15-07:00" level=info msg="Tool required for debug" tool="esp32:mkspiffs@0.2.3"
time="2025-09-01T18:40:15-07:00" level=info msg="Tool required for debug" tool="esp32:openocd-esp32@v0.12.0-esp32-20250422"
time="2025-09-01T18:40:15-07:00" level=info msg="Tool required for debug" tool="esp32:riscv32-esp-elf-gdb@16.2_20250324"
time="2025-09-01T18:40:15-07:00" level=info msg="Tool required for debug" tool="esp32:xtensa-esp-elf-gdb@16.2_20250324"
2025-09-01 18:40:15 2025-09-02T01:40:15.805Z daemon INFO time="2025-09-01T18:40:15-07:00" level=info msg="Tool required for debug" tool="builtin:ctags@5.8-arduino11"
time="2025-09-01T18:40:15-07:00" level=info msg="Tool required for debug" tool="builtin:dfu-discovery@0.1.2"
time="2025-09-01T18:40:15-07:00" level=info msg="Tool required for debug" tool="arduino:avr-gcc@7.3.0-atmel3.6.1-arduino7"
time="2025-09-01T18:40:15-07:00" level=info msg="Tool required for debug" tool="arduino:arduinoOTA@1.3.0"
time="2025-09-01T18:40:15-07:00" level=info msg="Tool required for debug" tool="builtin:mdns-discovery@1.0.9"
time="2025-09-01T18:40:15-07:00" level=info msg="Tool required for debug" tool="arduino:avrdude@6.3.0-arduino17"
time="2025-09-01T18:40:15-07:00" level=info msg="Tool required for debug" tool="arduino:openocd@0.11.0-arduino2"
time="2025-09-01T18:40:15-07:00" level=info msg="Tool required for debug" tool="builtin:serial-discovery@1.4.1"
time="2025-09-01T18:40:15-07:00" level=info msg="Tool required for debug" tool="builtin:serial-monitor@0.15.0"
time="2025-09-01T18:40:15-07:00" level=info msg="Tool required for debug" tool="arduino:bossac@1.9.1-arduino5"
time="2025-09-01T18:40:15-07:00" level=info msg="Tool required for debug" tool="arduino:arm-none-eabi-gcc@7-2017q4"
2025-09-01 18:40:15 2025-09-02T01:40:15.808Z daemon INFO time="2025-09-01T18:40:15-07:00" level=info msg="Tool required for debug" tool="arduino:dfu-util@0.11.0-arduino5"
time="2025-09-01T18:40:15-07:00" level=info msg="Tool required for debug" tool="esp32:esp-rv32@2411"
time="2025-09-01T18:40:15-07:00" level=info msg="Tool required for debug" tool="esp32:esp-x32@2411"
time="2025-09-01T18:40:15-07:00" level=info msg="Tool required for debug" tool="esp32:esp32-arduino-libs@idf-release_v5.5-b66b5448-v1"
time="2025-09-01T18:40:15-07:00" level=info msg="Tool required for debug" tool="esp32:esptool_py@5.0.0"
time="2025-09-01T18:40:15-07:00" level=info msg="Tool required for debug" tool="esp32:mklittlefs@3.0.0-gnu12-dc7f933"
time="2025-09-01T18:40:15-07:00" level=info msg="Tool required for debug" tool="esp32:mkspiffs@0.2.3"
time="2025-09-01T18:40:15-07:00" level=info msg="Tool required for debug" tool="esp32:openocd-esp32@v0.12.0-esp32-20250422"
time="2025-09-01T18:40:15-07:00" level=info msg="Tool required for debug" tool="esp32:riscv32-esp-elf-gdb@16.2_20250324"
time="2025-09-01T18:40:15-07:00" level=info msg="Tool required for debug" tool="esp32:xtensa-esp-elf-gdb@16.2_20250324"
2025-09-01 18:40:15 2025-09-02T01:40:15.808Z daemon INFO time="2025-09-01T18:40:15-07:00" level=info msg="Tool required for debug" tool="builtin:serial-discovery@1.4.1"
time="2025-09-01T18:40:15-07:00" level=info msg="Tool required for debug" tool="arduino:bossac@1.9.1-arduino5"
time="2025-09-01T18:40:15-07:00" level=info msg="Tool required for debug" tool="arduino:avrdude@6.3.0-arduino17"
time="2025-09-01T18:40:15-07:00" level=info msg="Tool required for debug" tool="builtin:serial-monitor@0.15.0"
time="2025-09-01T18:40:15-07:00" level=info msg="Tool required for debug" tool="builtin:ctags@5.8-arduino11"
time="2025-09-01T18:40:15-07:00" level=info msg="Tool required for debug" tool="builtin:mdns-discovery@1.0.9"
time="2025-09-01T18:40:15-07:00" level=info msg="Tool required for debug" tool="arduino:arm-none-eabi-gcc@7-2017q4"
time="2025-09-01T18:40:15-07:00" level=info msg="Tool required for debug" tool="arduino:arduinoOTA@1.3.0"
time="2025-09-01T18:40:15-07:00" level=info msg="Tool required for debug" tool="arduino:openocd@0.11.0-arduino2"
time="2025-09-01T18:40:15-07:00" level=info msg="Tool required for debug" tool="builtin:dfu-discovery@0.1.2"
time="2025-09-01T18:40:15-07:00" level=info msg="Tool required for debug" tool="arduino:avr-gcc@7.3.0-atmel3.6.1-arduino7"
2025-09-01 18:40:15 2025-09-02T01:40:15.811Z daemon INFO time="2025-09-01T18:40:15-07:00" level=info msg="Tool required for debug" tool="arduino:dfu-util@0.11.0-arduino5"
time="2025-09-01T18:40:15-07:00" level=info msg="Tool required for debug" tool="esp32:esp-rv32@2411"
time="2025-09-01T18:40:15-07:00" level=info msg="Tool required for debug" tool="esp32:esp-x32@2411"
time="2025-09-01T18:40:15-07:00" level=info msg="Tool required for debug" tool="esp32:esp32-arduino-libs@idf-release_v5.5-b66b5448-v1"
time="2025-09-01T18:40:15-07:00" level=info msg="Tool required for debug" tool="esp32:esptool_py@5.0.0"
time="2025-09-01T18:40:15-07:00" level=info msg="Tool required for debug" tool="esp32:mklittlefs@3.0.0-gnu12-dc7f933"
time="2025-09-01T18:40:15-07:00" level=info msg="Tool required for debug" tool="esp32:mkspiffs@0.2.3"
time="2025-09-01T18:40:15-07:00" level=info msg="Tool required for debug" tool="esp32:openocd-esp32@v0.12.0-esp32-20250422"
time="2025-09-01T18:40:15-07:00" level=info msg="Tool required for debug" tool="esp32:riscv32-esp-elf-gdb@16.2_20250324"
time="2025-09-01T18:40:15-07:00" level=info msg="Tool required for debug" tool="esp32:xtensa-esp-elf-gdb@16.2_20250324"
time="2025-09-01T18:40:15-07:00" level=info msg="Tool required for debug" tool="builtin:ctags@5.8-arduino11"
2025-09-01 18:40:15 2025-09-02T01:40:15.811Z daemon INFO time="2025-09-01T18:40:15-07:00" level=info msg="Tool required for debug" tool="arduino:bossac@1.9.1-arduino5"
time="2025-09-01T18:40:15-07:00" level=info msg="Tool required for debug" tool="arduino:arduinoOTA@1.3.0"
time="2025-09-01T18:40:15-07:00" level=info msg="Tool required for debug" tool="builtin:mdns-discovery@1.0.9"
time="2025-09-01T18:40:15-07:00" level=info msg="Tool required for debug" tool="arduino:openocd@0.11.0-arduino2"
time="2025-09-01T18:40:15-07:00" level=info msg="Tool required for debug" tool="arduino:avrdude@6.3.0-arduino17"
time="2025-09-01T18:40:15-07:00" level=info msg="Tool required for debug" tool="arduino:arm-none-eabi-gcc@7-2017q4"
time="2025-09-01T18:40:15-07:00" level=info msg="Tool required for debug" tool="arduino:avr-gcc@7.3.0-atmel3.6.1-arduino7"
time="2025-09-01T18:40:15-07:00" level=info msg="Tool required for debug" tool="builtin:serial-monitor@0.15.0"
time="2025-09-01T18:40:15-07:00" level=info msg="Tool required for debug" tool="builtin:dfu-discovery@0.1.2"
time="2025-09-01T18:40:15-07:00" level=info msg="Tool required for debug" tool="builtin:serial-discovery@1.4.1"
2025-09-01 18:40:15 2025-09-02T01:40:15.814Z daemon INFO time="2025-09-01T18:40:15-07:00" level=info msg="Tool required for debug" tool="arduino:dfu-util@0.11.0-arduino5"
time="2025-09-01T18:40:15-07:00" level=info msg="Tool required for debug" tool="esp32:esp-rv32@2411"
time="2025-09-01T18:40:15-07:00" level=info msg="Tool required for debug" tool="esp32:esp-x32@2411"
time="2025-09-01T18:40:15-07:00" level=info msg="Tool required for debug" tool="esp32:esp32-arduino-libs@idf-release_v5.5-b66b5448-v1"
time="2025-09-01T18:40:15-07:00" level=info msg="Tool required for debug" tool="esp32:esptool_py@5.0.0"
time="2025-09-01T18:40:15-07:00" level=info msg="Tool required for debug" tool="esp32:mklittlefs@3.0.0-gnu12-dc7f933"
2025-09-01 18:40:15 2025-09-02T01:40:15.814Z daemon INFO time="2025-09-01T18:40:15-07:00" level=info msg="Tool required for debug" tool="esp32:mkspiffs@0.2.3"
time="2025-09-01T18:40:15-07:00" level=info msg="Tool required for debug" tool="esp32:openocd-esp32@v0.12.0-esp32-20250422"
time="2025-09-01T18:40:15-07:00" level=info msg="Tool required for debug" tool="esp32:riscv32-esp-elf-gdb@16.2_20250324"
time="2025-09-01T18:40:15-07:00" level=info msg="Tool required for debug" tool="esp32:xtensa-esp-elf-gdb@16.2_20250324"
time="2025-09-01T18:40:15-07:00" level=info msg="Tool required for debug" tool="builtin:serial-discovery@1.4.1"
time="2025-09-01T18:40:15-07:00" level=info msg="Tool required for debug" tool="builtin:serial-monitor@0.15.0"
time="2025-09-01T18:40:15-07:00" level=info msg="Tool required for debug" tool="arduino:bossac@1.9.1-arduino5"
time="2025-09-01T18:40:15-07:00" level=info msg="Tool required for debug" tool="builtin:dfu-discovery@0.1.2"
time="2025-09-01T18:40:15-07:00" level=info msg="Tool required for debug" tool="builtin:ctags@5.8-arduino11"
time="2025-09-01T18:40:15-07:00" level=info msg="Tool required for debug" tool="arduino:avr-gcc@7.3.0-atmel3.6.1-arduino7"
time="2025-09-01T18:40:15-07:00" level=info msg="Tool required for debug" tool="arduino:arm-none-eabi-gcc@7-2017q4"
time="2025-09-01T18:40:15-07:00" level=info msg="Tool required for debug" tool="builtin:mdns-discovery@1.0.9"
time="2025-09-01T18:40:15-07:00" level=info msg="Tool required for debug" tool="arduino:arduinoOTA@1.3.0"
time="2025-09-01T18:40:15-07:00" level=info msg="Tool required for debug" tool="arduino:avrdude@6.3.0-arduino17"
time="2025-09-01T18:40:15-07:00" level=info msg="Tool required for debug" tool="arduino:openocd@0.11.0-arduino2"
2025-09-01 18:40:15 2025-09-02T01:40:15.817Z daemon INFO time="2025-09-01T18:40:15-07:00" level=info msg="Tool required for debug" tool="arduino:dfu-util@0.11.0-arduino5"
time="2025-09-01T18:40:15-07:00" level=info msg="Tool required for debug" tool="esp32:esp-rv32@2411"
time="2025-09-01T18:40:15-07:00" level=info msg="Tool required for debug" tool="esp32:esp-x32@2411"
time="2025-09-01T18:40:15-07:00" level=info msg="Tool required for debug" tool="esp32:esp32-arduino-libs@idf-release_v5.5-b66b5448-v1"
2025-09-01 18:40:15 2025-09-02T01:40:15.817Z daemon INFO time="2025-09-01T18:40:15-07:00" level=info msg="Tool required for debug" tool="esp32:esptool_py@5.0.0"
time="2025-09-01T18:40:15-07:00" level=info msg="Tool required for debug" tool="esp32:mklittlefs@3.0.0-gnu12-dc7f933"
time="2025-09-01T18:40:15-07:00" level=info msg="Tool required for debug" tool="esp32:mkspiffs@0.2.3"
time="2025-09-01T18:40:15-07:00" level=info msg="Tool required for debug" tool="esp32:openocd-esp32@v0.12.0-esp32-20250422"
time="2025-09-01T18:40:15-07:00" level=info msg="Tool required for debug" tool="esp32:riscv32-esp-elf-gdb@16.2_20250324"
time="2025-09-01T18:40:15-07:00" level=info msg="Tool required for debug" tool="esp32:xtensa-esp-elf-gdb@16.2_20250324"
time="2025-09-01T18:40:15-07:00" level=info msg="Tool required for debug" tool="builtin:serial-discovery@1.4.1"
time="2025-09-01T18:40:15-07:00" level=info msg="Tool required for debug" tool="arduino:avrdude@6.3.0-arduino17"
time="2025-09-01T18:40:15-07:00" level=info msg="Tool required for debug" tool="arduino:openocd@0.11.0-arduino2"
time="2025-09-01T18:40:15-07:00" level=info msg="Tool required for debug" tool="arduino:bossac@1.9.1-arduino5"
time="2025-09-01T18:40:15-07:00" level=info msg="Tool required for debug" tool="builtin:dfu-discovery@0.1.2"
time="2025-09-01T18:40:15-07:00" level=info msg="Tool required for debug" tool="builtin:serial-monitor@0.15.0"
time="2025-09-01T18:40:15-07:00" level=info msg="Tool required for debug" tool="builtin:mdns-discovery@1.0.9"
time="2025-09-01T18:40:15-07:00" level=info msg="Tool required for debug" tool="arduino:arduinoOTA@1.3.0"
time="2025-09-01T18:40:15-07:00" level=info msg="Tool required for debug" tool="arduino:avr-gcc@7.3.0-atmel3.6.1-arduino7"
time="2025-09-01T18:40:15-07:00" level=info msg="Tool required for debug" tool="builtin:ctags@5.8-arduino11"
2025-09-01 18:40:15 2025-09-02T01:40:15.817Z daemon INFO time="2025-09-01T18:40:15-07:00" level=info msg="Tool required for debug" tool="arduino:arm-none-eabi-gcc@7-2017q4"
2025-09-01 18:40:15 2025-09-02T01:40:15.820Z daemon INFO time="2025-09-01T18:40:15-07:00" level=info msg="Tool required for debug" tool="arduino:dfu-util@0.11.0-arduino5"
time="2025-09-01T18:40:15-07:00" level=info msg="Tool required for debug" tool="esp32:esp-rv32@2411"
time="2025-09-01T18:40:15-07:00" level=info msg="Tool required for debug" tool="esp32:esp-x32@2411"
time="2025-09-01T18:40:15-07:00" level=info msg="Tool required for debug" tool="esp32:esp32-arduino-libs@idf-release_v5.5-b66b5448-v1"
time="2025-09-01T18:40:15-07:00" level=info msg="Tool required for debug" tool="esp32:esptool_py@5.0.0"
time="2025-09-01T18:40:15-07:00" level=info msg="Tool required for debug" tool="esp32:mklittlefs@3.0.0-gnu12-dc7f933"
time="2025-09-01T18:40:15-07:00" level=info msg="Tool required for debug" tool="esp32:mkspiffs@0.2.3"
time="2025-09-01T18:40:15-07:00" level=info msg="Tool required for debug" tool="esp32:openocd-esp32@v0.12.0-esp32-20250422"
time="2025-09-01T18:40:15-07:00" level=info msg="Tool required for debug" tool="esp32:riscv32-esp-elf-gdb@16.2_20250324"
2025-09-01 18:40:15 2025-09-02T01:40:15.821Z daemon INFO time="2025-09-01T18:40:15-07:00" level=info msg="Tool required for debug" tool="esp32:xtensa-esp-elf-gdb@16.2_20250324"
time="2025-09-01T18:40:15-07:00" level=info msg="Tool required for debug" tool="arduino:avrdude@6.3.0-arduino17"
time="2025-09-01T18:40:15-07:00" level=info msg="Tool required for debug" tool="builtin:dfu-discovery@0.1.2"
time="2025-09-01T18:40:15-07:00" level=info msg="Tool required for debug" tool="arduino:avr-gcc@7.3.0-atmel3.6.1-arduino7"
time="2025-09-01T18:40:15-07:00" level=info msg="Tool required for debug" tool="arduino:arduinoOTA@1.3.0"
time="2025-09-01T18:40:15-07:00" level=info msg="Tool required for debug" tool="builtin:mdns-discovery@1.0.9"
time="2025-09-01T18:40:15-07:00" level=info msg="Tool required for debug" tool="builtin:serial-discovery@1.4.1"
time="2025-09-01T18:40:15-07:00" level=info msg="Tool required for debug" tool="builtin:serial-monitor@0.15.0"
time="2025-09-01T18:40:15-07:00" level=info msg="Tool required for debug" tool="arduino:arm-none-eabi-gcc@7-2017q4"
time="2025-09-01T18:40:15-07:00" level=info msg="Tool required for debug" tool="arduino:openocd@0.11.0-arduino2"
time="2025-09-01T18:40:15-07:00" level=info msg="Tool required for debug" tool="builtin:ctags@5.8-arduino11"
time="2025-09-01T18:40:15-07:00" level=info msg="Tool required for debug" tool="arduino:bossac@1.9.1-arduino5"
2025-09-01 18:40:15 2025-09-02T01:40:15.824Z daemon INFO time="2025-09-01T18:40:15-07:00" level=info msg="Tool required for debug" tool="arduino:dfu-util@0.11.0-arduino5"
time="2025-09-01T18:40:15-07:00" level=info msg="Tool required for debug" tool="esp32:esp-rv32@2411"
time="2025-09-01T18:40:15-07:00" level=info msg="Tool required for debug" tool="esp32:esp-x32@2411"
time="2025-09-01T18:40:15-07:00" level=info msg="Tool required for debug" tool="esp32:esp32-arduino-libs@idf-release_v5.5-b66b5448-v1"
time="2025-09-01T18:40:15-07:00" level=info msg="Tool required for debug" tool="esp32:esptool_py@5.0.0"
time="2025-09-01T18:40:15-07:00" level=info msg="Tool required for debug" tool="esp32:mklittlefs@3.0.0-gnu12-dc7f933"
time="2025-09-01T18:40:15-07:00" level=info msg="Tool required for debug" tool="esp32:mkspiffs@0.2.3"
time="2025-09-01T18:40:15-07:00" level=info msg="Tool required for debug" tool="esp32:openocd-esp32@v0.12.0-esp32-20250422"
time="2025-09-01T18:40:15-07:00" level=info msg="Tool required for debug" tool="esp32:riscv32-esp-elf-gdb@16.2_20250324"
time="2025-09-01T18:40:15-07:00" level=info msg="Tool required for debug" tool="esp32:xtensa-esp-elf-gdb@16.2_20250324"
time="2025-09-01T18:40:15-07:00" level=info msg="Tool required for debug" tool="builtin:serial-discovery@1.4.1"
2025-09-01 18:40:15 2025-09-02T01:40:15.824Z daemon INFO time="2025-09-01T18:40:15-07:00" level=info msg="Tool required for debug" tool="builtin:ctags@5.8-arduino11"
time="2025-09-01T18:40:15-07:00" level=info msg="Tool required for debug" tool="arduino:avrdude@6.3.0-arduino17"
time="2025-09-01T18:40:15-07:00" level=info msg="Tool required for debug" tool="builtin:mdns-discovery@1.0.9"
time="2025-09-01T18:40:15-07:00" level=info msg="Tool required for debug" tool="arduino:arduinoOTA@1.3.0"
time="2025-09-01T18:40:15-07:00" level=info msg="Tool required for debug" tool="arduino:openocd@0.11.0-arduino2"
time="2025-09-01T18:40:15-07:00" level=info msg="Tool required for debug" tool="arduino:arm-none-eabi-gcc@7-2017q4"
time="2025-09-01T18:40:15-07:00" level=info msg="Tool required for debug" tool="arduino:avr-gcc@7.3.0-atmel3.6.1-arduino7"
time="2025-09-01T18:40:15-07:00" level=info msg="Tool required for debug" tool="arduino:bossac@1.9.1-arduino5"
time="2025-09-01T18:40:15-07:00" level=info msg="Tool required for debug" tool="builtin:dfu-discovery@0.1.2"
time="2025-09-01T18:40:15-07:00" level=info msg="Tool required for debug" tool="builtin:serial-monitor@0.15.0"
2025-09-01 18:40:15 2025-09-02T01:40:15.827Z daemon INFO time="2025-09-01T18:40:15-07:00" level=info msg="Tool required for debug" tool="arduino:dfu-util@0.11.0-arduino5"
time="2025-09-01T18:40:15-07:00" level=info msg="Tool required for debug" tool="esp32:esp-rv32@2411"
time="2025-09-01T18:40:15-07:00" level=info msg="Tool required for debug" tool="esp32:esp-x32@2411"
time="2025-09-01T18:40:15-07:00" level=info msg="Tool required for debug" tool="esp32:esp32-arduino-libs@idf-release_v5.5-b66b5448-v1"
time="2025-09-01T18:40:15-07:00" level=info msg="Tool required for debug" tool="esp32:esptool_py@5.0.0"
time="2025-09-01T18:40:15-07:00" level=info msg="Tool required for debug" tool="esp32:mklittlefs@3.0.0-gnu12-dc7f933"
time="2025-09-01T18:40:15-07:00" level=info msg="Tool required for debug" tool="esp32:mkspiffs@0.2.3"
time="2025-09-01T18:40:15-07:00" level=info msg="Tool required for debug" tool="esp32:openocd-esp32@v0.12.0-esp32-20250422"
time="2025-09-01T18:40:15-07:00" level=info msg="Tool required for debug" tool="esp32:riscv32-esp-elf-gdb@16.2_20250324"
time="2025-09-01T18:40:15-07:00" level=info msg="Tool required for debug" tool="esp32:xtensa-esp-elf-gdb@16.2_20250324"
2025-09-01 18:40:15 2025-09-02T01:40:15.827Z daemon INFO time="2025-09-01T18:40:15-07:00" level=info msg="Tool required for debug" tool="builtin:dfu-discovery@0.1.2"
time="2025-09-01T18:40:15-07:00" level=info msg="Tool required for debug" tool="builtin:mdns-discovery@1.0.9"
time="2025-09-01T18:40:15-07:00" level=info msg="Tool required for debug" tool="builtin:serial-discovery@1.4.1"
time="2025-09-01T18:40:15-07:00" level=info msg="Tool required for debug" tool="arduino:arm-none-eabi-gcc@7-2017q4"
time="2025-09-01T18:40:15-07:00" level=info msg="Tool required for debug" tool="arduino:avrdude@6.3.0-arduino17"
time="2025-09-01T18:40:15-07:00" level=info msg="Tool required for debug" tool="builtin:serial-monitor@0.15.0"
time="2025-09-01T18:40:15-07:00" level=info msg="Tool required for debug" tool="arduino:openocd@0.11.0-arduino2"
time="2025-09-01T18:40:15-07:00" level=info msg="Tool required for debug" tool="arduino:arduinoOTA@1.3.0"
time="2025-09-01T18:40:15-07:00" level=info msg="Tool required for debug" tool="builtin:ctags@5.8-arduino11"
time="2025-09-01T18:40:15-07:00" level=info msg="Tool required for debug" tool="arduino:avr-gcc@7.3.0-atmel3.6.1-arduino7"
time="2025-09-01T18:40:15-07:00" level=info msg="Tool required for debug" tool="arduino:bossac@1.9.1-arduino5"
2025-09-01 18:40:15 2025-09-02T01:40:15.830Z daemon INFO time="2025-09-01T18:40:15-07:00" level=info msg="Tool required for debug" tool="arduino:dfu-util@0.11.0-arduino5"
time="2025-09-01T18:40:15-07:00" level=info msg="Tool required for debug" tool="esp32:esp-rv32@2411"
time="2025-09-01T18:40:15-07:00" level=info msg="Tool required for debug" tool="esp32:esp-x32@2411"
time="2025-09-01T18:40:15-07:00" level=info msg="Tool required for debug" tool="esp32:esp32-arduino-libs@idf-release_v5.5-b66b5448-v1"
time="2025-09-01T18:40:15-07:00" level=info msg="Tool required for debug" tool="esp32:esptool_py@5.0.0"
time="2025-09-01T18:40:15-07:00" level=info msg="Tool required for debug" tool="esp32:mklittlefs@3.0.0-gnu12-dc7f933"
time="2025-09-01T18:40:15-07:00" level=info msg="Tool required for debug" tool="esp32:mkspiffs@0.2.3"
time="2025-09-01T18:40:15-07:00" level=info msg="Tool required for debug" tool="esp32:openocd-esp32@v0.12.0-esp32-20250422"
time="2025-09-01T18:40:15-07:00" level=info msg="Tool required for debug" tool="esp32:riscv32-esp-elf-gdb@16.2_20250324"
2025-09-01 18:40:15 2025-09-02T01:40:15.830Z daemon INFO time="2025-09-01T18:40:15-07:00" level=info msg="Tool required for debug" tool="esp32:xtensa-esp-elf-gdb@16.2_20250324"
time="2025-09-01T18:40:15-07:00" level=info msg="Tool required for debug" tool="builtin:dfu-discovery@0.1.2"
time="2025-09-01T18:40:15-07:00" level=info msg="Tool required for debug" tool="builtin:mdns-discovery@1.0.9"
time="2025-09-01T18:40:15-07:00" level=info msg="Tool required for debug" tool="builtin:serial-discovery@1.4.1"
time="2025-09-01T18:40:15-07:00" level=info msg="Tool required for debug" tool="arduino:avrdude@6.3.0-arduino17"
time="2025-09-01T18:40:15-07:00" level=info msg="Tool required for debug" tool="arduino:openocd@0.11.0-arduino2"
time="2025-09-01T18:40:15-07:00" level=info msg="Tool required for debug" tool="arduino:arm-none-eabi-gcc@7-2017q4"
time="2025-09-01T18:40:15-07:00" level=info msg="Tool required for debug" tool="builtin:ctags@5.8-arduino11"
time="2025-09-01T18:40:15-07:00" level=info msg="Tool required for debug" tool="builtin:serial-monitor@0.15.0"
time="2025-09-01T18:40:15-07:00" level=info msg="Tool required for debug" tool="arduino:arduinoOTA@1.3.0"
time="2025-09-01T18:40:15-07:00" level=info msg="Tool required for debug" tool="arduino:avr-gcc@7.3.0-atmel3.6.1-arduino7"
time="2025-09-01T18:40:15-07:00" level=info msg="Tool required for debug" tool="arduino:bossac@1.9.1-arduino5"
2025-09-01 18:40:19 2025-09-02T01:40:19.561Z daemon INFO time="2025-09-01T18:40:19-07:00" level=info msg="Adding libraries dir" dir=/home/aaron/.arduino15/libraries isSingleLibrary=false location=ide
time="2025-09-01T18:40:19-07:00" level=info msg="Adding libraries dir" dir=/home/aaron/.arduino15/packages/esp32/hardware/esp32/3.3.0/libraries isSingleLibrary=false location=platform
time="2025-09-01T18:40:19-07:00" level=info msg="Adding libraries dir" dir=/home/aaron/Arduino/libraries isSingleLibrary=false location=user
2025-09-01 18:40:20 2025-09-02T01:40:20.819Z daemon INFO time="2025-09-01T18:40:20-07:00" level=info msg="Resolving include FS.h for arch esp32"
time="2025-09-01T18:40:20-07:00" level=info msg="  found better lib" lib=FS prio=6B0
2025-09-01 18:40:21 2025-09-02T01:40:21.816Z daemon INFO time="2025-09-01T18:40:21-07:00" level=info msg="Resolving include SD_MMC.h for arch esp32"
time="2025-09-01T18:40:21-07:00" level=info msg="  found better lib" lib=SD_MMC prio=6B0
2025-09-01 18:40:22 2025-09-02T01:40:22.802Z daemon INFO time="2025-09-01T18:40:22-07:00" level=info msg="Resolving include SPI.h for arch esp32"
time="2025-09-01T18:40:22-07:00" level=info msg="  found better lib" lib=SPI prio=6B0
2025-09-01 18:40:23 2025-09-02T01:40:23.833Z daemon INFO time="2025-09-01T18:40:23-07:00" level=info msg="Resolving include lvgl.h for arch esp32"
time="2025-09-01T18:40:23-07:00" level=info msg="  found better lib" lib=lvgl prio=6A7
2025-09-01 18:40:24 2025-09-02T01:40:24.925Z daemon INFO time="2025-09-01T18:40:24-07:00" level=info msg="Resolving include WiFi.h for arch esp32"
time="2025-09-01T18:40:24-07:00" level=info msg="  found better lib" lib=WiFi prio=6B0
2025-09-01 18:40:26 2025-09-02T01:40:26.080Z daemon INFO time="2025-09-01T18:40:26-07:00" level=info msg="Resolving include Network.h for arch esp32"
time="2025-09-01T18:40:26-07:00" level=info msg="  found better lib" lib=Networking prio=64C
2025-09-01 18:40:27 2025-09-02T01:40:27.226Z daemon INFO time="2025-09-01T18:40:27-07:00" level=info msg="Resolving include BLEDevice.h for arch esp32"
time="2025-09-01T18:40:27-07:00" level=info msg="  found better lib" lib=BLE prio=3F4
2025-09-01 18:40:28 2025-09-02T01:40:28.672Z daemon INFO time="2025-09-01T18:40:28-07:00" level=info msg="Resolving include Wire.h for arch esp32"
time="2025-09-01T18:40:28-07:00" level=info msg="  found better lib" lib=Wire prio=6B0
2025-09-01 18:40:30 2025-09-02T01:40:30.042Z daemon INFO time="2025-09-01T18:40:30-07:00" level=info msg="Resolving include OneButton.h for arch esp32"
time="2025-09-01T18:40:30-07:00" level=info msg="  found better lib" lib=OneButton prio=6A7
2025-09-01 18:41:18 2025-09-02T01:41:18.580Z daemon INFO time="2025-09-01T18:41:18-07:00" level=info msg="Adding libraries dir" dir=/home/aaron/.arduino15/libraries isSingleLibrary=false location=ide
time="2025-09-01T18:41:18-07:00" level=info msg="Adding libraries dir" dir=/home/aaron/.arduino15/packages/esp32/hardware/esp32/3.3.0/libraries isSingleLibrary=false location=platform
2025-09-01 18:41:18 2025-09-02T01:41:18.580Z daemon INFO time="2025-09-01T18:41:18-07:00" level=info msg="Adding libraries dir" dir=/home/aaron/Arduino/libraries isSingleLibrary=false location=user
2025-09-01 18:42:12 2025-09-02T01:42:12.861Z daemon INFO time="2025-09-01T18:42:12-07:00" level=info msg="Adding libraries dir" dir=/home/aaron/.arduino15/libraries isSingleLibrary=false location=ide
time="2025-09-01T18:42:12-07:00" level=info msg="Adding libraries dir" dir=/home/aaron/.arduino15/packages/esp32/hardware/esp32/3.3.0/libraries isSingleLibrary=false location=platform
2025-09-01 18:42:12 2025-09-02T01:42:12.861Z daemon INFO time="2025-09-01T18:42:12-07:00" level=info msg="Adding libraries dir" dir=/home/aaron/Arduino/libraries isSingleLibrary=false location=user
2025-09-01 18:42:14 2025-09-02T01:42:14.053Z daemon INFO time="2025-09-01T18:42:14-07:00" level=info msg="Resolving include FS.h for arch esp32"
time="2025-09-01T18:42:14-07:00" level=info msg="  found better lib" lib=FS prio=6B0
2025-09-01 18:42:15 2025-09-02T01:42:15.005Z daemon INFO time="2025-09-01T18:42:15-07:00" level=info msg="Resolving include SD_MMC.h for arch esp32"
time="2025-09-01T18:42:15-07:00" level=info msg="  found better lib" lib=SD_MMC prio=6B0
2025-09-01 18:42:16 2025-09-02T01:42:16.035Z daemon INFO time="2025-09-01T18:42:16-07:00" level=info msg="Resolving include SPI.h for arch esp32"
time="2025-09-01T18:42:16-07:00" level=info msg="  found better lib" lib=SPI prio=6B0
2025-09-01 18:42:17 2025-09-02T01:42:17.015Z daemon INFO time="2025-09-01T18:42:17-07:00" level=info msg="Resolving include lvgl.h for arch esp32"
time="2025-09-01T18:42:17-07:00" level=info msg="  found better lib" lib=lvgl prio=6A7
2025-09-01 18:42:18 2025-09-02T01:42:18.054Z daemon INFO time="2025-09-01T18:42:18-07:00" level=info msg="Resolving include WiFi.h for arch esp32"
time="2025-09-01T18:42:18-07:00" level=info msg="  found better lib" lib=WiFi prio=6B0
2025-09-01 18:42:19 2025-09-02T01:42:19.154Z daemon INFO time="2025-09-01T18:42:19-07:00" level=info msg="Resolving include Network.h for arch esp32"
time="2025-09-01T18:42:19-07:00" level=info msg="  found better lib" lib=Networking prio=64C
2025-09-01 18:42:20 2025-09-02T01:42:20.241Z daemon INFO time="2025-09-01T18:42:20-07:00" level=info msg="Resolving include BLEDevice.h for arch esp32"
time="2025-09-01T18:42:20-07:00" level=info msg="  found better lib" lib=BLE prio=3F4
2025-09-01 18:42:21 2025-09-02T01:42:21.566Z daemon INFO time="2025-09-01T18:42:21-07:00" level=info msg="Resolving include Wire.h for arch esp32"
time="2025-09-01T18:42:21-07:00" level=info msg="  found better lib" lib=Wire prio=6B0
2025-09-01 18:42:23 2025-09-02T01:42:23.755Z daemon INFO time="2025-09-01T18:42:23-07:00" level=info msg="Resolving include OneButton.h for arch esp32"
time="2025-09-01T18:42:23-07:00" level=info msg="  found better lib" lib=OneButton prio=6A7
2025-09-01 18:42:50 2025-09-02T01:42:50.235Z root INFO Executing 'arduino.languageserver.notifyBuildDidComplete' with "file:///home/aaron/.cache/arduino/sketches/0F5F981DEC55CA0157CC27C69011D142"
2025-09-01 18:42:50 2025-09-02T01:42:50.333Z daemon INFO time="2025-09-01T18:42:50-07:00" level=info msg="Tool required for debug" tool="arduino:dfu-util@0.11.0-arduino5"
time="2025-09-01T18:42:50-07:00" level=info msg="Tool required for debug" tool="esp32:esp-rv32@2411"
time="2025-09-01T18:42:50-07:00" level=info msg="Tool required for debug" tool="esp32:esp-x32@2411"
2025-09-01 18:42:50 2025-09-02T01:42:50.334Z daemon INFO time="2025-09-01T18:42:50-07:00" level=info msg="Tool required for debug" tool="esp32:esp32-arduino-libs@idf-release_v5.5-b66b5448-v1"
time="2025-09-01T18:42:50-07:00" level=info msg="Tool required for debug" tool="esp32:esptool_py@5.0.0"
time="2025-09-01T18:42:50-07:00" level=info msg="Tool required for debug" tool="esp32:mklittlefs@3.0.0-gnu12-dc7f933"
time="2025-09-01T18:42:50-07:00" level=info msg="Tool required for debug" tool="esp32:mkspiffs@0.2.3"
time="2025-09-01T18:42:50-07:00" level=info msg="Tool required for debug" tool="esp32:openocd-esp32@v0.12.0-esp32-20250422"
time="2025-09-01T18:42:50-07:00" level=info msg="Tool required for debug" tool="esp32:riscv32-esp-elf-gdb@16.2_20250324"
time="2025-09-01T18:42:50-07:00" level=info msg="Tool required for debug" tool="esp32:xtensa-esp-elf-gdb@16.2_20250324"
time="2025-09-01T18:42:50-07:00" level=info msg="Tool required for debug" tool="arduino:arduinoOTA@1.3.0"
2025-09-01 18:42:50 2025-09-02T01:42:50.334Z daemon INFO time="2025-09-01T18:42:50-07:00" level=info msg="Tool required for debug" tool="arduino:openocd@0.11.0-arduino2"
time="2025-09-01T18:42:50-07:00" level=info msg="Tool required for debug" tool="builtin:serial-monitor@0.15.0"
2025-09-01 18:42:50 2025-09-02T01:42:50.334Z daemon INFO time="2025-09-01T18:42:50-07:00" level=info msg="Tool required for debug" tool="arduino:arm-none-eabi-gcc@7-2017q4"
time="2025-09-01T18:42:50-07:00" level=info msg="Tool required for debug" tool="builtin:serial-discovery@1.4.1"
2025-09-01 18:42:50 2025-09-02T01:42:50.334Z daemon INFO time="2025-09-01T18:42:50-07:00" level=info msg="Tool required for debug" tool="builtin:ctags@5.8-arduino11"
time="2025-09-01T18:42:50-07:00" level=info msg="Tool required for debug" tool="builtin:dfu-discovery@0.1.2"
2025-09-01 18:42:50 2025-09-02T01:42:50.334Z daemon INFO time="2025-09-01T18:42:50-07:00" level=info msg="Tool required for debug" tool="builtin:mdns-discovery@1.0.9"
time="2025-09-01T18:42:50-07:00" level=info msg="Tool required for debug" tool="arduino:avrdude@6.3.0-arduino17"
2025-09-01 18:42:50 2025-09-02T01:42:50.334Z daemon INFO time="2025-09-01T18:42:50-07:00" level=info msg="Tool required for debug" tool="arduino:avr-gcc@7.3.0-atmel3.6.1-arduino7"
time="2025-09-01T18:42:50-07:00" level=info msg="Tool required for debug" tool="arduino:bossac@1.9.1-arduino5"
2025-09-01 18:42:50 2025-09-02T01:42:50.342Z daemon INFO time="2025-09-01T18:42:50-07:00" level=info msg="Tool required for debug" tool="arduino:dfu-util@0.11.0-arduino5"
time="2025-09-01T18:42:50-07:00" level=info msg="Tool required for debug" tool="esp32:esp-rv32@2411"
time="2025-09-01T18:42:50-07:00" level=info msg="Tool required for debug" tool="esp32:esp-x32@2411"
time="2025-09-01T18:42:50-07:00" level=info msg="Tool required for debug" tool="esp32:esp32-arduino-libs@idf-release_v5.5-b66b5448-v1"
2025-09-01 18:42:50 2025-09-02T01:42:50.342Z daemon INFO time="2025-09-01T18:42:50-07:00" level=info msg="Tool required for debug" tool="esp32:esptool_py@5.0.0"
time="2025-09-01T18:42:50-07:00" level=info msg="Tool required for debug" tool="esp32:mklittlefs@3.0.0-gnu12-dc7f933"
time="2025-09-01T18:42:50-07:00" level=info msg="Tool required for debug" tool="esp32:mkspiffs@0.2.3"
time="2025-09-01T18:42:50-07:00" level=info msg="Tool required for debug" tool="esp32:openocd-esp32@v0.12.0-esp32-20250422"
time="2025-09-01T18:42:50-07:00" level=info msg="Tool required for debug" tool="esp32:riscv32-esp-elf-gdb@16.2_20250324"
time="2025-09-01T18:42:50-07:00" level=info msg="Tool required for debug" tool="esp32:xtensa-esp-elf-gdb@16.2_20250324"
time="2025-09-01T18:42:50-07:00" level=info msg="Tool required for debug" tool="builtin:mdns-discovery@1.0.9"
2025-09-01 18:42:50 2025-09-02T01:42:50.342Z daemon INFO time="2025-09-01T18:42:50-07:00" level=info msg="Tool required for debug" tool="arduino:avr-gcc@7.3.0-atmel3.6.1-arduino7"
time="2025-09-01T18:42:50-07:00" level=info msg="Tool required for debug" tool="arduino:bossac@1.9.1-arduino5"
time="2025-09-01T18:42:50-07:00" level=info msg="Tool required for debug" tool="arduino:openocd@0.11.0-arduino2"
time="2025-09-01T18:42:50-07:00" level=info msg="Tool required for debug" tool="builtin:ctags@5.8-arduino11"
2025-09-01 18:42:50 2025-09-02T01:42:50.342Z daemon INFO time="2025-09-01T18:42:50-07:00" level=info msg="Tool required for debug" tool="arduino:avrdude@6.3.0-arduino17"
time="2025-09-01T18:42:50-07:00" level=info msg="Tool required for debug" tool="builtin:serial-discovery@1.4.1"
2025-09-01 18:42:50 2025-09-02T01:42:50.342Z daemon INFO time="2025-09-01T18:42:50-07:00" level=info msg="Tool required for debug" tool="builtin:dfu-discovery@0.1.2"
time="2025-09-01T18:42:50-07:00" level=info msg="Tool required for debug" tool="arduino:arm-none-eabi-gcc@7-2017q4"
2025-09-01 18:42:50 2025-09-02T01:42:50.342Z daemon INFO time="2025-09-01T18:42:50-07:00" level=info msg="Tool required for debug" tool="arduino:arduinoOTA@1.3.0"
time="2025-09-01T18:42:50-07:00" level=info msg="Tool required for debug" tool="builtin:serial-monitor@0.15.0"
2025-09-01 18:42:50 2025-09-02T01:42:50.349Z daemon INFO time="2025-09-01T18:42:50-07:00" level=info msg="Tool required for debug" tool="arduino:dfu-util@0.11.0-arduino5"
time="2025-09-01T18:42:50-07:00" level=info msg="Tool required for debug" tool="esp32:esp-rv32@2411"
time="2025-09-01T18:42:50-07:00" level=info msg="Tool required for debug" tool="esp32:esp-x32@2411"
time="2025-09-01T18:42:50-07:00" level=info msg="Tool required for debug" tool="esp32:esp32-arduino-libs@idf-release_v5.5-b66b5448-v1"
time="2025-09-01T18:42:50-07:00" level=info msg="Tool required for debug" tool="esp32:esptool_py@5.0.0"
2025-09-01 18:42:50 2025-09-02T01:42:50.349Z daemon INFO time="2025-09-01T18:42:50-07:00" level=info msg="Tool required for debug" tool="esp32:mklittlefs@3.0.0-gnu12-dc7f933"
time="2025-09-01T18:42:50-07:00" level=info msg="Tool required for debug" tool="esp32:mkspiffs@0.2.3"
time="2025-09-01T18:42:50-07:00" level=info msg="Tool required for debug" tool="esp32:openocd-esp32@v0.12.0-esp32-20250422"
time="2025-09-01T18:42:50-07:00" level=info msg="Tool required for debug" tool="esp32:riscv32-esp-elf-gdb@16.2_20250324"
time="2025-09-01T18:42:50-07:00" level=info msg="Tool required for debug" tool="esp32:xtensa-esp-elf-gdb@16.2_20250324"
time="2025-09-01T18:42:50-07:00" level=info msg="Tool required for debug" tool="builtin:ctags@5.8-arduino11"
time="2025-09-01T18:42:50-07:00" level=info msg="Tool required for debug" tool="builtin:mdns-discovery@1.0.9"
2025-09-01 18:42:50 2025-09-02T01:42:50.349Z daemon INFO time="2025-09-01T18:42:50-07:00" level=info msg="Tool required for debug" tool="arduino:avr-gcc@7.3.0-atmel3.6.1-arduino7"
time="2025-09-01T18:42:50-07:00" level=info msg="Tool required for debug" tool="builtin:serial-monitor@0.15.0"
2025-09-01 18:42:50 2025-09-02T01:42:50.350Z daemon INFO time="2025-09-01T18:42:50-07:00" level=info msg="Tool required for debug" tool="builtin:dfu-discovery@0.1.2"
time="2025-09-01T18:42:50-07:00" level=info msg="Tool required for debug" tool="arduino:arm-none-eabi-gcc@7-2017q4"
2025-09-01 18:42:50 2025-09-02T01:42:50.350Z daemon INFO time="2025-09-01T18:42:50-07:00" level=info msg="Tool required for debug" tool="arduino:bossac@1.9.1-arduino5"
time="2025-09-01T18:42:50-07:00" level=info msg="Tool required for debug" tool="arduino:arduinoOTA@1.3.0"
time="2025-09-01T18:42:50-07:00" level=info msg="Tool required for debug" tool="arduino:avrdude@6.3.0-arduino17"
2025-09-01 18:42:50 2025-09-02T01:42:50.350Z daemon INFO time="2025-09-01T18:42:50-07:00" level=info msg="Tool required for debug" tool="builtin:serial-discovery@1.4.1"
time="2025-09-01T18:42:50-07:00" level=info msg="Tool required for debug" tool="arduino:openocd@0.11.0-arduino2"
2025-09-01 18:42:50 2025-09-02T01:42:50.357Z daemon INFO time="2025-09-01T18:42:50-07:00" level=info msg="Tool required for debug" tool="arduino:dfu-util@0.11.0-arduino5"
time="2025-09-01T18:42:50-07:00" level=info msg="Tool required for debug" tool="esp32:esp-rv32@2411"
time="2025-09-01T18:42:50-07:00" level=info msg="Tool required for debug" tool="esp32:esp-x32@2411"
time="2025-09-01T18:42:50-07:00" level=info msg="Tool required for debug" tool="esp32:esp32-arduino-libs@idf-release_v5.5-b66b5448-v1"
time="2025-09-01T18:42:50-07:00" level=info msg="Tool required for debug" tool="esp32:esptool_py@5.0.0"
2025-09-01 18:42:50 2025-09-02T01:42:50.357Z daemon INFO time="2025-09-01T18:42:50-07:00" level=info msg="Tool required for debug" tool="esp32:mklittlefs@3.0.0-gnu12-dc7f933"
time="2025-09-01T18:42:50-07:00" level=info msg="Tool required for debug" tool="esp32:mkspiffs@0.2.3"
time="2025-09-01T18:42:50-07:00" level=info msg="Tool required for debug" tool="esp32:openocd-esp32@v0.12.0-esp32-20250422"
time="2025-09-01T18:42:50-07:00" level=info msg="Tool required for debug" tool="esp32:riscv32-esp-elf-gdb@16.2_20250324"
time="2025-09-01T18:42:50-07:00" level=info msg="Tool required for debug" tool="esp32:xtensa-esp-elf-gdb@16.2_20250324"
time="2025-09-01T18:42:50-07:00" level=info msg="Tool required for debug" tool="builtin:ctags@5.8-arduino11"
time="2025-09-01T18:42:50-07:00" level=info msg="Tool required for debug" tool="builtin:dfu-discovery@0.1.2"
2025-09-01 18:42:50 2025-09-02T01:42:50.357Z daemon INFO time="2025-09-01T18:42:50-07:00" level=info msg="Tool required for debug" tool="arduino:arm-none-eabi-gcc@7-2017q4"
time="2025-09-01T18:42:50-07:00" level=info msg="Tool required for debug" tool="arduino:arduinoOTA@1.3.0"
time="2025-09-01T18:42:50-07:00" level=info msg="Tool required for debug" tool="builtin:serial-monitor@0.15.0"
time="2025-09-01T18:42:50-07:00" level=info msg="Tool required for debug" tool="builtin:mdns-discovery@1.0.9"
2025-09-01 18:42:50 2025-09-02T01:42:50.357Z daemon INFO time="2025-09-01T18:42:50-07:00" level=info msg="Tool required for debug" tool="builtin:serial-discovery@1.4.1"
time="2025-09-01T18:42:50-07:00" level=info msg="Tool required for debug" tool="arduino:avr-gcc@7.3.0-atmel3.6.1-arduino7"
time="2025-09-01T18:42:50-07:00" level=info msg="Tool required for debug" tool="arduino:bossac@1.9.1-arduino5"
time="2025-09-01T18:42:50-07:00" level=info msg="Tool required for debug" tool="arduino:avrdude@6.3.0-arduino17"
time="2025-09-01T18:42:50-07:00" level=info msg="Tool required for debug" tool="arduino:openocd@0.11.0-arduino2"
2025-09-01 18:42:50 2025-09-02T01:42:50.364Z daemon INFO time="2025-09-01T18:42:50-07:00" level=info msg="Tool required for debug" tool="arduino:dfu-util@0.11.0-arduino5"
time="2025-09-01T18:42:50-07:00" level=info msg="Tool required for debug" tool="esp32:esp-rv32@2411"
time="2025-09-01T18:42:50-07:00" level=info msg="Tool required for debug" tool="esp32:esp-x32@2411"
time="2025-09-01T18:42:50-07:00" level=info msg="Tool required for debug" tool="esp32:esp32-arduino-libs@idf-release_v5.5-b66b5448-v1"
time="2025-09-01T18:42:50-07:00" level=info msg="Tool required for debug" tool="esp32:esptool_py@5.0.0"
2025-09-01 18:42:50 2025-09-02T01:42:50.364Z daemon INFO time="2025-09-01T18:42:50-07:00" level=info msg="Tool required for debug" tool="esp32:mklittlefs@3.0.0-gnu12-dc7f933"
time="2025-09-01T18:42:50-07:00" level=info msg="Tool required for debug" tool="esp32:mkspiffs@0.2.3"
time="2025-09-01T18:42:50-07:00" level=info msg="Tool required for debug" tool="esp32:openocd-esp32@v0.12.0-esp32-20250422"
time="2025-09-01T18:42:50-07:00" level=info msg="Tool required for debug" tool="esp32:riscv32-esp-elf-gdb@16.2_20250324"
time="2025-09-01T18:42:50-07:00" level=info msg="Tool required for debug" tool="esp32:xtensa-esp-elf-gdb@16.2_20250324"
time="2025-09-01T18:42:50-07:00" level=info msg="Tool required for debug" tool="builtin:mdns-discovery@1.0.9"
time="2025-09-01T18:42:50-07:00" level=info msg="Tool required for debug" tool="arduino:openocd@0.11.0-arduino2"
2025-09-01 18:42:50 2025-09-02T01:42:50.364Z daemon INFO time="2025-09-01T18:42:50-07:00" level=info msg="Tool required for debug" tool="arduino:avr-gcc@7.3.0-atmel3.6.1-arduino7"
time="2025-09-01T18:42:50-07:00" level=info msg="Tool required for debug" tool="arduino:bossac@1.9.1-arduino5"
time="2025-09-01T18:42:50-07:00" level=info msg="Tool required for debug" tool="arduino:arduinoOTA@1.3.0"
time="2025-09-01T18:42:50-07:00" level=info msg="Tool required for debug" tool="arduino:avrdude@6.3.0-arduino17"
time="2025-09-01T18:42:50-07:00" level=info msg="Tool required for debug" tool="arduino:arm-none-eabi-gcc@7-2017q4"
2025-09-01 18:42:50 2025-09-02T01:42:50.365Z daemon INFO time="2025-09-01T18:42:50-07:00" level=info msg="Tool required for debug" tool="builtin:dfu-discovery@0.1.2"
time="2025-09-01T18:42:50-07:00" level=info msg="Tool required for debug" tool="builtin:serial-discovery@1.4.1"
time="2025-09-01T18:42:50-07:00" level=info msg="Tool required for debug" tool="builtin:ctags@5.8-arduino11"
time="2025-09-01T18:42:50-07:00" level=info msg="Tool required for debug" tool="builtin:serial-monitor@0.15.0"
2025-09-01 18:42:50 2025-09-02T01:42:50.375Z daemon INFO time="2025-09-01T18:42:50-07:00" level=info msg="Tool required for debug" tool="arduino:dfu-util@0.11.0-arduino5"
time="2025-09-01T18:42:50-07:00" level=info msg="Tool required for debug" tool="esp32:esp-rv32@2411"
time="2025-09-01T18:42:50-07:00" level=info msg="Tool required for debug" tool="esp32:esp-x32@2411"
time="2025-09-01T18:42:50-07:00" level=info msg="Tool required for debug" tool="esp32:esp32-arduino-libs@idf-release_v5.5-b66b5448-v1"
2025-09-01 18:42:50 2025-09-02T01:42:50.375Z daemon INFO time="2025-09-01T18:42:50-07:00" level=info msg="Tool required for debug" tool="esp32:esptool_py@5.0.0"
time="2025-09-01T18:42:50-07:00" level=info msg="Tool required for debug" tool="esp32:mklittlefs@3.0.0-gnu12-dc7f933"
time="2025-09-01T18:42:50-07:00" level=info msg="Tool required for debug" tool="esp32:mkspiffs@0.2.3"
time="2025-09-01T18:42:50-07:00" level=info msg="Tool required for debug" tool="esp32:openocd-esp32@v0.12.0-esp32-20250422"
time="2025-09-01T18:42:50-07:00" level=info msg="Tool required for debug" tool="esp32:riscv32-esp-elf-gdb@16.2_20250324"
time="2025-09-01T18:42:50-07:00" level=info msg="Tool required for debug" tool="esp32:xtensa-esp-elf-gdb@16.2_20250324"
time="2025-09-01T18:42:50-07:00" level=info msg="Tool required for debug" tool="builtin:mdns-discovery@1.0.9"
2025-09-01 18:42:50 2025-09-02T01:42:50.375Z daemon INFO time="2025-09-01T18:42:50-07:00" level=info msg="Tool required for debug" tool="arduino:arm-none-eabi-gcc@7-2017q4"
time="2025-09-01T18:42:50-07:00" level=info msg="Tool required for debug" tool="arduino:bossac@1.9.1-arduino5"
time="2025-09-01T18:42:50-07:00" level=info msg="Tool required for debug" tool="builtin:serial-discovery@1.4.1"
time="2025-09-01T18:42:50-07:00" level=info msg="Tool required for debug" tool="builtin:serial-monitor@0.15.0"
time="2025-09-01T18:42:50-07:00" level=info msg="Tool required for debug" tool="arduino:openocd@0.11.0-arduino2"
2025-09-01 18:42:50 2025-09-02T01:42:50.375Z daemon INFO time="2025-09-01T18:42:50-07:00" level=info msg="Tool required for debug" tool="builtin:dfu-discovery@0.1.2"
time="2025-09-01T18:42:50-07:00" level=info msg="Tool required for debug" tool="arduino:avr-gcc@7.3.0-atmel3.6.1-arduino7"
time="2025-09-01T18:42:50-07:00" level=info msg="Tool required for debug" tool="arduino:arduinoOTA@1.3.0"
time="2025-09-01T18:42:50-07:00" level=info msg="Tool required for debug" tool="arduino:avrdude@6.3.0-arduino17"
time="2025-09-01T18:42:50-07:00" level=info msg="Tool required for debug" tool="builtin:ctags@5.8-arduino11"
2025-09-01 18:42:50 2025-09-02T01:42:50.381Z daemon INFO time="2025-09-01T18:42:50-07:00" level=info msg="Tool required for debug" tool="arduino:dfu-util@0.11.0-arduino5"
time="2025-09-01T18:42:50-07:00" level=info msg="Tool required for debug" tool="esp32:esp-rv32@2411"
time="2025-09-01T18:42:50-07:00" level=info msg="Tool required for debug" tool="esp32:esp-x32@2411"
time="2025-09-01T18:42:50-07:00" level=info msg="Tool required for debug" tool="esp32:esp32-arduino-libs@idf-release_v5.5-b66b5448-v1"
time="2025-09-01T18:42:50-07:00" level=info msg="Tool required for debug" tool="esp32:esptool_py@5.0.0"
2025-09-01 18:42:50 2025-09-02T01:42:50.382Z daemon INFO time="2025-09-01T18:42:50-07:00" level=info msg="Tool required for debug" tool="esp32:mklittlefs@3.0.0-gnu12-dc7f933"
time="2025-09-01T18:42:50-07:00" level=info msg="Tool required for debug" tool="esp32:mkspiffs@0.2.3"
time="2025-09-01T18:42:50-07:00" level=info msg="Tool required for debug" tool="esp32:openocd-esp32@v0.12.0-esp32-20250422"
time="2025-09-01T18:42:50-07:00" level=info msg="Tool required for debug" tool="esp32:riscv32-esp-elf-gdb@16.2_20250324"
time="2025-09-01T18:42:50-07:00" level=info msg="Tool required for debug" tool="esp32:xtensa-esp-elf-gdb@16.2_20250324"
time="2025-09-01T18:42:50-07:00" level=info msg="Tool required for debug" tool="arduino:arm-none-eabi-gcc@7-2017q4"
time="2025-09-01T18:42:50-07:00" level=info msg="Tool required for debug" tool="arduino:arduinoOTA@1.3.0"
time="2025-09-01T18:42:50-07:00" level=info msg="Tool required for debug" tool="builtin:serial-discovery@1.4.1"
time="2025-09-01T18:42:50-07:00" level=info msg="Tool required for debug" tool="builtin:mdns-discovery@1.0.9"
2025-09-01 18:42:50 2025-09-02T01:42:50.382Z daemon INFO time="2025-09-01T18:42:50-07:00" level=info msg="Tool required for debug" tool="builtin:serial-monitor@0.15.0"
time="2025-09-01T18:42:50-07:00" level=info msg="Tool required for debug" tool="builtin:dfu-discovery@0.1.2"
time="2025-09-01T18:42:50-07:00" level=info msg="Tool required for debug" tool="arduino:openocd@0.11.0-arduino2"
time="2025-09-01T18:42:50-07:00" level=info msg="Tool required for debug" tool="arduino:bossac@1.9.1-arduino5"
time="2025-09-01T18:42:50-07:00" level=info msg="Tool required for debug" tool="arduino:avrdude@6.3.0-arduino17"
2025-09-01 18:42:50 2025-09-02T01:42:50.382Z daemon INFO time="2025-09-01T18:42:50-07:00" level=info msg="Tool required for debug" tool="builtin:ctags@5.8-arduino11"
time="2025-09-01T18:42:50-07:00" level=info msg="Tool required for debug" tool="arduino:avr-gcc@7.3.0-atmel3.6.1-arduino7"
2025-09-01 18:42:50 2025-09-02T01:42:50.388Z daemon INFO time="2025-09-01T18:42:50-07:00" level=info msg="Tool required for debug" tool="arduino:dfu-util@0.11.0-arduino5"
time="2025-09-01T18:42:50-07:00" level=info msg="Tool required for debug" tool="esp32:esp-rv32@2411"
2025-09-01 18:42:50 2025-09-02T01:42:50.388Z daemon INFO time="2025-09-01T18:42:50-07:00" level=info msg="Tool required for debug" tool="esp32:esp-x32@2411"
time="2025-09-01T18:42:50-07:00" level=info msg="Tool required for debug" tool="esp32:esp32-arduino-libs@idf-release_v5.5-b66b5448-v1"
time="2025-09-01T18:42:50-07:00" level=info msg="Tool required for debug" tool="esp32:esptool_py@5.0.0"
time="2025-09-01T18:42:50-07:00" level=info msg="Tool required for debug" tool="esp32:mklittlefs@3.0.0-gnu12-dc7f933"
time="2025-09-01T18:42:50-07:00" level=info msg="Tool required for debug" tool="esp32:mkspiffs@0.2.3"
time="2025-09-01T18:42:50-07:00" level=info msg="Tool required for debug" tool="esp32:openocd-esp32@v0.12.0-esp32-20250422"
2025-09-01 18:42:50 2025-09-02T01:42:50.389Z daemon INFO time="2025-09-01T18:42:50-07:00" level=info msg="Tool required for debug" tool="esp32:riscv32-esp-elf-gdb@16.2_20250324"
time="2025-09-01T18:42:50-07:00" level=info msg="Tool required for debug" tool="esp32:xtensa-esp-elf-gdb@16.2_20250324"
time="2025-09-01T18:42:50-07:00" level=info msg="Tool required for debug" tool="builtin:ctags@5.8-arduino11"
time="2025-09-01T18:42:50-07:00" level=info msg="Tool required for debug" tool="builtin:dfu-discovery@0.1.2"
2025-09-01 18:42:50 2025-09-02T01:42:50.389Z daemon INFO time="2025-09-01T18:42:50-07:00" level=info msg="Tool required for debug" tool="arduino:bossac@1.9.1-arduino5"
time="2025-09-01T18:42:50-07:00" level=info msg="Tool required for debug" tool="builtin:serial-monitor@0.15.0"
2025-09-01 18:42:50 2025-09-02T01:42:50.389Z daemon INFO time="2025-09-01T18:42:50-07:00" level=info msg="Tool required for debug" tool="builtin:mdns-discovery@1.0.9"
time="2025-09-01T18:42:50-07:00" level=info msg="Tool required for debug" tool="builtin:serial-discovery@1.4.1"
2025-09-01 18:42:50 2025-09-02T01:42:50.389Z daemon INFO time="2025-09-01T18:42:50-07:00" level=info msg="Tool required for debug" tool="arduino:openocd@0.11.0-arduino2"
time="2025-09-01T18:42:50-07:00" level=info msg="Tool required for debug" tool="arduino:avrdude@6.3.0-arduino17"
2025-09-01 18:42:50 2025-09-02T01:42:50.389Z daemon INFO time="2025-09-01T18:42:50-07:00" level=info msg="Tool required for debug" tool="arduino:avr-gcc@7.3.0-atmel3.6.1-arduino7"
time="2025-09-01T18:42:50-07:00" level=info msg="Tool required for debug" tool="arduino:arduinoOTA@1.3.0"
time="2025-09-01T18:42:50-07:00" level=info msg="Tool required for debug" tool="arduino:arm-none-eabi-gcc@7-2017q4"
2025-09-01 18:42:50 2025-09-02T01:42:50.394Z daemon INFO time="2025-09-01T18:42:50-07:00" level=info msg="Tool required for debug" tool="arduino:dfu-util@0.11.0-arduino5"
time="2025-09-01T18:42:50-07:00" level=info msg="Tool required for debug" tool="esp32:esp-rv32@2411"
2025-09-01 18:42:50 2025-09-02T01:42:50.394Z daemon INFO time="2025-09-01T18:42:50-07:00" level=info msg="Tool required for debug" tool="esp32:esp-x32@2411"
time="2025-09-01T18:42:50-07:00" level=info msg="Tool required for debug" tool="esp32:esp32-arduino-libs@idf-release_v5.5-b66b5448-v1"
time="2025-09-01T18:42:50-07:00" level=info msg="Tool required for debug" tool="esp32:esptool_py@5.0.0"
time="2025-09-01T18:42:50-07:00" level=info msg="Tool required for debug" tool="esp32:mklittlefs@3.0.0-gnu12-dc7f933"
2025-09-01 18:42:50 2025-09-02T01:42:50.394Z daemon INFO time="2025-09-01T18:42:50-07:00" level=info msg="Tool required for debug" tool="esp32:mkspiffs@0.2.3"
time="2025-09-01T18:42:50-07:00" level=info msg="Tool required for debug" tool="esp32:openocd-esp32@v0.12.0-esp32-20250422"
time="2025-09-01T18:42:50-07:00" level=info msg="Tool required for debug" tool="esp32:riscv32-esp-elf-gdb@16.2_20250324"
time="2025-09-01T18:42:50-07:00" level=info msg="Tool required for debug" tool="esp32:xtensa-esp-elf-gdb@16.2_20250324"
2025-09-01 18:42:50 2025-09-02T01:42:50.394Z daemon INFO time="2025-09-01T18:42:50-07:00" level=info msg="Tool required for debug" tool="builtin:dfu-discovery@0.1.2"
time="2025-09-01T18:42:50-07:00" level=info msg="Tool required for debug" tool="builtin:serial-monitor@0.15.0"
2025-09-01 18:42:50 2025-09-02T01:42:50.395Z daemon INFO time="2025-09-01T18:42:50-07:00" level=info msg="Tool required for debug" tool="builtin:ctags@5.8-arduino11"
time="2025-09-01T18:42:50-07:00" level=info msg="Tool required for debug" tool="arduino:arm-none-eabi-gcc@7-2017q4"
2025-09-01 18:42:50 2025-09-02T01:42:50.395Z daemon INFO time="2025-09-01T18:42:50-07:00" level=info msg="Tool required for debug" tool="arduino:avr-gcc@7.3.0-atmel3.6.1-arduino7"
time="2025-09-01T18:42:50-07:00" level=info msg="Tool required for debug" tool="arduino:arduinoOTA@1.3.0"
time="2025-09-01T18:42:50-07:00" level=info msg="Tool required for debug" tool="arduino:avrdude@6.3.0-arduino17"
time="2025-09-01T18:42:50-07:00" level=info msg="Tool required for debug" tool="builtin:serial-discovery@1.4.1"
time="2025-09-01T18:42:50-07:00" level=info msg="Tool required for debug" tool="arduino:bossac@1.9.1-arduino5"
2025-09-01 18:42:50 2025-09-02T01:42:50.395Z daemon INFO time="2025-09-01T18:42:50-07:00" level=info msg="Tool required for debug" tool="arduino:openocd@0.11.0-arduino2"
time="2025-09-01T18:42:50-07:00" level=info msg="Tool required for debug" tool="builtin:mdns-discovery@1.0.9"
2025-09-01 18:42:50 2025-09-02T01:42:50.400Z daemon INFO time="2025-09-01T18:42:50-07:00" level=info msg="Tool required for debug" tool="arduino:dfu-util@0.11.0-arduino5"
time="2025-09-01T18:42:50-07:00" level=info msg="Tool required for debug" tool="esp32:esp-rv32@2411"
2025-09-01 18:42:50 2025-09-02T01:42:50.400Z daemon INFO time="2025-09-01T18:42:50-07:00" level=info msg="Tool required for debug" tool="esp32:esp-x32@2411"
time="2025-09-01T18:42:50-07:00" level=info msg="Tool required for debug" tool="esp32:esp32-arduino-libs@idf-release_v5.5-b66b5448-v1"
time="2025-09-01T18:42:50-07:00" level=info msg="Tool required for debug" tool="esp32:esptool_py@5.0.0"
time="2025-09-01T18:42:50-07:00" level=info msg="Tool required for debug" tool="esp32:mklittlefs@3.0.0-gnu12-dc7f933"
time="2025-09-01T18:42:50-07:00" level=info msg="Tool required for debug" tool="esp32:mkspiffs@0.2.3"
2025-09-01 18:42:50 2025-09-02T01:42:50.400Z daemon INFO time="2025-09-01T18:42:50-07:00" level=info msg="Tool required for debug" tool="esp32:openocd-esp32@v0.12.0-esp32-20250422"
time="2025-09-01T18:42:50-07:00" level=info msg="Tool required for debug" tool="esp32:riscv32-esp-elf-gdb@16.2_20250324"
time="2025-09-01T18:42:50-07:00" level=info msg="Tool required for debug" tool="esp32:xtensa-esp-elf-gdb@16.2_20250324"
2025-09-01 18:42:50 2025-09-02T01:42:50.401Z daemon INFO time="2025-09-01T18:42:50-07:00" level=info msg="Tool required for debug" tool="builtin:serial-monitor@0.15.0"
time="2025-09-01T18:42:50-07:00" level=info msg="Tool required for debug" tool="arduino:arm-none-eabi-gcc@7-2017q4"
time="2025-09-01T18:42:50-07:00" level=info msg="Tool required for debug" tool="arduino:avrdude@6.3.0-arduino17"
2025-09-01 18:42:50 2025-09-02T01:42:50.402Z daemon INFO time="2025-09-01T18:42:50-07:00" level=info msg="Tool required for debug" tool="builtin:dfu-discovery@0.1.2"
time="2025-09-01T18:42:50-07:00" level=info msg="Tool required for debug" tool="builtin:mdns-discovery@1.0.9"
time="2025-09-01T18:42:50-07:00" level=info msg="Tool required for debug" tool="arduino:bossac@1.9.1-arduino5"
time="2025-09-01T18:42:50-07:00" level=info msg="Tool required for debug" tool="arduino:openocd@0.11.0-arduino2"
time="2025-09-01T18:42:50-07:00" level=info msg="Tool required for debug" tool="builtin:ctags@5.8-arduino11"
time="2025-09-01T18:42:50-07:00" level=info msg="Tool required for debug" tool="builtin:serial-discovery@1.4.1"
time="2025-09-01T18:42:50-07:00" level=info msg="Tool required for debug" tool="arduino:avr-gcc@7.3.0-atmel3.6.1-arduino7"
time="2025-09-01T18:42:50-07:00" level=info msg="Tool required for debug" tool="arduino:arduinoOTA@1.3.0"
2025-09-01 18:42:50 2025-09-02T01:42:50.407Z daemon INFO time="2025-09-01T18:42:50-07:00" level=info msg="Tool required for debug" tool="arduino:dfu-util@0.11.0-arduino5"
time="2025-09-01T18:42:50-07:00" level=info msg="Tool required for debug" tool="esp32:esp-rv32@2411"
2025-09-01 18:42:50 2025-09-02T01:42:50.407Z daemon INFO time="2025-09-01T18:42:50-07:00" level=info msg="Tool required for debug" tool="esp32:esp-x32@2411"
time="2025-09-01T18:42:50-07:00" level=info msg="Tool required for debug" tool="esp32:esp32-arduino-libs@idf-release_v5.5-b66b5448-v1"
time="2025-09-01T18:42:50-07:00" level=info msg="Tool required for debug" tool="esp32:esptool_py@5.0.0"
time="2025-09-01T18:42:50-07:00" level=info msg="Tool required for debug" tool="esp32:mklittlefs@3.0.0-gnu12-dc7f933"
2025-09-01 18:42:50 2025-09-02T01:42:50.407Z daemon INFO time="2025-09-01T18:42:50-07:00" level=info msg="Tool required for debug" tool="esp32:mkspiffs@0.2.3"
time="2025-09-01T18:42:50-07:00" level=info msg="Tool required for debug" tool="esp32:openocd-esp32@v0.12.0-esp32-20250422"
time="2025-09-01T18:42:50-07:00" level=info msg="Tool required for debug" tool="esp32:riscv32-esp-elf-gdb@16.2_20250324"
time="2025-09-01T18:42:50-07:00" level=info msg="Tool required for debug" tool="esp32:xtensa-esp-elf-gdb@16.2_20250324"
2025-09-01 18:42:50 2025-09-02T01:42:50.407Z daemon INFO time="2025-09-01T18:42:50-07:00" level=info msg="Tool required for debug" tool="builtin:serial-discovery@1.4.1"
time="2025-09-01T18:42:50-07:00" level=info msg="Tool required for debug" tool="builtin:serial-monitor@0.15.0"
2025-09-01 18:42:50 2025-09-02T01:42:50.407Z daemon INFO time="2025-09-01T18:42:50-07:00" level=info msg="Tool required for debug" tool="arduino:arduinoOTA@1.3.0"
time="2025-09-01T18:42:50-07:00" level=info msg="Tool required for debug" tool="arduino:bossac@1.9.1-arduino5"
time="2025-09-01T18:42:50-07:00" level=info msg="Tool required for debug" tool="builtin:dfu-discovery@0.1.2"
2025-09-01 18:42:50 2025-09-02T01:42:50.407Z daemon INFO time="2025-09-01T18:42:50-07:00" level=info msg="Tool required for debug" tool="builtin:ctags@5.8-arduino11"
2025-09-01 18:42:50 2025-09-02T01:42:50.407Z daemon INFO time="2025-09-01T18:42:50-07:00" level=info msg="Tool required for debug" tool="builtin:mdns-discovery@1.0.9"
time="2025-09-01T18:42:50-07:00" level=info msg="Tool required for debug" tool="arduino:openocd@0.11.0-arduino2"
2025-09-01 18:42:50 2025-09-02T01:42:50.407Z daemon INFO time="2025-09-01T18:42:50-07:00" level=info msg="Tool required for debug" tool="arduino:avr-gcc@7.3.0-atmel3.6.1-arduino7"
time="2025-09-01T18:42:50-07:00" level=info msg="Tool required for debug" tool="arduino:avrdude@6.3.0-arduino17"
time="2025-09-01T18:42:50-07:00" level=info msg="Tool required for debug" tool="arduino:arm-none-eabi-gcc@7-2017q4"
2025-09-01 18:42:50 2025-09-02T01:42:50.413Z daemon INFO time="2025-09-01T18:42:50-07:00" level=info msg="Tool required for debug" tool="arduino:dfu-util@0.11.0-arduino5"
time="2025-09-01T18:42:50-07:00" level=info msg="Tool required for debug" tool="esp32:esp-rv32@2411"
2025-09-01 18:42:50 2025-09-02T01:42:50.413Z daemon INFO time="2025-09-01T18:42:50-07:00" level=info msg="Tool required for debug" tool="esp32:esp-x32@2411"
time="2025-09-01T18:42:50-07:00" level=info msg="Tool required for debug" tool="esp32:esp32-arduino-libs@idf-release_v5.5-b66b5448-v1"
time="2025-09-01T18:42:50-07:00" level=info msg="Tool required for debug" tool="esp32:esptool_py@5.0.0"
time="2025-09-01T18:42:50-07:00" level=info msg="Tool required for debug" tool="esp32:mklittlefs@3.0.0-gnu12-dc7f933"
2025-09-01 18:42:50 2025-09-02T01:42:50.413Z daemon INFO time="2025-09-01T18:42:50-07:00" level=info msg="Tool required for debug" tool="esp32:mkspiffs@0.2.3"
time="2025-09-01T18:42:50-07:00" level=info msg="Tool required for debug" tool="esp32:openocd-esp32@v0.12.0-esp32-20250422"
time="2025-09-01T18:42:50-07:00" level=info msg="Tool required for debug" tool="esp32:riscv32-esp-elf-gdb@16.2_20250324"
time="2025-09-01T18:42:50-07:00" level=info msg="Tool required for debug" tool="esp32:xtensa-esp-elf-gdb@16.2_20250324"
2025-09-01 18:42:50 2025-09-02T01:42:50.413Z daemon INFO time="2025-09-01T18:42:50-07:00" level=info msg="Tool required for debug" tool="arduino:avr-gcc@7.3.0-atmel3.6.1-arduino7"
time="2025-09-01T18:42:50-07:00" level=info msg="Tool required for debug" tool="arduino:arduinoOTA@1.3.0"
time="2025-09-01T18:42:50-07:00" level=info msg="Tool required for debug" tool="builtin:serial-monitor@0.15.0"
2025-09-01 18:42:50 2025-09-02T01:42:50.413Z daemon INFO time="2025-09-01T18:42:50-07:00" level=info msg="Tool required for debug" tool="arduino:avrdude@6.3.0-arduino17"
time="2025-09-01T18:42:50-07:00" level=info msg="Tool required for debug" tool="arduino:openocd@0.11.0-arduino2"
2025-09-01 18:42:50 2025-09-02T01:42:50.413Z daemon INFO time="2025-09-01T18:42:50-07:00" level=info msg="Tool required for debug" tool="builtin:dfu-discovery@0.1.2"
time="2025-09-01T18:42:50-07:00" level=info msg="Tool required for debug" tool="builtin:mdns-discovery@1.0.9"
2025-09-01 18:42:50 2025-09-02T01:42:50.413Z daemon INFO time="2025-09-01T18:42:50-07:00" level=info msg="Tool required for debug" tool="builtin:serial-discovery@1.4.1"
time="2025-09-01T18:42:50-07:00" level=info msg="Tool required for debug" tool="builtin:ctags@5.8-arduino11"
2025-09-01 18:42:50 2025-09-02T01:42:50.413Z daemon INFO time="2025-09-01T18:42:50-07:00" level=info msg="Tool required for debug" tool="arduino:bossac@1.9.1-arduino5"
time="2025-09-01T18:42:50-07:00" level=info msg="Tool required for debug" tool="arduino:arm-none-eabi-gcc@7-2017q4"
2025-09-01 18:42:50 2025-09-02T01:42:50.419Z daemon INFO time="2025-09-01T18:42:50-07:00" level=info msg="Tool required for debug" tool="arduino:dfu-util@0.11.0-arduino5"
time="2025-09-01T18:42:50-07:00" level=info msg="Tool required for debug" tool="esp32:esp-rv32@2411"
2025-09-01 18:42:50 2025-09-02T01:42:50.419Z daemon INFO time="2025-09-01T18:42:50-07:00" level=info msg="Tool required for debug" tool="esp32:esp-x32@2411"
time="2025-09-01T18:42:50-07:00" level=info msg="Tool required for debug" tool="esp32:esp32-arduino-libs@idf-release_v5.5-b66b5448-v1"
time="2025-09-01T18:42:50-07:00" level=info msg="Tool required for debug" tool="esp32:esptool_py@5.0.0"
time="2025-09-01T18:42:50-07:00" level=info msg="Tool required for debug" tool="esp32:mklittlefs@3.0.0-gnu12-dc7f933"
2025-09-01 18:42:50 2025-09-02T01:42:50.419Z daemon INFO time="2025-09-01T18:42:50-07:00" level=info msg="Tool required for debug" tool="esp32:mkspiffs@0.2.3"
time="2025-09-01T18:42:50-07:00" level=info msg="Tool required for debug" tool="esp32:openocd-esp32@v0.12.0-esp32-20250422"
time="2025-09-01T18:42:50-07:00" level=info msg="Tool required for debug" tool="esp32:riscv32-esp-elf-gdb@16.2_20250324"
time="2025-09-01T18:42:50-07:00" level=info msg="Tool required for debug" tool="esp32:xtensa-esp-elf-gdb@16.2_20250324"
2025-09-01 18:42:50 2025-09-02T01:42:50.419Z daemon INFO time="2025-09-01T18:42:50-07:00" level=info msg="Tool required for debug" tool="builtin:serial-monitor@0.15.0"
time="2025-09-01T18:42:50-07:00" level=info msg="Tool required for debug" tool="builtin:serial-discovery@1.4.1"
2025-09-01 18:42:50 2025-09-02T01:42:50.419Z daemon INFO time="2025-09-01T18:42:50-07:00" level=info msg="Tool required for debug" tool="arduino:avrdude@6.3.0-arduino17"
time="2025-09-01T18:42:50-07:00" level=info msg="Tool required for debug" tool="builtin:dfu-discovery@0.1.2"
2025-09-01 18:42:50 2025-09-02T01:42:50.419Z daemon INFO time="2025-09-01T18:42:50-07:00" level=info msg="Tool required for debug" tool="arduino:avr-gcc@7.3.0-atmel3.6.1-arduino7"
time="2025-09-01T18:42:50-07:00" level=info msg="Tool required for debug" tool="arduino:bossac@1.9.1-arduino5"
time="2025-09-01T18:42:50-07:00" level=info msg="Tool required for debug" tool="arduino:arduinoOTA@1.3.0"
2025-09-01 18:42:50 2025-09-02T01:42:50.419Z daemon INFO time="2025-09-01T18:42:50-07:00" level=info msg="Tool required for debug" tool="builtin:ctags@5.8-arduino11"
time="2025-09-01T18:42:50-07:00" level=info msg="Tool required for debug" tool="arduino:arm-none-eabi-gcc@7-2017q4"
2025-09-01 18:42:50 2025-09-02T01:42:50.419Z daemon INFO time="2025-09-01T18:42:50-07:00" level=info msg="Tool required for debug" tool="arduino:openocd@0.11.0-arduino2"
time="2025-09-01T18:42:50-07:00" level=info msg="Tool required for debug" tool="builtin:mdns-discovery@1.0.9"
2025-09-01 18:42:50 2025-09-02T01:42:50.425Z daemon INFO time="2025-09-01T18:42:50-07:00" level=info msg="Tool required for debug" tool="arduino:dfu-util@0.11.0-arduino5"
time="2025-09-01T18:42:50-07:00" level=info msg="Tool required for debug" tool="esp32:esp-rv32@2411"
2025-09-01 18:42:50 2025-09-02T01:42:50.425Z daemon INFO time="2025-09-01T18:42:50-07:00" level=info msg="Tool required for debug" tool="esp32:esp-x32@2411"
time="2025-09-01T18:42:50-07:00" level=info msg="Tool required for debug" tool="esp32:esp32-arduino-libs@idf-release_v5.5-b66b5448-v1"
time="2025-09-01T18:42:50-07:00" level=info msg="Tool required for debug" tool="esp32:esptool_py@5.0.0"
time="2025-09-01T18:42:50-07:00" level=info msg="Tool required for debug" tool="esp32:mklittlefs@3.0.0-gnu12-dc7f933"
2025-09-01 18:42:50 2025-09-02T01:42:50.425Z daemon INFO time="2025-09-01T18:42:50-07:00" level=info msg="Tool required for debug" tool="esp32:mkspiffs@0.2.3"
time="2025-09-01T18:42:50-07:00" level=info msg="Tool required for debug" tool="esp32:openocd-esp32@v0.12.0-esp32-20250422"
time="2025-09-01T18:42:50-07:00" level=info msg="Tool required for debug" tool="esp32:riscv32-esp-elf-gdb@16.2_20250324"
time="2025-09-01T18:42:50-07:00" level=info msg="Tool required for debug" tool="esp32:xtensa-esp-elf-gdb@16.2_20250324"
2025-09-01 18:42:50 2025-09-02T01:42:50.425Z daemon INFO time="2025-09-01T18:42:50-07:00" level=info msg="Tool required for debug" tool="builtin:dfu-discovery@0.1.2"
time="2025-09-01T18:42:50-07:00" level=info msg="Tool required for debug" tool="builtin:mdns-discovery@1.0.9"
2025-09-01 18:42:50 2025-09-02T01:42:50.425Z daemon INFO time="2025-09-01T18:42:50-07:00" level=info msg="Tool required for debug" tool="arduino:arduinoOTA@1.3.0"
time="2025-09-01T18:42:50-07:00" level=info msg="Tool required for debug" tool="builtin:serial-discovery@1.4.1"
time="2025-09-01T18:42:50-07:00" level=info msg="Tool required for debug" tool="arduino:openocd@0.11.0-arduino2"
2025-09-01 18:42:50 2025-09-02T01:42:50.425Z daemon INFO time="2025-09-01T18:42:50-07:00" level=info msg="Tool required for debug" tool="builtin:ctags@5.8-arduino11"
time="2025-09-01T18:42:50-07:00" level=info msg="Tool required for debug" tool="arduino:avrdude@6.3.0-arduino17"
2025-09-01 18:42:50 2025-09-02T01:42:50.425Z daemon INFO time="2025-09-01T18:42:50-07:00" level=info msg="Tool required for debug" tool="arduino:arm-none-eabi-gcc@7-2017q4"
time="2025-09-01T18:42:50-07:00" level=info msg="Tool required for debug" tool="arduino:bossac@1.9.1-arduino5"
time="2025-09-01T18:42:50-07:00" level=info msg="Tool required for debug" tool="builtin:serial-monitor@0.15.0"
2025-09-01 18:42:50 2025-09-02T01:42:50.425Z daemon INFO time="2025-09-01T18:42:50-07:00" level=info msg="Tool required for debug" tool="arduino:avr-gcc@7.3.0-atmel3.6.1-arduino7"
2025-09-01 18:42:50 2025-09-02T01:42:50.431Z daemon INFO time="2025-09-01T18:42:50-07:00" level=info msg="Tool required for debug" tool="arduino:dfu-util@0.11.0-arduino5"
time="2025-09-01T18:42:50-07:00" level=info msg="Tool required for debug" tool="esp32:esp-rv32@2411"
2025-09-01 18:42:50 2025-09-02T01:42:50.431Z daemon INFO time="2025-09-01T18:42:50-07:00" level=info msg="Tool required for debug" tool="esp32:esp-x32@2411"
time="2025-09-01T18:42:50-07:00" level=info msg="Tool required for debug" tool="esp32:esp32-arduino-libs@idf-release_v5.5-b66b5448-v1"
time="2025-09-01T18:42:50-07:00" level=info msg="Tool required for debug" tool="esp32:esptool_py@5.0.0"
time="2025-09-01T18:42:50-07:00" level=info msg="Tool required for debug" tool="esp32:mklittlefs@3.0.0-gnu12-dc7f933"
2025-09-01 18:42:50 2025-09-02T01:42:50.431Z daemon INFO time="2025-09-01T18:42:50-07:00" level=info msg="Tool required for debug" tool="esp32:mkspiffs@0.2.3"
time="2025-09-01T18:42:50-07:00" level=info msg="Tool required for debug" tool="esp32:openocd-esp32@v0.12.0-esp32-20250422"
time="2025-09-01T18:42:50-07:00" level=info msg="Tool required for debug" tool="esp32:riscv32-esp-elf-gdb@16.2_20250324"
time="2025-09-01T18:42:50-07:00" level=info msg="Tool required for debug" tool="esp32:xtensa-esp-elf-gdb@16.2_20250324"
2025-09-01 18:42:50 2025-09-02T01:42:50.431Z daemon INFO time="2025-09-01T18:42:50-07:00" level=info msg="Tool required for debug" tool="arduino:bossac@1.9.1-arduino5"
time="2025-09-01T18:42:50-07:00" level=info msg="Tool required for debug" tool="builtin:serial-discovery@1.4.1"
2025-09-01 18:42:50 2025-09-02T01:42:50.431Z daemon INFO time="2025-09-01T18:42:50-07:00" level=info msg="Tool required for debug" tool="builtin:serial-monitor@0.15.0"
time="2025-09-01T18:42:50-07:00" level=info msg="Tool required for debug" tool="arduino:avrdude@6.3.0-arduino17"
time="2025-09-01T18:42:50-07:00" level=info msg="Tool required for debug" tool="arduino:avr-gcc@7.3.0-atmel3.6.1-arduino7"
2025-09-01 18:42:50 2025-09-02T01:42:50.431Z daemon INFO time="2025-09-01T18:42:50-07:00" level=info msg="Tool required for debug" tool="builtin:mdns-discovery@1.0.9"
time="2025-09-01T18:42:50-07:00" level=info msg="Tool required for debug" tool="builtin:dfu-discovery@0.1.2"
2025-09-01 18:42:50 2025-09-02T01:42:50.431Z daemon INFO time="2025-09-01T18:42:50-07:00" level=info msg="Tool required for debug" tool="arduino:arm-none-eabi-gcc@7-2017q4"
time="2025-09-01T18:42:50-07:00" level=info msg="Tool required for debug" tool="builtin:ctags@5.8-arduino11"
2025-09-01 18:42:50 2025-09-02T01:42:50.431Z daemon INFO time="2025-09-01T18:42:50-07:00" level=info msg="Tool required for debug" tool="arduino:arduinoOTA@1.3.0"
time="2025-09-01T18:42:50-07:00" level=info msg="Tool required for debug" tool="arduino:openocd@0.11.0-arduino2"
2025-09-01 18:42:50 2025-09-02T01:42:50.436Z daemon INFO time="2025-09-01T18:42:50-07:00" level=info msg="Tool required for debug" tool="arduino:dfu-util@0.11.0-arduino5"
time="2025-09-01T18:42:50-07:00" level=info msg="Tool required for debug" tool="esp32:esp-rv32@2411"
2025-09-01 18:42:50 2025-09-02T01:42:50.436Z daemon INFO time="2025-09-01T18:42:50-07:00" level=info msg="Tool required for debug" tool="esp32:esp-x32@2411"
time="2025-09-01T18:42:50-07:00" level=info msg="Tool required for debug" tool="esp32:esp32-arduino-libs@idf-release_v5.5-b66b5448-v1"
time="2025-09-01T18:42:50-07:00" level=info msg="Tool required for debug" tool="esp32:esptool_py@5.0.0"
time="2025-09-01T18:42:50-07:00" level=info msg="Tool required for debug" tool="esp32:mklittlefs@3.0.0-gnu12-dc7f933"
2025-09-01 18:42:50 2025-09-02T01:42:50.436Z daemon INFO time="2025-09-01T18:42:50-07:00" level=info msg="Tool required for debug" tool="esp32:mkspiffs@0.2.3"
time="2025-09-01T18:42:50-07:00" level=info msg="Tool required for debug" tool="esp32:openocd-esp32@v0.12.0-esp32-20250422"
time="2025-09-01T18:42:50-07:00" level=info msg="Tool required for debug" tool="esp32:riscv32-esp-elf-gdb@16.2_20250324"
time="2025-09-01T18:42:50-07:00" level=info msg="Tool required for debug" tool="esp32:xtensa-esp-elf-gdb@16.2_20250324"
2025-09-01 18:42:50 2025-09-02T01:42:50.436Z daemon INFO time="2025-09-01T18:42:50-07:00" level=info msg="Tool required for debug" tool="builtin:serial-discovery@1.4.1"
time="2025-09-01T18:42:50-07:00" level=info msg="Tool required for debug" tool="builtin:mdns-discovery@1.0.9"
2025-09-01 18:42:50 2025-09-02T01:42:50.436Z daemon INFO time="2025-09-01T18:42:50-07:00" level=info msg="Tool required for debug" tool="arduino:bossac@1.9.1-arduino5"
time="2025-09-01T18:42:50-07:00" level=info msg="Tool required for debug" tool="arduino:arduinoOTA@1.3.0"
2025-09-01 18:42:50 2025-09-02T01:42:50.436Z daemon INFO time="2025-09-01T18:42:50-07:00" level=info msg="Tool required for debug" tool="arduino:avrdude@6.3.0-arduino17"
time="2025-09-01T18:42:50-07:00" level=info msg="Tool required for debug" tool="builtin:serial-monitor@0.15.0"
time="2025-09-01T18:42:50-07:00" level=info msg="Tool required for debug" tool="builtin:ctags@5.8-arduino11"
2025-09-01 18:42:50 2025-09-02T01:42:50.437Z daemon INFO time="2025-09-01T18:42:50-07:00" level=info msg="Tool required for debug" tool="builtin:dfu-discovery@0.1.2"
2025-09-01 18:42:50 2025-09-02T01:42:50.437Z daemon INFO time="2025-09-01T18:42:50-07:00" level=info msg="Tool required for debug" tool="arduino:openocd@0.11.0-arduino2"
time="2025-09-01T18:42:50-07:00" level=info msg="Tool required for debug" tool="arduino:arm-none-eabi-gcc@7-2017q4"
time="2025-09-01T18:42:50-07:00" level=info msg="Tool required for debug" tool="arduino:avr-gcc@7.3.0-atmel3.6.1-arduino7"
2025-09-01 18:42:50 2025-09-02T01:42:50.441Z daemon INFO time="2025-09-01T18:42:50-07:00" level=info msg="Tool required for debug" tool="arduino:dfu-util@0.11.0-arduino5"
time="2025-09-01T18:42:50-07:00" level=info msg="Tool required for debug" tool="esp32:esp-rv32@2411"
2025-09-01 18:42:50 2025-09-02T01:42:50.441Z daemon INFO time="2025-09-01T18:42:50-07:00" level=info msg="Tool required for debug" tool="esp32:esp-x32@2411"
time="2025-09-01T18:42:50-07:00" level=info msg="Tool required for debug" tool="esp32:esp32-arduino-libs@idf-release_v5.5-b66b5448-v1"
time="2025-09-01T18:42:50-07:00" level=info msg="Tool required for debug" tool="esp32:esptool_py@5.0.0"
time="2025-09-01T18:42:50-07:00" level=info msg="Tool required for debug" tool="esp32:mklittlefs@3.0.0-gnu12-dc7f933"
time="2025-09-01T18:42:50-07:00" level=info msg="Tool required for debug" tool="esp32:mkspiffs@0.2.3"
2025-09-01 18:42:50 2025-09-02T01:42:50.441Z daemon INFO time="2025-09-01T18:42:50-07:00" level=info msg="Tool required for debug" tool="esp32:openocd-esp32@v0.12.0-esp32-20250422"
time="2025-09-01T18:42:50-07:00" level=info msg="Tool required for debug" tool="esp32:riscv32-esp-elf-gdb@16.2_20250324"
time="2025-09-01T18:42:50-07:00" level=info msg="Tool required for debug" tool="esp32:xtensa-esp-elf-gdb@16.2_20250324"
2025-09-01 18:42:50 2025-09-02T01:42:50.441Z daemon INFO time="2025-09-01T18:42:50-07:00" level=info msg="Tool required for debug" tool="arduino:arduinoOTA@1.3.0"
time="2025-09-01T18:42:50-07:00" level=info msg="Tool required for debug" tool="arduino:openocd@0.11.0-arduino2"
time="2025-09-01T18:42:50-07:00" level=info msg="Tool required for debug" tool="builtin:serial-monitor@0.15.0"
2025-09-01 18:42:50 2025-09-02T01:42:50.442Z daemon INFO time="2025-09-01T18:42:50-07:00" level=info msg="Tool required for debug" tool="builtin:ctags@5.8-arduino11"
time="2025-09-01T18:42:50-07:00" level=info msg="Tool required for debug" tool="arduino:avr-gcc@7.3.0-atmel3.6.1-arduino7"
time="2025-09-01T18:42:50-07:00" level=info msg="Tool required for debug" tool="builtin:dfu-discovery@0.1.2"
2025-09-01 18:42:50 2025-09-02T01:42:50.442Z daemon INFO time="2025-09-01T18:42:50-07:00" level=info msg="Tool required for debug" tool="builtin:mdns-discovery@1.0.9"
2025-09-01 18:42:50 2025-09-02T01:42:50.442Z daemon INFO time="2025-09-01T18:42:50-07:00" level=info msg="Tool required for debug" tool="builtin:serial-discovery@1.4.1"
time="2025-09-01T18:42:50-07:00" level=info msg="Tool required for debug" tool="arduino:avrdude@6.3.0-arduino17"
2025-09-01 18:42:50 2025-09-02T01:42:50.442Z daemon INFO time="2025-09-01T18:42:50-07:00" level=info msg="Tool required for debug" tool="arduino:arm-none-eabi-gcc@7-2017q4"
time="2025-09-01T18:42:50-07:00" level=info msg="Tool required for debug" tool="arduino:bossac@1.9.1-arduino5"
2025-09-01 18:42:50 2025-09-02T01:42:50.446Z daemon INFO time="2025-09-01T18:42:50-07:00" level=info msg="Tool required for debug" tool="arduino:dfu-util@0.11.0-arduino5"
time="2025-09-01T18:42:50-07:00" level=info msg="Tool required for debug" tool="esp32:esp-rv32@2411"
2025-09-01 18:42:50 2025-09-02T01:42:50.446Z daemon INFO time="2025-09-01T18:42:50-07:00" level=info msg="Tool required for debug" tool="esp32:esp-x32@2411"
time="2025-09-01T18:42:50-07:00" level=info msg="Tool required for debug" tool="esp32:esp32-arduino-libs@idf-release_v5.5-b66b5448-v1"
time="2025-09-01T18:42:50-07:00" level=info msg="Tool required for debug" tool="esp32:esptool_py@5.0.0"
time="2025-09-01T18:42:50-07:00" level=info msg="Tool required for debug" tool="esp32:mklittlefs@3.0.0-gnu12-dc7f933"
2025-09-01 18:42:50 2025-09-02T01:42:50.446Z daemon INFO time="2025-09-01T18:42:50-07:00" level=info msg="Tool required for debug" tool="esp32:mkspiffs@0.2.3"
time="2025-09-01T18:42:50-07:00" level=info msg="Tool required for debug" tool="esp32:openocd-esp32@v0.12.0-esp32-20250422"
time="2025-09-01T18:42:50-07:00" level=info msg="Tool required for debug" tool="esp32:riscv32-esp-elf-gdb@16.2_20250324"
time="2025-09-01T18:42:50-07:00" level=info msg="Tool required for debug" tool="esp32:xtensa-esp-elf-gdb@16.2_20250324"
2025-09-01 18:42:50 2025-09-02T01:42:50.446Z daemon INFO time="2025-09-01T18:42:50-07:00" level=info msg="Tool required for debug" tool="builtin:dfu-discovery@0.1.2"
time="2025-09-01T18:42:50-07:00" level=info msg="Tool required for debug" tool="arduino:arm-none-eabi-gcc@7-2017q4"
2025-09-01 18:42:50 2025-09-02T01:42:50.446Z daemon INFO time="2025-09-01T18:42:50-07:00" level=info msg="Tool required for debug" tool="arduino:openocd@0.11.0-arduino2"
time="2025-09-01T18:42:50-07:00" level=info msg="Tool required for debug" tool="builtin:serial-discovery@1.4.1"
2025-09-01 18:42:50 2025-09-02T01:42:50.446Z daemon INFO time="2025-09-01T18:42:50-07:00" level=info msg="Tool required for debug" tool="builtin:serial-monitor@0.15.0"
time="2025-09-01T18:42:50-07:00" level=info msg="Tool required for debug" tool="builtin:ctags@5.8-arduino11"
2025-09-01 18:42:50 2025-09-02T01:42:50.447Z daemon INFO time="2025-09-01T18:42:50-07:00" level=info msg="Tool required for debug" tool="arduino:arduinoOTA@1.3.0"
time="2025-09-01T18:42:50-07:00" level=info msg="Tool required for debug" tool="arduino:avr-gcc@7.3.0-atmel3.6.1-arduino7"
2025-09-01 18:42:50 2025-09-02T01:42:50.447Z daemon INFO time="2025-09-01T18:42:50-07:00" level=info msg="Tool required for debug" tool="builtin:mdns-discovery@1.0.9"
time="2025-09-01T18:42:50-07:00" level=info msg="Tool required for debug" tool="arduino:avrdude@6.3.0-arduino17"
2025-09-01 18:42:50 2025-09-02T01:42:50.447Z daemon INFO time="2025-09-01T18:42:50-07:00" level=info msg="Tool required for debug" tool="arduino:bossac@1.9.1-arduino5"
2025-09-01 18:43:07 2025-09-02T01:43:07.387Z root INFO Received port after upload [arduino+serial:///dev/ttyACM0, esp32:esp32:esp32s3:UploadSpeed=921600,USBMode=hwcdc,CDCOnBoot=default,MSCOnBoot=default,DFUOnBoot=default,UploadMode=default,CPUFreq=240,FlashMode=qio,FlashSize=16M,PartitionScheme=app3M_fat9M_16MB,DebugLevel=none,PSRAM=opi,LoopCore=1,EventsCore=1,EraseFlash=none,JTAGAdapter=default,ZigbeeMode=default, LVGL_Arduino]. Before port: {"address":"/dev/ttyACM0","addressLabel":"/dev/ttyACM0","protocol":"serial","protocolLabel":"Serial Port (USB)","properties":{"pid":"0x1001","serialNumber":"94:A9:90:7D:0E:B4","vid":"0x303a"},"hardwareId":"94:A9:90:7D:0E:B4"}, after port: {"address":"/dev/ttyACM0","addressLabel":"/dev/ttyACM0","protocol":"serial","protocolLabel":"Serial Port (USB)","properties":{"pid":"0x1001","serialNumber":"30:ED:A0:AD:83:34","vid":"0x303a"},"hardwareId":"30:ED:A0:AD:83:34"}
2025-09-01 18:43:27 2025-09-02T01:43:27.476Z discovery-log INFO {"eventType":"remove","port":{"matchingBoardsList":[],"port":{"address":"/dev/ttyACM0","label":"","protocol":"serial","protocolLabel":"","propertiesMap":[],"hardwareId":""}},"error":""}
2025-09-01 18:43:28 2025-09-02T01:43:28.032Z discovery-log INFO {"eventType":"add","port":{"matchingBoardsList":[{"name":"ESP32 Family Device","fqbn":"esp32:esp32:esp32_family","isHidden":true}],"port":{"address":"/dev/ttyACM0","label":"/dev/ttyACM0","protocol":"serial","protocolLabel":"Serial Port (USB)","propertiesMap":[["pid","0x1001"],["serialNumber","30:ED:A0:AD:83:34"],["vid","0x303a"]],"hardwareId":"30:ED:A0:AD:83:34"}},"error":""}
2025-09-01 18:44:18 2025-09-02T01:44:18.490Z daemon INFO time="2025-09-01T18:44:18-07:00" level=info msg="Adding libraries dir" dir=/home/aaron/.arduino15/libraries isSingleLibrary=false location=ide
time="2025-09-01T18:44:18-07:00" level=info msg="Adding libraries dir" dir=/home/aaron/.arduino15/packages/esp32/hardware/esp32/3.3.0/libraries isSingleLibrary=false location=platform
time="2025-09-01T18:44:18-07:00" level=info msg="Adding libraries dir" dir=/home/aaron/Arduino/libraries isSingleLibrary=false location=user
2025-09-01 18:45:14 2025-09-02T01:45:14.205Z daemon INFO time="2025-09-01T18:45:14-07:00" level=info msg="Adding libraries dir" dir=/home/aaron/.arduino15/libraries isSingleLibrary=false location=ide
time="2025-09-01T18:45:14-07:00" level=info msg="Adding libraries dir" dir=/home/aaron/.arduino15/packages/esp32/hardware/esp32/3.3.0/libraries isSingleLibrary=false location=platform
2025-09-01 18:45:14 2025-09-02T01:45:14.206Z daemon INFO time="2025-09-01T18:45:14-07:00" level=info msg="Adding libraries dir" dir=/home/aaron/Arduino/libraries isSingleLibrary=false location=user
2025-09-01 18:46:26 2025-09-02T01:46:26.701Z discovery-log INFO {"eventType":"remove","port":{"matchingBoardsList":[],"port":{"address":"/dev/ttyACM0","label":"","protocol":"serial","protocolLabel":"","propertiesMap":[],"hardwareId":""}},"error":""}
2025-09-01 18:46:27 2025-09-02T01:46:27.212Z discovery-log INFO {"eventType":"add","port":{"matchingBoardsList":[{"name":"ESP32 Family Device","fqbn":"esp32:esp32:esp32_family","isHidden":true}],"port":{"address":"/dev/ttyACM0","label":"/dev/ttyACM0","protocol":"serial","protocolLabel":"Serial Port (USB)","propertiesMap":[["pid","0x1001"],["serialNumber","30:ED:A0:AD:83:34"],["vid","0x303a"]],"hardwareId":"30:ED:A0:AD:83:34"}},"error":""}
2025-09-01 18:51:20 2025-09-02T01:51:20.502Z sketches-service WARN Warning! The request sketch path was different than the response sketch path from the CLI. This could be a potential bug. Request: </home/aaron/Downloads/ESP32-S3-LCD-1.47B-Demo/Arduino/bluetooth_scanner/bluetooth_scanner.ino>, response: </home/aaron/Downloads/ESP32-S3-LCD-1.47B-Demo/Arduino/bluetooth_scanner>.
2025-09-01 18:51:21 2025-09-02T01:51:21.525Z root INFO creating connection for 3
2025-09-01 18:51:22 2025-09-02T01:51:22.610Z root ERROR TypeError: Cannot read properties of null (reading 'getCurrentKeyboardLayout')
    at r.getCurrentKeyboardLayout (/nix/store/2d5i1bzbqbnl4rgnhk8czrw5zmqqjdzv-arduino-ide-2.3.6-extracted/resources/app/lib/backend/main.js:2:4537759)
    at t.getCurrentKeyboardLayout (/nix/store/2d5i1bzbqbnl4rgnhk8czrw5zmqqjdzv-arduino-ide-2.3.6-extracted/resources/app/lib/backend/main.js:2:4538141)
    at s.getNativeLayoutSync (/nix/store/2d5i1bzbqbnl4rgnhk8czrw5zmqqjdzv-arduino-ide-2.3.6-extracted/resources/app/lib/backend/main.js:2:1830040)
    at s.getNativeLayout (/nix/store/2d5i1bzbqbnl4rgnhk8czrw5zmqqjdzv-arduino-ide-2.3.6-extracted/resources/app/lib/backend/main.js:2:1829981)
    at u.onRequest (/nix/store/2d5i1bzbqbnl4rgnhk8czrw5zmqqjdzv-arduino-ide-2.3.6-extracted/resources/app/lib/backend/main.js:2:4942964)
    at c.requestHandler (/nix/store/2d5i1bzbqbnl4rgnhk8czrw5zmqqjdzv-arduino-ide-2.3.6-extracted/resources/app/lib/backend/main.js:2:4942783)
    at c.handleRequest (/nix/store/2d5i1bzbqbnl4rgnhk8czrw5zmqqjdzv-arduino-ide-2.3.6-extracted/resources/app/lib/backend/main.js:2:524486)
    at c.handleMessage (/nix/store/2d5i1bzbqbnl4rgnhk8czrw5zmqqjdzv-arduino-ide-2.3.6-extracted/resources/app/lib/backend/main.js:2:522388)
    at /nix/store/2d5i1bzbqbnl4rgnhk8czrw5zmqqjdzv-arduino-ide-2.3.6-extracted/resources/app/lib/backend/main.js:2:522022
    at /nix/store/2d5i1bzbqbnl4rgnhk8czrw5zmqqjdzv-arduino-ide-2.3.6-extracted/resources/app/lib/backend/main.js:2:6419737
2025-09-01 18:51:22 2025-09-02T01:51:22.610Z root ERROR TypeError: Cannot read properties of null (reading 'getKeyMap')
    at r.getKeyMap (/nix/store/2d5i1bzbqbnl4rgnhk8czrw5zmqqjdzv-arduino-ide-2.3.6-extracted/resources/app/lib/backend/main.js:2:4537620)
    at t.getKeyMap (/nix/store/2d5i1bzbqbnl4rgnhk8czrw5zmqqjdzv-arduino-ide-2.3.6-extracted/resources/app/lib/backend/main.js:2:4538201)
    at s.getNativeLayoutSync (/nix/store/2d5i1bzbqbnl4rgnhk8czrw5zmqqjdzv-arduino-ide-2.3.6-extracted/resources/app/lib/backend/main.js:2:1830077)
    at s.getNativeLayout (/nix/store/2d5i1bzbqbnl4rgnhk8czrw5zmqqjdzv-arduino-ide-2.3.6-extracted/resources/app/lib/backend/main.js:2:1829981)
    at u.onRequest (/nix/store/2d5i1bzbqbnl4rgnhk8czrw5zmqqjdzv-arduino-ide-2.3.6-extracted/resources/app/lib/backend/main.js:2:4942964)
    at c.requestHandler (/nix/store/2d5i1bzbqbnl4rgnhk8czrw5zmqqjdzv-arduino-ide-2.3.6-extracted/resources/app/lib/backend/main.js:2:4942783)
    at c.handleRequest (/nix/store/2d5i1bzbqbnl4rgnhk8czrw5zmqqjdzv-arduino-ide-2.3.6-extracted/resources/app/lib/backend/main.js:2:524486)
    at c.handleMessage (/nix/store/2d5i1bzbqbnl4rgnhk8czrw5zmqqjdzv-arduino-ide-2.3.6-extracted/resources/app/lib/backend/main.js:2:522388)
    at /nix/store/2d5i1bzbqbnl4rgnhk8czrw5zmqqjdzv-arduino-ide-2.3.6-extracted/resources/app/lib/backend/main.js:2:522022
    at /nix/store/2d5i1bzbqbnl4rgnhk8czrw5zmqqjdzv-arduino-ide-2.3.6-extracted/resources/app/lib/backend/main.js:2:6419737
2025-09-01 18:51:22 2025-09-02T01:51:22.610Z root WARN A command editor.action.toggleStickyScroll is already registered.
2025-09-01 18:51:22 Opening channel for service path '/services/electron-window'.
2025-09-01 18:51:22 Opening channel for service path '/services/ide-updater'.
2025-09-01 18:51:22 2025-09-02T01:51:22.731Z root INFO Start frontend contributions: 296.1 ms [Finished 1.929 s after frontend start]
2025-09-01 18:51:22 2025-09-02T01:51:22.731Z root INFO Changed application state from 'init' to 'started_contributions'.
2025-09-01 18:51:22 2025-09-02T01:51:22.740Z root INFO Changed application state from 'started_contributions' to 'attached_shell'.
2025-09-01 18:51:22 2025-09-02T01:51:22.740Z root INFO >>> Restoring the layout state...
2025-09-01 18:51:22 2025-09-02T01:51:22.792Z root INFO [bd100e59-4598-4f8b-8cc3-4dae9157cf5b] Waiting for backend deployment: 78.8 ms [Finished 2.002 s after frontend start]
2025-09-01 18:51:23 2025-09-02T01:51:23.034Z root INFO <<< Nothing to restore.
2025-09-01 18:51:23 2025-09-02T01:51:23.034Z root INFO Initialize the workbench layout: 183.2 ms [Finished 2.136 s after frontend start]
2025-09-01 18:51:23 2025-09-02T01:51:23.034Z root INFO Changed application state from 'attached_shell' to 'initialized_layout'.
2025-09-01 18:51:23 2025-09-02T01:51:23.474Z root INFO [hosted-plugin: 44100] PLUGIN_HOST(44100) starting instance
[Object: null prototype] {}
2025-09-01 18:51:24 2025-09-02T01:51:24.329Z root INFO [bd100e59-4598-4f8b-8cc3-4dae9157cf5b] Sync of 23 plugins: 1496.3 ms [Finished 3.499 s after frontend start]
2025-09-01 18:51:24 2025-09-02T01:51:24.330Z root INFO [bd100e59-4598-4f8b-8cc3-4dae9157cf5b] Loading plugin contributions
2025-09-01 18:51:24 2025-09-02T01:51:24.330Z root INFO [bd100e59-4598-4f8b-8cc3-4dae9157cf5b] Load contributions of 23 plugins: 40.8 ms [Finished 3.540 s after frontend start]
2025-09-01 18:51:24 2025-09-02T01:51:24.360Z root WARN 'cpp' language is remapped from 'source.cpp.embedded.macro' to 'source.cpp' scope
2025-09-01 18:51:24 2025-09-02T01:51:24.361Z root WARN a registered grammar configuration for 'cpp' language is overridden
2025-09-01 18:51:24 2025-09-02T01:51:24.611Z root INFO Frontend application start: 2036.1 ms [Finished 1089.009 s after backend start]
2025-09-01 18:51:24 2025-09-02T01:51:24.627Z root INFO Replace loading indicator with ready workbench UI (animation): 1455.4 ms [Finished 3.600 s after frontend start]
2025-09-01 18:51:24 2025-09-02T01:51:24.627Z root INFO Changed application state from 'initialized_layout' to 'ready'.
2025-09-01 18:51:24 2025-09-02T01:51:24.627Z root WARN Linked preference "workbench.colorCustomizations" not found.
2025-09-01 18:51:24 2025-09-02T01:51:24.681Z root INFO Executing startup tasks:
2025-09-01 18:51:24 2025-09-02T01:51:24.681Z root INFO  - 'arduino-use-inherited-boards-data' , args: [{"fqbn":"esp32:esp32:esp32s3","data":{"configOptions":[{"label":"Upload Speed","option":"UploadSpeed","values":[{"value":"921600","label":"921600","selected":true},{"value":"115200","label":"115200","selected":false},{"value":"230400","label":"230400","selected":false},{"value":"460800","label":"460800","selected":false}]},{"label":"USB Mode","option":"USBMode","values":[{"value":"hwcdc","label":"Hardware CDC and JTAG","selected":true},{"value":"default","label":"USB-OTG (TinyUSB)","selected":false}]},{"label":"USB CDC On Boot","option":"CDCOnBoot","values":[{"value":"default","label":"Disabled","selected":true},{"value":"cdc","label":"Enabled","selected":false}]},{"label":"USB Firmware MSC On Boot","option":"MSCOnBoot","values":[{"value":"default","label":"Disabled","selected":true},{"value":"msc","label":"Enabled (Requires USB-OTG Mode)","selected":false}]},{"label":"USB DFU On Boot","option":"DFUOnBoot","values":[{"value":"default","label":"Disabled","selected":true},{"value":"dfu","label":"Enabled (Requires USB-OTG Mode)","selected":false}]},{"label":"Upload Mode","option":"UploadMode","values":[{"value":"default","label":"UART0 / Hardware CDC","selected":true},{"value":"cdc","label":"USB-OTG CDC (TinyUSB)","selected":false}]},{"label":"CPU Frequency","option":"CPUFreq","values":[{"value":"240","label":"240MHz (WiFi)","selected":true},{"value":"160","label":"160MHz (WiFi)","selected":false},{"value":"80","label":"80MHz (WiFi)","selected":false},{"value":"40","label":"40MHz","selected":false},{"value":"20","label":"20MHz","selected":false},{"value":"10","label":"10MHz","selected":false}]},{"label":"Flash Mode","option":"FlashMode","values":[{"value":"qio","label":"QIO 80MHz","selected":true},{"value":"qio120","label":"QIO 120MHz","selected":false},{"value":"dio","label":"DIO 80MHz","selected":false},{"value":"opi","label":"OPI 80MHz","selected":false}]},{"label":"Flash Size","option":"FlashSize","values":[{"value":"4M","label":"4MB (32Mb)","selected":false},{"value":"8M","label":"8MB (64Mb)","selected":false},{"value":"16M","label":"16MB (128Mb)","selected":true},{"value":"32M","label":"32MB (256Mb)","selected":false}]},{"label":"Partition Scheme","option":"PartitionScheme","values":[{"value":"default","label":"Default 4MB with spiffs (1.2MB APP/1.5MB SPIFFS)","selected":false},{"value":"defaultffat","label":"Default 4MB with ffat (1.2MB APP/1.5MB FATFS)","selected":false},{"value":"default_8MB","label":"8M with spiffs (3MB APP/1.5MB SPIFFS)","selected":false},{"value":"minimal","label":"Minimal (1.3MB APP/700KB SPIFFS)","selected":false},{"value":"no_fs","label":"No FS 4MB (2MB APP x2)","selected":false},{"value":"no_ota","label":"No OTA (2MB APP/2MB SPIFFS)","selected":false},{"value":"noota_3g","label":"No OTA (1MB APP/3MB SPIFFS)","selected":false},{"value":"noota_ffat","label":"No OTA (2MB APP/2MB FATFS)","selected":false},{"value":"noota_3gffat","label":"No OTA (1MB APP/3MB FATFS)","selected":false},{"value":"huge_app","label":"Huge APP (3MB No OTA/1MB SPIFFS)","selected":false},{"value":"min_spiffs","label":"Minimal SPIFFS (1.9MB APP with OTA/190KB SPIFFS)","selected":false},{"value":"fatflash","label":"16M Flash (2MB APP/12.5MB FATFS)","selected":false},{"value":"app3M_fat9M_16MB","label":"16M Flash (3MB APP/9.9MB FATFS)","selected":true},{"value":"rainmaker","label":"RainMaker 4MB","selected":false},{"value":"rainmaker_4MB","label":"RainMaker 4MB No OTA","selected":false},{"value":"rainmaker_8MB","label":"RainMaker 8MB","selected":false},{"value":"app5M_fat24M_32MB","label":"32M Flash (4.8MB APP/22MB FATFS)","selected":false},{"value":"app5M_little24M_32MB","label":"32M Flash (4.8MB APP/22MB LittleFS)","selected":false},{"value":"app13M_data7M_32MB","label":"32M Flash (13MB APP/6.75MB SPIFFS)","selected":false},{"value":"esp_sr_16","label":"ESP SR 16M (3MB APP/7MB SPIFFS/2.9MB MODEL)","selected":false},{"value":"zigbee_zczr","label":"Zigbee ZCZR 4MB with spiffs","selected":false},{"value":"zigbee_zczr_8MB","label":"Zigbee ZCZR 8MB with spiffs","selected":false},{"value":"custom","label":"Custom","selected":false}]},{"label":"Core Debug Level","option":"DebugLevel","values":[{"value":"none","label":"None","selected":true},{"value":"error","label":"Error","selected":false},{"value":"warn","label":"Warn","selected":false},{"value":"info","label":"Info","selected":false},{"value":"debug","label":"Debug","selected":false},{"value":"verbose","label":"Verbose","selected":false}]},{"label":"PSRAM","option":"PSRAM","values":[{"value":"disabled","label":"Disabled","selected":false},{"value":"enabled","label":"QSPI PSRAM","selected":false},{"value":"opi","label":"OPI PSRAM","selected":true}]},{"label":"Arduino Runs On","option":"LoopCore","values":[{"value":"1","label":"Core 1","selected":true},{"value":"0","label":"Core 0","selected":false}]},{"label":"Events Run On","option":"EventsCore","values":[{"value":"1","label":"Core 1","selected":true},{"value":"0","label":"Core 0","selected":false}]},{"label":"Erase All Flash Before Sketch Upload","option":"EraseFlash","values":[{"value":"none","label":"Disabled","selected":true},{"value":"all","label":"Enabled","selected":false}]},{"label":"JTAG Adapter","option":"JTAGAdapter","values":[{"value":"default","label":"Disabled","selected":true},{"value":"builtin","label":"Integrated USB JTAG","selected":false},{"value":"external","label":"FTDI Adapter","selected":false},{"value":"bridge","label":"ESP USB Bridge","selected":false}]},{"label":"Zigbee Mode","option":"ZigbeeMode","values":[{"value":"default","label":"Disabled","selected":true},{"value":"zczr","label":"Zigbee ZCZR (coordinator/router)","selected":false}]}],"programmers":[{"id":"esptool","name":"Esptool","platform":"esp32:esp32@3.3.0"}]}}]
2025-09-01 18:51:24 2025-09-02T01:51:24.681Z root INFO  - 'arduino-use-inherited-boards-config' , args: [{"selectedBoard":{"name":"ESP32S3 Dev Module","fqbn":"esp32:esp32:esp32s3"},"selectedPort":{"address":"/dev/ttyACM0","addressLabel":"/dev/ttyACM0","protocol":"serial","protocolLabel":"Serial Port (USB)","properties":{"pid":"0x1001","serialNumber":"94:A9:90:7D:0E:B4","vid":"0x303a"},"hardwareId":"94:A9:90:7D:0E:B4"}},{"arduino+serial:///dev/ttyUSB0":{"name":"DOIT ESP32 DEVKIT V1","fqbn":"esp32:esp32:esp32doit-devkit-v1"},"arduino+serial:///dev/ttyACM0":{"name":"ESP32S3 Dev Module","fqbn":"esp32:esp32:esp32s3"}}]
2025-09-01 18:51:25 2025-09-02T01:51:25.265Z daemon INFO time="2025-09-01T18:51:25-07:00" level=info msg="Tool required for debug" tool="arduino:dfu-util@0.11.0-arduino5"
time="2025-09-01T18:51:25-07:00" level=info msg="Tool required for debug" tool="esp32:esp-rv32@2411"
time="2025-09-01T18:51:25-07:00" level=info msg="Tool required for debug" tool="esp32:esp-x32@2411"
time="2025-09-01T18:51:25-07:00" level=info msg="Tool required for debug" tool="esp32:esp32-arduino-libs@idf-release_v5.5-b66b5448-v1"
time="2025-09-01T18:51:25-07:00" level=info msg="Tool required for debug" tool="esp32:esptool_py@5.0.0"
time="2025-09-01T18:51:25-07:00" level=info msg="Tool required for debug" tool="esp32:mklittlefs@3.0.0-gnu12-dc7f933"
time="2025-09-01T18:51:25-07:00" level=info msg="Tool required for debug" tool="esp32:mkspiffs@0.2.3"
time="2025-09-01T18:51:25-07:00" level=info msg="Tool required for debug" tool="esp32:openocd-esp32@v0.12.0-esp32-20250422"
time="2025-09-01T18:51:25-07:00" level=info msg="Tool required for debug" tool="esp32:riscv32-esp-elf-gdb@16.2_20250324"
time="2025-09-01T18:51:25-07:00" level=info msg="Tool required for debug" tool="esp32:xtensa-esp-elf-gdb@16.2_20250324"
time="2025-09-01T18:51:25-07:00" level=info msg="Tool required for debug" tool="arduino:avr-gcc@7.3.0-atmel3.6.1-arduino7"
time="2025-09-01T18:51:25-07:00" level=info msg="Tool required for debug" tool="builtin:dfu-discovery@0.1.2"
time="2025-09-01T18:51:25-07:00" level=info msg="Tool required for debug" tool="builtin:mdns-discovery@1.0.9"
time="2025-09-01T18:51:25-07:00" level=info msg="Tool required for debug" tool="arduino:dfu-util@0.11.0-arduino5"
time="2025-09-01T18:51:25-07:00" level=info msg="Tool required for debug" tool="esp32:esp-rv32@2411"
time="2025-09-01T18:51:25-07:00" level=info msg="Tool required for debug" tool="esp32:esp-x32@2411"
time="2025-09-01T18:51:25-07:00" level=info msg="Tool required for debug" tool="esp32:esp32-arduino-libs@idf-release_v5.5-b66b5448-v1"
time="2025-09-01T18:51:25-07:00" level=info msg="Tool required for debug" tool="esp32:esptool_py@5.0.0"
time="2025-09-01T18:51:25-07:00" level=info msg="Tool required for debug" tool="esp32:mklittlefs@3.0.0-gnu12-dc7f933"
time="2025-09-01T18:51:25-07:00" level=info msg="Tool required for debug" tool="esp32:mkspiffs@0.2.3"
time="2025-09-01T18:51:25-07:00" level=info msg="Tool required for debug" tool="esp32:openocd-esp32@v0.12.0-esp32-20250422"
time="2025-09-01T18:51:25-07:00" level=info msg="Tool required for debug" tool="esp32:riscv32-esp-elf-gdb@16.2_20250324"
time="2025-09-01T18:51:25-07:00" level=info msg="Tool required for debug" tool="esp32:xtensa-esp-elf-gdb@16.2_20250324"
time="2025-09-01T18:51:25-07:00" level=info msg="Tool required for debug" tool="builtin:mdns-discovery@1.0.9"
time="2025-09-01T18:51:25-07:00" level=info msg="Tool required for debug" tool="builtin:ctags@5.8-arduino11"
time="2025-09-01T18:51:25-07:00" level=info msg="Tool required for debug" tool="arduino:avr-gcc@7.3.0-atmel3.6.1-arduino7"
time="2025-09-01T18:51:25-07:00" level=info msg="Tool required for debug" tool="arduino:avrdude@6.3.0-arduino17"
time="2025-09-01T18:51:25-07:00" level=info msg="Tool required for debug" tool="arduino:openocd@0.11.0-arduino2"
time="2025-09-01T18:51:25-07:00" level=info msg="Tool required for debug" tool="builtin:serial-discovery@1.4.1"
time="2025-09-01T18:51:25-07:00" level=info msg="Tool required for debug" tool="builtin:serial-monitor@0.15.0"
time="2025-09-01T18:51:25-07:00" level=info msg="Tool required for debug" tool="builtin:ctags@5.8-arduino11"
time="2025-09-01T18:51:25-07:00" level=info msg="Tool required for debug" tool="builtin:dfu-discovery@0.1.2"
time="2025-09-01T18:51:25-07:00" level=info msg="Tool required for debug" tool="arduino:arm-none-eabi-gcc@7-2017q4"
time="2025-09-01T18:51:25-07:00" level=info msg="Tool required for debug" tool="arduino:arduinoOTA@1.3.0"
time="2025-09-01T18:51:25-07:00" level=info msg="Tool required for debug" tool="arduino:avrdude@6.3.0-arduino17"
time="2025-09-01T18:51:25-07:00" level=info msg="Tool required for debug" tool="arduino:openocd@0.11.0-arduino2"
time="2025-09-01T18:51:25-07:00" level=info msg="Tool required for debug" tool="arduino:bossac@1.9.1-arduino5"
time="2025-09-01T18:51:25-07:00" level=info msg="Tool required for debug" tool="arduino:arm-none-eabi-gcc@7-2017q4"
time="2025-09-01T18:51:25-07:00" level=info msg="Tool required for debug" tool="arduino:arduinoOTA@1.3.0"
time="2025-09-01T18:51:25-07:00" level=info msg="Tool required for debug" tool="builtin:serial-discovery@1.4.1"
time="2025-09-01T18:51:25-07:00" level=info msg="Tool required for debug" tool="builtin:serial-monitor@0.15.0"
time="2025-09-01T18:51:25-07:00" level=info msg="Tool required for debug" tool="arduino:bossac@1.9.1-arduino5"
2025-09-01 18:51:25 2025-09-02T01:51:25.270Z daemon INFO time="2025-09-01T18:51:25-07:00" level=info msg="Tool required for debug" tool="arduino:dfu-util@0.11.0-arduino5"
time="2025-09-01T18:51:25-07:00" level=info msg="Tool required for debug" tool="esp32:esp-rv32@2411"
time="2025-09-01T18:51:25-07:00" level=info msg="Tool required for debug" tool="esp32:esp-x32@2411"
time="2025-09-01T18:51:25-07:00" level=info msg="Tool required for debug" tool="esp32:esp32-arduino-libs@idf-release_v5.5-b66b5448-v1"
time="2025-09-01T18:51:25-07:00" level=info msg="Tool required for debug" tool="esp32:esptool_py@5.0.0"
time="2025-09-01T18:51:25-07:00" level=info msg="Tool required for debug" tool="esp32:mklittlefs@3.0.0-gnu12-dc7f933"
time="2025-09-01T18:51:25-07:00" level=info msg="Tool required for debug" tool="esp32:mkspiffs@0.2.3"
time="2025-09-01T18:51:25-07:00" level=info msg="Tool required for debug" tool="esp32:openocd-esp32@v0.12.0-esp32-20250422"
time="2025-09-01T18:51:25-07:00" level=info msg="Tool required for debug" tool="esp32:riscv32-esp-elf-gdb@16.2_20250324"
time="2025-09-01T18:51:25-07:00" level=info msg="Tool required for debug" tool="esp32:xtensa-esp-elf-gdb@16.2_20250324"
time="2025-09-01T18:51:25-07:00" level=info msg="Tool required for debug" tool="builtin:serial-discovery@1.4.1"
time="2025-09-01T18:51:25-07:00" level=info msg="Tool required for debug" tool="arduino:bossac@1.9.1-arduino5"
time="2025-09-01T18:51:25-07:00" level=info msg="Tool required for debug" tool="arduino:avrdude@6.3.0-arduino17"
time="2025-09-01T18:51:25-07:00" level=info msg="Tool required for debug" tool="builtin:ctags@5.8-arduino11"
time="2025-09-01T18:51:25-07:00" level=info msg="Tool required for debug" tool="builtin:serial-monitor@0.15.0"
time="2025-09-01T18:51:25-07:00" level=info msg="Tool required for debug" tool="arduino:avr-gcc@7.3.0-atmel3.6.1-arduino7"
time="2025-09-01T18:51:25-07:00" level=info msg="Tool required for debug" tool="builtin:mdns-discovery@1.0.9"
time="2025-09-01T18:51:25-07:00" level=info msg="Tool required for debug" tool="arduino:arm-none-eabi-gcc@7-2017q4"
time="2025-09-01T18:51:25-07:00" level=info msg="Tool required for debug" tool="arduino:arduinoOTA@1.3.0"
2025-09-01 18:51:25 2025-09-02T01:51:25.276Z daemon INFO time="2025-09-01T18:51:25-07:00" level=info msg="Tool required for debug" tool="arduino:openocd@0.11.0-arduino2"
time="2025-09-01T18:51:25-07:00" level=info msg="Tool required for debug" tool="builtin:dfu-discovery@0.1.2"
time="2025-09-01T18:51:25-07:00" level=info msg="Tool required for debug" tool="arduino:dfu-util@0.11.0-arduino5"
time="2025-09-01T18:51:25-07:00" level=info msg="Tool required for debug" tool="esp32:esp-rv32@2411"
time="2025-09-01T18:51:25-07:00" level=info msg="Tool required for debug" tool="esp32:esp-x32@2411"
time="2025-09-01T18:51:25-07:00" level=info msg="Tool required for debug" tool="esp32:esp32-arduino-libs@idf-release_v5.5-b66b5448-v1"
time="2025-09-01T18:51:25-07:00" level=info msg="Tool required for debug" tool="esp32:esptool_py@5.0.0"
time="2025-09-01T18:51:25-07:00" level=info msg="Tool required for debug" tool="esp32:mklittlefs@3.0.0-gnu12-dc7f933"
time="2025-09-01T18:51:25-07:00" level=info msg="Tool required for debug" tool="esp32:mkspiffs@0.2.3"
time="2025-09-01T18:51:25-07:00" level=info msg="Tool required for debug" tool="esp32:openocd-esp32@v0.12.0-esp32-20250422"
time="2025-09-01T18:51:25-07:00" level=info msg="Tool required for debug" tool="esp32:riscv32-esp-elf-gdb@16.2_20250324"
time="2025-09-01T18:51:25-07:00" level=info msg="Tool required for debug" tool="esp32:xtensa-esp-elf-gdb@16.2_20250324"
time="2025-09-01T18:51:25-07:00" level=info msg="Tool required for debug" tool="arduino:arduinoOTA@1.3.0"
time="2025-09-01T18:51:25-07:00" level=info msg="Tool required for debug" tool="builtin:ctags@5.8-arduino11"
time="2025-09-01T18:51:25-07:00" level=info msg="Tool required for debug" tool="builtin:dfu-discovery@0.1.2"
time="2025-09-01T18:51:25-07:00" level=info msg="Tool required for debug" tool="builtin:serial-discovery@1.4.1"
time="2025-09-01T18:51:25-07:00" level=info msg="Tool required for debug" tool="arduino:bossac@1.9.1-arduino5"
time="2025-09-01T18:51:25-07:00" level=info msg="Tool required for debug" tool="builtin:serial-monitor@0.15.0"
time="2025-09-01T18:51:25-07:00" level=info msg="Tool required for debug" tool="arduino:openocd@0.11.0-arduino2"
time="2025-09-01T18:51:25-07:00" level=info msg="Tool required for debug" tool="arduino:arm-none-eabi-gcc@7-2017q4"
time="2025-09-01T18:51:25-07:00" level=info msg="Tool required for debug" tool="builtin:mdns-discovery@1.0.9"
time="2025-09-01T18:51:25-07:00" level=info msg="Tool required for debug" tool="arduino:avrdude@6.3.0-arduino17"
time="2025-09-01T18:51:25-07:00" level=info msg="Tool required for debug" tool="arduino:avr-gcc@7.3.0-atmel3.6.1-arduino7"
2025-09-01 18:51:25 2025-09-02T01:51:25.276Z daemon INFO time="2025-09-01T18:51:25-07:00" level=info msg="Tool required for debug" tool="arduino:dfu-util@0.11.0-arduino5"
2025-09-01 18:51:25 2025-09-02T01:51:25.276Z daemon INFO time="2025-09-01T18:51:25-07:00" level=info msg="Tool required for debug" tool="esp32:esp-rv32@2411"
time="2025-09-01T18:51:25-07:00" level=info msg="Tool required for debug" tool="esp32:esp-x32@2411"
time="2025-09-01T18:51:25-07:00" level=info msg="Tool required for debug" tool="esp32:esp32-arduino-libs@idf-release_v5.5-b66b5448-v1"
2025-09-01 18:51:25 2025-09-02T01:51:25.276Z daemon INFO time="2025-09-01T18:51:25-07:00" level=info msg="Tool required for debug" tool="esp32:esptool_py@5.0.0"
2025-09-01 18:51:25 2025-09-02T01:51:25.276Z daemon INFO time="2025-09-01T18:51:25-07:00" level=info msg="Tool required for debug" tool="esp32:mklittlefs@3.0.0-gnu12-dc7f933"
time="2025-09-01T18:51:25-07:00" level=info msg="Tool required for debug" tool="esp32:mkspiffs@0.2.3"
2025-09-01 18:51:25 2025-09-02T01:51:25.276Z daemon INFO time="2025-09-01T18:51:25-07:00" level=info msg="Tool required for debug" tool="esp32:openocd-esp32@v0.12.0-esp32-20250422"
time="2025-09-01T18:51:25-07:00" level=info msg="Tool required for debug" tool="esp32:riscv32-esp-elf-gdb@16.2_20250324"
2025-09-01 18:51:25 2025-09-02T01:51:25.276Z daemon INFO time="2025-09-01T18:51:25-07:00" level=info msg="Tool required for debug" tool="esp32:xtensa-esp-elf-gdb@16.2_20250324"
time="2025-09-01T18:51:25-07:00" level=info msg="Tool required for debug" tool="builtin:mdns-discovery@1.0.9"
2025-09-01 18:51:25 2025-09-02T01:51:25.276Z daemon INFO time="2025-09-01T18:51:25-07:00" level=info msg="Tool required for debug" tool="builtin:serial-discovery@1.4.1"
2025-09-01 18:51:25 2025-09-02T01:51:25.276Z daemon INFO time="2025-09-01T18:51:25-07:00" level=info msg="Tool required for debug" tool="arduino:bossac@1.9.1-arduino5"
2025-09-01 18:51:25 2025-09-02T01:51:25.276Z daemon INFO time="2025-09-01T18:51:25-07:00" level=info msg="Tool required for debug" tool="builtin:serial-monitor@0.15.0"
2025-09-01 18:51:25 2025-09-02T01:51:25.276Z daemon INFO time="2025-09-01T18:51:25-07:00" level=info msg="Tool required for debug" tool="builtin:ctags@5.8-arduino11"
2025-09-01 18:51:25 2025-09-02T01:51:25.276Z daemon INFO time="2025-09-01T18:51:25-07:00" level=info msg="Tool required for debug" tool="builtin:dfu-discovery@0.1.2"
2025-09-01 18:51:25 2025-09-02T01:51:25.276Z daemon INFO time="2025-09-01T18:51:25-07:00" level=info msg="Tool required for debug" tool="arduino:arduinoOTA@1.3.0"
2025-09-01 18:51:25 2025-09-02T01:51:25.276Z daemon INFO time="2025-09-01T18:51:25-07:00" level=info msg="Tool required for debug" tool="arduino:openocd@0.11.0-arduino2"
time="2025-09-01T18:51:25-07:00" level=info msg="Tool required for debug" tool="arduino:avr-gcc@7.3.0-atmel3.6.1-arduino7"
2025-09-01 18:51:25 2025-09-02T01:51:25.276Z daemon INFO time="2025-09-01T18:51:25-07:00" level=info msg="Tool required for debug" tool="arduino:avrdude@6.3.0-arduino17"
time="2025-09-01T18:51:25-07:00" level=info msg="Tool required for debug" tool="arduino:arm-none-eabi-gcc@7-2017q4"
2025-09-01 18:51:25 2025-09-02T01:51:25.279Z daemon INFO time="2025-09-01T18:51:25-07:00" level=info msg="Tool required for debug" tool="arduino:dfu-util@0.11.0-arduino5"
time="2025-09-01T18:51:25-07:00" level=info msg="Tool required for debug" tool="esp32:esp-rv32@2411"
time="2025-09-01T18:51:25-07:00" level=info msg="Tool required for debug" tool="esp32:esp-x32@2411"
time="2025-09-01T18:51:25-07:00" level=info msg="Tool required for debug" tool="esp32:esp32-arduino-libs@idf-release_v5.5-b66b5448-v1"
time="2025-09-01T18:51:25-07:00" level=info msg="Tool required for debug" tool="esp32:esptool_py@5.0.0"
time="2025-09-01T18:51:25-07:00" level=info msg="Tool required for debug" tool="esp32:mklittlefs@3.0.0-gnu12-dc7f933"
2025-09-01 18:51:25 2025-09-02T01:51:25.279Z daemon INFO time="2025-09-01T18:51:25-07:00" level=info msg="Tool required for debug" tool="esp32:mkspiffs@0.2.3"
time="2025-09-01T18:51:25-07:00" level=info msg="Tool required for debug" tool="esp32:openocd-esp32@v0.12.0-esp32-20250422"
time="2025-09-01T18:51:25-07:00" level=info msg="Tool required for debug" tool="esp32:riscv32-esp-elf-gdb@16.2_20250324"
time="2025-09-01T18:51:25-07:00" level=info msg="Tool required for debug" tool="esp32:xtensa-esp-elf-gdb@16.2_20250324"
time="2025-09-01T18:51:25-07:00" level=info msg="Tool required for debug" tool="arduino:arm-none-eabi-gcc@7-2017q4"
time="2025-09-01T18:51:25-07:00" level=info msg="Tool required for debug" tool="arduino:arduinoOTA@1.3.0"
time="2025-09-01T18:51:25-07:00" level=info msg="Tool required for debug" tool="builtin:dfu-discovery@0.1.2"
time="2025-09-01T18:51:25-07:00" level=info msg="Tool required for debug" tool="arduino:avr-gcc@7.3.0-atmel3.6.1-arduino7"
time="2025-09-01T18:51:25-07:00" level=info msg="Tool required for debug" tool="arduino:bossac@1.9.1-arduino5"
time="2025-09-01T18:51:25-07:00" level=info msg="Tool required for debug" tool="builtin:ctags@5.8-arduino11"
time="2025-09-01T18:51:25-07:00" level=info msg="Tool required for debug" tool="builtin:mdns-discovery@1.0.9"
time="2025-09-01T18:51:25-07:00" level=info msg="Tool required for debug" tool="builtin:serial-discovery@1.4.1"
time="2025-09-01T18:51:25-07:00" level=info msg="Tool required for debug" tool="builtin:serial-monitor@0.15.0"
2025-09-01 18:51:25 2025-09-02T01:51:25.279Z daemon INFO time="2025-09-01T18:51:25-07:00" level=info msg="Tool required for debug" tool="arduino:avrdude@6.3.0-arduino17"
time="2025-09-01T18:51:25-07:00" level=info msg="Tool required for debug" tool="arduino:openocd@0.11.0-arduino2"
2025-09-01 18:51:25 2025-09-02T01:51:25.284Z daemon INFO time="2025-09-01T18:51:25-07:00" level=info msg="Tool required for debug" tool="arduino:dfu-util@0.11.0-arduino5"
time="2025-09-01T18:51:25-07:00" level=info msg="Tool required for debug" tool="esp32:esp-rv32@2411"
time="2025-09-01T18:51:25-07:00" level=info msg="Tool required for debug" tool="esp32:esp-x32@2411"
time="2025-09-01T18:51:25-07:00" level=info msg="Tool required for debug" tool="esp32:esp32-arduino-libs@idf-release_v5.5-b66b5448-v1"
time="2025-09-01T18:51:25-07:00" level=info msg="Tool required for debug" tool="esp32:esptool_py@5.0.0"
2025-09-01 18:51:25 2025-09-02T01:51:25.285Z daemon INFO time="2025-09-01T18:51:25-07:00" level=info msg="Tool required for debug" tool="esp32:mklittlefs@3.0.0-gnu12-dc7f933"
time="2025-09-01T18:51:25-07:00" level=info msg="Tool required for debug" tool="esp32:mkspiffs@0.2.3"
time="2025-09-01T18:51:25-07:00" level=info msg="Tool required for debug" tool="esp32:openocd-esp32@v0.12.0-esp32-20250422"
time="2025-09-01T18:51:25-07:00" level=info msg="Tool required for debug" tool="esp32:riscv32-esp-elf-gdb@16.2_20250324"
time="2025-09-01T18:51:25-07:00" level=info msg="Tool required for debug" tool="esp32:xtensa-esp-elf-gdb@16.2_20250324"
time="2025-09-01T18:51:25-07:00" level=info msg="Tool required for debug" tool="arduino:arduinoOTA@1.3.0"
time="2025-09-01T18:51:25-07:00" level=info msg="Tool required for debug" tool="arduino:avrdude@6.3.0-arduino17"
time="2025-09-01T18:51:25-07:00" level=info msg="Tool required for debug" tool="builtin:mdns-discovery@1.0.9"
time="2025-09-01T18:51:25-07:00" level=info msg="Tool required for debug" tool="builtin:dfu-discovery@0.1.2"
2025-09-01 18:51:25 2025-09-02T01:51:25.285Z daemon INFO time="2025-09-01T18:51:25-07:00" level=info msg="Tool required for debug" tool="builtin:serial-discovery@1.4.1"
time="2025-09-01T18:51:25-07:00" level=info msg="Tool required for debug" tool="arduino:arm-none-eabi-gcc@7-2017q4"
time="2025-09-01T18:51:25-07:00" level=info msg="Tool required for debug" tool="arduino:bossac@1.9.1-arduino5"
time="2025-09-01T18:51:25-07:00" level=info msg="Tool required for debug" tool="builtin:serial-monitor@0.15.0"
2025-09-01 18:51:25 2025-09-02T01:51:25.285Z daemon INFO time="2025-09-01T18:51:25-07:00" level=info msg="Tool required for debug" tool="arduino:openocd@0.11.0-arduino2"
time="2025-09-01T18:51:25-07:00" level=info msg="Tool required for debug" tool="arduino:avr-gcc@7.3.0-atmel3.6.1-arduino7"
time="2025-09-01T18:51:25-07:00" level=info msg="Tool required for debug" tool="builtin:ctags@5.8-arduino11"
2025-09-01 18:51:25 2025-09-02T01:51:25.285Z daemon INFO time="2025-09-01T18:51:25-07:00" level=info msg="Tool required for debug" tool="arduino:dfu-util@0.11.0-arduino5"
time="2025-09-01T18:51:25-07:00" level=info msg="Tool required for debug" tool="esp32:esp-rv32@2411"
time="2025-09-01T18:51:25-07:00" level=info msg="Tool required for debug" tool="esp32:esp-x32@2411"
time="2025-09-01T18:51:25-07:00" level=info msg="Tool required for debug" tool="esp32:esp32-arduino-libs@idf-release_v5.5-b66b5448-v1"
time="2025-09-01T18:51:25-07:00" level=info msg="Tool required for debug" tool="esp32:esptool_py@5.0.0"
2025-09-01 18:51:25 2025-09-02T01:51:25.285Z daemon INFO time="2025-09-01T18:51:25-07:00" level=info msg="Tool required for debug" tool="esp32:mklittlefs@3.0.0-gnu12-dc7f933"
time="2025-09-01T18:51:25-07:00" level=info msg="Tool required for debug" tool="esp32:mkspiffs@0.2.3"
time="2025-09-01T18:51:25-07:00" level=info msg="Tool required for debug" tool="esp32:openocd-esp32@v0.12.0-esp32-20250422"
time="2025-09-01T18:51:25-07:00" level=info msg="Tool required for debug" tool="esp32:riscv32-esp-elf-gdb@16.2_20250324"
time="2025-09-01T18:51:25-07:00" level=info msg="Tool required for debug" tool="esp32:xtensa-esp-elf-gdb@16.2_20250324"
time="2025-09-01T18:51:25-07:00" level=info msg="Tool required for debug" tool="builtin:mdns-discovery@1.0.9"
time="2025-09-01T18:51:25-07:00" level=info msg="Tool required for debug" tool="arduino:arduinoOTA@1.3.0"
time="2025-09-01T18:51:25-07:00" level=info msg="Tool required for debug" tool="arduino:bossac@1.9.1-arduino5"
time="2025-09-01T18:51:25-07:00" level=info msg="Tool required for debug" tool="builtin:ctags@5.8-arduino11"
2025-09-01 18:51:25 2025-09-02T01:51:25.285Z daemon INFO time="2025-09-01T18:51:25-07:00" level=info msg="Tool required for debug" tool="arduino:avrdude@6.3.0-arduino17"
time="2025-09-01T18:51:25-07:00" level=info msg="Tool required for debug" tool="arduino:avr-gcc@7.3.0-atmel3.6.1-arduino7"
time="2025-09-01T18:51:25-07:00" level=info msg="Tool required for debug" tool="builtin:dfu-discovery@0.1.2"
time="2025-09-01T18:51:25-07:00" level=info msg="Tool required for debug" tool="arduino:openocd@0.11.0-arduino2"
time="2025-09-01T18:51:25-07:00" level=info msg="Tool required for debug" tool="builtin:serial-discovery@1.4.1"
2025-09-01 18:51:25 2025-09-02T01:51:25.285Z daemon INFO time="2025-09-01T18:51:25-07:00" level=info msg="Tool required for debug" tool="builtin:serial-monitor@0.15.0"
time="2025-09-01T18:51:25-07:00" level=info msg="Tool required for debug" tool="arduino:arm-none-eabi-gcc@7-2017q4"
2025-09-01 18:51:25 2025-09-02T01:51:25.291Z daemon INFO time="2025-09-01T18:51:25-07:00" level=info msg="Tool required for debug" tool="arduino:dfu-util@0.11.0-arduino5"
time="2025-09-01T18:51:25-07:00" level=info msg="Tool required for debug" tool="esp32:esp-rv32@2411"
time="2025-09-01T18:51:25-07:00" level=info msg="Tool required for debug" tool="esp32:esp-x32@2411"
2025-09-01 18:51:25 2025-09-02T01:51:25.292Z daemon INFO time="2025-09-01T18:51:25-07:00" level=info msg="Tool required for debug" tool="esp32:esp32-arduino-libs@idf-release_v5.5-b66b5448-v1"
time="2025-09-01T18:51:25-07:00" level=info msg="Tool required for debug" tool="esp32:esptool_py@5.0.0"
time="2025-09-01T18:51:25-07:00" level=info msg="Tool required for debug" tool="esp32:mklittlefs@3.0.0-gnu12-dc7f933"
time="2025-09-01T18:51:25-07:00" level=info msg="Tool required for debug" tool="esp32:mkspiffs@0.2.3"
time="2025-09-01T18:51:25-07:00" level=info msg="Tool required for debug" tool="esp32:openocd-esp32@v0.12.0-esp32-20250422"
2025-09-01 18:51:25 2025-09-02T01:51:25.292Z daemon INFO time="2025-09-01T18:51:25-07:00" level=info msg="Tool required for debug" tool="esp32:riscv32-esp-elf-gdb@16.2_20250324"
time="2025-09-01T18:51:25-07:00" level=info msg="Tool required for debug" tool="esp32:xtensa-esp-elf-gdb@16.2_20250324"
time="2025-09-01T18:51:25-07:00" level=info msg="Tool required for debug" tool="builtin:dfu-discovery@0.1.2"
2025-09-01 18:51:25 2025-09-02T01:51:25.292Z daemon INFO time="2025-09-01T18:51:25-07:00" level=info msg="Tool required for debug" tool="arduino:arduinoOTA@1.3.0"
2025-09-01 18:51:25 2025-09-02T01:51:25.292Z daemon INFO time="2025-09-01T18:51:25-07:00" level=info msg="Tool required for debug" tool="arduino:arm-none-eabi-gcc@7-2017q4"
time="2025-09-01T18:51:25-07:00" level=info msg="Tool required for debug" tool="arduino:avrdude@6.3.0-arduino17"
time="2025-09-01T18:51:25-07:00" level=info msg="Tool required for debug" tool="arduino:avr-gcc@7.3.0-atmel3.6.1-arduino7"
2025-09-01 18:51:25 2025-09-02T01:51:25.292Z daemon INFO time="2025-09-01T18:51:25-07:00" level=info msg="Tool required for debug" tool="arduino:bossac@1.9.1-arduino5"
time="2025-09-01T18:51:25-07:00" level=info msg="Tool required for debug" tool="builtin:mdns-discovery@1.0.9"
2025-09-01 18:51:25 2025-09-02T01:51:25.292Z daemon INFO time="2025-09-01T18:51:25-07:00" level=info msg="Tool required for debug" tool="builtin:serial-monitor@0.15.0"
2025-09-01 18:51:25 2025-09-02T01:51:25.292Z daemon INFO time="2025-09-01T18:51:25-07:00" level=info msg="Tool required for debug" tool="arduino:openocd@0.11.0-arduino2"
time="2025-09-01T18:51:25-07:00" level=info msg="Tool required for debug" tool="builtin:serial-discovery@1.4.1"
2025-09-01 18:51:25 2025-09-02T01:51:25.292Z daemon INFO time="2025-09-01T18:51:25-07:00" level=info msg="Tool required for debug" tool="builtin:ctags@5.8-arduino11"
2025-09-01 18:51:25 2025-09-02T01:51:25.294Z daemon INFO time="2025-09-01T18:51:25-07:00" level=info msg="Tool required for debug" tool="arduino:dfu-util@0.11.0-arduino5"
time="2025-09-01T18:51:25-07:00" level=info msg="Tool required for debug" tool="esp32:esp-rv32@2411"
time="2025-09-01T18:51:25-07:00" level=info msg="Tool required for debug" tool="esp32:esp-x32@2411"
time="2025-09-01T18:51:25-07:00" level=info msg="Tool required for debug" tool="esp32:esp32-arduino-libs@idf-release_v5.5-b66b5448-v1"
2025-09-01 18:51:25 2025-09-02T01:51:25.294Z daemon INFO time="2025-09-01T18:51:25-07:00" level=info msg="Tool required for debug" tool="esp32:esptool_py@5.0.0"
time="2025-09-01T18:51:25-07:00" level=info msg="Tool required for debug" tool="esp32:mklittlefs@3.0.0-gnu12-dc7f933"
time="2025-09-01T18:51:25-07:00" level=info msg="Tool required for debug" tool="esp32:mkspiffs@0.2.3"
time="2025-09-01T18:51:25-07:00" level=info msg="Tool required for debug" tool="esp32:openocd-esp32@v0.12.0-esp32-20250422"
time="2025-09-01T18:51:25-07:00" level=info msg="Tool required for debug" tool="esp32:riscv32-esp-elf-gdb@16.2_20250324"
time="2025-09-01T18:51:25-07:00" level=info msg="Tool required for debug" tool="esp32:xtensa-esp-elf-gdb@16.2_20250324"
time="2025-09-01T18:51:25-07:00" level=info msg="Tool required for debug" tool="arduino:openocd@0.11.0-arduino2"
time="2025-09-01T18:51:25-07:00" level=info msg="Tool required for debug" tool="builtin:mdns-discovery@1.0.9"
time="2025-09-01T18:51:25-07:00" level=info msg="Tool required for debug" tool="arduino:arm-none-eabi-gcc@7-2017q4"
2025-09-01 18:51:25 2025-09-02T01:51:25.294Z daemon INFO time="2025-09-01T18:51:25-07:00" level=info msg="Tool required for debug" tool="builtin:serial-discovery@1.4.1"
2025-09-01 18:51:25 2025-09-02T01:51:25.294Z daemon INFO time="2025-09-01T18:51:25-07:00" level=info msg="Tool required for debug" tool="arduino:arduinoOTA@1.3.0"
time="2025-09-01T18:51:25-07:00" level=info msg="Tool required for debug" tool="arduino:avrdude@6.3.0-arduino17"
2025-09-01 18:51:25 2025-09-02T01:51:25.294Z daemon INFO time="2025-09-01T18:51:25-07:00" level=info msg="Tool required for debug" tool="builtin:dfu-discovery@0.1.2"
2025-09-01 18:51:25 2025-09-02T01:51:25.294Z daemon INFO time="2025-09-01T18:51:25-07:00" level=info msg="Tool required for debug" tool="arduino:bossac@1.9.1-arduino5"
2025-09-01 18:51:25 2025-09-02T01:51:25.294Z daemon INFO time="2025-09-01T18:51:25-07:00" level=info msg="Tool required for debug" tool="builtin:ctags@5.8-arduino11"
2025-09-01 18:51:25 2025-09-02T01:51:25.294Z daemon INFO time="2025-09-01T18:51:25-07:00" level=info msg="Tool required for debug" tool="builtin:serial-monitor@0.15.0"
2025-09-01 18:51:25 2025-09-02T01:51:25.294Z daemon INFO time="2025-09-01T18:51:25-07:00" level=info msg="Tool required for debug" tool="arduino:avr-gcc@7.3.0-atmel3.6.1-arduino7"
2025-09-01 18:51:25 2025-09-02T01:51:25.298Z daemon INFO time="2025-09-01T18:51:25-07:00" level=info msg="Tool required for debug" tool="arduino:dfu-util@0.11.0-arduino5"
time="2025-09-01T18:51:25-07:00" level=info msg="Tool required for debug" tool="esp32:esp-rv32@2411"
time="2025-09-01T18:51:25-07:00" level=info msg="Tool required for debug" tool="esp32:esp-x32@2411"
time="2025-09-01T18:51:25-07:00" level=info msg="Tool required for debug" tool="esp32:esp32-arduino-libs@idf-release_v5.5-b66b5448-v1"
2025-09-01 18:51:25 2025-09-02T01:51:25.298Z daemon INFO time="2025-09-01T18:51:25-07:00" level=info msg="Tool required for debug" tool="esp32:esptool_py@5.0.0"
time="2025-09-01T18:51:25-07:00" level=info msg="Tool required for debug" tool="esp32:mklittlefs@3.0.0-gnu12-dc7f933"
time="2025-09-01T18:51:25-07:00" level=info msg="Tool required for debug" tool="esp32:mkspiffs@0.2.3"
time="2025-09-01T18:51:25-07:00" level=info msg="Tool required for debug" tool="esp32:openocd-esp32@v0.12.0-esp32-20250422"
time="2025-09-01T18:51:25-07:00" level=info msg="Tool required for debug" tool="esp32:riscv32-esp-elf-gdb@16.2_20250324"
2025-09-01 18:51:25 2025-09-02T01:51:25.298Z daemon INFO time="2025-09-01T18:51:25-07:00" level=info msg="Tool required for debug" tool="esp32:xtensa-esp-elf-gdb@16.2_20250324"
time="2025-09-01T18:51:25-07:00" level=info msg="Tool required for debug" tool="builtin:dfu-discovery@0.1.2"
2025-09-01 18:51:25 2025-09-02T01:51:25.298Z daemon INFO time="2025-09-01T18:51:25-07:00" level=info msg="Tool required for debug" tool="arduino:openocd@0.11.0-arduino2"
time="2025-09-01T18:51:25-07:00" level=info msg="Tool required for debug" tool="arduino:arduinoOTA@1.3.0"
time="2025-09-01T18:51:25-07:00" level=info msg="Tool required for debug" tool="builtin:serial-discovery@1.4.1"
2025-09-01 18:51:25 2025-09-02T01:51:25.298Z daemon INFO time="2025-09-01T18:51:25-07:00" level=info msg="Tool required for debug" tool="builtin:ctags@5.8-arduino11"
2025-09-01 18:51:25 2025-09-02T01:51:25.298Z daemon INFO time="2025-09-01T18:51:25-07:00" level=info msg="Tool required for debug" tool="arduino:avr-gcc@7.3.0-atmel3.6.1-arduino7"
2025-09-01 18:51:25 2025-09-02T01:51:25.298Z daemon INFO time="2025-09-01T18:51:25-07:00" level=info msg="Tool required for debug" tool="arduino:bossac@1.9.1-arduino5"
time="2025-09-01T18:51:25-07:00" level=info msg="Tool required for debug" tool="builtin:mdns-discovery@1.0.9"
2025-09-01 18:51:25 2025-09-02T01:51:25.298Z daemon INFO time="2025-09-01T18:51:25-07:00" level=info msg="Tool required for debug" tool="arduino:arm-none-eabi-gcc@7-2017q4"
time="2025-09-01T18:51:25-07:00" level=info msg="Tool required for debug" tool="builtin:serial-monitor@0.15.0"
2025-09-01 18:51:25 2025-09-02T01:51:25.298Z daemon INFO time="2025-09-01T18:51:25-07:00" level=info msg="Tool required for debug" tool="arduino:avrdude@6.3.0-arduino17"
2025-09-01 18:51:25 2025-09-02T01:51:25.302Z daemon INFO time="2025-09-01T18:51:25-07:00" level=info msg="Tool required for debug" tool="arduino:dfu-util@0.11.0-arduino5"
time="2025-09-01T18:51:25-07:00" level=info msg="Tool required for debug" tool="esp32:esp-rv32@2411"
time="2025-09-01T18:51:25-07:00" level=info msg="Tool required for debug" tool="esp32:esp-x32@2411"
time="2025-09-01T18:51:25-07:00" level=info msg="Tool required for debug" tool="esp32:esp32-arduino-libs@idf-release_v5.5-b66b5448-v1"
time="2025-09-01T18:51:25-07:00" level=info msg="Tool required for debug" tool="esp32:esptool_py@5.0.0"
2025-09-01 18:51:25 2025-09-02T01:51:25.302Z daemon INFO time="2025-09-01T18:51:25-07:00" level=info msg="Tool required for debug" tool="esp32:mklittlefs@3.0.0-gnu12-dc7f933"
time="2025-09-01T18:51:25-07:00" level=info msg="Tool required for debug" tool="esp32:mkspiffs@0.2.3"
time="2025-09-01T18:51:25-07:00" level=info msg="Tool required for debug" tool="esp32:openocd-esp32@v0.12.0-esp32-20250422"
time="2025-09-01T18:51:25-07:00" level=info msg="Tool required for debug" tool="esp32:riscv32-esp-elf-gdb@16.2_20250324"
time="2025-09-01T18:51:25-07:00" level=info msg="Tool required for debug" tool="esp32:xtensa-esp-elf-gdb@16.2_20250324"
2025-09-01 18:51:25 2025-09-02T01:51:25.302Z daemon INFO time="2025-09-01T18:51:25-07:00" level=info msg="Tool required for debug" tool="arduino:arm-none-eabi-gcc@7-2017q4"
time="2025-09-01T18:51:25-07:00" level=info msg="Tool required for debug" tool="arduino:avr-gcc@7.3.0-atmel3.6.1-arduino7"
2025-09-01 18:51:25 2025-09-02T01:51:25.302Z daemon INFO time="2025-09-01T18:51:25-07:00" level=info msg="Tool required for debug" tool="builtin:ctags@5.8-arduino11"
2025-09-01 18:51:25 2025-09-02T01:51:25.302Z daemon INFO time="2025-09-01T18:51:25-07:00" level=info msg="Tool required for debug" tool="builtin:serial-discovery@1.4.1"
2025-09-01 18:51:25 2025-09-02T01:51:25.302Z daemon INFO time="2025-09-01T18:51:25-07:00" level=info msg="Tool required for debug" tool="builtin:mdns-discovery@1.0.9"
2025-09-01 18:51:25 2025-09-02T01:51:25.302Z daemon INFO time="2025-09-01T18:51:25-07:00" level=info msg="Tool required for debug" tool="builtin:serial-monitor@0.15.0"
2025-09-01 18:51:25 2025-09-02T01:51:25.302Z daemon INFO time="2025-09-01T18:51:25-07:00" level=info msg="Tool required for debug" tool="arduino:avrdude@6.3.0-arduino17"
time="2025-09-01T18:51:25-07:00" level=info msg="Tool required for debug" tool="builtin:dfu-discovery@0.1.2"
2025-09-01 18:51:25 2025-09-02T01:51:25.303Z daemon INFO time="2025-09-01T18:51:25-07:00" level=info msg="Tool required for debug" tool="arduino:openocd@0.11.0-arduino2"
time="2025-09-01T18:51:25-07:00" level=info msg="Tool required for debug" tool="arduino:arduinoOTA@1.3.0"
2025-09-01 18:51:25 2025-09-02T01:51:25.303Z daemon INFO time="2025-09-01T18:51:25-07:00" level=info msg="Tool required for debug" tool="arduino:bossac@1.9.1-arduino5"
2025-09-01 18:51:25 2025-09-02T01:51:25.303Z daemon INFO time="2025-09-01T18:51:25-07:00" level=info msg="Tool required for debug" tool="arduino:dfu-util@0.11.0-arduino5"
time="2025-09-01T18:51:25-07:00" level=info msg="Tool required for debug" tool="esp32:esp-rv32@2411"
time="2025-09-01T18:51:25-07:00" level=info msg="Tool required for debug" tool="esp32:esp-x32@2411"
time="2025-09-01T18:51:25-07:00" level=info msg="Tool required for debug" tool="esp32:esp32-arduino-libs@idf-release_v5.5-b66b5448-v1"
2025-09-01 18:51:25 2025-09-02T01:51:25.303Z daemon INFO time="2025-09-01T18:51:25-07:00" level=info msg="Tool required for debug" tool="esp32:esptool_py@5.0.0"
time="2025-09-01T18:51:25-07:00" level=info msg="Tool required for debug" tool="esp32:mklittlefs@3.0.0-gnu12-dc7f933"
time="2025-09-01T18:51:25-07:00" level=info msg="Tool required for debug" tool="esp32:mkspiffs@0.2.3"
time="2025-09-01T18:51:25-07:00" level=info msg="Tool required for debug" tool="esp32:openocd-esp32@v0.12.0-esp32-20250422"
time="2025-09-01T18:51:25-07:00" level=info msg="Tool required for debug" tool="esp32:riscv32-esp-elf-gdb@16.2_20250324"
2025-09-01 18:51:25 2025-09-02T01:51:25.303Z daemon INFO time="2025-09-01T18:51:25-07:00" level=info msg="Tool required for debug" tool="esp32:xtensa-esp-elf-gdb@16.2_20250324"
time="2025-09-01T18:51:25-07:00" level=info msg="Tool required for debug" tool="builtin:serial-discovery@1.4.1"
2025-09-01 18:51:25 2025-09-02T01:51:25.303Z daemon INFO time="2025-09-01T18:51:25-07:00" level=info msg="Tool required for debug" tool="builtin:serial-monitor@0.15.0"
2025-09-01 18:51:25 2025-09-02T01:51:25.304Z daemon INFO time="2025-09-01T18:51:25-07:00" level=info msg="Tool required for debug" tool="arduino:bossac@1.9.1-arduino5"
time="2025-09-01T18:51:25-07:00" level=info msg="Tool required for debug" tool="arduino:openocd@0.11.0-arduino2"
2025-09-01 18:51:25 2025-09-02T01:51:25.304Z daemon INFO time="2025-09-01T18:51:25-07:00" level=info msg="Tool required for debug" tool="arduino:avr-gcc@7.3.0-atmel3.6.1-arduino7"
time="2025-09-01T18:51:25-07:00" level=info msg="Tool required for debug" tool="arduino:arm-none-eabi-gcc@7-2017q4"
2025-09-01 18:51:25 2025-09-02T01:51:25.304Z daemon INFO time="2025-09-01T18:51:25-07:00" level=info msg="Tool required for debug" tool="arduino:arduinoOTA@1.3.0"
time="2025-09-01T18:51:25-07:00" level=info msg="Tool required for debug" tool="builtin:dfu-discovery@0.1.2"
2025-09-01 18:51:25 2025-09-02T01:51:25.304Z daemon INFO time="2025-09-01T18:51:25-07:00" level=info msg="Tool required for debug" tool="builtin:mdns-discovery@1.0.9"
2025-09-01 18:51:25 2025-09-02T01:51:25.304Z daemon INFO time="2025-09-01T18:51:25-07:00" level=info msg="Tool required for debug" tool="builtin:ctags@5.8-arduino11"
2025-09-01 18:51:25 2025-09-02T01:51:25.304Z daemon INFO time="2025-09-01T18:51:25-07:00" level=info msg="Tool required for debug" tool="arduino:avrdude@6.3.0-arduino17"
2025-09-01 18:51:25 2025-09-02T01:51:25.310Z daemon INFO time="2025-09-01T18:51:25-07:00" level=info msg="Tool required for debug" tool="arduino:dfu-util@0.11.0-arduino5"
time="2025-09-01T18:51:25-07:00" level=info msg="Tool required for debug" tool="esp32:esp-rv32@2411"
2025-09-01 18:51:25 2025-09-02T01:51:25.310Z daemon INFO time="2025-09-01T18:51:25-07:00" level=info msg="Tool required for debug" tool="esp32:esp-x32@2411"
time="2025-09-01T18:51:25-07:00" level=info msg="Tool required for debug" tool="esp32:esp32-arduino-libs@idf-release_v5.5-b66b5448-v1"
time="2025-09-01T18:51:25-07:00" level=info msg="Tool required for debug" tool="esp32:esptool_py@5.0.0"
time="2025-09-01T18:51:25-07:00" level=info msg="Tool required for debug" tool="esp32:mklittlefs@3.0.0-gnu12-dc7f933"
2025-09-01 18:51:25 2025-09-02T01:51:25.310Z daemon INFO time="2025-09-01T18:51:25-07:00" level=info msg="Tool required for debug" tool="esp32:mkspiffs@0.2.3"
time="2025-09-01T18:51:25-07:00" level=info msg="Tool required for debug" tool="esp32:openocd-esp32@v0.12.0-esp32-20250422"
2025-09-01 18:51:25 2025-09-02T01:51:25.310Z daemon INFO time="2025-09-01T18:51:25-07:00" level=info msg="Tool required for debug" tool="esp32:riscv32-esp-elf-gdb@16.2_20250324"
time="2025-09-01T18:51:25-07:00" level=info msg="Tool required for debug" tool="esp32:xtensa-esp-elf-gdb@16.2_20250324"
2025-09-01 18:51:25 2025-09-02T01:51:25.310Z daemon INFO time="2025-09-01T18:51:25-07:00" level=info msg="Tool required for debug" tool="arduino:avr-gcc@7.3.0-atmel3.6.1-arduino7"
time="2025-09-01T18:51:25-07:00" level=info msg="Tool required for debug" tool="builtin:dfu-discovery@0.1.2"
2025-09-01 18:51:25 2025-09-02T01:51:25.310Z daemon INFO time="2025-09-01T18:51:25-07:00" level=info msg="Tool required for debug" tool="arduino:dfu-util@0.11.0-arduino5"
time="2025-09-01T18:51:25-07:00" level=info msg="Tool required for debug" tool="builtin:serial-monitor@0.15.0"
2025-09-01 18:51:25 2025-09-02T01:51:25.310Z daemon INFO time="2025-09-01T18:51:25-07:00" level=info msg="Tool required for debug" tool="arduino:bossac@1.9.1-arduino5"
2025-09-01 18:51:25 2025-09-02T01:51:25.310Z daemon INFO time="2025-09-01T18:51:25-07:00" level=info msg="Tool required for debug" tool="builtin:serial-discovery@1.4.1"
2025-09-01 18:51:25 2025-09-02T01:51:25.310Z daemon INFO time="2025-09-01T18:51:25-07:00" level=info msg="Tool required for debug" tool="arduino:openocd@0.11.0-arduino2"
time="2025-09-01T18:51:25-07:00" level=info msg="Tool required for debug" tool="arduino:arm-none-eabi-gcc@7-2017q4"
2025-09-01 18:51:25 2025-09-02T01:51:25.310Z daemon INFO time="2025-09-01T18:51:25-07:00" level=info msg="Tool required for debug" tool="builtin:mdns-discovery@1.0.9"
2025-09-01 18:51:25 2025-09-02T01:51:25.310Z daemon INFO time="2025-09-01T18:51:25-07:00" level=info msg="Tool required for debug" tool="builtin:ctags@5.8-arduino11"
2025-09-01 18:51:25 2025-09-02T01:51:25.310Z daemon INFO time="2025-09-01T18:51:25-07:00" level=info msg="Tool required for debug" tool="arduino:avrdude@6.3.0-arduino17"
time="2025-09-01T18:51:25-07:00" level=info msg="Tool required for debug" tool="arduino:arduinoOTA@1.3.0"
2025-09-01 18:51:25 2025-09-02T01:51:25.310Z daemon INFO time="2025-09-01T18:51:25-07:00" level=info msg="Tool required for debug" tool="esp32:esp-rv32@2411"
time="2025-09-01T18:51:25-07:00" level=info msg="Tool required for debug" tool="esp32:esp-x32@2411"
time="2025-09-01T18:51:25-07:00" level=info msg="Tool required for debug" tool="esp32:esp32-arduino-libs@idf-release_v5.5-b66b5448-v1"
time="2025-09-01T18:51:25-07:00" level=info msg="Tool required for debug" tool="esp32:esptool_py@5.0.0"
2025-09-01 18:51:25 2025-09-02T01:51:25.310Z daemon INFO time="2025-09-01T18:51:25-07:00" level=info msg="Tool required for debug" tool="esp32:mklittlefs@3.0.0-gnu12-dc7f933"
time="2025-09-01T18:51:25-07:00" level=info msg="Tool required for debug" tool="esp32:mkspiffs@0.2.3"
time="2025-09-01T18:51:25-07:00" level=info msg="Tool required for debug" tool="esp32:openocd-esp32@v0.12.0-esp32-20250422"
time="2025-09-01T18:51:25-07:00" level=info msg="Tool required for debug" tool="esp32:riscv32-esp-elf-gdb@16.2_20250324"
time="2025-09-01T18:51:25-07:00" level=info msg="Tool required for debug" tool="esp32:xtensa-esp-elf-gdb@16.2_20250324"
time="2025-09-01T18:51:25-07:00" level=info msg="Tool required for debug" tool="arduino:arduinoOTA@1.3.0"
2025-09-01 18:51:25 2025-09-02T01:51:25.310Z daemon INFO time="2025-09-01T18:51:25-07:00" level=info msg="Tool required for debug" tool="arduino:arm-none-eabi-gcc@7-2017q4"
time="2025-09-01T18:51:25-07:00" level=info msg="Tool required for debug" tool="builtin:mdns-discovery@1.0.9"
time="2025-09-01T18:51:25-07:00" level=info msg="Tool required for debug" tool="arduino:openocd@0.11.0-arduino2"
2025-09-01 18:51:25 2025-09-02T01:51:25.310Z daemon INFO time="2025-09-01T18:51:25-07:00" level=info msg="Tool required for debug" tool="arduino:avr-gcc@7.3.0-atmel3.6.1-arduino7"
time="2025-09-01T18:51:25-07:00" level=info msg="Tool required for debug" tool="arduino:bossac@1.9.1-arduino5"
time="2025-09-01T18:51:25-07:00" level=info msg="Tool required for debug" tool="builtin:serial-monitor@0.15.0"
2025-09-01 18:51:25 2025-09-02T01:51:25.310Z daemon INFO time="2025-09-01T18:51:25-07:00" level=info msg="Tool required for debug" tool="builtin:dfu-discovery@0.1.2"
time="2025-09-01T18:51:25-07:00" level=info msg="Tool required for debug" tool="arduino:avrdude@6.3.0-arduino17"
2025-09-01 18:51:25 2025-09-02T01:51:25.311Z daemon INFO time="2025-09-01T18:51:25-07:00" level=info msg="Tool required for debug" tool="builtin:serial-discovery@1.4.1"
time="2025-09-01T18:51:25-07:00" level=info msg="Tool required for debug" tool="builtin:ctags@5.8-arduino11"
2025-09-01 18:51:25 2025-09-02T01:51:25.316Z daemon INFO time="2025-09-01T18:51:25-07:00" level=info msg="Tool required for debug" tool="arduino:dfu-util@0.11.0-arduino5"
time="2025-09-01T18:51:25-07:00" level=info msg="Tool required for debug" tool="esp32:esp-rv32@2411"
time="2025-09-01T18:51:25-07:00" level=info msg="Tool required for debug" tool="esp32:esp-x32@2411"
time="2025-09-01T18:51:25-07:00" level=info msg="Tool required for debug" tool="esp32:esp32-arduino-libs@idf-release_v5.5-b66b5448-v1"
2025-09-01 18:51:25 2025-09-02T01:51:25.316Z daemon INFO time="2025-09-01T18:51:25-07:00" level=info msg="Tool required for debug" tool="esp32:esptool_py@5.0.0"
time="2025-09-01T18:51:25-07:00" level=info msg="Tool required for debug" tool="esp32:mklittlefs@3.0.0-gnu12-dc7f933"
time="2025-09-01T18:51:25-07:00" level=info msg="Tool required for debug" tool="esp32:mkspiffs@0.2.3"
time="2025-09-01T18:51:25-07:00" level=info msg="Tool required for debug" tool="esp32:openocd-esp32@v0.12.0-esp32-20250422"
time="2025-09-01T18:51:25-07:00" level=info msg="Tool required for debug" tool="esp32:riscv32-esp-elf-gdb@16.2_20250324"
2025-09-01 18:51:25 2025-09-02T01:51:25.316Z daemon INFO time="2025-09-01T18:51:25-07:00" level=info msg="Tool required for debug" tool="esp32:xtensa-esp-elf-gdb@16.2_20250324"
2025-09-01 18:51:25 2025-09-02T01:51:25.316Z daemon INFO time="2025-09-01T18:51:25-07:00" level=info msg="Tool required for debug" tool="arduino:bossac@1.9.1-arduino5"
time="2025-09-01T18:51:25-07:00" level=info msg="Tool required for debug" tool="arduino:arduinoOTA@1.3.0"
2025-09-01 18:51:25 2025-09-02T01:51:25.316Z daemon INFO time="2025-09-01T18:51:25-07:00" level=info msg="Tool required for debug" tool="builtin:serial-monitor@0.15.0"
time="2025-09-01T18:51:25-07:00" level=info msg="Tool required for debug" tool="builtin:ctags@5.8-arduino11"
2025-09-01 18:51:25 2025-09-02T01:51:25.316Z daemon INFO time="2025-09-01T18:51:25-07:00" level=info msg="Tool required for debug" tool="arduino:avr-gcc@7.3.0-atmel3.6.1-arduino7"
2025-09-01 18:51:25 2025-09-02T01:51:25.316Z daemon INFO time="2025-09-01T18:51:25-07:00" level=info msg="Tool required for debug" tool="arduino:avrdude@6.3.0-arduino17"
time="2025-09-01T18:51:25-07:00" level=info msg="Tool required for debug" tool="builtin:serial-discovery@1.4.1"
2025-09-01 18:51:25 2025-09-02T01:51:25.316Z daemon INFO time="2025-09-01T18:51:25-07:00" level=info msg="Tool required for debug" tool="builtin:mdns-discovery@1.0.9"
2025-09-01 18:51:25 2025-09-02T01:51:25.316Z daemon INFO time="2025-09-01T18:51:25-07:00" level=info msg="Tool required for debug" tool="arduino:arm-none-eabi-gcc@7-2017q4"
2025-09-01 18:51:25 2025-09-02T01:51:25.316Z daemon INFO time="2025-09-01T18:51:25-07:00" level=info msg="Tool required for debug" tool="arduino:openocd@0.11.0-arduino2"
time="2025-09-01T18:51:25-07:00" level=info msg="Tool required for debug" tool="builtin:dfu-discovery@0.1.2"
2025-09-01 18:51:25 2025-09-02T01:51:25.319Z daemon INFO time="2025-09-01T18:51:25-07:00" level=info msg="Tool required for debug" tool="arduino:dfu-util@0.11.0-arduino5"
time="2025-09-01T18:51:25-07:00" level=info msg="Tool required for debug" tool="esp32:esp-rv32@2411"
time="2025-09-01T18:51:25-07:00" level=info msg="Tool required for debug" tool="esp32:esp-x32@2411"
2025-09-01 18:51:25 2025-09-02T01:51:25.319Z daemon INFO time="2025-09-01T18:51:25-07:00" level=info msg="Tool required for debug" tool="esp32:esp32-arduino-libs@idf-release_v5.5-b66b5448-v1"
time="2025-09-01T18:51:25-07:00" level=info msg="Tool required for debug" tool="esp32:esptool_py@5.0.0"
time="2025-09-01T18:51:25-07:00" level=info msg="Tool required for debug" tool="esp32:mklittlefs@3.0.0-gnu12-dc7f933"
time="2025-09-01T18:51:25-07:00" level=info msg="Tool required for debug" tool="esp32:mkspiffs@0.2.3"
time="2025-09-01T18:51:25-07:00" level=info msg="Tool required for debug" tool="esp32:openocd-esp32@v0.12.0-esp32-20250422"
2025-09-01 18:51:25 2025-09-02T01:51:25.319Z daemon INFO time="2025-09-01T18:51:25-07:00" level=info msg="Tool required for debug" tool="esp32:riscv32-esp-elf-gdb@16.2_20250324"
time="2025-09-01T18:51:25-07:00" level=info msg="Tool required for debug" tool="esp32:xtensa-esp-elf-gdb@16.2_20250324"
time="2025-09-01T18:51:25-07:00" level=info msg="Tool required for debug" tool="arduino:arduinoOTA@1.3.0"
2025-09-01 18:51:25 2025-09-02T01:51:25.319Z daemon INFO time="2025-09-01T18:51:25-07:00" level=info msg="Tool required for debug" tool="arduino:avrdude@6.3.0-arduino17"
time="2025-09-01T18:51:25-07:00" level=info msg="Tool required for debug" tool="arduino:avr-gcc@7.3.0-atmel3.6.1-arduino7"
2025-09-01 18:51:25 2025-09-02T01:51:25.319Z daemon INFO time="2025-09-01T18:51:25-07:00" level=info msg="Tool required for debug" tool="builtin:mdns-discovery@1.0.9"
time="2025-09-01T18:51:25-07:00" level=info msg="Tool required for debug" tool="builtin:dfu-discovery@0.1.2"
2025-09-01 18:51:25 2025-09-02T01:51:25.319Z daemon INFO time="2025-09-01T18:51:25-07:00" level=info msg="Tool required for debug" tool="arduino:arm-none-eabi-gcc@7-2017q4"
2025-09-01 18:51:25 2025-09-02T01:51:25.319Z daemon INFO time="2025-09-01T18:51:25-07:00" level=info msg="Tool required for debug" tool="builtin:serial-discovery@1.4.1"
time="2025-09-01T18:51:25-07:00" level=info msg="Tool required for debug" tool="builtin:ctags@5.8-arduino11"
2025-09-01 18:51:25 2025-09-02T01:51:25.319Z daemon INFO time="2025-09-01T18:51:25-07:00" level=info msg="Tool required for debug" tool="arduino:openocd@0.11.0-arduino2"
2025-09-01 18:51:25 2025-09-02T01:51:25.319Z daemon INFO time="2025-09-01T18:51:25-07:00" level=info msg="Tool required for debug" tool="arduino:bossac@1.9.1-arduino5"
2025-09-01 18:51:25 2025-09-02T01:51:25.319Z daemon INFO time="2025-09-01T18:51:25-07:00" level=info msg="Tool required for debug" tool="builtin:serial-monitor@0.15.0"
2025-09-01 18:51:25 2025-09-02T01:51:25.322Z daemon INFO time="2025-09-01T18:51:25-07:00" level=info msg="Tool required for debug" tool="arduino:dfu-util@0.11.0-arduino5"
time="2025-09-01T18:51:25-07:00" level=info msg="Tool required for debug" tool="esp32:esp-rv32@2411"
time="2025-09-01T18:51:25-07:00" level=info msg="Tool required for debug" tool="esp32:esp-x32@2411"
time="2025-09-01T18:51:25-07:00" level=info msg="Tool required for debug" tool="esp32:esp32-arduino-libs@idf-release_v5.5-b66b5448-v1"
2025-09-01 18:51:25 2025-09-02T01:51:25.323Z daemon INFO time="2025-09-01T18:51:25-07:00" level=info msg="Tool required for debug" tool="esp32:esptool_py@5.0.0"
time="2025-09-01T18:51:25-07:00" level=info msg="Tool required for debug" tool="esp32:mklittlefs@3.0.0-gnu12-dc7f933"
time="2025-09-01T18:51:25-07:00" level=info msg="Tool required for debug" tool="esp32:mkspiffs@0.2.3"
time="2025-09-01T18:51:25-07:00" level=info msg="Tool required for debug" tool="esp32:openocd-esp32@v0.12.0-esp32-20250422"
time="2025-09-01T18:51:25-07:00" level=info msg="Tool required for debug" tool="esp32:riscv32-esp-elf-gdb@16.2_20250324"
2025-09-01 18:51:25 2025-09-02T01:51:25.323Z daemon INFO time="2025-09-01T18:51:25-07:00" level=info msg="Tool required for debug" tool="esp32:xtensa-esp-elf-gdb@16.2_20250324"
time="2025-09-01T18:51:25-07:00" level=info msg="Tool required for debug" tool="arduino:arm-none-eabi-gcc@7-2017q4"
time="2025-09-01T18:51:25-07:00" level=info msg="Tool required for debug" tool="arduino:avrdude@6.3.0-arduino17"
2025-09-01 18:51:25 2025-09-02T01:51:25.323Z daemon INFO time="2025-09-01T18:51:25-07:00" level=info msg="Tool required for debug" tool="arduino:openocd@0.11.0-arduino2"
time="2025-09-01T18:51:25-07:00" level=info msg="Tool required for debug" tool="builtin:ctags@5.8-arduino11"
2025-09-01 18:51:25 2025-09-02T01:51:25.323Z daemon INFO time="2025-09-01T18:51:25-07:00" level=info msg="Tool required for debug" tool="builtin:serial-monitor@0.15.0"
2025-09-01 18:51:25 2025-09-02T01:51:25.323Z daemon INFO time="2025-09-01T18:51:25-07:00" level=info msg="Tool required for debug" tool="arduino:avr-gcc@7.3.0-atmel3.6.1-arduino7"
2025-09-01 18:51:25 2025-09-02T01:51:25.323Z daemon INFO time="2025-09-01T18:51:25-07:00" level=info msg="Tool required for debug" tool="builtin:serial-discovery@1.4.1"
2025-09-01 18:51:25 2025-09-02T01:51:25.323Z daemon INFO time="2025-09-01T18:51:25-07:00" level=info msg="Tool required for debug" tool="arduino:bossac@1.9.1-arduino5"
time="2025-09-01T18:51:25-07:00" level=info msg="Tool required for debug" tool="builtin:mdns-discovery@1.0.9"
2025-09-01 18:51:25 2025-09-02T01:51:25.323Z daemon INFO time="2025-09-01T18:51:25-07:00" level=info msg="Tool required for debug" tool="arduino:arduinoOTA@1.3.0"
time="2025-09-01T18:51:25-07:00" level=info msg="Tool required for debug" tool="builtin:dfu-discovery@0.1.2"
2025-09-01 18:51:25 2025-09-02T01:51:25.327Z daemon INFO time="2025-09-01T18:51:25-07:00" level=info msg="Tool required for debug" tool="arduino:dfu-util@0.11.0-arduino5"
time="2025-09-01T18:51:25-07:00" level=info msg="Tool required for debug" tool="esp32:esp-rv32@2411"
time="2025-09-01T18:51:25-07:00" level=info msg="Tool required for debug" tool="esp32:esp-x32@2411"
time="2025-09-01T18:51:25-07:00" level=info msg="Tool required for debug" tool="esp32:esp32-arduino-libs@idf-release_v5.5-b66b5448-v1"
time="2025-09-01T18:51:25-07:00" level=info msg="Tool required for debug" tool="esp32:esptool_py@5.0.0"
time="2025-09-01T18:51:25-07:00" level=info msg="Tool required for debug" tool="esp32:mklittlefs@3.0.0-gnu12-dc7f933"
2025-09-01 18:51:25 2025-09-02T01:51:25.328Z daemon INFO time="2025-09-01T18:51:25-07:00" level=info msg="Tool required for debug" tool="esp32:mkspiffs@0.2.3"
time="2025-09-01T18:51:25-07:00" level=info msg="Tool required for debug" tool="esp32:openocd-esp32@v0.12.0-esp32-20250422"
time="2025-09-01T18:51:25-07:00" level=info msg="Tool required for debug" tool="esp32:riscv32-esp-elf-gdb@16.2_20250324"
time="2025-09-01T18:51:25-07:00" level=info msg="Tool required for debug" tool="esp32:xtensa-esp-elf-gdb@16.2_20250324"
time="2025-09-01T18:51:25-07:00" level=info msg="Tool required for debug" tool="arduino:bossac@1.9.1-arduino5"
time="2025-09-01T18:51:25-07:00" level=info msg="Tool required for debug" tool="arduino:arm-none-eabi-gcc@7-2017q4"
time="2025-09-01T18:51:25-07:00" level=info msg="Tool required for debug" tool="builtin:ctags@5.8-arduino11"
2025-09-01 18:51:25 2025-09-02T01:51:25.328Z daemon INFO time="2025-09-01T18:51:25-07:00" level=info msg="Tool required for debug" tool="builtin:dfu-discovery@0.1.2"
time="2025-09-01T18:51:25-07:00" level=info msg="Tool required for debug" tool="arduino:openocd@0.11.0-arduino2"
2025-09-01 18:51:25 2025-09-02T01:51:25.328Z daemon INFO time="2025-09-01T18:51:25-07:00" level=info msg="Tool required for debug" tool="builtin:serial-monitor@0.15.0"
time="2025-09-01T18:51:25-07:00" level=info msg="Tool required for debug" tool="arduino:avrdude@6.3.0-arduino17"
2025-09-01 18:51:25 2025-09-02T01:51:25.328Z daemon INFO time="2025-09-01T18:51:25-07:00" level=info msg="Tool required for debug" tool="arduino:avr-gcc@7.3.0-atmel3.6.1-arduino7"
time="2025-09-01T18:51:25-07:00" level=info msg="Tool required for debug" tool="arduino:arduinoOTA@1.3.0"
2025-09-01 18:51:25 2025-09-02T01:51:25.328Z daemon INFO time="2025-09-01T18:51:25-07:00" level=info msg="Tool required for debug" tool="builtin:mdns-discovery@1.0.9"
2025-09-01 18:51:25 2025-09-02T01:51:25.328Z daemon INFO time="2025-09-01T18:51:25-07:00" level=info msg="Tool required for debug" tool="builtin:serial-discovery@1.4.1"
2025-09-01 18:51:25 2025-09-02T01:51:25.329Z daemon INFO time="2025-09-01T18:51:25-07:00" level=info msg="Tool required for debug" tool="arduino:dfu-util@0.11.0-arduino5"
time="2025-09-01T18:51:25-07:00" level=info msg="Tool required for debug" tool="esp32:esp-rv32@2411"
time="2025-09-01T18:51:25-07:00" level=info msg="Tool required for debug" tool="esp32:esp-x32@2411"
time="2025-09-01T18:51:25-07:00" level=info msg="Tool required for debug" tool="esp32:esp32-arduino-libs@idf-release_v5.5-b66b5448-v1"
time="2025-09-01T18:51:25-07:00" level=info msg="Tool required for debug" tool="esp32:esptool_py@5.0.0"
2025-09-01 18:51:25 2025-09-02T01:51:25.329Z daemon INFO time="2025-09-01T18:51:25-07:00" level=info msg="Tool required for debug" tool="esp32:mklittlefs@3.0.0-gnu12-dc7f933"
time="2025-09-01T18:51:25-07:00" level=info msg="Tool required for debug" tool="esp32:mkspiffs@0.2.3"
time="2025-09-01T18:51:25-07:00" level=info msg="Tool required for debug" tool="esp32:openocd-esp32@v0.12.0-esp32-20250422"
time="2025-09-01T18:51:25-07:00" level=info msg="Tool required for debug" tool="esp32:riscv32-esp-elf-gdb@16.2_20250324"
time="2025-09-01T18:51:25-07:00" level=info msg="Tool required for debug" tool="esp32:xtensa-esp-elf-gdb@16.2_20250324"
time="2025-09-01T18:51:25-07:00" level=info msg="Tool required for debug" tool="builtin:dfu-discovery@0.1.2"
2025-09-01 18:51:25 2025-09-02T01:51:25.329Z daemon INFO time="2025-09-01T18:51:25-07:00" level=info msg="Tool required for debug" tool="arduino:openocd@0.11.0-arduino2"
time="2025-09-01T18:51:25-07:00" level=info msg="Tool required for debug" tool="arduino:avr-gcc@7.3.0-atmel3.6.1-arduino7"
2025-09-01 18:51:25 2025-09-02T01:51:25.329Z daemon INFO time="2025-09-01T18:51:25-07:00" level=info msg="Tool required for debug" tool="builtin:serial-monitor@0.15.0"
2025-09-01 18:51:25 2025-09-02T01:51:25.329Z daemon INFO time="2025-09-01T18:51:25-07:00" level=info msg="Tool required for debug" tool="arduino:arm-none-eabi-gcc@7-2017q4"
time="2025-09-01T18:51:25-07:00" level=info msg="Tool required for debug" tool="arduino:bossac@1.9.1-arduino5"
2025-09-01 18:51:25 2025-09-02T01:51:25.329Z daemon INFO time="2025-09-01T18:51:25-07:00" level=info msg="Tool required for debug" tool="builtin:mdns-discovery@1.0.9"
time="2025-09-01T18:51:25-07:00" level=info msg="Tool required for debug" tool="arduino:arduinoOTA@1.3.0"
2025-09-01 18:51:25 2025-09-02T01:51:25.329Z daemon INFO time="2025-09-01T18:51:25-07:00" level=info msg="Tool required for debug" tool="arduino:avrdude@6.3.0-arduino17"
time="2025-09-01T18:51:25-07:00" level=info msg="Tool required for debug" tool="builtin:serial-discovery@1.4.1"
2025-09-01 18:51:25 2025-09-02T01:51:25.329Z daemon INFO time="2025-09-01T18:51:25-07:00" level=info msg="Tool required for debug" tool="builtin:ctags@5.8-arduino11"
2025-09-01 18:51:25 2025-09-02T01:51:25.343Z daemon INFO time="2025-09-01T18:51:25-07:00" level=info msg="Tool required for debug" tool="arduino:dfu-util@0.11.0-arduino5"
time="2025-09-01T18:51:25-07:00" level=info msg="Tool required for debug" tool="esp32:esp-rv32@2411"
time="2025-09-01T18:51:25-07:00" level=info msg="Tool required for debug" tool="esp32:esp-x32@2411"
time="2025-09-01T18:51:25-07:00" level=info msg="Tool required for debug" tool="esp32:esp32-arduino-libs@idf-release_v5.5-b66b5448-v1"
time="2025-09-01T18:51:25-07:00" level=info msg="Tool required for debug" tool="esp32:esptool_py@5.0.0"
2025-09-01 18:51:25 2025-09-02T01:51:25.343Z daemon INFO time="2025-09-01T18:51:25-07:00" level=info msg="Tool required for debug" tool="esp32:mklittlefs@3.0.0-gnu12-dc7f933"
time="2025-09-01T18:51:25-07:00" level=info msg="Tool required for debug" tool="arduino:dfu-util@0.11.0-arduino5"
time="2025-09-01T18:51:25-07:00" level=info msg="Tool required for debug" tool="esp32:esp-rv32@2411"
time="2025-09-01T18:51:25-07:00" level=info msg="Tool required for debug" tool="esp32:esp-x32@2411"
time="2025-09-01T18:51:25-07:00" level=info msg="Tool required for debug" tool="esp32:esp32-arduino-libs@idf-release_v5.5-b66b5448-v1"
time="2025-09-01T18:51:25-07:00" level=info msg="Tool required for debug" tool="esp32:esptool_py@5.0.0"
time="2025-09-01T18:51:25-07:00" level=info msg="Tool required for debug" tool="esp32:mklittlefs@3.0.0-gnu12-dc7f933"
2025-09-01 18:51:25 2025-09-02T01:51:25.343Z daemon INFO time="2025-09-01T18:51:25-07:00" level=info msg="Tool required for debug" tool="esp32:mkspiffs@0.2.3"
time="2025-09-01T18:51:25-07:00" level=info msg="Tool required for debug" tool="esp32:mkspiffs@0.2.3"
time="2025-09-01T18:51:25-07:00" level=info msg="Tool required for debug" tool="esp32:openocd-esp32@v0.12.0-esp32-20250422"
2025-09-01 18:51:25 2025-09-02T01:51:25.344Z daemon INFO time="2025-09-01T18:51:25-07:00" level=info msg="Tool required for debug" tool="esp32:riscv32-esp-elf-gdb@16.2_20250324"
time="2025-09-01T18:51:25-07:00" level=info msg="Tool required for debug" tool="esp32:xtensa-esp-elf-gdb@16.2_20250324"
time="2025-09-01T18:51:25-07:00" level=info msg="Tool required for debug" tool="arduino:openocd@0.11.0-arduino2"
2025-09-01 18:51:25 2025-09-02T01:51:25.344Z daemon INFO time="2025-09-01T18:51:25-07:00" level=info msg="Tool required for debug" tool="builtin:dfu-discovery@0.1.2"
2025-09-01 18:51:25 2025-09-02T01:51:25.344Z daemon INFO time="2025-09-01T18:51:25-07:00" level=info msg="Tool required for debug" tool="esp32:openocd-esp32@v0.12.0-esp32-20250422"
2025-09-01 18:51:25 2025-09-02T01:51:25.344Z daemon INFO time="2025-09-01T18:51:25-07:00" level=info msg="Tool required for debug" tool="esp32:riscv32-esp-elf-gdb@16.2_20250324"
2025-09-01 18:51:25 2025-09-02T01:51:25.344Z daemon INFO time="2025-09-01T18:51:25-07:00" level=info msg="Tool required for debug" tool="esp32:xtensa-esp-elf-gdb@16.2_20250324"
time="2025-09-01T18:51:25-07:00" level=info msg="Tool required for debug" tool="arduino:arm-none-eabi-gcc@7-2017q4"
2025-09-01 18:51:25 2025-09-02T01:51:25.344Z daemon INFO time="2025-09-01T18:51:25-07:00" level=info msg="Tool required for debug" tool="arduino:bossac@1.9.1-arduino5"
time="2025-09-01T18:51:25-07:00" level=info msg="Tool required for debug" tool="builtin:serial-discovery@1.4.1"
2025-09-01 18:51:25 2025-09-02T01:51:25.344Z daemon INFO time="2025-09-01T18:51:25-07:00" level=info msg="Tool required for debug" tool="builtin:serial-monitor@0.15.0"
2025-09-01 18:51:25 2025-09-02T01:51:25.344Z daemon INFO time="2025-09-01T18:51:25-07:00" level=info msg="Tool required for debug" tool="arduino:arduinoOTA@1.3.0"
time="2025-09-01T18:51:25-07:00" level=info msg="Tool required for debug" tool="arduino:avrdude@6.3.0-arduino17"
2025-09-01 18:51:25 2025-09-02T01:51:25.344Z daemon INFO time="2025-09-01T18:51:25-07:00" level=info msg="Tool required for debug" tool="arduino:openocd@0.11.0-arduino2"
time="2025-09-01T18:51:25-07:00" level=info msg="Tool required for debug" tool="builtin:serial-discovery@1.4.1"
2025-09-01 18:51:25 2025-09-02T01:51:25.344Z daemon INFO time="2025-09-01T18:51:25-07:00" level=info msg="Tool required for debug" tool="builtin:mdns-discovery@1.0.9"
time="2025-09-01T18:51:25-07:00" level=info msg="Tool required for debug" tool="arduino:avr-gcc@7.3.0-atmel3.6.1-arduino7"
2025-09-01 18:51:25 2025-09-02T01:51:25.344Z daemon INFO time="2025-09-01T18:51:25-07:00" level=info msg="Tool required for debug" tool="arduino:arm-none-eabi-gcc@7-2017q4"
time="2025-09-01T18:51:25-07:00" level=info msg="Tool required for debug" tool="arduino:bossac@1.9.1-arduino5"
2025-09-01 18:51:25 2025-09-02T01:51:25.344Z daemon INFO time="2025-09-01T18:51:25-07:00" level=info msg="Tool required for debug" tool="builtin:ctags@5.8-arduino11"
2025-09-01 18:51:25 2025-09-02T01:51:25.344Z daemon INFO time="2025-09-01T18:51:25-07:00" level=info msg="Tool required for debug" tool="builtin:serial-monitor@0.15.0"
time="2025-09-01T18:51:25-07:00" level=info msg="Tool required for debug" tool="arduino:avr-gcc@7.3.0-atmel3.6.1-arduino7"
time="2025-09-01T18:51:25-07:00" level=info msg="Tool required for debug" tool="builtin:dfu-discovery@0.1.2"
2025-09-01 18:51:25 2025-09-02T01:51:25.344Z daemon INFO time="2025-09-01T18:51:25-07:00" level=info msg="Tool required for debug" tool="arduino:avrdude@6.3.0-arduino17"
time="2025-09-01T18:51:25-07:00" level=info msg="Tool required for debug" tool="builtin:mdns-discovery@1.0.9"
2025-09-01 18:51:25 2025-09-02T01:51:25.344Z daemon INFO time="2025-09-01T18:51:25-07:00" level=info msg="Tool required for debug" tool="arduino:arduinoOTA@1.3.0"
2025-09-01 18:51:25 2025-09-02T01:51:25.344Z daemon INFO time="2025-09-01T18:51:25-07:00" level=info msg="Tool required for debug" tool="builtin:ctags@5.8-arduino11"
2025-09-01 18:51:25 2025-09-02T01:51:25.352Z daemon INFO time="2025-09-01T18:51:25-07:00" level=info msg="Tool required for debug" tool="arduino:dfu-util@0.11.0-arduino5"
time="2025-09-01T18:51:25-07:00" level=info msg="Tool required for debug" tool="esp32:esp-rv32@2411"
2025-09-01 18:51:25 2025-09-02T01:51:25.352Z daemon INFO time="2025-09-01T18:51:25-07:00" level=info msg="Tool required for debug" tool="esp32:esp-x32@2411"
time="2025-09-01T18:51:25-07:00" level=info msg="Tool required for debug" tool="esp32:esp32-arduino-libs@idf-release_v5.5-b66b5448-v1"
time="2025-09-01T18:51:25-07:00" level=info msg="Tool required for debug" tool="esp32:esptool_py@5.0.0"
2025-09-01 18:51:25 2025-09-02T01:51:25.352Z daemon INFO time="2025-09-01T18:51:25-07:00" level=info msg="Tool required for debug" tool="esp32:mklittlefs@3.0.0-gnu12-dc7f933"
2025-09-01 18:51:25 2025-09-02T01:51:25.352Z daemon INFO time="2025-09-01T18:51:25-07:00" level=info msg="Tool required for debug" tool="esp32:mkspiffs@0.2.3"
time="2025-09-01T18:51:25-07:00" level=info msg="Tool required for debug" tool="esp32:openocd-esp32@v0.12.0-esp32-20250422"
2025-09-01 18:51:25 2025-09-02T01:51:25.352Z daemon INFO time="2025-09-01T18:51:25-07:00" level=info msg="Tool required for debug" tool="esp32:riscv32-esp-elf-gdb@16.2_20250324"
time="2025-09-01T18:51:25-07:00" level=info msg="Tool required for debug" tool="esp32:xtensa-esp-elf-gdb@16.2_20250324"
2025-09-01 18:51:25 2025-09-02T01:51:25.352Z daemon INFO time="2025-09-01T18:51:25-07:00" level=info msg="Tool required for debug" tool="arduino:arm-none-eabi-gcc@7-2017q4"
time="2025-09-01T18:51:25-07:00" level=info msg="Tool required for debug" tool="builtin:mdns-discovery@1.0.9"
2025-09-01 18:51:25 2025-09-02T01:51:25.352Z daemon INFO time="2025-09-01T18:51:25-07:00" level=info msg="Tool required for debug" tool="builtin:serial-monitor@0.15.0"
2025-09-01 18:51:25 2025-09-02T01:51:25.352Z daemon INFO time="2025-09-01T18:51:25-07:00" level=info msg="Tool required for debug" tool="arduino:arduinoOTA@1.3.0"
2025-09-01 18:51:25 2025-09-02T01:51:25.352Z daemon INFO time="2025-09-01T18:51:25-07:00" level=info msg="Tool required for debug" tool="arduino:avrdude@6.3.0-arduino17"
time="2025-09-01T18:51:25-07:00" level=info msg="Tool required for debug" tool="arduino:openocd@0.11.0-arduino2"
2025-09-01 18:51:25 2025-09-02T01:51:25.352Z daemon INFO time="2025-09-01T18:51:25-07:00" level=info msg="Tool required for debug" tool="arduino:bossac@1.9.1-arduino5"
2025-09-01 18:51:25 2025-09-02T01:51:25.352Z daemon INFO time="2025-09-01T18:51:25-07:00" level=info msg="Tool required for debug" tool="arduino:avr-gcc@7.3.0-atmel3.6.1-arduino7"
time="2025-09-01T18:51:25-07:00" level=info msg="Tool required for debug" tool="builtin:ctags@5.8-arduino11"
2025-09-01 18:51:25 2025-09-02T01:51:25.352Z daemon INFO time="2025-09-01T18:51:25-07:00" level=info msg="Tool required for debug" tool="builtin:dfu-discovery@0.1.2"
2025-09-01 18:51:25 2025-09-02T01:51:25.352Z daemon INFO time="2025-09-01T18:51:25-07:00" level=info msg="Tool required for debug" tool="builtin:serial-discovery@1.4.1"
2025-09-01 18:51:25 2025-09-02T01:51:25.353Z daemon INFO time="2025-09-01T18:51:25-07:00" level=info msg="Tool required for debug" tool="arduino:dfu-util@0.11.0-arduino5"
2025-09-01 18:51:25 2025-09-02T01:51:25.353Z daemon INFO time="2025-09-01T18:51:25-07:00" level=info msg="Tool required for debug" tool="esp32:esp-rv32@2411"
time="2025-09-01T18:51:25-07:00" level=info msg="Tool required for debug" tool="esp32:esp-x32@2411"
2025-09-01 18:51:25 2025-09-02T01:51:25.353Z daemon INFO time="2025-09-01T18:51:25-07:00" level=info msg="Tool required for debug" tool="esp32:esp32-arduino-libs@idf-release_v5.5-b66b5448-v1"
2025-09-01 18:51:25 2025-09-02T01:51:25.353Z daemon INFO time="2025-09-01T18:51:25-07:00" level=info msg="Tool required for debug" tool="esp32:esptool_py@5.0.0"
time="2025-09-01T18:51:25-07:00" level=info msg="Tool required for debug" tool="esp32:mklittlefs@3.0.0-gnu12-dc7f933"
time="2025-09-01T18:51:25-07:00" level=info msg="Tool required for debug" tool="esp32:mkspiffs@0.2.3"
2025-09-01 18:51:25 2025-09-02T01:51:25.353Z daemon INFO time="2025-09-01T18:51:25-07:00" level=info msg="Tool required for debug" tool="esp32:openocd-esp32@v0.12.0-esp32-20250422"
time="2025-09-01T18:51:25-07:00" level=info msg="Tool required for debug" tool="esp32:riscv32-esp-elf-gdb@16.2_20250324"
2025-09-01 18:51:25 2025-09-02T01:51:25.353Z daemon INFO time="2025-09-01T18:51:25-07:00" level=info msg="Tool required for debug" tool="esp32:xtensa-esp-elf-gdb@16.2_20250324"
time="2025-09-01T18:51:25-07:00" level=info msg="Tool required for debug" tool="builtin:dfu-discovery@0.1.2"
2025-09-01 18:51:25 2025-09-02T01:51:25.353Z daemon INFO time="2025-09-01T18:51:25-07:00" level=info msg="Tool required for debug" tool="builtin:serial-discovery@1.4.1"
2025-09-01 18:51:25 2025-09-02T01:51:25.353Z daemon INFO time="2025-09-01T18:51:25-07:00" level=info msg="Tool required for debug" tool="builtin:ctags@5.8-arduino11"
time="2025-09-01T18:51:25-07:00" level=info msg="Tool required for debug" tool="builtin:mdns-discovery@1.0.9"
2025-09-01 18:51:25 2025-09-02T01:51:25.353Z daemon INFO time="2025-09-01T18:51:25-07:00" level=info msg="Tool required for debug" tool="arduino:arm-none-eabi-gcc@7-2017q4"
2025-09-01 18:51:25 2025-09-02T01:51:25.353Z daemon INFO time="2025-09-01T18:51:25-07:00" level=info msg="Tool required for debug" tool="arduino:bossac@1.9.1-arduino5"
time="2025-09-01T18:51:25-07:00" level=info msg="Tool required for debug" tool="arduino:openocd@0.11.0-arduino2"
2025-09-01 18:51:25 2025-09-02T01:51:25.353Z daemon INFO time="2025-09-01T18:51:25-07:00" level=info msg="Tool required for debug" tool="builtin:serial-monitor@0.15.0"
time="2025-09-01T18:51:25-07:00" level=info msg="Tool required for debug" tool="arduino:arduinoOTA@1.3.0"
2025-09-01 18:51:25 2025-09-02T01:51:25.353Z daemon INFO time="2025-09-01T18:51:25-07:00" level=info msg="Tool required for debug" tool="arduino:avrdude@6.3.0-arduino17"
time="2025-09-01T18:51:25-07:00" level=info msg="Tool required for debug" tool="arduino:avr-gcc@7.3.0-atmel3.6.1-arduino7"
2025-09-01 18:51:25 2025-09-02T01:51:25.360Z daemon INFO time="2025-09-01T18:51:25-07:00" level=info msg="Tool required for debug" tool="arduino:dfu-util@0.11.0-arduino5"
time="2025-09-01T18:51:25-07:00" level=info msg="Tool required for debug" tool="esp32:esp-rv32@2411"
time="2025-09-01T18:51:25-07:00" level=info msg="Tool required for debug" tool="esp32:esp-x32@2411"
2025-09-01 18:51:25 2025-09-02T01:51:25.360Z daemon INFO time="2025-09-01T18:51:25-07:00" level=info msg="Tool required for debug" tool="esp32:esp32-arduino-libs@idf-release_v5.5-b66b5448-v1"
time="2025-09-01T18:51:25-07:00" level=info msg="Tool required for debug" tool="esp32:esptool_py@5.0.0"
time="2025-09-01T18:51:25-07:00" level=info msg="Tool required for debug" tool="esp32:mklittlefs@3.0.0-gnu12-dc7f933"
time="2025-09-01T18:51:25-07:00" level=info msg="Tool required for debug" tool="esp32:mkspiffs@0.2.3"
time="2025-09-01T18:51:25-07:00" level=info msg="Tool required for debug" tool="esp32:openocd-esp32@v0.12.0-esp32-20250422"
2025-09-01 18:51:25 2025-09-02T01:51:25.360Z daemon INFO time="2025-09-01T18:51:25-07:00" level=info msg="Tool required for debug" tool="esp32:riscv32-esp-elf-gdb@16.2_20250324"
time="2025-09-01T18:51:25-07:00" level=info msg="Tool required for debug" tool="esp32:xtensa-esp-elf-gdb@16.2_20250324"
time="2025-09-01T18:51:25-07:00" level=info msg="Tool required for debug" tool="arduino:avr-gcc@7.3.0-atmel3.6.1-arduino7"
2025-09-01 18:51:25 2025-09-02T01:51:25.360Z daemon INFO time="2025-09-01T18:51:25-07:00" level=info msg="Tool required for debug" tool="builtin:serial-discovery@1.4.1"
time="2025-09-01T18:51:25-07:00" level=info msg="Tool required for debug" tool="arduino:openocd@0.11.0-arduino2"
2025-09-01 18:51:25 2025-09-02T01:51:25.360Z daemon INFO time="2025-09-01T18:51:25-07:00" level=info msg="Tool required for debug" tool="arduino:arduinoOTA@1.3.0"
time="2025-09-01T18:51:25-07:00" level=info msg="Tool required for debug" tool="builtin:ctags@5.8-arduino11"
2025-09-01 18:51:25 2025-09-02T01:51:25.360Z daemon INFO time="2025-09-01T18:51:25-07:00" level=info msg="Tool required for debug" tool="builtin:serial-monitor@0.15.0"
2025-09-01 18:51:25 2025-09-02T01:51:25.360Z daemon INFO time="2025-09-01T18:51:25-07:00" level=info msg="Tool required for debug" tool="arduino:arm-none-eabi-gcc@7-2017q4"
time="2025-09-01T18:51:25-07:00" level=info msg="Tool required for debug" tool="builtin:mdns-discovery@1.0.9"
2025-09-01 18:51:25 2025-09-02T01:51:25.360Z daemon INFO time="2025-09-01T18:51:25-07:00" level=info msg="Tool required for debug" tool="arduino:avrdude@6.3.0-arduino17"
time="2025-09-01T18:51:25-07:00" level=info msg="Tool required for debug" tool="arduino:bossac@1.9.1-arduino5"
2025-09-01 18:51:25 2025-09-02T01:51:25.360Z daemon INFO time="2025-09-01T18:51:25-07:00" level=info msg="Tool required for debug" tool="builtin:dfu-discovery@0.1.2"
2025-09-01 18:51:25 2025-09-02T01:51:25.361Z daemon INFO time="2025-09-01T18:51:25-07:00" level=info msg="Tool required for debug" tool="arduino:dfu-util@0.11.0-arduino5"
time="2025-09-01T18:51:25-07:00" level=info msg="Tool required for debug" tool="esp32:esp-rv32@2411"
2025-09-01 18:51:25 2025-09-02T01:51:25.361Z daemon INFO time="2025-09-01T18:51:25-07:00" level=info msg="Tool required for debug" tool="esp32:esp-x32@2411"
time="2025-09-01T18:51:25-07:00" level=info msg="Tool required for debug" tool="esp32:esp32-arduino-libs@idf-release_v5.5-b66b5448-v1"
2025-09-01 18:51:25 2025-09-02T01:51:25.361Z daemon INFO time="2025-09-01T18:51:25-07:00" level=info msg="Tool required for debug" tool="esp32:esptool_py@5.0.0"
time="2025-09-01T18:51:25-07:00" level=info msg="Tool required for debug" tool="esp32:mklittlefs@3.0.0-gnu12-dc7f933"
2025-09-01 18:51:25 2025-09-02T01:51:25.361Z daemon INFO time="2025-09-01T18:51:25-07:00" level=info msg="Tool required for debug" tool="esp32:mkspiffs@0.2.3"
2025-09-01 18:51:25 2025-09-02T01:51:25.361Z daemon INFO time="2025-09-01T18:51:25-07:00" level=info msg="Tool required for debug" tool="esp32:openocd-esp32@v0.12.0-esp32-20250422"
2025-09-01 18:51:25 2025-09-02T01:51:25.361Z daemon INFO time="2025-09-01T18:51:25-07:00" level=info msg="Tool required for debug" tool="esp32:riscv32-esp-elf-gdb@16.2_20250324"
2025-09-01 18:51:25 2025-09-02T01:51:25.361Z daemon INFO time="2025-09-01T18:51:25-07:00" level=info msg="Tool required for debug" tool="esp32:xtensa-esp-elf-gdb@16.2_20250324"
time="2025-09-01T18:51:25-07:00" level=info msg="Tool required for debug" tool="arduino:avrdude@6.3.0-arduino17"
2025-09-01 18:51:25 2025-09-02T01:51:25.362Z daemon INFO time="2025-09-01T18:51:25-07:00" level=info msg="Tool required for debug" tool="arduino:avr-gcc@7.3.0-atmel3.6.1-arduino7"
2025-09-01 18:51:25 2025-09-02T01:51:25.362Z daemon INFO time="2025-09-01T18:51:25-07:00" level=info msg="Tool required for debug" tool="builtin:serial-monitor@0.15.0"
2025-09-01 18:51:25 2025-09-02T01:51:25.362Z daemon INFO time="2025-09-01T18:51:25-07:00" level=info msg="Tool required for debug" tool="arduino:arduinoOTA@1.3.0"
2025-09-01 18:51:25 2025-09-02T01:51:25.362Z daemon INFO time="2025-09-01T18:51:25-07:00" level=info msg="Tool required for debug" tool="arduino:arm-none-eabi-gcc@7-2017q4"
2025-09-01 18:51:25 2025-09-02T01:51:25.362Z daemon INFO time="2025-09-01T18:51:25-07:00" level=info msg="Tool required for debug" tool="builtin:serial-discovery@1.4.1"
2025-09-01 18:51:25 2025-09-02T01:51:25.362Z daemon INFO time="2025-09-01T18:51:25-07:00" level=info msg="Tool required for debug" tool="arduino:bossac@1.9.1-arduino5"
2025-09-01 18:51:25 2025-09-02T01:51:25.362Z daemon INFO time="2025-09-01T18:51:25-07:00" level=info msg="Tool required for debug" tool="builtin:dfu-discovery@0.1.2"
2025-09-01 18:51:25 2025-09-02T01:51:25.362Z daemon INFO time="2025-09-01T18:51:25-07:00" level=info msg="Tool required for debug" tool="builtin:mdns-discovery@1.0.9"
2025-09-01 18:51:25 2025-09-02T01:51:25.362Z daemon INFO time="2025-09-01T18:51:25-07:00" level=info msg="Tool required for debug" tool="arduino:openocd@0.11.0-arduino2"
2025-09-01 18:51:25 2025-09-02T01:51:25.362Z daemon INFO time="2025-09-01T18:51:25-07:00" level=info msg="Tool required for debug" tool="builtin:ctags@5.8-arduino11"
2025-09-01 18:51:25 2025-09-02T01:51:25.367Z daemon INFO time="2025-09-01T18:51:25-07:00" level=info msg="Tool required for debug" tool="arduino:dfu-util@0.11.0-arduino5"
time="2025-09-01T18:51:25-07:00" level=info msg="Tool required for debug" tool="esp32:esp-rv32@2411"
time="2025-09-01T18:51:25-07:00" level=info msg="Tool required for debug" tool="esp32:esp-x32@2411"
2025-09-01 18:51:25 2025-09-02T01:51:25.367Z daemon INFO time="2025-09-01T18:51:25-07:00" level=info msg="Tool required for debug" tool="esp32:esp32-arduino-libs@idf-release_v5.5-b66b5448-v1"
time="2025-09-01T18:51:25-07:00" level=info msg="Tool required for debug" tool="esp32:esptool_py@5.0.0"
time="2025-09-01T18:51:25-07:00" level=info msg="Tool required for debug" tool="esp32:mklittlefs@3.0.0-gnu12-dc7f933"
time="2025-09-01T18:51:25-07:00" level=info msg="Tool required for debug" tool="esp32:mkspiffs@0.2.3"
time="2025-09-01T18:51:25-07:00" level=info msg="Tool required for debug" tool="esp32:openocd-esp32@v0.12.0-esp32-20250422"
2025-09-01 18:51:25 2025-09-02T01:51:25.367Z daemon INFO time="2025-09-01T18:51:25-07:00" level=info msg="Tool required for debug" tool="esp32:riscv32-esp-elf-gdb@16.2_20250324"
time="2025-09-01T18:51:25-07:00" level=info msg="Tool required for debug" tool="esp32:xtensa-esp-elf-gdb@16.2_20250324"
time="2025-09-01T18:51:25-07:00" level=info msg="Tool required for debug" tool="builtin:serial-discovery@1.4.1"
2025-09-01 18:51:25 2025-09-02T01:51:25.368Z daemon INFO time="2025-09-01T18:51:25-07:00" level=info msg="Tool required for debug" tool="arduino:avrdude@6.3.0-arduino17"
time="2025-09-01T18:51:25-07:00" level=info msg="Tool required for debug" tool="builtin:serial-monitor@0.15.0"
2025-09-01 18:51:25 2025-09-02T01:51:25.368Z daemon INFO time="2025-09-01T18:51:25-07:00" level=info msg="Tool required for debug" tool="arduino:arm-none-eabi-gcc@7-2017q4"
2025-09-01 18:51:25 2025-09-02T01:51:25.368Z daemon INFO time="2025-09-01T18:51:25-07:00" level=info msg="Tool required for debug" tool="arduino:bossac@1.9.1-arduino5"
time="2025-09-01T18:51:25-07:00" level=info msg="Tool required for debug" tool="builtin:ctags@5.8-arduino11"
2025-09-01 18:51:25 2025-09-02T01:51:25.368Z daemon INFO time="2025-09-01T18:51:25-07:00" level=info msg="Tool required for debug" tool="builtin:mdns-discovery@1.0.9"
2025-09-01 18:51:25 2025-09-02T01:51:25.368Z daemon INFO time="2025-09-01T18:51:25-07:00" level=info msg="Tool required for debug" tool="arduino:openocd@0.11.0-arduino2"
time="2025-09-01T18:51:25-07:00" level=info msg="Tool required for debug" tool="builtin:dfu-discovery@0.1.2"
2025-09-01 18:51:25 2025-09-02T01:51:25.368Z daemon INFO time="2025-09-01T18:51:25-07:00" level=info msg="Tool required for debug" tool="arduino:arduinoOTA@1.3.0"
time="2025-09-01T18:51:25-07:00" level=info msg="Tool required for debug" tool="arduino:avr-gcc@7.3.0-atmel3.6.1-arduino7"
2025-09-01 18:51:25 2025-09-02T01:51:25.371Z daemon INFO time="2025-09-01T18:51:25-07:00" level=info msg="Tool required for debug" tool="arduino:dfu-util@0.11.0-arduino5"
time="2025-09-01T18:51:25-07:00" level=info msg="Tool required for debug" tool="esp32:esp-rv32@2411"
time="2025-09-01T18:51:25-07:00" level=info msg="Tool required for debug" tool="esp32:esp-x32@2411"
time="2025-09-01T18:51:25-07:00" level=info msg="Tool required for debug" tool="esp32:esp32-arduino-libs@idf-release_v5.5-b66b5448-v1"
2025-09-01 18:51:25 2025-09-02T01:51:25.371Z daemon INFO time="2025-09-01T18:51:25-07:00" level=info msg="Tool required for debug" tool="esp32:esptool_py@5.0.0"
time="2025-09-01T18:51:25-07:00" level=info msg="Tool required for debug" tool="esp32:mklittlefs@3.0.0-gnu12-dc7f933"
time="2025-09-01T18:51:25-07:00" level=info msg="Tool required for debug" tool="esp32:mkspiffs@0.2.3"
time="2025-09-01T18:51:25-07:00" level=info msg="Tool required for debug" tool="esp32:openocd-esp32@v0.12.0-esp32-20250422"
time="2025-09-01T18:51:25-07:00" level=info msg="Tool required for debug" tool="esp32:riscv32-esp-elf-gdb@16.2_20250324"
2025-09-01 18:51:25 2025-09-02T01:51:25.371Z daemon INFO time="2025-09-01T18:51:25-07:00" level=info msg="Tool required for debug" tool="esp32:xtensa-esp-elf-gdb@16.2_20250324"
time="2025-09-01T18:51:25-07:00" level=info msg="Tool required for debug" tool="builtin:ctags@5.8-arduino11"
time="2025-09-01T18:51:25-07:00" level=info msg="Tool required for debug" tool="arduino:openocd@0.11.0-arduino2"
2025-09-01 18:51:25 2025-09-02T01:51:25.371Z daemon INFO time="2025-09-01T18:51:25-07:00" level=info msg="Tool required for debug" tool="arduino:arm-none-eabi-gcc@7-2017q4"
time="2025-09-01T18:51:25-07:00" level=info msg="Tool required for debug" tool="builtin:mdns-discovery@1.0.9"
2025-09-01 18:51:25 2025-09-02T01:51:25.371Z daemon INFO time="2025-09-01T18:51:25-07:00" level=info msg="Tool required for debug" tool="builtin:serial-monitor@0.15.0"
time="2025-09-01T18:51:25-07:00" level=info msg="Tool required for debug" tool="arduino:arduinoOTA@1.3.0"
2025-09-01 18:51:25 2025-09-02T01:51:25.371Z daemon INFO time="2025-09-01T18:51:25-07:00" level=info msg="Tool required for debug" tool="builtin:dfu-discovery@0.1.2"
time="2025-09-01T18:51:25-07:00" level=info msg="Tool required for debug" tool="builtin:serial-discovery@1.4.1"
2025-09-01 18:51:25 2025-09-02T01:51:25.371Z daemon INFO time="2025-09-01T18:51:25-07:00" level=info msg="Tool required for debug" tool="arduino:avrdude@6.3.0-arduino17"
time="2025-09-01T18:51:25-07:00" level=info msg="Tool required for debug" tool="arduino:avr-gcc@7.3.0-atmel3.6.1-arduino7"
2025-09-01 18:51:25 2025-09-02T01:51:25.371Z daemon INFO time="2025-09-01T18:51:25-07:00" level=info msg="Tool required for debug" tool="arduino:bossac@1.9.1-arduino5"
2025-09-01 18:51:25 2025-09-02T01:51:25.375Z daemon INFO time="2025-09-01T18:51:25-07:00" level=info msg="Tool required for debug" tool="arduino:dfu-util@0.11.0-arduino5"
time="2025-09-01T18:51:25-07:00" level=info msg="Tool required for debug" tool="esp32:esp-rv32@2411"
time="2025-09-01T18:51:25-07:00" level=info msg="Tool required for debug" tool="esp32:esp-x32@2411"
2025-09-01 18:51:25 2025-09-02T01:51:25.375Z daemon INFO time="2025-09-01T18:51:25-07:00" level=info msg="Tool required for debug" tool="esp32:esp32-arduino-libs@idf-release_v5.5-b66b5448-v1"
time="2025-09-01T18:51:25-07:00" level=info msg="Tool required for debug" tool="esp32:esptool_py@5.0.0"
time="2025-09-01T18:51:25-07:00" level=info msg="Tool required for debug" tool="esp32:mklittlefs@3.0.0-gnu12-dc7f933"
time="2025-09-01T18:51:25-07:00" level=info msg="Tool required for debug" tool="esp32:mkspiffs@0.2.3"
time="2025-09-01T18:51:25-07:00" level=info msg="Tool required for debug" tool="esp32:openocd-esp32@v0.12.0-esp32-20250422"
2025-09-01 18:51:25 2025-09-02T01:51:25.375Z daemon INFO time="2025-09-01T18:51:25-07:00" level=info msg="Tool required for debug" tool="esp32:riscv32-esp-elf-gdb@16.2_20250324"
time="2025-09-01T18:51:25-07:00" level=info msg="Tool required for debug" tool="esp32:xtensa-esp-elf-gdb@16.2_20250324"
time="2025-09-01T18:51:25-07:00" level=info msg="Tool required for debug" tool="arduino:avrdude@6.3.0-arduino17"
2025-09-01 18:51:25 2025-09-02T01:51:25.375Z daemon INFO time="2025-09-01T18:51:25-07:00" level=info msg="Tool required for debug" tool="arduino:avr-gcc@7.3.0-atmel3.6.1-arduino7"
time="2025-09-01T18:51:25-07:00" level=info msg="Tool required for debug" tool="builtin:mdns-discovery@1.0.9"
2025-09-01 18:51:25 2025-09-02T01:51:25.375Z daemon INFO time="2025-09-01T18:51:25-07:00" level=info msg="Tool required for debug" tool="builtin:ctags@5.8-arduino11"
2025-09-01 18:51:25 2025-09-02T01:51:25.375Z daemon INFO time="2025-09-01T18:51:25-07:00" level=info msg="Tool required for debug" tool="arduino:bossac@1.9.1-arduino5"
time="2025-09-01T18:51:25-07:00" level=info msg="Tool required for debug" tool="builtin:serial-discovery@1.4.1"
2025-09-01 18:51:25 2025-09-02T01:51:25.375Z daemon INFO time="2025-09-01T18:51:25-07:00" level=info msg="Tool required for debug" tool="arduino:openocd@0.11.0-arduino2"
time="2025-09-01T18:51:25-07:00" level=info msg="Tool required for debug" tool="arduino:arm-none-eabi-gcc@7-2017q4"
2025-09-01 18:51:25 2025-09-02T01:51:25.375Z daemon INFO time="2025-09-01T18:51:25-07:00" level=info msg="Tool required for debug" tool="builtin:dfu-discovery@0.1.2"
2025-09-01 18:51:25 2025-09-02T01:51:25.375Z daemon INFO time="2025-09-01T18:51:25-07:00" level=info msg="Tool required for debug" tool="arduino:arduinoOTA@1.3.0"
time="2025-09-01T18:51:25-07:00" level=info msg="Tool required for debug" tool="builtin:serial-monitor@0.15.0"
2025-09-01 18:51:25 2025-09-02T01:51:25.377Z daemon INFO time="2025-09-01T18:51:25-07:00" level=info msg="Tool required for debug" tool="arduino:dfu-util@0.11.0-arduino5"
time="2025-09-01T18:51:25-07:00" level=info msg="Tool required for debug" tool="esp32:esp-rv32@2411"
time="2025-09-01T18:51:25-07:00" level=info msg="Tool required for debug" tool="esp32:esp-x32@2411"
time="2025-09-01T18:51:25-07:00" level=info msg="Tool required for debug" tool="esp32:esp32-arduino-libs@idf-release_v5.5-b66b5448-v1"
2025-09-01 18:51:25 2025-09-02T01:51:25.377Z daemon INFO time="2025-09-01T18:51:25-07:00" level=info msg="Tool required for debug" tool="esp32:esptool_py@5.0.0"
time="2025-09-01T18:51:25-07:00" level=info msg="Tool required for debug" tool="esp32:mklittlefs@3.0.0-gnu12-dc7f933"
time="2025-09-01T18:51:25-07:00" level=info msg="Tool required for debug" tool="esp32:mkspiffs@0.2.3"
time="2025-09-01T18:51:25-07:00" level=info msg="Tool required for debug" tool="esp32:openocd-esp32@v0.12.0-esp32-20250422"
time="2025-09-01T18:51:25-07:00" level=info msg="Tool required for debug" tool="esp32:riscv32-esp-elf-gdb@16.2_20250324"
time="2025-09-01T18:51:25-07:00" level=info msg="Tool required for debug" tool="esp32:xtensa-esp-elf-gdb@16.2_20250324"
time="2025-09-01T18:51:25-07:00" level=info msg="Tool required for debug" tool="builtin:dfu-discovery@0.1.2"
2025-09-01 18:51:25 2025-09-02T01:51:25.377Z daemon INFO time="2025-09-01T18:51:25-07:00" level=info msg="Tool required for debug" tool="arduino:arduinoOTA@1.3.0"
time="2025-09-01T18:51:25-07:00" level=info msg="Tool required for debug" tool="builtin:serial-discovery@1.4.1"
time="2025-09-01T18:51:25-07:00" level=info msg="Tool required for debug" tool="builtin:ctags@5.8-arduino11"
2025-09-01 18:51:25 2025-09-02T01:51:25.377Z daemon INFO time="2025-09-01T18:51:25-07:00" level=info msg="Tool required for debug" tool="arduino:avrdude@6.3.0-arduino17"
time="2025-09-01T18:51:25-07:00" level=info msg="Tool required for debug" tool="arduino:arm-none-eabi-gcc@7-2017q4"
time="2025-09-01T18:51:25-07:00" level=info msg="Tool required for debug" tool="builtin:serial-monitor@0.15.0"
2025-09-01 18:51:25 2025-09-02T01:51:25.377Z daemon INFO time="2025-09-01T18:51:25-07:00" level=info msg="Tool required for debug" tool="arduino:avr-gcc@7.3.0-atmel3.6.1-arduino7"
time="2025-09-01T18:51:25-07:00" level=info msg="Tool required for debug" tool="arduino:bossac@1.9.1-arduino5"
2025-09-01 18:51:25 2025-09-02T01:51:25.377Z daemon INFO time="2025-09-01T18:51:25-07:00" level=info msg="Tool required for debug" tool="arduino:openocd@0.11.0-arduino2"
time="2025-09-01T18:51:25-07:00" level=info msg="Tool required for debug" tool="builtin:mdns-discovery@1.0.9"
2025-09-01 18:51:25 2025-09-02T01:51:25.382Z daemon INFO time="2025-09-01T18:51:25-07:00" level=info msg="Tool required for debug" tool="arduino:dfu-util@0.11.0-arduino5"
time="2025-09-01T18:51:25-07:00" level=info msg="Tool required for debug" tool="esp32:esp-rv32@2411"
time="2025-09-01T18:51:25-07:00" level=info msg="Tool required for debug" tool="esp32:esp-x32@2411"
2025-09-01 18:51:25 2025-09-02T01:51:25.382Z daemon INFO time="2025-09-01T18:51:25-07:00" level=info msg="Tool required for debug" tool="esp32:esp32-arduino-libs@idf-release_v5.5-b66b5448-v1"
time="2025-09-01T18:51:25-07:00" level=info msg="Tool required for debug" tool="esp32:esptool_py@5.0.0"
time="2025-09-01T18:51:25-07:00" level=info msg="Tool required for debug" tool="esp32:mklittlefs@3.0.0-gnu12-dc7f933"
time="2025-09-01T18:51:25-07:00" level=info msg="Tool required for debug" tool="esp32:mkspiffs@0.2.3"
time="2025-09-01T18:51:25-07:00" level=info msg="Tool required for debug" tool="esp32:openocd-esp32@v0.12.0-esp32-20250422"
2025-09-01 18:51:25 2025-09-02T01:51:25.382Z daemon INFO time="2025-09-01T18:51:25-07:00" level=info msg="Tool required for debug" tool="esp32:riscv32-esp-elf-gdb@16.2_20250324"
time="2025-09-01T18:51:25-07:00" level=info msg="Tool required for debug" tool="esp32:xtensa-esp-elf-gdb@16.2_20250324"
2025-09-01 18:51:25 2025-09-02T01:51:25.382Z daemon INFO time="2025-09-01T18:51:25-07:00" level=info msg="Tool required for debug" tool="arduino:bossac@1.9.1-arduino5"
time="2025-09-01T18:51:25-07:00" level=info msg="Tool required for debug" tool="builtin:dfu-discovery@0.1.2"
time="2025-09-01T18:51:25-07:00" level=info msg="Tool required for debug" tool="builtin:mdns-discovery@1.0.9"
2025-09-01 18:51:25 2025-09-02T01:51:25.382Z daemon INFO time="2025-09-01T18:51:25-07:00" level=info msg="Tool required for debug" tool="arduino:avr-gcc@7.3.0-atmel3.6.1-arduino7"
time="2025-09-01T18:51:25-07:00" level=info msg="Tool required for debug" tool="builtin:ctags@5.8-arduino11"
time="2025-09-01T18:51:25-07:00" level=info msg="Tool required for debug" tool="builtin:serial-discovery@1.4.1"
2025-09-01 18:51:25 2025-09-02T01:51:25.382Z daemon INFO time="2025-09-01T18:51:25-07:00" level=info msg="Tool required for debug" tool="arduino:arm-none-eabi-gcc@7-2017q4"
time="2025-09-01T18:51:25-07:00" level=info msg="Tool required for debug" tool="arduino:avrdude@6.3.0-arduino17"
time="2025-09-01T18:51:25-07:00" level=info msg="Tool required for debug" tool="arduino:arduinoOTA@1.3.0"
2025-09-01 18:51:25 2025-09-02T01:51:25.382Z daemon INFO time="2025-09-01T18:51:25-07:00" level=info msg="Tool required for debug" tool="arduino:openocd@0.11.0-arduino2"
time="2025-09-01T18:51:25-07:00" level=info msg="Tool required for debug" tool="builtin:serial-monitor@0.15.0"
2025-09-01 18:51:25 2025-09-02T01:51:25.383Z daemon INFO time="2025-09-01T18:51:25-07:00" level=info msg="Tool required for debug" tool="arduino:dfu-util@0.11.0-arduino5"
time="2025-09-01T18:51:25-07:00" level=info msg="Tool required for debug" tool="esp32:esp-rv32@2411"
2025-09-01 18:51:25 2025-09-02T01:51:25.383Z daemon INFO time="2025-09-01T18:51:25-07:00" level=info msg="Tool required for debug" tool="esp32:esp-x32@2411"
time="2025-09-01T18:51:25-07:00" level=info msg="Tool required for debug" tool="esp32:esp32-arduino-libs@idf-release_v5.5-b66b5448-v1"
2025-09-01 18:51:25 2025-09-02T01:51:25.383Z daemon INFO time="2025-09-01T18:51:25-07:00" level=info msg="Tool required for debug" tool="esp32:esptool_py@5.0.0"
time="2025-09-01T18:51:25-07:00" level=info msg="Tool required for debug" tool="esp32:mklittlefs@3.0.0-gnu12-dc7f933"
time="2025-09-01T18:51:25-07:00" level=info msg="Tool required for debug" tool="esp32:mkspiffs@0.2.3"
time="2025-09-01T18:51:25-07:00" level=info msg="Tool required for debug" tool="esp32:openocd-esp32@v0.12.0-esp32-20250422"
2025-09-01 18:51:25 2025-09-02T01:51:25.383Z daemon INFO time="2025-09-01T18:51:25-07:00" level=info msg="Tool required for debug" tool="esp32:riscv32-esp-elf-gdb@16.2_20250324"
time="2025-09-01T18:51:25-07:00" level=info msg="Tool required for debug" tool="esp32:xtensa-esp-elf-gdb@16.2_20250324"
time="2025-09-01T18:51:25-07:00" level=info msg="Tool required for debug" tool="arduino:avrdude@6.3.0-arduino17"
time="2025-09-01T18:51:25-07:00" level=info msg="Tool required for debug" tool="builtin:mdns-discovery@1.0.9"
2025-09-01 18:51:25 2025-09-02T01:51:25.383Z daemon INFO time="2025-09-01T18:51:25-07:00" level=info msg="Tool required for debug" tool="arduino:openocd@0.11.0-arduino2"
time="2025-09-01T18:51:25-07:00" level=info msg="Tool required for debug" tool="builtin:serial-monitor@0.15.0"
time="2025-09-01T18:51:25-07:00" level=info msg="Tool required for debug" tool="builtin:ctags@5.8-arduino11"
2025-09-01 18:51:25 2025-09-02T01:51:25.383Z daemon INFO time="2025-09-01T18:51:25-07:00" level=info msg="Tool required for debug" tool="arduino:bossac@1.9.1-arduino5"
time="2025-09-01T18:51:25-07:00" level=info msg="Tool required for debug" tool="arduino:arm-none-eabi-gcc@7-2017q4"
2025-09-01 18:51:25 2025-09-02T01:51:25.383Z daemon INFO time="2025-09-01T18:51:25-07:00" level=info msg="Tool required for debug" tool="arduino:arduinoOTA@1.3.0"
time="2025-09-01T18:51:25-07:00" level=info msg="Tool required for debug" tool="arduino:avr-gcc@7.3.0-atmel3.6.1-arduino7"
time="2025-09-01T18:51:25-07:00" level=info msg="Tool required for debug" tool="builtin:dfu-discovery@0.1.2"
2025-09-01 18:51:25 2025-09-02T01:51:25.383Z daemon INFO time="2025-09-01T18:51:25-07:00" level=info msg="Tool required for debug" tool="builtin:serial-discovery@1.4.1"
2025-09-01 18:51:25 2025-09-02T01:51:25.387Z daemon INFO time="2025-09-01T18:51:25-07:00" level=info msg="Tool required for debug" tool="arduino:dfu-util@0.11.0-arduino5"
time="2025-09-01T18:51:25-07:00" level=info msg="Tool required for debug" tool="esp32:esp-rv32@2411"
time="2025-09-01T18:51:25-07:00" level=info msg="Tool required for debug" tool="esp32:esp-x32@2411"
time="2025-09-01T18:51:25-07:00" level=info msg="Tool required for debug" tool="esp32:esp32-arduino-libs@idf-release_v5.5-b66b5448-v1"
time="2025-09-01T18:51:25-07:00" level=info msg="Tool required for debug" tool="esp32:esptool_py@5.0.0"
time="2025-09-01T18:51:25-07:00" level=info msg="Tool required for debug" tool="esp32:mklittlefs@3.0.0-gnu12-dc7f933"
time="2025-09-01T18:51:25-07:00" level=info msg="Tool required for debug" tool="esp32:mkspiffs@0.2.3"
time="2025-09-01T18:51:25-07:00" level=info msg="Tool required for debug" tool="esp32:openocd-esp32@v0.12.0-esp32-20250422"
time="2025-09-01T18:51:25-07:00" level=info msg="Tool required for debug" tool="esp32:riscv32-esp-elf-gdb@16.2_20250324"
time="2025-09-01T18:51:25-07:00" level=info msg="Tool required for debug" tool="esp32:xtensa-esp-elf-gdb@16.2_20250324"
2025-09-01 18:51:25 2025-09-02T01:51:25.387Z daemon INFO time="2025-09-01T18:51:25-07:00" level=info msg="Tool required for debug" tool="builtin:serial-discovery@1.4.1"
time="2025-09-01T18:51:25-07:00" level=info msg="Tool required for debug" tool="arduino:arduinoOTA@1.3.0"
time="2025-09-01T18:51:25-07:00" level=info msg="Tool required for debug" tool="arduino:avr-gcc@7.3.0-atmel3.6.1-arduino7"
time="2025-09-01T18:51:25-07:00" level=info msg="Tool required for debug" tool="arduino:bossac@1.9.1-arduino5"
time="2025-09-01T18:51:25-07:00" level=info msg="Tool required for debug" tool="arduino:avrdude@6.3.0-arduino17"
time="2025-09-01T18:51:25-07:00" level=info msg="Tool required for debug" tool="builtin:mdns-discovery@1.0.9"
time="2025-09-01T18:51:25-07:00" level=info msg="Tool required for debug" tool="arduino:openocd@0.11.0-arduino2"
time="2025-09-01T18:51:25-07:00" level=info msg="Tool required for debug" tool="arduino:arm-none-eabi-gcc@7-2017q4"
time="2025-09-01T18:51:25-07:00" level=info msg="Tool required for debug" tool="builtin:serial-monitor@0.15.0"
time="2025-09-01T18:51:25-07:00" level=info msg="Tool required for debug" tool="builtin:ctags@5.8-arduino11"
time="2025-09-01T18:51:25-07:00" level=info msg="Tool required for debug" tool="builtin:dfu-discovery@0.1.2"
2025-09-01 18:51:25 2025-09-02T01:51:25.389Z daemon INFO time="2025-09-01T18:51:25-07:00" level=info msg="Tool required for debug" tool="arduino:dfu-util@0.11.0-arduino5"
time="2025-09-01T18:51:25-07:00" level=info msg="Tool required for debug" tool="esp32:esp-rv32@2411"
time="2025-09-01T18:51:25-07:00" level=info msg="Tool required for debug" tool="esp32:esp-x32@2411"
time="2025-09-01T18:51:25-07:00" level=info msg="Tool required for debug" tool="esp32:esp32-arduino-libs@idf-release_v5.5-b66b5448-v1"
time="2025-09-01T18:51:25-07:00" level=info msg="Tool required for debug" tool="esp32:esptool_py@5.0.0"
2025-09-01 18:51:25 2025-09-02T01:51:25.389Z daemon INFO time="2025-09-01T18:51:25-07:00" level=info msg="Tool required for debug" tool="esp32:mklittlefs@3.0.0-gnu12-dc7f933"
time="2025-09-01T18:51:25-07:00" level=info msg="Tool required for debug" tool="esp32:mkspiffs@0.2.3"
time="2025-09-01T18:51:25-07:00" level=info msg="Tool required for debug" tool="esp32:openocd-esp32@v0.12.0-esp32-20250422"
time="2025-09-01T18:51:25-07:00" level=info msg="Tool required for debug" tool="esp32:riscv32-esp-elf-gdb@16.2_20250324"
time="2025-09-01T18:51:25-07:00" level=info msg="Tool required for debug" tool="esp32:xtensa-esp-elf-gdb@16.2_20250324"
time="2025-09-01T18:51:25-07:00" level=info msg="Tool required for debug" tool="builtin:serial-monitor@0.15.0"
time="2025-09-01T18:51:25-07:00" level=info msg="Tool required for debug" tool="arduino:arm-none-eabi-gcc@7-2017q4"
2025-09-01 18:51:25 2025-09-02T01:51:25.391Z daemon INFO time="2025-09-01T18:51:25-07:00" level=info msg="Tool required for debug" tool="builtin:serial-discovery@1.4.1"
time="2025-09-01T18:51:25-07:00" level=info msg="Tool required for debug" tool="builtin:ctags@5.8-arduino11"
time="2025-09-01T18:51:25-07:00" level=info msg="Tool required for debug" tool="arduino:bossac@1.9.1-arduino5"
time="2025-09-01T18:51:25-07:00" level=info msg="Tool required for debug" tool="builtin:dfu-discovery@0.1.2"
time="2025-09-01T18:51:25-07:00" level=info msg="Tool required for debug" tool="builtin:mdns-discovery@1.0.9"
time="2025-09-01T18:51:25-07:00" level=info msg="Tool required for debug" tool="arduino:openocd@0.11.0-arduino2"
time="2025-09-01T18:51:25-07:00" level=info msg="Tool required for debug" tool="arduino:avrdude@6.3.0-arduino17"
time="2025-09-01T18:51:25-07:00" level=info msg="Tool required for debug" tool="arduino:arduinoOTA@1.3.0"
time="2025-09-01T18:51:25-07:00" level=info msg="Tool required for debug" tool="arduino:avr-gcc@7.3.0-atmel3.6.1-arduino7"
2025-09-01 18:51:25 2025-09-02T01:51:25.395Z daemon INFO time="2025-09-01T18:51:25-07:00" level=info msg="Tool required for debug" tool="arduino:dfu-util@0.11.0-arduino5"
time="2025-09-01T18:51:25-07:00" level=info msg="Tool required for debug" tool="esp32:esp-rv32@2411"
time="2025-09-01T18:51:25-07:00" level=info msg="Tool required for debug" tool="esp32:esp-x32@2411"
time="2025-09-01T18:51:25-07:00" level=info msg="Tool required for debug" tool="esp32:esp32-arduino-libs@idf-release_v5.5-b66b5448-v1"
2025-09-01 18:51:25 2025-09-02T01:51:25.395Z daemon INFO time="2025-09-01T18:51:25-07:00" level=info msg="Tool required for debug" tool="esp32:esptool_py@5.0.0"
time="2025-09-01T18:51:25-07:00" level=info msg="Tool required for debug" tool="esp32:mklittlefs@3.0.0-gnu12-dc7f933"
time="2025-09-01T18:51:25-07:00" level=info msg="Tool required for debug" tool="esp32:mkspiffs@0.2.3"
time="2025-09-01T18:51:25-07:00" level=info msg="Tool required for debug" tool="esp32:openocd-esp32@v0.12.0-esp32-20250422"
time="2025-09-01T18:51:25-07:00" level=info msg="Tool required for debug" tool="esp32:riscv32-esp-elf-gdb@16.2_20250324"
time="2025-09-01T18:51:25-07:00" level=info msg="Tool required for debug" tool="esp32:xtensa-esp-elf-gdb@16.2_20250324"
time="2025-09-01T18:51:25-07:00" level=info msg="Tool required for debug" tool="arduino:openocd@0.11.0-arduino2"
time="2025-09-01T18:51:25-07:00" level=info msg="Tool required for debug" tool="builtin:mdns-discovery@1.0.9"
time="2025-09-01T18:51:25-07:00" level=info msg="Tool required for debug" tool="builtin:serial-discovery@1.4.1"
2025-09-01 18:51:25 2025-09-02T01:51:25.395Z daemon INFO time="2025-09-01T18:51:25-07:00" level=info msg="Tool required for debug" tool="builtin:serial-monitor@0.15.0"
time="2025-09-01T18:51:25-07:00" level=info msg="Tool required for debug" tool="builtin:ctags@5.8-arduino11"
time="2025-09-01T18:51:25-07:00" level=info msg="Tool required for debug" tool="arduino:arm-none-eabi-gcc@7-2017q4"
time="2025-09-01T18:51:25-07:00" level=info msg="Tool required for debug" tool="arduino:bossac@1.9.1-arduino5"
2025-09-01 18:51:25 2025-09-02T01:51:25.396Z daemon INFO time="2025-09-01T18:51:25-07:00" level=info msg="Tool required for debug" tool="arduino:arduinoOTA@1.3.0"
time="2025-09-01T18:51:25-07:00" level=info msg="Tool required for debug" tool="arduino:avrdude@6.3.0-arduino17"
time="2025-09-01T18:51:25-07:00" level=info msg="Tool required for debug" tool="builtin:dfu-discovery@0.1.2"
time="2025-09-01T18:51:25-07:00" level=info msg="Tool required for debug" tool="arduino:avr-gcc@7.3.0-atmel3.6.1-arduino7"
2025-09-01 18:51:25 2025-09-02T01:51:25.401Z daemon INFO time="2025-09-01T18:51:25-07:00" level=info msg="Tool required for debug" tool="arduino:dfu-util@0.11.0-arduino5"
time="2025-09-01T18:51:25-07:00" level=info msg="Tool required for debug" tool="esp32:esp-rv32@2411"
time="2025-09-01T18:51:25-07:00" level=info msg="Tool required for debug" tool="esp32:esp-x32@2411"
time="2025-09-01T18:51:25-07:00" level=info msg="Tool required for debug" tool="esp32:esp32-arduino-libs@idf-release_v5.5-b66b5448-v1"
2025-09-01 18:51:25 2025-09-02T01:51:25.401Z daemon INFO time="2025-09-01T18:51:25-07:00" level=info msg="Tool required for debug" tool="esp32:esptool_py@5.0.0"
time="2025-09-01T18:51:25-07:00" level=info msg="Tool required for debug" tool="esp32:mklittlefs@3.0.0-gnu12-dc7f933"
time="2025-09-01T18:51:25-07:00" level=info msg="Tool required for debug" tool="esp32:mkspiffs@0.2.3"
time="2025-09-01T18:51:25-07:00" level=info msg="Tool required for debug" tool="esp32:openocd-esp32@v0.12.0-esp32-20250422"
time="2025-09-01T18:51:25-07:00" level=info msg="Tool required for debug" tool="esp32:riscv32-esp-elf-gdb@16.2_20250324"
time="2025-09-01T18:51:25-07:00" level=info msg="Tool required for debug" tool="esp32:xtensa-esp-elf-gdb@16.2_20250324"
time="2025-09-01T18:51:25-07:00" level=info msg="Tool required for debug" tool="arduino:arduinoOTA@1.3.0"
time="2025-09-01T18:51:25-07:00" level=info msg="Tool required for debug" tool="builtin:serial-discovery@1.4.1"
time="2025-09-01T18:51:25-07:00" level=info msg="Tool required for debug" tool="builtin:mdns-discovery@1.0.9"
2025-09-01 18:51:25 2025-09-02T01:51:25.401Z daemon INFO time="2025-09-01T18:51:25-07:00" level=info msg="Tool required for debug" tool="arduino:arm-none-eabi-gcc@7-2017q4"
time="2025-09-01T18:51:25-07:00" level=info msg="Tool required for debug" tool="builtin:serial-monitor@0.15.0"
time="2025-09-01T18:51:25-07:00" level=info msg="Tool required for debug" tool="builtin:ctags@5.8-arduino11"
time="2025-09-01T18:51:25-07:00" level=info msg="Tool required for debug" tool="arduino:openocd@0.11.0-arduino2"
time="2025-09-01T18:51:25-07:00" level=info msg="Tool required for debug" tool="arduino:avrdude@6.3.0-arduino17"
time="2025-09-01T18:51:25-07:00" level=info msg="Tool required for debug" tool="arduino:bossac@1.9.1-arduino5"
2025-09-01 18:51:25 2025-09-02T01:51:25.401Z daemon INFO time="2025-09-01T18:51:25-07:00" level=info msg="Tool required for debug" tool="builtin:dfu-discovery@0.1.2"
time="2025-09-01T18:51:25-07:00" level=info msg="Tool required for debug" tool="arduino:avr-gcc@7.3.0-atmel3.6.1-arduino7"
2025-09-01 18:51:25 2025-09-02T01:51:25.601Z daemon INFO time="2025-09-01T18:51:25-07:00" level=info msg="Tool required for debug" tool="arduino:dfu-util@0.11.0-arduino5"
time="2025-09-01T18:51:25-07:00" level=info msg="Tool required for debug" tool="esp32:esp-rv32@2411"
2025-09-01 18:51:25 2025-09-02T01:51:25.601Z daemon INFO time="2025-09-01T18:51:25-07:00" level=info msg="Tool required for debug" tool="esp32:esp-x32@2411"
time="2025-09-01T18:51:25-07:00" level=info msg="Tool required for debug" tool="esp32:esp32-arduino-libs@idf-release_v5.5-b66b5448-v1"
time="2025-09-01T18:51:25-07:00" level=info msg="Tool required for debug" tool="esp32:esptool_py@5.0.0"
time="2025-09-01T18:51:25-07:00" level=info msg="Tool required for debug" tool="esp32:mklittlefs@3.0.0-gnu12-dc7f933"
time="2025-09-01T18:51:25-07:00" level=info msg="Tool required for debug" tool="esp32:mkspiffs@0.2.3"
time="2025-09-01T18:51:25-07:00" level=info msg="Tool required for debug" tool="esp32:openocd-esp32@v0.12.0-esp32-20250422"
time="2025-09-01T18:51:25-07:00" level=info msg="Tool required for debug" tool="esp32:riscv32-esp-elf-gdb@16.2_20250324"
2025-09-01 18:51:25 2025-09-02T01:51:25.601Z daemon INFO time="2025-09-01T18:51:25-07:00" level=info msg="Tool required for debug" tool="esp32:xtensa-esp-elf-gdb@16.2_20250324"
time="2025-09-01T18:51:25-07:00" level=info msg="Tool required for debug" tool="builtin:ctags@5.8-arduino11"
time="2025-09-01T18:51:25-07:00" level=info msg="Tool required for debug" tool="builtin:dfu-discovery@0.1.2"
time="2025-09-01T18:51:25-07:00" level=info msg="Tool required for debug" tool="arduino:avr-gcc@7.3.0-atmel3.6.1-arduino7"
time="2025-09-01T18:51:25-07:00" level=info msg="Tool required for debug" tool="arduino:arduinoOTA@1.3.0"
2025-09-01 18:51:25 2025-09-02T01:51:25.601Z daemon INFO time="2025-09-01T18:51:25-07:00" level=info msg="Tool required for debug" tool="arduino:avrdude@6.3.0-arduino17"
time="2025-09-01T18:51:25-07:00" level=info msg="Tool required for debug" tool="builtin:mdns-discovery@1.0.9"
time="2025-09-01T18:51:25-07:00" level=info msg="Tool required for debug" tool="arduino:bossac@1.9.1-arduino5"
2025-09-01 18:51:25 2025-09-02T01:51:25.601Z daemon INFO time="2025-09-01T18:51:25-07:00" level=info msg="Tool required for debug" tool="arduino:openocd@0.11.0-arduino2"
time="2025-09-01T18:51:25-07:00" level=info msg="Tool required for debug" tool="builtin:serial-discovery@1.4.1"
time="2025-09-01T18:51:25-07:00" level=info msg="Tool required for debug" tool="builtin:serial-monitor@0.15.0"
2025-09-01 18:51:25 2025-09-02T01:51:25.601Z daemon INFO time="2025-09-01T18:51:25-07:00" level=info msg="Tool required for debug" tool="arduino:arm-none-eabi-gcc@7-2017q4"
2025-09-01 18:51:25 2025-09-02T01:51:25.605Z daemon INFO time="2025-09-01T18:51:25-07:00" level=info msg="Tool required for debug" tool="arduino:dfu-util@0.11.0-arduino5"
time="2025-09-01T18:51:25-07:00" level=info msg="Tool required for debug" tool="esp32:esp-rv32@2411"
time="2025-09-01T18:51:25-07:00" level=info msg="Tool required for debug" tool="esp32:esp-x32@2411"
time="2025-09-01T18:51:25-07:00" level=info msg="Tool required for debug" tool="esp32:esp32-arduino-libs@idf-release_v5.5-b66b5448-v1"
time="2025-09-01T18:51:25-07:00" level=info msg="Tool required for debug" tool="esp32:esptool_py@5.0.0"
time="2025-09-01T18:51:25-07:00" level=info msg="Tool required for debug" tool="esp32:mklittlefs@3.0.0-gnu12-dc7f933"
time="2025-09-01T18:51:25-07:00" level=info msg="Tool required for debug" tool="esp32:mkspiffs@0.2.3"
time="2025-09-01T18:51:25-07:00" level=info msg="Tool required for debug" tool="esp32:openocd-esp32@v0.12.0-esp32-20250422"
time="2025-09-01T18:51:25-07:00" level=info msg="Tool required for debug" tool="esp32:riscv32-esp-elf-gdb@16.2_20250324"
time="2025-09-01T18:51:25-07:00" level=info msg="Tool required for debug" tool="esp32:xtensa-esp-elf-gdb@16.2_20250324"
2025-09-01 18:51:25 2025-09-02T01:51:25.605Z daemon INFO time="2025-09-01T18:51:25-07:00" level=info msg="Tool required for debug" tool="arduino:arduinoOTA@1.3.0"
time="2025-09-01T18:51:25-07:00" level=info msg="Tool required for debug" tool="arduino:bossac@1.9.1-arduino5"
time="2025-09-01T18:51:25-07:00" level=info msg="Tool required for debug" tool="arduino:openocd@0.11.0-arduino2"
time="2025-09-01T18:51:25-07:00" level=info msg="Tool required for debug" tool="builtin:dfu-discovery@0.1.2"
time="2025-09-01T18:51:25-07:00" level=info msg="Tool required for debug" tool="arduino:avr-gcc@7.3.0-atmel3.6.1-arduino7"
time="2025-09-01T18:51:25-07:00" level=info msg="Tool required for debug" tool="builtin:serial-monitor@0.15.0"
time="2025-09-01T18:51:25-07:00" level=info msg="Tool required for debug" tool="builtin:ctags@5.8-arduino11"
time="2025-09-01T18:51:25-07:00" level=info msg="Tool required for debug" tool="arduino:arm-none-eabi-gcc@7-2017q4"
time="2025-09-01T18:51:25-07:00" level=info msg="Tool required for debug" tool="arduino:avrdude@6.3.0-arduino17"
time="2025-09-01T18:51:25-07:00" level=info msg="Tool required for debug" tool="builtin:mdns-discovery@1.0.9"
time="2025-09-01T18:51:25-07:00" level=info msg="Tool required for debug" tool="builtin:serial-discovery@1.4.1"
2025-09-01 18:51:25 2025-09-02T01:51:25.609Z daemon INFO time="2025-09-01T18:51:25-07:00" level=info msg="Tool required for debug" tool="arduino:dfu-util@0.11.0-arduino5"
time="2025-09-01T18:51:25-07:00" level=info msg="Tool required for debug" tool="esp32:esp-rv32@2411"
time="2025-09-01T18:51:25-07:00" level=info msg="Tool required for debug" tool="esp32:esp-x32@2411"
time="2025-09-01T18:51:25-07:00" level=info msg="Tool required for debug" tool="esp32:esp32-arduino-libs@idf-release_v5.5-b66b5448-v1"
time="2025-09-01T18:51:25-07:00" level=info msg="Tool required for debug" tool="esp32:esptool_py@5.0.0"
time="2025-09-01T18:51:25-07:00" level=info msg="Tool required for debug" tool="esp32:mklittlefs@3.0.0-gnu12-dc7f933"
time="2025-09-01T18:51:25-07:00" level=info msg="Tool required for debug" tool="esp32:mkspiffs@0.2.3"
2025-09-01 18:51:25 2025-09-02T01:51:25.609Z daemon INFO time="2025-09-01T18:51:25-07:00" level=info msg="Tool required for debug" tool="esp32:openocd-esp32@v0.12.0-esp32-20250422"
time="2025-09-01T18:51:25-07:00" level=info msg="Tool required for debug" tool="esp32:riscv32-esp-elf-gdb@16.2_20250324"
time="2025-09-01T18:51:25-07:00" level=info msg="Tool required for debug" tool="esp32:xtensa-esp-elf-gdb@16.2_20250324"
time="2025-09-01T18:51:25-07:00" level=info msg="Tool required for debug" tool="builtin:serial-discovery@1.4.1"
time="2025-09-01T18:51:25-07:00" level=info msg="Tool required for debug" tool="builtin:serial-monitor@0.15.0"
time="2025-09-01T18:51:25-07:00" level=info msg="Tool required for debug" tool="arduino:openocd@0.11.0-arduino2"
time="2025-09-01T18:51:25-07:00" level=info msg="Tool required for debug" tool="builtin:mdns-discovery@1.0.9"
time="2025-09-01T18:51:25-07:00" level=info msg="Tool required for debug" tool="arduino:avrdude@6.3.0-arduino17"
time="2025-09-01T18:51:25-07:00" level=info msg="Tool required for debug" tool="arduino:arm-none-eabi-gcc@7-2017q4"
time="2025-09-01T18:51:25-07:00" level=info msg="Tool required for debug" tool="arduino:bossac@1.9.1-arduino5"
time="2025-09-01T18:51:25-07:00" level=info msg="Tool required for debug" tool="builtin:ctags@5.8-arduino11"
time="2025-09-01T18:51:25-07:00" level=info msg="Tool required for debug" tool="arduino:arduinoOTA@1.3.0"
time="2025-09-01T18:51:25-07:00" level=info msg="Tool required for debug" tool="builtin:dfu-discovery@0.1.2"
time="2025-09-01T18:51:25-07:00" level=info msg="Tool required for debug" tool="arduino:avr-gcc@7.3.0-atmel3.6.1-arduino7"
2025-09-01 18:51:25 2025-09-02T01:51:25.613Z daemon INFO time="2025-09-01T18:51:25-07:00" level=info msg="Tool required for debug" tool="arduino:dfu-util@0.11.0-arduino5"
time="2025-09-01T18:51:25-07:00" level=info msg="Tool required for debug" tool="esp32:esp-rv32@2411"
time="2025-09-01T18:51:25-07:00" level=info msg="Tool required for debug" tool="esp32:esp-x32@2411"
time="2025-09-01T18:51:25-07:00" level=info msg="Tool required for debug" tool="esp32:esp32-arduino-libs@idf-release_v5.5-b66b5448-v1"
2025-09-01 18:51:25 2025-09-02T01:51:25.613Z daemon INFO time="2025-09-01T18:51:25-07:00" level=info msg="Tool required for debug" tool="esp32:esptool_py@5.0.0"
time="2025-09-01T18:51:25-07:00" level=info msg="Tool required for debug" tool="esp32:mklittlefs@3.0.0-gnu12-dc7f933"
time="2025-09-01T18:51:25-07:00" level=info msg="Tool required for debug" tool="esp32:mkspiffs@0.2.3"
time="2025-09-01T18:51:25-07:00" level=info msg="Tool required for debug" tool="esp32:openocd-esp32@v0.12.0-esp32-20250422"
time="2025-09-01T18:51:25-07:00" level=info msg="Tool required for debug" tool="esp32:riscv32-esp-elf-gdb@16.2_20250324"
time="2025-09-01T18:51:25-07:00" level=info msg="Tool required for debug" tool="esp32:xtensa-esp-elf-gdb@16.2_20250324"
time="2025-09-01T18:51:25-07:00" level=info msg="Tool required for debug" tool="builtin:ctags@5.8-arduino11"
time="2025-09-01T18:51:25-07:00" level=info msg="Tool required for debug" tool="builtin:dfu-discovery@0.1.2"
time="2025-09-01T18:51:25-07:00" level=info msg="Tool required for debug" tool="builtin:mdns-discovery@1.0.9"
2025-09-01 18:51:25 2025-09-02T01:51:25.613Z daemon INFO time="2025-09-01T18:51:25-07:00" level=info msg="Tool required for debug" tool="builtin:serial-monitor@0.15.0"
time="2025-09-01T18:51:25-07:00" level=info msg="Tool required for debug" tool="arduino:openocd@0.11.0-arduino2"
time="2025-09-01T18:51:25-07:00" level=info msg="Tool required for debug" tool="arduino:arduinoOTA@1.3.0"
time="2025-09-01T18:51:25-07:00" level=info msg="Tool required for debug" tool="arduino:bossac@1.9.1-arduino5"
time="2025-09-01T18:51:25-07:00" level=info msg="Tool required for debug" tool="builtin:serial-discovery@1.4.1"
time="2025-09-01T18:51:25-07:00" level=info msg="Tool required for debug" tool="arduino:avrdude@6.3.0-arduino17"
time="2025-09-01T18:51:25-07:00" level=info msg="Tool required for debug" tool="arduino:arm-none-eabi-gcc@7-2017q4"
2025-09-01 18:51:25 2025-09-02T01:51:25.613Z daemon INFO time="2025-09-01T18:51:25-07:00" level=info msg="Tool required for debug" tool="arduino:avr-gcc@7.3.0-atmel3.6.1-arduino7"
2025-09-01 18:51:25 2025-09-02T01:51:25.616Z daemon INFO time="2025-09-01T18:51:25-07:00" level=info msg="Tool required for debug" tool="arduino:dfu-util@0.11.0-arduino5"
time="2025-09-01T18:51:25-07:00" level=info msg="Tool required for debug" tool="esp32:esp-rv32@2411"
time="2025-09-01T18:51:25-07:00" level=info msg="Tool required for debug" tool="esp32:esp-x32@2411"
time="2025-09-01T18:51:25-07:00" level=info msg="Tool required for debug" tool="esp32:esp32-arduino-libs@idf-release_v5.5-b66b5448-v1"
time="2025-09-01T18:51:25-07:00" level=info msg="Tool required for debug" tool="esp32:esptool_py@5.0.0"
time="2025-09-01T18:51:25-07:00" level=info msg="Tool required for debug" tool="esp32:mklittlefs@3.0.0-gnu12-dc7f933"
time="2025-09-01T18:51:25-07:00" level=info msg="Tool required for debug" tool="esp32:mkspiffs@0.2.3"
time="2025-09-01T18:51:25-07:00" level=info msg="Tool required for debug" tool="esp32:openocd-esp32@v0.12.0-esp32-20250422"
time="2025-09-01T18:51:25-07:00" level=info msg="Tool required for debug" tool="esp32:riscv32-esp-elf-gdb@16.2_20250324"
time="2025-09-01T18:51:25-07:00" level=info msg="Tool required for debug" tool="esp32:xtensa-esp-elf-gdb@16.2_20250324"
2025-09-01 18:51:25 2025-09-02T01:51:25.616Z daemon INFO time="2025-09-01T18:51:25-07:00" level=info msg="Tool required for debug" tool="arduino:avr-gcc@7.3.0-atmel3.6.1-arduino7"
time="2025-09-01T18:51:25-07:00" level=info msg="Tool required for debug" tool="builtin:serial-monitor@0.15.0"
time="2025-09-01T18:51:25-07:00" level=info msg="Tool required for debug" tool="builtin:dfu-discovery@0.1.2"
time="2025-09-01T18:51:25-07:00" level=info msg="Tool required for debug" tool="builtin:mdns-discovery@1.0.9"
time="2025-09-01T18:51:25-07:00" level=info msg="Tool required for debug" tool="arduino:avrdude@6.3.0-arduino17"
time="2025-09-01T18:51:25-07:00" level=info msg="Tool required for debug" tool="arduino:arm-none-eabi-gcc@7-2017q4"
time="2025-09-01T18:51:25-07:00" level=info msg="Tool required for debug" tool="builtin:serial-discovery@1.4.1"
time="2025-09-01T18:51:25-07:00" level=info msg="Tool required for debug" tool="builtin:ctags@5.8-arduino11"
time="2025-09-01T18:51:25-07:00" level=info msg="Tool required for debug" tool="arduino:arduinoOTA@1.3.0"
time="2025-09-01T18:51:25-07:00" level=info msg="Tool required for debug" tool="arduino:openocd@0.11.0-arduino2"
time="2025-09-01T18:51:25-07:00" level=info msg="Tool required for debug" tool="arduino:bossac@1.9.1-arduino5"
2025-09-01 18:51:25 2025-09-02T01:51:25.620Z daemon INFO time="2025-09-01T18:51:25-07:00" level=info msg="Tool required for debug" tool="arduino:dfu-util@0.11.0-arduino5"
time="2025-09-01T18:51:25-07:00" level=info msg="Tool required for debug" tool="esp32:esp-rv32@2411"
time="2025-09-01T18:51:25-07:00" level=info msg="Tool required for debug" tool="esp32:esp-x32@2411"
time="2025-09-01T18:51:25-07:00" level=info msg="Tool required for debug" tool="esp32:esp32-arduino-libs@idf-release_v5.5-b66b5448-v1"
time="2025-09-01T18:51:25-07:00" level=info msg="Tool required for debug" tool="esp32:esptool_py@5.0.0"
time="2025-09-01T18:51:25-07:00" level=info msg="Tool required for debug" tool="esp32:mklittlefs@3.0.0-gnu12-dc7f933"
time="2025-09-01T18:51:25-07:00" level=info msg="Tool required for debug" tool="esp32:mkspiffs@0.2.3"
time="2025-09-01T18:51:25-07:00" level=info msg="Tool required for debug" tool="esp32:openocd-esp32@v0.12.0-esp32-20250422"
time="2025-09-01T18:51:25-07:00" level=info msg="Tool required for debug" tool="esp32:riscv32-esp-elf-gdb@16.2_20250324"
2025-09-01 18:51:25 2025-09-02T01:51:25.620Z daemon INFO time="2025-09-01T18:51:25-07:00" level=info msg="Tool required for debug" tool="esp32:xtensa-esp-elf-gdb@16.2_20250324"
time="2025-09-01T18:51:25-07:00" level=info msg="Tool required for debug" tool="arduino:avrdude@6.3.0-arduino17"
time="2025-09-01T18:51:25-07:00" level=info msg="Tool required for debug" tool="arduino:arm-none-eabi-gcc@7-2017q4"
time="2025-09-01T18:51:25-07:00" level=info msg="Tool required for debug" tool="arduino:avr-gcc@7.3.0-atmel3.6.1-arduino7"
time="2025-09-01T18:51:25-07:00" level=info msg="Tool required for debug" tool="arduino:openocd@0.11.0-arduino2"
time="2025-09-01T18:51:25-07:00" level=info msg="Tool required for debug" tool="builtin:serial-monitor@0.15.0"
time="2025-09-01T18:51:25-07:00" level=info msg="Tool required for debug" tool="builtin:mdns-discovery@1.0.9"
time="2025-09-01T18:51:25-07:00" level=info msg="Tool required for debug" tool="builtin:dfu-discovery@0.1.2"
time="2025-09-01T18:51:25-07:00" level=info msg="Tool required for debug" tool="arduino:arduinoOTA@1.3.0"
time="2025-09-01T18:51:25-07:00" level=info msg="Tool required for debug" tool="builtin:ctags@5.8-arduino11"
time="2025-09-01T18:51:25-07:00" level=info msg="Tool required for debug" tool="builtin:serial-discovery@1.4.1"
time="2025-09-01T18:51:25-07:00" level=info msg="Tool required for debug" tool="arduino:bossac@1.9.1-arduino5"
2025-09-01 18:51:25 2025-09-02T01:51:25.623Z daemon INFO time="2025-09-01T18:51:25-07:00" level=info msg="Tool required for debug" tool="arduino:dfu-util@0.11.0-arduino5"
time="2025-09-01T18:51:25-07:00" level=info msg="Tool required for debug" tool="esp32:esp-rv32@2411"
time="2025-09-01T18:51:25-07:00" level=info msg="Tool required for debug" tool="esp32:esp-x32@2411"
time="2025-09-01T18:51:25-07:00" level=info msg="Tool required for debug" tool="esp32:esp32-arduino-libs@idf-release_v5.5-b66b5448-v1"
time="2025-09-01T18:51:25-07:00" level=info msg="Tool required for debug" tool="esp32:esptool_py@5.0.0"
time="2025-09-01T18:51:25-07:00" level=info msg="Tool required for debug" tool="esp32:mklittlefs@3.0.0-gnu12-dc7f933"
time="2025-09-01T18:51:25-07:00" level=info msg="Tool required for debug" tool="esp32:mkspiffs@0.2.3"
time="2025-09-01T18:51:25-07:00" level=info msg="Tool required for debug" tool="esp32:openocd-esp32@v0.12.0-esp32-20250422"
time="2025-09-01T18:51:25-07:00" level=info msg="Tool required for debug" tool="esp32:riscv32-esp-elf-gdb@16.2_20250324"
time="2025-09-01T18:51:25-07:00" level=info msg="Tool required for debug" tool="esp32:xtensa-esp-elf-gdb@16.2_20250324"
time="2025-09-01T18:51:25-07:00" level=info msg="Tool required for debug" tool="arduino:openocd@0.11.0-arduino2"
2025-09-01 18:51:25 2025-09-02T01:51:25.623Z daemon INFO time="2025-09-01T18:51:25-07:00" level=info msg="Tool required for debug" tool="builtin:mdns-discovery@1.0.9"
time="2025-09-01T18:51:25-07:00" level=info msg="Tool required for debug" tool="arduino:arm-none-eabi-gcc@7-2017q4"
time="2025-09-01T18:51:25-07:00" level=info msg="Tool required for debug" tool="arduino:avr-gcc@7.3.0-atmel3.6.1-arduino7"
time="2025-09-01T18:51:25-07:00" level=info msg="Tool required for debug" tool="builtin:serial-discovery@1.4.1"
time="2025-09-01T18:51:25-07:00" level=info msg="Tool required for debug" tool="builtin:serial-monitor@0.15.0"
time="2025-09-01T18:51:25-07:00" level=info msg="Tool required for debug" tool="arduino:avrdude@6.3.0-arduino17"
time="2025-09-01T18:51:25-07:00" level=info msg="Tool required for debug" tool="arduino:bossac@1.9.1-arduino5"
time="2025-09-01T18:51:25-07:00" level=info msg="Tool required for debug" tool="builtin:ctags@5.8-arduino11"
time="2025-09-01T18:51:25-07:00" level=info msg="Tool required for debug" tool="arduino:arduinoOTA@1.3.0"
time="2025-09-01T18:51:25-07:00" level=info msg="Tool required for debug" tool="builtin:dfu-discovery@0.1.2"
2025-09-01 18:51:25 2025-09-02T01:51:25.626Z daemon INFO time="2025-09-01T18:51:25-07:00" level=info msg="Tool required for debug" tool="arduino:dfu-util@0.11.0-arduino5"
time="2025-09-01T18:51:25-07:00" level=info msg="Tool required for debug" tool="esp32:esp-rv32@2411"
time="2025-09-01T18:51:25-07:00" level=info msg="Tool required for debug" tool="esp32:esp-x32@2411"
time="2025-09-01T18:51:25-07:00" level=info msg="Tool required for debug" tool="esp32:esp32-arduino-libs@idf-release_v5.5-b66b5448-v1"
time="2025-09-01T18:51:25-07:00" level=info msg="Tool required for debug" tool="esp32:esptool_py@5.0.0"
time="2025-09-01T18:51:25-07:00" level=info msg="Tool required for debug" tool="esp32:mklittlefs@3.0.0-gnu12-dc7f933"
time="2025-09-01T18:51:25-07:00" level=info msg="Tool required for debug" tool="esp32:mkspiffs@0.2.3"
time="2025-09-01T18:51:25-07:00" level=info msg="Tool required for debug" tool="esp32:openocd-esp32@v0.12.0-esp32-20250422"
time="2025-09-01T18:51:25-07:00" level=info msg="Tool required for debug" tool="esp32:riscv32-esp-elf-gdb@16.2_20250324"
time="2025-09-01T18:51:25-07:00" level=info msg="Tool required for debug" tool="esp32:xtensa-esp-elf-gdb@16.2_20250324"
2025-09-01 18:51:25 2025-09-02T01:51:25.626Z daemon INFO time="2025-09-01T18:51:25-07:00" level=info msg="Tool required for debug" tool="arduino:openocd@0.11.0-arduino2"
time="2025-09-01T18:51:25-07:00" level=info msg="Tool required for debug" tool="arduino:avr-gcc@7.3.0-atmel3.6.1-arduino7"
time="2025-09-01T18:51:25-07:00" level=info msg="Tool required for debug" tool="arduino:avrdude@6.3.0-arduino17"
time="2025-09-01T18:51:25-07:00" level=info msg="Tool required for debug" tool="arduino:arm-none-eabi-gcc@7-2017q4"
time="2025-09-01T18:51:25-07:00" level=info msg="Tool required for debug" tool="builtin:serial-discovery@1.4.1"
time="2025-09-01T18:51:25-07:00" level=info msg="Tool required for debug" tool="builtin:mdns-discovery@1.0.9"
time="2025-09-01T18:51:25-07:00" level=info msg="Tool required for debug" tool="arduino:arduinoOTA@1.3.0"
time="2025-09-01T18:51:25-07:00" level=info msg="Tool required for debug" tool="builtin:dfu-discovery@0.1.2"
time="2025-09-01T18:51:25-07:00" level=info msg="Tool required for debug" tool="arduino:bossac@1.9.1-arduino5"
time="2025-09-01T18:51:25-07:00" level=info msg="Tool required for debug" tool="builtin:serial-monitor@0.15.0"
time="2025-09-01T18:51:25-07:00" level=info msg="Tool required for debug" tool="builtin:ctags@5.8-arduino11"
2025-09-01 18:51:25 2025-09-02T01:51:25.630Z daemon INFO time="2025-09-01T18:51:25-07:00" level=info msg="Tool required for debug" tool="arduino:dfu-util@0.11.0-arduino5"
time="2025-09-01T18:51:25-07:00" level=info msg="Tool required for debug" tool="esp32:esp-rv32@2411"
time="2025-09-01T18:51:25-07:00" level=info msg="Tool required for debug" tool="esp32:esp-x32@2411"
time="2025-09-01T18:51:25-07:00" level=info msg="Tool required for debug" tool="esp32:esp32-arduino-libs@idf-release_v5.5-b66b5448-v1"
time="2025-09-01T18:51:25-07:00" level=info msg="Tool required for debug" tool="esp32:esptool_py@5.0.0"
time="2025-09-01T18:51:25-07:00" level=info msg="Tool required for debug" tool="esp32:mklittlefs@3.0.0-gnu12-dc7f933"
time="2025-09-01T18:51:25-07:00" level=info msg="Tool required for debug" tool="esp32:mkspiffs@0.2.3"
time="2025-09-01T18:51:25-07:00" level=info msg="Tool required for debug" tool="esp32:openocd-esp32@v0.12.0-esp32-20250422"
time="2025-09-01T18:51:25-07:00" level=info msg="Tool required for debug" tool="esp32:riscv32-esp-elf-gdb@16.2_20250324"
time="2025-09-01T18:51:25-07:00" level=info msg="Tool required for debug" tool="esp32:xtensa-esp-elf-gdb@16.2_20250324"
time="2025-09-01T18:51:25-07:00" level=info msg="Tool required for debug" tool="builtin:serial-discovery@1.4.1"
2025-09-01 18:51:25 2025-09-02T01:51:25.630Z daemon INFO time="2025-09-01T18:51:25-07:00" level=info msg="Tool required for debug" tool="builtin:mdns-discovery@1.0.9"
time="2025-09-01T18:51:25-07:00" level=info msg="Tool required for debug" tool="arduino:bossac@1.9.1-arduino5"
time="2025-09-01T18:51:25-07:00" level=info msg="Tool required for debug" tool="builtin:dfu-discovery@0.1.2"
time="2025-09-01T18:51:25-07:00" level=info msg="Tool required for debug" tool="arduino:avrdude@6.3.0-arduino17"
time="2025-09-01T18:51:25-07:00" level=info msg="Tool required for debug" tool="arduino:openocd@0.11.0-arduino2"
time="2025-09-01T18:51:25-07:00" level=info msg="Tool required for debug" tool="builtin:ctags@5.8-arduino11"
time="2025-09-01T18:51:25-07:00" level=info msg="Tool required for debug" tool="arduino:arduinoOTA@1.3.0"
time="2025-09-01T18:51:25-07:00" level=info msg="Tool required for debug" tool="arduino:arm-none-eabi-gcc@7-2017q4"
time="2025-09-01T18:51:25-07:00" level=info msg="Tool required for debug" tool="builtin:serial-monitor@0.15.0"
time="2025-09-01T18:51:25-07:00" level=info msg="Tool required for debug" tool="arduino:avr-gcc@7.3.0-atmel3.6.1-arduino7"
2025-09-01 18:51:25 2025-09-02T01:51:25.633Z daemon INFO time="2025-09-01T18:51:25-07:00" level=info msg="Tool required for debug" tool="arduino:dfu-util@0.11.0-arduino5"
time="2025-09-01T18:51:25-07:00" level=info msg="Tool required for debug" tool="esp32:esp-rv32@2411"
time="2025-09-01T18:51:25-07:00" level=info msg="Tool required for debug" tool="esp32:esp-x32@2411"
time="2025-09-01T18:51:25-07:00" level=info msg="Tool required for debug" tool="esp32:esp32-arduino-libs@idf-release_v5.5-b66b5448-v1"
time="2025-09-01T18:51:25-07:00" level=info msg="Tool required for debug" tool="esp32:esptool_py@5.0.0"
time="2025-09-01T18:51:25-07:00" level=info msg="Tool required for debug" tool="esp32:mklittlefs@3.0.0-gnu12-dc7f933"
2025-09-01 18:51:25 2025-09-02T01:51:25.633Z daemon INFO time="2025-09-01T18:51:25-07:00" level=info msg="Tool required for debug" tool="esp32:mkspiffs@0.2.3"
time="2025-09-01T18:51:25-07:00" level=info msg="Tool required for debug" tool="esp32:openocd-esp32@v0.12.0-esp32-20250422"
time="2025-09-01T18:51:25-07:00" level=info msg="Tool required for debug" tool="esp32:riscv32-esp-elf-gdb@16.2_20250324"
time="2025-09-01T18:51:25-07:00" level=info msg="Tool required for debug" tool="esp32:xtensa-esp-elf-gdb@16.2_20250324"
time="2025-09-01T18:51:25-07:00" level=info msg="Tool required for debug" tool="builtin:mdns-discovery@1.0.9"
time="2025-09-01T18:51:25-07:00" level=info msg="Tool required for debug" tool="arduino:arm-none-eabi-gcc@7-2017q4"
time="2025-09-01T18:51:25-07:00" level=info msg="Tool required for debug" tool="builtin:serial-discovery@1.4.1"
time="2025-09-01T18:51:25-07:00" level=info msg="Tool required for debug" tool="arduino:avrdude@6.3.0-arduino17"
time="2025-09-01T18:51:25-07:00" level=info msg="Tool required for debug" tool="arduino:openocd@0.11.0-arduino2"
time="2025-09-01T18:51:25-07:00" level=info msg="Tool required for debug" tool="arduino:bossac@1.9.1-arduino5"
time="2025-09-01T18:51:25-07:00" level=info msg="Tool required for debug" tool="builtin:dfu-discovery@0.1.2"
time="2025-09-01T18:51:25-07:00" level=info msg="Tool required for debug" tool="builtin:serial-monitor@0.15.0"
time="2025-09-01T18:51:25-07:00" level=info msg="Tool required for debug" tool="arduino:avr-gcc@7.3.0-atmel3.6.1-arduino7"
time="2025-09-01T18:51:25-07:00" level=info msg="Tool required for debug" tool="builtin:ctags@5.8-arduino11"
2025-09-01 18:51:25 2025-09-02T01:51:25.634Z daemon INFO time="2025-09-01T18:51:25-07:00" level=info msg="Tool required for debug" tool="arduino:arduinoOTA@1.3.0"
2025-09-01 18:51:25 2025-09-02T01:51:25.637Z daemon INFO time="2025-09-01T18:51:25-07:00" level=info msg="Tool required for debug" tool="arduino:dfu-util@0.11.0-arduino5"
time="2025-09-01T18:51:25-07:00" level=info msg="Tool required for debug" tool="esp32:esp-rv32@2411"
time="2025-09-01T18:51:25-07:00" level=info msg="Tool required for debug" tool="esp32:esp-x32@2411"
time="2025-09-01T18:51:25-07:00" level=info msg="Tool required for debug" tool="esp32:esp32-arduino-libs@idf-release_v5.5-b66b5448-v1"
time="2025-09-01T18:51:25-07:00" level=info msg="Tool required for debug" tool="esp32:esptool_py@5.0.0"
time="2025-09-01T18:51:25-07:00" level=info msg="Tool required for debug" tool="esp32:mklittlefs@3.0.0-gnu12-dc7f933"
time="2025-09-01T18:51:25-07:00" level=info msg="Tool required for debug" tool="esp32:mkspiffs@0.2.3"
time="2025-09-01T18:51:25-07:00" level=info msg="Tool required for debug" tool="esp32:openocd-esp32@v0.12.0-esp32-20250422"
2025-09-01 18:51:25 2025-09-02T01:51:25.637Z daemon INFO time="2025-09-01T18:51:25-07:00" level=info msg="Tool required for debug" tool="esp32:riscv32-esp-elf-gdb@16.2_20250324"
time="2025-09-01T18:51:25-07:00" level=info msg="Tool required for debug" tool="esp32:xtensa-esp-elf-gdb@16.2_20250324"
time="2025-09-01T18:51:25-07:00" level=info msg="Tool required for debug" tool="arduino:arm-none-eabi-gcc@7-2017q4"
time="2025-09-01T18:51:25-07:00" level=info msg="Tool required for debug" tool="builtin:mdns-discovery@1.0.9"
time="2025-09-01T18:51:25-07:00" level=info msg="Tool required for debug" tool="arduino:bossac@1.9.1-arduino5"
time="2025-09-01T18:51:25-07:00" level=info msg="Tool required for debug" tool="builtin:ctags@5.8-arduino11"
time="2025-09-01T18:51:25-07:00" level=info msg="Tool required for debug" tool="builtin:serial-monitor@0.15.0"
time="2025-09-01T18:51:25-07:00" level=info msg="Tool required for debug" tool="arduino:avr-gcc@7.3.0-atmel3.6.1-arduino7"
time="2025-09-01T18:51:25-07:00" level=info msg="Tool required for debug" tool="arduino:avrdude@6.3.0-arduino17"
time="2025-09-01T18:51:25-07:00" level=info msg="Tool required for debug" tool="builtin:dfu-discovery@0.1.2"
time="2025-09-01T18:51:25-07:00" level=info msg="Tool required for debug" tool="builtin:serial-discovery@1.4.1"
time="2025-09-01T18:51:25-07:00" level=info msg="Tool required for debug" tool="arduino:openocd@0.11.0-arduino2"
time="2025-09-01T18:51:25-07:00" level=info msg="Tool required for debug" tool="arduino:arduinoOTA@1.3.0"
2025-09-01 18:51:25 2025-09-02T01:51:25.640Z daemon INFO time="2025-09-01T18:51:25-07:00" level=info msg="Tool required for debug" tool="arduino:dfu-util@0.11.0-arduino5"
time="2025-09-01T18:51:25-07:00" level=info msg="Tool required for debug" tool="esp32:esp-rv32@2411"
time="2025-09-01T18:51:25-07:00" level=info msg="Tool required for debug" tool="esp32:esp-x32@2411"
time="2025-09-01T18:51:25-07:00" level=info msg="Tool required for debug" tool="esp32:esp32-arduino-libs@idf-release_v5.5-b66b5448-v1"
time="2025-09-01T18:51:25-07:00" level=info msg="Tool required for debug" tool="esp32:esptool_py@5.0.0"
time="2025-09-01T18:51:25-07:00" level=info msg="Tool required for debug" tool="esp32:mklittlefs@3.0.0-gnu12-dc7f933"
time="2025-09-01T18:51:25-07:00" level=info msg="Tool required for debug" tool="esp32:mkspiffs@0.2.3"
2025-09-01 18:51:25 2025-09-02T01:51:25.640Z daemon INFO time="2025-09-01T18:51:25-07:00" level=info msg="Tool required for debug" tool="esp32:openocd-esp32@v0.12.0-esp32-20250422"
time="2025-09-01T18:51:25-07:00" level=info msg="Tool required for debug" tool="esp32:riscv32-esp-elf-gdb@16.2_20250324"
time="2025-09-01T18:51:25-07:00" level=info msg="Tool required for debug" tool="esp32:xtensa-esp-elf-gdb@16.2_20250324"
time="2025-09-01T18:51:25-07:00" level=info msg="Tool required for debug" tool="arduino:openocd@0.11.0-arduino2"
time="2025-09-01T18:51:25-07:00" level=info msg="Tool required for debug" tool="builtin:dfu-discovery@0.1.2"
time="2025-09-01T18:51:25-07:00" level=info msg="Tool required for debug" tool="builtin:mdns-discovery@1.0.9"
time="2025-09-01T18:51:25-07:00" level=info msg="Tool required for debug" tool="arduino:avrdude@6.3.0-arduino17"
time="2025-09-01T18:51:25-07:00" level=info msg="Tool required for debug" tool="arduino:bossac@1.9.1-arduino5"
time="2025-09-01T18:51:25-07:00" level=info msg="Tool required for debug" tool="builtin:serial-discovery@1.4.1"
time="2025-09-01T18:51:25-07:00" level=info msg="Tool required for debug" tool="arduino:arm-none-eabi-gcc@7-2017q4"
2025-09-01 18:51:25 2025-09-02T01:51:25.640Z daemon INFO time="2025-09-01T18:51:25-07:00" level=info msg="Tool required for debug" tool="arduino:avr-gcc@7.3.0-atmel3.6.1-arduino7"
time="2025-09-01T18:51:25-07:00" level=info msg="Tool required for debug" tool="builtin:ctags@5.8-arduino11"
time="2025-09-01T18:51:25-07:00" level=info msg="Tool required for debug" tool="builtin:serial-monitor@0.15.0"
time="2025-09-01T18:51:25-07:00" level=info msg="Tool required for debug" tool="arduino:arduinoOTA@1.3.0"
2025-09-01 18:51:25 2025-09-02T01:51:25.643Z daemon INFO time="2025-09-01T18:51:25-07:00" level=info msg="Tool required for debug" tool="arduino:dfu-util@0.11.0-arduino5"
time="2025-09-01T18:51:25-07:00" level=info msg="Tool required for debug" tool="esp32:esp-rv32@2411"
time="2025-09-01T18:51:25-07:00" level=info msg="Tool required for debug" tool="esp32:esp-x32@2411"
time="2025-09-01T18:51:25-07:00" level=info msg="Tool required for debug" tool="esp32:esp32-arduino-libs@idf-release_v5.5-b66b5448-v1"
time="2025-09-01T18:51:25-07:00" level=info msg="Tool required for debug" tool="esp32:esptool_py@5.0.0"
time="2025-09-01T18:51:25-07:00" level=info msg="Tool required for debug" tool="esp32:mklittlefs@3.0.0-gnu12-dc7f933"
time="2025-09-01T18:51:25-07:00" level=info msg="Tool required for debug" tool="esp32:mkspiffs@0.2.3"
time="2025-09-01T18:51:25-07:00" level=info msg="Tool required for debug" tool="esp32:openocd-esp32@v0.12.0-esp32-20250422"
time="2025-09-01T18:51:25-07:00" level=info msg="Tool required for debug" tool="esp32:riscv32-esp-elf-gdb@16.2_20250324"
time="2025-09-01T18:51:25-07:00" level=info msg="Tool required for debug" tool="esp32:xtensa-esp-elf-gdb@16.2_20250324"
2025-09-01 18:51:25 2025-09-02T01:51:25.643Z daemon INFO time="2025-09-01T18:51:25-07:00" level=info msg="Tool required for debug" tool="builtin:serial-monitor@0.15.0"
time="2025-09-01T18:51:25-07:00" level=info msg="Tool required for debug" tool="arduino:avrdude@6.3.0-arduino17"
time="2025-09-01T18:51:25-07:00" level=info msg="Tool required for debug" tool="builtin:serial-discovery@1.4.1"
time="2025-09-01T18:51:25-07:00" level=info msg="Tool required for debug" tool="arduino:arduinoOTA@1.3.0"
time="2025-09-01T18:51:25-07:00" level=info msg="Tool required for debug" tool="arduino:openocd@0.11.0-arduino2"
time="2025-09-01T18:51:25-07:00" level=info msg="Tool required for debug" tool="builtin:dfu-discovery@0.1.2"
time="2025-09-01T18:51:25-07:00" level=info msg="Tool required for debug" tool="arduino:arm-none-eabi-gcc@7-2017q4"
time="2025-09-01T18:51:25-07:00" level=info msg="Tool required for debug" tool="arduino:bossac@1.9.1-arduino5"
time="2025-09-01T18:51:25-07:00" level=info msg="Tool required for debug" tool="builtin:mdns-discovery@1.0.9"
time="2025-09-01T18:51:25-07:00" level=info msg="Tool required for debug" tool="builtin:ctags@5.8-arduino11"
time="2025-09-01T18:51:25-07:00" level=info msg="Tool required for debug" tool="arduino:avr-gcc@7.3.0-atmel3.6.1-arduino7"
2025-09-01 18:51:25 2025-09-02T01:51:25.647Z daemon INFO time="2025-09-01T18:51:25-07:00" level=info msg="Tool required for debug" tool="arduino:dfu-util@0.11.0-arduino5"
time="2025-09-01T18:51:25-07:00" level=info msg="Tool required for debug" tool="esp32:esp-rv32@2411"
time="2025-09-01T18:51:25-07:00" level=info msg="Tool required for debug" tool="esp32:esp-x32@2411"
time="2025-09-01T18:51:25-07:00" level=info msg="Tool required for debug" tool="esp32:esp32-arduino-libs@idf-release_v5.5-b66b5448-v1"
time="2025-09-01T18:51:25-07:00" level=info msg="Tool required for debug" tool="esp32:esptool_py@5.0.0"
time="2025-09-01T18:51:25-07:00" level=info msg="Tool required for debug" tool="esp32:mklittlefs@3.0.0-gnu12-dc7f933"
time="2025-09-01T18:51:25-07:00" level=info msg="Tool required for debug" tool="esp32:mkspiffs@0.2.3"
time="2025-09-01T18:51:25-07:00" level=info msg="Tool required for debug" tool="esp32:openocd-esp32@v0.12.0-esp32-20250422"
time="2025-09-01T18:51:25-07:00" level=info msg="Tool required for debug" tool="esp32:riscv32-esp-elf-gdb@16.2_20250324"
time="2025-09-01T18:51:25-07:00" level=info msg="Tool required for debug" tool="esp32:xtensa-esp-elf-gdb@16.2_20250324"
2025-09-01 18:51:25 2025-09-02T01:51:25.647Z daemon INFO time="2025-09-01T18:51:25-07:00" level=info msg="Tool required for debug" tool="arduino:arm-none-eabi-gcc@7-2017q4"
time="2025-09-01T18:51:25-07:00" level=info msg="Tool required for debug" tool="builtin:ctags@5.8-arduino11"
time="2025-09-01T18:51:25-07:00" level=info msg="Tool required for debug" tool="builtin:dfu-discovery@0.1.2"
time="2025-09-01T18:51:25-07:00" level=info msg="Tool required for debug" tool="arduino:avr-gcc@7.3.0-atmel3.6.1-arduino7"
time="2025-09-01T18:51:25-07:00" level=info msg="Tool required for debug" tool="builtin:serial-discovery@1.4.1"
time="2025-09-01T18:51:25-07:00" level=info msg="Tool required for debug" tool="builtin:serial-monitor@0.15.0"
time="2025-09-01T18:51:25-07:00" level=info msg="Tool required for debug" tool="arduino:avrdude@6.3.0-arduino17"
time="2025-09-01T18:51:25-07:00" level=info msg="Tool required for debug" tool="builtin:mdns-discovery@1.0.9"
time="2025-09-01T18:51:25-07:00" level=info msg="Tool required for debug" tool="arduino:bossac@1.9.1-arduino5"
time="2025-09-01T18:51:25-07:00" level=info msg="Tool required for debug" tool="arduino:openocd@0.11.0-arduino2"
time="2025-09-01T18:51:25-07:00" level=info msg="Tool required for debug" tool="arduino:arduinoOTA@1.3.0"
2025-09-01 18:51:25 2025-09-02T01:51:25.650Z daemon INFO time="2025-09-01T18:51:25-07:00" level=info msg="Tool required for debug" tool="arduino:dfu-util@0.11.0-arduino5"
time="2025-09-01T18:51:25-07:00" level=info msg="Tool required for debug" tool="esp32:esp-rv32@2411"
time="2025-09-01T18:51:25-07:00" level=info msg="Tool required for debug" tool="esp32:esp-x32@2411"
time="2025-09-01T18:51:25-07:00" level=info msg="Tool required for debug" tool="esp32:esp32-arduino-libs@idf-release_v5.5-b66b5448-v1"
time="2025-09-01T18:51:25-07:00" level=info msg="Tool required for debug" tool="esp32:esptool_py@5.0.0"
time="2025-09-01T18:51:25-07:00" level=info msg="Tool required for debug" tool="esp32:mklittlefs@3.0.0-gnu12-dc7f933"
2025-09-01 18:51:25 2025-09-02T01:51:25.650Z daemon INFO time="2025-09-01T18:51:25-07:00" level=info msg="Tool required for debug" tool="esp32:mkspiffs@0.2.3"
time="2025-09-01T18:51:25-07:00" level=info msg="Tool required for debug" tool="esp32:openocd-esp32@v0.12.0-esp32-20250422"
time="2025-09-01T18:51:25-07:00" level=info msg="Tool required for debug" tool="esp32:riscv32-esp-elf-gdb@16.2_20250324"
time="2025-09-01T18:51:25-07:00" level=info msg="Tool required for debug" tool="esp32:xtensa-esp-elf-gdb@16.2_20250324"
time="2025-09-01T18:51:25-07:00" level=info msg="Tool required for debug" tool="builtin:mdns-discovery@1.0.9"
time="2025-09-01T18:51:25-07:00" level=info msg="Tool required for debug" tool="arduino:arduinoOTA@1.3.0"
time="2025-09-01T18:51:25-07:00" level=info msg="Tool required for debug" tool="arduino:openocd@0.11.0-arduino2"
time="2025-09-01T18:51:25-07:00" level=info msg="Tool required for debug" tool="arduino:avrdude@6.3.0-arduino17"
time="2025-09-01T18:51:25-07:00" level=info msg="Tool required for debug" tool="builtin:dfu-discovery@0.1.2"
time="2025-09-01T18:51:25-07:00" level=info msg="Tool required for debug" tool="builtin:serial-monitor@0.15.0"
time="2025-09-01T18:51:25-07:00" level=info msg="Tool required for debug" tool="arduino:avr-gcc@7.3.0-atmel3.6.1-arduino7"
time="2025-09-01T18:51:25-07:00" level=info msg="Tool required for debug" tool="arduino:bossac@1.9.1-arduino5"
time="2025-09-01T18:51:25-07:00" level=info msg="Tool required for debug" tool="builtin:ctags@5.8-arduino11"
time="2025-09-01T18:51:25-07:00" level=info msg="Tool required for debug" tool="builtin:serial-discovery@1.4.1"
2025-09-01 18:51:25 2025-09-02T01:51:25.651Z daemon INFO time="2025-09-01T18:51:25-07:00" level=info msg="Tool required for debug" tool="arduino:arm-none-eabi-gcc@7-2017q4"
2025-09-01 18:51:25 2025-09-02T01:51:25.653Z daemon INFO time="2025-09-01T18:51:25-07:00" level=info msg="Tool required for debug" tool="arduino:dfu-util@0.11.0-arduino5"
time="2025-09-01T18:51:25-07:00" level=info msg="Tool required for debug" tool="esp32:esp-rv32@2411"
time="2025-09-01T18:51:25-07:00" level=info msg="Tool required for debug" tool="esp32:esp-x32@2411"
time="2025-09-01T18:51:25-07:00" level=info msg="Tool required for debug" tool="esp32:esp32-arduino-libs@idf-release_v5.5-b66b5448-v1"
time="2025-09-01T18:51:25-07:00" level=info msg="Tool required for debug" tool="esp32:esptool_py@5.0.0"
time="2025-09-01T18:51:25-07:00" level=info msg="Tool required for debug" tool="esp32:mklittlefs@3.0.0-gnu12-dc7f933"
time="2025-09-01T18:51:25-07:00" level=info msg="Tool required for debug" tool="esp32:mkspiffs@0.2.3"
time="2025-09-01T18:51:25-07:00" level=info msg="Tool required for debug" tool="esp32:openocd-esp32@v0.12.0-esp32-20250422"
time="2025-09-01T18:51:25-07:00" level=info msg="Tool required for debug" tool="esp32:riscv32-esp-elf-gdb@16.2_20250324"
time="2025-09-01T18:51:25-07:00" level=info msg="Tool required for debug" tool="esp32:xtensa-esp-elf-gdb@16.2_20250324"
2025-09-01 18:51:25 2025-09-02T01:51:25.654Z daemon INFO time="2025-09-01T18:51:25-07:00" level=info msg="Tool required for debug" tool="arduino:openocd@0.11.0-arduino2"
time="2025-09-01T18:51:25-07:00" level=info msg="Tool required for debug" tool="arduino:avr-gcc@7.3.0-atmel3.6.1-arduino7"
time="2025-09-01T18:51:25-07:00" level=info msg="Tool required for debug" tool="builtin:serial-monitor@0.15.0"
time="2025-09-01T18:51:25-07:00" level=info msg="Tool required for debug" tool="builtin:ctags@5.8-arduino11"
time="2025-09-01T18:51:25-07:00" level=info msg="Tool required for debug" tool="builtin:dfu-discovery@0.1.2"
time="2025-09-01T18:51:25-07:00" level=info msg="Tool required for debug" tool="arduino:arm-none-eabi-gcc@7-2017q4"
time="2025-09-01T18:51:25-07:00" level=info msg="Tool required for debug" tool="builtin:mdns-discovery@1.0.9"
time="2025-09-01T18:51:25-07:00" level=info msg="Tool required for debug" tool="arduino:arduinoOTA@1.3.0"
time="2025-09-01T18:51:25-07:00" level=info msg="Tool required for debug" tool="arduino:bossac@1.9.1-arduino5"
time="2025-09-01T18:51:25-07:00" level=info msg="Tool required for debug" tool="arduino:avrdude@6.3.0-arduino17"
time="2025-09-01T18:51:25-07:00" level=info msg="Tool required for debug" tool="builtin:serial-discovery@1.4.1"
2025-09-01 18:51:25 2025-09-02T01:51:25.657Z daemon INFO time="2025-09-01T18:51:25-07:00" level=info msg="Tool required for debug" tool="arduino:dfu-util@0.11.0-arduino5"
time="2025-09-01T18:51:25-07:00" level=info msg="Tool required for debug" tool="esp32:esp-rv32@2411"
time="2025-09-01T18:51:25-07:00" level=info msg="Tool required for debug" tool="esp32:esp-x32@2411"
time="2025-09-01T18:51:25-07:00" level=info msg="Tool required for debug" tool="esp32:esp32-arduino-libs@idf-release_v5.5-b66b5448-v1"
time="2025-09-01T18:51:25-07:00" level=info msg="Tool required for debug" tool="esp32:esptool_py@5.0.0"
time="2025-09-01T18:51:25-07:00" level=info msg="Tool required for debug" tool="esp32:mklittlefs@3.0.0-gnu12-dc7f933"
time="2025-09-01T18:51:25-07:00" level=info msg="Tool required for debug" tool="esp32:mkspiffs@0.2.3"
time="2025-09-01T18:51:25-07:00" level=info msg="Tool required for debug" tool="esp32:openocd-esp32@v0.12.0-esp32-20250422"
time="2025-09-01T18:51:25-07:00" level=info msg="Tool required for debug" tool="esp32:riscv32-esp-elf-gdb@16.2_20250324"
time="2025-09-01T18:51:25-07:00" level=info msg="Tool required for debug" tool="esp32:xtensa-esp-elf-gdb@16.2_20250324"
time="2025-09-01T18:51:25-07:00" level=info msg="Tool required for debug" tool="builtin:ctags@5.8-arduino11"
2025-09-01 18:51:25 2025-09-02T01:51:25.657Z daemon INFO time="2025-09-01T18:51:25-07:00" level=info msg="Tool required for debug" tool="builtin:serial-discovery@1.4.1"
time="2025-09-01T18:51:25-07:00" level=info msg="Tool required for debug" tool="arduino:arm-none-eabi-gcc@7-2017q4"
time="2025-09-01T18:51:25-07:00" level=info msg="Tool required for debug" tool="arduino:openocd@0.11.0-arduino2"
time="2025-09-01T18:51:25-07:00" level=info msg="Tool required for debug" tool="builtin:serial-monitor@0.15.0"
time="2025-09-01T18:51:25-07:00" level=info msg="Tool required for debug" tool="builtin:mdns-discovery@1.0.9"
time="2025-09-01T18:51:25-07:00" level=info msg="Tool required for debug" tool="arduino:avrdude@6.3.0-arduino17"
time="2025-09-01T18:51:25-07:00" level=info msg="Tool required for debug" tool="arduino:arduinoOTA@1.3.0"
time="2025-09-01T18:51:25-07:00" level=info msg="Tool required for debug" tool="builtin:dfu-discovery@0.1.2"
time="2025-09-01T18:51:25-07:00" level=info msg="Tool required for debug" tool="arduino:bossac@1.9.1-arduino5"
time="2025-09-01T18:51:25-07:00" level=info msg="Tool required for debug" tool="arduino:avr-gcc@7.3.0-atmel3.6.1-arduino7"
2025-09-01 18:51:25 2025-09-02T01:51:25.660Z daemon INFO time="2025-09-01T18:51:25-07:00" level=info msg="Tool required for debug" tool="arduino:dfu-util@0.11.0-arduino5"
time="2025-09-01T18:51:25-07:00" level=info msg="Tool required for debug" tool="esp32:esp-rv32@2411"
time="2025-09-01T18:51:25-07:00" level=info msg="Tool required for debug" tool="esp32:esp-x32@2411"
time="2025-09-01T18:51:25-07:00" level=info msg="Tool required for debug" tool="esp32:esp32-arduino-libs@idf-release_v5.5-b66b5448-v1"
time="2025-09-01T18:51:25-07:00" level=info msg="Tool required for debug" tool="esp32:esptool_py@5.0.0"
time="2025-09-01T18:51:25-07:00" level=info msg="Tool required for debug" tool="esp32:mklittlefs@3.0.0-gnu12-dc7f933"
time="2025-09-01T18:51:25-07:00" level=info msg="Tool required for debug" tool="esp32:mkspiffs@0.2.3"
time="2025-09-01T18:51:25-07:00" level=info msg="Tool required for debug" tool="esp32:openocd-esp32@v0.12.0-esp32-20250422"
time="2025-09-01T18:51:25-07:00" level=info msg="Tool required for debug" tool="esp32:riscv32-esp-elf-gdb@16.2_20250324"
time="2025-09-01T18:51:25-07:00" level=info msg="Tool required for debug" tool="esp32:xtensa-esp-elf-gdb@16.2_20250324"
2025-09-01 18:51:25 2025-09-02T01:51:25.660Z daemon INFO time="2025-09-01T18:51:25-07:00" level=info msg="Tool required for debug" tool="builtin:mdns-discovery@1.0.9"
time="2025-09-01T18:51:25-07:00" level=info msg="Tool required for debug" tool="arduino:arm-none-eabi-gcc@7-2017q4"
time="2025-09-01T18:51:25-07:00" level=info msg="Tool required for debug" tool="arduino:avr-gcc@7.3.0-atmel3.6.1-arduino7"
time="2025-09-01T18:51:25-07:00" level=info msg="Tool required for debug" tool="arduino:avrdude@6.3.0-arduino17"
time="2025-09-01T18:51:25-07:00" level=info msg="Tool required for debug" tool="builtin:serial-monitor@0.15.0"
time="2025-09-01T18:51:25-07:00" level=info msg="Tool required for debug" tool="arduino:bossac@1.9.1-arduino5"
time="2025-09-01T18:51:25-07:00" level=info msg="Tool required for debug" tool="arduino:arduinoOTA@1.3.0"
time="2025-09-01T18:51:25-07:00" level=info msg="Tool required for debug" tool="builtin:dfu-discovery@0.1.2"
time="2025-09-01T18:51:25-07:00" level=info msg="Tool required for debug" tool="builtin:serial-discovery@1.4.1"
time="2025-09-01T18:51:25-07:00" level=info msg="Tool required for debug" tool="arduino:openocd@0.11.0-arduino2"
time="2025-09-01T18:51:25-07:00" level=info msg="Tool required for debug" tool="builtin:ctags@5.8-arduino11"
2025-09-01 18:51:25 2025-09-02T01:51:25.738Z root ERROR [hosted-plugin: 44100] Conflict in settings file Default: Ignoring cortex-debug.armToolchainPath.linux as cortex-debug.armToolchainPath is null
2025-09-01 18:51:25 2025-09-02T01:51:25.739Z root ERROR [hosted-plugin: 44100] Conflict in settings file Default: Ignoring cortex-debug.armToolchainPath.osx as cortex-debug.armToolchainPath is null
2025-09-01 18:51:25 2025-09-02T01:51:25.739Z root ERROR [hosted-plugin: 44100] Conflict in settings file Default: Ignoring cortex-debug.armToolchainPath.windows as cortex-debug.armToolchainPath is null
2025-09-01 18:51:25 2025-09-02T01:51:25.739Z root ERROR [hosted-plugin: 44100] Conflict in settings file Default: Ignoring cortex-debug.JLinkGDBServerPath.linux as cortex-debug.JLinkGDBServerPath is null
2025-09-01 18:51:25 2025-09-02T01:51:25.739Z root ERROR [hosted-plugin: 44100] Conflict in settings file Default: Ignoring cortex-debug.JLinkGDBServerPath.osx as cortex-debug.JLinkGDBServerPath is null
2025-09-01 18:51:25 2025-09-02T01:51:25.739Z root ERROR [hosted-plugin: 44100] Conflict in settings file Default: Ignoring cortex-debug.JLinkGDBServerPath.windows as cortex-debug.JLinkGDBServerPath is null
2025-09-01 18:51:25 2025-09-02T01:51:25.739Z root ERROR [hosted-plugin: 44100] Conflict in settings file Default: Ignoring cortex-debug.openocdPath.linux as cortex-debug.openocdPath is null
2025-09-01 18:51:25 2025-09-02T01:51:25.739Z root ERROR [hosted-plugin: 44100] Conflict in settings file Default: Ignoring cortex-debug.openocdPath.osx as cortex-debug.openocdPath is null
2025-09-01 18:51:25 2025-09-02T01:51:25.739Z root ERROR [hosted-plugin: 44100] Conflict in settings file Default: Ignoring cortex-debug.openocdPath.windows as cortex-debug.openocdPath is null
2025-09-01 18:51:25 2025-09-02T01:51:25.739Z root ERROR [hosted-plugin: 44100] Conflict in settings file Default: Ignoring cortex-debug.pyocdPath.linux as cortex-debug.pyocdPath is null
2025-09-01 18:51:25 2025-09-02T01:51:25.740Z root ERROR [hosted-plugin: 44100] Conflict in settings file Default: Ignoring cortex-debug.pyocdPath.osx as cortex-debug.pyocdPath is null
Conflict in settings file Default: Ignoring cortex-debug.pyocdPath.windows as cortex-debug.pyocdPath is null
2025-09-01 18:51:25 2025-09-02T01:51:25.740Z root ERROR [hosted-plugin: 44100] Conflict in settings file Default: Ignoring cortex-debug.PEGDBServerPath.linux as cortex-debug.PEGDBServerPath is null
2025-09-01 18:51:25 2025-09-02T01:51:25.740Z root ERROR [hosted-plugin: 44100] Conflict in settings file Default: Ignoring cortex-debug.PEGDBServerPath.osx as cortex-debug.PEGDBServerPath is null
Conflict in settings file Default: Ignoring cortex-debug.PEGDBServerPath.windows as cortex-debug.PEGDBServerPath is null
2025-09-01 18:51:25 2025-09-02T01:51:25.740Z root ERROR [hosted-plugin: 44100] Conflict in settings file Default: Ignoring cortex-debug.stutilPath.linux as cortex-debug.stutilPath is null
2025-09-01 18:51:25 2025-09-02T01:51:25.740Z root ERROR [hosted-plugin: 44100] Conflict in settings file Default: Ignoring cortex-debug.stutilPath.osx as cortex-debug.stutilPath is null
Conflict in settings file Default: Ignoring cortex-debug.stutilPath.windows as cortex-debug.stutilPath is null
2025-09-01 18:51:25 2025-09-02T01:51:25.740Z root ERROR [hosted-plugin: 44100] Conflict in settings file Default: Ignoring cortex-debug.stlinkPath.linux as cortex-debug.stlinkPath is null
Conflict in settings file Default: Ignoring cortex-debug.stlinkPath.osx as cortex-debug.stlinkPath is null
2025-09-01 18:51:25 2025-09-02T01:51:25.740Z root ERROR [hosted-plugin: 44100] Conflict in settings file Default: Ignoring cortex-debug.stlinkPath.windows as cortex-debug.stlinkPath is null
Conflict in settings file Default: Ignoring cortex-debug.stm32cubeprogrammer.linux as cortex-debug.stm32cubeprogrammer is null
2025-09-01 18:51:25 2025-09-02T01:51:25.740Z root ERROR [hosted-plugin: 44100] Conflict in settings file Default: Ignoring cortex-debug.stm32cubeprogrammer.osx as cortex-debug.stm32cubeprogrammer is null
2025-09-01 18:51:25 2025-09-02T01:51:25.740Z root ERROR [hosted-plugin: 44100] Conflict in settings file Default: Ignoring cortex-debug.stm32cubeprogrammer.windows as cortex-debug.stm32cubeprogrammer is null
2025-09-01 18:51:25 2025-09-02T01:51:25.790Z root INFO [hosted-plugin: 44100] PLUGIN_HOST(44100): PluginManagerExtImpl/init()
2025-09-01 18:51:25 2025-09-02T01:51:25.796Z root INFO [hosted-plugin: 44100] PLUGIN_HOST(44100): initializing(vscode-arduino-api@0.1.2 with /nix/store/2d5i1bzbqbnl4rgnhk8czrw5zmqqjdzv-arduino-ide-2.3.6-extracted/resources/app/lib/backend/plugin-vscode-init)
2025-09-01 18:51:25 2025-09-02T01:51:25.895Z root INFO [hosted-plugin: 44100] PLUGIN_HOST(44100): initializing(json-language-features@1.88.1 with /nix/store/2d5i1bzbqbnl4rgnhk8czrw5zmqqjdzv-arduino-ide-2.3.6-extracted/resources/app/lib/backend/plugin-vscode-init)
2025-09-01 18:51:25 2025-09-02T01:51:25.900Z root INFO [hosted-plugin: 44100] PLUGIN_HOST(44100): initializing(cortex-debug@1.5.1 with /nix/store/2d5i1bzbqbnl4rgnhk8czrw5zmqqjdzv-arduino-ide-2.3.6-extracted/resources/app/lib/backend/plugin-vscode-init)
2025-09-01 18:51:25 2025-09-02T01:51:25.900Z root INFO [hosted-plugin: 44100] Debugger contribution has been registered: cortex-debug
2025-09-01 18:51:25 2025-09-02T01:51:25.902Z root INFO [hosted-plugin: 44100] PLUGIN_HOST(44100): initializing(vscode-arduino-tools@0.1.3 with /nix/store/2d5i1bzbqbnl4rgnhk8czrw5zmqqjdzv-arduino-ide-2.3.6-extracted/resources/app/lib/backend/plugin-vscode-init)
2025-09-01 18:51:25 2025-09-02T01:51:25.904Z root INFO [hosted-plugin: 44100] PLUGIN_HOST(44100): initializing(cpp@1.88.1 with /nix/store/2d5i1bzbqbnl4rgnhk8czrw5zmqqjdzv-arduino-ide-2.3.6-extracted/resources/app/lib/backend/plugin-vscode-init)
2025-09-01 18:51:25 2025-09-02T01:51:25.905Z root INFO [hosted-plugin: 44100] PLUGIN_HOST(44100): initializing(json@1.88.1 with /nix/store/2d5i1bzbqbnl4rgnhk8czrw5zmqqjdzv-arduino-ide-2.3.6-extracted/resources/app/lib/backend/plugin-vscode-init)
2025-09-01 18:51:25 2025-09-02T01:51:25.907Z root INFO [hosted-plugin: 44100] PLUGIN_HOST(44100): initializing(vscode-language-pack-bg@1.48.3 with /nix/store/2d5i1bzbqbnl4rgnhk8czrw5zmqqjdzv-arduino-ide-2.3.6-extracted/resources/app/lib/backend/plugin-vscode-init)
2025-09-01 18:51:25 2025-09-02T01:51:25.909Z root INFO [hosted-plugin: 44100] PLUGIN_HOST(44100): initializing(vscode-language-pack-cs@1.96.0 with /nix/store/2d5i1bzbqbnl4rgnhk8czrw5zmqqjdzv-arduino-ide-2.3.6-extracted/resources/app/lib/backend/plugin-vscode-init)
2025-09-01 18:51:25 2025-09-02T01:51:25.914Z root INFO [hosted-plugin: 44100] PLUGIN_HOST(44100): initializing(vscode-language-pack-de@1.96.0 with /nix/store/2d5i1bzbqbnl4rgnhk8czrw5zmqqjdzv-arduino-ide-2.3.6-extracted/resources/app/lib/backend/plugin-vscode-init)
2025-09-01 18:51:25 2025-09-02T01:51:25.915Z root INFO [hosted-plugin: 44100] PLUGIN_HOST(44100): initializing(vscode-language-pack-es@1.96.0 with /nix/store/2d5i1bzbqbnl4rgnhk8czrw5zmqqjdzv-arduino-ide-2.3.6-extracted/resources/app/lib/backend/plugin-vscode-init)
2025-09-01 18:51:25 2025-09-02T01:51:25.916Z root INFO [hosted-plugin: 44100] PLUGIN_HOST(44100): initializing(vscode-language-pack-fr@1.96.0 with /nix/store/2d5i1bzbqbnl4rgnhk8czrw5zmqqjdzv-arduino-ide-2.3.6-extracted/resources/app/lib/backend/plugin-vscode-init)
2025-09-01 18:51:25 2025-09-02T01:51:25.917Z root INFO [hosted-plugin: 44100] PLUGIN_HOST(44100): initializing(vscode-language-pack-hu@1.48.3 with /nix/store/2d5i1bzbqbnl4rgnhk8czrw5zmqqjdzv-arduino-ide-2.3.6-extracted/resources/app/lib/backend/plugin-vscode-init)
2025-09-01 18:51:25 2025-09-02T01:51:25.917Z root INFO [hosted-plugin: 44100] PLUGIN_HOST(44100): initializing(vscode-language-pack-it@1.96.0 with /nix/store/2d5i1bzbqbnl4rgnhk8czrw5zmqqjdzv-arduino-ide-2.3.6-extracted/resources/app/lib/backend/plugin-vscode-init)
2025-09-01 18:51:25 2025-09-02T01:51:25.918Z root INFO [hosted-plugin: 44100] PLUGIN_HOST(44100): initializing(vscode-language-pack-ja@1.96.0 with /nix/store/2d5i1bzbqbnl4rgnhk8czrw5zmqqjdzv-arduino-ide-2.3.6-extracted/resources/app/lib/backend/plugin-vscode-init)
2025-09-01 18:51:25 2025-09-02T01:51:25.918Z root INFO [hosted-plugin: 44100] PLUGIN_HOST(44100): initializing(vscode-language-pack-ko@1.96.0 with /nix/store/2d5i1bzbqbnl4rgnhk8czrw5zmqqjdzv-arduino-ide-2.3.6-extracted/resources/app/lib/backend/plugin-vscode-init)
2025-09-01 18:51:25 2025-09-02T01:51:25.919Z root INFO [hosted-plugin: 44100] PLUGIN_HOST(44100): initializing(vscode-language-pack-nl@1.48.3 with /nix/store/2d5i1bzbqbnl4rgnhk8czrw5zmqqjdzv-arduino-ide-2.3.6-extracted/resources/app/lib/backend/plugin-vscode-init)
2025-09-01 18:51:25 2025-09-02T01:51:25.919Z root INFO [hosted-plugin: 44100] PLUGIN_HOST(44100): initializing(vscode-language-pack-pl@1.96.0 with /nix/store/2d5i1bzbqbnl4rgnhk8czrw5zmqqjdzv-arduino-ide-2.3.6-extracted/resources/app/lib/backend/plugin-vscode-init)
2025-09-01 18:51:25 2025-09-02T01:51:25.919Z root INFO [hosted-plugin: 44100] PLUGIN_HOST(44100): initializing(vscode-language-pack-pt-BR@1.96.0 with /nix/store/2d5i1bzbqbnl4rgnhk8czrw5zmqqjdzv-arduino-ide-2.3.6-extracted/resources/app/lib/backend/plugin-vscode-init)
2025-09-01 18:51:25 2025-09-02T01:51:25.920Z root INFO [hosted-plugin: 44100] PLUGIN_HOST(44100): initializing(vscode-language-pack-ru@1.96.0 with /nix/store/2d5i1bzbqbnl4rgnhk8czrw5zmqqjdzv-arduino-ide-2.3.6-extracted/resources/app/lib/backend/plugin-vscode-init)
2025-09-01 18:51:25 2025-09-02T01:51:25.921Z root INFO [hosted-plugin: 44100] PLUGIN_HOST(44100): initializing(vscode-language-pack-tr@1.96.0 with /nix/store/2d5i1bzbqbnl4rgnhk8czrw5zmqqjdzv-arduino-ide-2.3.6-extracted/resources/app/lib/backend/plugin-vscode-init)
2025-09-01 18:51:25 2025-09-02T01:51:25.921Z root INFO [hosted-plugin: 44100] PLUGIN_HOST(44100): initializing(vscode-language-pack-uk@1.48.3 with /nix/store/2d5i1bzbqbnl4rgnhk8czrw5zmqqjdzv-arduino-ide-2.3.6-extracted/resources/app/lib/backend/plugin-vscode-init)
2025-09-01 18:51:25 2025-09-02T01:51:25.921Z root INFO [hosted-plugin: 44100] PLUGIN_HOST(44100): initializing(vscode-language-pack-zh-hans@1.96.0 with /nix/store/2d5i1bzbqbnl4rgnhk8czrw5zmqqjdzv-arduino-ide-2.3.6-extracted/resources/app/lib/backend/plugin-vscode-init)
2025-09-01 18:51:25 2025-09-02T01:51:25.922Z root INFO [hosted-plugin: 44100] PLUGIN_HOST(44100): initializing(vscode-language-pack-zh-hant@1.96.0 with /nix/store/2d5i1bzbqbnl4rgnhk8czrw5zmqqjdzv-arduino-ide-2.3.6-extracted/resources/app/lib/backend/plugin-vscode-init)
2025-09-01 18:51:25 2025-09-02T01:51:25.955Z root INFO [hosted-plugin: 44100] PLUGIN_HOST(44100): PluginManagerExtImpl/loadPlugin(/nix/store/2d5i1bzbqbnl4rgnhk8czrw5zmqqjdzv-arduino-ide-2.3.6-extracted/resources/app/plugins/vscode-builtin-json-language-features/extension/client/dist/node/jsonClientMain)
2025-09-01 18:51:26 2025-09-02T01:51:26.017Z root INFO [hosted-plugin: 44100] PLUGIN_HOST(44100): PluginManagerExtImpl/loadPlugin(/nix/store/2d5i1bzbqbnl4rgnhk8czrw5zmqqjdzv-arduino-ide-2.3.6-extracted/resources/app/plugins/vscode-arduino-api/extension/dist/extension.js)
2025-09-01 18:51:26 2025-09-02T01:51:26.020Z root INFO [hosted-plugin: 44100] calling activation function on Arduino IDE API for VS Code extensions
2025-09-01 18:51:26 2025-09-02T01:51:26.023Z root INFO [bd100e59-4598-4f8b-8cc3-4dae9157cf5b] Starting plugins.
2025-09-01 18:51:26 2025-09-02T01:51:26.066Z root INFO [hosted-plugin: 44100] PLUGIN_HOST(44100): PluginManagerExtImpl/loadPlugin(/nix/store/2d5i1bzbqbnl4rgnhk8czrw5zmqqjdzv-arduino-ide-2.3.6-extracted/resources/app/plugins/cortex-debug/extension/dist/extension.js)
2025-09-01 18:51:26 2025-09-02T01:51:26.105Z root INFO [hosted-plugin: 44100] Debug configuration provider has been registered: cortex-debug, trigger: 1
2025-09-01 18:51:26 2025-09-02T01:51:26.105Z root INFO [hosted-plugin: 44100] calling activation function on Cortex-Debug
2025-09-01 18:51:26 2025-09-02T01:51:26.108Z root INFO [hosted-plugin: 44100] GDB server console created
2025-09-01 18:51:26 2025-09-02T01:51:26.131Z root INFO [bd100e59-4598-4f8b-8cc3-4dae9157cf5b] Start of 23 plugins: 1790.0 ms [Finished 5.342 s after frontend start]
2025-09-01 18:51:26 2025-09-02T01:51:26.266Z root INFO [hosted-plugin: 44100] calling activation function on JSON Language Features (built-in)
2025-09-01 18:51:26 2025-09-02T01:51:26.310Z root INFO Starting language server: esp32:esp32:esp32s3:UploadSpeed=921600,USBMode=hwcdc,CDCOnBoot=default,MSCOnBoot=default,DFUOnBoot=default,UploadMode=default,CPUFreq=240,FlashMode=qio,FlashSize=16M,PartitionScheme=app3M_fat9M_16MB,DebugLevel=none,PSRAM=opi,LoopCore=1,EventsCore=1,EraseFlash=none,JTAGAdapter=default,ZigbeeMode=default
2025-09-01 18:51:26 2025-09-02T01:51:26.389Z root INFO [hosted-plugin: 44100] PLUGIN_HOST(44100): PluginManagerExtImpl/loadPlugin(/nix/store/2d5i1bzbqbnl4rgnhk8czrw5zmqqjdzv-arduino-ide-2.3.6-extracted/resources/app/plugins/vscode-arduino-tools/extension/dist/extension.js)
2025-09-01 18:51:26 2025-09-02T01:51:26.442Z root INFO [hosted-plugin: 44100] calling activation function on VS Code Arduino Tools
2025-09-01 18:51:26 2025-09-02T01:51:26.615Z daemon INFO time="2025-09-01T18:51:26-07:00" level=info msg="Adding libraries dir" dir=/home/aaron/.arduino15/libraries isSingleLibrary=false location=ide
time="2025-09-01T18:51:26-07:00" level=info msg="Adding libraries dir" dir=/home/aaron/.arduino15/packages/esp32/hardware/esp32/3.3.0/libraries isSingleLibrary=false location=platform
2025-09-01 18:51:26 2025-09-02T01:51:26.615Z daemon INFO time="2025-09-01T18:51:26-07:00" level=info msg="Adding libraries dir" dir=/home/aaron/Arduino/libraries isSingleLibrary=false location=user
2025-09-01 18:51:27 2025-09-02T01:51:27.843Z daemon INFO time="2025-09-01T18:51:27-07:00" level=info msg="Resolving include BLEDevice.h for arch esp32"
time="2025-09-01T18:51:27-07:00" level=info msg="  found better lib" lib=BLE prio=3F4
2025-09-01 18:51:28 2025-09-02T01:51:28.724Z daemon INFO time="2025-09-01T18:51:28-07:00" level=info msg="Resolving include SPI.h for arch esp32"
time="2025-09-01T18:51:28-07:00" level=info msg="  found better lib" lib=SPI prio=6B0
2025-09-01 18:51:30 2025-09-02T01:51:30.246Z daemon INFO time="2025-09-01T18:51:30-07:00" level=info msg="Resolving include PNGdec.h for arch esp32"
time="2025-09-01T18:51:30-07:00" level=info msg="  found better lib" lib=PNGdec prio=6A7
2025-09-01 18:51:30 2025-09-02T01:51:30.919Z daemon INFO time="2025-09-01T18:51:30-07:00" level=info msg="Resolving include FS.h for arch esp32"
time="2025-09-01T18:51:30-07:00" level=info msg="  found better lib" lib=FS prio=6B0
2025-09-01 18:51:31 2025-09-02T01:51:31.812Z daemon INFO time="2025-09-01T18:51:31-07:00" level=info msg="Resolving include SD_MMC.h for arch esp32"
time="2025-09-01T18:51:31-07:00" level=info msg="  found better lib" lib=SD_MMC prio=6B0
2025-09-01 18:51:42 2025-09-02T01:51:42.237Z daemon INFO time="2025-09-01T18:51:42-07:00" level=info msg="Adding libraries dir" dir=/home/aaron/.arduino15/libraries isSingleLibrary=false location=ide
time="2025-09-01T18:51:42-07:00" level=info msg="Adding libraries dir" dir=/home/aaron/.arduino15/packages/esp32/hardware/esp32/3.3.0/libraries isSingleLibrary=false location=platform
2025-09-01 18:51:42 2025-09-02T01:51:42.237Z daemon INFO time="2025-09-01T18:51:42-07:00" level=info msg="Adding libraries dir" dir=/home/aaron/Arduino/libraries isSingleLibrary=false location=user
2025-09-01 18:51:43 2025-09-02T01:51:43.452Z daemon INFO time="2025-09-01T18:51:43-07:00" level=info msg="Resolving include BLEDevice.h for arch esp32"
time="2025-09-01T18:51:43-07:00" level=info msg="  found better lib" lib=BLE prio=3F4
2025-09-01 18:51:44 2025-09-02T01:51:44.325Z daemon INFO time="2025-09-01T18:51:44-07:00" level=info msg="Resolving include SPI.h for arch esp32"
time="2025-09-01T18:51:44-07:00" level=info msg="  found better lib" lib=SPI prio=6B0
2025-09-01 18:51:45 2025-09-02T01:51:45.904Z daemon INFO time="2025-09-01T18:51:45-07:00" level=info msg="Resolving include PNGdec.h for arch esp32"
time="2025-09-01T18:51:45-07:00" level=info msg="  found better lib" lib=PNGdec prio=6A7
2025-09-01 18:51:46 2025-09-02T01:51:46.552Z daemon INFO time="2025-09-01T18:51:46-07:00" level=info msg="Resolving include FS.h for arch esp32"
time="2025-09-01T18:51:46-07:00" level=info msg="  found better lib" lib=FS prio=6B0
2025-09-01 18:51:47 2025-09-02T01:51:47.479Z daemon INFO time="2025-09-01T18:51:47-07:00" level=info msg="Resolving include SD_MMC.h for arch esp32"
time="2025-09-01T18:51:47-07:00" level=info msg="  found better lib" lib=SD_MMC prio=6B0
2025-09-01 18:52:04 2025-09-02T01:52:04.102Z daemon INFO time="2025-09-01T18:52:04-07:00" level=info msg="Adding libraries dir" dir=/home/aaron/.arduino15/libraries isSingleLibrary=false location=ide
time="2025-09-01T18:52:04-07:00" level=info msg="Adding libraries dir" dir=/home/aaron/.arduino15/packages/esp32/hardware/esp32/3.3.0/libraries isSingleLibrary=false location=platform
time="2025-09-01T18:52:04-07:00" level=info msg="Adding libraries dir" dir=/home/aaron/Arduino/libraries isSingleLibrary=false location=user
2025-09-01 18:52:21 2025-09-02T01:52:21.225Z root INFO compiler-errors Current error changed to d;34
2025-09-01 18:52:21 2025-09-02T01:52:21.259Z root INFO compiler-errors Handling selection change in editor file:///home/aaron/Downloads/ESP32-S3-LCD-1.47B-Demo/Arduino/bluetooth_scanner/bluetooth_scanner.ino. New (monaco) selection: [28,5 -> 28,5]
2025-09-01 19:17:07 2025-09-02T02:17:07.170Z discovery-log INFO {"eventType":"remove","port":{"matchingBoardsList":[],"port":{"address":"/dev/ttyACM0","label":"","protocol":"serial","protocolLabel":"","propertiesMap":[],"hardwareId":""}},"error":""}
2025-09-01 19:17:08 2025-09-02T02:17:08.542Z discovery-log INFO {"eventType":"add","port":{"matchingBoardsList":[{"name":"ESP32 Family Device","fqbn":"esp32:esp32:esp32_family","isHidden":true}],"port":{"address":"/dev/ttyACM0","label":"/dev/ttyACM0","protocol":"serial","protocolLabel":"Serial Port (USB)","propertiesMap":[["pid","0x1001"],["serialNumber","30:ED:A0:AD:83:34"],["vid","0x303a"]],"hardwareId":"30:ED:A0:AD:83:34"}},"error":""}
2025-09-01 19:17:10 2025-09-02T02:17:10.522Z discovery-log INFO {"eventType":"remove","port":{"matchingBoardsList":[],"port":{"address":"/dev/ttyACM0","label":"","protocol":"serial","protocolLabel":"","propertiesMap":[],"hardwareId":""}},"error":""}
2025-09-01 19:17:11 2025-09-02T02:17:11.092Z discovery-log INFO {"eventType":"add","port":{"matchingBoardsList":[{"name":"ESP32 Family Device","fqbn":"esp32:esp32:esp32_family","isHidden":true}],"port":{"address":"/dev/ttyACM0","label":"/dev/ttyACM0","protocol":"serial","protocolLabel":"Serial Port (USB)","propertiesMap":[["pid","0x1001"],["serialNumber","30:ED:A0:AD:83:34"],["vid","0x303a"]],"hardwareId":"30:ED:A0:AD:83:34"}},"error":""}
2025-09-01 19:17:16 2025-09-02T02:17:16.215Z daemon INFO time="2025-09-01T19:17:16-07:00" level=info msg="Adding libraries dir" dir=/home/aaron/.arduino15/libraries isSingleLibrary=false location=ide
time="2025-09-01T19:17:16-07:00" level=info msg="Adding libraries dir" dir=/home/aaron/.arduino15/packages/esp32/hardware/esp32/3.3.0/libraries isSingleLibrary=false location=platform
2025-09-01 19:17:16 2025-09-02T02:17:16.215Z daemon INFO time="2025-09-01T19:17:16-07:00" level=info msg="Adding libraries dir" dir=/home/aaron/Arduino/libraries isSingleLibrary=false location=user
2025-09-01 19:17:17 2025-09-02T02:17:17.467Z daemon INFO time="2025-09-01T19:17:17-07:00" level=info msg="Resolving include BLEDevice.h for arch esp32"
time="2025-09-01T19:17:17-07:00" level=info msg="  found better lib" lib=BLE prio=3F4
2025-09-01 19:17:18 2025-09-02T02:17:18.335Z daemon INFO time="2025-09-01T19:17:18-07:00" level=info msg="Resolving include SPI.h for arch esp32"
time="2025-09-01T19:17:18-07:00" level=info msg="  found better lib" lib=SPI prio=6B0
2025-09-01 19:17:19 2025-09-02T02:17:19.230Z daemon INFO time="2025-09-01T19:17:19-07:00" level=info msg="Resolving include PNGdec.h for arch esp32"
time="2025-09-01T19:17:19-07:00" level=info msg="  found better lib" lib=PNGdec prio=6A7
2025-09-01 19:17:19 2025-09-02T02:17:19.231Z daemon INFO time="2025-09-01T19:17:19-07:00" level=info msg="Resolving include FS.h for arch esp32"
2025-09-01 19:17:19 2025-09-02T02:17:19.231Z daemon INFO time="2025-09-01T19:17:19-07:00" level=info msg="  found better lib" lib=FS prio=6B0
time="2025-09-01T19:17:19-07:00" level=info msg="Resolving include SD_MMC.h for arch esp32"
time="2025-09-01T19:17:19-07:00" level=info msg="  found better lib" lib=SD_MMC prio=6B0
2025-09-01 19:17:49 2025-09-02T02:17:49.852Z root INFO compiler-errors Current error changed to d;44
2025-09-01 19:18:21 2025-09-02T02:18:21.038Z daemon INFO time="2025-09-01T19:18:21-07:00" level=info msg="Adding libraries dir" dir=/home/aaron/.arduino15/libraries isSingleLibrary=false location=ide
time="2025-09-01T19:18:21-07:00" level=info msg="Adding libraries dir" dir=/home/aaron/.arduino15/packages/esp32/hardware/esp32/3.3.0/libraries isSingleLibrary=false location=platform
time="2025-09-01T19:18:21-07:00" level=info msg="Adding libraries dir" dir=/home/aaron/Arduino/libraries isSingleLibrary=false location=user
2025-09-01 19:18:58 2025-09-02T02:18:58.202Z daemon INFO time="2025-09-01T19:18:58-07:00" level=info msg="Adding libraries dir" dir=/home/aaron/.arduino15/libraries isSingleLibrary=false location=ide
time="2025-09-01T19:18:58-07:00" level=info msg="Adding libraries dir" dir=/home/aaron/.arduino15/packages/esp32/hardware/esp32/3.3.0/libraries isSingleLibrary=false location=platform
2025-09-01 19:18:58 2025-09-02T02:18:58.203Z daemon INFO time="2025-09-01T19:18:58-07:00" level=info msg="Adding libraries dir" dir=/home/aaron/Arduino/libraries isSingleLibrary=false location=user
2025-09-01 19:18:59 2025-09-02T02:18:59.458Z daemon INFO time="2025-09-01T19:18:59-07:00" level=info msg="Resolving include BLEDevice.h for arch esp32"
time="2025-09-01T19:18:59-07:00" level=info msg="  found better lib" lib=BLE prio=3F4
2025-09-01 19:19:00 2025-09-02T02:19:00.323Z daemon INFO time="2025-09-01T19:19:00-07:00" level=info msg="Resolving include SPI.h for arch esp32"
time="2025-09-01T19:19:00-07:00" level=info msg="  found better lib" lib=SPI prio=6B0
2025-09-01 19:19:01 2025-09-02T02:19:01.797Z daemon INFO time="2025-09-01T19:19:01-07:00" level=info msg="Resolving include PNGdec.h for arch esp32"
time="2025-09-01T19:19:01-07:00" level=info msg="  found better lib" lib=PNGdec prio=6A7
2025-09-01 19:19:02 2025-09-02T02:19:02.455Z daemon INFO time="2025-09-01T19:19:02-07:00" level=info msg="Resolving include FS.h for arch esp32"
time="2025-09-01T19:19:02-07:00" level=info msg="  found better lib" lib=FS prio=6B0
2025-09-01 19:19:03 2025-09-02T02:19:03.419Z daemon INFO time="2025-09-01T19:19:03-07:00" level=info msg="Resolving include SD_MMC.h for arch esp32"
time="2025-09-01T19:19:03-07:00" level=info msg="  found better lib" lib=SD_MMC prio=6B0
2025-09-01 19:19:34 2025-09-02T02:19:34.350Z root INFO compiler-errors Current error changed to d;57
2025-09-01 19:19:34 2025-09-02T02:19:34.388Z root INFO compiler-errors Handling selection change in editor file:///home/aaron/Downloads/ESP32-S3-LCD-1.47B-Demo/Arduino/bluetooth_scanner/bluetooth_scanner.ino. New (monaco) selection: [242,6 -> 242,6]
2025-09-01 19:20:01 2025-09-02T02:20:01.884Z root INFO compiler-errors decoration range: [201,1 -> 201,1], change range: [14,1 -> 331,1], affects: true
2025-09-01 19:20:01 2025-09-02T02:20:01.884Z root INFO compiler-errors decoration range: [201,1 -> 201,1], change range: [14,1 -> 331,1], affects: true
2025-09-01 19:20:01 2025-09-02T02:20:01.884Z root INFO compiler-errors decoration range: [201,1 -> 201,1], change range: [14,1 -> 331,1], affects: true
2025-09-01 19:20:01 2025-09-02T02:20:01.885Z root INFO compiler-errors Handling selection change in editor file:///home/aaron/Downloads/ESP32-S3-LCD-1.47B-Demo/Arduino/bluetooth_scanner/bluetooth_scanner.ino. New (monaco) selection: [201,1 -> 201,1]
2025-09-01 19:20:01 2025-09-02T02:20:01.885Z root INFO compiler-errors New (monaco) selection [201,1 -> 201,1] does not intersect any error locations. Skipping.
2025-09-01 19:20:02 2025-09-02T02:20:02.910Z daemon INFO time="2025-09-01T19:20:02-07:00" level=info msg="Adding libraries dir" dir=/home/aaron/.arduino15/libraries isSingleLibrary=false location=ide
time="2025-09-01T19:20:02-07:00" level=info msg="Adding libraries dir" dir=/home/aaron/.arduino15/packages/esp32/hardware/esp32/3.3.0/libraries isSingleLibrary=false location=platform
time="2025-09-01T19:20:02-07:00" level=info msg="Adding libraries dir" dir=/home/aaron/Arduino/libraries isSingleLibrary=false location=user
2025-09-01 19:20:09 2025-09-02T02:20:09.472Z daemon INFO time="2025-09-01T19:20:09-07:00" level=info msg="Adding libraries dir" dir=/home/aaron/.arduino15/libraries isSingleLibrary=false location=ide
time="2025-09-01T19:20:09-07:00" level=info msg="Adding libraries dir" dir=/home/aaron/.arduino15/packages/esp32/hardware/esp32/3.3.0/libraries isSingleLibrary=false location=platform
time="2025-09-01T19:20:09-07:00" level=info msg="Adding libraries dir" dir=/home/aaron/Arduino/libraries isSingleLibrary=false location=user
2025-09-01 19:20:10 2025-09-02T02:20:10.723Z daemon INFO time="2025-09-01T19:20:10-07:00" level=info msg="Resolving include BLEDevice.h for arch esp32"
time="2025-09-01T19:20:10-07:00" level=info msg="  found better lib" lib=BLE prio=3F4
2025-09-01 19:20:11 2025-09-02T02:20:11.568Z daemon INFO time="2025-09-01T19:20:11-07:00" level=info msg="Resolving include SPI.h for arch esp32"
time="2025-09-01T19:20:11-07:00" level=info msg="  found better lib" lib=SPI prio=6B0
2025-09-01 19:20:12 2025-09-02T02:20:12.385Z daemon INFO time="2025-09-01T19:20:12-07:00" level=info msg="Resolving include PNGdec.h for arch esp32"
time="2025-09-01T19:20:12-07:00" level=info msg="  found better lib" lib=PNGdec prio=6A7
2025-09-01 19:20:12 2025-09-02T02:20:12.385Z daemon INFO time="2025-09-01T19:20:12-07:00" level=info msg="Resolving include FS.h for arch esp32"
2025-09-01 19:20:12 2025-09-02T02:20:12.385Z daemon INFO time="2025-09-01T19:20:12-07:00" level=info msg="  found better lib" lib=FS prio=6B0
2025-09-01 19:20:12 2025-09-02T02:20:12.385Z daemon INFO time="2025-09-01T19:20:12-07:00" level=info msg="Resolving include SD_MMC.h for arch esp32"
time="2025-09-01T19:20:12-07:00" level=info msg="  found better lib" lib=SD_MMC prio=6B0
2025-09-01 19:20:53 2025-09-02T02:20:53.102Z root INFO Executing 'arduino.languageserver.notifyBuildDidComplete' with "file:///home/aaron/.cache/arduino/sketches/89803B37EA33ECC28185FD29751C8FD7"
2025-09-01 19:20:53 2025-09-02T02:20:53.226Z daemon INFO time="2025-09-01T19:20:53-07:00" level=info msg="Tool required for debug" tool="arduino:dfu-util@0.11.0-arduino5"
time="2025-09-01T19:20:53-07:00" level=info msg="Tool required for debug" tool="esp32:esp-rv32@2411"
time="2025-09-01T19:20:53-07:00" level=info msg="Tool required for debug" tool="esp32:esp-x32@2411"
time="2025-09-01T19:20:53-07:00" level=info msg="Tool required for debug" tool="esp32:esp32-arduino-libs@idf-release_v5.5-b66b5448-v1"
time="2025-09-01T19:20:53-07:00" level=info msg="Tool required for debug" tool="esp32:esptool_py@5.0.0"
time="2025-09-01T19:20:53-07:00" level=info msg="Tool required for debug" tool="esp32:mklittlefs@3.0.0-gnu12-dc7f933"
time="2025-09-01T19:20:53-07:00" level=info msg="Tool required for debug" tool="esp32:mkspiffs@0.2.3"
2025-09-01 19:20:53 2025-09-02T02:20:53.226Z daemon INFO time="2025-09-01T19:20:53-07:00" level=info msg="Tool required for debug" tool="esp32:openocd-esp32@v0.12.0-esp32-20250422"
time="2025-09-01T19:20:53-07:00" level=info msg="Tool required for debug" tool="esp32:riscv32-esp-elf-gdb@16.2_20250324"
time="2025-09-01T19:20:53-07:00" level=info msg="Tool required for debug" tool="esp32:xtensa-esp-elf-gdb@16.2_20250324"
time="2025-09-01T19:20:53-07:00" level=info msg="Tool required for debug" tool="builtin:dfu-discovery@0.1.2"
time="2025-09-01T19:20:53-07:00" level=info msg="Tool required for debug" tool="builtin:serial-discovery@1.4.1"
time="2025-09-01T19:20:53-07:00" level=info msg="Tool required for debug" tool="builtin:mdns-discovery@1.0.9"
time="2025-09-01T19:20:53-07:00" level=info msg="Tool required for debug" tool="arduino:arm-none-eabi-gcc@7-2017q4"
time="2025-09-01T19:20:53-07:00" level=info msg="Tool required for debug" tool="arduino:avrdude@6.3.0-arduino17"
time="2025-09-01T19:20:53-07:00" level=info msg="Tool required for debug" tool="builtin:ctags@5.8-arduino11"
time="2025-09-01T19:20:53-07:00" level=info msg="Tool required for debug" tool="builtin:serial-monitor@0.15.0"
time="2025-09-01T19:20:53-07:00" level=info msg="Tool required for debug" tool="arduino:avr-gcc@7.3.0-atmel3.6.1-arduino7"
time="2025-09-01T19:20:53-07:00" level=info msg="Tool required for debug" tool="arduino:bossac@1.9.1-arduino5"
2025-09-01 19:20:53 2025-09-02T02:20:53.226Z daemon INFO time="2025-09-01T19:20:53-07:00" level=info msg="Tool required for debug" tool="arduino:arduinoOTA@1.3.0"
time="2025-09-01T19:20:53-07:00" level=info msg="Tool required for debug" tool="arduino:openocd@0.11.0-arduino2"
2025-09-01 19:20:53 2025-09-02T02:20:53.230Z daemon INFO time="2025-09-01T19:20:53-07:00" level=info msg="Tool required for debug" tool="arduino:dfu-util@0.11.0-arduino5"
time="2025-09-01T19:20:53-07:00" level=info msg="Tool required for debug" tool="esp32:esp-rv32@2411"
time="2025-09-01T19:20:53-07:00" level=info msg="Tool required for debug" tool="esp32:esp-x32@2411"
time="2025-09-01T19:20:53-07:00" level=info msg="Tool required for debug" tool="esp32:esp32-arduino-libs@idf-release_v5.5-b66b5448-v1"
time="2025-09-01T19:20:53-07:00" level=info msg="Tool required for debug" tool="esp32:esptool_py@5.0.0"
time="2025-09-01T19:20:53-07:00" level=info msg="Tool required for debug" tool="esp32:mklittlefs@3.0.0-gnu12-dc7f933"
time="2025-09-01T19:20:53-07:00" level=info msg="Tool required for debug" tool="esp32:mkspiffs@0.2.3"
time="2025-09-01T19:20:53-07:00" level=info msg="Tool required for debug" tool="esp32:openocd-esp32@v0.12.0-esp32-20250422"
2025-09-01 19:20:53 2025-09-02T02:20:53.230Z daemon INFO time="2025-09-01T19:20:53-07:00" level=info msg="Tool required for debug" tool="esp32:riscv32-esp-elf-gdb@16.2_20250324"
time="2025-09-01T19:20:53-07:00" level=info msg="Tool required for debug" tool="esp32:xtensa-esp-elf-gdb@16.2_20250324"
time="2025-09-01T19:20:53-07:00" level=info msg="Tool required for debug" tool="arduino:arm-none-eabi-gcc@7-2017q4"
time="2025-09-01T19:20:53-07:00" level=info msg="Tool required for debug" tool="arduino:bossac@1.9.1-arduino5"
time="2025-09-01T19:20:53-07:00" level=info msg="Tool required for debug" tool="builtin:mdns-discovery@1.0.9"
time="2025-09-01T19:20:53-07:00" level=info msg="Tool required for debug" tool="builtin:serial-monitor@0.15.0"
time="2025-09-01T19:20:53-07:00" level=info msg="Tool required for debug" tool="builtin:ctags@5.8-arduino11"
time="2025-09-01T19:20:53-07:00" level=info msg="Tool required for debug" tool="builtin:dfu-discovery@0.1.2"
time="2025-09-01T19:20:53-07:00" level=info msg="Tool required for debug" tool="arduino:avr-gcc@7.3.0-atmel3.6.1-arduino7"
time="2025-09-01T19:20:53-07:00" level=info msg="Tool required for debug" tool="arduino:arduinoOTA@1.3.0"
time="2025-09-01T19:20:53-07:00" level=info msg="Tool required for debug" tool="arduino:avrdude@6.3.0-arduino17"
2025-09-01 19:20:53 2025-09-02T02:20:53.230Z daemon INFO time="2025-09-01T19:20:53-07:00" level=info msg="Tool required for debug" tool="arduino:openocd@0.11.0-arduino2"
time="2025-09-01T19:20:53-07:00" level=info msg="Tool required for debug" tool="builtin:serial-discovery@1.4.1"
2025-09-01 19:20:53 2025-09-02T02:20:53.234Z daemon INFO time="2025-09-01T19:20:53-07:00" level=info msg="Tool required for debug" tool="arduino:dfu-util@0.11.0-arduino5"
time="2025-09-01T19:20:53-07:00" level=info msg="Tool required for debug" tool="esp32:esp-rv32@2411"
time="2025-09-01T19:20:53-07:00" level=info msg="Tool required for debug" tool="esp32:esp-x32@2411"
time="2025-09-01T19:20:53-07:00" level=info msg="Tool required for debug" tool="esp32:esp32-arduino-libs@idf-release_v5.5-b66b5448-v1"
time="2025-09-01T19:20:53-07:00" level=info msg="Tool required for debug" tool="esp32:esptool_py@5.0.0"
time="2025-09-01T19:20:53-07:00" level=info msg="Tool required for debug" tool="esp32:mklittlefs@3.0.0-gnu12-dc7f933"
time="2025-09-01T19:20:53-07:00" level=info msg="Tool required for debug" tool="esp32:mkspiffs@0.2.3"
time="2025-09-01T19:20:53-07:00" level=info msg="Tool required for debug" tool="esp32:openocd-esp32@v0.12.0-esp32-20250422"
2025-09-01 19:20:53 2025-09-02T02:20:53.235Z daemon INFO time="2025-09-01T19:20:53-07:00" level=info msg="Tool required for debug" tool="esp32:riscv32-esp-elf-gdb@16.2_20250324"
time="2025-09-01T19:20:53-07:00" level=info msg="Tool required for debug" tool="esp32:xtensa-esp-elf-gdb@16.2_20250324"
time="2025-09-01T19:20:53-07:00" level=info msg="Tool required for debug" tool="arduino:avrdude@6.3.0-arduino17"
time="2025-09-01T19:20:53-07:00" level=info msg="Tool required for debug" tool="arduino:openocd@0.11.0-arduino2"
time="2025-09-01T19:20:53-07:00" level=info msg="Tool required for debug" tool="arduino:bossac@1.9.1-arduino5"
time="2025-09-01T19:20:53-07:00" level=info msg="Tool required for debug" tool="builtin:mdns-discovery@1.0.9"
time="2025-09-01T19:20:53-07:00" level=info msg="Tool required for debug" tool="builtin:serial-monitor@0.15.0"
time="2025-09-01T19:20:53-07:00" level=info msg="Tool required for debug" tool="arduino:avr-gcc@7.3.0-atmel3.6.1-arduino7"
time="2025-09-01T19:20:53-07:00" level=info msg="Tool required for debug" tool="builtin:ctags@5.8-arduino11"
time="2025-09-01T19:20:53-07:00" level=info msg="Tool required for debug" tool="arduino:arm-none-eabi-gcc@7-2017q4"
time="2025-09-01T19:20:53-07:00" level=info msg="Tool required for debug" tool="builtin:dfu-discovery@0.1.2"
2025-09-01 19:20:53 2025-09-02T02:20:53.235Z daemon INFO time="2025-09-01T19:20:53-07:00" level=info msg="Tool required for debug" tool="builtin:serial-discovery@1.4.1"
time="2025-09-01T19:20:53-07:00" level=info msg="Tool required for debug" tool="arduino:arduinoOTA@1.3.0"
2025-09-01 19:20:53 2025-09-02T02:20:53.238Z daemon INFO time="2025-09-01T19:20:53-07:00" level=info msg="Tool required for debug" tool="arduino:dfu-util@0.11.0-arduino5"
time="2025-09-01T19:20:53-07:00" level=info msg="Tool required for debug" tool="esp32:esp-rv32@2411"
time="2025-09-01T19:20:53-07:00" level=info msg="Tool required for debug" tool="esp32:esp-x32@2411"
time="2025-09-01T19:20:53-07:00" level=info msg="Tool required for debug" tool="esp32:esp32-arduino-libs@idf-release_v5.5-b66b5448-v1"
time="2025-09-01T19:20:53-07:00" level=info msg="Tool required for debug" tool="esp32:esptool_py@5.0.0"
2025-09-01 19:20:53 2025-09-02T02:20:53.239Z daemon INFO time="2025-09-01T19:20:53-07:00" level=info msg="Tool required for debug" tool="esp32:mklittlefs@3.0.0-gnu12-dc7f933"
time="2025-09-01T19:20:53-07:00" level=info msg="Tool required for debug" tool="esp32:mkspiffs@0.2.3"
time="2025-09-01T19:20:53-07:00" level=info msg="Tool required for debug" tool="esp32:openocd-esp32@v0.12.0-esp32-20250422"
time="2025-09-01T19:20:53-07:00" level=info msg="Tool required for debug" tool="esp32:riscv32-esp-elf-gdb@16.2_20250324"
time="2025-09-01T19:20:53-07:00" level=info msg="Tool required for debug" tool="esp32:xtensa-esp-elf-gdb@16.2_20250324"
time="2025-09-01T19:20:53-07:00" level=info msg="Tool required for debug" tool="arduino:avrdude@6.3.0-arduino17"
time="2025-09-01T19:20:53-07:00" level=info msg="Tool required for debug" tool="arduino:avr-gcc@7.3.0-atmel3.6.1-arduino7"
time="2025-09-01T19:20:53-07:00" level=info msg="Tool required for debug" tool="arduino:bossac@1.9.1-arduino5"
time="2025-09-01T19:20:53-07:00" level=info msg="Tool required for debug" tool="arduino:arm-none-eabi-gcc@7-2017q4"
time="2025-09-01T19:20:53-07:00" level=info msg="Tool required for debug" tool="builtin:mdns-discovery@1.0.9"
time="2025-09-01T19:20:53-07:00" level=info msg="Tool required for debug" tool="builtin:serial-discovery@1.4.1"
time="2025-09-01T19:20:53-07:00" level=info msg="Tool required for debug" tool="arduino:arduinoOTA@1.3.0"
time="2025-09-01T19:20:53-07:00" level=info msg="Tool required for debug" tool="arduino:openocd@0.11.0-arduino2"
time="2025-09-01T19:20:53-07:00" level=info msg="Tool required for debug" tool="builtin:dfu-discovery@0.1.2"
2025-09-01 19:20:53 2025-09-02T02:20:53.239Z daemon INFO time="2025-09-01T19:20:53-07:00" level=info msg="Tool required for debug" tool="builtin:serial-monitor@0.15.0"
time="2025-09-01T19:20:53-07:00" level=info msg="Tool required for debug" tool="builtin:ctags@5.8-arduino11"
2025-09-01 19:20:53 2025-09-02T02:20:53.242Z daemon INFO time="2025-09-01T19:20:53-07:00" level=info msg="Tool required for debug" tool="arduino:dfu-util@0.11.0-arduino5"
time="2025-09-01T19:20:53-07:00" level=info msg="Tool required for debug" tool="esp32:esp-rv32@2411"
time="2025-09-01T19:20:53-07:00" level=info msg="Tool required for debug" tool="esp32:esp-x32@2411"
time="2025-09-01T19:20:53-07:00" level=info msg="Tool required for debug" tool="esp32:esp32-arduino-libs@idf-release_v5.5-b66b5448-v1"
time="2025-09-01T19:20:53-07:00" level=info msg="Tool required for debug" tool="esp32:esptool_py@5.0.0"
time="2025-09-01T19:20:53-07:00" level=info msg="Tool required for debug" tool="esp32:mklittlefs@3.0.0-gnu12-dc7f933"
time="2025-09-01T19:20:53-07:00" level=info msg="Tool required for debug" tool="esp32:mkspiffs@0.2.3"
time="2025-09-01T19:20:53-07:00" level=info msg="Tool required for debug" tool="esp32:openocd-esp32@v0.12.0-esp32-20250422"
time="2025-09-01T19:20:53-07:00" level=info msg="Tool required for debug" tool="esp32:riscv32-esp-elf-gdb@16.2_20250324"
2025-09-01 19:20:53 2025-09-02T02:20:53.243Z daemon INFO time="2025-09-01T19:20:53-07:00" level=info msg="Tool required for debug" tool="esp32:xtensa-esp-elf-gdb@16.2_20250324"
time="2025-09-01T19:20:53-07:00" level=info msg="Tool required for debug" tool="builtin:dfu-discovery@0.1.2"
time="2025-09-01T19:20:53-07:00" level=info msg="Tool required for debug" tool="builtin:mdns-discovery@1.0.9"
time="2025-09-01T19:20:53-07:00" level=info msg="Tool required for debug" tool="builtin:serial-monitor@0.15.0"
time="2025-09-01T19:20:53-07:00" level=info msg="Tool required for debug" tool="arduino:bossac@1.9.1-arduino5"
time="2025-09-01T19:20:53-07:00" level=info msg="Tool required for debug" tool="arduino:arduinoOTA@1.3.0"
time="2025-09-01T19:20:53-07:00" level=info msg="Tool required for debug" tool="builtin:ctags@5.8-arduino11"
time="2025-09-01T19:20:53-07:00" level=info msg="Tool required for debug" tool="builtin:serial-discovery@1.4.1"
time="2025-09-01T19:20:53-07:00" level=info msg="Tool required for debug" tool="arduino:avr-gcc@7.3.0-atmel3.6.1-arduino7"
time="2025-09-01T19:20:53-07:00" level=info msg="Tool required for debug" tool="arduino:avrdude@6.3.0-arduino17"
time="2025-09-01T19:20:53-07:00" level=info msg="Tool required for debug" tool="arduino:openocd@0.11.0-arduino2"
2025-09-01 19:20:53 2025-09-02T02:20:53.243Z daemon INFO time="2025-09-01T19:20:53-07:00" level=info msg="Tool required for debug" tool="arduino:arm-none-eabi-gcc@7-2017q4"
2025-09-01 19:20:53 2025-09-02T02:20:53.246Z daemon INFO time="2025-09-01T19:20:53-07:00" level=info msg="Tool required for debug" tool="arduino:dfu-util@0.11.0-arduino5"
time="2025-09-01T19:20:53-07:00" level=info msg="Tool required for debug" tool="esp32:esp-rv32@2411"
time="2025-09-01T19:20:53-07:00" level=info msg="Tool required for debug" tool="esp32:esp-x32@2411"
time="2025-09-01T19:20:53-07:00" level=info msg="Tool required for debug" tool="esp32:esp32-arduino-libs@idf-release_v5.5-b66b5448-v1"
time="2025-09-01T19:20:53-07:00" level=info msg="Tool required for debug" tool="esp32:esptool_py@5.0.0"
time="2025-09-01T19:20:53-07:00" level=info msg="Tool required for debug" tool="esp32:mklittlefs@3.0.0-gnu12-dc7f933"
time="2025-09-01T19:20:53-07:00" level=info msg="Tool required for debug" tool="esp32:mkspiffs@0.2.3"
time="2025-09-01T19:20:53-07:00" level=info msg="Tool required for debug" tool="esp32:openocd-esp32@v0.12.0-esp32-20250422"
2025-09-01 19:20:53 2025-09-02T02:20:53.246Z daemon INFO time="2025-09-01T19:20:53-07:00" level=info msg="Tool required for debug" tool="esp32:riscv32-esp-elf-gdb@16.2_20250324"
time="2025-09-01T19:20:53-07:00" level=info msg="Tool required for debug" tool="esp32:xtensa-esp-elf-gdb@16.2_20250324"
time="2025-09-01T19:20:53-07:00" level=info msg="Tool required for debug" tool="arduino:arm-none-eabi-gcc@7-2017q4"
time="2025-09-01T19:20:53-07:00" level=info msg="Tool required for debug" tool="arduino:avrdude@6.3.0-arduino17"
time="2025-09-01T19:20:53-07:00" level=info msg="Tool required for debug" tool="arduino:openocd@0.11.0-arduino2"
time="2025-09-01T19:20:53-07:00" level=info msg="Tool required for debug" tool="arduino:bossac@1.9.1-arduino5"
time="2025-09-01T19:20:53-07:00" level=info msg="Tool required for debug" tool="arduino:arduinoOTA@1.3.0"
time="2025-09-01T19:20:53-07:00" level=info msg="Tool required for debug" tool="builtin:dfu-discovery@0.1.2"
time="2025-09-01T19:20:53-07:00" level=info msg="Tool required for debug" tool="builtin:serial-monitor@0.15.0"
time="2025-09-01T19:20:53-07:00" level=info msg="Tool required for debug" tool="arduino:avr-gcc@7.3.0-atmel3.6.1-arduino7"
time="2025-09-01T19:20:53-07:00" level=info msg="Tool required for debug" tool="builtin:ctags@5.8-arduino11"
time="2025-09-01T19:20:53-07:00" level=info msg="Tool required for debug" tool="builtin:mdns-discovery@1.0.9"
time="2025-09-01T19:20:53-07:00" level=info msg="Tool required for debug" tool="builtin:serial-discovery@1.4.1"
2025-09-01 19:20:53 2025-09-02T02:20:53.250Z daemon INFO time="2025-09-01T19:20:53-07:00" level=info msg="Tool required for debug" tool="arduino:dfu-util@0.11.0-arduino5"
time="2025-09-01T19:20:53-07:00" level=info msg="Tool required for debug" tool="esp32:esp-rv32@2411"
time="2025-09-01T19:20:53-07:00" level=info msg="Tool required for debug" tool="esp32:esp-x32@2411"
time="2025-09-01T19:20:53-07:00" level=info msg="Tool required for debug" tool="esp32:esp32-arduino-libs@idf-release_v5.5-b66b5448-v1"
time="2025-09-01T19:20:53-07:00" level=info msg="Tool required for debug" tool="esp32:esptool_py@5.0.0"
2025-09-01 19:20:53 2025-09-02T02:20:53.251Z daemon INFO time="2025-09-01T19:20:53-07:00" level=info msg="Tool required for debug" tool="esp32:mklittlefs@3.0.0-gnu12-dc7f933"
time="2025-09-01T19:20:53-07:00" level=info msg="Tool required for debug" tool="esp32:mkspiffs@0.2.3"
time="2025-09-01T19:20:53-07:00" level=info msg="Tool required for debug" tool="esp32:openocd-esp32@v0.12.0-esp32-20250422"
time="2025-09-01T19:20:53-07:00" level=info msg="Tool required for debug" tool="esp32:riscv32-esp-elf-gdb@16.2_20250324"
time="2025-09-01T19:20:53-07:00" level=info msg="Tool required for debug" tool="esp32:xtensa-esp-elf-gdb@16.2_20250324"
time="2025-09-01T19:20:53-07:00" level=info msg="Tool required for debug" tool="builtin:serial-discovery@1.4.1"
time="2025-09-01T19:20:53-07:00" level=info msg="Tool required for debug" tool="arduino:arm-none-eabi-gcc@7-2017q4"
time="2025-09-01T19:20:53-07:00" level=info msg="Tool required for debug" tool="builtin:dfu-discovery@0.1.2"
time="2025-09-01T19:20:53-07:00" level=info msg="Tool required for debug" tool="builtin:mdns-discovery@1.0.9"
time="2025-09-01T19:20:53-07:00" level=info msg="Tool required for debug" tool="arduino:bossac@1.9.1-arduino5"
time="2025-09-01T19:20:53-07:00" level=info msg="Tool required for debug" tool="arduino:openocd@0.11.0-arduino2"
time="2025-09-01T19:20:53-07:00" level=info msg="Tool required for debug" tool="arduino:arduinoOTA@1.3.0"
time="2025-09-01T19:20:53-07:00" level=info msg="Tool required for debug" tool="arduino:avr-gcc@7.3.0-atmel3.6.1-arduino7"
2025-09-01 19:20:53 2025-09-02T02:20:53.251Z daemon INFO time="2025-09-01T19:20:53-07:00" level=info msg="Tool required for debug" tool="builtin:ctags@5.8-arduino11"
time="2025-09-01T19:20:53-07:00" level=info msg="Tool required for debug" tool="arduino:avrdude@6.3.0-arduino17"
time="2025-09-01T19:20:53-07:00" level=info msg="Tool required for debug" tool="builtin:serial-monitor@0.15.0"
2025-09-01 19:20:53 2025-09-02T02:20:53.254Z daemon INFO time="2025-09-01T19:20:53-07:00" level=info msg="Tool required for debug" tool="arduino:dfu-util@0.11.0-arduino5"
time="2025-09-01T19:20:53-07:00" level=info msg="Tool required for debug" tool="esp32:esp-rv32@2411"
time="2025-09-01T19:20:53-07:00" level=info msg="Tool required for debug" tool="esp32:esp-x32@2411"
time="2025-09-01T19:20:53-07:00" level=info msg="Tool required for debug" tool="esp32:esp32-arduino-libs@idf-release_v5.5-b66b5448-v1"
time="2025-09-01T19:20:53-07:00" level=info msg="Tool required for debug" tool="esp32:esptool_py@5.0.0"
time="2025-09-01T19:20:53-07:00" level=info msg="Tool required for debug" tool="esp32:mklittlefs@3.0.0-gnu12-dc7f933"
time="2025-09-01T19:20:53-07:00" level=info msg="Tool required for debug" tool="esp32:mkspiffs@0.2.3"
time="2025-09-01T19:20:53-07:00" level=info msg="Tool required for debug" tool="esp32:openocd-esp32@v0.12.0-esp32-20250422"
time="2025-09-01T19:20:53-07:00" level=info msg="Tool required for debug" tool="esp32:riscv32-esp-elf-gdb@16.2_20250324"
2025-09-01 19:20:53 2025-09-02T02:20:53.254Z daemon INFO time="2025-09-01T19:20:53-07:00" level=info msg="Tool required for debug" tool="esp32:xtensa-esp-elf-gdb@16.2_20250324"
time="2025-09-01T19:20:53-07:00" level=info msg="Tool required for debug" tool="arduino:avrdude@6.3.0-arduino17"
time="2025-09-01T19:20:53-07:00" level=info msg="Tool required for debug" tool="builtin:serial-discovery@1.4.1"
time="2025-09-01T19:20:53-07:00" level=info msg="Tool required for debug" tool="arduino:avr-gcc@7.3.0-atmel3.6.1-arduino7"
time="2025-09-01T19:20:53-07:00" level=info msg="Tool required for debug" tool="arduino:bossac@1.9.1-arduino5"
time="2025-09-01T19:20:53-07:00" level=info msg="Tool required for debug" tool="arduino:arduinoOTA@1.3.0"
time="2025-09-01T19:20:53-07:00" level=info msg="Tool required for debug" tool="builtin:dfu-discovery@0.1.2"
time="2025-09-01T19:20:53-07:00" level=info msg="Tool required for debug" tool="arduino:arm-none-eabi-gcc@7-2017q4"
time="2025-09-01T19:20:53-07:00" level=info msg="Tool required for debug" tool="arduino:openocd@0.11.0-arduino2"
time="2025-09-01T19:20:53-07:00" level=info msg="Tool required for debug" tool="builtin:mdns-discovery@1.0.9"
time="2025-09-01T19:20:53-07:00" level=info msg="Tool required for debug" tool="builtin:serial-monitor@0.15.0"
time="2025-09-01T19:20:53-07:00" level=info msg="Tool required for debug" tool="builtin:ctags@5.8-arduino11"
2025-09-01 19:20:53 2025-09-02T02:20:53.258Z daemon INFO time="2025-09-01T19:20:53-07:00" level=info msg="Tool required for debug" tool="arduino:dfu-util@0.11.0-arduino5"
time="2025-09-01T19:20:53-07:00" level=info msg="Tool required for debug" tool="esp32:esp-rv32@2411"
time="2025-09-01T19:20:53-07:00" level=info msg="Tool required for debug" tool="esp32:esp-x32@2411"
time="2025-09-01T19:20:53-07:00" level=info msg="Tool required for debug" tool="esp32:esp32-arduino-libs@idf-release_v5.5-b66b5448-v1"
time="2025-09-01T19:20:53-07:00" level=info msg="Tool required for debug" tool="esp32:esptool_py@5.0.0"
time="2025-09-01T19:20:53-07:00" level=info msg="Tool required for debug" tool="esp32:mklittlefs@3.0.0-gnu12-dc7f933"
time="2025-09-01T19:20:53-07:00" level=info msg="Tool required for debug" tool="esp32:mkspiffs@0.2.3"
time="2025-09-01T19:20:53-07:00" level=info msg="Tool required for debug" tool="esp32:openocd-esp32@v0.12.0-esp32-20250422"
time="2025-09-01T19:20:53-07:00" level=info msg="Tool required for debug" tool="esp32:riscv32-esp-elf-gdb@16.2_20250324"
2025-09-01 19:20:53 2025-09-02T02:20:53.259Z daemon INFO time="2025-09-01T19:20:53-07:00" level=info msg="Tool required for debug" tool="esp32:xtensa-esp-elf-gdb@16.2_20250324"
time="2025-09-01T19:20:53-07:00" level=info msg="Tool required for debug" tool="arduino:avrdude@6.3.0-arduino17"
time="2025-09-01T19:20:53-07:00" level=info msg="Tool required for debug" tool="arduino:arm-none-eabi-gcc@7-2017q4"
time="2025-09-01T19:20:53-07:00" level=info msg="Tool required for debug" tool="builtin:serial-monitor@0.15.0"
time="2025-09-01T19:20:53-07:00" level=info msg="Tool required for debug" tool="builtin:dfu-discovery@0.1.2"
time="2025-09-01T19:20:53-07:00" level=info msg="Tool required for debug" tool="builtin:mdns-discovery@1.0.9"
time="2025-09-01T19:20:53-07:00" level=info msg="Tool required for debug" tool="arduino:bossac@1.9.1-arduino5"
time="2025-09-01T19:20:53-07:00" level=info msg="Tool required for debug" tool="builtin:serial-discovery@1.4.1"
time="2025-09-01T19:20:53-07:00" level=info msg="Tool required for debug" tool="arduino:openocd@0.11.0-arduino2"
time="2025-09-01T19:20:53-07:00" level=info msg="Tool required for debug" tool="arduino:arduinoOTA@1.3.0"
time="2025-09-01T19:20:53-07:00" level=info msg="Tool required for debug" tool="builtin:ctags@5.8-arduino11"
2025-09-01 19:20:53 2025-09-02T02:20:53.259Z daemon INFO time="2025-09-01T19:20:53-07:00" level=info msg="Tool required for debug" tool="arduino:avr-gcc@7.3.0-atmel3.6.1-arduino7"
2025-09-01 19:20:53 2025-09-02T02:20:53.262Z daemon INFO time="2025-09-01T19:20:53-07:00" level=info msg="Tool required for debug" tool="arduino:dfu-util@0.11.0-arduino5"
time="2025-09-01T19:20:53-07:00" level=info msg="Tool required for debug" tool="esp32:esp-rv32@2411"
time="2025-09-01T19:20:53-07:00" level=info msg="Tool required for debug" tool="esp32:esp-x32@2411"
time="2025-09-01T19:20:53-07:00" level=info msg="Tool required for debug" tool="esp32:esp32-arduino-libs@idf-release_v5.5-b66b5448-v1"
time="2025-09-01T19:20:53-07:00" level=info msg="Tool required for debug" tool="esp32:esptool_py@5.0.0"
time="2025-09-01T19:20:53-07:00" level=info msg="Tool required for debug" tool="esp32:mklittlefs@3.0.0-gnu12-dc7f933"
time="2025-09-01T19:20:53-07:00" level=info msg="Tool required for debug" tool="esp32:mkspiffs@0.2.3"
time="2025-09-01T19:20:53-07:00" level=info msg="Tool required for debug" tool="esp32:openocd-esp32@v0.12.0-esp32-20250422"
time="2025-09-01T19:20:53-07:00" level=info msg="Tool required for debug" tool="esp32:riscv32-esp-elf-gdb@16.2_20250324"
2025-09-01 19:20:53 2025-09-02T02:20:53.262Z daemon INFO time="2025-09-01T19:20:53-07:00" level=info msg="Tool required for debug" tool="esp32:xtensa-esp-elf-gdb@16.2_20250324"
time="2025-09-01T19:20:53-07:00" level=info msg="Tool required for debug" tool="builtin:mdns-discovery@1.0.9"
time="2025-09-01T19:20:53-07:00" level=info msg="Tool required for debug" tool="builtin:serial-discovery@1.4.1"
time="2025-09-01T19:20:53-07:00" level=info msg="Tool required for debug" tool="arduino:avr-gcc@7.3.0-atmel3.6.1-arduino7"
time="2025-09-01T19:20:53-07:00" level=info msg="Tool required for debug" tool="builtin:serial-monitor@0.15.0"
time="2025-09-01T19:20:53-07:00" level=info msg="Tool required for debug" tool="builtin:ctags@5.8-arduino11"
time="2025-09-01T19:20:53-07:00" level=info msg="Tool required for debug" tool="arduino:bossac@1.9.1-arduino5"
time="2025-09-01T19:20:53-07:00" level=info msg="Tool required for debug" tool="arduino:arduinoOTA@1.3.0"
time="2025-09-01T19:20:53-07:00" level=info msg="Tool required for debug" tool="arduino:avrdude@6.3.0-arduino17"
time="2025-09-01T19:20:53-07:00" level=info msg="Tool required for debug" tool="arduino:openocd@0.11.0-arduino2"
time="2025-09-01T19:20:53-07:00" level=info msg="Tool required for debug" tool="builtin:dfu-discovery@0.1.2"
time="2025-09-01T19:20:53-07:00" level=info msg="Tool required for debug" tool="arduino:arm-none-eabi-gcc@7-2017q4"
2025-09-01 19:20:53 2025-09-02T02:20:53.267Z daemon INFO time="2025-09-01T19:20:53-07:00" level=info msg="Tool required for debug" tool="arduino:dfu-util@0.11.0-arduino5"
time="2025-09-01T19:20:53-07:00" level=info msg="Tool required for debug" tool="esp32:esp-rv32@2411"
time="2025-09-01T19:20:53-07:00" level=info msg="Tool required for debug" tool="esp32:esp-x32@2411"
time="2025-09-01T19:20:53-07:00" level=info msg="Tool required for debug" tool="esp32:esp32-arduino-libs@idf-release_v5.5-b66b5448-v1"
time="2025-09-01T19:20:53-07:00" level=info msg="Tool required for debug" tool="esp32:esptool_py@5.0.0"
time="2025-09-01T19:20:53-07:00" level=info msg="Tool required for debug" tool="esp32:mklittlefs@3.0.0-gnu12-dc7f933"
time="2025-09-01T19:20:53-07:00" level=info msg="Tool required for debug" tool="esp32:mkspiffs@0.2.3"
time="2025-09-01T19:20:53-07:00" level=info msg="Tool required for debug" tool="esp32:openocd-esp32@v0.12.0-esp32-20250422"
time="2025-09-01T19:20:53-07:00" level=info msg="Tool required for debug" tool="esp32:riscv32-esp-elf-gdb@16.2_20250324"
time="2025-09-01T19:20:53-07:00" level=info msg="Tool required for debug" tool="esp32:xtensa-esp-elf-gdb@16.2_20250324"
2025-09-01 19:20:53 2025-09-02T02:20:53.267Z daemon INFO time="2025-09-01T19:20:53-07:00" level=info msg="Tool required for debug" tool="builtin:ctags@5.8-arduino11"
time="2025-09-01T19:20:53-07:00" level=info msg="Tool required for debug" tool="arduino:arduinoOTA@1.3.0"
time="2025-09-01T19:20:53-07:00" level=info msg="Tool required for debug" tool="arduino:openocd@0.11.0-arduino2"
time="2025-09-01T19:20:53-07:00" level=info msg="Tool required for debug" tool="arduino:avr-gcc@7.3.0-atmel3.6.1-arduino7"
time="2025-09-01T19:20:53-07:00" level=info msg="Tool required for debug" tool="builtin:mdns-discovery@1.0.9"
time="2025-09-01T19:20:53-07:00" level=info msg="Tool required for debug" tool="arduino:arm-none-eabi-gcc@7-2017q4"
time="2025-09-01T19:20:53-07:00" level=info msg="Tool required for debug" tool="arduino:avrdude@6.3.0-arduino17"
time="2025-09-01T19:20:53-07:00" level=info msg="Tool required for debug" tool="builtin:dfu-discovery@0.1.2"
time="2025-09-01T19:20:53-07:00" level=info msg="Tool required for debug" tool="arduino:bossac@1.9.1-arduino5"
time="2025-09-01T19:20:53-07:00" level=info msg="Tool required for debug" tool="builtin:serial-discovery@1.4.1"
time="2025-09-01T19:20:53-07:00" level=info msg="Tool required for debug" tool="builtin:serial-monitor@0.15.0"
2025-09-01 19:20:53 2025-09-02T02:20:53.270Z daemon INFO time="2025-09-01T19:20:53-07:00" level=info msg="Tool required for debug" tool="arduino:dfu-util@0.11.0-arduino5"
time="2025-09-01T19:20:53-07:00" level=info msg="Tool required for debug" tool="esp32:esp-rv32@2411"
time="2025-09-01T19:20:53-07:00" level=info msg="Tool required for debug" tool="esp32:esp-x32@2411"
time="2025-09-01T19:20:53-07:00" level=info msg="Tool required for debug" tool="esp32:esp32-arduino-libs@idf-release_v5.5-b66b5448-v1"
time="2025-09-01T19:20:53-07:00" level=info msg="Tool required for debug" tool="esp32:esptool_py@5.0.0"
time="2025-09-01T19:20:53-07:00" level=info msg="Tool required for debug" tool="esp32:mklittlefs@3.0.0-gnu12-dc7f933"
time="2025-09-01T19:20:53-07:00" level=info msg="Tool required for debug" tool="esp32:mkspiffs@0.2.3"
time="2025-09-01T19:20:53-07:00" level=info msg="Tool required for debug" tool="esp32:openocd-esp32@v0.12.0-esp32-20250422"
time="2025-09-01T19:20:53-07:00" level=info msg="Tool required for debug" tool="esp32:riscv32-esp-elf-gdb@16.2_20250324"
time="2025-09-01T19:20:53-07:00" level=info msg="Tool required for debug" tool="esp32:xtensa-esp-elf-gdb@16.2_20250324"
2025-09-01 19:20:53 2025-09-02T02:20:53.271Z daemon INFO time="2025-09-01T19:20:53-07:00" level=info msg="Tool required for debug" tool="builtin:serial-monitor@0.15.0"
time="2025-09-01T19:20:53-07:00" level=info msg="Tool required for debug" tool="arduino:arm-none-eabi-gcc@7-2017q4"
time="2025-09-01T19:20:53-07:00" level=info msg="Tool required for debug" tool="builtin:ctags@5.8-arduino11"
time="2025-09-01T19:20:53-07:00" level=info msg="Tool required for debug" tool="builtin:mdns-discovery@1.0.9"
time="2025-09-01T19:20:53-07:00" level=info msg="Tool required for debug" tool="builtin:dfu-discovery@0.1.2"
time="2025-09-01T19:20:53-07:00" level=info msg="Tool required for debug" tool="arduino:openocd@0.11.0-arduino2"
time="2025-09-01T19:20:53-07:00" level=info msg="Tool required for debug" tool="arduino:bossac@1.9.1-arduino5"
time="2025-09-01T19:20:53-07:00" level=info msg="Tool required for debug" tool="arduino:avrdude@6.3.0-arduino17"
time="2025-09-01T19:20:53-07:00" level=info msg="Tool required for debug" tool="arduino:arduinoOTA@1.3.0"
time="2025-09-01T19:20:53-07:00" level=info msg="Tool required for debug" tool="arduino:avr-gcc@7.3.0-atmel3.6.1-arduino7"
time="2025-09-01T19:20:53-07:00" level=info msg="Tool required for debug" tool="builtin:serial-discovery@1.4.1"
2025-09-01 19:20:53 2025-09-02T02:20:53.274Z daemon INFO time="2025-09-01T19:20:53-07:00" level=info msg="Tool required for debug" tool="arduino:dfu-util@0.11.0-arduino5"
time="2025-09-01T19:20:53-07:00" level=info msg="Tool required for debug" tool="esp32:esp-rv32@2411"
time="2025-09-01T19:20:53-07:00" level=info msg="Tool required for debug" tool="esp32:esp-x32@2411"
time="2025-09-01T19:20:53-07:00" level=info msg="Tool required for debug" tool="esp32:esp32-arduino-libs@idf-release_v5.5-b66b5448-v1"
time="2025-09-01T19:20:53-07:00" level=info msg="Tool required for debug" tool="esp32:esptool_py@5.0.0"
time="2025-09-01T19:20:53-07:00" level=info msg="Tool required for debug" tool="esp32:mklittlefs@3.0.0-gnu12-dc7f933"
time="2025-09-01T19:20:53-07:00" level=info msg="Tool required for debug" tool="esp32:mkspiffs@0.2.3"
time="2025-09-01T19:20:53-07:00" level=info msg="Tool required for debug" tool="esp32:openocd-esp32@v0.12.0-esp32-20250422"
time="2025-09-01T19:20:53-07:00" level=info msg="Tool required for debug" tool="esp32:riscv32-esp-elf-gdb@16.2_20250324"
time="2025-09-01T19:20:53-07:00" level=info msg="Tool required for debug" tool="esp32:xtensa-esp-elf-gdb@16.2_20250324"
2025-09-01 19:20:53 2025-09-02T02:20:53.274Z daemon INFO time="2025-09-01T19:20:53-07:00" level=info msg="Tool required for debug" tool="builtin:serial-discovery@1.4.1"
time="2025-09-01T19:20:53-07:00" level=info msg="Tool required for debug" tool="arduino:bossac@1.9.1-arduino5"
time="2025-09-01T19:20:53-07:00" level=info msg="Tool required for debug" tool="arduino:openocd@0.11.0-arduino2"
time="2025-09-01T19:20:53-07:00" level=info msg="Tool required for debug" tool="arduino:avrdude@6.3.0-arduino17"
time="2025-09-01T19:20:53-07:00" level=info msg="Tool required for debug" tool="builtin:dfu-discovery@0.1.2"
time="2025-09-01T19:20:53-07:00" level=info msg="Tool required for debug" tool="builtin:ctags@5.8-arduino11"
time="2025-09-01T19:20:53-07:00" level=info msg="Tool required for debug" tool="builtin:mdns-discovery@1.0.9"
time="2025-09-01T19:20:53-07:00" level=info msg="Tool required for debug" tool="builtin:serial-monitor@0.15.0"
time="2025-09-01T19:20:53-07:00" level=info msg="Tool required for debug" tool="arduino:arm-none-eabi-gcc@7-2017q4"
time="2025-09-01T19:20:53-07:00" level=info msg="Tool required for debug" tool="arduino:avr-gcc@7.3.0-atmel3.6.1-arduino7"
time="2025-09-01T19:20:53-07:00" level=info msg="Tool required for debug" tool="arduino:arduinoOTA@1.3.0"
2025-09-01 19:20:53 2025-09-02T02:20:53.289Z daemon INFO time="2025-09-01T19:20:53-07:00" level=info msg="Tool required for debug" tool="arduino:dfu-util@0.11.0-arduino5"
time="2025-09-01T19:20:53-07:00" level=info msg="Tool required for debug" tool="esp32:esp-rv32@2411"
time="2025-09-01T19:20:53-07:00" level=info msg="Tool required for debug" tool="esp32:esp-x32@2411"
time="2025-09-01T19:20:53-07:00" level=info msg="Tool required for debug" tool="esp32:esp32-arduino-libs@idf-release_v5.5-b66b5448-v1"
time="2025-09-01T19:20:53-07:00" level=info msg="Tool required for debug" tool="esp32:esptool_py@5.0.0"
time="2025-09-01T19:20:53-07:00" level=info msg="Tool required for debug" tool="esp32:mklittlefs@3.0.0-gnu12-dc7f933"
2025-09-01 19:20:53 2025-09-02T02:20:53.289Z daemon INFO time="2025-09-01T19:20:53-07:00" level=info msg="Tool required for debug" tool="esp32:mkspiffs@0.2.3"
time="2025-09-01T19:20:53-07:00" level=info msg="Tool required for debug" tool="esp32:openocd-esp32@v0.12.0-esp32-20250422"
time="2025-09-01T19:20:53-07:00" level=info msg="Tool required for debug" tool="esp32:riscv32-esp-elf-gdb@16.2_20250324"
time="2025-09-01T19:20:53-07:00" level=info msg="Tool required for debug" tool="esp32:xtensa-esp-elf-gdb@16.2_20250324"
time="2025-09-01T19:20:53-07:00" level=info msg="Tool required for debug" tool="builtin:mdns-discovery@1.0.9"
time="2025-09-01T19:20:53-07:00" level=info msg="Tool required for debug" tool="builtin:serial-discovery@1.4.1"
time="2025-09-01T19:20:53-07:00" level=info msg="Tool required for debug" tool="arduino:avr-gcc@7.3.0-atmel3.6.1-arduino7"
time="2025-09-01T19:20:53-07:00" level=info msg="Tool required for debug" tool="builtin:dfu-discovery@0.1.2"
time="2025-09-01T19:20:53-07:00" level=info msg="Tool required for debug" tool="builtin:serial-monitor@0.15.0"
time="2025-09-01T19:20:53-07:00" level=info msg="Tool required for debug" tool="arduino:bossac@1.9.1-arduino5"
time="2025-09-01T19:20:53-07:00" level=info msg="Tool required for debug" tool="arduino:arm-none-eabi-gcc@7-2017q4"
time="2025-09-01T19:20:53-07:00" level=info msg="Tool required for debug" tool="arduino:arduinoOTA@1.3.0"
time="2025-09-01T19:20:53-07:00" level=info msg="Tool required for debug" tool="builtin:ctags@5.8-arduino11"
time="2025-09-01T19:20:53-07:00" level=info msg="Tool required for debug" tool="arduino:avrdude@6.3.0-arduino17"
2025-09-01 19:20:53 2025-09-02T02:20:53.289Z daemon INFO time="2025-09-01T19:20:53-07:00" level=info msg="Tool required for debug" tool="arduino:openocd@0.11.0-arduino2"
2025-09-01 19:20:53 2025-09-02T02:20:53.295Z daemon INFO time="2025-09-01T19:20:53-07:00" level=info msg="Tool required for debug" tool="arduino:dfu-util@0.11.0-arduino5"
time="2025-09-01T19:20:53-07:00" level=info msg="Tool required for debug" tool="esp32:esp-rv32@2411"
time="2025-09-01T19:20:53-07:00" level=info msg="Tool required for debug" tool="esp32:esp-x32@2411"
time="2025-09-01T19:20:53-07:00" level=info msg="Tool required for debug" tool="esp32:esp32-arduino-libs@idf-release_v5.5-b66b5448-v1"
time="2025-09-01T19:20:53-07:00" level=info msg="Tool required for debug" tool="esp32:esptool_py@5.0.0"
2025-09-01 19:20:53 2025-09-02T02:20:53.295Z daemon INFO time="2025-09-01T19:20:53-07:00" level=info msg="Tool required for debug" tool="esp32:mklittlefs@3.0.0-gnu12-dc7f933"
time="2025-09-01T19:20:53-07:00" level=info msg="Tool required for debug" tool="esp32:mkspiffs@0.2.3"
time="2025-09-01T19:20:53-07:00" level=info msg="Tool required for debug" tool="esp32:openocd-esp32@v0.12.0-esp32-20250422"
time="2025-09-01T19:20:53-07:00" level=info msg="Tool required for debug" tool="esp32:riscv32-esp-elf-gdb@16.2_20250324"
time="2025-09-01T19:20:53-07:00" level=info msg="Tool required for debug" tool="esp32:xtensa-esp-elf-gdb@16.2_20250324"
time="2025-09-01T19:20:53-07:00" level=info msg="Tool required for debug" tool="arduino:openocd@0.11.0-arduino2"
time="2025-09-01T19:20:53-07:00" level=info msg="Tool required for debug" tool="builtin:mdns-discovery@1.0.9"
time="2025-09-01T19:20:53-07:00" level=info msg="Tool required for debug" tool="arduino:avr-gcc@7.3.0-atmel3.6.1-arduino7"
time="2025-09-01T19:20:53-07:00" level=info msg="Tool required for debug" tool="arduino:arduinoOTA@1.3.0"
time="2025-09-01T19:20:53-07:00" level=info msg="Tool required for debug" tool="builtin:serial-discovery@1.4.1"
time="2025-09-01T19:20:53-07:00" level=info msg="Tool required for debug" tool="arduino:bossac@1.9.1-arduino5"
time="2025-09-01T19:20:53-07:00" level=info msg="Tool required for debug" tool="arduino:avrdude@6.3.0-arduino17"
2025-09-01 19:20:53 2025-09-02T02:20:53.295Z daemon INFO time="2025-09-01T19:20:53-07:00" level=info msg="Tool required for debug" tool="arduino:arm-none-eabi-gcc@7-2017q4"
time="2025-09-01T19:20:53-07:00" level=info msg="Tool required for debug" tool="builtin:serial-monitor@0.15.0"
time="2025-09-01T19:20:53-07:00" level=info msg="Tool required for debug" tool="builtin:ctags@5.8-arduino11"
time="2025-09-01T19:20:53-07:00" level=info msg="Tool required for debug" tool="builtin:dfu-discovery@0.1.2"
2025-09-01 19:20:53 2025-09-02T02:20:53.301Z daemon INFO time="2025-09-01T19:20:53-07:00" level=info msg="Tool required for debug" tool="arduino:dfu-util@0.11.0-arduino5"
time="2025-09-01T19:20:53-07:00" level=info msg="Tool required for debug" tool="esp32:esp-rv32@2411"
time="2025-09-01T19:20:53-07:00" level=info msg="Tool required for debug" tool="esp32:esp-x32@2411"
time="2025-09-01T19:20:53-07:00" level=info msg="Tool required for debug" tool="esp32:esp32-arduino-libs@idf-release_v5.5-b66b5448-v1"
time="2025-09-01T19:20:53-07:00" level=info msg="Tool required for debug" tool="esp32:esptool_py@5.0.0"
2025-09-01 19:20:53 2025-09-02T02:20:53.301Z daemon INFO time="2025-09-01T19:20:53-07:00" level=info msg="Tool required for debug" tool="esp32:mklittlefs@3.0.0-gnu12-dc7f933"
time="2025-09-01T19:20:53-07:00" level=info msg="Tool required for debug" tool="esp32:mkspiffs@0.2.3"
time="2025-09-01T19:20:53-07:00" level=info msg="Tool required for debug" tool="esp32:openocd-esp32@v0.12.0-esp32-20250422"
time="2025-09-01T19:20:53-07:00" level=info msg="Tool required for debug" tool="esp32:riscv32-esp-elf-gdb@16.2_20250324"
time="2025-09-01T19:20:53-07:00" level=info msg="Tool required for debug" tool="esp32:xtensa-esp-elf-gdb@16.2_20250324"
time="2025-09-01T19:20:53-07:00" level=info msg="Tool required for debug" tool="arduino:arduinoOTA@1.3.0"
time="2025-09-01T19:20:53-07:00" level=info msg="Tool required for debug" tool="arduino:openocd@0.11.0-arduino2"
time="2025-09-01T19:20:53-07:00" level=info msg="Tool required for debug" tool="builtin:serial-discovery@1.4.1"
time="2025-09-01T19:20:53-07:00" level=info msg="Tool required for debug" tool="builtin:dfu-discovery@0.1.2"
2025-09-01 19:20:53 2025-09-02T02:20:53.301Z daemon INFO time="2025-09-01T19:20:53-07:00" level=info msg="Tool required for debug" tool="builtin:mdns-discovery@1.0.9"
time="2025-09-01T19:20:53-07:00" level=info msg="Tool required for debug" tool="arduino:avrdude@6.3.0-arduino17"
time="2025-09-01T19:20:53-07:00" level=info msg="Tool required for debug" tool="arduino:bossac@1.9.1-arduino5"
time="2025-09-01T19:20:53-07:00" level=info msg="Tool required for debug" tool="builtin:serial-monitor@0.15.0"
2025-09-01 19:20:53 2025-09-02T02:20:53.301Z daemon INFO time="2025-09-01T19:20:53-07:00" level=info msg="Tool required for debug" tool="builtin:ctags@5.8-arduino11"
time="2025-09-01T19:20:53-07:00" level=info msg="Tool required for debug" tool="arduino:arm-none-eabi-gcc@7-2017q4"
time="2025-09-01T19:20:53-07:00" level=info msg="Tool required for debug" tool="arduino:avr-gcc@7.3.0-atmel3.6.1-arduino7"
2025-09-01 19:20:53 2025-09-02T02:20:53.306Z daemon INFO time="2025-09-01T19:20:53-07:00" level=info msg="Tool required for debug" tool="arduino:dfu-util@0.11.0-arduino5"
time="2025-09-01T19:20:53-07:00" level=info msg="Tool required for debug" tool="esp32:esp-rv32@2411"
time="2025-09-01T19:20:53-07:00" level=info msg="Tool required for debug" tool="esp32:esp-x32@2411"
time="2025-09-01T19:20:53-07:00" level=info msg="Tool required for debug" tool="esp32:esp32-arduino-libs@idf-release_v5.5-b66b5448-v1"
time="2025-09-01T19:20:53-07:00" level=info msg="Tool required for debug" tool="esp32:esptool_py@5.0.0"
time="2025-09-01T19:20:53-07:00" level=info msg="Tool required for debug" tool="esp32:mklittlefs@3.0.0-gnu12-dc7f933"
2025-09-01 19:20:53 2025-09-02T02:20:53.306Z daemon INFO time="2025-09-01T19:20:53-07:00" level=info msg="Tool required for debug" tool="esp32:mkspiffs@0.2.3"
time="2025-09-01T19:20:53-07:00" level=info msg="Tool required for debug" tool="esp32:openocd-esp32@v0.12.0-esp32-20250422"
time="2025-09-01T19:20:53-07:00" level=info msg="Tool required for debug" tool="esp32:riscv32-esp-elf-gdb@16.2_20250324"
time="2025-09-01T19:20:53-07:00" level=info msg="Tool required for debug" tool="esp32:xtensa-esp-elf-gdb@16.2_20250324"
time="2025-09-01T19:20:53-07:00" level=info msg="Tool required for debug" tool="builtin:mdns-discovery@1.0.9"
time="2025-09-01T19:20:53-07:00" level=info msg="Tool required for debug" tool="builtin:serial-monitor@0.15.0"
time="2025-09-01T19:20:53-07:00" level=info msg="Tool required for debug" tool="arduino:openocd@0.11.0-arduino2"
time="2025-09-01T19:20:53-07:00" level=info msg="Tool required for debug" tool="arduino:arduinoOTA@1.3.0"
time="2025-09-01T19:20:53-07:00" level=info msg="Tool required for debug" tool="arduino:avr-gcc@7.3.0-atmel3.6.1-arduino7"
2025-09-01 19:20:53 2025-09-02T02:20:53.307Z daemon INFO time="2025-09-01T19:20:53-07:00" level=info msg="Tool required for debug" tool="arduino:bossac@1.9.1-arduino5"
time="2025-09-01T19:20:53-07:00" level=info msg="Tool required for debug" tool="builtin:ctags@5.8-arduino11"
time="2025-09-01T19:20:53-07:00" level=info msg="Tool required for debug" tool="builtin:serial-discovery@1.4.1"
time="2025-09-01T19:20:53-07:00" level=info msg="Tool required for debug" tool="arduino:arm-none-eabi-gcc@7-2017q4"
time="2025-09-01T19:20:53-07:00" level=info msg="Tool required for debug" tool="arduino:avrdude@6.3.0-arduino17"
2025-09-01 19:20:53 2025-09-02T02:20:53.307Z daemon INFO time="2025-09-01T19:20:53-07:00" level=info msg="Tool required for debug" tool="builtin:dfu-discovery@0.1.2"
2025-09-01 19:20:53 2025-09-02T02:20:53.312Z daemon INFO time="2025-09-01T19:20:53-07:00" level=info msg="Tool required for debug" tool="arduino:dfu-util@0.11.0-arduino5"
time="2025-09-01T19:20:53-07:00" level=info msg="Tool required for debug" tool="esp32:esp-rv32@2411"
time="2025-09-01T19:20:53-07:00" level=info msg="Tool required for debug" tool="esp32:esp-x32@2411"
time="2025-09-01T19:20:53-07:00" level=info msg="Tool required for debug" tool="esp32:esp32-arduino-libs@idf-release_v5.5-b66b5448-v1"
time="2025-09-01T19:20:53-07:00" level=info msg="Tool required for debug" tool="esp32:esptool_py@5.0.0"
time="2025-09-01T19:20:53-07:00" level=info msg="Tool required for debug" tool="esp32:mklittlefs@3.0.0-gnu12-dc7f933"
2025-09-01 19:20:53 2025-09-02T02:20:53.312Z daemon INFO time="2025-09-01T19:20:53-07:00" level=info msg="Tool required for debug" tool="esp32:mkspiffs@0.2.3"
time="2025-09-01T19:20:53-07:00" level=info msg="Tool required for debug" tool="esp32:openocd-esp32@v0.12.0-esp32-20250422"
time="2025-09-01T19:20:53-07:00" level=info msg="Tool required for debug" tool="esp32:riscv32-esp-elf-gdb@16.2_20250324"
time="2025-09-01T19:20:53-07:00" level=info msg="Tool required for debug" tool="esp32:xtensa-esp-elf-gdb@16.2_20250324"
time="2025-09-01T19:20:53-07:00" level=info msg="Tool required for debug" tool="builtin:ctags@5.8-arduino11"
time="2025-09-01T19:20:53-07:00" level=info msg="Tool required for debug" tool="builtin:serial-monitor@0.15.0"
time="2025-09-01T19:20:53-07:00" level=info msg="Tool required for debug" tool="arduino:avrdude@6.3.0-arduino17"
time="2025-09-01T19:20:53-07:00" level=info msg="Tool required for debug" tool="builtin:dfu-discovery@0.1.2"
2025-09-01 19:20:53 2025-09-02T02:20:53.312Z daemon INFO time="2025-09-01T19:20:53-07:00" level=info msg="Tool required for debug" tool="builtin:mdns-discovery@1.0.9"
time="2025-09-01T19:20:53-07:00" level=info msg="Tool required for debug" tool="arduino:avr-gcc@7.3.0-atmel3.6.1-arduino7"
time="2025-09-01T19:20:53-07:00" level=info msg="Tool required for debug" tool="arduino:bossac@1.9.1-arduino5"
time="2025-09-01T19:20:53-07:00" level=info msg="Tool required for debug" tool="arduino:openocd@0.11.0-arduino2"
time="2025-09-01T19:20:53-07:00" level=info msg="Tool required for debug" tool="arduino:arm-none-eabi-gcc@7-2017q4"
time="2025-09-01T19:20:53-07:00" level=info msg="Tool required for debug" tool="builtin:serial-discovery@1.4.1"
2025-09-01 19:20:53 2025-09-02T02:20:53.312Z daemon INFO time="2025-09-01T19:20:53-07:00" level=info msg="Tool required for debug" tool="arduino:arduinoOTA@1.3.0"
2025-09-01 19:20:54 2025-09-02T02:20:54.157Z daemon INFO time="2025-09-01T19:20:54-07:00" level=info msg="Adding libraries dir" dir=/home/aaron/.arduino15/libraries isSingleLibrary=false location=ide
time="2025-09-01T19:20:54-07:00" level=info msg="Adding libraries dir" dir=/home/aaron/.arduino15/packages/esp32/hardware/esp32/3.3.0/libraries isSingleLibrary=false location=platform
time="2025-09-01T19:20:54-07:00" level=info msg="Adding libraries dir" dir=/home/aaron/Arduino/libraries isSingleLibrary=false location=user
2025-09-01 19:21:02 2025-09-02T02:21:02.508Z root INFO Received port after upload [arduino+serial:///dev/ttyACM0, esp32:esp32:esp32s3:UploadSpeed=921600,USBMode=hwcdc,CDCOnBoot=default,MSCOnBoot=default,DFUOnBoot=default,UploadMode=default,CPUFreq=240,FlashMode=qio,FlashSize=16M,PartitionScheme=app3M_fat9M_16MB,DebugLevel=none,PSRAM=opi,LoopCore=1,EventsCore=1,EraseFlash=none,JTAGAdapter=default,ZigbeeMode=default, bluetooth_scanner]. Before port: {"address":"/dev/ttyACM0","addressLabel":"/dev/ttyACM0","protocol":"serial","protocolLabel":"Serial Port (USB)","properties":{"pid":"0x1001","serialNumber":"94:A9:90:7D:0E:B4","vid":"0x303a"},"hardwareId":"94:A9:90:7D:0E:B4"}, after port: {"address":"/dev/ttyACM0","addressLabel":"/dev/ttyACM0","protocol":"serial","protocolLabel":"Serial Port (USB)","properties":{"pid":"0x1001","serialNumber":"30:ED:A0:AD:83:34","vid":"0x303a"},"hardwareId":"30:ED:A0:AD:83:34"}
2025-09-01 19:21:04 2025-09-02T02:21:04.819Z discovery-log INFO {"eventType":"remove","port":{"matchingBoardsList":[],"port":{"address":"/dev/ttyACM0","label":"","protocol":"serial","protocolLabel":"","propertiesMap":[],"hardwareId":""}},"error":""}
2025-09-01 19:21:05 2025-09-02T02:21:05.359Z discovery-log INFO {"eventType":"add","port":{"matchingBoardsList":[{"name":"ESP32 Family Device","fqbn":"esp32:esp32:esp32_family","isHidden":true}],"port":{"address":"/dev/ttyACM0","label":"/dev/ttyACM0","protocol":"serial","protocolLabel":"Serial Port (USB)","propertiesMap":[["pid","0x1001"],["serialNumber","30:ED:A0:AD:83:34"],["vid","0x303a"]],"hardwareId":"30:ED:A0:AD:83:34"}},"error":""}
2025-09-01 19:21:05 2025-09-02T02:21:05.996Z discovery-log INFO {"eventType":"remove","port":{"matchingBoardsList":[],"port":{"address":"/dev/ttyACM0","label":"","protocol":"serial","protocolLabel":"","propertiesMap":[],"hardwareId":""}},"error":""}
2025-09-01 19:21:06 2025-09-02T02:21:06.522Z discovery-log INFO {"eventType":"add","port":{"matchingBoardsList":[{"name":"ESP32 Family Device","fqbn":"esp32:esp32:esp32_family","isHidden":true}],"port":{"address":"/dev/ttyACM0","label":"/dev/ttyACM0","protocol":"serial","protocolLabel":"Serial Port (USB)","propertiesMap":[["pid","0x1001"],["serialNumber","30:ED:A0:AD:83:34"],["vid","0x303a"]],"hardwareId":"30:ED:A0:AD:83:34"}},"error":""}
