2025-08-19 11:26:51 Arduino IDE 2.3.6
2025-08-19 11:26:51 Checking for frontend application configuration customizations. Module path: /nix/store/2d5i1bzbqbnl4rgnhk8czrw5zmqqjdzv-arduino-ide-2.3.6-extracted/resources/app/lib/backend/electron-main.js, destination 'package.json': /nix/store/2d5i1bzbqbnl4rgnhk8czrw5zmqqjdzv-arduino-ide-2.3.6-extracted/resources/app/package.json
2025-08-19 11:26:51 Setting 'theia.frontend.config.appVersion' application configuration value to: "2.3.6" (type of string)
2025-08-19 11:26:51 Setting 'theia.frontend.config.cliVersion' application configuration value to: "1.2.0" (type of string)
2025-08-19 11:26:51 Setting 'theia.frontend.config.buildDate' application configuration value to: "2025-04-09T11:24:04.835Z" (type of string)
2025-08-19 11:26:51 Frontend application configuration after modifications: {"applicationName":"Arduino IDE","defaultTheme":{"light":"arduino-theme","dark":"arduino-theme-dark"},"defaultIconTheme":"none","electron":{"windowOptions":{},"showWindowEarly":true,"splashScreenOptions":{},"uriScheme":"arduino-ide"},"defaultLocale":"","validatePreferencesSchema":false,"reloadOnReconnect":true,"uriScheme":"theia","preferences":{"window.title":"${rootName}${activeEditorShort}${appName}","files.autoSave":"afterDelay","editor.minimap.enabled":false,"editor.tabSize":2,"editor.scrollBeyondLastLine":false,"editor.quickSuggestions":{"other":false,"comments":false,"strings":false},"editor.maxTokenizationLineLength":500,"editor.bracketPairColorization.enabled":false,"breadcrumbs.enabled":false,"workbench.tree.renderIndentGuides":"none","explorer.compactFolders":false},"appVersion":"2.3.6","cliVersion":"1.2.0","buildDate":"2025-04-09T11:24:04.835Z"}
2025-08-19 11:26:51 Starting backend process. PID: 23804
2025-08-19 11:26:51 Showing main window early
2025-08-19 11:26:52 Using browser-only version of superagent in non-browser environment
2025-08-19 11:26:52 Configuration directory URI: 'file:///home/aaron/.arduinoIDE'
2025-08-19 11:26:52 Configuring to accept webviews on '^.+\.webview\..+$' hostname.
2025-08-19 11:26:52 2025-08-19T18:26:52.667Z root INFO Backend u.initialize: 39.3 ms [Finished 0.797 s after backend start]
2025-08-19 11:26:52 2025-08-19T18:26:52.670Z root INFO Backend Object.initialize: 36.9 ms [Finished 0.797 s after backend start]
2025-08-19 11:26:52 2025-08-19T18:26:52.670Z root INFO Backend a.initialize: 1.8 ms [Finished 0.797 s after backend start]
2025-08-19 11:26:52 2025-08-19T18:26:52.670Z root INFO Backend a.initialize: 1.5 ms [Finished 0.797 s after backend start]
2025-08-19 11:26:52 2025-08-19T18:26:52.670Z root INFO Backend u.initialize: 1.9 ms [Finished 0.798 s after backend start]
2025-08-19 11:26:52 2025-08-19T18:26:52.672Z root INFO Backend l.initialize: 38.8 ms [Finished 0.799 s after backend start]
2025-08-19 11:26:52 2025-08-19T18:26:52.681Z root INFO configured all backend app contributions
2025-08-19 11:26:52 2025-08-19T18:26:52.681Z root INFO Backend l.onStart: 1.5 ms [Finished 0.813 s after backend start]
2025-08-19 11:26:52 2025-08-19T18:26:52.682Z root INFO Backend d.onStart: 0.1 ms [Finished 0.813 s after backend start]
2025-08-19 11:26:52 2025-08-19T18:26:52.682Z root INFO Backend a.onStart: 0.4 ms [Finished 0.814 s after backend start]
2025-08-19 11:26:52 2025-08-19T18:26:52.683Z config INFO >>> Initializing CLI configuration...
2025-08-19 11:26:52 2025-08-19T18:26:52.683Z root INFO Backend x.onStart: 0.4 ms [Finished 0.814 s after backend start]
2025-08-19 11:26:52 2025-08-19T18:26:52.683Z config INFO Loading CLI configuration from /home/aaron/.arduinoIDE/arduino-cli.yaml...
2025-08-19 11:26:52 2025-08-19T18:26:52.683Z daemon INFO Starting daemon from /nix/store/2d5i1bzbqbnl4rgnhk8czrw5zmqqjdzv-arduino-ide-2.3.6-extracted/resources/app/lib/backend/resources/arduino-cli...
2025-08-19 11:26:52 2025-08-19T18:26:52.683Z root INFO Backend w.onStart: 0.5 ms [Finished 0.815 s after backend start]
2025-08-19 11:26:52 2025-08-19T18:26:52.683Z discovery-log INFO start
2025-08-19 11:26:52 2025-08-19T18:26:52.683Z discovery-log INFO start new deferred
2025-08-19 11:26:52 2025-08-19T18:26:52.683Z root INFO Backend v.onStart: 0.3 ms [Finished 0.815 s after backend start]
2025-08-19 11:26:52 2025-08-19T18:26:52.683Z root INFO Backend a.onStart: 0.1 ms [Finished 0.815 s after backend start]
2025-08-19 11:26:52 2025-08-19T18:26:52.687Z root INFO Theia app listening on http://127.0.0.1:39341.
2025-08-19 11:26:52 2025-08-19T18:26:52.687Z root INFO Finished starting backend application: 4.3 ms [Finished 0.820 s after backend start]
2025-08-19 11:26:52 Error: node-loader:
Error: libxkbfile.so.1: cannot open shared object file: No such file or directory
    at 95585 (/nix/store/2d5i1bzbqbnl4rgnhk8czrw5zmqqjdzv-arduino-ide-2.3.6-extracted/resources/app/lib/backend/electron-main.js:8:1529780)
    at __webpack_require__ (/nix/store/2d5i1bzbqbnl4rgnhk8czrw5zmqqjdzv-arduino-ide-2.3.6-extracted/resources/app/lib/backend/electron-main.js:8:1985382)
    at o._init (/nix/store/2d5i1bzbqbnl4rgnhk8czrw5zmqqjdzv-arduino-ide-2.3.6-extracted/resources/app/lib/backend/electron-main.js:5:1319254)
    at o.onDidChangeKeyboardLayout (/nix/store/2d5i1bzbqbnl4rgnhk8czrw5zmqqjdzv-arduino-ide-2.3.6-extracted/resources/app/lib/backend/electron-main.js:5:1319604)
    at t.onDidChangeKeyboardLayout (/nix/store/2d5i1bzbqbnl4rgnhk8czrw5zmqqjdzv-arduino-ide-2.3.6-extracted/resources/app/lib/backend/electron-main.js:5:1319982)
    at a.onStart (/nix/store/2d5i1bzbqbnl4rgnhk8czrw5zmqqjdzv-arduino-ide-2.3.6-extracted/resources/app/lib/backend/electron-main.js:2:205197)
    at A.startContributions (/nix/store/2d5i1bzbqbnl4rgnhk8czrw5zmqqjdzv-arduino-ide-2.3.6-extracted/resources/app/lib/backend/electron-main.js:8:1599586)
    at Object.handler (/nix/store/2d5i1bzbqbnl4rgnhk8czrw5zmqqjdzv-arduino-ide-2.3.6-extracted/resources/app/lib/backend/electron-main.js:2:1217714)
    at process.processTicksAndRejections (node:internal/process/task_queues:95:5)
2025-08-19 11:26:52 Restoring workspace roots: /home/aaron/projects/esp32_ble/master
2025-08-19 11:26:52 2025-08-19T18:26:52.688Z root WARN The local plugin referenced by local-dir:/home/aaron/.arduinoIDE/plugins does not exist.
2025-08-19 11:26:52 2025-08-19T18:26:52.688Z root WARN The local plugin referenced by local-dir:/home/aaron/.arduinoIDE/deployedPlugins does not exist.
2025-08-19 11:26:52 2025-08-19T18:26:52.702Z config INFO Loaded CLI configuration: {"board_manager":{"additional_urls":["https://raw.githubusercontent.com/espressif/arduino-esp32/gh-pages/package_esp32_index.json"]},"directories":{"builtin":{"libraries":"/home/aaron/.arduino15/libraries"},"data":"/home/aaron/.arduino15","user":"/home/aaron/Arduino"},"locale":"en"}
2025-08-19 11:26:52 2025-08-19T18:26:52.702Z config INFO 'directories.data' and 'directories.user' are set in the CLI configuration model.
2025-08-19 11:26:52 2025-08-19T18:26:52.702Z config INFO Loaded the CLI configuration.
2025-08-19 11:26:52 2025-08-19T18:26:52.703Z config INFO Mapped the CLI configuration: {"dataDirUri":"file:///home/aaron/.arduino15","sketchDirUri":"file:///home/aaron/Arduino","additionalUrls":["https://raw.githubusercontent.com/espressif/arduino-esp32/gh-pages/package_esp32_index.json"],"network":"none","locale":"en"}
2025-08-19 11:26:52 2025-08-19T18:26:52.703Z config INFO Validating the CLI configuration...
2025-08-19 11:26:52 2025-08-19T18:26:52.704Z config INFO The CLI config is valid.
2025-08-19 11:26:52 2025-08-19T18:26:52.704Z config INFO <<< Initialized the CLI configuration.
2025-08-19 11:26:52 isTempSketch: false. Input was /home/aaron/projects/esp32_ble/master/master.ino
2025-08-19 11:26:52 2025-08-19T18:26:52.735Z root INFO Resolve plugins list: 50.1 ms [Finished 0.867 s after backend start]
2025-08-19 11:26:52 2025-08-19T18:26:52.854Z daemon INFO time="2025-08-19T11:26:52-07:00" level=info msg="arduino-cli version 1.2.0"
2025-08-19 11:26:52 2025-08-19T18:26:52.854Z daemon INFO time="2025-08-19T11:26:52-07:00" level=info msg="Using config file: /home/aaron/.arduinoIDE/arduino-cli.yaml"
time="2025-08-19T11:26:52-07:00" level=info msg="Executing `arduino-cli daemon`"
2025-08-19 11:26:52 2025-08-19T18:26:52.884Z daemon INFO Daemon is now listening on 127.0.0.1:39331
{"IP":"127.0.0.1","Port":"39331"}
2025-08-19 11:26:52 2025-08-19T18:26:52.884Z daemon INFO Daemon is running.
2025-08-19 11:26:52 2025-08-19T18:26:52.960Z daemon INFO time="2025-08-19T11:26:52-07:00" level=info msg="Checking signature" index=/home/aaron/.arduino15/package_index.json signatureFile=/home/aaron/.arduino15/package_index.json.sig trusted=true
2025-08-19 11:26:52 2025-08-19T18:26:52.967Z daemon INFO time="2025-08-19T11:26:52-07:00" level=info msg="Missing signature file" index=/home/aaron/.arduino15/package_esp32_index.json
2025-08-19 11:26:52 2025-08-19T18:26:52.968Z daemon INFO time="2025-08-19T11:26:52-07:00" level=info msg="Loading hardware from: /home/aaron/.arduino15/packages"
2025-08-19 11:26:52 2025-08-19T18:26:52.974Z daemon INFO time="2025-08-19T11:26:52-07:00" level=info msg="Loading package arduino from: /home/aaron/.arduino15/packages/arduino/hardware"
2025-08-19 11:26:52 2025-08-19T18:26:52.982Z daemon INFO time="2025-08-19T11:26:52-07:00" level=info msg="Missing signature file" index=/home/aaron/.arduino15/packages/arduino/hardware/avr/1.8.6/installed.json
time="2025-08-19T11:26:52-07:00" level=info msg="Adding monitor tool" protocol=serial tool="builtin:serial-monitor"
time="2025-08-19T11:26:52-07:00" level=info msg="Loaded platform" platform="arduino:avr@1.8.6"
2025-08-19 11:26:52 2025-08-19T18:26:52.994Z daemon INFO time="2025-08-19T11:26:52-07:00" level=info msg="Missing signature file" index=/home/aaron/.arduino15/packages/arduino/hardware/renesas_uno/1.5.0/installed.json
time="2025-08-19T11:26:52-07:00" level=info msg="Adding monitor tool" protocol=serial tool="builtin:serial-monitor"
time="2025-08-19T11:26:52-07:00" level=info msg="Loaded platform" platform="arduino:renesas_uno@1.5.0"
time="2025-08-19T11:26:52-07:00" level=info msg="Checking existence of 'tools' path: /home/aaron/.arduino15/packages/arduino/tools"
time="2025-08-19T11:26:52-07:00" level=info msg="Loading tools from dir: /home/aaron/.arduino15/packages/arduino/tools"
time="2025-08-19T11:26:52-07:00" level=info msg="Loaded tool" tool="arduino:arduinoOTA@1.3.0"
time="2025-08-19T11:26:52-07:00" level=info msg="Loaded tool" tool="arduino:arm-none-eabi-gcc@7-2017q4"
time="2025-08-19T11:26:52-07:00" level=info msg="Loaded tool" tool="arduino:avr-gcc@7.3.0-atmel3.6.1-arduino7"
time="2025-08-19T11:26:52-07:00" level=info msg="Loaded tool" tool="arduino:avrdude@6.3.0-arduino17"
time="2025-08-19T11:26:52-07:00" level=info msg="Loaded tool" tool="arduino:bossac@1.9.1-arduino5"
time="2025-08-19T11:26:52-07:00" level=info msg="Loaded tool" tool="arduino:dfu-util@0.11.0-arduino5"
time="2025-08-19T11:26:52-07:00" level=info msg="Loaded tool" tool="arduino:openocd@0.11.0-arduino2"
time="2025-08-19T11:26:52-07:00" level=info msg="Loading package builtin from: /home/aaron/.arduino15/packages/builtin"
time="2025-08-19T11:26:52-07:00" level=info msg="Checking existence of 'tools' path: /home/aaron/.arduino15/packages/builtin/tools"
time="2025-08-19T11:26:52-07:00" level=info msg="Loading tools from dir: /home/aaron/.arduino15/packages/builtin/tools"
time="2025-08-19T11:26:52-07:00" level=info msg="Loaded tool" tool="builtin:ctags@5.8-arduino11"
time="2025-08-19T11:26:52-07:00" level=info msg="Loaded tool" tool="builtin:dfu-discovery@0.1.2"
time="2025-08-19T11:26:52-07:00" level=info msg="Loaded tool" tool="builtin:mdns-discovery@1.0.9"
time="2025-08-19T11:26:52-07:00" level=info msg="Loaded tool" tool="builtin:serial-discovery@1.4.1"
time="2025-08-19T11:26:52-07:00" level=info msg="Loaded tool" tool="builtin:serial-monitor@0.15.0"
time="2025-08-19T11:26:52-07:00" level=info msg="Loading package esp32 from: /home/aaron/.arduino15/packages/esp32/hardware"
2025-08-19 11:26:52 2025-08-19T18:26:52.996Z daemon INFO time="2025-08-19T11:26:52-07:00" level=info msg="Missing signature file" index=/home/aaron/.arduino15/packages/esp32/hardware/esp32/3.3.0/installed.json
2025-08-19 11:26:53 2025-08-19T18:26:53.232Z daemon INFO time="2025-08-19T11:26:53-07:00" level=info msg="Adding monitor tool" protocol=serial tool="builtin:serial-monitor"
2025-08-19 11:26:53 2025-08-19T18:26:53.233Z daemon INFO time="2025-08-19T11:26:53-07:00" level=info msg="Loaded platform" platform="esp32:esp32@3.3.0"
time="2025-08-19T11:26:53-07:00" level=info msg="Checking existence of 'tools' path: /home/aaron/.arduino15/packages/esp32/tools"
time="2025-08-19T11:26:53-07:00" level=info msg="Loading tools from dir: /home/aaron/.arduino15/packages/esp32/tools"
2025-08-19 11:26:53 2025-08-19T18:26:53.241Z daemon INFO time="2025-08-19T11:26:53-07:00" level=info msg="Loaded tool" tool="esp32:esp-rv32@2411"
time="2025-08-19T11:26:53-07:00" level=info msg="Loaded tool" tool="esp32:esp-x32@2411"
time="2025-08-19T11:26:53-07:00" level=info msg="Loaded tool" tool="esp32:esp32-arduino-libs@idf-release_v5.5-b66b5448-v1"
time="2025-08-19T11:26:53-07:00" level=info msg="Loaded tool" tool="esp32:esptool_py@5.0.0"
time="2025-08-19T11:26:53-07:00" level=info msg="Loaded tool" tool="esp32:mklittlefs@3.0.0-gnu12-dc7f933"
time="2025-08-19T11:26:53-07:00" level=info msg="Loaded tool" tool="esp32:mkspiffs@0.2.3"
time="2025-08-19T11:26:53-07:00" level=info msg="Loaded tool" tool="esp32:openocd-esp32@v0.12.0-esp32-20250422"
time="2025-08-19T11:26:53-07:00" level=info msg="Loaded tool" tool="esp32:riscv32-esp-elf-gdb@16.2_20250324"
time="2025-08-19T11:26:53-07:00" level=info msg="Loaded tool" tool="esp32:xtensa-esp-elf-gdb@16.2_20250324"
2025-08-19 11:26:53 2025-08-19T18:26:53.251Z daemon INFO time="2025-08-19T11:26:53-07:00" level=info msg="Adding libraries dir" dir=/home/aaron/.arduino15/packages/esp32/hardware/esp32/3.3.0/libraries isSingleLibrary=false location=platform
time="2025-08-19T11:26:53-07:00" level=info msg="Adding libraries dir" dir=/home/aaron/.arduino15/packages/arduino/hardware/renesas_uno/1.5.0/libraries isSingleLibrary=false location=platform
time="2025-08-19T11:26:53-07:00" level=info msg="Adding libraries dir" dir=/home/aaron/.arduino15/packages/arduino/hardware/avr/1.8.6/libraries isSingleLibrary=false location=platform
time="2025-08-19T11:26:53-07:00" level=info msg="Loading libraries index file" index=/home/aaron/.arduino15/library_index.json
2025-08-19 11:26:53 2025-08-19T18:26:53.595Z root INFO Deploy plugins list: 910.7 ms [Finished 1.727 s after backend start]
2025-08-19 11:26:53 2025-08-19T18:26:53.659Z daemon INFO time="2025-08-19T11:26:53-07:00" level=info msg="Adding libraries dir" dir=/home/aaron/.arduino15/libraries isSingleLibrary=false location=ide
time="2025-08-19T11:26:53-07:00" level=info msg="Adding libraries dir" dir=/home/aaron/Arduino/libraries isSingleLibrary=false location=user
2025-08-19 11:26:53 2025-08-19T18:26:53.757Z root INFO creating connection for 1
2025-08-19 11:26:53 2025-08-19T18:26:53.950Z daemon INFO time="2025-08-19T11:26:53-07:00" level=warning msg="Error loading library" error="rpc error: code = Internal desc = loading library from /home/aaron/Arduino/libraries/SoftSerialTest: invalid library: no header files found"
2025-08-19 11:26:53 2025-08-19T18:26:53.959Z discovery-log INFO start resolved watching
2025-08-19 11:26:54 2025-08-19T18:26:54.000Z discovery-log INFO {"eventType":"add","port":{"matchingBoardsList":[{"name":"Arduino UNO R4 WiFi","fqbn":"arduino:renesas_uno:unor4wifi","isHidden":false}],"port":{"address":"/dev/ttyACM0","label":"/dev/ttyACM0","protocol":"serial","protocolLabel":"Serial Port (USB)","propertiesMap":[["pid","0x1002"],["serialNumber","9888E0072B9C"],["vid","0x2341"]],"hardwareId":"9888E0072B9C"}},"error":""}
2025-08-19 11:26:54 2025-08-19T18:26:54.000Z discovery-log INFO {"eventType":"add","port":{"matchingBoardsList":[],"port":{"address":"/dev/ttyS0","label":"/dev/ttyS0","protocol":"serial","protocolLabel":"Serial Port","propertiesMap":[],"hardwareId":""}},"error":""}
2025-08-19 11:26:54 2025-08-19T18:26:54.931Z root ERROR Error: node-loader:
Error: libxkbfile.so.1: cannot open shared object file: No such file or directory
    at 95585 (/nix/store/2d5i1bzbqbnl4rgnhk8czrw5zmqqjdzv-arduino-ide-2.3.6-extracted/resources/app/lib/backend/main.js:2:6468723)
    at __webpack_require__ (/nix/store/2d5i1bzbqbnl4rgnhk8czrw5zmqqjdzv-arduino-ide-2.3.6-extracted/resources/app/lib/backend/main.js:2:7034640)
    at r._init (/nix/store/2d5i1bzbqbnl4rgnhk8czrw5zmqqjdzv-arduino-ide-2.3.6-extracted/resources/app/lib/backend/main.js:2:4537535)
    at r.getCurrentKeyboardLayout (/nix/store/2d5i1bzbqbnl4rgnhk8czrw5zmqqjdzv-arduino-ide-2.3.6-extracted/resources/app/lib/backend/main.js:2:4537734)
    at t.getCurrentKeyboardLayout (/nix/store/2d5i1bzbqbnl4rgnhk8czrw5zmqqjdzv-arduino-ide-2.3.6-extracted/resources/app/lib/backend/main.js:2:4538141)
    at s.getNativeLayoutSync (/nix/store/2d5i1bzbqbnl4rgnhk8czrw5zmqqjdzv-arduino-ide-2.3.6-extracted/resources/app/lib/backend/main.js:2:1830040)
    at s.getNativeLayout (/nix/store/2d5i1bzbqbnl4rgnhk8czrw5zmqqjdzv-arduino-ide-2.3.6-extracted/resources/app/lib/backend/main.js:2:1829981)
    at u.onRequest (/nix/store/2d5i1bzbqbnl4rgnhk8czrw5zmqqjdzv-arduino-ide-2.3.6-extracted/resources/app/lib/backend/main.js:2:4942964)
    at c.requestHandler (/nix/store/2d5i1bzbqbnl4rgnhk8czrw5zmqqjdzv-arduino-ide-2.3.6-extracted/resources/app/lib/backend/main.js:2:4942783)
    at c.handleRequest (/nix/store/2d5i1bzbqbnl4rgnhk8czrw5zmqqjdzv-arduino-ide-2.3.6-extracted/resources/app/lib/backend/main.js:2:524486)
2025-08-19 11:26:54 2025-08-19T18:26:54.931Z root ERROR TypeError: Cannot read properties of null (reading 'getKeyMap')
    at r.getKeyMap (/nix/store/2d5i1bzbqbnl4rgnhk8czrw5zmqqjdzv-arduino-ide-2.3.6-extracted/resources/app/lib/backend/main.js:2:4537620)
    at t.getKeyMap (/nix/store/2d5i1bzbqbnl4rgnhk8czrw5zmqqjdzv-arduino-ide-2.3.6-extracted/resources/app/lib/backend/main.js:2:4538201)
    at s.getNativeLayoutSync (/nix/store/2d5i1bzbqbnl4rgnhk8czrw5zmqqjdzv-arduino-ide-2.3.6-extracted/resources/app/lib/backend/main.js:2:1830077)
    at s.getNativeLayout (/nix/store/2d5i1bzbqbnl4rgnhk8czrw5zmqqjdzv-arduino-ide-2.3.6-extracted/resources/app/lib/backend/main.js:2:1829981)
    at u.onRequest (/nix/store/2d5i1bzbqbnl4rgnhk8czrw5zmqqjdzv-arduino-ide-2.3.6-extracted/resources/app/lib/backend/main.js:2:4942964)
    at c.requestHandler (/nix/store/2d5i1bzbqbnl4rgnhk8czrw5zmqqjdzv-arduino-ide-2.3.6-extracted/resources/app/lib/backend/main.js:2:4942783)
    at c.handleRequest (/nix/store/2d5i1bzbqbnl4rgnhk8czrw5zmqqjdzv-arduino-ide-2.3.6-extracted/resources/app/lib/backend/main.js:2:524486)
    at c.handleMessage (/nix/store/2d5i1bzbqbnl4rgnhk8czrw5zmqqjdzv-arduino-ide-2.3.6-extracted/resources/app/lib/backend/main.js:2:522388)
    at /nix/store/2d5i1bzbqbnl4rgnhk8czrw5zmqqjdzv-arduino-ide-2.3.6-extracted/resources/app/lib/backend/main.js:2:522022
    at /nix/store/2d5i1bzbqbnl4rgnhk8czrw5zmqqjdzv-arduino-ide-2.3.6-extracted/resources/app/lib/backend/main.js:2:6419737
2025-08-19 11:26:54 2025-08-19T18:26:54.932Z root WARN A command editor.action.toggleStickyScroll is already registered.
2025-08-19 11:26:54 2025-08-19T18:26:54.965Z sketches-service WARN Warning! The request sketch path was different than the response sketch path from the CLI. This could be a potential bug. Request: </home/aaron/projects/esp32_ble/master/master.ino>, response: </home/aaron/projects/esp32_ble/master>.
2025-08-19 11:26:54 Opening channel for service path '/services/electron-window'.
2025-08-19 11:26:55 Opening channel for service path '/services/ide-updater'.
2025-08-19 11:26:55 2025-08-19T18:26:55.053Z root INFO Start frontend contributions: 303.9 ms [Finished 2.323 s after frontend start]
2025-08-19 11:26:55 2025-08-19T18:26:55.054Z root INFO Changed application state from 'init' to 'started_contributions'.
2025-08-19 11:26:55 2025-08-19T18:26:55.063Z root INFO Changed application state from 'started_contributions' to 'attached_shell'.
2025-08-19 11:26:55 2025-08-19T18:26:55.063Z root INFO >>> Restoring the layout state...
2025-08-19 11:26:55 2025-08-19T18:26:55.142Z root INFO [41a60d76-155d-4b55-a3ca-861cf40839d1] Waiting for backend deployment: 106.1 ms [Finished 2.424 s after frontend start]
2025-08-19 11:26:55 2025-08-19T18:26:55.876Z root INFO [hosted-plugin: 24008] PLUGIN_HOST(24008) starting instance
[Object: null prototype] {}
2025-08-19 11:26:56 2025-08-19T18:26:56.635Z root INFO [41a60d76-155d-4b55-a3ca-861cf40839d1] Sync of 23 plugins: 1495.2 ms [Finished 3.919 s after frontend start]
2025-08-19 11:26:56 2025-08-19T18:26:56.662Z root INFO ------- SERIALIZED LAYOUT DATA -------
2025-08-19 11:26:56 2025-08-19T18:26:56.662Z root INFO {"version":5,"mainPanel":{"main":{"type":"tab-area","widgets":[{"constructionOptions":{"factoryId":"code-editor-opener","options":{"counter":0,"kind":"navigatable","uri":"file:///home/aaron/projects/esp32_ble/master/master.ino"}},"innerWidgetState":"{\"cursorState\":[{\"inSelectionMode\":false,\"selectionStart\":{\"lineNumber\":145,\"column\":1},\"position\":{\"lineNumber\":145,\"column\":1}}],\"viewState\":{\"scrollLeft\":0,\"firstPosition\":{\"lineNumber\":8,\"column\":1},\"firstPositionDeltaTop\":-17},\"contributionsState\":{\"editor.contrib.folding\":{\"lineCount\":145,\"provider\":\"indent\",\"foldedImports\":false},\"editor.contrib.wordHighlighter\":false}}"},{"constructionOptions":{"factoryId":"code-editor-opener","options":{"counter":1,"kind":"navigatable","uri":"file:///home/aaron/projects/esp32_ble/master/sd_read_write.h"}},"innerWidgetState":"{\"cursorState\":[{\"inSelectionMode\":false,\"selectionStart\":{\"lineNumber\":1,\"column\":1},\"position\":{\"lineNumber\":1,\"column\":1}}],\"viewState\":{\"scrollLeft\":0,\"firstPosition\":{\"lineNumber\":1,\"column\":1},\"firstPositionDeltaTop\":0},\"contributionsState\":{\"editor.contrib.folding\":{\"lineCount\":18,\"provider\":\"indent\",\"foldedImports\":false},\"editor.contrib.wordHighlighter\":false}}"},{"constructionOptions":{"factoryId":"code-editor-opener","options":{"counter":1,"kind":"navigatable","uri":"file:///home/aaron/projects/esp32_ble/master/sd_read_write.cpp"}},"innerWidgetState":"{\"cursorState\":[{\"inSelectionMode\":false,\"selectionStart\":{\"lineNumber\":1,\"column\":1},\"position\":{\"lineNumber\":1,\"column\":1}}],\"viewState\":{\"scrollLeft\":0,\"firstPosition\":{\"lineNumber\":1,\"column\":1},\"firstPositionDeltaTop\":0},\"contributionsState\":{\"editor.contrib.folding\":{\"lineCount\":154,\"provider\":\"indent\",\"foldedImports\":false},\"editor.contrib.wordHighlighter\":false}}"}],"currentIndex":0}},"mainPanelPinned":[false,false,false],"bottomPanel":{"config":{"main":{"type":"tab-area","widgets":[{"constructionOptions":{"factoryId":"outputView"},"innerWidgetState":"{\"locked\":false}"},{"constructionOptions":{"factoryId":"serial-monitor"}}],"currentIndex":1}},"pinned":[false,false],"size":384,"expanded":true},"leftPanel":{"type":"sidepanel","items":[{"widget":{"constructionOptions":{"factoryId":"arduino-sketchbook-widget"}},"rank":1,"expanded":false,"pinned":false},{"widget":{"constructionOptions":{"factoryId":"boards-list-widget"}},"rank":2,"expanded":false,"pinned":false},{"widget":{"constructionOptions":{"factoryId":"library-list-widget"}},"rank":3,"expanded":false,"pinned":false},{"widget":{"constructionOptions":{"factoryId":"debug"},"innerWidgetState":"{\"parts\":[{\"partId\":\"debug:threads:-1\",\"collapsed\":false,\"hidden\":false,\"relativeSize\":1.384,\"originalContainerId\":\"debug:view-container:-1\",\"originalContainerTitle\":{\"label\":\"debug\",\"iconClass\":\"codicon codicon-debug-alt\",\"closeable\":true},\"widget\":{\"constructionOptions\":{\"factoryId\":\"debug:threads\"},\"innerWidgetState\":\"{}\"}},{\"partId\":\"debug:frames:-1\",\"collapsed\":false,\"hidden\":false,\"relativeSize\":1.384,\"originalContainerId\":\"debug:view-container:-1\",\"originalContainerTitle\":{\"label\":\"debug\",\"iconClass\":\"codicon codicon-debug-alt\",\"closeable\":true},\"widget\":{\"constructionOptions\":{\"factoryId\":\"debug:frames\"},\"innerWidgetState\":\"{}\"}},{\"partId\":\"debug:variables:-1\",\"collapsed\":false,\"hidden\":false,\"relativeSize\":1.384,\"originalContainerId\":\"debug:view-container:-1\",\"originalContainerTitle\":{\"label\":\"debug\",\"iconClass\":\"codicon codicon-debug-alt\",\"closeable\":true},\"widget\":{\"constructionOptions\":{\"factoryId\":\"debug:variables\"},\"innerWidgetState\":\"{}\"}},{\"partId\":\"debug:watch:-1\",\"collapsed\":false,\"hidden\":false,\"relativeSize\":1.384,\"originalContainerId\":\"debug:view-container:-1\",\"originalContainerTitle\":{\"label\":\"debug\",\"iconClass\":\"codicon codicon-debug-alt\",\"closeable\":true},\"widget\":{\"constructionOptions\":{\"factoryId\":\"debug:watch\"},\"innerWidgetState\":\"{}\"}},{\"partId\":\"debug:breakpoints:-1\",\"collapsed\":false,\"hidden\":false,\"relativeSize\":1.384,\"originalContainerId\":\"debug:view-container:-1\",\"originalContainerTitle\":{\"label\":\"debug\",\"iconClass\":\"codicon codicon-debug-alt\",\"closeable\":true},\"widget\":{\"constructionOptions\":{\"factoryId\":\"debug:breakpoints\"},\"innerWidgetState\":\"{}\"}},{\"partId\":\"plugin-view:cortex-debug.peripherals\",\"collapsed\":true,\"hidden\":true,\"originalContainerId\":\"debug:view-container:-1\",\"originalContainerTitle\":{\"label\":\"debug\",\"iconClass\":\"codicon codicon-debug-alt\",\"closeable\":true},\"widget\":{\"constructionOptions\":{\"factoryId\":\"plugin-view\",\"options\":{\"id\":\"plugin-view:cortex-debug.peripherals\",\"viewId\":\"cortex-debug.peripherals\"}},\"innerWidgetState\":\"{\\\"label\\\":\\\"Cortex Peripherals\\\",\\\"widgets\\\":[],\\\"suppressUpdateViewVisibility\\\":false,\\\"currentViewContainerId\\\":\\\"debug\\\"}\"}},{\"partId\":\"plugin-view:cortex-debug.registers\",\"collapsed\":true,\"hidden\":true,\"originalContainerId\":\"debug:view-container:-1\",\"originalContainerTitle\":{\"label\":\"debug\",\"iconClass\":\"codicon codicon-debug-alt\",\"closeable\":true},\"widget\":{\"constructionOptions\":{\"factoryId\":\"plugin-view\",\"options\":{\"id\":\"plugin-view:cortex-debug.registers\",\"viewId\":\"cortex-debug.registers\"}},\"innerWidgetState\":\"{\\\"label\\\":\\\"Cortex Registers\\\",\\\"widgets\\\":[],\\\"suppressUpdateViewVisibility\\\":false,\\\"currentViewContainerId\\\":\\\"debug\\\"}\"}}],\"title\":{\"label\":\"debug\",\"iconClass\":\"codicon codicon-debug-alt\",\"closeable\":true}}"},"rank":4,"expanded":false,"pinned":false},{"widget":{"constructionOptions":{"factoryId":"search-view-container"},"innerWidgetState":"{\"parts\":[{\"partId\":\"search-in-workspace\",\"collapsed\":false,\"hidden\":false,\"originalContainerId\":\"search-view-container\",\"originalContainerTitle\":{\"label\":\"Search\",\"iconClass\":\"codicon codicon-search\",\"closeable\":true},\"widget\":{\"constructionOptions\":{\"factoryId\":\"search-in-workspace\"},\"innerWidgetState\":\"{\\\"matchCaseState\\\":{\\\"className\\\":\\\"codicon codicon-case-sensitive\\\",\\\"enabled\\\":false,\\\"title\\\":\\\"Match Case\\\"},\\\"wholeWordState\\\":{\\\"className\\\":\\\"codicon codicon-whole-word\\\",\\\"enabled\\\":false,\\\"title\\\":\\\"Match Whole Word\\\"},\\\"regExpState\\\":{\\\"className\\\":\\\"codicon codicon-regex\\\",\\\"enabled\\\":false,\\\"title\\\":\\\"Use Regular Expression\\\"},\\\"includeIgnoredState\\\":{\\\"className\\\":\\\"codicon codicon-eye\\\",\\\"enabled\\\":false,\\\"title\\\":\\\"Include Ignored Files\\\"},\\\"showSearchDetails\\\":false,\\\"searchInWorkspaceOptions\\\":{\\\"matchCase\\\":false,\\\"matchWholeWord\\\":false,\\\"useRegExp\\\":false,\\\"multiline\\\":false,\\\"includeIgnored\\\":false,\\\"include\\\":[],\\\"exclude\\\":[],\\\"maxResults\\\":2000},\\\"searchTerm\\\":\\\"\\\",\\\"replaceTerm\\\":\\\"\\\",\\\"showReplaceField\\\":false,\\\"searchHistoryState\\\":{\\\"history\\\":[],\\\"index\\\":0},\\\"replaceHistoryState\\\":{\\\"history\\\":[],\\\"index\\\":0},\\\"includeHistoryState\\\":{\\\"history\\\":[],\\\"index\\\":0},\\\"excludeHistoryState\\\":{\\\"history\\\":[],\\\"index\\\":0}}\"}}],\"title\":{\"label\":\"Search\",\"iconClass\":\"fa fa-arduino-search\",\"closeable\":true}}"},"rank":5,"expanded":false,"pinned":false}],"size":268},"rightPanel":{"type":"sidepanel","items":[]}}
2025-08-19 11:26:56 2025-08-19T18:26:56.663Z root INFO ------- END SERIALIZED LAYOUT DATA -------
2025-08-19 11:26:57 2025-08-19T18:26:57.094Z root INFO <<< The layout has been successfully restored.
2025-08-19 11:26:57 2025-08-19T18:26:57.213Z root INFO Initialize the workbench layout: 2031.3 ms [Finished 4.379 s after frontend start]
2025-08-19 11:26:57 2025-08-19T18:26:57.215Z root INFO Changed application state from 'attached_shell' to 'initialized_layout'.
2025-08-19 11:26:57 2025-08-19T18:26:57.217Z root INFO [41a60d76-155d-4b55-a3ca-861cf40839d1] Loading plugin contributions
2025-08-19 11:26:57 2025-08-19T18:26:57.217Z root INFO [41a60d76-155d-4b55-a3ca-861cf40839d1] Load contributions of 23 plugins: 115.8 ms [Finished 4.497 s after frontend start]
2025-08-19 11:26:57 2025-08-19T18:26:57.266Z root WARN 'cpp' language is remapped from 'source.cpp.embedded.macro' to 'source.cpp' scope
2025-08-19 11:26:57 2025-08-19T18:26:57.266Z root WARN a registered grammar configuration for 'cpp' language is overridden
2025-08-19 11:26:57 2025-08-19T18:26:57.586Z root ERROR [hosted-plugin: 24008] Conflict in settings file Default: Ignoring cortex-debug.armToolchainPath.linux as cortex-debug.armToolchainPath is null
2025-08-19 11:26:57 2025-08-19T18:26:57.586Z root ERROR [hosted-plugin: 24008] Conflict in settings file Default: Ignoring cortex-debug.armToolchainPath.osx as cortex-debug.armToolchainPath is null
Conflict in settings file Default: Ignoring cortex-debug.armToolchainPath.windows as cortex-debug.armToolchainPath is null
2025-08-19 11:26:57 2025-08-19T18:26:57.586Z root ERROR [hosted-plugin: 24008] Conflict in settings file Default: Ignoring cortex-debug.JLinkGDBServerPath.linux as cortex-debug.JLinkGDBServerPath is null
Conflict in settings file Default: Ignoring cortex-debug.JLinkGDBServerPath.osx as cortex-debug.JLinkGDBServerPath is null
2025-08-19 11:26:57 2025-08-19T18:26:57.587Z root ERROR [hosted-plugin: 24008] Conflict in settings file Default: Ignoring cortex-debug.JLinkGDBServerPath.windows as cortex-debug.JLinkGDBServerPath is null
2025-08-19 11:26:57 2025-08-19T18:26:57.587Z root ERROR [hosted-plugin: 24008] Conflict in settings file Default: Ignoring cortex-debug.openocdPath.linux as cortex-debug.openocdPath is null
2025-08-19 11:26:57 2025-08-19T18:26:57.587Z root ERROR [hosted-plugin: 24008] Conflict in settings file Default: Ignoring cortex-debug.openocdPath.osx as cortex-debug.openocdPath is null
Conflict in settings file Default: Ignoring cortex-debug.openocdPath.windows as cortex-debug.openocdPath is null
2025-08-19 11:26:57 2025-08-19T18:26:57.587Z root ERROR [hosted-plugin: 24008] Conflict in settings file Default: Ignoring cortex-debug.pyocdPath.linux as cortex-debug.pyocdPath is null
Conflict in settings file Default: Ignoring cortex-debug.pyocdPath.osx as cortex-debug.pyocdPath is null
2025-08-19 11:26:57 2025-08-19T18:26:57.587Z root ERROR [hosted-plugin: 24008] Conflict in settings file Default: Ignoring cortex-debug.pyocdPath.windows as cortex-debug.pyocdPath is null
Conflict in settings file Default: Ignoring cortex-debug.PEGDBServerPath.linux as cortex-debug.PEGDBServerPath is null
2025-08-19 11:26:57 2025-08-19T18:26:57.587Z root ERROR [hosted-plugin: 24008] Conflict in settings file Default: Ignoring cortex-debug.PEGDBServerPath.osx as cortex-debug.PEGDBServerPath is null
Conflict in settings file Default: Ignoring cortex-debug.PEGDBServerPath.windows as cortex-debug.PEGDBServerPath is null
2025-08-19 11:26:57 2025-08-19T18:26:57.587Z root ERROR [hosted-plugin: 24008] Conflict in settings file Default: Ignoring cortex-debug.stutilPath.linux as cortex-debug.stutilPath is null
Conflict in settings file Default: Ignoring cortex-debug.stutilPath.osx as cortex-debug.stutilPath is null
Conflict in settings file Default: Ignoring cortex-debug.stutilPath.windows as cortex-debug.stutilPath is null
2025-08-19 11:26:57 2025-08-19T18:26:57.587Z root ERROR [hosted-plugin: 24008] Conflict in settings file Default: Ignoring cortex-debug.stlinkPath.linux as cortex-debug.stlinkPath is null
Conflict in settings file Default: Ignoring cortex-debug.stlinkPath.osx as cortex-debug.stlinkPath is null
Conflict in settings file Default: Ignoring cortex-debug.stlinkPath.windows as cortex-debug.stlinkPath is null
Conflict in settings file Default: Ignoring cortex-debug.stm32cubeprogrammer.linux as cortex-debug.stm32cubeprogrammer is null
Conflict in settings file Default: Ignoring cortex-debug.stm32cubeprogrammer.osx as cortex-debug.stm32cubeprogrammer is null
2025-08-19 11:26:57 2025-08-19T18:26:57.587Z root ERROR [hosted-plugin: 24008] Conflict in settings file Default: Ignoring cortex-debug.stm32cubeprogrammer.windows as cortex-debug.stm32cubeprogrammer is null
2025-08-19 11:26:57 2025-08-19T18:26:57.603Z root INFO [hosted-plugin: 24008] PLUGIN_HOST(24008): PluginManagerExtImpl/init()
2025-08-19 11:26:57 2025-08-19T18:26:57.606Z root INFO [hosted-plugin: 24008] PLUGIN_HOST(24008): initializing(vscode-arduino-api@0.1.2 with /nix/store/2d5i1bzbqbnl4rgnhk8czrw5zmqqjdzv-arduino-ide-2.3.6-extracted/resources/app/lib/backend/plugin-vscode-init)
2025-08-19 11:26:57 2025-08-19T18:26:57.679Z root INFO [hosted-plugin: 24008] PLUGIN_HOST(24008): initializing(json-language-features@1.88.1 with /nix/store/2d5i1bzbqbnl4rgnhk8czrw5zmqqjdzv-arduino-ide-2.3.6-extracted/resources/app/lib/backend/plugin-vscode-init)
2025-08-19 11:26:57 2025-08-19T18:26:57.683Z root INFO [hosted-plugin: 24008] PLUGIN_HOST(24008): initializing(cortex-debug@1.5.1 with /nix/store/2d5i1bzbqbnl4rgnhk8czrw5zmqqjdzv-arduino-ide-2.3.6-extracted/resources/app/lib/backend/plugin-vscode-init)
2025-08-19 11:26:57 2025-08-19T18:26:57.684Z root INFO [hosted-plugin: 24008] Debugger contribution has been registered: cortex-debug
2025-08-19 11:26:57 2025-08-19T18:26:57.686Z root INFO [hosted-plugin: 24008] PLUGIN_HOST(24008): initializing(vscode-arduino-tools@0.1.3 with /nix/store/2d5i1bzbqbnl4rgnhk8czrw5zmqqjdzv-arduino-ide-2.3.6-extracted/resources/app/lib/backend/plugin-vscode-init)
2025-08-19 11:26:57 2025-08-19T18:26:57.687Z root INFO [hosted-plugin: 24008] PLUGIN_HOST(24008): initializing(cpp@1.88.1 with /nix/store/2d5i1bzbqbnl4rgnhk8czrw5zmqqjdzv-arduino-ide-2.3.6-extracted/resources/app/lib/backend/plugin-vscode-init)
2025-08-19 11:26:57 2025-08-19T18:26:57.689Z root INFO [hosted-plugin: 24008] PLUGIN_HOST(24008): initializing(json@1.88.1 with /nix/store/2d5i1bzbqbnl4rgnhk8czrw5zmqqjdzv-arduino-ide-2.3.6-extracted/resources/app/lib/backend/plugin-vscode-init)
2025-08-19 11:26:57 2025-08-19T18:26:57.691Z root INFO [hosted-plugin: 24008] PLUGIN_HOST(24008): initializing(vscode-language-pack-bg@1.48.3 with /nix/store/2d5i1bzbqbnl4rgnhk8czrw5zmqqjdzv-arduino-ide-2.3.6-extracted/resources/app/lib/backend/plugin-vscode-init)
2025-08-19 11:26:57 2025-08-19T18:26:57.696Z root INFO [hosted-plugin: 24008] PLUGIN_HOST(24008): initializing(vscode-language-pack-cs@1.96.0 with /nix/store/2d5i1bzbqbnl4rgnhk8czrw5zmqqjdzv-arduino-ide-2.3.6-extracted/resources/app/lib/backend/plugin-vscode-init)
2025-08-19 11:26:57 2025-08-19T18:26:57.697Z root INFO [hosted-plugin: 24008] PLUGIN_HOST(24008): initializing(vscode-language-pack-de@1.96.0 with /nix/store/2d5i1bzbqbnl4rgnhk8czrw5zmqqjdzv-arduino-ide-2.3.6-extracted/resources/app/lib/backend/plugin-vscode-init)
2025-08-19 11:26:57 2025-08-19T18:26:57.698Z root INFO [hosted-plugin: 24008] PLUGIN_HOST(24008): initializing(vscode-language-pack-es@1.96.0 with /nix/store/2d5i1bzbqbnl4rgnhk8czrw5zmqqjdzv-arduino-ide-2.3.6-extracted/resources/app/lib/backend/plugin-vscode-init)
2025-08-19 11:26:57 2025-08-19T18:26:57.699Z root INFO [hosted-plugin: 24008] PLUGIN_HOST(24008): initializing(vscode-language-pack-fr@1.96.0 with /nix/store/2d5i1bzbqbnl4rgnhk8czrw5zmqqjdzv-arduino-ide-2.3.6-extracted/resources/app/lib/backend/plugin-vscode-init)
2025-08-19 11:26:57 2025-08-19T18:26:57.700Z root INFO [hosted-plugin: 24008] PLUGIN_HOST(24008): initializing(vscode-language-pack-hu@1.48.3 with /nix/store/2d5i1bzbqbnl4rgnhk8czrw5zmqqjdzv-arduino-ide-2.3.6-extracted/resources/app/lib/backend/plugin-vscode-init)
2025-08-19 11:26:57 2025-08-19T18:26:57.700Z root INFO [hosted-plugin: 24008] PLUGIN_HOST(24008): initializing(vscode-language-pack-it@1.96.0 with /nix/store/2d5i1bzbqbnl4rgnhk8czrw5zmqqjdzv-arduino-ide-2.3.6-extracted/resources/app/lib/backend/plugin-vscode-init)
2025-08-19 11:26:57 2025-08-19T18:26:57.701Z root INFO [hosted-plugin: 24008] PLUGIN_HOST(24008): initializing(vscode-language-pack-ja@1.96.0 with /nix/store/2d5i1bzbqbnl4rgnhk8czrw5zmqqjdzv-arduino-ide-2.3.6-extracted/resources/app/lib/backend/plugin-vscode-init)
2025-08-19 11:26:57 2025-08-19T18:26:57.701Z root INFO [hosted-plugin: 24008] PLUGIN_HOST(24008): initializing(vscode-language-pack-ko@1.96.0 with /nix/store/2d5i1bzbqbnl4rgnhk8czrw5zmqqjdzv-arduino-ide-2.3.6-extracted/resources/app/lib/backend/plugin-vscode-init)
2025-08-19 11:26:57 2025-08-19T18:26:57.702Z root INFO [hosted-plugin: 24008] PLUGIN_HOST(24008): initializing(vscode-language-pack-nl@1.48.3 with /nix/store/2d5i1bzbqbnl4rgnhk8czrw5zmqqjdzv-arduino-ide-2.3.6-extracted/resources/app/lib/backend/plugin-vscode-init)
2025-08-19 11:26:57 2025-08-19T18:26:57.702Z root INFO [hosted-plugin: 24008] PLUGIN_HOST(24008): initializing(vscode-language-pack-pl@1.96.0 with /nix/store/2d5i1bzbqbnl4rgnhk8czrw5zmqqjdzv-arduino-ide-2.3.6-extracted/resources/app/lib/backend/plugin-vscode-init)
2025-08-19 11:26:57 2025-08-19T18:26:57.703Z root INFO [hosted-plugin: 24008] PLUGIN_HOST(24008): initializing(vscode-language-pack-pt-BR@1.96.0 with /nix/store/2d5i1bzbqbnl4rgnhk8czrw5zmqqjdzv-arduino-ide-2.3.6-extracted/resources/app/lib/backend/plugin-vscode-init)
2025-08-19 11:26:57 2025-08-19T18:26:57.703Z root INFO [hosted-plugin: 24008] PLUGIN_HOST(24008): initializing(vscode-language-pack-ru@1.96.0 with /nix/store/2d5i1bzbqbnl4rgnhk8czrw5zmqqjdzv-arduino-ide-2.3.6-extracted/resources/app/lib/backend/plugin-vscode-init)
2025-08-19 11:26:57 2025-08-19T18:26:57.704Z root INFO [hosted-plugin: 24008] PLUGIN_HOST(24008): initializing(vscode-language-pack-tr@1.96.0 with /nix/store/2d5i1bzbqbnl4rgnhk8czrw5zmqqjdzv-arduino-ide-2.3.6-extracted/resources/app/lib/backend/plugin-vscode-init)
2025-08-19 11:26:57 2025-08-19T18:26:57.704Z root INFO [hosted-plugin: 24008] PLUGIN_HOST(24008): initializing(vscode-language-pack-uk@1.48.3 with /nix/store/2d5i1bzbqbnl4rgnhk8czrw5zmqqjdzv-arduino-ide-2.3.6-extracted/resources/app/lib/backend/plugin-vscode-init)
2025-08-19 11:26:57 2025-08-19T18:26:57.704Z root INFO [hosted-plugin: 24008] PLUGIN_HOST(24008): initializing(vscode-language-pack-zh-hans@1.96.0 with /nix/store/2d5i1bzbqbnl4rgnhk8czrw5zmqqjdzv-arduino-ide-2.3.6-extracted/resources/app/lib/backend/plugin-vscode-init)
2025-08-19 11:26:57 2025-08-19T18:26:57.705Z root INFO [hosted-plugin: 24008] PLUGIN_HOST(24008): initializing(vscode-language-pack-zh-hant@1.96.0 with /nix/store/2d5i1bzbqbnl4rgnhk8czrw5zmqqjdzv-arduino-ide-2.3.6-extracted/resources/app/lib/backend/plugin-vscode-init)
2025-08-19 11:26:57 2025-08-19T18:26:57.755Z root INFO [hosted-plugin: 24008] PLUGIN_HOST(24008): PluginManagerExtImpl/loadPlugin(/nix/store/2d5i1bzbqbnl4rgnhk8czrw5zmqqjdzv-arduino-ide-2.3.6-extracted/resources/app/plugins/vscode-builtin-json-language-features/extension/client/dist/node/jsonClientMain)
2025-08-19 11:26:57 2025-08-19T18:26:57.817Z root INFO [hosted-plugin: 24008] PLUGIN_HOST(24008): PluginManagerExtImpl/loadPlugin(/nix/store/2d5i1bzbqbnl4rgnhk8czrw5zmqqjdzv-arduino-ide-2.3.6-extracted/resources/app/plugins/vscode-arduino-tools/extension/dist/extension.js)
2025-08-19 11:26:57 2025-08-19T18:26:57.846Z root INFO [hosted-plugin: 24008] PLUGIN_HOST(24008): PluginManagerExtImpl/loadPlugin(/nix/store/2d5i1bzbqbnl4rgnhk8czrw5zmqqjdzv-arduino-ide-2.3.6-extracted/resources/app/plugins/vscode-arduino-api/extension/dist/extension.js)
2025-08-19 11:26:57 2025-08-19T18:26:57.850Z root INFO [hosted-plugin: 24008] calling activation function on VS Code Arduino Tools
2025-08-19 11:26:57 2025-08-19T18:26:57.850Z root INFO [hosted-plugin: 24008] calling activation function on Arduino IDE API for VS Code extensions
2025-08-19 11:26:57 2025-08-19T18:26:57.855Z root INFO [41a60d76-155d-4b55-a3ca-861cf40839d1] Starting plugins.
2025-08-19 11:26:57 2025-08-19T18:26:57.894Z root INFO [hosted-plugin: 24008] PLUGIN_HOST(24008): PluginManagerExtImpl/loadPlugin(/nix/store/2d5i1bzbqbnl4rgnhk8czrw5zmqqjdzv-arduino-ide-2.3.6-extracted/resources/app/plugins/cortex-debug/extension/dist/extension.js)
2025-08-19 11:26:57 2025-08-19T18:26:57.930Z root INFO [hosted-plugin: 24008] Debug configuration provider has been registered: cortex-debug, trigger: 1
2025-08-19 11:26:57 2025-08-19T18:26:57.930Z root INFO [hosted-plugin: 24008] calling activation function on Cortex-Debug
2025-08-19 11:26:57 2025-08-19T18:26:57.933Z root INFO [hosted-plugin: 24008] GDB server console created
2025-08-19 11:26:57 2025-08-19T18:26:57.944Z root INFO [41a60d76-155d-4b55-a3ca-861cf40839d1] Start of 23 plugins: 727.8 ms [Finished 5.229 s after frontend start]
2025-08-19 11:26:58 2025-08-19T18:26:58.111Z root INFO [hosted-plugin: 24008] calling activation function on JSON Language Features (built-in)
2025-08-19 11:26:58 2025-08-19T18:26:58.284Z root INFO Frontend application start: 3402.1 ms [Finished 6.415 s after backend start]
2025-08-19 11:26:58 Checking for update
2025-08-19 11:26:58 2025-08-19T18:26:58.339Z root INFO Replace loading indicator with ready workbench UI (animation): 840.2 ms [Finished 5.340 s after frontend start]
2025-08-19 11:26:58 2025-08-19T18:26:58.339Z root INFO Changed application state from 'initialized_layout' to 'ready'.
2025-08-19 11:26:58 2025-08-19T18:26:58.339Z root WARN Linked preference "workbench.colorCustomizations" not found.
2025-08-19 11:26:58 2025-08-19T18:26:58.442Z daemon INFO time="2025-08-19T11:26:58-07:00" level=info msg="Updating index" url="https://downloads.arduino.cc/packages/package_index.tar.bz2"
time="2025-08-19T11:26:58-07:00" level=info msg="Starting download" url="https://downloads.arduino.cc/packages/package_index.tar.bz2"
time="2025-08-19T11:26:58-07:00" level=info msg="Starting download" url="https://downloads.arduino.cc/libraries/library_index.tar.bz2"
2025-08-19 11:26:58 2025-08-19T18:26:58.444Z root INFO core-client-provider [platform-index] Downloading index: package_index.tar.bz2

2025-08-19 11:26:58 2025-08-19T18:26:58.444Z root INFO core-client-provider [library-index] Downloading index: library_index.tar.bz2

2025-08-19 11:26:58 2025-08-19T18:26:58.446Z daemon INFO time="2025-08-19T11:26:58-07:00" level=info msg="Starting monitor process" monitor=serial-monitor
time="2025-08-19T11:26:58-07:00" level=info msg="Monitor process started successfully!" monitor=serial-monitor
time="2025-08-19T11:26:58-07:00" level=info msg="sending command" command="HELLO 1 \"arduino-cli 1.2.0\"" monitor=serial-monitor
2025-08-19 11:26:58 2025-08-19T18:26:58.473Z daemon INFO time="2025-08-19T11:26:58-07:00" level=info msg="received message" error=false event_type=hello message=OK monitor=serial-monitor
time="2025-08-19T11:26:58-07:00" level=info msg="sending command" command=DESCRIBE monitor=serial-monitor
time="2025-08-19T11:26:58-07:00" level=info msg="received message" error=false event_type=describe message=OK monitor=serial-monitor
time="2025-08-19T11:26:58-07:00" level=info msg="sending command" command=QUIT monitor=serial-monitor
time="2025-08-19T11:26:58-07:00" level=info msg="received message" error=false event_type=quit message=OK monitor=serial-monitor
time="2025-08-19T11:26:58-07:00" level=info msg="Killing monitor process" monitor=serial-monitor
time="2025-08-19T11:26:58-07:00" level=error msg="stopped decode loop: EOF" monitor=serial-monitor
time="2025-08-19T11:26:58-07:00" level=info msg="Monitor process killed" monitor=serial-monitor
2025-08-19 11:26:58 2025-08-19T18:26:58.504Z monitor-service INFO starting monitor
2025-08-19 11:26:58 2025-08-19T18:26:58.506Z daemon INFO time="2025-08-19T11:26:58-07:00" level=info msg="Starting monitor process" monitor=serial-monitor
2025-08-19 11:26:58 2025-08-19T18:26:58.507Z daemon INFO time="2025-08-19T11:26:58-07:00" level=info msg="Monitor process started successfully!" monitor=serial-monitor
time="2025-08-19T11:26:58-07:00" level=info msg="sending command" command="HELLO 1 \"arduino-cli 1.2.0\"" monitor=serial-monitor
2025-08-19 11:26:58 2025-08-19T18:26:58.509Z daemon INFO time="2025-08-19T11:26:58-07:00" level=info msg="received message" error=false event_type=hello message=OK monitor=serial-monitor
time="2025-08-19T11:26:58-07:00" level=info msg="sending command" command=DESCRIBE monitor=serial-monitor
2025-08-19 11:26:58 2025-08-19T18:26:58.509Z daemon INFO time="2025-08-19T11:26:58-07:00" level=info msg="received message" error=false event_type=describe message=OK monitor=serial-monitor
time="2025-08-19T11:26:58-07:00" level=info msg="sending command" command=QUIT monitor=serial-monitor
2025-08-19 11:26:58 2025-08-19T18:26:58.509Z daemon INFO time="2025-08-19T11:26:58-07:00" level=info msg="received message" error=false event_type=quit message=OK monitor=serial-monitor
time="2025-08-19T11:26:58-07:00" level=info msg="Killing monitor process" monitor=serial-monitor
2025-08-19 11:26:58 2025-08-19T18:26:58.510Z daemon INFO time="2025-08-19T11:26:58-07:00" level=error msg="stopped decode loop: EOF" monitor=serial-monitor
time="2025-08-19T11:26:58-07:00" level=info msg="Monitor process killed" monitor=serial-monitor
2025-08-19 11:26:58 2025-08-19T18:26:58.519Z daemon INFO time="2025-08-19T11:26:58-07:00" level=info msg="Starting monitor process" monitor=serial-monitor
time="2025-08-19T11:26:58-07:00" level=info msg="Monitor process started successfully!" monitor=serial-monitor
time="2025-08-19T11:26:58-07:00" level=info msg="sending command" command="HELLO 1 \"arduino-cli 1.2.0\"" monitor=serial-monitor
time="2025-08-19T11:26:58-07:00" level=info msg="received message" error=false event_type=hello message=OK monitor=serial-monitor
time="2025-08-19T11:26:58-07:00" level=info msg="sending command" command=DESCRIBE monitor=serial-monitor
time="2025-08-19T11:26:58-07:00" level=info msg="received message" error=false event_type=describe message=OK monitor=serial-monitor
time="2025-08-19T11:26:58-07:00" level=info msg="sending command" command="CONFIGURE stop_bits 1" monitor=serial-monitor
time="2025-08-19T11:26:58-07:00" level=info msg="received message" error=false event_type=configure message=OK monitor=serial-monitor
time="2025-08-19T11:26:58-07:00" level=info msg="sending command" command="CONFIGURE baudrate 115200" monitor=serial-monitor
time="2025-08-19T11:26:58-07:00" level=info msg="received message" error=false event_type=configure message=OK monitor=serial-monitor
time="2025-08-19T11:26:58-07:00" level=info msg="sending command" command="CONFIGURE bits 8" monitor=serial-monitor
2025-08-19 11:26:58 2025-08-19T18:26:58.520Z daemon INFO time="2025-08-19T11:26:58-07:00" level=info msg="received message" error=false event_type=configure message=OK monitor=serial-monitor
2025-08-19 11:26:58 2025-08-19T18:26:58.520Z daemon INFO time="2025-08-19T11:26:58-07:00" level=info msg="sending command" command="CONFIGURE dtr on" monitor=serial-monitor
2025-08-19 11:26:58 2025-08-19T18:26:58.520Z daemon INFO time="2025-08-19T11:26:58-07:00" level=info msg="received message" error=false event_type=configure message=OK monitor=serial-monitor
time="2025-08-19T11:26:58-07:00" level=info msg="sending command" command="CONFIGURE parity none" monitor=serial-monitor
2025-08-19 11:26:58 2025-08-19T18:26:58.520Z daemon INFO time="2025-08-19T11:26:58-07:00" level=info msg="received message" error=false event_type=configure message=OK monitor=serial-monitor
time="2025-08-19T11:26:58-07:00" level=info msg="sending command" command="CONFIGURE rts on" monitor=serial-monitor
2025-08-19 11:26:58 2025-08-19T18:26:58.520Z daemon INFO time="2025-08-19T11:26:58-07:00" level=info msg="received message" error=false event_type=configure message=OK monitor=serial-monitor
2025-08-19 11:26:58 2025-08-19T18:26:58.520Z daemon INFO time="2025-08-19T11:26:58-07:00" level=info msg="sending command" command="OPEN 127.0.0.1:35617 /dev/ttyACM0" monitor=serial-monitor
2025-08-19 11:26:58 2025-08-19T18:26:58.524Z daemon INFO time="2025-08-19T11:26:58-07:00" level=info msg="received message" error=false event_type=open message=OK monitor=serial-monitor
time="2025-08-19T11:26:58-07:00" level=info msg="Port /dev/ttyACM0 successfully opened"
2025-08-19 11:26:58 2025-08-19T18:26:58.529Z monitor-service INFO Using port configuration for serial:/dev/ttyACM0: {"settingsList":[{"settingId":"stop_bits","value":"1"},{"settingId":"baudrate","value":"115200"},{"settingId":"bits","value":"8"},{"settingId":"dtr","value":"on"},{"settingId":"parity","value":"none"},{"settingId":"rts","value":"on"}]}
2025-08-19 11:26:58 2025-08-19T18:26:58.529Z monitor-service INFO started monitor to /dev/ttyACM0 using serial
2025-08-19 11:26:58 2025-08-19T18:26:58.614Z monitor-service INFO No port configuration changes have been detected. No need to send configure commands to the running monitor serial:/dev/ttyACM0.
2025-08-19 11:26:58 2025-08-19T18:26:58.615Z daemon INFO time="2025-08-19T11:26:58-07:00" level=info msg="Tool required for debug" tool="arduino:dfu-util@0.11.0-arduino5"
2025-08-19 11:26:58 2025-08-19T18:26:58.615Z daemon INFO time="2025-08-19T11:26:58-07:00" level=info msg="Tool required for debug" tool="esp32:esp-rv32@2411"
time="2025-08-19T11:26:58-07:00" level=info msg="Tool required for debug" tool="esp32:esp-x32@2411"
time="2025-08-19T11:26:58-07:00" level=info msg="Tool required for debug" tool="esp32:esp32-arduino-libs@idf-release_v5.5-b66b5448-v1"
time="2025-08-19T11:26:58-07:00" level=info msg="Tool required for debug" tool="esp32:esptool_py@5.0.0"
2025-08-19 11:26:58 2025-08-19T18:26:58.615Z daemon INFO time="2025-08-19T11:26:58-07:00" level=info msg="Tool required for debug" tool="esp32:mklittlefs@3.0.0-gnu12-dc7f933"
time="2025-08-19T11:26:58-07:00" level=info msg="Tool required for debug" tool="esp32:mkspiffs@0.2.3"
time="2025-08-19T11:26:58-07:00" level=info msg="Tool required for debug" tool="esp32:openocd-esp32@v0.12.0-esp32-20250422"
time="2025-08-19T11:26:58-07:00" level=info msg="Tool required for debug" tool="esp32:riscv32-esp-elf-gdb@16.2_20250324"
time="2025-08-19T11:26:58-07:00" level=info msg="Tool required for debug" tool="esp32:xtensa-esp-elf-gdb@16.2_20250324"
time="2025-08-19T11:26:58-07:00" level=info msg="Tool required for debug" tool="arduino:openocd@0.11.0-arduino2"
time="2025-08-19T11:26:58-07:00" level=info msg="Tool required for debug" tool="builtin:dfu-discovery@0.1.2"
time="2025-08-19T11:26:58-07:00" level=info msg="Tool required for debug" tool="builtin:mdns-discovery@1.0.9"
time="2025-08-19T11:26:58-07:00" level=info msg="Tool required for debug" tool="builtin:serial-discovery@1.4.1"
time="2025-08-19T11:26:58-07:00" level=info msg="Tool required for debug" tool="arduino:avrdude@6.3.0-arduino17"
time="2025-08-19T11:26:58-07:00" level=info msg="Tool required for debug" tool="arduino:bossac@1.9.1-arduino5"
time="2025-08-19T11:26:58-07:00" level=info msg="Tool required for debug" tool="arduino:arduinoOTA@1.3.0"
time="2025-08-19T11:26:58-07:00" level=info msg="Tool required for debug" tool="arduino:arm-none-eabi-gcc@7-2017q4"
time="2025-08-19T11:26:58-07:00" level=info msg="Tool required for debug" tool="builtin:serial-monitor@0.15.0"
2025-08-19 11:26:58 2025-08-19T18:26:58.615Z daemon INFO time="2025-08-19T11:26:58-07:00" level=info msg="Tool required for debug" tool="builtin:ctags@5.8-arduino11"
time="2025-08-19T11:26:58-07:00" level=info msg="Tool required for debug" tool="arduino:avr-gcc@7.3.0-atmel3.6.1-arduino7"
2025-08-19 11:26:58 2025-08-19T18:26:58.617Z root INFO Starting language server: esp32:esp32:sparkfun_esp32s3_thing_plus:UploadSpeed=921600,USBMode=default,CDCOnBoot=default,MSCOnBoot=default,DFUOnBoot=default,UploadMode=default,CPUFreq=240,FlashMode=qio,PartitionScheme=default,DebugLevel=none,PSRAM=enabled,LoopCore=1,EventsCore=1,EraseFlash=none,JTAGAdapter=default,ZigbeeMode=default
2025-08-19 11:26:58 2025-08-19T18:26:58.622Z daemon INFO time="2025-08-19T11:26:58-07:00" level=info msg="Tool required for debug" tool="arduino:dfu-util@0.11.0-arduino5"
time="2025-08-19T11:26:58-07:00" level=info msg="Tool required for debug" tool="esp32:esp-rv32@2411"
time="2025-08-19T11:26:58-07:00" level=info msg="Tool required for debug" tool="esp32:esp-x32@2411"
2025-08-19 11:26:58 2025-08-19T18:26:58.622Z daemon INFO time="2025-08-19T11:26:58-07:00" level=info msg="Tool required for debug" tool="esp32:esp32-arduino-libs@idf-release_v5.5-b66b5448-v1"
time="2025-08-19T11:26:58-07:00" level=info msg="Tool required for debug" tool="esp32:esptool_py@5.0.0"
time="2025-08-19T11:26:58-07:00" level=info msg="Tool required for debug" tool="esp32:mklittlefs@3.0.0-gnu12-dc7f933"
2025-08-19 11:26:58 2025-08-19T18:26:58.622Z daemon INFO time="2025-08-19T11:26:58-07:00" level=info msg="Tool required for debug" tool="esp32:mkspiffs@0.2.3"
time="2025-08-19T11:26:58-07:00" level=info msg="Tool required for debug" tool="esp32:openocd-esp32@v0.12.0-esp32-20250422"
time="2025-08-19T11:26:58-07:00" level=info msg="Tool required for debug" tool="esp32:riscv32-esp-elf-gdb@16.2_20250324"
time="2025-08-19T11:26:58-07:00" level=info msg="Tool required for debug" tool="esp32:xtensa-esp-elf-gdb@16.2_20250324"
time="2025-08-19T11:26:58-07:00" level=info msg="Tool required for debug" tool="builtin:serial-monitor@0.15.0"
time="2025-08-19T11:26:58-07:00" level=info msg="Tool required for debug" tool="arduino:arm-none-eabi-gcc@7-2017q4"
time="2025-08-19T11:26:58-07:00" level=info msg="Tool required for debug" tool="arduino:arduinoOTA@1.3.0"
time="2025-08-19T11:26:58-07:00" level=info msg="Tool required for debug" tool="builtin:serial-discovery@1.4.1"
2025-08-19 11:26:58 2025-08-19T18:26:58.622Z daemon INFO time="2025-08-19T11:26:58-07:00" level=info msg="Tool required for debug" tool="builtin:ctags@5.8-arduino11"
time="2025-08-19T11:26:58-07:00" level=info msg="Tool required for debug" tool="arduino:avr-gcc@7.3.0-atmel3.6.1-arduino7"
2025-08-19 11:26:58 2025-08-19T18:26:58.622Z daemon INFO time="2025-08-19T11:26:58-07:00" level=info msg="Tool required for debug" tool="builtin:mdns-discovery@1.0.9"
time="2025-08-19T11:26:58-07:00" level=info msg="Tool required for debug" tool="arduino:openocd@0.11.0-arduino2"
time="2025-08-19T11:26:58-07:00" level=info msg="Tool required for debug" tool="arduino:avrdude@6.3.0-arduino17"
time="2025-08-19T11:26:58-07:00" level=info msg="Tool required for debug" tool="builtin:dfu-discovery@0.1.2"
time="2025-08-19T11:26:58-07:00" level=info msg="Tool required for debug" tool="arduino:bossac@1.9.1-arduino5"
2025-08-19 11:26:58 2025-08-19T18:26:58.811Z daemon INFO time="2025-08-19T11:26:58-07:00" level=info msg="Tool required for debug" tool="arduino:dfu-util@0.11.0-arduino5"
time="2025-08-19T11:26:58-07:00" level=info msg="Tool required for debug" tool="esp32:esp-rv32@2411"
time="2025-08-19T11:26:58-07:00" level=info msg="Tool required for debug" tool="esp32:esp-x32@2411"
time="2025-08-19T11:26:58-07:00" level=info msg="Tool required for debug" tool="esp32:esp32-arduino-libs@idf-release_v5.5-b66b5448-v1"
time="2025-08-19T11:26:58-07:00" level=info msg="Tool required for debug" tool="esp32:esptool_py@5.0.0"
time="2025-08-19T11:26:58-07:00" level=info msg="Tool required for debug" tool="esp32:mklittlefs@3.0.0-gnu12-dc7f933"
time="2025-08-19T11:26:58-07:00" level=info msg="Tool required for debug" tool="esp32:mkspiffs@0.2.3"
time="2025-08-19T11:26:58-07:00" level=info msg="Tool required for debug" tool="esp32:openocd-esp32@v0.12.0-esp32-20250422"
time="2025-08-19T11:26:58-07:00" level=info msg="Tool required for debug" tool="esp32:riscv32-esp-elf-gdb@16.2_20250324"
time="2025-08-19T11:26:58-07:00" level=info msg="Tool required for debug" tool="esp32:xtensa-esp-elf-gdb@16.2_20250324"
time="2025-08-19T11:26:58-07:00" level=info msg="Tool required for debug" tool="arduino:avr-gcc@7.3.0-atmel3.6.1-arduino7"
time="2025-08-19T11:26:58-07:00" level=info msg="Tool required for debug" tool="builtin:dfu-discovery@0.1.2"
time="2025-08-19T11:26:58-07:00" level=info msg="Tool required for debug" tool="builtin:serial-discovery@1.4.1"
time="2025-08-19T11:26:58-07:00" level=info msg="Tool required for debug" tool="arduino:arduinoOTA@1.3.0"
time="2025-08-19T11:26:58-07:00" level=info msg="Tool required for debug" tool="builtin:mdns-discovery@1.0.9"
time="2025-08-19T11:26:58-07:00" level=info msg="Tool required for debug" tool="arduino:arm-none-eabi-gcc@7-2017q4"
time="2025-08-19T11:26:58-07:00" level=info msg="Tool required for debug" tool="arduino:openocd@0.11.0-arduino2"
time="2025-08-19T11:26:58-07:00" level=info msg="Tool required for debug" tool="builtin:ctags@5.8-arduino11"
time="2025-08-19T11:26:58-07:00" level=info msg="Tool required for debug" tool="builtin:serial-monitor@0.15.0"
time="2025-08-19T11:26:58-07:00" level=info msg="Tool required for debug" tool="arduino:avrdude@6.3.0-arduino17"
time="2025-08-19T11:26:58-07:00" level=info msg="Tool required for debug" tool="arduino:bossac@1.9.1-arduino5"
time="2025-08-19T11:26:58-07:00" level=info msg="Tool required for debug" tool="arduino:dfu-util@0.11.0-arduino5"
time="2025-08-19T11:26:58-07:00" level=info msg="Tool required for debug" tool="esp32:esp-rv32@2411"
time="2025-08-19T11:26:58-07:00" level=info msg="Tool required for debug" tool="esp32:esp-x32@2411"
time="2025-08-19T11:26:58-07:00" level=info msg="Tool required for debug" tool="esp32:esp32-arduino-libs@idf-release_v5.5-b66b5448-v1"
time="2025-08-19T11:26:58-07:00" level=info msg="Tool required for debug" tool="esp32:esptool_py@5.0.0"
time="2025-08-19T11:26:58-07:00" level=info msg="Tool required for debug" tool="esp32:mklittlefs@3.0.0-gnu12-dc7f933"
time="2025-08-19T11:26:58-07:00" level=info msg="Tool required for debug" tool="esp32:mkspiffs@0.2.3"
time="2025-08-19T11:26:58-07:00" level=info msg="Tool required for debug" tool="esp32:openocd-esp32@v0.12.0-esp32-20250422"
time="2025-08-19T11:26:58-07:00" level=info msg="Tool required for debug" tool="esp32:riscv32-esp-elf-gdb@16.2_20250324"
time="2025-08-19T11:26:58-07:00" level=info msg="Tool required for debug" tool="esp32:xtensa-esp-elf-gdb@16.2_20250324"
time="2025-08-19T11:26:58-07:00" level=info msg="Tool required for debug" tool="builtin:ctags@5.8-arduino11"
time="2025-08-19T11:26:58-07:00" level=info msg="Tool required for debug" tool="arduino:arm-none-eabi-gcc@7-2017q4"
time="2025-08-19T11:26:58-07:00" level=info msg="Tool required for debug" tool="builtin:mdns-discovery@1.0.9"
time="2025-08-19T11:26:58-07:00" level=info msg="Tool required for debug" tool="builtin:serial-monitor@0.15.0"
time="2025-08-19T11:26:58-07:00" level=info msg="Tool required for debug" tool="arduino:bossac@1.9.1-arduino5"
time="2025-08-19T11:26:58-07:00" level=info msg="Tool required for debug" tool="arduino:arduinoOTA@1.3.0"
time="2025-08-19T11:26:58-07:00" level=info msg="Tool required for debug" tool="arduino:avr-gcc@7.3.0-atmel3.6.1-arduino7"
time="2025-08-19T11:26:58-07:00" level=info msg="Tool required for debug" tool="arduino:avrdude@6.3.0-arduino17"
time="2025-08-19T11:26:58-07:00" level=info msg="Tool required for debug" tool="arduino:openocd@0.11.0-arduino2"
time="2025-08-19T11:26:58-07:00" level=info msg="Tool required for debug" tool="builtin:serial-discovery@1.4.1"
time="2025-08-19T11:26:58-07:00" level=info msg="Tool required for debug" tool="builtin:dfu-discovery@0.1.2"
time="2025-08-19T11:26:58-07:00" level=info msg="Tool required for debug" tool="arduino:dfu-util@0.11.0-arduino5"
time="2025-08-19T11:26:58-07:00" level=info msg="Tool required for debug" tool="esp32:esp-rv32@2411"
time="2025-08-19T11:26:58-07:00" level=info msg="Tool required for debug" tool="esp32:esp-x32@2411"
time="2025-08-19T11:26:58-07:00" level=info msg="Tool required for debug" tool="esp32:esp32-arduino-libs@idf-release_v5.5-b66b5448-v1"
time="2025-08-19T11:26:58-07:00" level=info msg="Tool required for debug" tool="esp32:esptool_py@5.0.0"
time="2025-08-19T11:26:58-07:00" level=info msg="Tool required for debug" tool="esp32:mklittlefs@3.0.0-gnu12-dc7f933"
time="2025-08-19T11:26:58-07:00" level=info msg="Tool required for debug" tool="esp32:mkspiffs@0.2.3"
time="2025-08-19T11:26:58-07:00" level=info msg="Tool required for debug" tool="esp32:openocd-esp32@v0.12.0-esp32-20250422"
time="2025-08-19T11:26:58-07:00" level=info msg="Tool required for debug" tool="esp32:riscv32-esp-elf-gdb@16.2_20250324"
time="2025-08-19T11:26:58-07:00" level=info msg="Tool required for debug" tool="esp32:xtensa-esp-elf-gdb@16.2_20250324"
time="2025-08-19T11:26:58-07:00" level=info msg="Tool required for debug" tool="arduino:openocd@0.11.0-arduino2"
time="2025-08-19T11:26:58-07:00" level=info msg="Tool required for debug" tool="arduino:arduinoOTA@1.3.0"
time="2025-08-19T11:26:58-07:00" level=info msg="Tool required for debug" tool="arduino:avr-gcc@7.3.0-atmel3.6.1-arduino7"
time="2025-08-19T11:26:58-07:00" level=info msg="Tool required for debug" tool="arduino:avrdude@6.3.0-arduino17"
time="2025-08-19T11:26:58-07:00" level=info msg="Tool required for debug" tool="builtin:mdns-discovery@1.0.9"
time="2025-08-19T11:26:58-07:00" level=info msg="Tool required for debug" tool="builtin:serial-monitor@0.15.0"
time="2025-08-19T11:26:58-07:00" level=info msg="Tool required for debug" tool="builtin:ctags@5.8-arduino11"
time="2025-08-19T11:26:58-07:00" level=info msg="Tool required for debug" tool="arduino:arm-none-eabi-gcc@7-2017q4"
time="2025-08-19T11:26:58-07:00" level=info msg="Tool required for debug" tool="builtin:dfu-discovery@0.1.2"
time="2025-08-19T11:26:58-07:00" level=info msg="Tool required for debug" tool="arduino:bossac@1.9.1-arduino5"
time="2025-08-19T11:26:58-07:00" level=info msg="Tool required for debug" tool="builtin:serial-discovery@1.4.1"
time="2025-08-19T11:26:58-07:00" level=info msg="Tool required for debug" tool="arduino:dfu-util@0.11.0-arduino5"
time="2025-08-19T11:26:58-07:00" level=info msg="Tool required for debug" tool="esp32:esp-rv32@2411"
time="2025-08-19T11:26:58-07:00" level=info msg="Tool required for debug" tool="esp32:esp-x32@2411"
time="2025-08-19T11:26:58-07:00" level=info msg="Tool required for debug" tool="esp32:esp32-arduino-libs@idf-release_v5.5-b66b5448-v1"
time="2025-08-19T11:26:58-07:00" level=info msg="Tool required for debug" tool="esp32:esptool_py@5.0.0"
time="2025-08-19T11:26:58-07:00" level=info msg="Tool required for debug" tool="esp32:mklittlefs@3.0.0-gnu12-dc7f933"
time="2025-08-19T11:26:58-07:00" level=info msg="Tool required for debug" tool="esp32:mkspiffs@0.2.3"
time="2025-08-19T11:26:58-07:00" level=info msg="Tool required for debug" tool="esp32:openocd-esp32@v0.12.0-esp32-20250422"
time="2025-08-19T11:26:58-07:00" level=info msg="Tool required for debug" tool="esp32:riscv32-esp-elf-gdb@16.2_20250324"
time="2025-08-19T11:26:58-07:00" level=info msg="Tool required for debug" tool="esp32:xtensa-esp-elf-gdb@16.2_20250324"
time="2025-08-19T11:26:58-07:00" level=info msg="Tool required for debug" tool="arduino:avr-gcc@7.3.0-atmel3.6.1-arduino7"
time="2025-08-19T11:26:58-07:00" level=info msg="Tool required for debug" tool="arduino:avrdude@6.3.0-arduino17"
time="2025-08-19T11:26:58-07:00" level=info msg="Tool required for debug" tool="arduino:arm-none-eabi-gcc@7-2017q4"
time="2025-08-19T11:26:58-07:00" level=info msg="Tool required for debug" tool="builtin:serial-monitor@0.15.0"
time="2025-08-19T11:26:58-07:00" level=info msg="Tool required for debug" tool="arduino:arduinoOTA@1.3.0"
time="2025-08-19T11:26:58-07:00" level=info msg="Tool required for debug" tool="arduino:bossac@1.9.1-arduino5"
time="2025-08-19T11:26:58-07:00" level=info msg="Tool required for debug" tool="builtin:ctags@5.8-arduino11"
time="2025-08-19T11:26:58-07:00" level=info msg="Tool required for debug" tool="builtin:dfu-discovery@0.1.2"
time="2025-08-19T11:26:58-07:00" level=info msg="Tool required for debug" tool="builtin:mdns-discovery@1.0.9"
time="2025-08-19T11:26:58-07:00" level=info msg="Tool required for debug" tool="arduino:openocd@0.11.0-arduino2"
time="2025-08-19T11:26:58-07:00" level=info msg="Tool required for debug" tool="builtin:serial-discovery@1.4.1"
time="2025-08-19T11:26:58-07:00" level=info msg="Tool required for debug" tool="arduino:dfu-util@0.11.0-arduino5"
time="2025-08-19T11:26:58-07:00" level=info msg="Tool required for debug" tool="esp32:esp-rv32@2411"
time="2025-08-19T11:26:58-07:00" level=info msg="Tool required for debug" tool="esp32:esp-x32@2411"
time="2025-08-19T11:26:58-07:00" level=info msg="Tool required for debug" tool="esp32:esp32-arduino-libs@idf-release_v5.5-b66b5448-v1"
time="2025-08-19T11:26:58-07:00" level=info msg="Tool required for debug" tool="esp32:esptool_py@5.0.0"
time="2025-08-19T11:26:58-07:00" level=info msg="Tool required for debug" tool="esp32:mklittlefs@3.0.0-gnu12-dc7f933"
time="2025-08-19T11:26:58-07:00" level=info msg="Tool required for debug" tool="esp32:mkspiffs@0.2.3"
time="2025-08-19T11:26:58-07:00" level=info msg="Tool required for debug" tool="esp32:openocd-esp32@v0.12.0-esp32-20250422"
time="2025-08-19T11:26:58-07:00" level=info msg="Tool required for debug" tool="esp32:riscv32-esp-elf-gdb@16.2_20250324"
time="2025-08-19T11:26:58-07:00" level=info msg="Tool required for debug" tool="esp32:xtensa-esp-elf-gdb@16.2_20250324"
time="2025-08-19T11:26:58-07:00" level=info msg="Tool required for debug" tool="arduino:avr-gcc@7.3.0-atmel3.6.1-arduino7"
time="2025-08-19T11:26:58-07:00" level=info msg="Tool required for debug" tool="builtin:mdns-discovery@1.0.9"
time="2025-08-19T11:26:58-07:00" level=info msg="Tool required for debug" tool="builtin:serial-monitor@0.15.0"
time="2025-08-19T11:26:58-07:00" level=info msg="Tool required for debug" tool="builtin:dfu-discovery@0.1.2"
time="2025-08-19T11:26:58-07:00" level=info msg="Tool required for debug" tool="arduino:avrdude@6.3.0-arduino17"
time="2025-08-19T11:26:58-07:00" level=info msg="Tool required for debug" tool="builtin:ctags@5.8-arduino11"
time="2025-08-19T11:26:58-07:00" level=info msg="Tool required for debug" tool="arduino:arm-none-eabi-gcc@7-2017q4"
time="2025-08-19T11:26:58-07:00" level=info msg="Tool required for debug" tool="arduino:openocd@0.11.0-arduino2"
time="2025-08-19T11:26:58-07:00" level=info msg="Tool required for debug" tool="arduino:bossac@1.9.1-arduino5"
time="2025-08-19T11:26:58-07:00" level=info msg="Tool required for debug" tool="arduino:arduinoOTA@1.3.0"
time="2025-08-19T11:26:58-07:00" level=info msg="Tool required for debug" tool="builtin:serial-discovery@1.4.1"
time="2025-08-19T11:26:58-07:00" level=info msg="Tool required for debug" tool="arduino:dfu-util@0.11.0-arduino5"
time="2025-08-19T11:26:58-07:00" level=info msg="Tool required for debug" tool="esp32:esp-rv32@2411"
time="2025-08-19T11:26:58-07:00" level=info msg="Tool required for debug" tool="esp32:esp-x32@2411"
time="2025-08-19T11:26:58-07:00" level=info msg="Tool required for debug" tool="esp32:esp32-arduino-libs@idf-release_v5.5-b66b5448-v1"
time="2025-08-19T11:26:58-07:00" level=info msg="Tool required for debug" tool="esp32:esptool_py@5.0.0"
time="2025-08-19T11:26:58-07:00" level=info msg="Tool required for debug" tool="esp32:mklittlefs@3.0.0-gnu12-dc7f933"
time="2025-08-19T11:26:58-07:00" level=info msg="Tool required for debug" tool="esp32:mkspiffs@0.2.3"
time="2025-08-19T11:26:58-07:00" level=info msg="Tool required for debug" tool="esp32:openocd-esp32@v0.12.0-esp32-20250422"
time="2025-08-19T11:26:58-07:00" level=info msg="Tool required for debug" tool="esp32:riscv32-esp-elf-gdb@16.2_20250324"
time="2025-08-19T11:26:58-07:00" level=info msg="Tool required for debug" tool="esp32:xtensa-esp-elf-gdb@16.2_20250324"
time="2025-08-19T11:26:58-07:00" level=info msg="Tool required for debug" tool="builtin:dfu-discovery@0.1.2"
time="2025-08-19T11:26:58-07:00" level=info msg="Tool required for debug" tool="arduino:avrdude@6.3.0-arduino17"
time="2025-08-19T11:26:58-07:00" level=info msg="Tool required for debug" tool="arduino:avr-gcc@7.3.0-atmel3.6.1-arduino7"
time="2025-08-19T11:26:58-07:00" level=info msg="Tool required for debug" tool="arduino:openocd@0.11.0-arduino2"
time="2025-08-19T11:26:58-07:00" level=info msg="Tool required for debug" tool="builtin:serial-monitor@0.15.0"
time="2025-08-19T11:26:58-07:00" level=info msg="Tool required for debug" tool="arduino:arduinoOTA@1.3.0"
time="2025-08-19T11:26:58-07:00" level=info msg="Tool required for debug" tool="builtin:mdns-discovery@1.0.9"
time="2025-08-19T11:26:58-07:00" level=info msg="Tool required for debug" tool="builtin:serial-discovery@1.4.1"
time="2025-08-19T11:26:58-07:00" level=info msg="Tool required for debug" tool="arduino:arm-none-eabi-gcc@7-2017q4"
time="2025-08-19T11:26:58-07:00" level=info msg="Tool required for debug" tool="arduino:bossac@1.9.1-arduino5"
time="2025-08-19T11:26:58-07:00" level=info msg="Tool required for debug" tool="builtin:ctags@5.8-arduino11"
time="2025-08-19T11:26:58-07:00" level=info msg="Tool required for debug" tool="arduino:dfu-util@0.11.0-arduino5"
time="2025-08-19T11:26:58-07:00" level=info msg="Tool required for debug" tool="esp32:esp-rv32@2411"
time="2025-08-19T11:26:58-07:00" level=info msg="Tool required for debug" tool="esp32:esp-x32@2411"
time="2025-08-19T11:26:58-07:00" level=info msg="Tool required for debug" tool="esp32:esp32-arduino-libs@idf-release_v5.5-b66b5448-v1"
time="2025-08-19T11:26:58-07:00" level=info msg="Tool required for debug" tool="esp32:esptool_py@5.0.0"
time="2025-08-19T11:26:58-07:00" level=info msg="Tool required for debug" tool="esp32:mklittlefs@3.0.0-gnu12-dc7f933"
time="2025-08-19T11:26:58-07:00" level=info msg="Tool required for debug" tool="esp32:mkspiffs@0.2.3"
time="2025-08-19T11:26:58-07:00" level=info msg="Tool required for debug" tool="esp32:openocd-esp32@v0.12.0-esp32-20250422"
time="2025-08-19T11:26:58-07:00" level=info msg="Tool required for debug" tool="esp32:riscv32-esp-elf-gdb@16.2_20250324"
time="2025-08-19T11:26:58-07:00" level=info msg="Tool required for debug" tool="esp32:xtensa-esp-elf-gdb@16.2_20250324"
time="2025-08-19T11:26:58-07:00" level=info msg="Tool required for debug" tool="arduino:avrdude@6.3.0-arduino17"
time="2025-08-19T11:26:58-07:00" level=info msg="Tool required for debug" tool="arduino:bossac@1.9.1-arduino5"
time="2025-08-19T11:26:58-07:00" level=info msg="Tool required for debug" tool="arduino:arduinoOTA@1.3.0"
time="2025-08-19T11:26:58-07:00" level=info msg="Tool required for debug" tool="arduino:avr-gcc@7.3.0-atmel3.6.1-arduino7"
time="2025-08-19T11:26:58-07:00" level=info msg="Tool required for debug" tool="builtin:dfu-discovery@0.1.2"
time="2025-08-19T11:26:58-07:00" level=info msg="Tool required for debug" tool="builtin:serial-discovery@1.4.1"
time="2025-08-19T11:26:58-07:00" level=info msg="Tool required for debug" tool="arduino:arm-none-eabi-gcc@7-2017q4"
time="2025-08-19T11:26:58-07:00" level=info msg="Tool required for debug" tool="builtin:serial-monitor@0.15.0"
time="2025-08-19T11:26:58-07:00" level=info msg="Tool required for debug" tool="arduino:openocd@0.11.0-arduino2"
time="2025-08-19T11:26:58-07:00" level=info msg="Tool required for debug" tool="builtin:ctags@5.8-arduino11"
time="2025-08-19T11:26:58-07:00" level=info msg="Tool required for debug" tool="builtin:mdns-discovery@1.0.9"
time="2025-08-19T11:26:58-07:00" level=info msg="Tool required for debug" tool="arduino:dfu-util@0.11.0-arduino5"
time="2025-08-19T11:26:58-07:00" level=info msg="Tool required for debug" tool="esp32:esp-rv32@2411"
time="2025-08-19T11:26:58-07:00" level=info msg="Tool required for debug" tool="esp32:esp-x32@2411"
time="2025-08-19T11:26:58-07:00" level=info msg="Tool required for debug" tool="esp32:esp32-arduino-libs@idf-release_v5.5-b66b5448-v1"
time="2025-08-19T11:26:58-07:00" level=info msg="Tool required for debug" tool="esp32:esptool_py@5.0.0"
time="2025-08-19T11:26:58-07:00" level=info msg="Tool required for debug" tool="esp32:mklittlefs@3.0.0-gnu12-dc7f933"
time="2025-08-19T11:26:58-07:00" level=info msg="Tool required for debug" tool="esp32:mkspiffs@0.2.3"
time="2025-08-19T11:26:58-07:00" level=info msg="Tool required for debug" tool="esp32:openocd-esp32@v0.12.0-esp32-20250422"
time="2025-08-19T11:26:58-07:00" level=info msg="Tool required for debug" tool="esp32:riscv32-esp-elf-gdb@16.2_20250324"
time="2025-08-19T11:26:58-07:00" level=info msg="Tool required for debug" tool="esp32:xtensa-esp-elf-gdb@16.2_20250324"
time="2025-08-19T11:26:58-07:00" level=info msg="Tool required for debug" tool="arduino:openocd@0.11.0-arduino2"
time="2025-08-19T11:26:58-07:00" level=info msg="Tool required for debug" tool="arduino:arm-none-eabi-gcc@7-2017q4"
time="2025-08-19T11:26:58-07:00" level=info msg="Tool required for debug" tool="builtin:dfu-discovery@0.1.2"
time="2025-08-19T11:26:58-07:00" level=info msg="Tool required for debug" tool="builtin:serial-discovery@1.4.1"
time="2025-08-19T11:26:58-07:00" level=info msg="Tool required for debug" tool="arduino:avrdude@6.3.0-arduino17"
time="2025-08-19T11:26:58-07:00" level=info msg="Tool required for debug" tool="builtin:ctags@5.8-arduino11"
time="2025-08-19T11:26:58-07:00" level=info msg="Tool required for debug" tool="builtin:serial-monitor@0.15.0"
time="2025-08-19T11:26:58-07:00" level=info msg="Tool required for debug" tool="arduino:bossac@1.9.1-arduino5"
time="2025-08-19T11:26:58-07:00" level=info msg="Tool required for debug" tool="arduino:avr-gcc@7.3.0-atmel3.6.1-arduino7"
time="2025-08-19T11:26:58-07:00" level=info msg="Tool required for debug" tool="arduino:arduinoOTA@1.3.0"
time="2025-08-19T11:26:58-07:00" level=info msg="Tool required for debug" tool="builtin:mdns-discovery@1.0.9"
time="2025-08-19T11:26:58-07:00" level=info msg="Tool required for debug" tool="arduino:dfu-util@0.11.0-arduino5"
time="2025-08-19T11:26:58-07:00" level=info msg="Tool required for debug" tool="esp32:esp-rv32@2411"
time="2025-08-19T11:26:58-07:00" level=info msg="Tool required for debug" tool="esp32:esp-x32@2411"
time="2025-08-19T11:26:58-07:00" level=info msg="Tool required for debug" tool="esp32:esp32-arduino-libs@idf-release_v5.5-b66b5448-v1"
time="2025-08-19T11:26:58-07:00" level=info msg="Tool required for debug" tool="esp32:esptool_py@5.0.0"
time="2025-08-19T11:26:58-07:00" level=info msg="Tool required for debug" tool="esp32:mklittlefs@3.0.0-gnu12-dc7f933"
time="2025-08-19T11:26:58-07:00" level=info msg="Tool required for debug" tool="esp32:mkspiffs@0.2.3"
time="2025-08-19T11:26:58-07:00" level=info msg="Tool required for debug" tool="esp32:openocd-esp32@v0.12.0-esp32-20250422"
time="2025-08-19T11:26:58-07:00" level=info msg="Tool required for debug" tool="esp32:riscv32-esp-elf-gdb@16.2_20250324"
time="2025-08-19T11:26:58-07:00" level=info msg="Tool required for debug" tool="esp32:xtensa-esp-elf-gdb@16.2_20250324"
time="2025-08-19T11:26:58-07:00" level=info msg="Tool required for debug" tool="arduino:arduinoOTA@1.3.0"
time="2025-08-19T11:26:58-07:00" level=info msg="Tool required for debug" tool="arduino:openocd@0.11.0-arduino2"
time="2025-08-19T11:26:58-07:00" level=info msg="Tool required for debug" tool="builtin:dfu-discovery@0.1.2"
time="2025-08-19T11:26:58-07:00" level=info msg="Tool required for debug" tool="arduino:avrdude@6.3.0-arduino17"
time="2025-08-19T11:26:58-07:00" level=info msg="Tool required for debug" tool="arduino:arm-none-eabi-gcc@7-2017q4"
time="2025-08-19T11:26:58-07:00" level=info msg="Tool required for debug" tool="builtin:serial-discovery@1.4.1"
time="2025-08-19T11:26:58-07:00" level=info msg="Tool required for debug" tool="arduino:avr-gcc@7.3.0-atmel3.6.1-arduino7"
time="2025-08-19T11:26:58-07:00" level=info msg="Tool required for debug" tool="arduino:bossac@1.9.1-arduino5"
time="2025-08-19T11:26:58-07:00" level=info msg="Tool required for debug" tool="builtin:serial-monitor@0.15.0"
time="2025-08-19T11:26:58-07:00" level=info msg="Tool required for debug" tool="builtin:ctags@5.8-arduino11"
time="2025-08-19T11:26:58-07:00" level=info msg="Tool required for debug" tool="builtin:mdns-discovery@1.0.9"
time="2025-08-19T11:26:58-07:00" level=info msg="Tool required for debug" tool="arduino:dfu-util@0.11.0-arduino5"
time="2025-08-19T11:26:58-07:00" level=info msg="Tool required for debug" tool="esp32:esp-rv32@2411"
time="2025-08-19T11:26:58-07:00" level=info msg="Tool required for debug" tool="esp32:esp-x32@2411"
time="2025-08-19T11:26:58-07:00" level=info msg="Tool required for debug" tool="esp32:esp32-arduino-libs@idf-release_v5.5-b66b5448-v1"
time="2025-08-19T11:26:58-07:00" level=info msg="Tool required for debug" tool="esp32:esptool_py@5.0.0"
time="2025-08-19T11:26:58-07:00" level=info msg="Tool required for debug" tool="esp32:mklittlefs@3.0.0-gnu12-dc7f933"
time="2025-08-19T11:26:58-07:00" level=info msg="Tool required for debug" tool="esp32:mkspiffs@0.2.3"
time="2025-08-19T11:26:58-07:00" level=info msg="Tool required for debug" tool="esp32:openocd-esp32@v0.12.0-esp32-20250422"
time="2025-08-19T11:26:58-07:00" level=info msg="Tool required for debug" tool="esp32:riscv32-esp-elf-gdb@16.2_20250324"
time="2025-08-19T11:26:58-07:00" level=info msg="Tool required for debug" tool="esp32:xtensa-esp-elf-gdb@16.2_20250324"
time="2025-08-19T11:26:58-07:00" level=info msg="Tool required for debug" tool="builtin:ctags@5.8-arduino11"
time="2025-08-19T11:26:58-07:00" level=info msg="Tool required for debug" tool="builtin:dfu-discovery@0.1.2"
time="2025-08-19T11:26:58-07:00" level=info msg="Tool required for debug" tool="builtin:serial-discovery@1.4.1"
time="2025-08-19T11:26:58-07:00" level=info msg="Tool required for debug" tool="arduino:arm-none-eabi-gcc@7-2017q4"
time="2025-08-19T11:26:58-07:00" level=info msg="Tool required for debug" tool="builtin:mdns-discovery@1.0.9"
time="2025-08-19T11:26:58-07:00" level=info msg="Tool required for debug" tool="arduino:openocd@0.11.0-arduino2"
time="2025-08-19T11:26:58-07:00" level=info msg="Tool required for debug" tool="arduino:arduinoOTA@1.3.0"
time="2025-08-19T11:26:58-07:00" level=info msg="Tool required for debug" tool="arduino:avrdude@6.3.0-arduino17"
time="2025-08-19T11:26:58-07:00" level=info msg="Tool required for debug" tool="builtin:serial-monitor@0.15.0"
time="2025-08-19T11:26:58-07:00" level=info msg="Tool required for debug" tool="arduino:bossac@1.9.1-arduino5"
time="2025-08-19T11:26:58-07:00" level=info msg="Tool required for debug" tool="arduino:avr-gcc@7.3.0-atmel3.6.1-arduino7"
time="2025-08-19T11:26:58-07:00" level=info msg="Tool required for debug" tool="arduino:dfu-util@0.11.0-arduino5"
time="2025-08-19T11:26:58-07:00" level=info msg="Tool required for debug" tool="esp32:esp-rv32@2411"
time="2025-08-19T11:26:58-07:00" level=info msg="Tool required for debug" tool="esp32:esp-x32@2411"
time="2025-08-19T11:26:58-07:00" level=info msg="Tool required for debug" tool="esp32:esp32-arduino-libs@idf-release_v5.5-b66b5448-v1"
time="2025-08-19T11:26:58-07:00" level=info msg="Tool required for debug" tool="esp32:esptool_py@5.0.0"
time="2025-08-19T11:26:58-07:00" level=info msg="Tool required for debug" tool="esp32:mklittlefs@3.0.0-gnu12-dc7f933"
time="2025-08-19T11:26:58-07:00" level=info msg="Tool required for debug" tool="esp32:mkspiffs@0.2.3"
time="2025-08-19T11:26:58-07:00" level=info msg="Tool required for debug" tool="esp32:openocd-esp32@v0.12.0-esp32-20250422"
time="2025-08-19T11:26:58-07:00" level=info msg="Tool required for debug" tool="esp32:riscv32-esp-elf-gdb@16.2_20250324"
time="2025-08-19T11:26:58-07:00" level=info msg="Tool required for debug" tool="esp32:xtensa-esp-elf-gdb@16.2_20250324"
time="2025-08-19T11:26:58-07:00" level=info msg="Tool required for debug" tool="builtin:serial-monitor@0.15.0"
time="2025-08-19T11:26:58-07:00" level=info msg="Tool required for debug" tool="builtin:serial-discovery@1.4.1"
time="2025-08-19T11:26:58-07:00" level=info msg="Tool required for debug" tool="builtin:ctags@5.8-arduino11"
time="2025-08-19T11:26:58-07:00" level=info msg="Tool required for debug" tool="arduino:openocd@0.11.0-arduino2"
time="2025-08-19T11:26:58-07:00" level=info msg="Tool required for debug" tool="arduino:avrdude@6.3.0-arduino17"
time="2025-08-19T11:26:58-07:00" level=info msg="Tool required for debug" tool="arduino:arm-none-eabi-gcc@7-2017q4"
time="2025-08-19T11:26:58-07:00" level=info msg="Tool required for debug" tool="arduino:bossac@1.9.1-arduino5"
time="2025-08-19T11:26:58-07:00" level=info msg="Tool required for debug" tool="builtin:mdns-discovery@1.0.9"
time="2025-08-19T11:26:58-07:00" level=info msg="Tool required for debug" tool="arduino:avr-gcc@7.3.0-atmel3.6.1-arduino7"
time="2025-08-19T11:26:58-07:00" level=info msg="Tool required for debug" tool="arduino:arduinoOTA@1.3.0"
time="2025-08-19T11:26:58-07:00" level=info msg="Tool required for debug" tool="builtin:dfu-discovery@0.1.2"
time="2025-08-19T11:26:58-07:00" level=info msg="Tool required for debug" tool="arduino:dfu-util@0.11.0-arduino5"
time="2025-08-19T11:26:58-07:00" level=info msg="Tool required for debug" tool="esp32:esp-rv32@2411"
time="2025-08-19T11:26:58-07:00" level=info msg="Tool required for debug" tool="esp32:esp-x32@2411"
time="2025-08-19T11:26:58-07:00" level=info msg="Tool required for debug" tool="esp32:esp32-arduino-libs@idf-release_v5.5-b66b5448-v1"
time="2025-08-19T11:26:58-07:00" level=info msg="Tool required for debug" tool="esp32:esptool_py@5.0.0"
time="2025-08-19T11:26:58-07:00" level=info msg="Tool required for debug" tool="esp32:mklittlefs@3.0.0-gnu12-dc7f933"
time="2025-08-19T11:26:58-07:00" level=info msg="Tool required for debug" tool="esp32:mkspiffs@0.2.3"
time="2025-08-19T11:26:58-07:00" level=info msg="Tool required for debug" tool="esp32:openocd-esp32@v0.12.0-esp32-20250422"
time="2025-08-19T11:26:58-07:00" level=info msg="Tool required for debug" tool="esp32:riscv32-esp-elf-gdb@16.2_20250324"
time="2025-08-19T11:26:58-07:00" level=info msg="Tool required for debug" tool="esp32:xtensa-esp-elf-gdb@16.2_20250324"
time="2025-08-19T11:26:58-07:00" level=info msg="Tool required for debug" tool="arduino:avr-gcc@7.3.0-atmel3.6.1-arduino7"
time="2025-08-19T11:26:58-07:00" level=info msg="Tool required for debug" tool="arduino:arm-none-eabi-gcc@7-2017q4"
time="2025-08-19T11:26:58-07:00" level=info msg="Tool required for debug" tool="arduino:openocd@0.11.0-arduino2"
time="2025-08-19T11:26:58-07:00" level=info msg="Tool required for debug" tool="arduino:bossac@1.9.1-arduino5"
time="2025-08-19T11:26:58-07:00" level=info msg="Tool required for debug" tool="builtin:serial-discovery@1.4.1"
time="2025-08-19T11:26:58-07:00" level=info msg="Tool required for debug" tool="arduino:arduinoOTA@1.3.0"
time="2025-08-19T11:26:58-07:00" level=info msg="Tool required for debug" tool="arduino:avrdude@6.3.0-arduino17"
time="2025-08-19T11:26:58-07:00" level=info msg="Tool required for debug" tool="builtin:mdns-discovery@1.0.9"
time="2025-08-19T11:26:58-07:00" level=info msg="Tool required for debug" tool="builtin:ctags@5.8-arduino11"
time="2025-08-19T11:26:58-07:00" level=info msg="Tool required for debug" tool="builtin:dfu-discovery@0.1.2"
time="2025-08-19T11:26:58-07:00" level=info msg="Tool required for debug" tool="builtin:serial-monitor@0.15.0"
time="2025-08-19T11:26:58-07:00" level=info msg="Tool required for debug" tool="arduino:dfu-util@0.11.0-arduino5"
time="2025-08-19T11:26:58-07:00" level=info msg="Tool required for debug" tool="esp32:esp-rv32@2411"
time="2025-08-19T11:26:58-07:00" level=info msg="Tool required for debug" tool="esp32:esp-x32@2411"
time="2025-08-19T11:26:58-07:00" level=info msg="Tool required for debug" tool="esp32:esp32-arduino-libs@idf-release_v5.5-b66b5448-v1"
time="2025-08-19T11:26:58-07:00" level=info msg="Tool required for debug" tool="esp32:esptool_py@5.0.0"
time="2025-08-19T11:26:58-07:00" level=info msg="Tool required for debug" tool="esp32:mklittlefs@3.0.0-gnu12-dc7f933"
time="2025-08-19T11:26:58-07:00" level=info msg="Tool required for debug" tool="esp32:mkspiffs@0.2.3"
time="2025-08-19T11:26:58-07:00" level=info msg="Tool required for debug" tool="esp32:openocd-esp32@v0.12.0-esp32-20250422"
time="2025-08-19T11:26:58-07:00" level=info msg="Tool required for debug" tool="esp32:riscv32-esp-elf-gdb@16.2_20250324"
time="2025-08-19T11:26:58-07:00" level=info msg="Tool required for debug" tool="esp32:xtensa-esp-elf-gdb@16.2_20250324"
time="2025-08-19T11:26:58-07:00" level=info msg="Tool required for debug" tool="arduino:openocd@0.11.0-arduino2"
time="2025-08-19T11:26:58-07:00" level=info msg="Tool required for debug" tool="builtin:ctags@5.8-arduino11"
time="2025-08-19T11:26:58-07:00" level=info msg="Tool required for debug" tool="arduino:avr-gcc@7.3.0-atmel3.6.1-arduino7"
time="2025-08-19T11:26:58-07:00" level=info msg="Tool required for debug" tool="arduino:arduinoOTA@1.3.0"
time="2025-08-19T11:26:58-07:00" level=info msg="Tool required for debug" tool="builtin:dfu-discovery@0.1.2"
time="2025-08-19T11:26:58-07:00" level=info msg="Tool required for debug" tool="builtin:serial-discovery@1.4.1"
time="2025-08-19T11:26:58-07:00" level=info msg="Tool required for debug" tool="arduino:arm-none-eabi-gcc@7-2017q4"
time="2025-08-19T11:26:58-07:00" level=info msg="Tool required for debug" tool="arduino:bossac@1.9.1-arduino5"
time="2025-08-19T11:26:58-07:00" level=info msg="Tool required for debug" tool="builtin:serial-monitor@0.15.0"
time="2025-08-19T11:26:58-07:00" level=info msg="Tool required for debug" tool="arduino:avrdude@6.3.0-arduino17"
time="2025-08-19T11:26:58-07:00" level=info msg="Tool required for debug" tool="builtin:mdns-discovery@1.0.9"
time="2025-08-19T11:26:58-07:00" level=info msg="Tool required for debug" tool="arduino:dfu-util@0.11.0-arduino5"
time="2025-08-19T11:26:58-07:00" level=info msg="Tool required for debug" tool="esp32:esp-rv32@2411"
time="2025-08-19T11:26:58-07:00" level=info msg="Tool required for debug" tool="esp32:esp-x32@2411"
time="2025-08-19T11:26:58-07:00" level=info msg="Tool required for debug" tool="esp32:esp32-arduino-libs@idf-release_v5.5-b66b5448-v1"
time="2025-08-19T11:26:58-07:00" level=info msg="Tool required for debug" tool="esp32:esptool_py@5.0.0"
time="2025-08-19T11:26:58-07:00" level=info msg="Tool required for debug" tool="esp32:mklittlefs@3.0.0-gnu12-dc7f933"
2025-08-19 11:26:58 2025-08-19T18:26:58.814Z daemon INFO time="2025-08-19T11:26:58-07:00" level=info msg="Tool required for debug" tool="esp32:mkspiffs@0.2.3"
time="2025-08-19T11:26:58-07:00" level=info msg="Tool required for debug" tool="esp32:openocd-esp32@v0.12.0-esp32-20250422"
time="2025-08-19T11:26:58-07:00" level=info msg="Tool required for debug" tool="esp32:riscv32-esp-elf-gdb@16.2_20250324"
time="2025-08-19T11:26:58-07:00" level=info msg="Tool required for debug" tool="esp32:xtensa-esp-elf-gdb@16.2_20250324"
time="2025-08-19T11:26:58-07:00" level=info msg="Tool required for debug" tool="arduino:arduinoOTA@1.3.0"
time="2025-08-19T11:26:58-07:00" level=info msg="Tool required for debug" tool="arduino:bossac@1.9.1-arduino5"
time="2025-08-19T11:26:58-07:00" level=info msg="Tool required for debug" tool="builtin:serial-monitor@0.15.0"
time="2025-08-19T11:26:58-07:00" level=info msg="Tool required for debug" tool="builtin:ctags@5.8-arduino11"
time="2025-08-19T11:26:58-07:00" level=info msg="Tool required for debug" tool="builtin:dfu-discovery@0.1.2"
time="2025-08-19T11:26:58-07:00" level=info msg="Tool required for debug" tool="builtin:serial-discovery@1.4.1"
time="2025-08-19T11:26:58-07:00" level=info msg="Tool required for debug" tool="arduino:avrdude@6.3.0-arduino17"
time="2025-08-19T11:26:58-07:00" level=info msg="Tool required for debug" tool="arduino:openocd@0.11.0-arduino2"
time="2025-08-19T11:26:58-07:00" level=info msg="Tool required for debug" tool="arduino:arm-none-eabi-gcc@7-2017q4"
time="2025-08-19T11:26:58-07:00" level=info msg="Tool required for debug" tool="builtin:mdns-discovery@1.0.9"
time="2025-08-19T11:26:58-07:00" level=info msg="Tool required for debug" tool="arduino:avr-gcc@7.3.0-atmel3.6.1-arduino7"
time="2025-08-19T11:26:58-07:00" level=info msg="Tool required for debug" tool="arduino:dfu-util@0.11.0-arduino5"
time="2025-08-19T11:26:58-07:00" level=info msg="Tool required for debug" tool="esp32:esp-rv32@2411"
time="2025-08-19T11:26:58-07:00" level=info msg="Tool required for debug" tool="esp32:esp-x32@2411"
time="2025-08-19T11:26:58-07:00" level=info msg="Tool required for debug" tool="esp32:esp32-arduino-libs@idf-release_v5.5-b66b5448-v1"
time="2025-08-19T11:26:58-07:00" level=info msg="Tool required for debug" tool="esp32:esptool_py@5.0.0"
time="2025-08-19T11:26:58-07:00" level=info msg="Tool required for debug" tool="esp32:mklittlefs@3.0.0-gnu12-dc7f933"
time="2025-08-19T11:26:58-07:00" level=info msg="Tool required for debug" tool="esp32:mkspiffs@0.2.3"
time="2025-08-19T11:26:58-07:00" level=info msg="Tool required for debug" tool="esp32:openocd-esp32@v0.12.0-esp32-20250422"
time="2025-08-19T11:26:58-07:00" level=info msg="Tool required for debug" tool="esp32:riscv32-esp-elf-gdb@16.2_20250324"
time="2025-08-19T11:26:58-07:00" level=info msg="Tool required for debug" tool="esp32:xtensa-esp-elf-gdb@16.2_20250324"
time="2025-08-19T11:26:58-07:00" level=info msg="Tool required for debug" tool="arduino:arduinoOTA@1.3.0"
time="2025-08-19T11:26:58-07:00" level=info msg="Tool required for debug" tool="builtin:dfu-discovery@0.1.2"
time="2025-08-19T11:26:58-07:00" level=info msg="Tool required for debug" tool="arduino:openocd@0.11.0-arduino2"
time="2025-08-19T11:26:58-07:00" level=info msg="Tool required for debug" tool="arduino:bossac@1.9.1-arduino5"
time="2025-08-19T11:26:58-07:00" level=info msg="Tool required for debug" tool="arduino:avrdude@6.3.0-arduino17"
time="2025-08-19T11:26:58-07:00" level=info msg="Tool required for debug" tool="builtin:serial-monitor@0.15.0"
time="2025-08-19T11:26:58-07:00" level=info msg="Tool required for debug" tool="arduino:avr-gcc@7.3.0-atmel3.6.1-arduino7"
time="2025-08-19T11:26:58-07:00" level=info msg="Tool required for debug" tool="builtin:ctags@5.8-arduino11"
time="2025-08-19T11:26:58-07:00" level=info msg="Tool required for debug" tool="builtin:serial-discovery@1.4.1"
time="2025-08-19T11:26:58-07:00" level=info msg="Tool required for debug" tool="builtin:mdns-discovery@1.0.9"
time="2025-08-19T11:26:58-07:00" level=info msg="Tool required for debug" tool="arduino:arm-none-eabi-gcc@7-2017q4"
2025-08-19 11:26:58 2025-08-19T18:26:58.815Z monitor-service INFO No port configuration changes have been detected. No need to send configure commands to the running monitor serial:/dev/ttyACM0.
2025-08-19 11:26:58 2025-08-19T18:26:58.818Z daemon INFO time="2025-08-19T11:26:58-07:00" level=info msg="Updating index" url="https://raw.githubusercontent.com/espressif/arduino-esp32/gh-pages/package_esp32_index.json"
time="2025-08-19T11:26:58-07:00" level=info msg="Starting download" url="https://raw.githubusercontent.com/espressif/arduino-esp32/gh-pages/package_esp32_index.json"
2025-08-19 11:26:58 2025-08-19T18:26:58.818Z root INFO core-client-provider [platform-index] Downloading index: package_esp32_index.json

2025-08-19 11:26:59 Update for version 2.3.6 is not available (latest version: 2.3.6, downgrade is allowed).
2025-08-19 11:26:59 2025-08-19T18:26:59.254Z root ERROR ---- !!!SLOW!!! DURATION: search took 910.558 ms. Args: [{"type":"Updatable"}] ----
2025-08-19 11:26:59 2025-08-19T18:26:59.257Z daemon INFO time="2025-08-19T11:26:59-07:00" level=info msg="Adding libraries dir" dir=/home/aaron/.arduino15/libraries isSingleLibrary=false location=ide
time="2025-08-19T11:26:59-07:00" level=info msg="Adding libraries dir" dir=/home/aaron/.arduino15/packages/esp32/hardware/esp32/3.3.0/libraries isSingleLibrary=false location=platform
time="2025-08-19T11:26:59-07:00" level=info msg="Adding libraries dir" dir=/home/aaron/Arduino/libraries isSingleLibrary=false location=user
2025-08-19 11:27:00 2025-08-19T18:27:00.977Z daemon INFO time="2025-08-19T11:27:00-07:00" level=info msg="Checking signature" index=/home/aaron/.arduino15/package_index.json signatureFile=/home/aaron/.arduino15/package_index.json.sig trusted=true
2025-08-19 11:27:00 2025-08-19T18:27:00.989Z daemon INFO time="2025-08-19T11:27:00-07:00" level=info msg="Missing signature file" index=/home/aaron/.arduino15/package_esp32_index.json
2025-08-19 11:27:00 2025-08-19T18:27:00.989Z daemon INFO time="2025-08-19T11:27:00-07:00" level=info msg="Loading hardware from: /home/aaron/.arduino15/packages"
2025-08-19 11:27:00 2025-08-19T18:27:00.989Z daemon INFO time="2025-08-19T11:27:00-07:00" level=info msg="Loading package arduino from: /home/aaron/.arduino15/packages/arduino/hardware"
2025-08-19 11:27:00 2025-08-19T18:27:00.992Z daemon INFO time="2025-08-19T11:27:00-07:00" level=info msg="Missing signature file" index=/home/aaron/.arduino15/packages/arduino/hardware/avr/1.8.6/installed.json
2025-08-19 11:27:00 2025-08-19T18:27:00.997Z daemon INFO time="2025-08-19T11:27:00-07:00" level=info msg="Adding monitor tool" protocol=serial tool="builtin:serial-monitor"
time="2025-08-19T11:27:00-07:00" level=info msg="Loaded platform" platform="arduino:avr@1.8.6"
2025-08-19 11:27:01 2025-08-19T18:27:01.000Z daemon INFO time="2025-08-19T11:27:01-07:00" level=info msg="Missing signature file" index=/home/aaron/.arduino15/packages/arduino/hardware/renesas_uno/1.5.0/installed.json
2025-08-19 11:27:01 2025-08-19T18:27:01.001Z daemon INFO time="2025-08-19T11:27:01-07:00" level=info msg="Adding monitor tool" protocol=serial tool="builtin:serial-monitor"
time="2025-08-19T11:27:01-07:00" level=info msg="Loaded platform" platform="arduino:renesas_uno@1.5.0"
time="2025-08-19T11:27:01-07:00" level=info msg="Checking existence of 'tools' path: /home/aaron/.arduino15/packages/arduino/tools"
time="2025-08-19T11:27:01-07:00" level=info msg="Loading tools from dir: /home/aaron/.arduino15/packages/arduino/tools"
2025-08-19 11:27:01 2025-08-19T18:27:01.001Z daemon INFO time="2025-08-19T11:27:01-07:00" level=info msg="Loaded tool" tool="arduino:arduinoOTA@1.3.0"
time="2025-08-19T11:27:01-07:00" level=info msg="Loaded tool" tool="arduino:arm-none-eabi-gcc@7-2017q4"
2025-08-19 11:27:01 2025-08-19T18:27:01.001Z daemon INFO time="2025-08-19T11:27:01-07:00" level=info msg="Loaded tool" tool="arduino:avr-gcc@7.3.0-atmel3.6.1-arduino7"
time="2025-08-19T11:27:01-07:00" level=info msg="Loaded tool" tool="arduino:avrdude@6.3.0-arduino17"
time="2025-08-19T11:27:01-07:00" level=info msg="Loaded tool" tool="arduino:bossac@1.9.1-arduino5"
2025-08-19 11:27:01 2025-08-19T18:27:01.002Z daemon INFO time="2025-08-19T11:27:01-07:00" level=info msg="Loaded tool" tool="arduino:dfu-util@0.11.0-arduino5"
time="2025-08-19T11:27:01-07:00" level=info msg="Loaded tool" tool="arduino:openocd@0.11.0-arduino2"
time="2025-08-19T11:27:01-07:00" level=info msg="Loading package builtin from: /home/aaron/.arduino15/packages/builtin"
2025-08-19 11:27:01 2025-08-19T18:27:01.002Z daemon INFO time="2025-08-19T11:27:01-07:00" level=info msg="Checking existence of 'tools' path: /home/aaron/.arduino15/packages/builtin/tools"
time="2025-08-19T11:27:01-07:00" level=info msg="Loading tools from dir: /home/aaron/.arduino15/packages/builtin/tools"
2025-08-19 11:27:01 2025-08-19T18:27:01.002Z daemon INFO time="2025-08-19T11:27:01-07:00" level=info msg="Loaded tool" tool="builtin:ctags@5.8-arduino11"
2025-08-19 11:27:01 2025-08-19T18:27:01.002Z daemon INFO time="2025-08-19T11:27:01-07:00" level=info msg="Loaded tool" tool="builtin:dfu-discovery@0.1.2"
time="2025-08-19T11:27:01-07:00" level=info msg="Loaded tool" tool="builtin:mdns-discovery@1.0.9"
2025-08-19 11:27:01 2025-08-19T18:27:01.002Z daemon INFO time="2025-08-19T11:27:01-07:00" level=info msg="Loaded tool" tool="builtin:serial-discovery@1.4.1"
time="2025-08-19T11:27:01-07:00" level=info msg="Loaded tool" tool="builtin:serial-monitor@0.15.0"
2025-08-19 11:27:01 2025-08-19T18:27:01.002Z daemon INFO time="2025-08-19T11:27:01-07:00" level=info msg="Loading package esp32 from: /home/aaron/.arduino15/packages/esp32/hardware"
2025-08-19 11:27:01 2025-08-19T18:27:01.004Z daemon INFO time="2025-08-19T11:27:01-07:00" level=info msg="Missing signature file" index=/home/aaron/.arduino15/packages/esp32/hardware/esp32/3.3.0/installed.json
2025-08-19 11:27:01 2025-08-19T18:27:01.219Z daemon INFO time="2025-08-19T11:27:01-07:00" level=info msg="Resolving include TinyGPSPlus.h for arch esp32"
time="2025-08-19T11:27:01-07:00" level=info msg="  found better lib" lib=TinyGPSPlus-ESP32 prio=521
time="2025-08-19T11:27:01-07:00" level=info msg="  discarded" lib=TinyGPSPlusPlus prio=517
2025-08-19 11:27:01 2025-08-19T18:27:01.219Z daemon INFO time="2025-08-19T11:27:01-07:00" level=info msg="  found better lib" lib=TinyGPSPlus prio=6A7
2025-08-19 11:27:01 2025-08-19T18:27:01.223Z daemon INFO time="2025-08-19T11:27:01-07:00" level=info msg="Adding monitor tool" protocol=serial tool="builtin:serial-monitor"
time="2025-08-19T11:27:01-07:00" level=info msg="Loaded platform" platform="esp32:esp32@3.3.0"
time="2025-08-19T11:27:01-07:00" level=info msg="Checking existence of 'tools' path: /home/aaron/.arduino15/packages/esp32/tools"
time="2025-08-19T11:27:01-07:00" level=info msg="Loading tools from dir: /home/aaron/.arduino15/packages/esp32/tools"
2025-08-19 11:27:01 2025-08-19T18:27:01.223Z daemon INFO time="2025-08-19T11:27:01-07:00" level=info msg="Loaded tool" tool="esp32:esp-rv32@2411"
time="2025-08-19T11:27:01-07:00" level=info msg="Loaded tool" tool="esp32:esp-x32@2411"
time="2025-08-19T11:27:01-07:00" level=info msg="Loaded tool" tool="esp32:esp32-arduino-libs@idf-release_v5.5-b66b5448-v1"
time="2025-08-19T11:27:01-07:00" level=info msg="Loaded tool" tool="esp32:esptool_py@5.0.0"
2025-08-19 11:27:01 2025-08-19T18:27:01.223Z daemon INFO time="2025-08-19T11:27:01-07:00" level=info msg="Loaded tool" tool="esp32:mklittlefs@3.0.0-gnu12-dc7f933"
time="2025-08-19T11:27:01-07:00" level=info msg="Loaded tool" tool="esp32:mkspiffs@0.2.3"
time="2025-08-19T11:27:01-07:00" level=info msg="Loaded tool" tool="esp32:openocd-esp32@v0.12.0-esp32-20250422"
time="2025-08-19T11:27:01-07:00" level=info msg="Loaded tool" tool="esp32:riscv32-esp-elf-gdb@16.2_20250324"
time="2025-08-19T11:27:01-07:00" level=info msg="Loaded tool" tool="esp32:xtensa-esp-elf-gdb@16.2_20250324"
2025-08-19 11:27:01 2025-08-19T18:27:01.228Z daemon INFO time="2025-08-19T11:27:01-07:00" level=info msg="Discovery event channel closed builtin:serial-discovery. Exiting goroutine."
2025-08-19 11:27:01 2025-08-19T18:27:01.229Z discovery-log INFO {"eventType":"remove","port":{"matchingBoardsList":[],"port":{"address":"/dev/ttyACM0","label":"/dev/ttyACM0","protocol":"serial","protocolLabel":"Serial Port (USB)","propertiesMap":[],"hardwareId":""}},"error":""}
2025-08-19 11:27:01 2025-08-19T18:27:01.229Z discovery-log INFO {"eventType":"remove","port":{"matchingBoardsList":[],"port":{"address":"/dev/ttyS0","label":"/dev/ttyS0","protocol":"serial","protocolLabel":"Serial Port","propertiesMap":[],"hardwareId":""}},"error":""}
2025-08-19 11:27:01 2025-08-19T18:27:01.229Z daemon INFO time="2025-08-19T11:27:01-07:00" level=info msg="Closed and removed discovery builtin:serial-discovery"
time="2025-08-19T11:27:01-07:00" level=error msg="Stopped decode loop: EOF" discovery="builtin:serial-discovery"
time="2025-08-19T11:27:01-07:00" level=info msg="Discovery event channel closed builtin:mdns-discovery. Exiting goroutine."
2025-08-19 11:27:01 2025-08-19T18:27:01.230Z daemon INFO time="2025-08-19T11:27:01-07:00" level=info msg="Closed and removed discovery builtin:mdns-discovery"
2025-08-19 11:27:01 2025-08-19T18:27:01.230Z daemon INFO time="2025-08-19T11:27:01-07:00" level=error msg="Stopped decode loop: EOF" discovery="builtin:mdns-discovery"
2025-08-19 11:27:01 2025-08-19T18:27:01.230Z daemon INFO time="2025-08-19T11:27:01-07:00" level=info msg="Discovery event channel closed builtin:dfu-discovery. Exiting goroutine."
2025-08-19 11:27:01 2025-08-19T18:27:01.231Z daemon INFO time="2025-08-19T11:27:01-07:00" level=info msg="Closed and removed discovery builtin:dfu-discovery"
2025-08-19 11:27:01 2025-08-19T18:27:01.231Z daemon INFO time="2025-08-19T11:27:01-07:00" level=error msg="Stopped decode loop: EOF" discovery="builtin:dfu-discovery"
2025-08-19 11:27:01 2025-08-19T18:27:01.238Z discovery-log INFO {"eventType":"add","port":{"matchingBoardsList":[{"name":"Arduino UNO R4 WiFi","fqbn":"arduino:renesas_uno:unor4wifi","isHidden":false}],"port":{"address":"/dev/ttyACM0","label":"/dev/ttyACM0","protocol":"serial","protocolLabel":"Serial Port (USB)","propertiesMap":[["pid","0x1002"],["serialNumber","9888E0072B9C"],["vid","0x2341"]],"hardwareId":"9888E0072B9C"}},"error":""}
2025-08-19 11:27:01 2025-08-19T18:27:01.238Z discovery-log INFO {"eventType":"add","port":{"matchingBoardsList":[],"port":{"address":"/dev/ttyS0","label":"/dev/ttyS0","protocol":"serial","protocolLabel":"Serial Port","propertiesMap":[],"hardwareId":""}},"error":""}
2025-08-19 11:27:01 2025-08-19T18:27:01.246Z daemon INFO time="2025-08-19T11:27:01-07:00" level=info msg="Adding libraries dir" dir=/home/aaron/.arduino15/packages/esp32/hardware/esp32/3.3.0/libraries isSingleLibrary=false location=platform
2025-08-19 11:27:01 2025-08-19T18:27:01.246Z daemon INFO time="2025-08-19T11:27:01-07:00" level=info msg="Adding libraries dir" dir=/home/aaron/.arduino15/packages/arduino/hardware/renesas_uno/1.5.0/libraries isSingleLibrary=false location=platform
time="2025-08-19T11:27:01-07:00" level=info msg="Adding libraries dir" dir=/home/aaron/.arduino15/packages/arduino/hardware/avr/1.8.6/libraries isSingleLibrary=false location=platform
2025-08-19 11:27:01 2025-08-19T18:27:01.246Z daemon INFO time="2025-08-19T11:27:01-07:00" level=info msg="Loading libraries index file" index=/home/aaron/.arduino15/library_index.json
2025-08-19 11:27:01 2025-08-19T18:27:01.652Z daemon INFO time="2025-08-19T11:27:01-07:00" level=info msg="Adding libraries dir" dir=/home/aaron/.arduino15/libraries isSingleLibrary=false location=ide
time="2025-08-19T11:27:01-07:00" level=info msg="Adding libraries dir" dir=/home/aaron/Arduino/libraries isSingleLibrary=false location=user
2025-08-19 11:27:01 2025-08-19T18:27:01.725Z daemon INFO time="2025-08-19T11:27:01-07:00" level=warning msg="Error loading library" error="rpc error: code = Internal desc = loading library from /home/aaron/Arduino/libraries/SoftSerialTest: invalid library: no header files found"
2025-08-19 11:27:02 2025-08-19T18:27:02.579Z daemon INFO time="2025-08-19T11:27:02-07:00" level=info msg="Resolving include FS.h for arch esp32"
2025-08-19 11:27:02 2025-08-19T18:27:02.580Z daemon INFO time="2025-08-19T11:27:02-07:00" level=info msg="  found better lib" lib=FS prio=6B0
2025-08-19 11:27:09 2025-08-19T18:27:09.783Z daemon INFO time="2025-08-19T11:27:09-07:00" level=info msg="Adding libraries dir" dir=/home/aaron/.arduino15/libraries isSingleLibrary=false location=ide
2025-08-19 11:27:09 2025-08-19T18:27:09.783Z daemon INFO time="2025-08-19T11:27:09-07:00" level=info msg="Adding libraries dir" dir=/home/aaron/.arduino15/packages/esp32/hardware/esp32/3.3.0/libraries isSingleLibrary=false location=platform
time="2025-08-19T11:27:09-07:00" level=info msg="Adding libraries dir" dir=/home/aaron/Arduino/libraries isSingleLibrary=false location=user
2025-08-19 11:27:11 2025-08-19T18:27:11.308Z daemon INFO time="2025-08-19T11:27:11-07:00" level=info msg="sending command" command=CLOSE monitor=serial-monitor
2025-08-19 11:27:11 2025-08-19T18:27:11.309Z daemon INFO time="2025-08-19T11:27:11-07:00" level=info msg="received message" error=false event_type=close message=OK monitor=serial-monitor
time="2025-08-19T11:27:11-07:00" level=info msg="sending command" command=QUIT monitor=serial-monitor
2025-08-19 11:27:11 2025-08-19T18:27:11.309Z daemon INFO time="2025-08-19T11:27:11-07:00" level=info msg="received message" error=false event_type=quit message=OK monitor=serial-monitor
time="2025-08-19T11:27:11-07:00" level=info msg="Killing monitor process" monitor=serial-monitor
2025-08-19 11:27:11 2025-08-19T18:27:11.310Z daemon INFO time="2025-08-19T11:27:11-07:00" level=error msg="stopped decode loop: EOF" monitor=serial-monitor
2025-08-19 11:27:11 2025-08-19T18:27:11.310Z daemon INFO time="2025-08-19T11:27:11-07:00" level=info msg="Monitor process killed" monitor=serial-monitor
2025-08-19 11:27:11 2025-08-19T18:27:11.312Z monitor-service INFO monitor to /dev/ttyACM0 using serial closed by server
2025-08-19 11:27:30 isTempSketch: false. Input was /home/aaron/projects/esp32_ble/master
2025-08-19 11:27:30 Marking workspace as a closed sketch. Workspace URI: file:///home/aaron/projects/esp32_ble/master. Date: 1755628050834.
2025-08-19 11:27:30 isTempSketch: false. Input was /home/aaron/projects/esp32_ble/master
2025-08-19 11:27:30 Marking workspace as a closed sketch. Workspace URI: file:///home/aaron/projects/esp32_ble/master. Date: 1755628050839.
2025-08-19 11:27:30 Closing channel on service path '/services/electron-window'.
2025-08-19 11:27:30 Closing channel on service path '/services/ide-updater'.
2025-08-19 11:27:30 Storing the sketch as a workspace root: </home/aaron/projects/esp32_ble/master>.
2025-08-19 11:27:30 Skipped storing sketch as workspace root. Already visited: </home/aaron/projects/esp32_ble/master>.
2025-08-19 11:27:30 Stored workspaces roots: /home/aaron/projects/esp32_ble/master
2025-08-19 11:27:30 No sketches were scheduled for deletion.
2025-08-19 11:27:30 2025-08-19T18:27:30.854Z root INFO socked closed
2025-08-19 11:27:30 2025-08-19T18:27:30.854Z root INFO closing connection for 1
2025-08-19 11:27:30 2025-08-19T18:27:30.854Z root INFO Closing channel on service path '/localization-server'.
2025-08-19 11:27:30 2025-08-19T18:27:30.854Z root INFO Closing channel on service path '/os'.
2025-08-19 11:27:30 2025-08-19T18:27:30.854Z root INFO Closing channel on service path '/services/commands'.
2025-08-19 11:27:30 2025-08-19T18:27:30.854Z root INFO Closing channel on service path '/services/keyboard'.
2025-08-19 11:27:30 2025-08-19T18:27:30.854Z root INFO Closing channel on service path '/services/logger'.
2025-08-19 11:27:30 2025-08-19T18:27:30.854Z root INFO Closing channel on service path '/services/messageService'.
2025-08-19 11:27:30 2025-08-19T18:27:30.854Z root INFO Closing channel on service path '/services/ChannelCloseService'.
2025-08-19 11:27:30 2025-08-19T18:27:30.854Z root INFO Closing channel on service path '/services/remote-filesystem'.
2025-08-19 11:27:30 2025-08-19T18:27:30.854Z root INFO Closing channel on service path '/services/envs'.
2025-08-19 11:27:30 2025-08-19T18:27:30.854Z root INFO Closing channel on service path '/services/authentication-service'.
2025-08-19 11:27:30 2025-08-19T18:27:30.854Z root INFO Closing channel on service path '/services/sketches-service'.
2025-08-19 11:27:30 2025-08-19T18:27:30.854Z root INFO Closing channel on service path '/services/config-service'.
2025-08-19 11:27:30 2025-08-19T18:27:30.854Z root INFO Closing channel on service path '/services/workspace'.
2025-08-19 11:27:30 2025-08-19T18:27:30.854Z root INFO Closing channel on service path '/services/notification-service'.
2025-08-19 11:27:30 2025-08-19T18:27:30.854Z root INFO Closing channel on service path '/services/arduino-daemon'.
2025-08-19 11:27:30 2025-08-19T18:27:30.854Z root INFO Closing channel on service path '/services/stopwatch'.
2025-08-19 11:27:30 2025-08-19T18:27:30.854Z root INFO Closing channel on service path '/services/application'.
2025-08-19 11:27:30 2025-08-19T18:27:30.854Z root INFO Closing channel on service path '/services/i18n'.
2025-08-19 11:27:30 2025-08-19T18:27:30.854Z root INFO Closing channel on service path '/services/quickInput'.
2025-08-19 11:27:30 2025-08-19T18:27:30.854Z root INFO Closing channel on service path '/services/debug'.
2025-08-19 11:27:30 2025-08-19T18:27:30.854Z root INFO Closing channel on service path '/services/shell-terminal'.
2025-08-19 11:27:30 2025-08-19T18:27:30.854Z root INFO Closing channel on service path '/services/quickPick'.
2025-08-19 11:27:30 2025-08-19T18:27:30.854Z root INFO Closing channel on service path '/services/task'.
2025-08-19 11:27:30 2025-08-19T18:27:30.854Z root INFO Closing channel on service path '/services/search'.
2025-08-19 11:27:30 2025-08-19T18:27:30.854Z root INFO Closing channel on service path '/services/hostedPlugin'.
2025-08-19 11:27:30 2025-08-19T18:27:30.854Z root INFO Closing channel on service path '/services/plugin-ext'.
2025-08-19 11:27:30 2025-08-19T18:27:30.854Z root INFO Closing channel on service path '/services/plugin-paths'.
2025-08-19 11:27:30 2025-08-19T18:27:30.854Z root INFO Closing channel on service path '/services/cli-preferences'.
2025-08-19 11:27:30 2025-08-19T18:27:30.854Z root INFO Closing channel on service path '/services/boards-service'.
2025-08-19 11:27:30 2025-08-19T18:27:30.854Z root INFO Closing channel on service path '/services/response-service'.
2025-08-19 11:27:30 2025-08-19T18:27:30.854Z root INFO Closing channel on service path '/services/file-system-ext'.
2025-08-19 11:27:30 2025-08-19T18:27:30.854Z root INFO Closing channel on service path '/services/core-service'.
2025-08-19 11:27:30 2025-08-19T18:27:30.854Z root INFO Closing channel on service path '/services/example-service'.
2025-08-19 11:27:30 2025-08-19T18:27:30.854Z root INFO Closing channel on service path '/services/library-service'.
2025-08-19 11:27:30 2025-08-19T18:27:30.854Z root INFO Closing channel on service path '/services/executable-service'.
2025-08-19 11:27:30 2025-08-19T18:27:30.854Z root INFO Closing channel on service path '/services/arduino-firmware-uploader'.
2025-08-19 11:27:30 2025-08-19T18:27:30.854Z root INFO Closing channel on service path '/services/formatter'.
2025-08-19 11:27:30 2025-08-19T18:27:30.854Z root INFO Closing channel on service path '/services/search-in-workspace'.
2025-08-19 11:27:30 2025-08-19T18:27:30.854Z root INFO Closing channel on service path '/services/request-service'.
2025-08-19 11:27:30 2025-08-19T18:27:30.854Z root INFO Closing channel on service path '/services/keyStore'.
2025-08-19 11:27:30 2025-08-19T18:27:30.854Z root INFO Closing channel on service path '/services/languagePackService'.
2025-08-19 11:27:30 2025-08-19T18:27:30.854Z root INFO Closing channel on service path '/services/monitor-manager-proxy'.
2025-08-19 12:23:28 Arduino IDE 2.3.6
2025-08-19 12:23:28 Checking for frontend application configuration customizations. Module path: /nix/store/2d5i1bzbqbnl4rgnhk8czrw5zmqqjdzv-arduino-ide-2.3.6-extracted/resources/app/lib/backend/electron-main.js, destination 'package.json': /nix/store/2d5i1bzbqbnl4rgnhk8czrw5zmqqjdzv-arduino-ide-2.3.6-extracted/resources/app/package.json
2025-08-19 12:23:28 Setting 'theia.frontend.config.appVersion' application configuration value to: "2.3.6" (type of string)
2025-08-19 12:23:28 Setting 'theia.frontend.config.cliVersion' application configuration value to: "1.2.0" (type of string)
2025-08-19 12:23:28 Setting 'theia.frontend.config.buildDate' application configuration value to: "2025-04-09T11:24:04.835Z" (type of string)
2025-08-19 12:23:28 Frontend application configuration after modifications: {"applicationName":"Arduino IDE","defaultTheme":{"light":"arduino-theme","dark":"arduino-theme-dark"},"defaultIconTheme":"none","electron":{"windowOptions":{},"showWindowEarly":true,"splashScreenOptions":{},"uriScheme":"arduino-ide"},"defaultLocale":"","validatePreferencesSchema":false,"reloadOnReconnect":true,"uriScheme":"theia","preferences":{"window.title":"${rootName}${activeEditorShort}${appName}","files.autoSave":"afterDelay","editor.minimap.enabled":false,"editor.tabSize":2,"editor.scrollBeyondLastLine":false,"editor.quickSuggestions":{"other":false,"comments":false,"strings":false},"editor.maxTokenizationLineLength":500,"editor.bracketPairColorization.enabled":false,"breadcrumbs.enabled":false,"workbench.tree.renderIndentGuides":"none","explorer.compactFolders":false},"appVersion":"2.3.6","cliVersion":"1.2.0","buildDate":"2025-04-09T11:24:04.835Z"}
2025-08-19 12:23:28 Starting backend process. PID: 29541
2025-08-19 12:23:28 Showing main window early
2025-08-19 12:23:29 Using browser-only version of superagent in non-browser environment
2025-08-19 12:23:29 Configuration directory URI: 'file:///home/aaron/.arduinoIDE'
2025-08-19 12:23:29 Configuring to accept webviews on '^.+\.webview\..+$' hostname.
2025-08-19 12:23:29 2025-08-19T19:23:29.509Z root INFO Backend u.initialize: 35.4 ms [Finished 0.668 s after backend start]
2025-08-19 12:23:29 2025-08-19T19:23:29.510Z root INFO Backend Object.initialize: 33.5 ms [Finished 0.668 s after backend start]
2025-08-19 12:23:29 2025-08-19T19:23:29.510Z root INFO Backend a.initialize: 1.5 ms [Finished 0.668 s after backend start]
2025-08-19 12:23:29 2025-08-19T19:23:29.510Z root INFO Backend a.initialize: 1.2 ms [Finished 0.668 s after backend start]
2025-08-19 12:23:29 2025-08-19T19:23:29.510Z root INFO Backend u.initialize: 1.9 ms [Finished 0.669 s after backend start]
2025-08-19 12:23:29 2025-08-19T19:23:29.512Z root INFO Backend l.initialize: 35.5 ms [Finished 0.670 s after backend start]
2025-08-19 12:23:29 2025-08-19T19:23:29.520Z root INFO configured all backend app contributions
2025-08-19 12:23:29 2025-08-19T19:23:29.521Z root INFO Backend l.onStart: 1.5 ms [Finished 0.682 s after backend start]
2025-08-19 12:23:29 2025-08-19T19:23:29.521Z root INFO Backend d.onStart: 0.1 ms [Finished 0.682 s after backend start]
2025-08-19 12:23:29 2025-08-19T19:23:29.522Z root INFO Backend a.onStart: 0.3 ms [Finished 0.683 s after backend start]
2025-08-19 12:23:29 2025-08-19T19:23:29.522Z config INFO >>> Initializing CLI configuration...
2025-08-19 12:23:29 2025-08-19T19:23:29.522Z root INFO Backend x.onStart: 0.3 ms [Finished 0.683 s after backend start]
2025-08-19 12:23:29 2025-08-19T19:23:29.522Z config INFO Loading CLI configuration from /home/aaron/.arduinoIDE/arduino-cli.yaml...
2025-08-19 12:23:29 2025-08-19T19:23:29.522Z daemon INFO Starting daemon from /nix/store/2d5i1bzbqbnl4rgnhk8czrw5zmqqjdzv-arduino-ide-2.3.6-extracted/resources/app/lib/backend/resources/arduino-cli...
2025-08-19 12:23:29 2025-08-19T19:23:29.522Z root INFO Backend w.onStart: 0.4 ms [Finished 0.684 s after backend start]
2025-08-19 12:23:29 2025-08-19T19:23:29.522Z discovery-log INFO start
2025-08-19 12:23:29 2025-08-19T19:23:29.522Z discovery-log INFO start new deferred
2025-08-19 12:23:29 2025-08-19T19:23:29.522Z root INFO Backend v.onStart: 0.3 ms [Finished 0.684 s after backend start]
2025-08-19 12:23:29 2025-08-19T19:23:29.522Z root INFO Backend a.onStart: 0.1 ms [Finished 0.684 s after backend start]
2025-08-19 12:23:29 2025-08-19T19:23:29.527Z root INFO Theia app listening on http://127.0.0.1:44137.
2025-08-19 12:23:29 2025-08-19T19:23:29.527Z root INFO Finished starting backend application: 4.3 ms [Finished 0.688 s after backend start]
2025-08-19 12:23:29 Error: node-loader:
Error: libxkbfile.so.1: cannot open shared object file: No such file or directory
    at 95585 (/nix/store/2d5i1bzbqbnl4rgnhk8czrw5zmqqjdzv-arduino-ide-2.3.6-extracted/resources/app/lib/backend/electron-main.js:8:1529780)
    at __webpack_require__ (/nix/store/2d5i1bzbqbnl4rgnhk8czrw5zmqqjdzv-arduino-ide-2.3.6-extracted/resources/app/lib/backend/electron-main.js:8:1985382)
    at o._init (/nix/store/2d5i1bzbqbnl4rgnhk8czrw5zmqqjdzv-arduino-ide-2.3.6-extracted/resources/app/lib/backend/electron-main.js:5:1319254)
    at o.onDidChangeKeyboardLayout (/nix/store/2d5i1bzbqbnl4rgnhk8czrw5zmqqjdzv-arduino-ide-2.3.6-extracted/resources/app/lib/backend/electron-main.js:5:1319604)
    at t.onDidChangeKeyboardLayout (/nix/store/2d5i1bzbqbnl4rgnhk8czrw5zmqqjdzv-arduino-ide-2.3.6-extracted/resources/app/lib/backend/electron-main.js:5:1319982)
    at a.onStart (/nix/store/2d5i1bzbqbnl4rgnhk8czrw5zmqqjdzv-arduino-ide-2.3.6-extracted/resources/app/lib/backend/electron-main.js:2:205197)
    at A.startContributions (/nix/store/2d5i1bzbqbnl4rgnhk8czrw5zmqqjdzv-arduino-ide-2.3.6-extracted/resources/app/lib/backend/electron-main.js:8:1599586)
    at Object.handler (/nix/store/2d5i1bzbqbnl4rgnhk8czrw5zmqqjdzv-arduino-ide-2.3.6-extracted/resources/app/lib/backend/electron-main.js:2:1217714)
    at process.processTicksAndRejections (node:internal/process/task_queues:95:5)
2025-08-19 12:23:29 Restoring workspace roots: /home/aaron/projects/esp32_ble/master
2025-08-19 12:23:29 2025-08-19T19:23:29.528Z root WARN The local plugin referenced by local-dir:/home/aaron/.arduinoIDE/plugins does not exist.
2025-08-19 12:23:29 2025-08-19T19:23:29.528Z root WARN The local plugin referenced by local-dir:/home/aaron/.arduinoIDE/deployedPlugins does not exist.
2025-08-19 12:23:29 2025-08-19T19:23:29.532Z config INFO Loaded CLI configuration: {"board_manager":{"additional_urls":["https://raw.githubusercontent.com/espressif/arduino-esp32/gh-pages/package_esp32_index.json"]},"directories":{"builtin":{"libraries":"/home/aaron/.arduino15/libraries"},"data":"/home/aaron/.arduino15","user":"/home/aaron/Arduino"},"locale":"en"}
2025-08-19 12:23:29 2025-08-19T19:23:29.532Z config INFO 'directories.data' and 'directories.user' are set in the CLI configuration model.
2025-08-19 12:23:29 2025-08-19T19:23:29.532Z config INFO Loaded the CLI configuration.
2025-08-19 12:23:29 2025-08-19T19:23:29.542Z config INFO Mapped the CLI configuration: {"dataDirUri":"file:///home/aaron/.arduino15","sketchDirUri":"file:///home/aaron/Arduino","additionalUrls":["https://raw.githubusercontent.com/espressif/arduino-esp32/gh-pages/package_esp32_index.json"],"network":"none","locale":"en"}
2025-08-19 12:23:29 2025-08-19T19:23:29.542Z config INFO Validating the CLI configuration...
2025-08-19 12:23:29 2025-08-19T19:23:29.542Z config INFO The CLI config is valid.
2025-08-19 12:23:29 2025-08-19T19:23:29.542Z config INFO <<< Initialized the CLI configuration.
2025-08-19 12:23:29 isTempSketch: false. Input was /home/aaron/projects/esp32_ble/master/master.ino
2025-08-19 12:23:29 2025-08-19T19:23:29.560Z daemon INFO time="2025-08-19T12:23:29-07:00" level=info msg="arduino-cli version 1.2.0"
time="2025-08-19T12:23:29-07:00" level=info msg="Using config file: /home/aaron/.arduinoIDE/arduino-cli.yaml"
time="2025-08-19T12:23:29-07:00" level=info msg="Executing `arduino-cli daemon`"
Daemon is now listening on 127.0.0.1:41385
{"IP":"127.0.0.1","Port":"41385"}
2025-08-19 12:23:29 2025-08-19T19:23:29.560Z daemon INFO Daemon is running.
2025-08-19 12:23:29 2025-08-19T19:23:29.589Z root INFO Resolve plugins list: 65.1 ms [Finished 0.751 s after backend start]
2025-08-19 12:23:29 2025-08-19T19:23:29.609Z daemon INFO time="2025-08-19T12:23:29-07:00" level=info msg="Checking signature" index=/home/aaron/.arduino15/package_index.json signatureFile=/home/aaron/.arduino15/package_index.json.sig trusted=true
2025-08-19 12:23:29 2025-08-19T19:23:29.614Z daemon INFO time="2025-08-19T12:23:29-07:00" level=info msg="Missing signature file" index=/home/aaron/.arduino15/package_esp32_index.json
time="2025-08-19T12:23:29-07:00" level=info msg="Loading hardware from: /home/aaron/.arduino15/packages"
2025-08-19 12:23:29 2025-08-19T19:23:29.615Z daemon INFO time="2025-08-19T12:23:29-07:00" level=info msg="Loading package arduino from: /home/aaron/.arduino15/packages/arduino/hardware"
2025-08-19 12:23:29 2025-08-19T19:23:29.616Z daemon INFO time="2025-08-19T12:23:29-07:00" level=info msg="Missing signature file" index=/home/aaron/.arduino15/packages/arduino/hardware/avr/1.8.6/installed.json
2025-08-19 12:23:29 2025-08-19T19:23:29.624Z daemon INFO time="2025-08-19T12:23:29-07:00" level=info msg="Adding monitor tool" protocol=serial tool="builtin:serial-monitor"
time="2025-08-19T12:23:29-07:00" level=info msg="Loaded platform" platform="arduino:avr@1.8.6"
time="2025-08-19T12:23:29-07:00" level=info msg="Missing signature file" index=/home/aaron/.arduino15/packages/arduino/hardware/renesas_uno/1.5.0/installed.json
time="2025-08-19T12:23:29-07:00" level=info msg="Adding monitor tool" protocol=serial tool="builtin:serial-monitor"
time="2025-08-19T12:23:29-07:00" level=info msg="Loaded platform" platform="arduino:renesas_uno@1.5.0"
time="2025-08-19T12:23:29-07:00" level=info msg="Checking existence of 'tools' path: /home/aaron/.arduino15/packages/arduino/tools"
time="2025-08-19T12:23:29-07:00" level=info msg="Loading tools from dir: /home/aaron/.arduino15/packages/arduino/tools"
time="2025-08-19T12:23:29-07:00" level=info msg="Loaded tool" tool="arduino:arduinoOTA@1.3.0"
time="2025-08-19T12:23:29-07:00" level=info msg="Loaded tool" tool="arduino:arm-none-eabi-gcc@7-2017q4"
time="2025-08-19T12:23:29-07:00" level=info msg="Loaded tool" tool="arduino:avr-gcc@7.3.0-atmel3.6.1-arduino7"
time="2025-08-19T12:23:29-07:00" level=info msg="Loaded tool" tool="arduino:avrdude@6.3.0-arduino17"
time="2025-08-19T12:23:29-07:00" level=info msg="Loaded tool" tool="arduino:bossac@1.9.1-arduino5"
time="2025-08-19T12:23:29-07:00" level=info msg="Loaded tool" tool="arduino:dfu-util@0.11.0-arduino5"
time="2025-08-19T12:23:29-07:00" level=info msg="Loaded tool" tool="arduino:openocd@0.11.0-arduino2"
time="2025-08-19T12:23:29-07:00" level=info msg="Loading package builtin from: /home/aaron/.arduino15/packages/builtin"
time="2025-08-19T12:23:29-07:00" level=info msg="Checking existence of 'tools' path: /home/aaron/.arduino15/packages/builtin/tools"
time="2025-08-19T12:23:29-07:00" level=info msg="Loading tools from dir: /home/aaron/.arduino15/packages/builtin/tools"
time="2025-08-19T12:23:29-07:00" level=info msg="Loaded tool" tool="builtin:ctags@5.8-arduino11"
time="2025-08-19T12:23:29-07:00" level=info msg="Loaded tool" tool="builtin:dfu-discovery@0.1.2"
time="2025-08-19T12:23:29-07:00" level=info msg="Loaded tool" tool="builtin:mdns-discovery@1.0.9"
time="2025-08-19T12:23:29-07:00" level=info msg="Loaded tool" tool="builtin:serial-discovery@1.4.1"
time="2025-08-19T12:23:29-07:00" level=info msg="Loaded tool" tool="builtin:serial-monitor@0.15.0"
time="2025-08-19T12:23:29-07:00" level=info msg="Loading package esp32 from: /home/aaron/.arduino15/packages/esp32/hardware"
2025-08-19 12:23:29 2025-08-19T19:23:29.627Z daemon INFO time="2025-08-19T12:23:29-07:00" level=info msg="Missing signature file" index=/home/aaron/.arduino15/packages/esp32/hardware/esp32/3.3.0/installed.json
2025-08-19 12:23:29 2025-08-19T19:23:29.845Z daemon INFO time="2025-08-19T12:23:29-07:00" level=info msg="Adding monitor tool" protocol=serial tool="builtin:serial-monitor"
time="2025-08-19T12:23:29-07:00" level=info msg="Loaded platform" platform="esp32:esp32@3.3.0"
time="2025-08-19T12:23:29-07:00" level=info msg="Checking existence of 'tools' path: /home/aaron/.arduino15/packages/esp32/tools"
time="2025-08-19T12:23:29-07:00" level=info msg="Loading tools from dir: /home/aaron/.arduino15/packages/esp32/tools"
time="2025-08-19T12:23:29-07:00" level=info msg="Loaded tool" tool="esp32:esp-rv32@2411"
time="2025-08-19T12:23:29-07:00" level=info msg="Loaded tool" tool="esp32:esp-x32@2411"
time="2025-08-19T12:23:29-07:00" level=info msg="Loaded tool" tool="esp32:esp32-arduino-libs@idf-release_v5.5-b66b5448-v1"
time="2025-08-19T12:23:29-07:00" level=info msg="Loaded tool" tool="esp32:esptool_py@5.0.0"
time="2025-08-19T12:23:29-07:00" level=info msg="Loaded tool" tool="esp32:mklittlefs@3.0.0-gnu12-dc7f933"
time="2025-08-19T12:23:29-07:00" level=info msg="Loaded tool" tool="esp32:mkspiffs@0.2.3"
time="2025-08-19T12:23:29-07:00" level=info msg="Loaded tool" tool="esp32:openocd-esp32@v0.12.0-esp32-20250422"
time="2025-08-19T12:23:29-07:00" level=info msg="Loaded tool" tool="esp32:riscv32-esp-elf-gdb@16.2_20250324"
time="2025-08-19T12:23:29-07:00" level=info msg="Loaded tool" tool="esp32:xtensa-esp-elf-gdb@16.2_20250324"
2025-08-19 12:23:29 2025-08-19T19:23:29.851Z daemon INFO time="2025-08-19T12:23:29-07:00" level=info msg="Adding libraries dir" dir=/home/aaron/.arduino15/packages/arduino/hardware/renesas_uno/1.5.0/libraries isSingleLibrary=false location=platform
2025-08-19 12:23:29 2025-08-19T19:23:29.851Z daemon INFO time="2025-08-19T12:23:29-07:00" level=info msg="Adding libraries dir" dir=/home/aaron/.arduino15/packages/arduino/hardware/avr/1.8.6/libraries isSingleLibrary=false location=platform
2025-08-19 12:23:29 2025-08-19T19:23:29.854Z daemon INFO time="2025-08-19T12:23:29-07:00" level=info msg="Adding libraries dir" dir=/home/aaron/.arduino15/packages/esp32/hardware/esp32/3.3.0/libraries isSingleLibrary=false location=platform
time="2025-08-19T12:23:29-07:00" level=info msg="Loading libraries index file" index=/home/aaron/.arduino15/library_index.json
2025-08-19 12:23:30 2025-08-19T19:23:30.081Z root INFO Deploy plugins list: 556.9 ms [Finished 1.242 s after backend start]
2025-08-19 12:23:30 2025-08-19T19:23:30.151Z daemon INFO time="2025-08-19T12:23:30-07:00" level=info msg="Adding libraries dir" dir=/home/aaron/.arduino15/libraries isSingleLibrary=false location=ide
time="2025-08-19T12:23:30-07:00" level=info msg="Adding libraries dir" dir=/home/aaron/Arduino/libraries isSingleLibrary=false location=user
2025-08-19 12:23:30 2025-08-19T19:23:30.214Z daemon INFO time="2025-08-19T12:23:30-07:00" level=warning msg="Error loading library" error="rpc error: code = Internal desc = loading library from /home/aaron/Arduino/libraries/SoftSerialTest: invalid library: no header files found"
2025-08-19 12:23:30 2025-08-19T19:23:30.220Z discovery-log INFO start resolved watching
2025-08-19 12:23:30 2025-08-19T19:23:30.230Z discovery-log INFO {"eventType":"add","port":{"matchingBoardsList":[{"name":"Arduino UNO R4 WiFi","fqbn":"arduino:renesas_uno:unor4wifi","isHidden":false}],"port":{"address":"/dev/ttyACM0","label":"/dev/ttyACM0","protocol":"serial","protocolLabel":"Serial Port (USB)","propertiesMap":[["pid","0x1002"],["serialNumber","9888E0072B9C"],["vid","0x2341"]],"hardwareId":"9888E0072B9C"}},"error":""}
2025-08-19 12:23:30 2025-08-19T19:23:30.230Z discovery-log INFO {"eventType":"add","port":{"matchingBoardsList":[],"port":{"address":"/dev/ttyS0","label":"/dev/ttyS0","protocol":"serial","protocolLabel":"Serial Port","propertiesMap":[],"hardwareId":""}},"error":""}
2025-08-19 12:23:30 2025-08-19T19:23:30.272Z root INFO creating connection for 1
2025-08-19 12:23:31 2025-08-19T19:23:31.256Z root ERROR Error: node-loader:
Error: libxkbfile.so.1: cannot open shared object file: No such file or directory
    at 95585 (/nix/store/2d5i1bzbqbnl4rgnhk8czrw5zmqqjdzv-arduino-ide-2.3.6-extracted/resources/app/lib/backend/main.js:2:6468723)
    at __webpack_require__ (/nix/store/2d5i1bzbqbnl4rgnhk8czrw5zmqqjdzv-arduino-ide-2.3.6-extracted/resources/app/lib/backend/main.js:2:7034640)
    at r._init (/nix/store/2d5i1bzbqbnl4rgnhk8czrw5zmqqjdzv-arduino-ide-2.3.6-extracted/resources/app/lib/backend/main.js:2:4537535)
    at r.getCurrentKeyboardLayout (/nix/store/2d5i1bzbqbnl4rgnhk8czrw5zmqqjdzv-arduino-ide-2.3.6-extracted/resources/app/lib/backend/main.js:2:4537734)
    at t.getCurrentKeyboardLayout (/nix/store/2d5i1bzbqbnl4rgnhk8czrw5zmqqjdzv-arduino-ide-2.3.6-extracted/resources/app/lib/backend/main.js:2:4538141)
    at s.getNativeLayoutSync (/nix/store/2d5i1bzbqbnl4rgnhk8czrw5zmqqjdzv-arduino-ide-2.3.6-extracted/resources/app/lib/backend/main.js:2:1830040)
    at s.getNativeLayout (/nix/store/2d5i1bzbqbnl4rgnhk8czrw5zmqqjdzv-arduino-ide-2.3.6-extracted/resources/app/lib/backend/main.js:2:1829981)
    at u.onRequest (/nix/store/2d5i1bzbqbnl4rgnhk8czrw5zmqqjdzv-arduino-ide-2.3.6-extracted/resources/app/lib/backend/main.js:2:4942964)
    at c.requestHandler (/nix/store/2d5i1bzbqbnl4rgnhk8czrw5zmqqjdzv-arduino-ide-2.3.6-extracted/resources/app/lib/backend/main.js:2:4942783)
    at c.handleRequest (/nix/store/2d5i1bzbqbnl4rgnhk8czrw5zmqqjdzv-arduino-ide-2.3.6-extracted/resources/app/lib/backend/main.js:2:524486)
2025-08-19 12:23:31 2025-08-19T19:23:31.256Z root ERROR TypeError: Cannot read properties of null (reading 'getKeyMap')
    at r.getKeyMap (/nix/store/2d5i1bzbqbnl4rgnhk8czrw5zmqqjdzv-arduino-ide-2.3.6-extracted/resources/app/lib/backend/main.js:2:4537620)
    at t.getKeyMap (/nix/store/2d5i1bzbqbnl4rgnhk8czrw5zmqqjdzv-arduino-ide-2.3.6-extracted/resources/app/lib/backend/main.js:2:4538201)
    at s.getNativeLayoutSync (/nix/store/2d5i1bzbqbnl4rgnhk8czrw5zmqqjdzv-arduino-ide-2.3.6-extracted/resources/app/lib/backend/main.js:2:1830077)
    at s.getNativeLayout (/nix/store/2d5i1bzbqbnl4rgnhk8czrw5zmqqjdzv-arduino-ide-2.3.6-extracted/resources/app/lib/backend/main.js:2:1829981)
    at u.onRequest (/nix/store/2d5i1bzbqbnl4rgnhk8czrw5zmqqjdzv-arduino-ide-2.3.6-extracted/resources/app/lib/backend/main.js:2:4942964)
    at c.requestHandler (/nix/store/2d5i1bzbqbnl4rgnhk8czrw5zmqqjdzv-arduino-ide-2.3.6-extracted/resources/app/lib/backend/main.js:2:4942783)
    at c.handleRequest (/nix/store/2d5i1bzbqbnl4rgnhk8czrw5zmqqjdzv-arduino-ide-2.3.6-extracted/resources/app/lib/backend/main.js:2:524486)
    at c.handleMessage (/nix/store/2d5i1bzbqbnl4rgnhk8czrw5zmqqjdzv-arduino-ide-2.3.6-extracted/resources/app/lib/backend/main.js:2:522388)
    at /nix/store/2d5i1bzbqbnl4rgnhk8czrw5zmqqjdzv-arduino-ide-2.3.6-extracted/resources/app/lib/backend/main.js:2:522022
    at /nix/store/2d5i1bzbqbnl4rgnhk8czrw5zmqqjdzv-arduino-ide-2.3.6-extracted/resources/app/lib/backend/main.js:2:6419737
2025-08-19 12:23:31 2025-08-19T19:23:31.256Z root WARN A command editor.action.toggleStickyScroll is already registered.
2025-08-19 12:23:31 2025-08-19T19:23:31.284Z sketches-service WARN Warning! The request sketch path was different than the response sketch path from the CLI. This could be a potential bug. Request: </home/aaron/projects/esp32_ble/master/master.ino>, response: </home/aaron/projects/esp32_ble/master>.
2025-08-19 12:23:31 Opening channel for service path '/services/electron-window'.
2025-08-19 12:23:31 Opening channel for service path '/services/ide-updater'.
2025-08-19 12:23:31 2025-08-19T19:23:31.388Z root INFO Start frontend contributions: 308.9 ms [Finished 1.823 s after frontend start]
2025-08-19 12:23:31 2025-08-19T19:23:31.388Z root INFO Changed application state from 'init' to 'started_contributions'.
2025-08-19 12:23:31 2025-08-19T19:23:31.396Z root INFO Changed application state from 'started_contributions' to 'attached_shell'.
2025-08-19 12:23:31 2025-08-19T19:23:31.396Z root INFO >>> Restoring the layout state...
2025-08-19 12:23:31 2025-08-19T19:23:31.443Z root INFO [fadaf195-3634-4cd6-9b81-c61803fc8cc1] Waiting for backend deployment: 68.2 ms [Finished 1.885 s after frontend start]
2025-08-19 12:23:32 2025-08-19T19:23:32.067Z root INFO [hosted-plugin: 29764] PLUGIN_HOST(29764) starting instance
[Object: null prototype] {}
2025-08-19 12:23:32 2025-08-19T19:23:32.852Z root INFO [fadaf195-3634-4cd6-9b81-c61803fc8cc1] Sync of 23 plugins: 1416.4 ms [Finished 3.302 s after frontend start]
2025-08-19 12:23:32 2025-08-19T19:23:32.884Z root INFO ------- SERIALIZED LAYOUT DATA -------
2025-08-19 12:23:32 2025-08-19T19:23:32.884Z root INFO {"version":5,"mainPanel":{"main":{"type":"tab-area","widgets":[{"constructionOptions":{"factoryId":"code-editor-opener","options":{"counter":0,"kind":"navigatable","uri":"file:///home/aaron/projects/esp32_ble/master/master.ino"}},"innerWidgetState":"{\"cursorState\":[{\"inSelectionMode\":false,\"selectionStart\":{\"lineNumber\":15,\"column\":3},\"position\":{\"lineNumber\":15,\"column\":3}}],\"viewState\":{\"scrollLeft\":0,\"firstPosition\":{\"lineNumber\":1,\"column\":1},\"firstPositionDeltaTop\":0},\"contributionsState\":{\"editor.contrib.folding\":{\"lineCount\":145,\"provider\":\"indent\",\"foldedImports\":false},\"editor.contrib.wordHighlighter\":false}}"},{"constructionOptions":{"factoryId":"code-editor-opener","options":{"counter":1,"kind":"navigatable","uri":"file:///home/aaron/projects/esp32_ble/master/sd_read_write.h"}},"innerWidgetState":"{\"cursorState\":[{\"inSelectionMode\":false,\"selectionStart\":{\"lineNumber\":1,\"column\":1},\"position\":{\"lineNumber\":1,\"column\":1}}],\"viewState\":{\"scrollLeft\":0,\"firstPosition\":{\"lineNumber\":1,\"column\":1},\"firstPositionDeltaTop\":0},\"contributionsState\":{\"editor.contrib.folding\":{\"lineCount\":18,\"provider\":\"indent\",\"foldedImports\":false},\"editor.contrib.wordHighlighter\":false}}"},{"constructionOptions":{"factoryId":"code-editor-opener","options":{"counter":1,"kind":"navigatable","uri":"file:///home/aaron/projects/esp32_ble/master/sd_read_write.cpp"}},"innerWidgetState":"{\"cursorState\":[{\"inSelectionMode\":false,\"selectionStart\":{\"lineNumber\":1,\"column\":1},\"position\":{\"lineNumber\":1,\"column\":1}}],\"viewState\":{\"scrollLeft\":0,\"firstPosition\":{\"lineNumber\":1,\"column\":1},\"firstPositionDeltaTop\":0},\"contributionsState\":{\"editor.contrib.folding\":{\"lineCount\":154,\"provider\":\"indent\",\"foldedImports\":false},\"editor.contrib.wordHighlighter\":false}}"}],"currentIndex":0}},"mainPanelPinned":[false,false,false],"bottomPanel":{"config":{"main":{"type":"tab-area","widgets":[{"constructionOptions":{"factoryId":"outputView"},"innerWidgetState":"{\"locked\":false}"}],"currentIndex":0}},"pinned":[false],"size":384,"expanded":true},"leftPanel":{"type":"sidepanel","items":[{"widget":{"constructionOptions":{"factoryId":"arduino-sketchbook-widget"}},"rank":1,"expanded":false,"pinned":false},{"widget":{"constructionOptions":{"factoryId":"boards-list-widget"}},"rank":2,"expanded":false,"pinned":false},{"widget":{"constructionOptions":{"factoryId":"library-list-widget"}},"rank":3,"expanded":false,"pinned":false},{"widget":{"constructionOptions":{"factoryId":"debug"},"innerWidgetState":"{\"parts\":[{\"partId\":\"debug:threads:-1\",\"collapsed\":false,\"hidden\":false,\"relativeSize\":1.384,\"originalContainerId\":\"debug:view-container:-1\",\"originalContainerTitle\":{\"label\":\"debug\",\"iconClass\":\"codicon codicon-debug-alt\",\"closeable\":true},\"widget\":{\"constructionOptions\":{\"factoryId\":\"debug:threads\"},\"innerWidgetState\":\"{}\"}},{\"partId\":\"debug:frames:-1\",\"collapsed\":false,\"hidden\":false,\"relativeSize\":1.384,\"originalContainerId\":\"debug:view-container:-1\",\"originalContainerTitle\":{\"label\":\"debug\",\"iconClass\":\"codicon codicon-debug-alt\",\"closeable\":true},\"widget\":{\"constructionOptions\":{\"factoryId\":\"debug:frames\"},\"innerWidgetState\":\"{}\"}},{\"partId\":\"debug:variables:-1\",\"collapsed\":false,\"hidden\":false,\"relativeSize\":1.384,\"originalContainerId\":\"debug:view-container:-1\",\"originalContainerTitle\":{\"label\":\"debug\",\"iconClass\":\"codicon codicon-debug-alt\",\"closeable\":true},\"widget\":{\"constructionOptions\":{\"factoryId\":\"debug:variables\"},\"innerWidgetState\":\"{}\"}},{\"partId\":\"debug:watch:-1\",\"collapsed\":false,\"hidden\":false,\"relativeSize\":1.384,\"originalContainerId\":\"debug:view-container:-1\",\"originalContainerTitle\":{\"label\":\"debug\",\"iconClass\":\"codicon codicon-debug-alt\",\"closeable\":true},\"widget\":{\"constructionOptions\":{\"factoryId\":\"debug:watch\"},\"innerWidgetState\":\"{}\"}},{\"partId\":\"debug:breakpoints:-1\",\"collapsed\":false,\"hidden\":false,\"relativeSize\":1.384,\"originalContainerId\":\"debug:view-container:-1\",\"originalContainerTitle\":{\"label\":\"debug\",\"iconClass\":\"codicon codicon-debug-alt\",\"closeable\":true},\"widget\":{\"constructionOptions\":{\"factoryId\":\"debug:breakpoints\"},\"innerWidgetState\":\"{}\"}},{\"partId\":\"plugin-view:cortex-debug.peripherals\",\"collapsed\":true,\"hidden\":true,\"originalContainerId\":\"debug:view-container:-1\",\"originalContainerTitle\":{\"label\":\"debug\",\"iconClass\":\"codicon codicon-debug-alt\",\"closeable\":true},\"widget\":{\"constructionOptions\":{\"factoryId\":\"plugin-view\",\"options\":{\"id\":\"plugin-view:cortex-debug.peripherals\",\"viewId\":\"cortex-debug.peripherals\"}},\"innerWidgetState\":\"{\\\"label\\\":\\\"Cortex Peripherals\\\",\\\"widgets\\\":[],\\\"suppressUpdateViewVisibility\\\":false,\\\"currentViewContainerId\\\":\\\"debug\\\"}\"}},{\"partId\":\"plugin-view:cortex-debug.registers\",\"collapsed\":true,\"hidden\":true,\"originalContainerId\":\"debug:view-container:-1\",\"originalContainerTitle\":{\"label\":\"debug\",\"iconClass\":\"codicon codicon-debug-alt\",\"closeable\":true},\"widget\":{\"constructionOptions\":{\"factoryId\":\"plugin-view\",\"options\":{\"id\":\"plugin-view:cortex-debug.registers\",\"viewId\":\"cortex-debug.registers\"}},\"innerWidgetState\":\"{\\\"label\\\":\\\"Cortex Registers\\\",\\\"widgets\\\":[],\\\"suppressUpdateViewVisibility\\\":false,\\\"currentViewContainerId\\\":\\\"debug\\\"}\"}}],\"title\":{\"label\":\"debug\",\"iconClass\":\"codicon codicon-debug-alt\",\"closeable\":true}}"},"rank":4,"expanded":false,"pinned":false},{"widget":{"constructionOptions":{"factoryId":"search-view-container"},"innerWidgetState":"{\"parts\":[{\"partId\":\"search-in-workspace\",\"collapsed\":false,\"hidden\":false,\"originalContainerId\":\"search-view-container\",\"originalContainerTitle\":{\"label\":\"Search\",\"iconClass\":\"codicon codicon-search\",\"closeable\":true},\"widget\":{\"constructionOptions\":{\"factoryId\":\"search-in-workspace\"},\"innerWidgetState\":\"{\\\"matchCaseState\\\":{\\\"className\\\":\\\"codicon codicon-case-sensitive\\\",\\\"enabled\\\":false,\\\"title\\\":\\\"Match Case\\\"},\\\"wholeWordState\\\":{\\\"className\\\":\\\"codicon codicon-whole-word\\\",\\\"enabled\\\":false,\\\"title\\\":\\\"Match Whole Word\\\"},\\\"regExpState\\\":{\\\"className\\\":\\\"codicon codicon-regex\\\",\\\"enabled\\\":false,\\\"title\\\":\\\"Use Regular Expression\\\"},\\\"includeIgnoredState\\\":{\\\"className\\\":\\\"codicon codicon-eye\\\",\\\"enabled\\\":false,\\\"title\\\":\\\"Include Ignored Files\\\"},\\\"showSearchDetails\\\":false,\\\"searchInWorkspaceOptions\\\":{\\\"matchCase\\\":false,\\\"matchWholeWord\\\":false,\\\"useRegExp\\\":false,\\\"multiline\\\":false,\\\"includeIgnored\\\":false,\\\"include\\\":[],\\\"exclude\\\":[],\\\"maxResults\\\":2000},\\\"searchTerm\\\":\\\"\\\",\\\"replaceTerm\\\":\\\"\\\",\\\"showReplaceField\\\":false,\\\"searchHistoryState\\\":{\\\"history\\\":[],\\\"index\\\":0},\\\"replaceHistoryState\\\":{\\\"history\\\":[],\\\"index\\\":0},\\\"includeHistoryState\\\":{\\\"history\\\":[],\\\"index\\\":0},\\\"excludeHistoryState\\\":{\\\"history\\\":[],\\\"index\\\":0}}\"}}],\"title\":{\"label\":\"Search\",\"iconClass\":\"fa fa-arduino-search\",\"closeable\":true}}"},"rank":5,"expanded":false,"pinned":false}],"size":268},"rightPanel":{"type":"sidepanel","items":[]},"activeWidgetId":"code-editor-opener:file:///home/aaron/projects/esp32_ble/master/master.ino:0"}
2025-08-19 12:23:32 2025-08-19T19:23:32.884Z root INFO ------- END SERIALIZED LAYOUT DATA -------
2025-08-19 12:23:33 2025-08-19T19:23:33.296Z root INFO <<< The layout has been successfully restored.
2025-08-19 12:23:33 2025-08-19T19:23:33.433Z root INFO Initialize the workbench layout: 1899.9 ms [Finished 3.747 s after frontend start]
2025-08-19 12:23:33 2025-08-19T19:23:33.435Z root INFO Changed application state from 'attached_shell' to 'initialized_layout'.
2025-08-19 12:23:33 2025-08-19T19:23:33.435Z root INFO [fadaf195-3634-4cd6-9b81-c61803fc8cc1] Loading plugin contributions
2025-08-19 12:23:33 2025-08-19T19:23:33.435Z root INFO [fadaf195-3634-4cd6-9b81-c61803fc8cc1] Load contributions of 23 plugins: 133.2 ms [Finished 3.881 s after frontend start]
2025-08-19 12:23:33 2025-08-19T19:23:33.505Z root WARN 'cpp' language is remapped from 'source.cpp.embedded.macro' to 'source.cpp' scope
2025-08-19 12:23:33 2025-08-19T19:23:33.506Z root WARN a registered grammar configuration for 'cpp' language is overridden
2025-08-19 12:23:33 2025-08-19T19:23:33.645Z root ERROR [hosted-plugin: 29764] Conflict in settings file Default: Ignoring cortex-debug.armToolchainPath.linux as cortex-debug.armToolchainPath is null
2025-08-19 12:23:33 2025-08-19T19:23:33.645Z root ERROR [hosted-plugin: 29764] Conflict in settings file Default: Ignoring cortex-debug.armToolchainPath.osx as cortex-debug.armToolchainPath is null
Conflict in settings file Default: Ignoring cortex-debug.armToolchainPath.windows as cortex-debug.armToolchainPath is null
Conflict in settings file Default: Ignoring cortex-debug.JLinkGDBServerPath.linux as cortex-debug.JLinkGDBServerPath is null
Conflict in settings file Default: Ignoring cortex-debug.JLinkGDBServerPath.osx as cortex-debug.JLinkGDBServerPath is null
Conflict in settings file Default: Ignoring cortex-debug.JLinkGDBServerPath.windows as cortex-debug.JLinkGDBServerPath is null
Conflict in settings file Default: Ignoring cortex-debug.openocdPath.linux as cortex-debug.openocdPath is null
Conflict in settings file Default: Ignoring cortex-debug.openocdPath.osx as cortex-debug.openocdPath is null
2025-08-19 12:23:33 2025-08-19T19:23:33.645Z root ERROR [hosted-plugin: 29764] Conflict in settings file Default: Ignoring cortex-debug.openocdPath.windows as cortex-debug.openocdPath is null
Conflict in settings file Default: Ignoring cortex-debug.pyocdPath.linux as cortex-debug.pyocdPath is null
2025-08-19 12:23:33 2025-08-19T19:23:33.645Z root ERROR [hosted-plugin: 29764] Conflict in settings file Default: Ignoring cortex-debug.pyocdPath.osx as cortex-debug.pyocdPath is null
Conflict in settings file Default: Ignoring cortex-debug.pyocdPath.windows as cortex-debug.pyocdPath is null
2025-08-19 12:23:33 2025-08-19T19:23:33.645Z root ERROR [hosted-plugin: 29764] Conflict in settings file Default: Ignoring cortex-debug.PEGDBServerPath.linux as cortex-debug.PEGDBServerPath is null
Conflict in settings file Default: Ignoring cortex-debug.PEGDBServerPath.osx as cortex-debug.PEGDBServerPath is null
Conflict in settings file Default: Ignoring cortex-debug.PEGDBServerPath.windows as cortex-debug.PEGDBServerPath is null
Conflict in settings file Default: Ignoring cortex-debug.stutilPath.linux as cortex-debug.stutilPath is null
2025-08-19 12:23:33 2025-08-19T19:23:33.646Z root ERROR [hosted-plugin: 29764] Conflict in settings file Default: Ignoring cortex-debug.stutilPath.osx as cortex-debug.stutilPath is null
Conflict in settings file Default: Ignoring cortex-debug.stutilPath.windows as cortex-debug.stutilPath is null
Conflict in settings file Default: Ignoring cortex-debug.stlinkPath.linux as cortex-debug.stlinkPath is null
Conflict in settings file Default: Ignoring cortex-debug.stlinkPath.osx as cortex-debug.stlinkPath is null
2025-08-19 12:23:33 2025-08-19T19:23:33.646Z root ERROR [hosted-plugin: 29764] Conflict in settings file Default: Ignoring cortex-debug.stlinkPath.windows as cortex-debug.stlinkPath is null
Conflict in settings file Default: Ignoring cortex-debug.stm32cubeprogrammer.linux as cortex-debug.stm32cubeprogrammer is null
Conflict in settings file Default: Ignoring cortex-debug.stm32cubeprogrammer.osx as cortex-debug.stm32cubeprogrammer is null
Conflict in settings file Default: Ignoring cortex-debug.stm32cubeprogrammer.windows as cortex-debug.stm32cubeprogrammer is null
2025-08-19 12:23:33 2025-08-19T19:23:33.668Z root INFO [hosted-plugin: 29764] PLUGIN_HOST(29764): PluginManagerExtImpl/init()
2025-08-19 12:23:33 2025-08-19T19:23:33.672Z root INFO [hosted-plugin: 29764] PLUGIN_HOST(29764): initializing(vscode-arduino-api@0.1.2 with /nix/store/2d5i1bzbqbnl4rgnhk8czrw5zmqqjdzv-arduino-ide-2.3.6-extracted/resources/app/lib/backend/plugin-vscode-init)
2025-08-19 12:23:33 2025-08-19T19:23:33.776Z root INFO [hosted-plugin: 29764] PLUGIN_HOST(29764): initializing(json-language-features@1.88.1 with /nix/store/2d5i1bzbqbnl4rgnhk8czrw5zmqqjdzv-arduino-ide-2.3.6-extracted/resources/app/lib/backend/plugin-vscode-init)
2025-08-19 12:23:33 2025-08-19T19:23:33.793Z root INFO [hosted-plugin: 29764] PLUGIN_HOST(29764): initializing(cortex-debug@1.5.1 with /nix/store/2d5i1bzbqbnl4rgnhk8czrw5zmqqjdzv-arduino-ide-2.3.6-extracted/resources/app/lib/backend/plugin-vscode-init)
2025-08-19 12:23:33 2025-08-19T19:23:33.794Z root INFO [hosted-plugin: 29764] Debugger contribution has been registered: cortex-debug
2025-08-19 12:23:33 2025-08-19T19:23:33.795Z root INFO [hosted-plugin: 29764] PLUGIN_HOST(29764): initializing(vscode-arduino-tools@0.1.3 with /nix/store/2d5i1bzbqbnl4rgnhk8czrw5zmqqjdzv-arduino-ide-2.3.6-extracted/resources/app/lib/backend/plugin-vscode-init)
2025-08-19 12:23:33 2025-08-19T19:23:33.795Z root INFO [hosted-plugin: 29764] PLUGIN_HOST(29764): initializing(cpp@1.88.1 with /nix/store/2d5i1bzbqbnl4rgnhk8czrw5zmqqjdzv-arduino-ide-2.3.6-extracted/resources/app/lib/backend/plugin-vscode-init)
2025-08-19 12:23:33 2025-08-19T19:23:33.796Z root INFO [hosted-plugin: 29764] PLUGIN_HOST(29764): initializing(json@1.88.1 with /nix/store/2d5i1bzbqbnl4rgnhk8czrw5zmqqjdzv-arduino-ide-2.3.6-extracted/resources/app/lib/backend/plugin-vscode-init)
2025-08-19 12:23:33 2025-08-19T19:23:33.797Z root INFO [hosted-plugin: 29764] PLUGIN_HOST(29764): initializing(vscode-language-pack-bg@1.48.3 with /nix/store/2d5i1bzbqbnl4rgnhk8czrw5zmqqjdzv-arduino-ide-2.3.6-extracted/resources/app/lib/backend/plugin-vscode-init)
2025-08-19 12:23:33 2025-08-19T19:23:33.798Z root INFO [hosted-plugin: 29764] PLUGIN_HOST(29764): initializing(vscode-language-pack-cs@1.96.0 with /nix/store/2d5i1bzbqbnl4rgnhk8czrw5zmqqjdzv-arduino-ide-2.3.6-extracted/resources/app/lib/backend/plugin-vscode-init)
2025-08-19 12:23:33 2025-08-19T19:23:33.799Z root INFO [hosted-plugin: 29764] PLUGIN_HOST(29764): initializing(vscode-language-pack-de@1.96.0 with /nix/store/2d5i1bzbqbnl4rgnhk8czrw5zmqqjdzv-arduino-ide-2.3.6-extracted/resources/app/lib/backend/plugin-vscode-init)
2025-08-19 12:23:33 2025-08-19T19:23:33.800Z root INFO [hosted-plugin: 29764] PLUGIN_HOST(29764): initializing(vscode-language-pack-es@1.96.0 with /nix/store/2d5i1bzbqbnl4rgnhk8czrw5zmqqjdzv-arduino-ide-2.3.6-extracted/resources/app/lib/backend/plugin-vscode-init)
2025-08-19 12:23:33 2025-08-19T19:23:33.802Z root INFO [hosted-plugin: 29764] PLUGIN_HOST(29764): initializing(vscode-language-pack-fr@1.96.0 with /nix/store/2d5i1bzbqbnl4rgnhk8czrw5zmqqjdzv-arduino-ide-2.3.6-extracted/resources/app/lib/backend/plugin-vscode-init)
2025-08-19 12:23:33 2025-08-19T19:23:33.803Z root INFO [hosted-plugin: 29764] PLUGIN_HOST(29764): initializing(vscode-language-pack-hu@1.48.3 with /nix/store/2d5i1bzbqbnl4rgnhk8czrw5zmqqjdzv-arduino-ide-2.3.6-extracted/resources/app/lib/backend/plugin-vscode-init)
2025-08-19 12:23:33 2025-08-19T19:23:33.804Z root INFO [hosted-plugin: 29764] PLUGIN_HOST(29764): initializing(vscode-language-pack-it@1.96.0 with /nix/store/2d5i1bzbqbnl4rgnhk8czrw5zmqqjdzv-arduino-ide-2.3.6-extracted/resources/app/lib/backend/plugin-vscode-init)
2025-08-19 12:23:33 2025-08-19T19:23:33.804Z root INFO [hosted-plugin: 29764] PLUGIN_HOST(29764): initializing(vscode-language-pack-ja@1.96.0 with /nix/store/2d5i1bzbqbnl4rgnhk8czrw5zmqqjdzv-arduino-ide-2.3.6-extracted/resources/app/lib/backend/plugin-vscode-init)
2025-08-19 12:23:33 2025-08-19T19:23:33.805Z root INFO [hosted-plugin: 29764] PLUGIN_HOST(29764): initializing(vscode-language-pack-ko@1.96.0 with /nix/store/2d5i1bzbqbnl4rgnhk8czrw5zmqqjdzv-arduino-ide-2.3.6-extracted/resources/app/lib/backend/plugin-vscode-init)
2025-08-19 12:23:33 2025-08-19T19:23:33.805Z root INFO [hosted-plugin: 29764] PLUGIN_HOST(29764): initializing(vscode-language-pack-nl@1.48.3 with /nix/store/2d5i1bzbqbnl4rgnhk8czrw5zmqqjdzv-arduino-ide-2.3.6-extracted/resources/app/lib/backend/plugin-vscode-init)
2025-08-19 12:23:33 2025-08-19T19:23:33.805Z root INFO [hosted-plugin: 29764] PLUGIN_HOST(29764): initializing(vscode-language-pack-pl@1.96.0 with /nix/store/2d5i1bzbqbnl4rgnhk8czrw5zmqqjdzv-arduino-ide-2.3.6-extracted/resources/app/lib/backend/plugin-vscode-init)
2025-08-19 12:23:33 2025-08-19T19:23:33.806Z root INFO [hosted-plugin: 29764] PLUGIN_HOST(29764): initializing(vscode-language-pack-pt-BR@1.96.0 with /nix/store/2d5i1bzbqbnl4rgnhk8czrw5zmqqjdzv-arduino-ide-2.3.6-extracted/resources/app/lib/backend/plugin-vscode-init)
2025-08-19 12:23:33 2025-08-19T19:23:33.806Z root INFO [hosted-plugin: 29764] PLUGIN_HOST(29764): initializing(vscode-language-pack-ru@1.96.0 with /nix/store/2d5i1bzbqbnl4rgnhk8czrw5zmqqjdzv-arduino-ide-2.3.6-extracted/resources/app/lib/backend/plugin-vscode-init)
2025-08-19 12:23:33 2025-08-19T19:23:33.807Z root INFO [hosted-plugin: 29764] PLUGIN_HOST(29764): initializing(vscode-language-pack-tr@1.96.0 with /nix/store/2d5i1bzbqbnl4rgnhk8czrw5zmqqjdzv-arduino-ide-2.3.6-extracted/resources/app/lib/backend/plugin-vscode-init)
2025-08-19 12:23:33 2025-08-19T19:23:33.807Z root INFO [hosted-plugin: 29764] PLUGIN_HOST(29764): initializing(vscode-language-pack-uk@1.48.3 with /nix/store/2d5i1bzbqbnl4rgnhk8czrw5zmqqjdzv-arduino-ide-2.3.6-extracted/resources/app/lib/backend/plugin-vscode-init)
2025-08-19 12:23:33 2025-08-19T19:23:33.807Z root INFO [hosted-plugin: 29764] PLUGIN_HOST(29764): initializing(vscode-language-pack-zh-hans@1.96.0 with /nix/store/2d5i1bzbqbnl4rgnhk8czrw5zmqqjdzv-arduino-ide-2.3.6-extracted/resources/app/lib/backend/plugin-vscode-init)
2025-08-19 12:23:33 2025-08-19T19:23:33.808Z root INFO [hosted-plugin: 29764] PLUGIN_HOST(29764): initializing(vscode-language-pack-zh-hant@1.96.0 with /nix/store/2d5i1bzbqbnl4rgnhk8czrw5zmqqjdzv-arduino-ide-2.3.6-extracted/resources/app/lib/backend/plugin-vscode-init)
2025-08-19 12:23:33 2025-08-19T19:23:33.819Z root INFO [hosted-plugin: 29764] PLUGIN_HOST(29764): PluginManagerExtImpl/loadPlugin(/nix/store/2d5i1bzbqbnl4rgnhk8czrw5zmqqjdzv-arduino-ide-2.3.6-extracted/resources/app/plugins/vscode-builtin-json-language-features/extension/client/dist/node/jsonClientMain)
2025-08-19 12:23:33 2025-08-19T19:23:33.882Z root INFO [hosted-plugin: 29764] PLUGIN_HOST(29764): PluginManagerExtImpl/loadPlugin(/nix/store/2d5i1bzbqbnl4rgnhk8czrw5zmqqjdzv-arduino-ide-2.3.6-extracted/resources/app/plugins/vscode-arduino-tools/extension/dist/extension.js)
2025-08-19 12:23:33 2025-08-19T19:23:33.911Z root INFO [hosted-plugin: 29764] PLUGIN_HOST(29764): PluginManagerExtImpl/loadPlugin(/nix/store/2d5i1bzbqbnl4rgnhk8czrw5zmqqjdzv-arduino-ide-2.3.6-extracted/resources/app/plugins/vscode-arduino-api/extension/dist/extension.js)
2025-08-19 12:23:33 2025-08-19T19:23:33.915Z root INFO [hosted-plugin: 29764] calling activation function on VS Code Arduino Tools
calling activation function on Arduino IDE API for VS Code extensions
2025-08-19 12:23:33 2025-08-19T19:23:33.949Z root INFO [fadaf195-3634-4cd6-9b81-c61803fc8cc1] Starting plugins.
2025-08-19 12:23:33 2025-08-19T19:23:33.973Z root INFO [hosted-plugin: 29764] PLUGIN_HOST(29764): PluginManagerExtImpl/loadPlugin(/nix/store/2d5i1bzbqbnl4rgnhk8czrw5zmqqjdzv-arduino-ide-2.3.6-extracted/resources/app/plugins/cortex-debug/extension/dist/extension.js)
2025-08-19 12:23:34 2025-08-19T19:23:34.009Z root INFO [hosted-plugin: 29764] Debug configuration provider has been registered: cortex-debug, trigger: 1
2025-08-19 12:23:34 2025-08-19T19:23:34.009Z root INFO [hosted-plugin: 29764] calling activation function on Cortex-Debug
2025-08-19 12:23:34 2025-08-19T19:23:34.011Z root INFO [hosted-plugin: 29764] GDB server console created
2025-08-19 12:23:34 2025-08-19T19:23:34.019Z root INFO [fadaf195-3634-4cd6-9b81-c61803fc8cc1] Start of 23 plugins: 583.7 ms [Finished 4.470 s after frontend start]
2025-08-19 12:23:34 2025-08-19T19:23:34.162Z root INFO [hosted-plugin: 29764] calling activation function on JSON Language Features (built-in)
2025-08-19 12:23:34 2025-08-19T19:23:34.495Z root INFO Frontend application start: 3293.9 ms [Finished 5.655 s after backend start]
2025-08-19 12:23:34 Checking for update
2025-08-19 12:23:34 2025-08-19T19:23:34.542Z root INFO Replace loading indicator with ready workbench UI (animation): 859.7 ms [Finished 4.745 s after frontend start]
2025-08-19 12:23:34 2025-08-19T19:23:34.542Z root INFO Changed application state from 'initialized_layout' to 'ready'.
2025-08-19 12:23:34 2025-08-19T19:23:34.542Z root WARN Linked preference "workbench.colorCustomizations" not found.
2025-08-19 12:23:34 2025-08-19T19:23:34.972Z root INFO Starting language server: esp32:esp32:sparkfun_esp32s3_thing_plus:UploadSpeed=921600,USBMode=default,CDCOnBoot=default,MSCOnBoot=default,DFUOnBoot=default,UploadMode=default,CPUFreq=240,FlashMode=qio,PartitionScheme=default,DebugLevel=none,PSRAM=enabled,LoopCore=1,EventsCore=1,EraseFlash=none,JTAGAdapter=default,ZigbeeMode=default
2025-08-19 12:23:35 2025-08-19T19:23:35.157Z daemon INFO time="2025-08-19T12:23:34-07:00" level=info msg="Tool required for debug" tool="arduino:dfu-util@0.11.0-arduino5"
time="2025-08-19T12:23:34-07:00" level=info msg="Tool required for debug" tool="esp32:esp-rv32@2411"
time="2025-08-19T12:23:34-07:00" level=info msg="Tool required for debug" tool="esp32:esp-x32@2411"
time="2025-08-19T12:23:34-07:00" level=info msg="Tool required for debug" tool="esp32:esp32-arduino-libs@idf-release_v5.5-b66b5448-v1"
time="2025-08-19T12:23:34-07:00" level=info msg="Tool required for debug" tool="esp32:esptool_py@5.0.0"
time="2025-08-19T12:23:34-07:00" level=info msg="Tool required for debug" tool="esp32:mklittlefs@3.0.0-gnu12-dc7f933"
time="2025-08-19T12:23:34-07:00" level=info msg="Tool required for debug" tool="esp32:mkspiffs@0.2.3"
time="2025-08-19T12:23:34-07:00" level=info msg="Tool required for debug" tool="esp32:openocd-esp32@v0.12.0-esp32-20250422"
time="2025-08-19T12:23:34-07:00" level=info msg="Tool required for debug" tool="esp32:riscv32-esp-elf-gdb@16.2_20250324"
time="2025-08-19T12:23:34-07:00" level=info msg="Tool required for debug" tool="esp32:xtensa-esp-elf-gdb@16.2_20250324"
time="2025-08-19T12:23:34-07:00" level=info msg="Tool required for debug" tool="builtin:ctags@5.8-arduino11"
time="2025-08-19T12:23:34-07:00" level=info msg="Tool required for debug" tool="builtin:mdns-discovery@1.0.9"
time="2025-08-19T12:23:34-07:00" level=info msg="Tool required for debug" tool="arduino:arduinoOTA@1.3.0"
time="2025-08-19T12:23:34-07:00" level=info msg="Tool required for debug" tool="builtin:dfu-discovery@0.1.2"
time="2025-08-19T12:23:34-07:00" level=info msg="Tool required for debug" tool="builtin:serial-monitor@0.15.0"
time="2025-08-19T12:23:34-07:00" level=info msg="Tool required for debug" tool="arduino:avrdude@6.3.0-arduino17"
time="2025-08-19T12:23:34-07:00" level=info msg="Tool required for debug" tool="arduino:bossac@1.9.1-arduino5"
time="2025-08-19T12:23:34-07:00" level=info msg="Tool required for debug" tool="arduino:openocd@0.11.0-arduino2"
time="2025-08-19T12:23:34-07:00" level=info msg="Tool required for debug" tool="builtin:serial-discovery@1.4.1"
time="2025-08-19T12:23:34-07:00" level=info msg="Tool required for debug" tool="arduino:arm-none-eabi-gcc@7-2017q4"
time="2025-08-19T12:23:34-07:00" level=info msg="Tool required for debug" tool="arduino:avr-gcc@7.3.0-atmel3.6.1-arduino7"
time="2025-08-19T12:23:34-07:00" level=info msg="Tool required for debug" tool="arduino:dfu-util@0.11.0-arduino5"
time="2025-08-19T12:23:34-07:00" level=info msg="Tool required for debug" tool="esp32:esp-rv32@2411"
time="2025-08-19T12:23:34-07:00" level=info msg="Tool required for debug" tool="esp32:esp-x32@2411"
time="2025-08-19T12:23:34-07:00" level=info msg="Tool required for debug" tool="esp32:esp32-arduino-libs@idf-release_v5.5-b66b5448-v1"
time="2025-08-19T12:23:34-07:00" level=info msg="Tool required for debug" tool="esp32:esptool_py@5.0.0"
time="2025-08-19T12:23:34-07:00" level=info msg="Tool required for debug" tool="esp32:mklittlefs@3.0.0-gnu12-dc7f933"
time="2025-08-19T12:23:34-07:00" level=info msg="Tool required for debug" tool="esp32:mkspiffs@0.2.3"
time="2025-08-19T12:23:34-07:00" level=info msg="Tool required for debug" tool="esp32:openocd-esp32@v0.12.0-esp32-20250422"
time="2025-08-19T12:23:34-07:00" level=info msg="Tool required for debug" tool="esp32:riscv32-esp-elf-gdb@16.2_20250324"
time="2025-08-19T12:23:34-07:00" level=info msg="Tool required for debug" tool="esp32:xtensa-esp-elf-gdb@16.2_20250324"
time="2025-08-19T12:23:34-07:00" level=info msg="Tool required for debug" tool="arduino:avr-gcc@7.3.0-atmel3.6.1-arduino7"
time="2025-08-19T12:23:34-07:00" level=info msg="Tool required for debug" tool="builtin:serial-monitor@0.15.0"
time="2025-08-19T12:23:34-07:00" level=info msg="Tool required for debug" tool="arduino:arm-none-eabi-gcc@7-2017q4"
time="2025-08-19T12:23:34-07:00" level=info msg="Tool required for debug" tool="arduino:avrdude@6.3.0-arduino17"
time="2025-08-19T12:23:34-07:00" level=info msg="Tool required for debug" tool="arduino:bossac@1.9.1-arduino5"
time="2025-08-19T12:23:34-07:00" level=info msg="Tool required for debug" tool="builtin:ctags@5.8-arduino11"
time="2025-08-19T12:23:34-07:00" level=info msg="Tool required for debug" tool="builtin:dfu-discovery@0.1.2"
time="2025-08-19T12:23:34-07:00" level=info msg="Tool required for debug" tool="builtin:mdns-discovery@1.0.9"
time="2025-08-19T12:23:34-07:00" level=info msg="Tool required for debug" tool="arduino:arduinoOTA@1.3.0"
time="2025-08-19T12:23:34-07:00" level=info msg="Tool required for debug" tool="arduino:openocd@0.11.0-arduino2"
time="2025-08-19T12:23:34-07:00" level=info msg="Tool required for debug" tool="builtin:serial-discovery@1.4.1"
time="2025-08-19T12:23:34-07:00" level=info msg="Tool required for debug" tool="arduino:dfu-util@0.11.0-arduino5"
time="2025-08-19T12:23:34-07:00" level=info msg="Tool required for debug" tool="esp32:esp-rv32@2411"
time="2025-08-19T12:23:34-07:00" level=info msg="Tool required for debug" tool="esp32:esp-x32@2411"
time="2025-08-19T12:23:34-07:00" level=info msg="Tool required for debug" tool="esp32:esp32-arduino-libs@idf-release_v5.5-b66b5448-v1"
time="2025-08-19T12:23:34-07:00" level=info msg="Tool required for debug" tool="esp32:esptool_py@5.0.0"
time="2025-08-19T12:23:34-07:00" level=info msg="Tool required for debug" tool="esp32:mklittlefs@3.0.0-gnu12-dc7f933"
time="2025-08-19T12:23:34-07:00" level=info msg="Tool required for debug" tool="esp32:mkspiffs@0.2.3"
time="2025-08-19T12:23:34-07:00" level=info msg="Tool required for debug" tool="esp32:openocd-esp32@v0.12.0-esp32-20250422"
time="2025-08-19T12:23:34-07:00" level=info msg="Tool required for debug" tool="esp32:riscv32-esp-elf-gdb@16.2_20250324"
time="2025-08-19T12:23:34-07:00" level=info msg="Tool required for debug" tool="esp32:xtensa-esp-elf-gdb@16.2_20250324"
time="2025-08-19T12:23:34-07:00" level=info msg="Tool required for debug" tool="arduino:bossac@1.9.1-arduino5"
time="2025-08-19T12:23:34-07:00" level=info msg="Tool required for debug" tool="builtin:serial-discovery@1.4.1"
time="2025-08-19T12:23:34-07:00" level=info msg="Tool required for debug" tool="builtin:dfu-discovery@0.1.2"
time="2025-08-19T12:23:34-07:00" level=info msg="Tool required for debug" tool="arduino:arm-none-eabi-gcc@7-2017q4"
time="2025-08-19T12:23:34-07:00" level=info msg="Tool required for debug" tool="arduino:avrdude@6.3.0-arduino17"
time="2025-08-19T12:23:34-07:00" level=info msg="Tool required for debug" tool="arduino:openocd@0.11.0-arduino2"
time="2025-08-19T12:23:34-07:00" level=info msg="Tool required for debug" tool="arduino:arduinoOTA@1.3.0"
time="2025-08-19T12:23:34-07:00" level=info msg="Tool required for debug" tool="builtin:ctags@5.8-arduino11"
time="2025-08-19T12:23:34-07:00" level=info msg="Tool required for debug" tool="builtin:mdns-discovery@1.0.9"
time="2025-08-19T12:23:34-07:00" level=info msg="Tool required for debug" tool="arduino:avr-gcc@7.3.0-atmel3.6.1-arduino7"
time="2025-08-19T12:23:34-07:00" level=info msg="Tool required for debug" tool="builtin:serial-monitor@0.15.0"
time="2025-08-19T12:23:34-07:00" level=info msg="Tool required for debug" tool="arduino:dfu-util@0.11.0-arduino5"
time="2025-08-19T12:23:34-07:00" level=info msg="Tool required for debug" tool="esp32:esp-rv32@2411"
time="2025-08-19T12:23:34-07:00" level=info msg="Tool required for debug" tool="esp32:esp-x32@2411"
time="2025-08-19T12:23:34-07:00" level=info msg="Tool required for debug" tool="esp32:esp32-arduino-libs@idf-release_v5.5-b66b5448-v1"
time="2025-08-19T12:23:34-07:00" level=info msg="Tool required for debug" tool="esp32:esptool_py@5.0.0"
time="2025-08-19T12:23:34-07:00" level=info msg="Tool required for debug" tool="esp32:mklittlefs@3.0.0-gnu12-dc7f933"
time="2025-08-19T12:23:34-07:00" level=info msg="Tool required for debug" tool="esp32:mkspiffs@0.2.3"
time="2025-08-19T12:23:34-07:00" level=info msg="Tool required for debug" tool="esp32:openocd-esp32@v0.12.0-esp32-20250422"
time="2025-08-19T12:23:34-07:00" level=info msg="Tool required for debug" tool="esp32:riscv32-esp-elf-gdb@16.2_20250324"
time="2025-08-19T12:23:34-07:00" level=info msg="Tool required for debug" tool="esp32:xtensa-esp-elf-gdb@16.2_20250324"
time="2025-08-19T12:23:34-07:00" level=info msg="Tool required for debug" tool="builtin:mdns-discovery@1.0.9"
time="2025-08-19T12:23:34-07:00" level=info msg="Tool required for debug" tool="arduino:avr-gcc@7.3.0-atmel3.6.1-arduino7"
time="2025-08-19T12:23:34-07:00" level=info msg="Tool required for debug" tool="builtin:serial-discovery@1.4.1"
time="2025-08-19T12:23:34-07:00" level=info msg="Tool required for debug" tool="builtin:dfu-discovery@0.1.2"
time="2025-08-19T12:23:34-07:00" level=info msg="Tool required for debug" tool="builtin:serial-monitor@0.15.0"
time="2025-08-19T12:23:34-07:00" level=info msg="Tool required for debug" tool="arduino:arm-none-eabi-gcc@7-2017q4"
time="2025-08-19T12:23:34-07:00" level=info msg="Tool required for debug" tool="builtin:ctags@5.8-arduino11"
time="2025-08-19T12:23:34-07:00" level=info msg="Tool required for debug" tool="arduino:openocd@0.11.0-arduino2"
time="2025-08-19T12:23:34-07:00" level=info msg="Tool required for debug" tool="arduino:arduinoOTA@1.3.0"
time="2025-08-19T12:23:34-07:00" level=info msg="Tool required for debug" tool="arduino:avrdude@6.3.0-arduino17"
time="2025-08-19T12:23:34-07:00" level=info msg="Tool required for debug" tool="arduino:bossac@1.9.1-arduino5"
time="2025-08-19T12:23:34-07:00" level=info msg="Tool required for debug" tool="arduino:dfu-util@0.11.0-arduino5"
time="2025-08-19T12:23:34-07:00" level=info msg="Tool required for debug" tool="esp32:esp-rv32@2411"
time="2025-08-19T12:23:34-07:00" level=info msg="Tool required for debug" tool="esp32:esp-x32@2411"
time="2025-08-19T12:23:34-07:00" level=info msg="Tool required for debug" tool="esp32:esp32-arduino-libs@idf-release_v5.5-b66b5448-v1"
time="2025-08-19T12:23:34-07:00" level=info msg="Tool required for debug" tool="esp32:esptool_py@5.0.0"
time="2025-08-19T12:23:34-07:00" level=info msg="Tool required for debug" tool="esp32:mklittlefs@3.0.0-gnu12-dc7f933"
time="2025-08-19T12:23:34-07:00" level=info msg="Tool required for debug" tool="esp32:mkspiffs@0.2.3"
time="2025-08-19T12:23:34-07:00" level=info msg="Tool required for debug" tool="esp32:openocd-esp32@v0.12.0-esp32-20250422"
time="2025-08-19T12:23:34-07:00" level=info msg="Tool required for debug" tool="esp32:riscv32-esp-elf-gdb@16.2_20250324"
time="2025-08-19T12:23:34-07:00" level=info msg="Tool required for debug" tool="esp32:xtensa-esp-elf-gdb@16.2_20250324"
time="2025-08-19T12:23:34-07:00" level=info msg="Tool required for debug" tool="arduino:avr-gcc@7.3.0-atmel3.6.1-arduino7"
time="2025-08-19T12:23:34-07:00" level=info msg="Tool required for debug" tool="builtin:serial-monitor@0.15.0"
time="2025-08-19T12:23:34-07:00" level=info msg="Tool required for debug" tool="arduino:avrdude@6.3.0-arduino17"
time="2025-08-19T12:23:34-07:00" level=info msg="Tool required for debug" tool="arduino:bossac@1.9.1-arduino5"
time="2025-08-19T12:23:34-07:00" level=info msg="Tool required for debug" tool="arduino:openocd@0.11.0-arduino2"
time="2025-08-19T12:23:34-07:00" level=info msg="Tool required for debug" tool="builtin:dfu-discovery@0.1.2"
time="2025-08-19T12:23:34-07:00" level=info msg="Tool required for debug" tool="builtin:mdns-discovery@1.0.9"
time="2025-08-19T12:23:34-07:00" level=info msg="Tool required for debug" tool="builtin:ctags@5.8-arduino11"
time="2025-08-19T12:23:34-07:00" level=info msg="Tool required for debug" tool="arduino:arm-none-eabi-gcc@7-2017q4"
time="2025-08-19T12:23:34-07:00" level=info msg="Tool required for debug" tool="arduino:arduinoOTA@1.3.0"
time="2025-08-19T12:23:34-07:00" level=info msg="Tool required for debug" tool="builtin:serial-discovery@1.4.1"
time="2025-08-19T12:23:34-07:00" level=info msg="Tool required for debug" tool="arduino:dfu-util@0.11.0-arduino5"
time="2025-08-19T12:23:34-07:00" level=info msg="Tool required for debug" tool="esp32:esp-rv32@2411"
time="2025-08-19T12:23:34-07:00" level=info msg="Tool required for debug" tool="esp32:esp-x32@2411"
time="2025-08-19T12:23:34-07:00" level=info msg="Tool required for debug" tool="esp32:esp32-arduino-libs@idf-release_v5.5-b66b5448-v1"
time="2025-08-19T12:23:34-07:00" level=info msg="Tool required for debug" tool="esp32:esptool_py@5.0.0"
time="2025-08-19T12:23:34-07:00" level=info msg="Tool required for debug" tool="esp32:mklittlefs@3.0.0-gnu12-dc7f933"
time="2025-08-19T12:23:34-07:00" level=info msg="Tool required for debug" tool="esp32:mkspiffs@0.2.3"
time="2025-08-19T12:23:34-07:00" level=info msg="Tool required for debug" tool="esp32:openocd-esp32@v0.12.0-esp32-20250422"
time="2025-08-19T12:23:34-07:00" level=info msg="Tool required for debug" tool="esp32:riscv32-esp-elf-gdb@16.2_20250324"
time="2025-08-19T12:23:34-07:00" level=info msg="Tool required for debug" tool="esp32:xtensa-esp-elf-gdb@16.2_20250324"
time="2025-08-19T12:23:34-07:00" level=info msg="Tool required for debug" tool="builtin:serial-monitor@0.15.0"
time="2025-08-19T12:23:34-07:00" level=info msg="Tool required for debug" tool="builtin:ctags@5.8-arduino11"
time="2025-08-19T12:23:34-07:00" level=info msg="Tool required for debug" tool="arduino:avr-gcc@7.3.0-atmel3.6.1-arduino7"
time="2025-08-19T12:23:34-07:00" level=info msg="Tool required for debug" tool="builtin:serial-discovery@1.4.1"
time="2025-08-19T12:23:34-07:00" level=info msg="Tool required for debug" tool="arduino:avrdude@6.3.0-arduino17"
time="2025-08-19T12:23:34-07:00" level=info msg="Tool required for debug" tool="arduino:arduinoOTA@1.3.0"
time="2025-08-19T12:23:34-07:00" level=info msg="Tool required for debug" tool="builtin:mdns-discovery@1.0.9"
time="2025-08-19T12:23:34-07:00" level=info msg="Tool required for debug" tool="arduino:arm-none-eabi-gcc@7-2017q4"
time="2025-08-19T12:23:34-07:00" level=info msg="Tool required for debug" tool="arduino:openocd@0.11.0-arduino2"
time="2025-08-19T12:23:34-07:00" level=info msg="Tool required for debug" tool="builtin:dfu-discovery@0.1.2"
time="2025-08-19T12:23:34-07:00" level=info msg="Tool required for debug" tool="arduino:bossac@1.9.1-arduino5"
time="2025-08-19T12:23:35-07:00" level=info msg="Tool required for debug" tool="arduino:dfu-util@0.11.0-arduino5"
time="2025-08-19T12:23:35-07:00" level=info msg="Tool required for debug" tool="esp32:esp-rv32@2411"
time="2025-08-19T12:23:35-07:00" level=info msg="Tool required for debug" tool="esp32:esp-x32@2411"
time="2025-08-19T12:23:35-07:00" level=info msg="Tool required for debug" tool="esp32:esp32-arduino-libs@idf-release_v5.5-b66b5448-v1"
time="2025-08-19T12:23:35-07:00" level=info msg="Tool required for debug" tool="esp32:esptool_py@5.0.0"
time="2025-08-19T12:23:35-07:00" level=info msg="Tool required for debug" tool="esp32:mklittlefs@3.0.0-gnu12-dc7f933"
time="2025-08-19T12:23:35-07:00" level=info msg="Tool required for debug" tool="esp32:mkspiffs@0.2.3"
time="2025-08-19T12:23:35-07:00" level=info msg="Tool required for debug" tool="esp32:openocd-esp32@v0.12.0-esp32-20250422"
time="2025-08-19T12:23:35-07:00" level=info msg="Tool required for debug" tool="esp32:riscv32-esp-elf-gdb@16.2_20250324"
time="2025-08-19T12:23:35-07:00" level=info msg="Tool required for debug" tool="esp32:xtensa-esp-elf-gdb@16.2_20250324"
time="2025-08-19T12:23:35-07:00" level=info msg="Tool required for debug" tool="arduino:avr-gcc@7.3.0-atmel3.6.1-arduino7"
time="2025-08-19T12:23:35-07:00" level=info msg="Tool required for debug" tool="builtin:ctags@5.8-arduino11"
time="2025-08-19T12:23:35-07:00" level=info msg="Tool required for debug" tool="arduino:avrdude@6.3.0-arduino17"
time="2025-08-19T12:23:35-07:00" level=info msg="Tool required for debug" tool="arduino:bossac@1.9.1-arduino5"
time="2025-08-19T12:23:35-07:00" level=info msg="Tool required for debug" tool="builtin:serial-monitor@0.15.0"
time="2025-08-19T12:23:35-07:00" level=info msg="Tool required for debug" tool="arduino:arm-none-eabi-gcc@7-2017q4"
time="2025-08-19T12:23:35-07:00" level=info msg="Tool required for debug" tool="arduino:openocd@0.11.0-arduino2"
time="2025-08-19T12:23:35-07:00" level=info msg="Tool required for debug" tool="arduino:arduinoOTA@1.3.0"
time="2025-08-19T12:23:35-07:00" level=info msg="Tool required for debug" tool="builtin:dfu-discovery@0.1.2"
time="2025-08-19T12:23:35-07:00" level=info msg="Tool required for debug" tool="builtin:mdns-discovery@1.0.9"
time="2025-08-19T12:23:35-07:00" level=info msg="Tool required for debug" tool="builtin:serial-discovery@1.4.1"
time="2025-08-19T12:23:35-07:00" level=info msg="Tool required for debug" tool="arduino:dfu-util@0.11.0-arduino5"
time="2025-08-19T12:23:35-07:00" level=info msg="Tool required for debug" tool="esp32:esp-rv32@2411"
time="2025-08-19T12:23:35-07:00" level=info msg="Tool required for debug" tool="esp32:esp-x32@2411"
time="2025-08-19T12:23:35-07:00" level=info msg="Tool required for debug" tool="esp32:esp32-arduino-libs@idf-release_v5.5-b66b5448-v1"
time="2025-08-19T12:23:35-07:00" level=info msg="Tool required for debug" tool="esp32:esptool_py@5.0.0"
time="2025-08-19T12:23:35-07:00" level=info msg="Tool required for debug" tool="esp32:mklittlefs@3.0.0-gnu12-dc7f933"
time="2025-08-19T12:23:35-07:00" level=info msg="Tool required for debug" tool="esp32:mkspiffs@0.2.3"
time="2025-08-19T12:23:35-07:00" level=info msg="Tool required for debug" tool="esp32:openocd-esp32@v0.12.0-esp32-20250422"
time="2025-08-19T12:23:35-07:00" level=info msg="Tool required for debug" tool="esp32:riscv32-esp-elf-gdb@16.2_20250324"
time="2025-08-19T12:23:35-07:00" level=info msg="Tool required for debug" tool="esp32:xtensa-esp-elf-gdb@16.2_20250324"
time="2025-08-19T12:23:35-07:00" level=info msg="Tool required for debug" tool="arduino:bossac@1.9.1-arduino5"
time="2025-08-19T12:23:35-07:00" level=info msg="Tool required for debug" tool="arduino:avr-gcc@7.3.0-atmel3.6.1-arduino7"
time="2025-08-19T12:23:35-07:00" level=info msg="Tool required for debug" tool="arduino:arm-none-eabi-gcc@7-2017q4"
time="2025-08-19T12:23:35-07:00" level=info msg="Tool required for debug" tool="builtin:ctags@5.8-arduino11"
time="2025-08-19T12:23:35-07:00" level=info msg="Tool required for debug" tool="builtin:mdns-discovery@1.0.9"
time="2025-08-19T12:23:35-07:00" level=info msg="Tool required for debug" tool="arduino:arduinoOTA@1.3.0"
time="2025-08-19T12:23:35-07:00" level=info msg="Tool required for debug" tool="builtin:serial-discovery@1.4.1"
time="2025-08-19T12:23:35-07:00" level=info msg="Tool required for debug" tool="builtin:serial-monitor@0.15.0"
time="2025-08-19T12:23:35-07:00" level=info msg="Tool required for debug" tool="builtin:dfu-discovery@0.1.2"
time="2025-08-19T12:23:35-07:00" level=info msg="Tool required for debug" tool="arduino:openocd@0.11.0-arduino2"
time="2025-08-19T12:23:35-07:00" level=info msg="Tool required for debug" tool="arduino:avrdude@6.3.0-arduino17"
time="2025-08-19T12:23:35-07:00" level=info msg="Tool required for debug" tool="arduino:dfu-util@0.11.0-arduino5"
time="2025-08-19T12:23:35-07:00" level=info msg="Tool required for debug" tool="esp32:esp-rv32@2411"
time="2025-08-19T12:23:35-07:00" level=info msg="Tool required for debug" tool="esp32:esp-x32@2411"
time="2025-08-19T12:23:35-07:00" level=info msg="Tool required for debug" tool="esp32:esp32-arduino-libs@idf-release_v5.5-b66b5448-v1"
time="2025-08-19T12:23:35-07:00" level=info msg="Tool required for debug" tool="esp32:esptool_py@5.0.0"
time="2025-08-19T12:23:35-07:00" level=info msg="Tool required for debug" tool="esp32:mklittlefs@3.0.0-gnu12-dc7f933"
time="2025-08-19T12:23:35-07:00" level=info msg="Tool required for debug" tool="esp32:mkspiffs@0.2.3"
time="2025-08-19T12:23:35-07:00" level=info msg="Tool required for debug" tool="esp32:openocd-esp32@v0.12.0-esp32-20250422"
time="2025-08-19T12:23:35-07:00" level=info msg="Tool required for debug" tool="esp32:riscv32-esp-elf-gdb@16.2_20250324"
time="2025-08-19T12:23:35-07:00" level=info msg="Tool required for debug" tool="esp32:xtensa-esp-elf-gdb@16.2_20250324"
time="2025-08-19T12:23:35-07:00" level=info msg="Tool required for debug" tool="builtin:serial-monitor@0.15.0"
time="2025-08-19T12:23:35-07:00" level=info msg="Tool required for debug" tool="arduino:bossac@1.9.1-arduino5"
time="2025-08-19T12:23:35-07:00" level=info msg="Tool required for debug" tool="arduino:avrdude@6.3.0-arduino17"
time="2025-08-19T12:23:35-07:00" level=info msg="Tool required for debug" tool="arduino:arduinoOTA@1.3.0"
time="2025-08-19T12:23:35-07:00" level=info msg="Tool required for debug" tool="arduino:arm-none-eabi-gcc@7-2017q4"
time="2025-08-19T12:23:35-07:00" level=info msg="Tool required for debug" tool="builtin:mdns-discovery@1.0.9"
time="2025-08-19T12:23:35-07:00" level=info msg="Tool required for debug" tool="builtin:serial-discovery@1.4.1"
time="2025-08-19T12:23:35-07:00" level=info msg="Tool required for debug" tool="arduino:openocd@0.11.0-arduino2"
time="2025-08-19T12:23:35-07:00" level=info msg="Tool required for debug" tool="builtin:dfu-discovery@0.1.2"
time="2025-08-19T12:23:35-07:00" level=info msg="Tool required for debug" tool="arduino:avr-gcc@7.3.0-atmel3.6.1-arduino7"
time="2025-08-19T12:23:35-07:00" level=info msg="Tool required for debug" tool="builtin:ctags@5.8-arduino11"
time="2025-08-19T12:23:35-07:00" level=info msg="Tool required for debug" tool="arduino:dfu-util@0.11.0-arduino5"
time="2025-08-19T12:23:35-07:00" level=info msg="Tool required for debug" tool="esp32:esp-rv32@2411"
time="2025-08-19T12:23:35-07:00" level=info msg="Tool required for debug" tool="esp32:esp-x32@2411"
time="2025-08-19T12:23:35-07:00" level=info msg="Tool required for debug" tool="esp32:esp32-arduino-libs@idf-release_v5.5-b66b5448-v1"
time="2025-08-19T12:23:35-07:00" level=info msg="Tool required for debug" tool="esp32:esptool_py@5.0.0"
time="2025-08-19T12:23:35-07:00" level=info msg="Tool required for debug" tool="esp32:mklittlefs@3.0.0-gnu12-dc7f933"
time="2025-08-19T12:23:35-07:00" level=info msg="Tool required for debug" tool="esp32:mkspiffs@0.2.3"
time="2025-08-19T12:23:35-07:00" level=info msg="Tool required for debug" tool="esp32:openocd-esp32@v0.12.0-esp32-20250422"
time="2025-08-19T12:23:35-07:00" level=info msg="Tool required for debug" tool="esp32:riscv32-esp-elf-gdb@16.2_20250324"
time="2025-08-19T12:23:35-07:00" level=info msg="Tool required for debug" tool="esp32:xtensa-esp-elf-gdb@16.2_20250324"
time="2025-08-19T12:23:35-07:00" level=info msg="Tool required for debug" tool="arduino:avrdude@6.3.0-arduino17"
time="2025-08-19T12:23:35-07:00" level=info msg="Tool required for debug" tool="arduino:bossac@1.9.1-arduino5"
time="2025-08-19T12:23:35-07:00" level=info msg="Tool required for debug" tool="builtin:serial-monitor@0.15.0"
time="2025-08-19T12:23:35-07:00" level=info msg="Tool required for debug" tool="arduino:arduinoOTA@1.3.0"
time="2025-08-19T12:23:35-07:00" level=info msg="Tool required for debug" tool="builtin:ctags@5.8-arduino11"
time="2025-08-19T12:23:35-07:00" level=info msg="Tool required for debug" tool="arduino:openocd@0.11.0-arduino2"
time="2025-08-19T12:23:35-07:00" level=info msg="Tool required for debug" tool="arduino:avr-gcc@7.3.0-atmel3.6.1-arduino7"
time="2025-08-19T12:23:35-07:00" level=info msg="Tool required for debug" tool="arduino:arm-none-eabi-gcc@7-2017q4"
time="2025-08-19T12:23:35-07:00" level=info msg="Tool required for debug" tool="builtin:dfu-discovery@0.1.2"
time="2025-08-19T12:23:35-07:00" level=info msg="Tool required for debug" tool="builtin:mdns-discovery@1.0.9"
time="2025-08-19T12:23:35-07:00" level=info msg="Tool required for debug" tool="builtin:serial-discovery@1.4.1"
time="2025-08-19T12:23:35-07:00" level=info msg="Tool required for debug" tool="arduino:dfu-util@0.11.0-arduino5"
time="2025-08-19T12:23:35-07:00" level=info msg="Tool required for debug" tool="esp32:esp-rv32@2411"
time="2025-08-19T12:23:35-07:00" level=info msg="Tool required for debug" tool="esp32:esp-x32@2411"
time="2025-08-19T12:23:35-07:00" level=info msg="Tool required for debug" tool="esp32:esp32-arduino-libs@idf-release_v5.5-b66b5448-v1"
time="2025-08-19T12:23:35-07:00" level=info msg="Tool required for debug" tool="esp32:esptool_py@5.0.0"
time="2025-08-19T12:23:35-07:00" level=info msg="Tool required for debug" tool="esp32:mklittlefs@3.0.0-gnu12-dc7f933"
time="2025-08-19T12:23:35-07:00" level=info msg="Tool required for debug" tool="esp32:mkspiffs@0.2.3"
time="2025-08-19T12:23:35-07:00" level=info msg="Tool required for debug" tool="esp32:openocd-esp32@v0.12.0-esp32-20250422"
time="2025-08-19T12:23:35-07:00" level=info msg="Tool required for debug" tool="esp32:riscv32-esp-elf-gdb@16.2_20250324"
time="2025-08-19T12:23:35-07:00" level=info msg="Tool required for debug" tool="esp32:xtensa-esp-elf-gdb@16.2_20250324"
time="2025-08-19T12:23:35-07:00" level=info msg="Tool required for debug" tool="arduino:bossac@1.9.1-arduino5"
time="2025-08-19T12:23:35-07:00" level=info msg="Tool required for debug" tool="builtin:serial-monitor@0.15.0"
time="2025-08-19T12:23:35-07:00" level=info msg="Tool required for debug" tool="arduino:avr-gcc@7.3.0-atmel3.6.1-arduino7"
time="2025-08-19T12:23:35-07:00" level=info msg="Tool required for debug" tool="arduino:avrdude@6.3.0-arduino17"
time="2025-08-19T12:23:35-07:00" level=info msg="Tool required for debug" tool="builtin:mdns-discovery@1.0.9"
time="2025-08-19T12:23:35-07:00" level=info msg="Tool required for debug" tool="builtin:serial-discovery@1.4.1"
time="2025-08-19T12:23:35-07:00" level=info msg="Tool required for debug" tool="arduino:arduinoOTA@1.3.0"
time="2025-08-19T12:23:35-07:00" level=info msg="Tool required for debug" tool="arduino:arm-none-eabi-gcc@7-2017q4"
time="2025-08-19T12:23:35-07:00" level=info msg="Tool required for debug" tool="arduino:openocd@0.11.0-arduino2"
time="2025-08-19T12:23:35-07:00" level=info msg="Tool required for debug" tool="builtin:ctags@5.8-arduino11"
time="2025-08-19T12:23:35-07:00" level=info msg="Tool required for debug" tool="builtin:dfu-discovery@0.1.2"
time="2025-08-19T12:23:35-07:00" level=info msg="Tool required for debug" tool="arduino:dfu-util@0.11.0-arduino5"
time="2025-08-19T12:23:35-07:00" level=info msg="Tool required for debug" tool="esp32:esp-rv32@2411"
time="2025-08-19T12:23:35-07:00" level=info msg="Tool required for debug" tool="esp32:esp-x32@2411"
time="2025-08-19T12:23:35-07:00" level=info msg="Tool required for debug" tool="esp32:esp32-arduino-libs@idf-release_v5.5-b66b5448-v1"
time="2025-08-19T12:23:35-07:00" level=info msg="Tool required for debug" tool="esp32:esptool_py@5.0.0"
time="2025-08-19T12:23:35-07:00" level=info msg="Tool required for debug" tool="esp32:mklittlefs@3.0.0-gnu12-dc7f933"
time="2025-08-19T12:23:35-07:00" level=info msg="Tool required for debug" tool="esp32:mkspiffs@0.2.3"
time="2025-08-19T12:23:35-07:00" level=info msg="Tool required for debug" tool="esp32:openocd-esp32@v0.12.0-esp32-20250422"
time="2025-08-19T12:23:35-07:00" level=info msg="Tool required for debug" tool="esp32:riscv32-esp-elf-gdb@16.2_20250324"
time="2025-08-19T12:23:35-07:00" level=info msg="Tool required for debug" tool="esp32:xtensa-esp-elf-gdb@16.2_20250324"
time="2025-08-19T12:23:35-07:00" level=info msg="Tool required for debug" tool="arduino:avr-gcc@7.3.0-atmel3.6.1-arduino7"
time="2025-08-19T12:23:35-07:00" level=info msg="Tool required for debug" tool="arduino:avrdude@6.3.0-arduino17"
time="2025-08-19T12:23:35-07:00" level=info msg="Tool required for debug" tool="builtin:mdns-discovery@1.0.9"
time="2025-08-19T12:23:35-07:00" level=info msg="Tool required for debug" tool="arduino:arm-none-eabi-gcc@7-2017q4"
time="2025-08-19T12:23:35-07:00" level=info msg="Tool required for debug" tool="builtin:dfu-discovery@0.1.2"
time="2025-08-19T12:23:35-07:00" level=info msg="Tool required for debug" tool="builtin:serial-discovery@1.4.1"
time="2025-08-19T12:23:35-07:00" level=info msg="Tool required for debug" tool="builtin:ctags@5.8-arduino11"
time="2025-08-19T12:23:35-07:00" level=info msg="Tool required for debug" tool="builtin:serial-monitor@0.15.0"
time="2025-08-19T12:23:35-07:00" level=info msg="Tool required for debug" tool="arduino:openocd@0.11.0-arduino2"
time="2025-08-19T12:23:35-07:00" level=info msg="Tool required for debug" tool="arduino:arduinoOTA@1.3.0"
time="2025-08-19T12:23:35-07:00" level=info msg="Tool required for debug" tool="arduino:bossac@1.9.1-arduino5"
time="2025-08-19T12:23:35-07:00" level=info msg="Tool required for debug" tool="arduino:dfu-util@0.11.0-arduino5"
time="2025-08-19T12:23:35-07:00" level=info msg="Tool required for debug" tool="esp32:esp-rv32@2411"
time="2025-08-19T12:23:35-07:00" level=info msg="Tool required for debug" tool="esp32:esp-x32@2411"
time="2025-08-19T12:23:35-07:00" level=info msg="Tool required for debug" tool="esp32:esp32-arduino-libs@idf-release_v5.5-b66b5448-v1"
time="2025-08-19T12:23:35-07:00" level=info msg="Tool required for debug" tool="esp32:esptool_py@5.0.0"
time="2025-08-19T12:23:35-07:00" level=info msg="Tool required for debug" tool="esp32:mklittlefs@3.0.0-gnu12-dc7f933"
time="2025-08-19T12:23:35-07:00" level=info msg="Tool required for debug" tool="esp32:mkspiffs@0.2.3"
time="2025-08-19T12:23:35-07:00" level=info msg="Tool required for debug" tool="esp32:openocd-esp32@v0.12.0-esp32-20250422"
time="2025-08-19T12:23:35-07:00" level=info msg="Tool required for debug" tool="esp32:riscv32-esp-elf-gdb@16.2_20250324"
time="2025-08-19T12:23:35-07:00" level=info msg="Tool required for debug" tool="esp32:xtensa-esp-elf-gdb@16.2_20250324"
time="2025-08-19T12:23:35-07:00" level=info msg="Tool required for debug" tool="arduino:openocd@0.11.0-arduino2"
time="2025-08-19T12:23:35-07:00" level=info msg="Tool required for debug" tool="arduino:avrdude@6.3.0-arduino17"
time="2025-08-19T12:23:35-07:00" level=info msg="Tool required for debug" tool="builtin:mdns-discovery@1.0.9"
time="2025-08-19T12:23:35-07:00" level=info msg="Tool required for debug" tool="builtin:ctags@5.8-arduino11"
time="2025-08-19T12:23:35-07:00" level=info msg="Tool required for debug" tool="arduino:avr-gcc@7.3.0-atmel3.6.1-arduino7"
time="2025-08-19T12:23:35-07:00" level=info msg="Tool required for debug" tool="arduino:arm-none-eabi-gcc@7-2017q4"
time="2025-08-19T12:23:35-07:00" level=info msg="Tool required for debug" tool="builtin:dfu-discovery@0.1.2"
time="2025-08-19T12:23:35-07:00" level=info msg="Tool required for debug" tool="arduino:bossac@1.9.1-arduino5"
time="2025-08-19T12:23:35-07:00" level=info msg="Tool required for debug" tool="builtin:serial-discovery@1.4.1"
time="2025-08-19T12:23:35-07:00" level=info msg="Tool required for debug" tool="arduino:arduinoOTA@1.3.0"
time="2025-08-19T12:23:35-07:00" level=info msg="Tool required for debug" tool="builtin:serial-monitor@0.15.0"
time="2025-08-19T12:23:35-07:00" level=info msg="Tool required for debug" tool="arduino:dfu-util@0.11.0-arduino5"
time="2025-08-19T12:23:35-07:00" level=info msg="Tool required for debug" tool="esp32:esp-rv32@2411"
time="2025-08-19T12:23:35-07:00" level=info msg="Tool required for debug" tool="esp32:esp-x32@2411"
time="2025-08-19T12:23:35-07:00" level=info msg="Tool required for debug" tool="esp32:esp32-arduino-libs@idf-release_v5.5-b66b5448-v1"
time="2025-08-19T12:23:35-07:00" level=info msg="Tool required for debug" tool="esp32:esptool_py@5.0.0"
2025-08-19 12:23:35 2025-08-19T19:23:35.158Z daemon INFO time="2025-08-19T12:23:35-07:00" level=info msg="Tool required for debug" tool="esp32:mklittlefs@3.0.0-gnu12-dc7f933"
time="2025-08-19T12:23:35-07:00" level=info msg="Tool required for debug" tool="esp32:mkspiffs@0.2.3"
time="2025-08-19T12:23:35-07:00" level=info msg="Tool required for debug" tool="esp32:openocd-esp32@v0.12.0-esp32-20250422"
time="2025-08-19T12:23:35-07:00" level=info msg="Tool required for debug" tool="esp32:riscv32-esp-elf-gdb@16.2_20250324"
time="2025-08-19T12:23:35-07:00" level=info msg="Tool required for debug" tool="esp32:xtensa-esp-elf-gdb@16.2_20250324"
time="2025-08-19T12:23:35-07:00" level=info msg="Tool required for debug" tool="arduino:arduinoOTA@1.3.0"
time="2025-08-19T12:23:35-07:00" level=info msg="Tool required for debug" tool="builtin:dfu-discovery@0.1.2"
time="2025-08-19T12:23:35-07:00" level=info msg="Tool required for debug" tool="arduino:openocd@0.11.0-arduino2"
time="2025-08-19T12:23:35-07:00" level=info msg="Tool required for debug" tool="arduino:arm-none-eabi-gcc@7-2017q4"
time="2025-08-19T12:23:35-07:00" level=info msg="Tool required for debug" tool="builtin:ctags@5.8-arduino11"
time="2025-08-19T12:23:35-07:00" level=info msg="Tool required for debug" tool="builtin:serial-discovery@1.4.1"
time="2025-08-19T12:23:35-07:00" level=info msg="Tool required for debug" tool="arduino:avr-gcc@7.3.0-atmel3.6.1-arduino7"
time="2025-08-19T12:23:35-07:00" level=info msg="Tool required for debug" tool="arduino:avrdude@6.3.0-arduino17"
time="2025-08-19T12:23:35-07:00" level=info msg="Tool required for debug" tool="builtin:mdns-discovery@1.0.9"
time="2025-08-19T12:23:35-07:00" level=info msg="Tool required for debug" tool="arduino:bossac@1.9.1-arduino5"
time="2025-08-19T12:23:35-07:00" level=info msg="Tool required for debug" tool="builtin:serial-monitor@0.15.0"
2025-08-19 12:23:35 2025-08-19T19:23:35.161Z daemon INFO time="2025-08-19T12:23:35-07:00" level=info msg="Tool required for debug" tool="arduino:dfu-util@0.11.0-arduino5"
time="2025-08-19T12:23:35-07:00" level=info msg="Tool required for debug" tool="esp32:esp-rv32@2411"
time="2025-08-19T12:23:35-07:00" level=info msg="Tool required for debug" tool="esp32:esp-x32@2411"
time="2025-08-19T12:23:35-07:00" level=info msg="Tool required for debug" tool="esp32:esp32-arduino-libs@idf-release_v5.5-b66b5448-v1"
time="2025-08-19T12:23:35-07:00" level=info msg="Tool required for debug" tool="esp32:esptool_py@5.0.0"
time="2025-08-19T12:23:35-07:00" level=info msg="Tool required for debug" tool="esp32:mklittlefs@3.0.0-gnu12-dc7f933"
time="2025-08-19T12:23:35-07:00" level=info msg="Tool required for debug" tool="esp32:mkspiffs@0.2.3"
time="2025-08-19T12:23:35-07:00" level=info msg="Tool required for debug" tool="esp32:openocd-esp32@v0.12.0-esp32-20250422"
time="2025-08-19T12:23:35-07:00" level=info msg="Tool required for debug" tool="esp32:riscv32-esp-elf-gdb@16.2_20250324"
time="2025-08-19T12:23:35-07:00" level=info msg="Tool required for debug" tool="esp32:xtensa-esp-elf-gdb@16.2_20250324"
time="2025-08-19T12:23:35-07:00" level=info msg="Tool required for debug" tool="arduino:arduinoOTA@1.3.0"
time="2025-08-19T12:23:35-07:00" level=info msg="Tool required for debug" tool="arduino:openocd@0.11.0-arduino2"
time="2025-08-19T12:23:35-07:00" level=info msg="Tool required for debug" tool="builtin:serial-monitor@0.15.0"
time="2025-08-19T12:23:35-07:00" level=info msg="Tool required for debug" tool="builtin:dfu-discovery@0.1.2"
time="2025-08-19T12:23:35-07:00" level=info msg="Tool required for debug" tool="builtin:serial-discovery@1.4.1"
time="2025-08-19T12:23:35-07:00" level=info msg="Tool required for debug" tool="arduino:avrdude@6.3.0-arduino17"
time="2025-08-19T12:23:35-07:00" level=info msg="Tool required for debug" tool="builtin:ctags@5.8-arduino11"
time="2025-08-19T12:23:35-07:00" level=info msg="Tool required for debug" tool="builtin:mdns-discovery@1.0.9"
2025-08-19 12:23:35 2025-08-19T19:23:35.161Z daemon INFO time="2025-08-19T12:23:35-07:00" level=info msg="Tool required for debug" tool="arduino:avr-gcc@7.3.0-atmel3.6.1-arduino7"
time="2025-08-19T12:23:35-07:00" level=info msg="Tool required for debug" tool="arduino:arm-none-eabi-gcc@7-2017q4"
time="2025-08-19T12:23:35-07:00" level=info msg="Tool required for debug" tool="arduino:bossac@1.9.1-arduino5"
2025-08-19 12:23:35 2025-08-19T19:23:35.164Z daemon INFO time="2025-08-19T12:23:35-07:00" level=info msg="Tool required for debug" tool="arduino:dfu-util@0.11.0-arduino5"
time="2025-08-19T12:23:35-07:00" level=info msg="Tool required for debug" tool="esp32:esp-rv32@2411"
time="2025-08-19T12:23:35-07:00" level=info msg="Tool required for debug" tool="esp32:esp-x32@2411"
time="2025-08-19T12:23:35-07:00" level=info msg="Tool required for debug" tool="esp32:esp32-arduino-libs@idf-release_v5.5-b66b5448-v1"
time="2025-08-19T12:23:35-07:00" level=info msg="Tool required for debug" tool="esp32:esptool_py@5.0.0"
time="2025-08-19T12:23:35-07:00" level=info msg="Tool required for debug" tool="esp32:mklittlefs@3.0.0-gnu12-dc7f933"
time="2025-08-19T12:23:35-07:00" level=info msg="Tool required for debug" tool="esp32:mkspiffs@0.2.3"
time="2025-08-19T12:23:35-07:00" level=info msg="Tool required for debug" tool="esp32:openocd-esp32@v0.12.0-esp32-20250422"
time="2025-08-19T12:23:35-07:00" level=info msg="Tool required for debug" tool="esp32:riscv32-esp-elf-gdb@16.2_20250324"
time="2025-08-19T12:23:35-07:00" level=info msg="Tool required for debug" tool="esp32:xtensa-esp-elf-gdb@16.2_20250324"
time="2025-08-19T12:23:35-07:00" level=info msg="Tool required for debug" tool="arduino:arduinoOTA@1.3.0"
time="2025-08-19T12:23:35-07:00" level=info msg="Tool required for debug" tool="builtin:serial-monitor@0.15.0"
2025-08-19 12:23:35 2025-08-19T19:23:35.164Z daemon INFO time="2025-08-19T12:23:35-07:00" level=info msg="Tool required for debug" tool="arduino:openocd@0.11.0-arduino2"
time="2025-08-19T12:23:35-07:00" level=info msg="Tool required for debug" tool="arduino:avr-gcc@7.3.0-atmel3.6.1-arduino7"
time="2025-08-19T12:23:35-07:00" level=info msg="Tool required for debug" tool="arduino:avrdude@6.3.0-arduino17"
time="2025-08-19T12:23:35-07:00" level=info msg="Tool required for debug" tool="builtin:mdns-discovery@1.0.9"
time="2025-08-19T12:23:35-07:00" level=info msg="Tool required for debug" tool="arduino:arm-none-eabi-gcc@7-2017q4"
time="2025-08-19T12:23:35-07:00" level=info msg="Tool required for debug" tool="builtin:ctags@5.8-arduino11"
2025-08-19 12:23:35 2025-08-19T19:23:35.165Z daemon INFO time="2025-08-19T12:23:35-07:00" level=info msg="Tool required for debug" tool="builtin:dfu-discovery@0.1.2"
time="2025-08-19T12:23:35-07:00" level=info msg="Tool required for debug" tool="builtin:serial-discovery@1.4.1"
time="2025-08-19T12:23:35-07:00" level=info msg="Tool required for debug" tool="arduino:bossac@1.9.1-arduino5"
2025-08-19 12:23:35 2025-08-19T19:23:35.168Z daemon INFO time="2025-08-19T12:23:35-07:00" level=info msg="Tool required for debug" tool="arduino:dfu-util@0.11.0-arduino5"
time="2025-08-19T12:23:35-07:00" level=info msg="Tool required for debug" tool="esp32:esp-rv32@2411"
time="2025-08-19T12:23:35-07:00" level=info msg="Tool required for debug" tool="esp32:esp-x32@2411"
time="2025-08-19T12:23:35-07:00" level=info msg="Tool required for debug" tool="esp32:esp32-arduino-libs@idf-release_v5.5-b66b5448-v1"
time="2025-08-19T12:23:35-07:00" level=info msg="Tool required for debug" tool="esp32:esptool_py@5.0.0"
time="2025-08-19T12:23:35-07:00" level=info msg="Tool required for debug" tool="esp32:mklittlefs@3.0.0-gnu12-dc7f933"
time="2025-08-19T12:23:35-07:00" level=info msg="Tool required for debug" tool="esp32:mkspiffs@0.2.3"
time="2025-08-19T12:23:35-07:00" level=info msg="Tool required for debug" tool="esp32:openocd-esp32@v0.12.0-esp32-20250422"
time="2025-08-19T12:23:35-07:00" level=info msg="Tool required for debug" tool="esp32:riscv32-esp-elf-gdb@16.2_20250324"
time="2025-08-19T12:23:35-07:00" level=info msg="Tool required for debug" tool="esp32:xtensa-esp-elf-gdb@16.2_20250324"
time="2025-08-19T12:23:35-07:00" level=info msg="Tool required for debug" tool="arduino:bossac@1.9.1-arduino5"
time="2025-08-19T12:23:35-07:00" level=info msg="Tool required for debug" tool="builtin:serial-discovery@1.4.1"
time="2025-08-19T12:23:35-07:00" level=info msg="Tool required for debug" tool="builtin:ctags@5.8-arduino11"
time="2025-08-19T12:23:35-07:00" level=info msg="Tool required for debug" tool="builtin:dfu-discovery@0.1.2"
time="2025-08-19T12:23:35-07:00" level=info msg="Tool required for debug" tool="arduino:openocd@0.11.0-arduino2"
time="2025-08-19T12:23:35-07:00" level=info msg="Tool required for debug" tool="arduino:avr-gcc@7.3.0-atmel3.6.1-arduino7"
time="2025-08-19T12:23:35-07:00" level=info msg="Tool required for debug" tool="arduino:arm-none-eabi-gcc@7-2017q4"
2025-08-19 12:23:35 2025-08-19T19:23:35.168Z daemon INFO time="2025-08-19T12:23:35-07:00" level=info msg="Tool required for debug" tool="arduino:avrdude@6.3.0-arduino17"
time="2025-08-19T12:23:35-07:00" level=info msg="Tool required for debug" tool="builtin:mdns-discovery@1.0.9"
time="2025-08-19T12:23:35-07:00" level=info msg="Tool required for debug" tool="builtin:serial-monitor@0.15.0"
time="2025-08-19T12:23:35-07:00" level=info msg="Tool required for debug" tool="arduino:arduinoOTA@1.3.0"
2025-08-19 12:23:35 2025-08-19T19:23:35.423Z root ERROR ---- !!!SLOW!!! DURATION: search took 877.205 ms. Args: [{"type":"Updatable"}] ----
2025-08-19 12:23:35 2025-08-19T19:23:35.424Z daemon INFO time="2025-08-19T12:23:35-07:00" level=info msg="Adding libraries dir" dir=/home/aaron/.arduino15/libraries isSingleLibrary=false location=ide
time="2025-08-19T12:23:35-07:00" level=info msg="Adding libraries dir" dir=/home/aaron/.arduino15/packages/esp32/hardware/esp32/3.3.0/libraries isSingleLibrary=false location=platform
time="2025-08-19T12:23:35-07:00" level=info msg="Adding libraries dir" dir=/home/aaron/Arduino/libraries isSingleLibrary=false location=user
2025-08-19 12:23:35 Update for version 2.3.6 is not available (latest version: 2.3.6, downgrade is allowed).
2025-08-19 12:23:36 2025-08-19T19:23:36.410Z daemon INFO time="2025-08-19T12:23:36-07:00" level=info msg="Resolving include TinyGPSPlus.h for arch esp32"
time="2025-08-19T12:23:36-07:00" level=info msg="  found better lib" lib=TinyGPSPlus prio=6A7
2025-08-19 12:23:36 2025-08-19T19:23:36.410Z daemon INFO time="2025-08-19T12:23:36-07:00" level=info msg="  discarded" lib=TinyGPSPlusPlus prio=517
time="2025-08-19T12:23:36-07:00" level=info msg="  discarded" lib=TinyGPSPlus-ESP32 prio=521
2025-08-19 12:23:36 2025-08-19T19:23:36.966Z daemon INFO time="2025-08-19T12:23:36-07:00" level=info msg="Starting monitor process" monitor=serial-monitor
2025-08-19 12:23:36 2025-08-19T19:23:36.971Z daemon INFO time="2025-08-19T12:23:36-07:00" level=info msg="Monitor process started successfully!" monitor=serial-monitor
time="2025-08-19T12:23:36-07:00" level=info msg="sending command" command="HELLO 1 \"arduino-cli 1.2.0\"" monitor=serial-monitor
time="2025-08-19T12:23:36-07:00" level=info msg="received message" error=false event_type=hello message=OK monitor=serial-monitor
time="2025-08-19T12:23:36-07:00" level=info msg="sending command" command=DESCRIBE monitor=serial-monitor
time="2025-08-19T12:23:36-07:00" level=info msg="received message" error=false event_type=describe message=OK monitor=serial-monitor
time="2025-08-19T12:23:36-07:00" level=info msg="sending command" command=QUIT monitor=serial-monitor
time="2025-08-19T12:23:36-07:00" level=info msg="received message" error=false event_type=quit message=OK monitor=serial-monitor
time="2025-08-19T12:23:36-07:00" level=info msg="Killing monitor process" monitor=serial-monitor
time="2025-08-19T12:23:36-07:00" level=error msg="stopped decode loop: EOF" monitor=serial-monitor
time="2025-08-19T12:23:36-07:00" level=info msg="Monitor process killed" monitor=serial-monitor
2025-08-19 12:23:36 2025-08-19T19:23:36.973Z monitor-service INFO starting monitor
2025-08-19 12:23:36 2025-08-19T19:23:36.978Z daemon INFO time="2025-08-19T12:23:36-07:00" level=info msg="Starting monitor process" monitor=serial-monitor
2025-08-19 12:23:36 2025-08-19T19:23:36.978Z daemon INFO time="2025-08-19T12:23:36-07:00" level=info msg="Monitor process started successfully!" monitor=serial-monitor
time="2025-08-19T12:23:36-07:00" level=info msg="sending command" command="HELLO 1 \"arduino-cli 1.2.0\"" monitor=serial-monitor
2025-08-19 12:23:36 2025-08-19T19:23:36.981Z daemon INFO time="2025-08-19T12:23:36-07:00" level=info msg="received message" error=false event_type=hello message=OK monitor=serial-monitor
2025-08-19 12:23:36 2025-08-19T19:23:36.981Z daemon INFO time="2025-08-19T12:23:36-07:00" level=info msg="sending command" command=DESCRIBE monitor=serial-monitor
2025-08-19 12:23:36 2025-08-19T19:23:36.982Z daemon INFO time="2025-08-19T12:23:36-07:00" level=info msg="received message" error=false event_type=describe message=OK monitor=serial-monitor
2025-08-19 12:23:36 2025-08-19T19:23:36.982Z daemon INFO time="2025-08-19T12:23:36-07:00" level=info msg="sending command" command=QUIT monitor=serial-monitor
time="2025-08-19T12:23:36-07:00" level=info msg="received message" error=false event_type=quit message=OK monitor=serial-monitor
time="2025-08-19T12:23:36-07:00" level=info msg="Killing monitor process" monitor=serial-monitor
2025-08-19 12:23:36 2025-08-19T19:23:36.982Z daemon INFO time="2025-08-19T12:23:36-07:00" level=error msg="stopped decode loop: EOF" monitor=serial-monitor
2025-08-19 12:23:36 2025-08-19T19:23:36.982Z daemon INFO time="2025-08-19T12:23:36-07:00" level=info msg="Monitor process killed" monitor=serial-monitor
2025-08-19 12:23:36 2025-08-19T19:23:36.992Z daemon INFO time="2025-08-19T12:23:36-07:00" level=info msg="Starting monitor process" monitor=serial-monitor
2025-08-19 12:23:36 2025-08-19T19:23:36.992Z daemon INFO time="2025-08-19T12:23:36-07:00" level=info msg="Monitor process started successfully!" monitor=serial-monitor
time="2025-08-19T12:23:36-07:00" level=info msg="sending command" command="HELLO 1 \"arduino-cli 1.2.0\"" monitor=serial-monitor
2025-08-19 12:23:36 2025-08-19T19:23:36.995Z daemon INFO time="2025-08-19T12:23:36-07:00" level=info msg="received message" error=false event_type=hello message=OK monitor=serial-monitor
time="2025-08-19T12:23:36-07:00" level=info msg="sending command" command=DESCRIBE monitor=serial-monitor
2025-08-19 12:23:36 2025-08-19T19:23:36.995Z daemon INFO time="2025-08-19T12:23:36-07:00" level=info msg="received message" error=false event_type=describe message=OK monitor=serial-monitor
2025-08-19 12:23:36 2025-08-19T19:23:36.995Z daemon INFO time="2025-08-19T12:23:36-07:00" level=info msg="sending command" command="CONFIGURE stop_bits 1" monitor=serial-monitor
2025-08-19 12:23:36 2025-08-19T19:23:36.995Z daemon INFO time="2025-08-19T12:23:36-07:00" level=info msg="received message" error=false event_type=configure message=OK monitor=serial-monitor
2025-08-19 12:23:36 2025-08-19T19:23:36.995Z daemon INFO time="2025-08-19T12:23:36-07:00" level=info msg="sending command" command="CONFIGURE baudrate 115200" monitor=serial-monitor
2025-08-19 12:23:36 2025-08-19T19:23:36.995Z daemon INFO time="2025-08-19T12:23:36-07:00" level=info msg="received message" error=false event_type=configure message=OK monitor=serial-monitor
time="2025-08-19T12:23:36-07:00" level=info msg="sending command" command="CONFIGURE bits 8" monitor=serial-monitor
2025-08-19 12:23:36 2025-08-19T19:23:36.996Z daemon INFO time="2025-08-19T12:23:36-07:00" level=info msg="received message" error=false event_type=configure message=OK monitor=serial-monitor
time="2025-08-19T12:23:36-07:00" level=info msg="sending command" command="CONFIGURE dtr on" monitor=serial-monitor
2025-08-19 12:23:36 2025-08-19T19:23:36.996Z daemon INFO time="2025-08-19T12:23:36-07:00" level=info msg="received message" error=false event_type=configure message=OK monitor=serial-monitor
2025-08-19 12:23:36 2025-08-19T19:23:36.996Z daemon INFO time="2025-08-19T12:23:36-07:00" level=info msg="sending command" command="CONFIGURE parity none" monitor=serial-monitor
2025-08-19 12:23:36 2025-08-19T19:23:36.996Z daemon INFO time="2025-08-19T12:23:36-07:00" level=info msg="received message" error=false event_type=configure message=OK monitor=serial-monitor
time="2025-08-19T12:23:36-07:00" level=info msg="sending command" command="CONFIGURE rts on" monitor=serial-monitor
2025-08-19 12:23:36 2025-08-19T19:23:36.996Z daemon INFO time="2025-08-19T12:23:36-07:00" level=info msg="received message" error=false event_type=configure message=OK monitor=serial-monitor
2025-08-19 12:23:36 2025-08-19T19:23:36.996Z daemon INFO time="2025-08-19T12:23:36-07:00" level=info msg="sending command" command="OPEN 127.0.0.1:39133 /dev/ttyACM0" monitor=serial-monitor
2025-08-19 12:23:36 2025-08-19T19:23:36.996Z daemon INFO time="2025-08-19T12:23:36-07:00" level=info msg="received message" error=false event_type=open message=OK monitor=serial-monitor
2025-08-19 12:23:36 2025-08-19T19:23:36.997Z daemon INFO time="2025-08-19T12:23:36-07:00" level=info msg="Port /dev/ttyACM0 successfully opened"
2025-08-19 12:23:36 2025-08-19T19:23:36.999Z monitor-service INFO Using port configuration for serial:/dev/ttyACM0: {"settingsList":[{"settingId":"stop_bits","value":"1"},{"settingId":"baudrate","value":"115200"},{"settingId":"bits","value":"8"},{"settingId":"dtr","value":"on"},{"settingId":"parity","value":"none"},{"settingId":"rts","value":"on"}]}
2025-08-19 12:23:36 2025-08-19T19:23:36.999Z monitor-service INFO started monitor to /dev/ttyACM0 using serial
2025-08-19 12:23:37 2025-08-19T19:23:37.024Z monitor-service INFO No port configuration changes have been detected. No need to send configure commands to the running monitor serial:/dev/ttyACM0.
2025-08-19 12:23:37 2025-08-19T19:23:37.631Z daemon INFO time="2025-08-19T12:23:37-07:00" level=info msg="Resolving include FS.h for arch esp32"
time="2025-08-19T12:23:37-07:00" level=info msg="  found better lib" lib=FS prio=6B0
2025-08-19 12:23:41 2025-08-19T19:23:41.293Z monitor-service INFO No port configuration changes have been detected. No need to send configure commands to the running monitor serial:/dev/ttyACM0.
2025-08-19 12:23:41 2025-08-19T19:23:41.951Z daemon INFO time="2025-08-19T12:23:41-07:00" level=info msg="Adding libraries dir" dir=/home/aaron/.arduino15/libraries isSingleLibrary=false location=ide
2025-08-19 12:23:41 2025-08-19T19:23:41.951Z daemon INFO time="2025-08-19T12:23:41-07:00" level=info msg="Adding libraries dir" dir=/home/aaron/.arduino15/packages/esp32/hardware/esp32/3.3.0/libraries isSingleLibrary=false location=platform
time="2025-08-19T12:23:41-07:00" level=info msg="Adding libraries dir" dir=/home/aaron/Arduino/libraries isSingleLibrary=false location=user
2025-08-19 12:24:03 2025-08-19T19:24:03.378Z monitor-service INFO No port configuration changes have been detected. No need to send configure commands to the running monitor serial:/dev/ttyACM0.
2025-08-19 12:24:14 2025-08-19T19:24:14.293Z daemon INFO time="2025-08-19T12:24:14-07:00" level=info msg="sending command" command=CLOSE monitor=serial-monitor
2025-08-19 12:24:14 2025-08-19T19:24:14.295Z daemon INFO time="2025-08-19T12:24:14-07:00" level=info msg="received message" error=false event_type=close message=OK monitor=serial-monitor
time="2025-08-19T12:24:14-07:00" level=info msg="sending command" command=QUIT monitor=serial-monitor
time="2025-08-19T12:24:14-07:00" level=info msg="received message" error=false event_type=quit message=OK monitor=serial-monitor
time="2025-08-19T12:24:14-07:00" level=info msg="Killing monitor process" monitor=serial-monitor
2025-08-19 12:24:14 2025-08-19T19:24:14.296Z daemon INFO time="2025-08-19T12:24:14-07:00" level=error msg="stopped decode loop: EOF" monitor=serial-monitor
2025-08-19 12:24:14 2025-08-19T19:24:14.296Z daemon INFO time="2025-08-19T12:24:14-07:00" level=info msg="Monitor process killed" monitor=serial-monitor
2025-08-19 12:24:14 2025-08-19T19:24:14.297Z monitor-service INFO monitor to /dev/ttyACM0 using serial closed by server
2025-08-19 12:24:18 2025-08-19T19:24:18.266Z daemon INFO time="2025-08-19T12:24:18-07:00" level=info msg="Starting monitor process" monitor=serial-monitor
2025-08-19 12:24:18 2025-08-19T19:24:18.266Z daemon INFO time="2025-08-19T12:24:18-07:00" level=info msg="Monitor process started successfully!" monitor=serial-monitor
time="2025-08-19T12:24:18-07:00" level=info msg="sending command" command="HELLO 1 \"arduino-cli 1.2.0\"" monitor=serial-monitor
2025-08-19 12:24:18 2025-08-19T19:24:18.269Z daemon INFO time="2025-08-19T12:24:18-07:00" level=info msg="received message" error=false event_type=hello message=OK monitor=serial-monitor
time="2025-08-19T12:24:18-07:00" level=info msg="sending command" command=DESCRIBE monitor=serial-monitor
2025-08-19 12:24:18 2025-08-19T19:24:18.269Z daemon INFO time="2025-08-19T12:24:18-07:00" level=info msg="received message" error=false event_type=describe message=OK monitor=serial-monitor
2025-08-19 12:24:18 2025-08-19T19:24:18.269Z daemon INFO time="2025-08-19T12:24:18-07:00" level=info msg="sending command" command=QUIT monitor=serial-monitor
2025-08-19 12:24:18 2025-08-19T19:24:18.269Z daemon INFO time="2025-08-19T12:24:18-07:00" level=info msg="received message" error=false event_type=quit message=OK monitor=serial-monitor
2025-08-19 12:24:18 2025-08-19T19:24:18.269Z daemon INFO time="2025-08-19T12:24:18-07:00" level=info msg="Killing monitor process" monitor=serial-monitor
2025-08-19 12:24:18 2025-08-19T19:24:18.270Z daemon INFO time="2025-08-19T12:24:18-07:00" level=error msg="stopped decode loop: EOF" monitor=serial-monitor
2025-08-19 12:24:18 2025-08-19T19:24:18.270Z daemon INFO time="2025-08-19T12:24:18-07:00" level=info msg="Monitor process killed" monitor=serial-monitor
2025-08-19 12:24:18 2025-08-19T19:24:18.289Z monitor-service INFO starting monitor
2025-08-19 12:24:18 2025-08-19T19:24:18.291Z daemon INFO time="2025-08-19T12:24:18-07:00" level=info msg="Starting monitor process" monitor=serial-monitor
2025-08-19 12:24:18 2025-08-19T19:24:18.291Z daemon INFO time="2025-08-19T12:24:18-07:00" level=info msg="Monitor process started successfully!" monitor=serial-monitor
time="2025-08-19T12:24:18-07:00" level=info msg="sending command" command="HELLO 1 \"arduino-cli 1.2.0\"" monitor=serial-monitor
2025-08-19 12:24:18 2025-08-19T19:24:18.294Z daemon INFO time="2025-08-19T12:24:18-07:00" level=info msg="received message" error=false event_type=hello message=OK monitor=serial-monitor
time="2025-08-19T12:24:18-07:00" level=info msg="sending command" command=DESCRIBE monitor=serial-monitor
2025-08-19 12:24:18 2025-08-19T19:24:18.295Z daemon INFO time="2025-08-19T12:24:18-07:00" level=info msg="received message" error=false event_type=describe message=OK monitor=serial-monitor
time="2025-08-19T12:24:18-07:00" level=info msg="sending command" command=QUIT monitor=serial-monitor
2025-08-19 12:24:18 2025-08-19T19:24:18.295Z daemon INFO time="2025-08-19T12:24:18-07:00" level=info msg="received message" error=false event_type=quit message=OK monitor=serial-monitor
time="2025-08-19T12:24:18-07:00" level=info msg="Killing monitor process" monitor=serial-monitor
2025-08-19 12:24:18 2025-08-19T19:24:18.295Z daemon INFO time="2025-08-19T12:24:18-07:00" level=error msg="stopped decode loop: EOF" monitor=serial-monitor
time="2025-08-19T12:24:18-07:00" level=info msg="Monitor process killed" monitor=serial-monitor
2025-08-19 12:24:18 2025-08-19T19:24:18.301Z daemon INFO time="2025-08-19T12:24:18-07:00" level=info msg="Starting monitor process" monitor=serial-monitor
2025-08-19 12:24:18 2025-08-19T19:24:18.303Z daemon INFO time="2025-08-19T12:24:18-07:00" level=info msg="Monitor process started successfully!" monitor=serial-monitor
time="2025-08-19T12:24:18-07:00" level=info msg="sending command" command="HELLO 1 \"arduino-cli 1.2.0\"" monitor=serial-monitor
2025-08-19 12:24:18 2025-08-19T19:24:18.306Z daemon INFO time="2025-08-19T12:24:18-07:00" level=info msg="received message" error=false event_type=hello message=OK monitor=serial-monitor
time="2025-08-19T12:24:18-07:00" level=info msg="sending command" command=DESCRIBE monitor=serial-monitor
2025-08-19 12:24:18 2025-08-19T19:24:18.306Z daemon INFO time="2025-08-19T12:24:18-07:00" level=info msg="received message" error=false event_type=describe message=OK monitor=serial-monitor
time="2025-08-19T12:24:18-07:00" level=info msg="sending command" command="CONFIGURE stop_bits 1" monitor=serial-monitor
2025-08-19 12:24:18 2025-08-19T19:24:18.306Z daemon INFO time="2025-08-19T12:24:18-07:00" level=info msg="received message" error=false event_type=configure message=OK monitor=serial-monitor
time="2025-08-19T12:24:18-07:00" level=info msg="sending command" command="CONFIGURE baudrate 115200" monitor=serial-monitor
2025-08-19 12:24:18 2025-08-19T19:24:18.306Z daemon INFO time="2025-08-19T12:24:18-07:00" level=info msg="received message" error=false event_type=configure message=OK monitor=serial-monitor
2025-08-19 12:24:18 2025-08-19T19:24:18.306Z daemon INFO time="2025-08-19T12:24:18-07:00" level=info msg="sending command" command="CONFIGURE bits 8" monitor=serial-monitor
time="2025-08-19T12:24:18-07:00" level=info msg="received message" error=false event_type=configure message=OK monitor=serial-monitor
2025-08-19 12:24:18 2025-08-19T19:24:18.306Z daemon INFO time="2025-08-19T12:24:18-07:00" level=info msg="sending command" command="CONFIGURE dtr on" monitor=serial-monitor
2025-08-19 12:24:18 2025-08-19T19:24:18.306Z daemon INFO time="2025-08-19T12:24:18-07:00" level=info msg="received message" error=false event_type=configure message=OK monitor=serial-monitor
time="2025-08-19T12:24:18-07:00" level=info msg="sending command" command="CONFIGURE parity none" monitor=serial-monitor
2025-08-19 12:24:18 2025-08-19T19:24:18.306Z daemon INFO time="2025-08-19T12:24:18-07:00" level=info msg="received message" error=false event_type=configure message=OK monitor=serial-monitor
time="2025-08-19T12:24:18-07:00" level=info msg="sending command" command="CONFIGURE rts on" monitor=serial-monitor
2025-08-19 12:24:18 2025-08-19T19:24:18.306Z daemon INFO time="2025-08-19T12:24:18-07:00" level=info msg="received message" error=false event_type=configure message=OK monitor=serial-monitor
2025-08-19 12:24:18 2025-08-19T19:24:18.306Z daemon INFO time="2025-08-19T12:24:18-07:00" level=info msg="sending command" command="OPEN 127.0.0.1:37749 /dev/ttyACM0" monitor=serial-monitor
2025-08-19 12:24:18 2025-08-19T19:24:18.307Z daemon INFO time="2025-08-19T12:24:18-07:00" level=info msg="received message" error=false event_type=open message=OK monitor=serial-monitor
time="2025-08-19T12:24:18-07:00" level=info msg="Port /dev/ttyACM0 successfully opened"
2025-08-19 12:24:18 2025-08-19T19:24:18.308Z monitor-service INFO Using port configuration for serial:/dev/ttyACM0: {"settingsList":[{"settingId":"stop_bits","value":"1"},{"settingId":"baudrate","value":"115200"},{"settingId":"bits","value":"8"},{"settingId":"dtr","value":"on"},{"settingId":"parity","value":"none"},{"settingId":"rts","value":"on"}]}
2025-08-19 12:24:18 2025-08-19T19:24:18.308Z monitor-service INFO started monitor to /dev/ttyACM0 using serial
2025-08-19 12:24:18 2025-08-19T19:24:18.310Z monitor-service INFO No port configuration changes have been detected. No need to send configure commands to the running monitor serial:/dev/ttyACM0.
2025-08-19 12:24:23 2025-08-19T19:24:23.606Z daemon INFO time="2025-08-19T12:24:23-07:00" level=info msg="sending command" command=CLOSE monitor=serial-monitor
2025-08-19 12:24:23 2025-08-19T19:24:23.607Z daemon INFO time="2025-08-19T12:24:23-07:00" level=info msg="received message" error=false event_type=close message=OK monitor=serial-monitor
time="2025-08-19T12:24:23-07:00" level=info msg="sending command" command=QUIT monitor=serial-monitor
2025-08-19 12:24:23 2025-08-19T19:24:23.608Z daemon INFO time="2025-08-19T12:24:23-07:00" level=info msg="received message" error=false event_type=quit message=OK monitor=serial-monitor
time="2025-08-19T12:24:23-07:00" level=info msg="Killing monitor process" monitor=serial-monitor
2025-08-19 12:24:23 2025-08-19T19:24:23.608Z daemon INFO time="2025-08-19T12:24:23-07:00" level=error msg="stopped decode loop: EOF" monitor=serial-monitor
2025-08-19 12:24:23 2025-08-19T19:24:23.608Z daemon INFO time="2025-08-19T12:24:23-07:00" level=info msg="Monitor process killed" monitor=serial-monitor
2025-08-19 12:24:23 2025-08-19T19:24:23.610Z monitor-service INFO monitor to /dev/ttyACM0 using serial closed by server
2025-08-19 12:46:40 2025-08-19T19:46:40.276Z discovery-log INFO {"eventType":"remove","port":{"matchingBoardsList":[],"port":{"address":"/dev/ttyACM0","label":"","protocol":"serial","protocolLabel":"","propertiesMap":[],"hardwareId":""}},"error":""}
2025-08-19 14:47:16 isTempSketch: false. Input was /home/aaron/projects/esp32_ble/master
2025-08-19 14:47:16 Marking workspace as a closed sketch. Workspace URI: file:///home/aaron/projects/esp32_ble/master. Date: 1755640036813.
2025-08-19 14:47:16 isTempSketch: false. Input was /home/aaron/projects/esp32_ble/master
2025-08-19 14:47:16 Marking workspace as a closed sketch. Workspace URI: file:///home/aaron/projects/esp32_ble/master. Date: 1755640036821.
2025-08-19 14:47:16 Closing channel on service path '/services/electron-window'.
2025-08-19 14:47:16 Closing channel on service path '/services/ide-updater'.
2025-08-19 14:47:16 Storing the sketch as a workspace root: </home/aaron/projects/esp32_ble/master>.
2025-08-19 14:47:16 Skipped storing sketch as workspace root. Already visited: </home/aaron/projects/esp32_ble/master>.
2025-08-19 14:47:16 Stored workspaces roots: /home/aaron/projects/esp32_ble/master
2025-08-19 14:47:16 No sketches were scheduled for deletion.
2025-08-19 14:47:16 2025-08-19T21:47:16.839Z root INFO socked closed
2025-08-19 14:47:16 2025-08-19T21:47:16.839Z root INFO closing connection for 1
2025-08-19 14:47:16 2025-08-19T21:47:16.840Z root INFO Closing channel on service path '/localization-server'.
2025-08-19 14:47:16 2025-08-19T21:47:16.840Z root INFO Closing channel on service path '/os'.
2025-08-19 14:47:16 2025-08-19T21:47:16.840Z root INFO Closing channel on service path '/services/commands'.
2025-08-19 14:47:16 2025-08-19T21:47:16.840Z root INFO Closing channel on service path '/services/keyboard'.
2025-08-19 14:47:16 2025-08-19T21:47:16.840Z root INFO Closing channel on service path '/services/logger'.
2025-08-19 14:47:16 2025-08-19T21:47:16.840Z root INFO Closing channel on service path '/services/messageService'.
2025-08-19 14:47:16 2025-08-19T21:47:16.840Z root INFO Closing channel on service path '/services/ChannelCloseService'.
2025-08-19 14:47:16 2025-08-19T21:47:16.840Z root INFO Closing channel on service path '/services/remote-filesystem'.
2025-08-19 14:47:16 2025-08-19T21:47:16.840Z root INFO Closing channel on service path '/services/envs'.
2025-08-19 14:47:16 2025-08-19T21:47:16.840Z root INFO Closing channel on service path '/services/authentication-service'.
2025-08-19 14:47:16 2025-08-19T21:47:16.840Z root INFO Closing channel on service path '/services/sketches-service'.
2025-08-19 14:47:16 2025-08-19T21:47:16.840Z root INFO Closing channel on service path '/services/config-service'.
2025-08-19 14:47:16 2025-08-19T21:47:16.840Z root INFO Closing channel on service path '/services/workspace'.
2025-08-19 14:47:16 2025-08-19T21:47:16.840Z root INFO Closing channel on service path '/services/notification-service'.
2025-08-19 14:47:16 2025-08-19T21:47:16.840Z root INFO Closing channel on service path '/services/arduino-daemon'.
2025-08-19 14:47:16 2025-08-19T21:47:16.840Z root INFO Closing channel on service path '/services/stopwatch'.
2025-08-19 14:47:16 2025-08-19T21:47:16.840Z root INFO Closing channel on service path '/services/application'.
2025-08-19 14:47:16 2025-08-19T21:47:16.840Z root INFO Closing channel on service path '/services/i18n'.
2025-08-19 14:47:16 2025-08-19T21:47:16.840Z root INFO Closing channel on service path '/services/quickInput'.
2025-08-19 14:47:16 2025-08-19T21:47:16.840Z root INFO Closing channel on service path '/services/debug'.
2025-08-19 14:47:16 2025-08-19T21:47:16.840Z root INFO Closing channel on service path '/services/shell-terminal'.
2025-08-19 14:47:16 2025-08-19T21:47:16.840Z root INFO Closing channel on service path '/services/quickPick'.
2025-08-19 14:47:16 2025-08-19T21:47:16.840Z root INFO Closing channel on service path '/services/task'.
2025-08-19 14:47:16 2025-08-19T21:47:16.840Z root INFO Closing channel on service path '/services/search'.
2025-08-19 14:47:16 2025-08-19T21:47:16.840Z root INFO Closing channel on service path '/services/hostedPlugin'.
2025-08-19 14:47:16 2025-08-19T21:47:16.840Z root INFO Closing channel on service path '/services/plugin-ext'.
2025-08-19 14:47:16 2025-08-19T21:47:16.840Z root INFO Closing channel on service path '/services/plugin-paths'.
2025-08-19 14:47:16 2025-08-19T21:47:16.840Z root INFO Closing channel on service path '/services/cli-preferences'.
2025-08-19 14:47:16 2025-08-19T21:47:16.840Z root INFO Closing channel on service path '/services/boards-service'.
2025-08-19 14:47:16 2025-08-19T21:47:16.840Z root INFO Closing channel on service path '/services/response-service'.
2025-08-19 14:47:16 2025-08-19T21:47:16.840Z root INFO Closing channel on service path '/services/file-system-ext'.
2025-08-19 14:47:16 2025-08-19T21:47:16.840Z root INFO Closing channel on service path '/services/core-service'.
2025-08-19 14:47:16 2025-08-19T21:47:16.840Z root INFO Closing channel on service path '/services/example-service'.
2025-08-19 14:47:16 2025-08-19T21:47:16.840Z root INFO Closing channel on service path '/services/library-service'.
2025-08-19 14:47:16 2025-08-19T21:47:16.840Z root INFO Closing channel on service path '/services/executable-service'.
2025-08-19 14:47:16 2025-08-19T21:47:16.840Z root INFO Closing channel on service path '/services/arduino-firmware-uploader'.
2025-08-19 14:47:16 2025-08-19T21:47:16.840Z root INFO Closing channel on service path '/services/formatter'.
2025-08-19 14:47:16 2025-08-19T21:47:16.840Z root INFO Closing channel on service path '/services/search-in-workspace'.
2025-08-19 14:47:16 2025-08-19T21:47:16.840Z root INFO Closing channel on service path '/services/request-service'.
2025-08-19 14:47:16 2025-08-19T21:47:16.840Z root INFO Closing channel on service path '/services/keyStore'.
2025-08-19 14:47:16 2025-08-19T21:47:16.840Z root INFO Closing channel on service path '/services/languagePackService'.
2025-08-19 14:47:16 2025-08-19T21:47:16.840Z root INFO Closing channel on service path '/services/monitor-manager-proxy'.
