2025-08-16 15:52:27 Arduino IDE 2.3.6
2025-08-16 15:52:27 Checking for frontend application configuration customizations. Module path: /nix/store/2d5i1bzbqbnl4rgnhk8czrw5zmqqjdzv-arduino-ide-2.3.6-extracted/resources/app/lib/backend/electron-main.js, destination 'package.json': /nix/store/2d5i1bzbqbnl4rgnhk8czrw5zmqqjdzv-arduino-ide-2.3.6-extracted/resources/app/package.json
2025-08-16 15:52:28 Setting 'theia.frontend.config.appVersion' application configuration value to: "2.3.6" (type of string)
2025-08-16 15:52:28 Setting 'theia.frontend.config.cliVersion' application configuration value to: "1.2.0" (type of string)
2025-08-16 15:52:28 Setting 'theia.frontend.config.buildDate' application configuration value to: "2025-04-09T11:24:04.835Z" (type of string)
2025-08-16 15:52:28 Frontend application configuration after modifications: {"applicationName":"Arduino IDE","defaultTheme":{"light":"arduino-theme","dark":"arduino-theme-dark"},"defaultIconTheme":"none","electron":{"windowOptions":{},"showWindowEarly":true,"splashScreenOptions":{},"uriScheme":"arduino-ide"},"defaultLocale":"","validatePreferencesSchema":false,"reloadOnReconnect":true,"uriScheme":"theia","preferences":{"window.title":"${rootName}${activeEditorShort}${appName}","files.autoSave":"afterDelay","editor.minimap.enabled":false,"editor.tabSize":2,"editor.scrollBeyondLastLine":false,"editor.quickSuggestions":{"other":false,"comments":false,"strings":false},"editor.maxTokenizationLineLength":500,"editor.bracketPairColorization.enabled":false,"breadcrumbs.enabled":false,"workbench.tree.renderIndentGuides":"none","explorer.compactFolders":false},"appVersion":"2.3.6","cliVersion":"1.2.0","buildDate":"2025-04-09T11:24:04.835Z"}
2025-08-16 15:52:28 Starting backend process. PID: 5093
2025-08-16 15:52:28 Showing main window early
2025-08-16 15:52:28 Using browser-only version of superagent in non-browser environment
2025-08-16 15:52:28 Configuration directory URI: 'file:///home/aaron/.arduinoIDE'
2025-08-16 15:52:28 Configuring to accept webviews on '^.+\.webview\..+$' hostname.
2025-08-16 15:52:28 2025-08-16T22:52:28.843Z root INFO Backend u.initialize: 38.8 ms [Finished 0.702 s after backend start]
2025-08-16 15:52:28 2025-08-16T22:52:28.846Z root INFO Backend Object.initialize: 36.6 ms [Finished 0.702 s after backend start]
2025-08-16 15:52:28 2025-08-16T22:52:28.846Z root INFO Backend a.initialize: 2.2 ms [Finished 0.702 s after backend start]
2025-08-16 15:52:28 2025-08-16T22:52:28.846Z root INFO Backend a.initialize: 1.8 ms [Finished 0.702 s after backend start]
2025-08-16 15:52:28 2025-08-16T22:52:28.846Z root INFO Backend u.initialize: 2.2 ms [Finished 0.703 s after backend start]
2025-08-16 15:52:28 2025-08-16T22:52:28.848Z root INFO Backend l.initialize: 38.5 ms [Finished 0.704 s after backend start]
2025-08-16 15:52:28 2025-08-16T22:52:28.857Z root INFO configured all backend app contributions
2025-08-16 15:52:28 2025-08-16T22:52:28.857Z root INFO Backend l.onStart: 1.5 ms [Finished 0.718 s after backend start]
2025-08-16 15:52:28 2025-08-16T22:52:28.858Z root INFO Backend d.onStart: 0.1 ms [Finished 0.718 s after backend start]
2025-08-16 15:52:28 2025-08-16T22:52:28.858Z root INFO Backend a.onStart: 0.4 ms [Finished 0.719 s after backend start]
2025-08-16 15:52:28 2025-08-16T22:52:28.858Z config INFO >>> Initializing CLI configuration...
2025-08-16 15:52:28 2025-08-16T22:52:28.858Z root INFO Backend x.onStart: 0.3 ms [Finished 0.719 s after backend start]
2025-08-16 15:52:28 2025-08-16T22:52:28.858Z config INFO Loading CLI configuration from /home/aaron/.arduinoIDE/arduino-cli.yaml...
2025-08-16 15:52:28 2025-08-16T22:52:28.859Z daemon INFO Starting daemon from /nix/store/2d5i1bzbqbnl4rgnhk8czrw5zmqqjdzv-arduino-ide-2.3.6-extracted/resources/app/lib/backend/resources/arduino-cli...
2025-08-16 15:52:28 2025-08-16T22:52:28.859Z root INFO Backend w.onStart: 0.4 ms [Finished 0.720 s after backend start]
2025-08-16 15:52:28 2025-08-16T22:52:28.859Z discovery-log INFO start
2025-08-16 15:52:28 2025-08-16T22:52:28.859Z discovery-log INFO start new deferred
2025-08-16 15:52:28 2025-08-16T22:52:28.859Z root INFO Backend v.onStart: 0.2 ms [Finished 0.720 s after backend start]
2025-08-16 15:52:28 2025-08-16T22:52:28.859Z root INFO Backend a.onStart: 0.1 ms [Finished 0.720 s after backend start]
2025-08-16 15:52:28 2025-08-16T22:52:28.863Z root INFO Theia app listening on http://127.0.0.1:44507.
2025-08-16 15:52:28 2025-08-16T22:52:28.863Z root INFO Finished starting backend application: 4.1 ms [Finished 0.724 s after backend start]
2025-08-16 15:52:28 Error: node-loader:
Error: libxkbfile.so.1: cannot open shared object file: No such file or directory
    at 95585 (/nix/store/2d5i1bzbqbnl4rgnhk8czrw5zmqqjdzv-arduino-ide-2.3.6-extracted/resources/app/lib/backend/electron-main.js:8:1529780)
    at __webpack_require__ (/nix/store/2d5i1bzbqbnl4rgnhk8czrw5zmqqjdzv-arduino-ide-2.3.6-extracted/resources/app/lib/backend/electron-main.js:8:1985382)
    at o._init (/nix/store/2d5i1bzbqbnl4rgnhk8czrw5zmqqjdzv-arduino-ide-2.3.6-extracted/resources/app/lib/backend/electron-main.js:5:1319254)
    at o.onDidChangeKeyboardLayout (/nix/store/2d5i1bzbqbnl4rgnhk8czrw5zmqqjdzv-arduino-ide-2.3.6-extracted/resources/app/lib/backend/electron-main.js:5:1319604)
    at t.onDidChangeKeyboardLayout (/nix/store/2d5i1bzbqbnl4rgnhk8czrw5zmqqjdzv-arduino-ide-2.3.6-extracted/resources/app/lib/backend/electron-main.js:5:1319982)
    at a.onStart (/nix/store/2d5i1bzbqbnl4rgnhk8czrw5zmqqjdzv-arduino-ide-2.3.6-extracted/resources/app/lib/backend/electron-main.js:2:205197)
    at A.startContributions (/nix/store/2d5i1bzbqbnl4rgnhk8czrw5zmqqjdzv-arduino-ide-2.3.6-extracted/resources/app/lib/backend/electron-main.js:8:1599586)
    at Object.handler (/nix/store/2d5i1bzbqbnl4rgnhk8czrw5zmqqjdzv-arduino-ide-2.3.6-extracted/resources/app/lib/backend/electron-main.js:2:1217714)
    at process.processTicksAndRejections (node:internal/process/task_queues:95:5)
2025-08-16 15:52:28 Restoring workspace roots: /home/aaron/projects/esp32_ble/master,/home/aaron/projects/esp32_ble/slave
2025-08-16 15:52:28 2025-08-16T22:52:28.864Z root WARN The local plugin referenced by local-dir:/home/aaron/.arduinoIDE/plugins does not exist.
2025-08-16 15:52:28 2025-08-16T22:52:28.864Z root WARN The local plugin referenced by local-dir:/home/aaron/.arduinoIDE/deployedPlugins does not exist.
2025-08-16 15:52:28 2025-08-16T22:52:28.868Z config INFO Loaded CLI configuration: {"board_manager":{"additional_urls":["https://raw.githubusercontent.com/espressif/arduino-esp32/gh-pages/package_esp32_index.json"]},"directories":{"builtin":{"libraries":"/home/aaron/.arduino15/libraries"},"data":"/home/aaron/.arduino15","user":"/home/aaron/Arduino"},"locale":"en"}
2025-08-16 15:52:28 2025-08-16T22:52:28.868Z config INFO 'directories.data' and 'directories.user' are set in the CLI configuration model.
2025-08-16 15:52:28 2025-08-16T22:52:28.868Z config INFO Loaded the CLI configuration.
2025-08-16 15:52:28 2025-08-16T22:52:28.877Z config INFO Mapped the CLI configuration: {"dataDirUri":"file:///home/aaron/.arduino15","sketchDirUri":"file:///home/aaron/Arduino","additionalUrls":["https://raw.githubusercontent.com/espressif/arduino-esp32/gh-pages/package_esp32_index.json"],"network":"none","locale":"en"}
2025-08-16 15:52:28 2025-08-16T22:52:28.877Z config INFO Validating the CLI configuration...
2025-08-16 15:52:28 2025-08-16T22:52:28.877Z config INFO The CLI config is valid.
2025-08-16 15:52:28 2025-08-16T22:52:28.878Z config INFO <<< Initialized the CLI configuration.
2025-08-16 15:52:28 isTempSketch: false. Input was /home/aaron/projects/esp32_ble/master/master.ino
2025-08-16 15:52:28 2025-08-16T22:52:28.910Z root INFO Resolve plugins list: 50.0 ms [Finished 0.771 s after backend start]
2025-08-16 15:52:28 isTempSketch: false. Input was /home/aaron/projects/esp32_ble/slave/slave.ino
2025-08-16 15:52:29 2025-08-16T22:52:29.031Z daemon INFO time="2025-08-16T15:52:29-07:00" level=info msg="arduino-cli version 1.2.0"
2025-08-16 15:52:29 2025-08-16T22:52:29.032Z daemon INFO time="2025-08-16T15:52:29-07:00" level=info msg="Using config file: /home/aaron/.arduinoIDE/arduino-cli.yaml"
time="2025-08-16T15:52:29-07:00" level=info msg="Executing `arduino-cli daemon`"
2025-08-16 15:52:29 2025-08-16T22:52:29.062Z daemon INFO Daemon is now listening on 127.0.0.1:41897
{"IP":"127.0.0.1","Port":"41897"}
2025-08-16 15:52:29 2025-08-16T22:52:29.062Z daemon INFO Daemon is running.
2025-08-16 15:52:29 2025-08-16T22:52:29.152Z daemon INFO time="2025-08-16T15:52:29-07:00" level=info msg="Checking signature" index=/home/aaron/.arduino15/package_index.json signatureFile=/home/aaron/.arduino15/package_index.json.sig trusted=true
2025-08-16 15:52:29 2025-08-16T22:52:29.166Z daemon INFO time="2025-08-16T15:52:29-07:00" level=info msg="Missing signature file" index=/home/aaron/.arduino15/package_esp32_index.json
time="2025-08-16T15:52:29-07:00" level=info msg="Loading hardware from: /home/aaron/.arduino15/packages"
time="2025-08-16T15:52:29-07:00" level=info msg="Loading package arduino from: /home/aaron/.arduino15/packages/arduino/hardware"
time="2025-08-16T15:52:29-07:00" level=info msg="Missing signature file" index=/home/aaron/.arduino15/packages/arduino/hardware/avr/1.8.6/installed.json
2025-08-16 15:52:29 2025-08-16T22:52:29.170Z daemon INFO time="2025-08-16T15:52:29-07:00" level=info msg="Adding monitor tool" protocol=serial tool="builtin:serial-monitor"
time="2025-08-16T15:52:29-07:00" level=info msg="Loaded platform" platform="arduino:avr@1.8.6"
time="2025-08-16T15:52:29-07:00" level=info msg="Checking existence of 'tools' path: /home/aaron/.arduino15/packages/arduino/tools"
time="2025-08-16T15:52:29-07:00" level=info msg="Loading tools from dir: /home/aaron/.arduino15/packages/arduino/tools"
time="2025-08-16T15:52:29-07:00" level=info msg="Loaded tool" tool="arduino:arduinoOTA@1.3.0"
time="2025-08-16T15:52:29-07:00" level=info msg="Loaded tool" tool="arduino:avr-gcc@7.3.0-atmel3.6.1-arduino7"
time="2025-08-16T15:52:29-07:00" level=info msg="Loaded tool" tool="arduino:avrdude@6.3.0-arduino17"
time="2025-08-16T15:52:29-07:00" level=info msg="Loaded tool" tool="arduino:dfu-util@0.11.0-arduino5"
time="2025-08-16T15:52:29-07:00" level=info msg="Loading package builtin from: /home/aaron/.arduino15/packages/builtin"
time="2025-08-16T15:52:29-07:00" level=info msg="Checking existence of 'tools' path: /home/aaron/.arduino15/packages/builtin/tools"
time="2025-08-16T15:52:29-07:00" level=info msg="Loading tools from dir: /home/aaron/.arduino15/packages/builtin/tools"
time="2025-08-16T15:52:29-07:00" level=info msg="Loaded tool" tool="builtin:ctags@5.8-arduino11"
time="2025-08-16T15:52:29-07:00" level=info msg="Loaded tool" tool="builtin:dfu-discovery@0.1.2"
time="2025-08-16T15:52:29-07:00" level=info msg="Loaded tool" tool="builtin:mdns-discovery@1.0.9"
time="2025-08-16T15:52:29-07:00" level=info msg="Loaded tool" tool="builtin:serial-discovery@1.4.1"
time="2025-08-16T15:52:29-07:00" level=info msg="Loaded tool" tool="builtin:serial-monitor@0.15.0"
time="2025-08-16T15:52:29-07:00" level=info msg="Loading package esp32 from: /home/aaron/.arduino15/packages/esp32/hardware"
2025-08-16 15:52:29 2025-08-16T22:52:29.176Z daemon INFO time="2025-08-16T15:52:29-07:00" level=info msg="Missing signature file" index=/home/aaron/.arduino15/packages/esp32/hardware/esp32/3.3.0/installed.json
2025-08-16 15:52:29 2025-08-16T22:52:29.402Z daemon INFO time="2025-08-16T15:52:29-07:00" level=info msg="Adding monitor tool" protocol=serial tool="builtin:serial-monitor"
time="2025-08-16T15:52:29-07:00" level=info msg="Loaded platform" platform="esp32:esp32@3.3.0"
2025-08-16 15:52:29 2025-08-16T22:52:29.403Z daemon INFO time="2025-08-16T15:52:29-07:00" level=info msg="Checking existence of 'tools' path: /home/aaron/.arduino15/packages/esp32/tools"
time="2025-08-16T15:52:29-07:00" level=info msg="Loading tools from dir: /home/aaron/.arduino15/packages/esp32/tools"
2025-08-16 15:52:29 2025-08-16T22:52:29.406Z daemon INFO time="2025-08-16T15:52:29-07:00" level=info msg="Loaded tool" tool="esp32:esp-rv32@2411"
2025-08-16 15:52:29 2025-08-16T22:52:29.407Z daemon INFO time="2025-08-16T15:52:29-07:00" level=info msg="Loaded tool" tool="esp32:esp-x32@2411"
2025-08-16 15:52:29 2025-08-16T22:52:29.407Z daemon INFO time="2025-08-16T15:52:29-07:00" level=info msg="Loaded tool" tool="esp32:esp32-arduino-libs@idf-release_v5.5-b66b5448-v1"
2025-08-16 15:52:29 2025-08-16T22:52:29.408Z daemon INFO time="2025-08-16T15:52:29-07:00" level=info msg="Loaded tool" tool="esp32:esptool_py@5.0.0"
2025-08-16 15:52:29 2025-08-16T22:52:29.408Z daemon INFO time="2025-08-16T15:52:29-07:00" level=info msg="Loaded tool" tool="esp32:mklittlefs@3.0.0-gnu12-dc7f933"
2025-08-16 15:52:29 2025-08-16T22:52:29.408Z daemon INFO time="2025-08-16T15:52:29-07:00" level=info msg="Loaded tool" tool="esp32:mkspiffs@0.2.3"
2025-08-16 15:52:29 2025-08-16T22:52:29.409Z daemon INFO time="2025-08-16T15:52:29-07:00" level=info msg="Loaded tool" tool="esp32:openocd-esp32@v0.12.0-esp32-20250422"
2025-08-16 15:52:29 2025-08-16T22:52:29.409Z daemon INFO time="2025-08-16T15:52:29-07:00" level=info msg="Loaded tool" tool="esp32:riscv32-esp-elf-gdb@16.2_20250324"
2025-08-16 15:52:29 2025-08-16T22:52:29.409Z daemon INFO time="2025-08-16T15:52:29-07:00" level=info msg="Loaded tool" tool="esp32:xtensa-esp-elf-gdb@16.2_20250324"
2025-08-16 15:52:29 2025-08-16T22:52:29.419Z daemon INFO time="2025-08-16T15:52:29-07:00" level=info msg="Adding libraries dir" dir=/home/aaron/.arduino15/packages/esp32/hardware/esp32/3.3.0/libraries isSingleLibrary=false location=platform
time="2025-08-16T15:52:29-07:00" level=info msg="Adding libraries dir" dir=/home/aaron/.arduino15/packages/arduino/hardware/avr/1.8.6/libraries isSingleLibrary=false location=platform
time="2025-08-16T15:52:29-07:00" level=info msg="Loading libraries index file" index=/home/aaron/.arduino15/library_index.json
2025-08-16 15:52:29 2025-08-16T22:52:29.779Z root INFO Deploy plugins list: 919.2 ms [Finished 1.640 s after backend start]
2025-08-16 15:52:29 2025-08-16T22:52:29.880Z daemon INFO time="2025-08-16T15:52:29-07:00" level=info msg="Adding libraries dir" dir=/home/aaron/.arduino15/libraries isSingleLibrary=false location=ide
time="2025-08-16T15:52:29-07:00" level=info msg="Adding libraries dir" dir=/home/aaron/Arduino/libraries isSingleLibrary=false location=user
2025-08-16 15:52:29 2025-08-16T22:52:29.889Z root INFO creating connection for 1
2025-08-16 15:52:29 2025-08-16T22:52:29.892Z root INFO creating connection for 2
2025-08-16 15:52:30 2025-08-16T22:52:30.129Z daemon INFO time="2025-08-16T15:52:30-07:00" level=warning msg="Error loading library" error="rpc error: code = Internal desc = loading library from /home/aaron/Arduino/libraries/SoftSerialTest: invalid library: no header files found"
2025-08-16 15:52:30 2025-08-16T22:52:30.139Z discovery-log INFO start resolved watching
2025-08-16 15:52:30 2025-08-16T22:52:30.955Z root ERROR Error: node-loader:
Error: libxkbfile.so.1: cannot open shared object file: No such file or directory
    at 95585 (/nix/store/2d5i1bzbqbnl4rgnhk8czrw5zmqqjdzv-arduino-ide-2.3.6-extracted/resources/app/lib/backend/main.js:2:6468723)
    at __webpack_require__ (/nix/store/2d5i1bzbqbnl4rgnhk8czrw5zmqqjdzv-arduino-ide-2.3.6-extracted/resources/app/lib/backend/main.js:2:7034640)
    at r._init (/nix/store/2d5i1bzbqbnl4rgnhk8czrw5zmqqjdzv-arduino-ide-2.3.6-extracted/resources/app/lib/backend/main.js:2:4537535)
    at r.getCurrentKeyboardLayout (/nix/store/2d5i1bzbqbnl4rgnhk8czrw5zmqqjdzv-arduino-ide-2.3.6-extracted/resources/app/lib/backend/main.js:2:4537734)
    at t.getCurrentKeyboardLayout (/nix/store/2d5i1bzbqbnl4rgnhk8czrw5zmqqjdzv-arduino-ide-2.3.6-extracted/resources/app/lib/backend/main.js:2:4538141)
    at s.getNativeLayoutSync (/nix/store/2d5i1bzbqbnl4rgnhk8czrw5zmqqjdzv-arduino-ide-2.3.6-extracted/resources/app/lib/backend/main.js:2:1830040)
    at s.getNativeLayout (/nix/store/2d5i1bzbqbnl4rgnhk8czrw5zmqqjdzv-arduino-ide-2.3.6-extracted/resources/app/lib/backend/main.js:2:1829981)
    at u.onRequest (/nix/store/2d5i1bzbqbnl4rgnhk8czrw5zmqqjdzv-arduino-ide-2.3.6-extracted/resources/app/lib/backend/main.js:2:4942964)
    at c.requestHandler (/nix/store/2d5i1bzbqbnl4rgnhk8czrw5zmqqjdzv-arduino-ide-2.3.6-extracted/resources/app/lib/backend/main.js:2:4942783)
    at c.handleRequest (/nix/store/2d5i1bzbqbnl4rgnhk8czrw5zmqqjdzv-arduino-ide-2.3.6-extracted/resources/app/lib/backend/main.js:2:524486)
2025-08-16 15:52:30 2025-08-16T22:52:30.955Z root ERROR TypeError: Cannot read properties of null (reading 'getKeyMap')
    at r.getKeyMap (/nix/store/2d5i1bzbqbnl4rgnhk8czrw5zmqqjdzv-arduino-ide-2.3.6-extracted/resources/app/lib/backend/main.js:2:4537620)
    at t.getKeyMap (/nix/store/2d5i1bzbqbnl4rgnhk8czrw5zmqqjdzv-arduino-ide-2.3.6-extracted/resources/app/lib/backend/main.js:2:4538201)
    at s.getNativeLayoutSync (/nix/store/2d5i1bzbqbnl4rgnhk8czrw5zmqqjdzv-arduino-ide-2.3.6-extracted/resources/app/lib/backend/main.js:2:1830077)
    at s.getNativeLayout (/nix/store/2d5i1bzbqbnl4rgnhk8czrw5zmqqjdzv-arduino-ide-2.3.6-extracted/resources/app/lib/backend/main.js:2:1829981)
    at u.onRequest (/nix/store/2d5i1bzbqbnl4rgnhk8czrw5zmqqjdzv-arduino-ide-2.3.6-extracted/resources/app/lib/backend/main.js:2:4942964)
    at c.requestHandler (/nix/store/2d5i1bzbqbnl4rgnhk8czrw5zmqqjdzv-arduino-ide-2.3.6-extracted/resources/app/lib/backend/main.js:2:4942783)
    at c.handleRequest (/nix/store/2d5i1bzbqbnl4rgnhk8czrw5zmqqjdzv-arduino-ide-2.3.6-extracted/resources/app/lib/backend/main.js:2:524486)
    at c.handleMessage (/nix/store/2d5i1bzbqbnl4rgnhk8czrw5zmqqjdzv-arduino-ide-2.3.6-extracted/resources/app/lib/backend/main.js:2:522388)
    at /nix/store/2d5i1bzbqbnl4rgnhk8czrw5zmqqjdzv-arduino-ide-2.3.6-extracted/resources/app/lib/backend/main.js:2:522022
    at /nix/store/2d5i1bzbqbnl4rgnhk8czrw5zmqqjdzv-arduino-ide-2.3.6-extracted/resources/app/lib/backend/main.js:2:6419737
2025-08-16 15:52:30 2025-08-16T22:52:30.956Z root WARN A command editor.action.toggleStickyScroll is already registered.
2025-08-16 15:52:30 2025-08-16T22:52:30.986Z sketches-service WARN Warning! The request sketch path was different than the response sketch path from the CLI. This could be a potential bug. Request: </home/aaron/projects/esp32_ble/slave/slave.ino>, response: </home/aaron/projects/esp32_ble/slave>.
2025-08-16 15:52:31 2025-08-16T22:52:31.022Z root ERROR TypeError: Cannot read properties of null (reading 'getCurrentKeyboardLayout')
    at r.getCurrentKeyboardLayout (/nix/store/2d5i1bzbqbnl4rgnhk8czrw5zmqqjdzv-arduino-ide-2.3.6-extracted/resources/app/lib/backend/main.js:2:4537759)
    at t.getCurrentKeyboardLayout (/nix/store/2d5i1bzbqbnl4rgnhk8czrw5zmqqjdzv-arduino-ide-2.3.6-extracted/resources/app/lib/backend/main.js:2:4538141)
    at s.getNativeLayoutSync (/nix/store/2d5i1bzbqbnl4rgnhk8czrw5zmqqjdzv-arduino-ide-2.3.6-extracted/resources/app/lib/backend/main.js:2:1830040)
    at s.getNativeLayout (/nix/store/2d5i1bzbqbnl4rgnhk8czrw5zmqqjdzv-arduino-ide-2.3.6-extracted/resources/app/lib/backend/main.js:2:1829981)
    at u.onRequest (/nix/store/2d5i1bzbqbnl4rgnhk8czrw5zmqqjdzv-arduino-ide-2.3.6-extracted/resources/app/lib/backend/main.js:2:4942964)
    at c.requestHandler (/nix/store/2d5i1bzbqbnl4rgnhk8czrw5zmqqjdzv-arduino-ide-2.3.6-extracted/resources/app/lib/backend/main.js:2:4942783)
    at c.handleRequest (/nix/store/2d5i1bzbqbnl4rgnhk8czrw5zmqqjdzv-arduino-ide-2.3.6-extracted/resources/app/lib/backend/main.js:2:524486)
    at c.handleMessage (/nix/store/2d5i1bzbqbnl4rgnhk8czrw5zmqqjdzv-arduino-ide-2.3.6-extracted/resources/app/lib/backend/main.js:2:522388)
    at /nix/store/2d5i1bzbqbnl4rgnhk8czrw5zmqqjdzv-arduino-ide-2.3.6-extracted/resources/app/lib/backend/main.js:2:522022
    at /nix/store/2d5i1bzbqbnl4rgnhk8czrw5zmqqjdzv-arduino-ide-2.3.6-extracted/resources/app/lib/backend/main.js:2:6419737
2025-08-16 15:52:31 2025-08-16T22:52:31.023Z root ERROR TypeError: Cannot read properties of null (reading 'getKeyMap')
    at r.getKeyMap (/nix/store/2d5i1bzbqbnl4rgnhk8czrw5zmqqjdzv-arduino-ide-2.3.6-extracted/resources/app/lib/backend/main.js:2:4537620)
    at t.getKeyMap (/nix/store/2d5i1bzbqbnl4rgnhk8czrw5zmqqjdzv-arduino-ide-2.3.6-extracted/resources/app/lib/backend/main.js:2:4538201)
    at s.getNativeLayoutSync (/nix/store/2d5i1bzbqbnl4rgnhk8czrw5zmqqjdzv-arduino-ide-2.3.6-extracted/resources/app/lib/backend/main.js:2:1830077)
    at s.getNativeLayout (/nix/store/2d5i1bzbqbnl4rgnhk8czrw5zmqqjdzv-arduino-ide-2.3.6-extracted/resources/app/lib/backend/main.js:2:1829981)
    at u.onRequest (/nix/store/2d5i1bzbqbnl4rgnhk8czrw5zmqqjdzv-arduino-ide-2.3.6-extracted/resources/app/lib/backend/main.js:2:4942964)
    at c.requestHandler (/nix/store/2d5i1bzbqbnl4rgnhk8czrw5zmqqjdzv-arduino-ide-2.3.6-extracted/resources/app/lib/backend/main.js:2:4942783)
    at c.handleRequest (/nix/store/2d5i1bzbqbnl4rgnhk8czrw5zmqqjdzv-arduino-ide-2.3.6-extracted/resources/app/lib/backend/main.js:2:524486)
    at c.handleMessage (/nix/store/2d5i1bzbqbnl4rgnhk8czrw5zmqqjdzv-arduino-ide-2.3.6-extracted/resources/app/lib/backend/main.js:2:522388)
    at /nix/store/2d5i1bzbqbnl4rgnhk8czrw5zmqqjdzv-arduino-ide-2.3.6-extracted/resources/app/lib/backend/main.js:2:522022
    at /nix/store/2d5i1bzbqbnl4rgnhk8czrw5zmqqjdzv-arduino-ide-2.3.6-extracted/resources/app/lib/backend/main.js:2:6419737
2025-08-16 15:52:31 2025-08-16T22:52:31.023Z root WARN A command editor.action.toggleStickyScroll is already registered.
2025-08-16 15:52:31 Opening channel for service path '/services/electron-window'.
2025-08-16 15:52:31 Opening channel for service path '/services/ide-updater'.
2025-08-16 15:52:31 2025-08-16T22:52:31.048Z sketches-service WARN Warning! The request sketch path was different than the response sketch path from the CLI. This could be a potential bug. Request: </home/aaron/projects/esp32_ble/master/master.ino>, response: </home/aaron/projects/esp32_ble/master>.
2025-08-16 15:52:31 Opening channel for service path '/services/electron-window'.
2025-08-16 15:52:31 Opening channel for service path '/services/ide-updater'.
2025-08-16 15:52:31 2025-08-16T22:52:31.088Z root INFO Start frontend contributions: 320.8 ms [Finished 2.135 s after frontend start]
2025-08-16 15:52:31 2025-08-16T22:52:31.088Z root INFO Changed application state from 'init' to 'started_contributions'.
2025-08-16 15:52:31 2025-08-16T22:52:31.097Z root INFO Changed application state from 'started_contributions' to 'attached_shell'.
2025-08-16 15:52:31 2025-08-16T22:52:31.098Z root INFO >>> Restoring the layout state...
2025-08-16 15:52:31 2025-08-16T22:52:31.146Z root INFO Start frontend contributions: 289.7 ms [Finished 2.234 s after frontend start]
2025-08-16 15:52:31 2025-08-16T22:52:31.146Z root INFO Changed application state from 'init' to 'started_contributions'.
2025-08-16 15:52:31 2025-08-16T22:52:31.158Z root INFO Changed application state from 'started_contributions' to 'attached_shell'.
2025-08-16 15:52:31 2025-08-16T22:52:31.159Z root INFO >>> Restoring the layout state...
2025-08-16 15:52:31 2025-08-16T22:52:31.181Z root INFO [33c831b5-3a68-40d4-aec9-7c427cd43288] Waiting for backend deployment: 105.5 ms [Finished 2.235 s after frontend start]
2025-08-16 15:52:31 2025-08-16T22:52:31.412Z root INFO [20c0e26a-4b51-4f9c-a534-068a1dc4dafe] Waiting for backend deployment: 70.8 ms [Finished 2.299 s after frontend start]
2025-08-16 15:52:31 2025-08-16T22:52:31.580Z root INFO [hosted-plugin: 5324] PLUGIN_HOST(5324) starting instance
[Object: null prototype] {}
2025-08-16 15:52:31 2025-08-16T22:52:31.580Z root INFO [hosted-plugin: 5342] PLUGIN_HOST(5342) starting instance
[Object: null prototype] {}
2025-08-16 15:52:33 2025-08-16T22:52:33.306Z root INFO [20c0e26a-4b51-4f9c-a534-068a1dc4dafe] Sync of 23 plugins: 2110.9 ms [Finished 4.410 s after frontend start]
2025-08-16 15:52:33 2025-08-16T22:52:33.332Z root INFO ------- SERIALIZED LAYOUT DATA -------
2025-08-16 15:52:33 2025-08-16T22:52:33.333Z root INFO {"version":5,"mainPanel":{"main":{"type":"tab-area","widgets":[{"constructionOptions":{"factoryId":"code-editor-opener","options":{"counter":0,"kind":"navigatable","uri":"file:///home/aaron/projects/esp32_ble/master/master.ino"}},"innerWidgetState":"{\"cursorState\":[{\"inSelectionMode\":false,\"selectionStart\":{\"lineNumber\":21,\"column\":1},\"position\":{\"lineNumber\":21,\"column\":1}}],\"viewState\":{\"scrollLeft\":0,\"firstPosition\":{\"lineNumber\":232,\"column\":1},\"firstPositionDeltaTop\":-17},\"contributionsState\":{\"editor.contrib.folding\":{\"lineCount\":286,\"provider\":\"indent\",\"foldedImports\":false},\"editor.contrib.wordHighlighter\":false}}"},{"constructionOptions":{"factoryId":"code-editor-opener","options":{"counter":1,"kind":"navigatable","uri":"file:///home/aaron/projects/esp32_ble/master/sd_read_write.h"}},"innerWidgetState":"{\"cursorState\":[{\"inSelectionMode\":false,\"selectionStart\":{\"lineNumber\":1,\"column\":1},\"position\":{\"lineNumber\":1,\"column\":1}}],\"viewState\":{\"scrollLeft\":0,\"firstPosition\":{\"lineNumber\":1,\"column\":1},\"firstPositionDeltaTop\":0},\"contributionsState\":{\"editor.contrib.folding\":{\"lineCount\":18,\"provider\":\"indent\",\"foldedImports\":false},\"editor.contrib.wordHighlighter\":false}}"},{"constructionOptions":{"factoryId":"code-editor-opener","options":{"counter":1,"kind":"navigatable","uri":"file:///home/aaron/projects/esp32_ble/master/sd_read_write.cpp"}},"innerWidgetState":"{\"cursorState\":[{\"inSelectionMode\":false,\"selectionStart\":{\"lineNumber\":1,\"column\":1},\"position\":{\"lineNumber\":1,\"column\":1}}],\"viewState\":{\"scrollLeft\":0,\"firstPosition\":{\"lineNumber\":1,\"column\":1},\"firstPositionDeltaTop\":0},\"contributionsState\":{\"editor.contrib.folding\":{\"lineCount\":154,\"provider\":\"indent\",\"foldedImports\":false},\"editor.contrib.wordHighlighter\":false}}"}],"currentIndex":0}},"mainPanelPinned":[false,false,false],"bottomPanel":{"config":{"main":{"type":"tab-area","widgets":[{"constructionOptions":{"factoryId":"outputView"},"innerWidgetState":"{\"locked\":false}"},{"constructionOptions":{"factoryId":"serial-monitor"}}],"currentIndex":1}},"pinned":[false,false],"size":290,"expanded":true},"leftPanel":{"type":"sidepanel","items":[{"widget":{"constructionOptions":{"factoryId":"arduino-sketchbook-widget"}},"rank":1,"expanded":false,"pinned":false},{"widget":{"constructionOptions":{"factoryId":"boards-list-widget"}},"rank":2,"expanded":false,"pinned":false},{"widget":{"constructionOptions":{"factoryId":"library-list-widget"}},"rank":3,"expanded":false,"pinned":false},{"widget":{"constructionOptions":{"factoryId":"debug"},"innerWidgetState":"{\"parts\":[{\"partId\":\"debug:threads:-1\",\"collapsed\":false,\"hidden\":false,\"relativeSize\":1.384,\"originalContainerId\":\"debug:view-container:-1\",\"originalContainerTitle\":{\"label\":\"debug\",\"iconClass\":\"codicon codicon-debug-alt\",\"closeable\":true},\"widget\":{\"constructionOptions\":{\"factoryId\":\"debug:threads\"},\"innerWidgetState\":\"{}\"}},{\"partId\":\"debug:frames:-1\",\"collapsed\":false,\"hidden\":false,\"relativeSize\":1.384,\"originalContainerId\":\"debug:view-container:-1\",\"originalContainerTitle\":{\"label\":\"debug\",\"iconClass\":\"codicon codicon-debug-alt\",\"closeable\":true},\"widget\":{\"constructionOptions\":{\"factoryId\":\"debug:frames\"},\"innerWidgetState\":\"{}\"}},{\"partId\":\"debug:variables:-1\",\"collapsed\":false,\"hidden\":false,\"relativeSize\":1.384,\"originalContainerId\":\"debug:view-container:-1\",\"originalContainerTitle\":{\"label\":\"debug\",\"iconClass\":\"codicon codicon-debug-alt\",\"closeable\":true},\"widget\":{\"constructionOptions\":{\"factoryId\":\"debug:variables\"},\"innerWidgetState\":\"{}\"}},{\"partId\":\"debug:watch:-1\",\"collapsed\":false,\"hidden\":false,\"relativeSize\":1.384,\"originalContainerId\":\"debug:view-container:-1\",\"originalContainerTitle\":{\"label\":\"debug\",\"iconClass\":\"codicon codicon-debug-alt\",\"closeable\":true},\"widget\":{\"constructionOptions\":{\"factoryId\":\"debug:watch\"},\"innerWidgetState\":\"{}\"}},{\"partId\":\"debug:breakpoints:-1\",\"collapsed\":false,\"hidden\":false,\"relativeSize\":1.384,\"originalContainerId\":\"debug:view-container:-1\",\"originalContainerTitle\":{\"label\":\"debug\",\"iconClass\":\"codicon codicon-debug-alt\",\"closeable\":true},\"widget\":{\"constructionOptions\":{\"factoryId\":\"debug:breakpoints\"},\"innerWidgetState\":\"{}\"}},{\"partId\":\"plugin-view:cortex-debug.peripherals\",\"collapsed\":true,\"hidden\":true,\"originalContainerId\":\"debug:view-container:-1\",\"originalContainerTitle\":{\"label\":\"debug\",\"iconClass\":\"codicon codicon-debug-alt\",\"closeable\":true},\"widget\":{\"constructionOptions\":{\"factoryId\":\"plugin-view\",\"options\":{\"id\":\"plugin-view:cortex-debug.peripherals\",\"viewId\":\"cortex-debug.peripherals\"}},\"innerWidgetState\":\"{\\\"label\\\":\\\"Cortex Peripherals\\\",\\\"widgets\\\":[],\\\"suppressUpdateViewVisibility\\\":false,\\\"currentViewContainerId\\\":\\\"debug\\\"}\"}},{\"partId\":\"plugin-view:cortex-debug.registers\",\"collapsed\":true,\"hidden\":true,\"originalContainerId\":\"debug:view-container:-1\",\"originalContainerTitle\":{\"label\":\"debug\",\"iconClass\":\"codicon codicon-debug-alt\",\"closeable\":true},\"widget\":{\"constructionOptions\":{\"factoryId\":\"plugin-view\",\"options\":{\"id\":\"plugin-view:cortex-debug.registers\",\"viewId\":\"cortex-debug.registers\"}},\"innerWidgetState\":\"{\\\"label\\\":\\\"Cortex Registers\\\",\\\"widgets\\\":[],\\\"suppressUpdateViewVisibility\\\":false,\\\"currentViewContainerId\\\":\\\"debug\\\"}\"}}],\"title\":{\"label\":\"debug\",\"iconClass\":\"codicon codicon-debug-alt\",\"closeable\":true}}"},"rank":4,"expanded":false,"pinned":false},{"widget":{"constructionOptions":{"factoryId":"search-view-container"},"innerWidgetState":"{\"parts\":[{\"partId\":\"search-in-workspace\",\"collapsed\":false,\"hidden\":false,\"originalContainerId\":\"search-view-container\",\"originalContainerTitle\":{\"label\":\"Search\",\"iconClass\":\"codicon codicon-search\",\"closeable\":true},\"widget\":{\"constructionOptions\":{\"factoryId\":\"search-in-workspace\"},\"innerWidgetState\":\"{\\\"matchCaseState\\\":{\\\"className\\\":\\\"codicon codicon-case-sensitive\\\",\\\"enabled\\\":false,\\\"title\\\":\\\"Match Case\\\"},\\\"wholeWordState\\\":{\\\"className\\\":\\\"codicon codicon-whole-word\\\",\\\"enabled\\\":false,\\\"title\\\":\\\"Match Whole Word\\\"},\\\"regExpState\\\":{\\\"className\\\":\\\"codicon codicon-regex\\\",\\\"enabled\\\":false,\\\"title\\\":\\\"Use Regular Expression\\\"},\\\"includeIgnoredState\\\":{\\\"className\\\":\\\"codicon codicon-eye\\\",\\\"enabled\\\":false,\\\"title\\\":\\\"Include Ignored Files\\\"},\\\"showSearchDetails\\\":false,\\\"searchInWorkspaceOptions\\\":{\\\"matchCase\\\":false,\\\"matchWholeWord\\\":false,\\\"useRegExp\\\":false,\\\"multiline\\\":false,\\\"includeIgnored\\\":false,\\\"include\\\":[],\\\"exclude\\\":[],\\\"maxResults\\\":2000},\\\"searchTerm\\\":\\\"\\\",\\\"replaceTerm\\\":\\\"\\\",\\\"showReplaceField\\\":false,\\\"searchHistoryState\\\":{\\\"history\\\":[],\\\"index\\\":0},\\\"replaceHistoryState\\\":{\\\"history\\\":[],\\\"index\\\":0},\\\"includeHistoryState\\\":{\\\"history\\\":[],\\\"index\\\":0},\\\"excludeHistoryState\\\":{\\\"history\\\":[],\\\"index\\\":0}}\"}}],\"title\":{\"label\":\"Search\",\"iconClass\":\"fa fa-arduino-search\",\"closeable\":true}}"},"rank":5,"expanded":false,"pinned":false}],"size":268},"rightPanel":{"type":"sidepanel","items":[]},"activeWidgetId":"serial-monitor"}
2025-08-16 15:52:33 2025-08-16T22:52:33.333Z root INFO ------- END SERIALIZED LAYOUT DATA -------
2025-08-16 15:52:33 2025-08-16T22:52:33.396Z root INFO [33c831b5-3a68-40d4-aec9-7c427cd43288] Sync of 23 plugins: 2224.4 ms [Finished 4.460 s after frontend start]
2025-08-16 15:52:33 2025-08-16T22:52:33.436Z root INFO ------- SERIALIZED LAYOUT DATA -------
2025-08-16 15:52:33 2025-08-16T22:52:33.436Z root INFO {"version":5,"mainPanel":{"main":{"type":"tab-area","widgets":[{"constructionOptions":{"factoryId":"code-editor-opener","options":{"counter":0,"kind":"navigatable","uri":"file:///home/aaron/projects/esp32_ble/slave/slave.ino"}},"innerWidgetState":"{\"cursorState\":[{\"inSelectionMode\":false,\"selectionStart\":{\"lineNumber\":42,\"column\":9},\"position\":{\"lineNumber\":42,\"column\":9}}],\"viewState\":{\"scrollLeft\":0,\"firstPosition\":{\"lineNumber\":1,\"column\":1},\"firstPositionDeltaTop\":0},\"contributionsState\":{\"editor.contrib.folding\":{\"lineCount\":295,\"provider\":\"indent\",\"foldedImports\":false},\"editor.contrib.wordHighlighter\":false}}"}],"currentIndex":0}},"mainPanelPinned":[false],"bottomPanel":{"config":{"main":{"type":"tab-area","widgets":[{"constructionOptions":{"factoryId":"outputView"},"innerWidgetState":"{\"locked\":false}"},{"constructionOptions":{"factoryId":"serial-monitor"}}],"currentIndex":0}},"pinned":[false,false],"size":191,"expanded":true},"leftPanel":{"type":"sidepanel","items":[{"widget":{"constructionOptions":{"factoryId":"arduino-sketchbook-widget"}},"rank":1,"expanded":false,"pinned":false},{"widget":{"constructionOptions":{"factoryId":"boards-list-widget"}},"rank":2,"expanded":false,"pinned":false},{"widget":{"constructionOptions":{"factoryId":"library-list-widget"}},"rank":3,"expanded":false,"pinned":false},{"widget":{"constructionOptions":{"factoryId":"debug"},"innerWidgetState":"{\"parts\":[{\"partId\":\"debug:threads:-1\",\"collapsed\":false,\"hidden\":false,\"relativeSize\":1.384,\"originalContainerId\":\"debug:view-container:-1\",\"originalContainerTitle\":{\"label\":\"debug\",\"iconClass\":\"codicon codicon-debug-alt\",\"closeable\":true},\"widget\":{\"constructionOptions\":{\"factoryId\":\"debug:threads\"},\"innerWidgetState\":\"{}\"}},{\"partId\":\"debug:frames:-1\",\"collapsed\":false,\"hidden\":false,\"relativeSize\":1.384,\"originalContainerId\":\"debug:view-container:-1\",\"originalContainerTitle\":{\"label\":\"debug\",\"iconClass\":\"codicon codicon-debug-alt\",\"closeable\":true},\"widget\":{\"constructionOptions\":{\"factoryId\":\"debug:frames\"},\"innerWidgetState\":\"{}\"}},{\"partId\":\"debug:variables:-1\",\"collapsed\":false,\"hidden\":false,\"relativeSize\":1.384,\"originalContainerId\":\"debug:view-container:-1\",\"originalContainerTitle\":{\"label\":\"debug\",\"iconClass\":\"codicon codicon-debug-alt\",\"closeable\":true},\"widget\":{\"constructionOptions\":{\"factoryId\":\"debug:variables\"},\"innerWidgetState\":\"{}\"}},{\"partId\":\"debug:watch:-1\",\"collapsed\":false,\"hidden\":false,\"relativeSize\":1.384,\"originalContainerId\":\"debug:view-container:-1\",\"originalContainerTitle\":{\"label\":\"debug\",\"iconClass\":\"codicon codicon-debug-alt\",\"closeable\":true},\"widget\":{\"constructionOptions\":{\"factoryId\":\"debug:watch\"},\"innerWidgetState\":\"{}\"}},{\"partId\":\"debug:breakpoints:-1\",\"collapsed\":false,\"hidden\":false,\"relativeSize\":1.384,\"originalContainerId\":\"debug:view-container:-1\",\"originalContainerTitle\":{\"label\":\"debug\",\"iconClass\":\"codicon codicon-debug-alt\",\"closeable\":true},\"widget\":{\"constructionOptions\":{\"factoryId\":\"debug:breakpoints\"},\"innerWidgetState\":\"{}\"}},{\"partId\":\"plugin-view:cortex-debug.peripherals\",\"collapsed\":true,\"hidden\":true,\"originalContainerId\":\"debug:view-container:-1\",\"originalContainerTitle\":{\"label\":\"debug\",\"iconClass\":\"codicon codicon-debug-alt\",\"closeable\":true},\"widget\":{\"constructionOptions\":{\"factoryId\":\"plugin-view\",\"options\":{\"id\":\"plugin-view:cortex-debug.peripherals\",\"viewId\":\"cortex-debug.peripherals\"}},\"innerWidgetState\":\"{\\\"label\\\":\\\"Cortex Peripherals\\\",\\\"widgets\\\":[],\\\"suppressUpdateViewVisibility\\\":false,\\\"currentViewContainerId\\\":\\\"debug\\\"}\"}},{\"partId\":\"plugin-view:cortex-debug.registers\",\"collapsed\":true,\"hidden\":true,\"originalContainerId\":\"debug:view-container:-1\",\"originalContainerTitle\":{\"label\":\"debug\",\"iconClass\":\"codicon codicon-debug-alt\",\"closeable\":true},\"widget\":{\"constructionOptions\":{\"factoryId\":\"plugin-view\",\"options\":{\"id\":\"plugin-view:cortex-debug.registers\",\"viewId\":\"cortex-debug.registers\"}},\"innerWidgetState\":\"{\\\"label\\\":\\\"Cortex Registers\\\",\\\"widgets\\\":[],\\\"suppressUpdateViewVisibility\\\":false,\\\"currentViewContainerId\\\":\\\"debug\\\"}\"}}],\"title\":{\"label\":\"debug\",\"iconClass\":\"codicon codicon-debug-alt\",\"closeable\":true}}"},"rank":4,"expanded":false,"pinned":false},{"widget":{"constructionOptions":{"factoryId":"search-view-container"},"innerWidgetState":"{\"parts\":[{\"partId\":\"search-in-workspace\",\"collapsed\":false,\"hidden\":false,\"originalContainerId\":\"search-view-container\",\"originalContainerTitle\":{\"label\":\"Search\",\"iconClass\":\"codicon codicon-search\",\"closeable\":true},\"widget\":{\"constructionOptions\":{\"factoryId\":\"search-in-workspace\"},\"innerWidgetState\":\"{\\\"matchCaseState\\\":{\\\"className\\\":\\\"codicon codicon-case-sensitive\\\",\\\"enabled\\\":false,\\\"title\\\":\\\"Match Case\\\"},\\\"wholeWordState\\\":{\\\"className\\\":\\\"codicon codicon-whole-word\\\",\\\"enabled\\\":false,\\\"title\\\":\\\"Match Whole Word\\\"},\\\"regExpState\\\":{\\\"className\\\":\\\"codicon codicon-regex\\\",\\\"enabled\\\":false,\\\"title\\\":\\\"Use Regular Expression\\\"},\\\"includeIgnoredState\\\":{\\\"className\\\":\\\"codicon codicon-eye\\\",\\\"enabled\\\":false,\\\"title\\\":\\\"Include Ignored Files\\\"},\\\"showSearchDetails\\\":false,\\\"searchInWorkspaceOptions\\\":{\\\"matchCase\\\":false,\\\"matchWholeWord\\\":false,\\\"useRegExp\\\":false,\\\"multiline\\\":false,\\\"includeIgnored\\\":false,\\\"include\\\":[],\\\"exclude\\\":[],\\\"maxResults\\\":2000},\\\"searchTerm\\\":\\\"\\\",\\\"replaceTerm\\\":\\\"\\\",\\\"showReplaceField\\\":false,\\\"searchHistoryState\\\":{\\\"history\\\":[],\\\"index\\\":0},\\\"replaceHistoryState\\\":{\\\"history\\\":[],\\\"index\\\":0},\\\"includeHistoryState\\\":{\\\"history\\\":[],\\\"index\\\":0},\\\"excludeHistoryState\\\":{\\\"history\\\":[],\\\"index\\\":0}}\"}}],\"title\":{\"label\":\"Search\",\"iconClass\":\"fa fa-arduino-search\",\"closeable\":true}}"},"rank":5,"expanded":false,"pinned":false}],"size":268},"rightPanel":{"type":"sidepanel","items":[]}}
2025-08-16 15:52:33 2025-08-16T22:52:33.436Z root INFO ------- END SERIALIZED LAYOUT DATA -------
2025-08-16 15:52:33 2025-08-16T22:52:33.789Z root INFO <<< The layout has been successfully restored.
2025-08-16 15:52:33 2025-08-16T22:52:33.811Z root INFO <<< The layout has been successfully restored.
2025-08-16 15:52:33 2025-08-16T22:52:33.878Z root INFO Initialize the workbench layout: 2692.2 ms [Finished 4.853 s after frontend start]
2025-08-16 15:52:33 2025-08-16T22:52:33.879Z root INFO Changed application state from 'attached_shell' to 'initialized_layout'.
2025-08-16 15:52:33 2025-08-16T22:52:33.880Z root INFO [33c831b5-3a68-40d4-aec9-7c427cd43288] Loading plugin contributions
2025-08-16 15:52:33 2025-08-16T22:52:33.880Z root INFO [33c831b5-3a68-40d4-aec9-7c427cd43288] Load contributions of 23 plugins: 85.1 ms [Finished 4.940 s after frontend start]
2025-08-16 15:52:33 2025-08-16T22:52:33.948Z root INFO Initialize the workbench layout: 2654.7 ms [Finished 4.916 s after frontend start]
2025-08-16 15:52:33 2025-08-16T22:52:33.949Z root INFO Changed application state from 'attached_shell' to 'initialized_layout'.
2025-08-16 15:52:33 2025-08-16T22:52:33.951Z root INFO [20c0e26a-4b51-4f9c-a534-068a1dc4dafe] Loading plugin contributions
2025-08-16 15:52:33 2025-08-16T22:52:33.951Z root INFO [20c0e26a-4b51-4f9c-a534-068a1dc4dafe] Load contributions of 23 plugins: 132.9 ms [Finished 5.051 s after frontend start]
2025-08-16 15:52:33 2025-08-16T22:52:33.974Z root WARN 'cpp' language is remapped from 'source.cpp.embedded.macro' to 'source.cpp' scope
2025-08-16 15:52:33 2025-08-16T22:52:33.974Z root WARN a registered grammar configuration for 'cpp' language is overridden
2025-08-16 15:52:34 2025-08-16T22:52:34.011Z root WARN 'cpp' language is remapped from 'source.cpp.embedded.macro' to 'source.cpp' scope
2025-08-16 15:52:34 2025-08-16T22:52:34.011Z root WARN a registered grammar configuration for 'cpp' language is overridden
2025-08-16 15:52:34 2025-08-16T22:52:34.145Z root ERROR [hosted-plugin: 5324] Conflict in settings file Default: Ignoring cortex-debug.armToolchainPath.linux as cortex-debug.armToolchainPath is null
2025-08-16 15:52:34 2025-08-16T22:52:34.146Z root ERROR [hosted-plugin: 5324] Conflict in settings file Default: Ignoring cortex-debug.armToolchainPath.osx as cortex-debug.armToolchainPath is null
Conflict in settings file Default: Ignoring cortex-debug.armToolchainPath.windows as cortex-debug.armToolchainPath is null
Conflict in settings file Default: Ignoring cortex-debug.JLinkGDBServerPath.linux as cortex-debug.JLinkGDBServerPath is null
Conflict in settings file Default: Ignoring cortex-debug.JLinkGDBServerPath.osx as cortex-debug.JLinkGDBServerPath is null
Conflict in settings file Default: Ignoring cortex-debug.JLinkGDBServerPath.windows as cortex-debug.JLinkGDBServerPath is null
Conflict in settings file Default: Ignoring cortex-debug.openocdPath.linux as cortex-debug.openocdPath is null
Conflict in settings file Default: Ignoring cortex-debug.openocdPath.osx as cortex-debug.openocdPath is null
2025-08-16 15:52:34 2025-08-16T22:52:34.146Z root ERROR [hosted-plugin: 5324] Conflict in settings file Default: Ignoring cortex-debug.openocdPath.windows as cortex-debug.openocdPath is null
Conflict in settings file Default: Ignoring cortex-debug.pyocdPath.linux as cortex-debug.pyocdPath is null
Conflict in settings file Default: Ignoring cortex-debug.pyocdPath.osx as cortex-debug.pyocdPath is null
Conflict in settings file Default: Ignoring cortex-debug.pyocdPath.windows as cortex-debug.pyocdPath is null
Conflict in settings file Default: Ignoring cortex-debug.PEGDBServerPath.linux as cortex-debug.PEGDBServerPath is null
Conflict in settings file Default: Ignoring cortex-debug.PEGDBServerPath.osx as cortex-debug.PEGDBServerPath is null
Conflict in settings file Default: Ignoring cortex-debug.PEGDBServerPath.windows as cortex-debug.PEGDBServerPath is null
Conflict in settings file Default: Ignoring cortex-debug.stutilPath.linux as cortex-debug.stutilPath is null
Conflict in settings file Default: Ignoring cortex-debug.stutilPath.osx as cortex-debug.stutilPath is null
Conflict in settings file Default: Ignoring cortex-debug.stutilPath.windows as cortex-debug.stutilPath is null
Conflict in settings file Default: Ignoring cortex-debug.stlinkPath.linux as cortex-debug.stlinkPath is null
Conflict in settings file Default: Ignoring cortex-debug.stlinkPath.osx as cortex-debug.stlinkPath is null
Conflict in settings file Default: Ignoring cortex-debug.stlinkPath.windows as cortex-debug.stlinkPath is null
Conflict in settings file Default: Ignoring cortex-debug.stm32cubeprogrammer.linux as cortex-debug.stm32cubeprogrammer is null
Conflict in settings file Default: Ignoring cortex-debug.stm32cubeprogrammer.osx as cortex-debug.stm32cubeprogrammer is null
Conflict in settings file Default: Ignoring cortex-debug.stm32cubeprogrammer.windows as cortex-debug.stm32cubeprogrammer is null
2025-08-16 15:52:34 2025-08-16T22:52:34.179Z root INFO [hosted-plugin: 5324] PLUGIN_HOST(5324): PluginManagerExtImpl/init()
2025-08-16 15:52:34 2025-08-16T22:52:34.182Z root INFO [hosted-plugin: 5324] PLUGIN_HOST(5324): initializing(vscode-arduino-api@0.1.2 with /nix/store/2d5i1bzbqbnl4rgnhk8czrw5zmqqjdzv-arduino-ide-2.3.6-extracted/resources/app/lib/backend/plugin-vscode-init)
2025-08-16 15:52:34 2025-08-16T22:52:34.265Z root INFO [hosted-plugin: 5324] PLUGIN_HOST(5324): initializing(json-language-features@1.88.1 with /nix/store/2d5i1bzbqbnl4rgnhk8czrw5zmqqjdzv-arduino-ide-2.3.6-extracted/resources/app/lib/backend/plugin-vscode-init)
2025-08-16 15:52:34 2025-08-16T22:52:34.285Z root INFO [hosted-plugin: 5324] PLUGIN_HOST(5324): initializing(cortex-debug@1.5.1 with /nix/store/2d5i1bzbqbnl4rgnhk8czrw5zmqqjdzv-arduino-ide-2.3.6-extracted/resources/app/lib/backend/plugin-vscode-init)
2025-08-16 15:52:34 2025-08-16T22:52:34.286Z root INFO [hosted-plugin: 5324] Debugger contribution has been registered: cortex-debug
2025-08-16 15:52:34 2025-08-16T22:52:34.288Z root INFO [hosted-plugin: 5324] PLUGIN_HOST(5324): initializing(vscode-arduino-tools@0.1.3 with /nix/store/2d5i1bzbqbnl4rgnhk8czrw5zmqqjdzv-arduino-ide-2.3.6-extracted/resources/app/lib/backend/plugin-vscode-init)
2025-08-16 15:52:34 2025-08-16T22:52:34.289Z root INFO [hosted-plugin: 5324] PLUGIN_HOST(5324): initializing(cpp@1.88.1 with /nix/store/2d5i1bzbqbnl4rgnhk8czrw5zmqqjdzv-arduino-ide-2.3.6-extracted/resources/app/lib/backend/plugin-vscode-init)
2025-08-16 15:52:34 2025-08-16T22:52:34.290Z root INFO [hosted-plugin: 5324] PLUGIN_HOST(5324): initializing(json@1.88.1 with /nix/store/2d5i1bzbqbnl4rgnhk8czrw5zmqqjdzv-arduino-ide-2.3.6-extracted/resources/app/lib/backend/plugin-vscode-init)
2025-08-16 15:52:34 2025-08-16T22:52:34.291Z root INFO [hosted-plugin: 5324] PLUGIN_HOST(5324): initializing(vscode-language-pack-bg@1.48.3 with /nix/store/2d5i1bzbqbnl4rgnhk8czrw5zmqqjdzv-arduino-ide-2.3.6-extracted/resources/app/lib/backend/plugin-vscode-init)
2025-08-16 15:52:34 2025-08-16T22:52:34.292Z root INFO [hosted-plugin: 5324] PLUGIN_HOST(5324): initializing(vscode-language-pack-cs@1.96.0 with /nix/store/2d5i1bzbqbnl4rgnhk8czrw5zmqqjdzv-arduino-ide-2.3.6-extracted/resources/app/lib/backend/plugin-vscode-init)
2025-08-16 15:52:34 2025-08-16T22:52:34.293Z root INFO [hosted-plugin: 5324] PLUGIN_HOST(5324): initializing(vscode-language-pack-de@1.96.0 with /nix/store/2d5i1bzbqbnl4rgnhk8czrw5zmqqjdzv-arduino-ide-2.3.6-extracted/resources/app/lib/backend/plugin-vscode-init)
2025-08-16 15:52:34 2025-08-16T22:52:34.294Z root INFO [hosted-plugin: 5324] PLUGIN_HOST(5324): initializing(vscode-language-pack-es@1.96.0 with /nix/store/2d5i1bzbqbnl4rgnhk8czrw5zmqqjdzv-arduino-ide-2.3.6-extracted/resources/app/lib/backend/plugin-vscode-init)
2025-08-16 15:52:34 2025-08-16T22:52:34.296Z root INFO [hosted-plugin: 5324] PLUGIN_HOST(5324): initializing(vscode-language-pack-fr@1.96.0 with /nix/store/2d5i1bzbqbnl4rgnhk8czrw5zmqqjdzv-arduino-ide-2.3.6-extracted/resources/app/lib/backend/plugin-vscode-init)
2025-08-16 15:52:34 2025-08-16T22:52:34.296Z root INFO [hosted-plugin: 5324] PLUGIN_HOST(5324): initializing(vscode-language-pack-hu@1.48.3 with /nix/store/2d5i1bzbqbnl4rgnhk8czrw5zmqqjdzv-arduino-ide-2.3.6-extracted/resources/app/lib/backend/plugin-vscode-init)
2025-08-16 15:52:34 2025-08-16T22:52:34.297Z root INFO [hosted-plugin: 5324] PLUGIN_HOST(5324): initializing(vscode-language-pack-it@1.96.0 with /nix/store/2d5i1bzbqbnl4rgnhk8czrw5zmqqjdzv-arduino-ide-2.3.6-extracted/resources/app/lib/backend/plugin-vscode-init)
2025-08-16 15:52:34 2025-08-16T22:52:34.298Z root INFO [hosted-plugin: 5324] PLUGIN_HOST(5324): initializing(vscode-language-pack-ja@1.96.0 with /nix/store/2d5i1bzbqbnl4rgnhk8czrw5zmqqjdzv-arduino-ide-2.3.6-extracted/resources/app/lib/backend/plugin-vscode-init)
2025-08-16 15:52:34 2025-08-16T22:52:34.298Z root INFO [hosted-plugin: 5324] PLUGIN_HOST(5324): initializing(vscode-language-pack-ko@1.96.0 with /nix/store/2d5i1bzbqbnl4rgnhk8czrw5zmqqjdzv-arduino-ide-2.3.6-extracted/resources/app/lib/backend/plugin-vscode-init)
2025-08-16 15:52:34 2025-08-16T22:52:34.299Z root INFO [hosted-plugin: 5324] PLUGIN_HOST(5324): initializing(vscode-language-pack-nl@1.48.3 with /nix/store/2d5i1bzbqbnl4rgnhk8czrw5zmqqjdzv-arduino-ide-2.3.6-extracted/resources/app/lib/backend/plugin-vscode-init)
2025-08-16 15:52:34 2025-08-16T22:52:34.299Z root INFO [hosted-plugin: 5324] PLUGIN_HOST(5324): initializing(vscode-language-pack-pl@1.96.0 with /nix/store/2d5i1bzbqbnl4rgnhk8czrw5zmqqjdzv-arduino-ide-2.3.6-extracted/resources/app/lib/backend/plugin-vscode-init)
2025-08-16 15:52:34 2025-08-16T22:52:34.300Z root INFO [hosted-plugin: 5324] PLUGIN_HOST(5324): initializing(vscode-language-pack-pt-BR@1.96.0 with /nix/store/2d5i1bzbqbnl4rgnhk8czrw5zmqqjdzv-arduino-ide-2.3.6-extracted/resources/app/lib/backend/plugin-vscode-init)
2025-08-16 15:52:34 2025-08-16T22:52:34.300Z root INFO [hosted-plugin: 5324] PLUGIN_HOST(5324): initializing(vscode-language-pack-ru@1.96.0 with /nix/store/2d5i1bzbqbnl4rgnhk8czrw5zmqqjdzv-arduino-ide-2.3.6-extracted/resources/app/lib/backend/plugin-vscode-init)
2025-08-16 15:52:34 2025-08-16T22:52:34.301Z root INFO [hosted-plugin: 5324] PLUGIN_HOST(5324): initializing(vscode-language-pack-tr@1.96.0 with /nix/store/2d5i1bzbqbnl4rgnhk8czrw5zmqqjdzv-arduino-ide-2.3.6-extracted/resources/app/lib/backend/plugin-vscode-init)
2025-08-16 15:52:34 2025-08-16T22:52:34.301Z root INFO [hosted-plugin: 5324] PLUGIN_HOST(5324): initializing(vscode-language-pack-uk@1.48.3 with /nix/store/2d5i1bzbqbnl4rgnhk8czrw5zmqqjdzv-arduino-ide-2.3.6-extracted/resources/app/lib/backend/plugin-vscode-init)
2025-08-16 15:52:34 2025-08-16T22:52:34.302Z root INFO [hosted-plugin: 5324] PLUGIN_HOST(5324): initializing(vscode-language-pack-zh-hans@1.96.0 with /nix/store/2d5i1bzbqbnl4rgnhk8czrw5zmqqjdzv-arduino-ide-2.3.6-extracted/resources/app/lib/backend/plugin-vscode-init)
2025-08-16 15:52:34 2025-08-16T22:52:34.302Z root INFO [hosted-plugin: 5324] PLUGIN_HOST(5324): initializing(vscode-language-pack-zh-hant@1.96.0 with /nix/store/2d5i1bzbqbnl4rgnhk8czrw5zmqqjdzv-arduino-ide-2.3.6-extracted/resources/app/lib/backend/plugin-vscode-init)
2025-08-16 15:52:34 2025-08-16T22:52:34.324Z root INFO [hosted-plugin: 5324] PLUGIN_HOST(5324): PluginManagerExtImpl/loadPlugin(/nix/store/2d5i1bzbqbnl4rgnhk8czrw5zmqqjdzv-arduino-ide-2.3.6-extracted/resources/app/plugins/vscode-builtin-json-language-features/extension/client/dist/node/jsonClientMain)
2025-08-16 15:52:34 2025-08-16T22:52:34.391Z root INFO [hosted-plugin: 5324] PLUGIN_HOST(5324): PluginManagerExtImpl/loadPlugin(/nix/store/2d5i1bzbqbnl4rgnhk8czrw5zmqqjdzv-arduino-ide-2.3.6-extracted/resources/app/plugins/vscode-arduino-tools/extension/dist/extension.js)
2025-08-16 15:52:34 2025-08-16T22:52:34.419Z root INFO [hosted-plugin: 5324] PLUGIN_HOST(5324): PluginManagerExtImpl/loadPlugin(/nix/store/2d5i1bzbqbnl4rgnhk8czrw5zmqqjdzv-arduino-ide-2.3.6-extracted/resources/app/plugins/vscode-arduino-api/extension/dist/extension.js)
2025-08-16 15:52:34 2025-08-16T22:52:34.423Z root INFO [hosted-plugin: 5324] calling activation function on VS Code Arduino Tools
2025-08-16 15:52:34 2025-08-16T22:52:34.423Z root INFO [hosted-plugin: 5324] calling activation function on Arduino IDE API for VS Code extensions
2025-08-16 15:52:34 2025-08-16T22:52:34.427Z root ERROR [hosted-plugin: 5342] Conflict in settings file Default: Ignoring cortex-debug.armToolchainPath.linux as cortex-debug.armToolchainPath is null
2025-08-16 15:52:34 2025-08-16T22:52:34.427Z root ERROR [hosted-plugin: 5342] Conflict in settings file Default: Ignoring cortex-debug.armToolchainPath.osx as cortex-debug.armToolchainPath is null
2025-08-16 15:52:34 2025-08-16T22:52:34.427Z root ERROR [hosted-plugin: 5342] Conflict in settings file Default: Ignoring cortex-debug.armToolchainPath.windows as cortex-debug.armToolchainPath is null
2025-08-16 15:52:34 2025-08-16T22:52:34.428Z root ERROR [hosted-plugin: 5342] Conflict in settings file Default: Ignoring cortex-debug.JLinkGDBServerPath.linux as cortex-debug.JLinkGDBServerPath is null
2025-08-16 15:52:34 2025-08-16T22:52:34.428Z root ERROR [hosted-plugin: 5342] Conflict in settings file Default: Ignoring cortex-debug.JLinkGDBServerPath.osx as cortex-debug.JLinkGDBServerPath is null
2025-08-16 15:52:34 2025-08-16T22:52:34.428Z root ERROR [hosted-plugin: 5342] Conflict in settings file Default: Ignoring cortex-debug.JLinkGDBServerPath.windows as cortex-debug.JLinkGDBServerPath is null
2025-08-16 15:52:34 2025-08-16T22:52:34.428Z root ERROR [hosted-plugin: 5342] Conflict in settings file Default: Ignoring cortex-debug.openocdPath.linux as cortex-debug.openocdPath is null
2025-08-16 15:52:34 2025-08-16T22:52:34.428Z root ERROR [hosted-plugin: 5342] Conflict in settings file Default: Ignoring cortex-debug.openocdPath.osx as cortex-debug.openocdPath is null
2025-08-16 15:52:34 2025-08-16T22:52:34.428Z root ERROR [hosted-plugin: 5342] Conflict in settings file Default: Ignoring cortex-debug.openocdPath.windows as cortex-debug.openocdPath is null
2025-08-16 15:52:34 2025-08-16T22:52:34.428Z root ERROR [hosted-plugin: 5342] Conflict in settings file Default: Ignoring cortex-debug.pyocdPath.linux as cortex-debug.pyocdPath is null
Conflict in settings file Default: Ignoring cortex-debug.pyocdPath.osx as cortex-debug.pyocdPath is null
2025-08-16 15:52:34 2025-08-16T22:52:34.429Z root ERROR [hosted-plugin: 5342] Conflict in settings file Default: Ignoring cortex-debug.pyocdPath.windows as cortex-debug.pyocdPath is null
2025-08-16 15:52:34 2025-08-16T22:52:34.429Z root ERROR [hosted-plugin: 5342] Conflict in settings file Default: Ignoring cortex-debug.PEGDBServerPath.linux as cortex-debug.PEGDBServerPath is null
Conflict in settings file Default: Ignoring cortex-debug.PEGDBServerPath.osx as cortex-debug.PEGDBServerPath is null
2025-08-16 15:52:34 2025-08-16T22:52:34.429Z root ERROR [hosted-plugin: 5342] Conflict in settings file Default: Ignoring cortex-debug.PEGDBServerPath.windows as cortex-debug.PEGDBServerPath is null
2025-08-16 15:52:34 2025-08-16T22:52:34.429Z root ERROR [hosted-plugin: 5342] Conflict in settings file Default: Ignoring cortex-debug.stutilPath.linux as cortex-debug.stutilPath is null
Conflict in settings file Default: Ignoring cortex-debug.stutilPath.osx as cortex-debug.stutilPath is null
2025-08-16 15:52:34 2025-08-16T22:52:34.429Z root ERROR [hosted-plugin: 5342] Conflict in settings file Default: Ignoring cortex-debug.stutilPath.windows as cortex-debug.stutilPath is null
2025-08-16 15:52:34 2025-08-16T22:52:34.429Z root ERROR [hosted-plugin: 5342] Conflict in settings file Default: Ignoring cortex-debug.stlinkPath.linux as cortex-debug.stlinkPath is null
2025-08-16 15:52:34 2025-08-16T22:52:34.429Z root ERROR [hosted-plugin: 5342] Conflict in settings file Default: Ignoring cortex-debug.stlinkPath.osx as cortex-debug.stlinkPath is null
Conflict in settings file Default: Ignoring cortex-debug.stlinkPath.windows as cortex-debug.stlinkPath is null
2025-08-16 15:52:34 2025-08-16T22:52:34.429Z root ERROR [hosted-plugin: 5342] Conflict in settings file Default: Ignoring cortex-debug.stm32cubeprogrammer.linux as cortex-debug.stm32cubeprogrammer is null
2025-08-16 15:52:34 2025-08-16T22:52:34.429Z root ERROR [hosted-plugin: 5342] Conflict in settings file Default: Ignoring cortex-debug.stm32cubeprogrammer.osx as cortex-debug.stm32cubeprogrammer is null
Conflict in settings file Default: Ignoring cortex-debug.stm32cubeprogrammer.windows as cortex-debug.stm32cubeprogrammer is null
2025-08-16 15:52:34 2025-08-16T22:52:34.439Z root INFO [33c831b5-3a68-40d4-aec9-7c427cd43288] Starting plugins.
2025-08-16 15:52:34 2025-08-16T22:52:34.447Z root INFO [hosted-plugin: 5342] PLUGIN_HOST(5342): PluginManagerExtImpl/init()
2025-08-16 15:52:34 2025-08-16T22:52:34.451Z root INFO [hosted-plugin: 5342] PLUGIN_HOST(5342): initializing(vscode-arduino-api@0.1.2 with /nix/store/2d5i1bzbqbnl4rgnhk8czrw5zmqqjdzv-arduino-ide-2.3.6-extracted/resources/app/lib/backend/plugin-vscode-init)
2025-08-16 15:52:34 2025-08-16T22:52:34.487Z root INFO [hosted-plugin: 5324] PLUGIN_HOST(5324): PluginManagerExtImpl/loadPlugin(/nix/store/2d5i1bzbqbnl4rgnhk8czrw5zmqqjdzv-arduino-ide-2.3.6-extracted/resources/app/plugins/cortex-debug/extension/dist/extension.js)
2025-08-16 15:52:34 2025-08-16T22:52:34.528Z root INFO [hosted-plugin: 5324] Debug configuration provider has been registered: cortex-debug, trigger: 1
2025-08-16 15:52:34 2025-08-16T22:52:34.528Z root INFO [hosted-plugin: 5324] calling activation function on Cortex-Debug
2025-08-16 15:52:34 2025-08-16T22:52:34.531Z root INFO [hosted-plugin: 5324] GDB server console created
2025-08-16 15:52:34 2025-08-16T22:52:34.533Z root INFO [hosted-plugin: 5342] PLUGIN_HOST(5342): initializing(json-language-features@1.88.1 with /nix/store/2d5i1bzbqbnl4rgnhk8czrw5zmqqjdzv-arduino-ide-2.3.6-extracted/resources/app/lib/backend/plugin-vscode-init)
2025-08-16 15:52:34 2025-08-16T22:52:34.536Z root INFO [hosted-plugin: 5342] PLUGIN_HOST(5342): initializing(cortex-debug@1.5.1 with /nix/store/2d5i1bzbqbnl4rgnhk8czrw5zmqqjdzv-arduino-ide-2.3.6-extracted/resources/app/lib/backend/plugin-vscode-init)
2025-08-16 15:52:34 2025-08-16T22:52:34.537Z root INFO [hosted-plugin: 5342] Debugger contribution has been registered: cortex-debug
2025-08-16 15:52:34 2025-08-16T22:52:34.538Z root INFO [hosted-plugin: 5342] PLUGIN_HOST(5342): initializing(vscode-arduino-tools@0.1.3 with /nix/store/2d5i1bzbqbnl4rgnhk8czrw5zmqqjdzv-arduino-ide-2.3.6-extracted/resources/app/lib/backend/plugin-vscode-init)
2025-08-16 15:52:34 2025-08-16T22:52:34.540Z root INFO [hosted-plugin: 5342] PLUGIN_HOST(5342): initializing(cpp@1.88.1 with /nix/store/2d5i1bzbqbnl4rgnhk8czrw5zmqqjdzv-arduino-ide-2.3.6-extracted/resources/app/lib/backend/plugin-vscode-init)
2025-08-16 15:52:34 2025-08-16T22:52:34.543Z root INFO [hosted-plugin: 5342] PLUGIN_HOST(5342): initializing(json@1.88.1 with /nix/store/2d5i1bzbqbnl4rgnhk8czrw5zmqqjdzv-arduino-ide-2.3.6-extracted/resources/app/lib/backend/plugin-vscode-init)
2025-08-16 15:52:34 2025-08-16T22:52:34.544Z root INFO [33c831b5-3a68-40d4-aec9-7c427cd43288] Start of 23 plugins: 662.8 ms [Finished 5.607 s after frontend start]
2025-08-16 15:52:34 2025-08-16T22:52:34.546Z root INFO [hosted-plugin: 5342] PLUGIN_HOST(5342): initializing(vscode-language-pack-bg@1.48.3 with /nix/store/2d5i1bzbqbnl4rgnhk8czrw5zmqqjdzv-arduino-ide-2.3.6-extracted/resources/app/lib/backend/plugin-vscode-init)
2025-08-16 15:52:34 2025-08-16T22:52:34.547Z root INFO [hosted-plugin: 5342] PLUGIN_HOST(5342): initializing(vscode-language-pack-cs@1.96.0 with /nix/store/2d5i1bzbqbnl4rgnhk8czrw5zmqqjdzv-arduino-ide-2.3.6-extracted/resources/app/lib/backend/plugin-vscode-init)
2025-08-16 15:52:34 2025-08-16T22:52:34.548Z root INFO [hosted-plugin: 5342] PLUGIN_HOST(5342): initializing(vscode-language-pack-de@1.96.0 with /nix/store/2d5i1bzbqbnl4rgnhk8czrw5zmqqjdzv-arduino-ide-2.3.6-extracted/resources/app/lib/backend/plugin-vscode-init)
2025-08-16 15:52:34 2025-08-16T22:52:34.549Z root INFO [hosted-plugin: 5342] PLUGIN_HOST(5342): initializing(vscode-language-pack-es@1.96.0 with /nix/store/2d5i1bzbqbnl4rgnhk8czrw5zmqqjdzv-arduino-ide-2.3.6-extracted/resources/app/lib/backend/plugin-vscode-init)
2025-08-16 15:52:34 2025-08-16T22:52:34.550Z root INFO [hosted-plugin: 5342] PLUGIN_HOST(5342): initializing(vscode-language-pack-fr@1.96.0 with /nix/store/2d5i1bzbqbnl4rgnhk8czrw5zmqqjdzv-arduino-ide-2.3.6-extracted/resources/app/lib/backend/plugin-vscode-init)
2025-08-16 15:52:34 2025-08-16T22:52:34.551Z root INFO [hosted-plugin: 5342] PLUGIN_HOST(5342): initializing(vscode-language-pack-hu@1.48.3 with /nix/store/2d5i1bzbqbnl4rgnhk8czrw5zmqqjdzv-arduino-ide-2.3.6-extracted/resources/app/lib/backend/plugin-vscode-init)
PLUGIN_HOST(5342): initializing(vscode-language-pack-it@1.96.0 with /nix/store/2d5i1bzbqbnl4rgnhk8czrw5zmqqjdzv-arduino-ide-2.3.6-extracted/resources/app/lib/backend/plugin-vscode-init)
2025-08-16 15:52:34 2025-08-16T22:52:34.552Z root INFO [hosted-plugin: 5342] PLUGIN_HOST(5342): initializing(vscode-language-pack-ja@1.96.0 with /nix/store/2d5i1bzbqbnl4rgnhk8czrw5zmqqjdzv-arduino-ide-2.3.6-extracted/resources/app/lib/backend/plugin-vscode-init)
2025-08-16 15:52:34 2025-08-16T22:52:34.552Z root INFO [hosted-plugin: 5342] PLUGIN_HOST(5342): initializing(vscode-language-pack-ko@1.96.0 with /nix/store/2d5i1bzbqbnl4rgnhk8czrw5zmqqjdzv-arduino-ide-2.3.6-extracted/resources/app/lib/backend/plugin-vscode-init)
2025-08-16 15:52:34 2025-08-16T22:52:34.553Z root INFO [hosted-plugin: 5342] PLUGIN_HOST(5342): initializing(vscode-language-pack-nl@1.48.3 with /nix/store/2d5i1bzbqbnl4rgnhk8czrw5zmqqjdzv-arduino-ide-2.3.6-extracted/resources/app/lib/backend/plugin-vscode-init)
2025-08-16 15:52:34 2025-08-16T22:52:34.553Z root INFO [hosted-plugin: 5342] PLUGIN_HOST(5342): initializing(vscode-language-pack-pl@1.96.0 with /nix/store/2d5i1bzbqbnl4rgnhk8czrw5zmqqjdzv-arduino-ide-2.3.6-extracted/resources/app/lib/backend/plugin-vscode-init)
2025-08-16 15:52:34 2025-08-16T22:52:34.553Z root INFO [hosted-plugin: 5342] PLUGIN_HOST(5342): initializing(vscode-language-pack-pt-BR@1.96.0 with /nix/store/2d5i1bzbqbnl4rgnhk8czrw5zmqqjdzv-arduino-ide-2.3.6-extracted/resources/app/lib/backend/plugin-vscode-init)
2025-08-16 15:52:34 2025-08-16T22:52:34.554Z root INFO [hosted-plugin: 5342] PLUGIN_HOST(5342): initializing(vscode-language-pack-ru@1.96.0 with /nix/store/2d5i1bzbqbnl4rgnhk8czrw5zmqqjdzv-arduino-ide-2.3.6-extracted/resources/app/lib/backend/plugin-vscode-init)
2025-08-16 15:52:34 2025-08-16T22:52:34.554Z root INFO [hosted-plugin: 5342] PLUGIN_HOST(5342): initializing(vscode-language-pack-tr@1.96.0 with /nix/store/2d5i1bzbqbnl4rgnhk8czrw5zmqqjdzv-arduino-ide-2.3.6-extracted/resources/app/lib/backend/plugin-vscode-init)
2025-08-16 15:52:34 2025-08-16T22:52:34.554Z root INFO [hosted-plugin: 5342] PLUGIN_HOST(5342): initializing(vscode-language-pack-uk@1.48.3 with /nix/store/2d5i1bzbqbnl4rgnhk8czrw5zmqqjdzv-arduino-ide-2.3.6-extracted/resources/app/lib/backend/plugin-vscode-init)
2025-08-16 15:52:34 2025-08-16T22:52:34.555Z root INFO [hosted-plugin: 5342] PLUGIN_HOST(5342): initializing(vscode-language-pack-zh-hans@1.96.0 with /nix/store/2d5i1bzbqbnl4rgnhk8czrw5zmqqjdzv-arduino-ide-2.3.6-extracted/resources/app/lib/backend/plugin-vscode-init)
2025-08-16 15:52:34 2025-08-16T22:52:34.555Z root INFO [hosted-plugin: 5342] PLUGIN_HOST(5342): initializing(vscode-language-pack-zh-hant@1.96.0 with /nix/store/2d5i1bzbqbnl4rgnhk8czrw5zmqqjdzv-arduino-ide-2.3.6-extracted/resources/app/lib/backend/plugin-vscode-init)
2025-08-16 15:52:34 2025-08-16T22:52:34.560Z root INFO [hosted-plugin: 5342] PLUGIN_HOST(5342): PluginManagerExtImpl/loadPlugin(/nix/store/2d5i1bzbqbnl4rgnhk8czrw5zmqqjdzv-arduino-ide-2.3.6-extracted/resources/app/plugins/vscode-builtin-json-language-features/extension/client/dist/node/jsonClientMain)
2025-08-16 15:52:34 2025-08-16T22:52:34.620Z root INFO [hosted-plugin: 5342] PLUGIN_HOST(5342): PluginManagerExtImpl/loadPlugin(/nix/store/2d5i1bzbqbnl4rgnhk8czrw5zmqqjdzv-arduino-ide-2.3.6-extracted/resources/app/plugins/vscode-arduino-tools/extension/dist/extension.js)
2025-08-16 15:52:34 2025-08-16T22:52:34.649Z root INFO [hosted-plugin: 5342] PLUGIN_HOST(5342): PluginManagerExtImpl/loadPlugin(/nix/store/2d5i1bzbqbnl4rgnhk8czrw5zmqqjdzv-arduino-ide-2.3.6-extracted/resources/app/plugins/vscode-arduino-api/extension/dist/extension.js)
2025-08-16 15:52:34 2025-08-16T22:52:34.653Z root INFO [hosted-plugin: 5342] calling activation function on VS Code Arduino Tools
calling activation function on Arduino IDE API for VS Code extensions
2025-08-16 15:52:34 2025-08-16T22:52:34.660Z root INFO [20c0e26a-4b51-4f9c-a534-068a1dc4dafe] Starting plugins.
2025-08-16 15:52:34 2025-08-16T22:52:34.668Z root INFO [hosted-plugin: 5324] calling activation function on JSON Language Features (built-in)
2025-08-16 15:52:34 2025-08-16T22:52:34.700Z root INFO [hosted-plugin: 5342] PLUGIN_HOST(5342): PluginManagerExtImpl/loadPlugin(/nix/store/2d5i1bzbqbnl4rgnhk8czrw5zmqqjdzv-arduino-ide-2.3.6-extracted/resources/app/plugins/cortex-debug/extension/dist/extension.js)
2025-08-16 15:52:34 2025-08-16T22:52:34.737Z root INFO [hosted-plugin: 5342] Debug configuration provider has been registered: cortex-debug, trigger: 1
2025-08-16 15:52:34 2025-08-16T22:52:34.737Z root INFO [hosted-plugin: 5342] calling activation function on Cortex-Debug
2025-08-16 15:52:34 2025-08-16T22:52:34.740Z root INFO [hosted-plugin: 5342] GDB server console created
2025-08-16 15:52:34 2025-08-16T22:52:34.747Z root INFO [20c0e26a-4b51-4f9c-a534-068a1dc4dafe] Start of 23 plugins: 795.9 ms [Finished 5.851 s after frontend start]
2025-08-16 15:52:34 2025-08-16T22:52:34.904Z root INFO [hosted-plugin: 5342] calling activation function on JSON Language Features (built-in)
2025-08-16 15:52:34 2025-08-16T22:52:34.940Z root INFO Frontend application start: 4037.5 ms [Finished 6.801 s after backend start]
2025-08-16 15:52:34 Checking for update
2025-08-16 15:52:34 2025-08-16T22:52:34.998Z root INFO Replace loading indicator with ready workbench UI (animation): 838.9 ms [Finished 5.782 s after frontend start]
2025-08-16 15:52:35 2025-08-16T22:52:35.002Z root INFO Changed application state from 'initialized_layout' to 'ready'.
2025-08-16 15:52:35 2025-08-16T22:52:35.002Z root WARN Linked preference "workbench.colorCustomizations" not found.
2025-08-16 15:52:35 2025-08-16T22:52:35.020Z root INFO Replace loading indicator with ready workbench UI (animation): 842.1 ms [Finished 5.897 s after frontend start]
2025-08-16 15:52:35 2025-08-16T22:52:35.020Z root INFO Changed application state from 'initialized_layout' to 'ready'.
2025-08-16 15:52:35 2025-08-16T22:52:35.020Z root WARN Linked preference "workbench.colorCustomizations" not found.
2025-08-16 15:52:35 2025-08-16T22:52:35.022Z root INFO Frontend application start: 4030.6 ms [Finished 6.865 s after backend start]
2025-08-16 15:52:35 2025-08-16T22:52:35.155Z daemon INFO time="2025-08-16T15:52:35-07:00" level=info msg="Updating index" url="https://downloads.arduino.cc/packages/package_index.tar.bz2"
time="2025-08-16T15:52:35-07:00" level=info msg="Starting download" url="https://downloads.arduino.cc/libraries/library_index.tar.bz2"
time="2025-08-16T15:52:35-07:00" level=info msg="Starting download" url="https://downloads.arduino.cc/packages/package_index.tar.bz2"
2025-08-16 15:52:35 2025-08-16T22:52:35.164Z root INFO core-client-provider [library-index] Downloading index: library_index.tar.bz2

2025-08-16 15:52:35 2025-08-16T22:52:35.165Z root INFO core-client-provider [platform-index] Downloading index: package_index.tar.bz2

2025-08-16 15:52:35 2025-08-16T22:52:35.271Z root INFO Starting language server: esp32:esp32:XIAO_ESP32C3:UploadSpeed=921600,CDCOnBoot=default,CPUFreq=160,FlashFreq=80,FlashMode=qio,FlashSize=4M,PartitionScheme=default,DebugLevel=none,EraseFlash=none
2025-08-16 15:52:35 2025-08-16T22:52:35.273Z daemon INFO time="2025-08-16T15:52:35-07:00" level=info msg="Tool required for debug" tool="arduino:dfu-util@0.11.0-arduino5"
time="2025-08-16T15:52:35-07:00" level=info msg="Tool required for debug" tool="esp32:esp-rv32@2411"
time="2025-08-16T15:52:35-07:00" level=info msg="Tool required for debug" tool="esp32:esp-x32@2411"
time="2025-08-16T15:52:35-07:00" level=info msg="Tool required for debug" tool="esp32:esp32-arduino-libs@idf-release_v5.5-b66b5448-v1"
time="2025-08-16T15:52:35-07:00" level=info msg="Tool required for debug" tool="esp32:esptool_py@5.0.0"
time="2025-08-16T15:52:35-07:00" level=info msg="Tool required for debug" tool="esp32:mklittlefs@3.0.0-gnu12-dc7f933"
time="2025-08-16T15:52:35-07:00" level=info msg="Tool required for debug" tool="esp32:mkspiffs@0.2.3"
time="2025-08-16T15:52:35-07:00" level=info msg="Tool required for debug" tool="esp32:openocd-esp32@v0.12.0-esp32-20250422"
2025-08-16 15:52:35 2025-08-16T22:52:35.273Z daemon INFO time="2025-08-16T15:52:35-07:00" level=info msg="Tool required for debug" tool="esp32:riscv32-esp-elf-gdb@16.2_20250324"
time="2025-08-16T15:52:35-07:00" level=info msg="Tool required for debug" tool="esp32:xtensa-esp-elf-gdb@16.2_20250324"
time="2025-08-16T15:52:35-07:00" level=info msg="Tool required for debug" tool="builtin:serial-discovery@1.4.1"
time="2025-08-16T15:52:35-07:00" level=info msg="Tool required for debug" tool="builtin:ctags@5.8-arduino11"
time="2025-08-16T15:52:35-07:00" level=info msg="Tool required for debug" tool="builtin:mdns-discovery@1.0.9"
time="2025-08-16T15:52:35-07:00" level=info msg="Tool required for debug" tool="arduino:arduinoOTA@1.3.0"
time="2025-08-16T15:52:35-07:00" level=info msg="Tool required for debug" tool="builtin:serial-monitor@0.15.0"
time="2025-08-16T15:52:35-07:00" level=info msg="Tool required for debug" tool="builtin:dfu-discovery@0.1.2"
2025-08-16 15:52:35 2025-08-16T22:52:35.273Z daemon INFO time="2025-08-16T15:52:35-07:00" level=info msg="Tool required for debug" tool="arduino:avr-gcc@7.3.0-atmel3.6.1-arduino7"
time="2025-08-16T15:52:35-07:00" level=info msg="Tool required for debug" tool="arduino:avrdude@6.3.0-arduino17"
2025-08-16 15:52:35 2025-08-16T22:52:35.279Z daemon INFO time="2025-08-16T15:52:35-07:00" level=info msg="Tool required for debug" tool="arduino:dfu-util@0.11.0-arduino5"
time="2025-08-16T15:52:35-07:00" level=info msg="Tool required for debug" tool="esp32:esp-rv32@2411"
2025-08-16 15:52:35 2025-08-16T22:52:35.279Z daemon INFO time="2025-08-16T15:52:35-07:00" level=info msg="Tool required for debug" tool="esp32:esp-x32@2411"
time="2025-08-16T15:52:35-07:00" level=info msg="Tool required for debug" tool="esp32:esp32-arduino-libs@idf-release_v5.5-b66b5448-v1"
time="2025-08-16T15:52:35-07:00" level=info msg="Tool required for debug" tool="esp32:esptool_py@5.0.0"
time="2025-08-16T15:52:35-07:00" level=info msg="Tool required for debug" tool="esp32:mklittlefs@3.0.0-gnu12-dc7f933"
2025-08-16 15:52:35 2025-08-16T22:52:35.279Z daemon INFO time="2025-08-16T15:52:35-07:00" level=info msg="Tool required for debug" tool="esp32:mkspiffs@0.2.3"
time="2025-08-16T15:52:35-07:00" level=info msg="Tool required for debug" tool="esp32:openocd-esp32@v0.12.0-esp32-20250422"
time="2025-08-16T15:52:35-07:00" level=info msg="Tool required for debug" tool="esp32:riscv32-esp-elf-gdb@16.2_20250324"
time="2025-08-16T15:52:35-07:00" level=info msg="Tool required for debug" tool="esp32:xtensa-esp-elf-gdb@16.2_20250324"
time="2025-08-16T15:52:35-07:00" level=info msg="Tool required for debug" tool="builtin:serial-monitor@0.15.0"
time="2025-08-16T15:52:35-07:00" level=info msg="Tool required for debug" tool="builtin:mdns-discovery@1.0.9"
time="2025-08-16T15:52:35-07:00" level=info msg="Tool required for debug" tool="arduino:avrdude@6.3.0-arduino17"
time="2025-08-16T15:52:35-07:00" level=info msg="Tool required for debug" tool="arduino:avr-gcc@7.3.0-atmel3.6.1-arduino7"
time="2025-08-16T15:52:35-07:00" level=info msg="Tool required for debug" tool="arduino:arduinoOTA@1.3.0"
time="2025-08-16T15:52:35-07:00" level=info msg="Tool required for debug" tool="builtin:dfu-discovery@0.1.2"
2025-08-16 15:52:35 2025-08-16T22:52:35.279Z daemon INFO time="2025-08-16T15:52:35-07:00" level=info msg="Tool required for debug" tool="builtin:serial-discovery@1.4.1"
time="2025-08-16T15:52:35-07:00" level=info msg="Tool required for debug" tool="builtin:ctags@5.8-arduino11"
2025-08-16 15:52:35 2025-08-16T22:52:35.284Z daemon INFO time="2025-08-16T15:52:35-07:00" level=info msg="Tool required for debug" tool="arduino:dfu-util@0.11.0-arduino5"
time="2025-08-16T15:52:35-07:00" level=info msg="Tool required for debug" tool="esp32:esp-rv32@2411"
time="2025-08-16T15:52:35-07:00" level=info msg="Tool required for debug" tool="esp32:esp-x32@2411"
time="2025-08-16T15:52:35-07:00" level=info msg="Tool required for debug" tool="esp32:esp32-arduino-libs@idf-release_v5.5-b66b5448-v1"
2025-08-16 15:52:35 2025-08-16T22:52:35.284Z daemon INFO time="2025-08-16T15:52:35-07:00" level=info msg="Tool required for debug" tool="esp32:esptool_py@5.0.0"
time="2025-08-16T15:52:35-07:00" level=info msg="Tool required for debug" tool="esp32:mklittlefs@3.0.0-gnu12-dc7f933"
time="2025-08-16T15:52:35-07:00" level=info msg="Tool required for debug" tool="esp32:mkspiffs@0.2.3"
time="2025-08-16T15:52:35-07:00" level=info msg="Tool required for debug" tool="esp32:openocd-esp32@v0.12.0-esp32-20250422"
time="2025-08-16T15:52:35-07:00" level=info msg="Tool required for debug" tool="esp32:riscv32-esp-elf-gdb@16.2_20250324"
2025-08-16 15:52:35 2025-08-16T22:52:35.285Z daemon INFO time="2025-08-16T15:52:35-07:00" level=info msg="Tool required for debug" tool="esp32:xtensa-esp-elf-gdb@16.2_20250324"
time="2025-08-16T15:52:35-07:00" level=info msg="Tool required for debug" tool="builtin:serial-discovery@1.4.1"
time="2025-08-16T15:52:35-07:00" level=info msg="Tool required for debug" tool="builtin:serial-monitor@0.15.0"
time="2025-08-16T15:52:35-07:00" level=info msg="Tool required for debug" tool="arduino:avr-gcc@7.3.0-atmel3.6.1-arduino7"
time="2025-08-16T15:52:35-07:00" level=info msg="Tool required for debug" tool="arduino:arduinoOTA@1.3.0"
time="2025-08-16T15:52:35-07:00" level=info msg="Tool required for debug" tool="builtin:ctags@5.8-arduino11"
time="2025-08-16T15:52:35-07:00" level=info msg="Tool required for debug" tool="builtin:dfu-discovery@0.1.2"
time="2025-08-16T15:52:35-07:00" level=info msg="Tool required for debug" tool="builtin:mdns-discovery@1.0.9"
time="2025-08-16T15:52:35-07:00" level=info msg="Tool required for debug" tool="arduino:avrdude@6.3.0-arduino17"
2025-08-16 15:52:35 2025-08-16T22:52:35.289Z daemon INFO time="2025-08-16T15:52:35-07:00" level=info msg="Tool required for debug" tool="arduino:dfu-util@0.11.0-arduino5"
time="2025-08-16T15:52:35-07:00" level=info msg="Tool required for debug" tool="esp32:esp-rv32@2411"
time="2025-08-16T15:52:35-07:00" level=info msg="Tool required for debug" tool="esp32:esp-x32@2411"
time="2025-08-16T15:52:35-07:00" level=info msg="Tool required for debug" tool="esp32:esp32-arduino-libs@idf-release_v5.5-b66b5448-v1"
time="2025-08-16T15:52:35-07:00" level=info msg="Tool required for debug" tool="esp32:esptool_py@5.0.0"
time="2025-08-16T15:52:35-07:00" level=info msg="Tool required for debug" tool="esp32:mklittlefs@3.0.0-gnu12-dc7f933"
time="2025-08-16T15:52:35-07:00" level=info msg="Tool required for debug" tool="esp32:mkspiffs@0.2.3"
time="2025-08-16T15:52:35-07:00" level=info msg="Tool required for debug" tool="esp32:openocd-esp32@v0.12.0-esp32-20250422"
time="2025-08-16T15:52:35-07:00" level=info msg="Tool required for debug" tool="esp32:riscv32-esp-elf-gdb@16.2_20250324"
time="2025-08-16T15:52:35-07:00" level=info msg="Tool required for debug" tool="esp32:xtensa-esp-elf-gdb@16.2_20250324"
time="2025-08-16T15:52:35-07:00" level=info msg="Tool required for debug" tool="builtin:ctags@5.8-arduino11"
time="2025-08-16T15:52:35-07:00" level=info msg="Tool required for debug" tool="arduino:arduinoOTA@1.3.0"
time="2025-08-16T15:52:35-07:00" level=info msg="Tool required for debug" tool="builtin:mdns-discovery@1.0.9"
time="2025-08-16T15:52:35-07:00" level=info msg="Tool required for debug" tool="builtin:serial-discovery@1.4.1"
2025-08-16 15:52:35 2025-08-16T22:52:35.289Z daemon INFO time="2025-08-16T15:52:35-07:00" level=info msg="Tool required for debug" tool="builtin:dfu-discovery@0.1.2"
time="2025-08-16T15:52:35-07:00" level=info msg="Tool required for debug" tool="builtin:serial-monitor@0.15.0"
time="2025-08-16T15:52:35-07:00" level=info msg="Tool required for debug" tool="arduino:avrdude@6.3.0-arduino17"
time="2025-08-16T15:52:35-07:00" level=info msg="Tool required for debug" tool="arduino:avr-gcc@7.3.0-atmel3.6.1-arduino7"
2025-08-16 15:52:35 2025-08-16T22:52:35.294Z daemon INFO time="2025-08-16T15:52:35-07:00" level=info msg="Tool required for debug" tool="arduino:dfu-util@0.11.0-arduino5"
time="2025-08-16T15:52:35-07:00" level=info msg="Tool required for debug" tool="esp32:esp-rv32@2411"
time="2025-08-16T15:52:35-07:00" level=info msg="Tool required for debug" tool="esp32:esp-x32@2411"
time="2025-08-16T15:52:35-07:00" level=info msg="Tool required for debug" tool="esp32:esp32-arduino-libs@idf-release_v5.5-b66b5448-v1"
time="2025-08-16T15:52:35-07:00" level=info msg="Tool required for debug" tool="esp32:esptool_py@5.0.0"
time="2025-08-16T15:52:35-07:00" level=info msg="Tool required for debug" tool="esp32:mklittlefs@3.0.0-gnu12-dc7f933"
time="2025-08-16T15:52:35-07:00" level=info msg="Tool required for debug" tool="esp32:mkspiffs@0.2.3"
time="2025-08-16T15:52:35-07:00" level=info msg="Tool required for debug" tool="esp32:openocd-esp32@v0.12.0-esp32-20250422"
time="2025-08-16T15:52:35-07:00" level=info msg="Tool required for debug" tool="esp32:riscv32-esp-elf-gdb@16.2_20250324"
time="2025-08-16T15:52:35-07:00" level=info msg="Tool required for debug" tool="esp32:xtensa-esp-elf-gdb@16.2_20250324"
time="2025-08-16T15:52:35-07:00" level=info msg="Tool required for debug" tool="arduino:avr-gcc@7.3.0-atmel3.6.1-arduino7"
time="2025-08-16T15:52:35-07:00" level=info msg="Tool required for debug" tool="arduino:avrdude@6.3.0-arduino17"
time="2025-08-16T15:52:35-07:00" level=info msg="Tool required for debug" tool="builtin:serial-monitor@0.15.0"
time="2025-08-16T15:52:35-07:00" level=info msg="Tool required for debug" tool="builtin:mdns-discovery@1.0.9"
time="2025-08-16T15:52:35-07:00" level=info msg="Tool required for debug" tool="arduino:arduinoOTA@1.3.0"
time="2025-08-16T15:52:35-07:00" level=info msg="Tool required for debug" tool="builtin:ctags@5.8-arduino11"
time="2025-08-16T15:52:35-07:00" level=info msg="Tool required for debug" tool="builtin:dfu-discovery@0.1.2"
time="2025-08-16T15:52:35-07:00" level=info msg="Tool required for debug" tool="builtin:serial-discovery@1.4.1"
2025-08-16 15:52:35 2025-08-16T22:52:35.299Z daemon INFO time="2025-08-16T15:52:35-07:00" level=info msg="Tool required for debug" tool="arduino:dfu-util@0.11.0-arduino5"
time="2025-08-16T15:52:35-07:00" level=info msg="Tool required for debug" tool="esp32:esp-rv32@2411"
time="2025-08-16T15:52:35-07:00" level=info msg="Tool required for debug" tool="esp32:esp-x32@2411"
time="2025-08-16T15:52:35-07:00" level=info msg="Tool required for debug" tool="esp32:esp32-arduino-libs@idf-release_v5.5-b66b5448-v1"
time="2025-08-16T15:52:35-07:00" level=info msg="Tool required for debug" tool="esp32:esptool_py@5.0.0"
time="2025-08-16T15:52:35-07:00" level=info msg="Tool required for debug" tool="esp32:mklittlefs@3.0.0-gnu12-dc7f933"
time="2025-08-16T15:52:35-07:00" level=info msg="Tool required for debug" tool="esp32:mkspiffs@0.2.3"
time="2025-08-16T15:52:35-07:00" level=info msg="Tool required for debug" tool="esp32:openocd-esp32@v0.12.0-esp32-20250422"
time="2025-08-16T15:52:35-07:00" level=info msg="Tool required for debug" tool="esp32:riscv32-esp-elf-gdb@16.2_20250324"
time="2025-08-16T15:52:35-07:00" level=info msg="Tool required for debug" tool="esp32:xtensa-esp-elf-gdb@16.2_20250324"
time="2025-08-16T15:52:35-07:00" level=info msg="Tool required for debug" tool="arduino:avrdude@6.3.0-arduino17"
time="2025-08-16T15:52:35-07:00" level=info msg="Tool required for debug" tool="builtin:dfu-discovery@0.1.2"
time="2025-08-16T15:52:35-07:00" level=info msg="Tool required for debug" tool="builtin:serial-monitor@0.15.0"
time="2025-08-16T15:52:35-07:00" level=info msg="Tool required for debug" tool="arduino:arduinoOTA@1.3.0"
time="2025-08-16T15:52:35-07:00" level=info msg="Tool required for debug" tool="builtin:mdns-discovery@1.0.9"
time="2025-08-16T15:52:35-07:00" level=info msg="Tool required for debug" tool="builtin:serial-discovery@1.4.1"
time="2025-08-16T15:52:35-07:00" level=info msg="Tool required for debug" tool="arduino:avr-gcc@7.3.0-atmel3.6.1-arduino7"
time="2025-08-16T15:52:35-07:00" level=info msg="Tool required for debug" tool="builtin:ctags@5.8-arduino11"
2025-08-16 15:52:35 2025-08-16T22:52:35.302Z daemon INFO time="2025-08-16T15:52:35-07:00" level=info msg="Tool required for debug" tool="arduino:dfu-util@0.11.0-arduino5"
time="2025-08-16T15:52:35-07:00" level=info msg="Tool required for debug" tool="esp32:esp-rv32@2411"
time="2025-08-16T15:52:35-07:00" level=info msg="Tool required for debug" tool="esp32:esp-x32@2411"
time="2025-08-16T15:52:35-07:00" level=info msg="Tool required for debug" tool="esp32:esp32-arduino-libs@idf-release_v5.5-b66b5448-v1"
time="2025-08-16T15:52:35-07:00" level=info msg="Tool required for debug" tool="esp32:esptool_py@5.0.0"
time="2025-08-16T15:52:35-07:00" level=info msg="Tool required for debug" tool="esp32:mklittlefs@3.0.0-gnu12-dc7f933"
time="2025-08-16T15:52:35-07:00" level=info msg="Tool required for debug" tool="esp32:mkspiffs@0.2.3"
time="2025-08-16T15:52:35-07:00" level=info msg="Tool required for debug" tool="esp32:openocd-esp32@v0.12.0-esp32-20250422"
time="2025-08-16T15:52:35-07:00" level=info msg="Tool required for debug" tool="esp32:riscv32-esp-elf-gdb@16.2_20250324"
time="2025-08-16T15:52:35-07:00" level=info msg="Tool required for debug" tool="esp32:xtensa-esp-elf-gdb@16.2_20250324"
time="2025-08-16T15:52:35-07:00" level=info msg="Tool required for debug" tool="builtin:serial-discovery@1.4.1"
time="2025-08-16T15:52:35-07:00" level=info msg="Tool required for debug" tool="builtin:mdns-discovery@1.0.9"
2025-08-16 15:52:35 2025-08-16T22:52:35.302Z daemon INFO time="2025-08-16T15:52:35-07:00" level=info msg="Tool required for debug" tool="builtin:ctags@5.8-arduino11"
time="2025-08-16T15:52:35-07:00" level=info msg="Tool required for debug" tool="arduino:arduinoOTA@1.3.0"
time="2025-08-16T15:52:35-07:00" level=info msg="Tool required for debug" tool="builtin:serial-monitor@0.15.0"
time="2025-08-16T15:52:35-07:00" level=info msg="Tool required for debug" tool="builtin:dfu-discovery@0.1.2"
time="2025-08-16T15:52:35-07:00" level=info msg="Tool required for debug" tool="arduino:avr-gcc@7.3.0-atmel3.6.1-arduino7"
2025-08-16 15:52:35 2025-08-16T22:52:35.302Z daemon INFO time="2025-08-16T15:52:35-07:00" level=info msg="Tool required for debug" tool="arduino:avrdude@6.3.0-arduino17"
2025-08-16 15:52:35 2025-08-16T22:52:35.306Z daemon INFO time="2025-08-16T15:52:35-07:00" level=info msg="Tool required for debug" tool="arduino:dfu-util@0.11.0-arduino5"
time="2025-08-16T15:52:35-07:00" level=info msg="Tool required for debug" tool="esp32:esp-rv32@2411"
time="2025-08-16T15:52:35-07:00" level=info msg="Tool required for debug" tool="esp32:esp-x32@2411"
time="2025-08-16T15:52:35-07:00" level=info msg="Tool required for debug" tool="esp32:esp32-arduino-libs@idf-release_v5.5-b66b5448-v1"
2025-08-16 15:52:35 2025-08-16T22:52:35.306Z daemon INFO time="2025-08-16T15:52:35-07:00" level=info msg="Tool required for debug" tool="esp32:esptool_py@5.0.0"
time="2025-08-16T15:52:35-07:00" level=info msg="Tool required for debug" tool="esp32:mklittlefs@3.0.0-gnu12-dc7f933"
time="2025-08-16T15:52:35-07:00" level=info msg="Tool required for debug" tool="esp32:mkspiffs@0.2.3"
time="2025-08-16T15:52:35-07:00" level=info msg="Tool required for debug" tool="esp32:openocd-esp32@v0.12.0-esp32-20250422"
time="2025-08-16T15:52:35-07:00" level=info msg="Tool required for debug" tool="esp32:riscv32-esp-elf-gdb@16.2_20250324"
time="2025-08-16T15:52:35-07:00" level=info msg="Tool required for debug" tool="esp32:xtensa-esp-elf-gdb@16.2_20250324"
2025-08-16 15:52:35 2025-08-16T22:52:35.306Z daemon INFO time="2025-08-16T15:52:35-07:00" level=info msg="Tool required for debug" tool="arduino:avr-gcc@7.3.0-atmel3.6.1-arduino7"
time="2025-08-16T15:52:35-07:00" level=info msg="Tool required for debug" tool="arduino:avrdude@6.3.0-arduino17"
time="2025-08-16T15:52:35-07:00" level=info msg="Tool required for debug" tool="builtin:dfu-discovery@0.1.2"
time="2025-08-16T15:52:35-07:00" level=info msg="Tool required for debug" tool="builtin:serial-monitor@0.15.0"
time="2025-08-16T15:52:35-07:00" level=info msg="Tool required for debug" tool="arduino:arduinoOTA@1.3.0"
time="2025-08-16T15:52:35-07:00" level=info msg="Tool required for debug" tool="builtin:mdns-discovery@1.0.9"
time="2025-08-16T15:52:35-07:00" level=info msg="Tool required for debug" tool="builtin:ctags@5.8-arduino11"
time="2025-08-16T15:52:35-07:00" level=info msg="Tool required for debug" tool="builtin:serial-discovery@1.4.1"
2025-08-16 15:52:35 2025-08-16T22:52:35.311Z daemon INFO time="2025-08-16T15:52:35-07:00" level=info msg="Tool required for debug" tool="arduino:dfu-util@0.11.0-arduino5"
2025-08-16 15:52:35 2025-08-16T22:52:35.311Z daemon INFO time="2025-08-16T15:52:35-07:00" level=info msg="Tool required for debug" tool="esp32:esp-rv32@2411"
time="2025-08-16T15:52:35-07:00" level=info msg="Tool required for debug" tool="esp32:esp-x32@2411"
time="2025-08-16T15:52:35-07:00" level=info msg="Tool required for debug" tool="esp32:esp32-arduino-libs@idf-release_v5.5-b66b5448-v1"
time="2025-08-16T15:52:35-07:00" level=info msg="Tool required for debug" tool="esp32:esptool_py@5.0.0"
time="2025-08-16T15:52:35-07:00" level=info msg="Tool required for debug" tool="esp32:mklittlefs@3.0.0-gnu12-dc7f933"
time="2025-08-16T15:52:35-07:00" level=info msg="Tool required for debug" tool="esp32:mkspiffs@0.2.3"
time="2025-08-16T15:52:35-07:00" level=info msg="Tool required for debug" tool="esp32:openocd-esp32@v0.12.0-esp32-20250422"
time="2025-08-16T15:52:35-07:00" level=info msg="Tool required for debug" tool="esp32:riscv32-esp-elf-gdb@16.2_20250324"
time="2025-08-16T15:52:35-07:00" level=info msg="Tool required for debug" tool="esp32:xtensa-esp-elf-gdb@16.2_20250324"
time="2025-08-16T15:52:35-07:00" level=info msg="Tool required for debug" tool="arduino:avrdude@6.3.0-arduino17"
time="2025-08-16T15:52:35-07:00" level=info msg="Tool required for debug" tool="arduino:arduinoOTA@1.3.0"
time="2025-08-16T15:52:35-07:00" level=info msg="Tool required for debug" tool="builtin:serial-discovery@1.4.1"
time="2025-08-16T15:52:35-07:00" level=info msg="Tool required for debug" tool="builtin:ctags@5.8-arduino11"
time="2025-08-16T15:52:35-07:00" level=info msg="Tool required for debug" tool="arduino:avr-gcc@7.3.0-atmel3.6.1-arduino7"
2025-08-16 15:52:35 2025-08-16T22:52:35.311Z daemon INFO time="2025-08-16T15:52:35-07:00" level=info msg="Tool required for debug" tool="builtin:dfu-discovery@0.1.2"
time="2025-08-16T15:52:35-07:00" level=info msg="Tool required for debug" tool="builtin:serial-monitor@0.15.0"
time="2025-08-16T15:52:35-07:00" level=info msg="Tool required for debug" tool="builtin:mdns-discovery@1.0.9"
2025-08-16 15:52:35 2025-08-16T22:52:35.316Z daemon INFO time="2025-08-16T15:52:35-07:00" level=info msg="Tool required for debug" tool="arduino:dfu-util@0.11.0-arduino5"
time="2025-08-16T15:52:35-07:00" level=info msg="Tool required for debug" tool="esp32:esp-rv32@2411"
time="2025-08-16T15:52:35-07:00" level=info msg="Tool required for debug" tool="esp32:esp-x32@2411"
time="2025-08-16T15:52:35-07:00" level=info msg="Tool required for debug" tool="esp32:esp32-arduino-libs@idf-release_v5.5-b66b5448-v1"
time="2025-08-16T15:52:35-07:00" level=info msg="Tool required for debug" tool="esp32:esptool_py@5.0.0"
time="2025-08-16T15:52:35-07:00" level=info msg="Tool required for debug" tool="esp32:mklittlefs@3.0.0-gnu12-dc7f933"
time="2025-08-16T15:52:35-07:00" level=info msg="Tool required for debug" tool="esp32:mkspiffs@0.2.3"
time="2025-08-16T15:52:35-07:00" level=info msg="Tool required for debug" tool="esp32:openocd-esp32@v0.12.0-esp32-20250422"
time="2025-08-16T15:52:35-07:00" level=info msg="Tool required for debug" tool="esp32:riscv32-esp-elf-gdb@16.2_20250324"
time="2025-08-16T15:52:35-07:00" level=info msg="Tool required for debug" tool="esp32:xtensa-esp-elf-gdb@16.2_20250324"
time="2025-08-16T15:52:35-07:00" level=info msg="Tool required for debug" tool="builtin:mdns-discovery@1.0.9"
2025-08-16 15:52:35 2025-08-16T22:52:35.317Z daemon INFO time="2025-08-16T15:52:35-07:00" level=info msg="Tool required for debug" tool="builtin:dfu-discovery@0.1.2"
time="2025-08-16T15:52:35-07:00" level=info msg="Tool required for debug" tool="arduino:avrdude@6.3.0-arduino17"
time="2025-08-16T15:52:35-07:00" level=info msg="Tool required for debug" tool="arduino:arduinoOTA@1.3.0"
time="2025-08-16T15:52:35-07:00" level=info msg="Tool required for debug" tool="builtin:serial-discovery@1.4.1"
time="2025-08-16T15:52:35-07:00" level=info msg="Tool required for debug" tool="builtin:serial-monitor@0.15.0"
time="2025-08-16T15:52:35-07:00" level=info msg="Tool required for debug" tool="arduino:avr-gcc@7.3.0-atmel3.6.1-arduino7"
time="2025-08-16T15:52:35-07:00" level=info msg="Tool required for debug" tool="builtin:ctags@5.8-arduino11"
2025-08-16 15:52:35 2025-08-16T22:52:35.326Z daemon INFO time="2025-08-16T15:52:35-07:00" level=info msg="Tool required for debug" tool="arduino:dfu-util@0.11.0-arduino5"
time="2025-08-16T15:52:35-07:00" level=info msg="Tool required for debug" tool="esp32:esp-rv32@2411"
time="2025-08-16T15:52:35-07:00" level=info msg="Tool required for debug" tool="esp32:esp-x32@2411"
time="2025-08-16T15:52:35-07:00" level=info msg="Tool required for debug" tool="esp32:esp32-arduino-libs@idf-release_v5.5-b66b5448-v1"
time="2025-08-16T15:52:35-07:00" level=info msg="Tool required for debug" tool="esp32:esptool_py@5.0.0"
time="2025-08-16T15:52:35-07:00" level=info msg="Tool required for debug" tool="esp32:mklittlefs@3.0.0-gnu12-dc7f933"
2025-08-16 15:52:35 2025-08-16T22:52:35.327Z daemon INFO time="2025-08-16T15:52:35-07:00" level=info msg="Tool required for debug" tool="esp32:mkspiffs@0.2.3"
time="2025-08-16T15:52:35-07:00" level=info msg="Tool required for debug" tool="esp32:openocd-esp32@v0.12.0-esp32-20250422"
time="2025-08-16T15:52:35-07:00" level=info msg="Tool required for debug" tool="esp32:riscv32-esp-elf-gdb@16.2_20250324"
time="2025-08-16T15:52:35-07:00" level=info msg="Tool required for debug" tool="esp32:xtensa-esp-elf-gdb@16.2_20250324"
time="2025-08-16T15:52:35-07:00" level=info msg="Tool required for debug" tool="builtin:ctags@5.8-arduino11"
time="2025-08-16T15:52:35-07:00" level=info msg="Tool required for debug" tool="builtin:mdns-discovery@1.0.9"
time="2025-08-16T15:52:35-07:00" level=info msg="Tool required for debug" tool="builtin:serial-discovery@1.4.1"
2025-08-16 15:52:35 2025-08-16T22:52:35.327Z daemon INFO time="2025-08-16T15:52:35-07:00" level=info msg="Tool required for debug" tool="arduino:avrdude@6.3.0-arduino17"
time="2025-08-16T15:52:35-07:00" level=info msg="Tool required for debug" tool="builtin:dfu-discovery@0.1.2"
time="2025-08-16T15:52:35-07:00" level=info msg="Tool required for debug" tool="arduino:avr-gcc@7.3.0-atmel3.6.1-arduino7"
time="2025-08-16T15:52:35-07:00" level=info msg="Tool required for debug" tool="arduino:arduinoOTA@1.3.0"
time="2025-08-16T15:52:35-07:00" level=info msg="Tool required for debug" tool="builtin:serial-monitor@0.15.0"
2025-08-16 15:52:35 2025-08-16T22:52:35.338Z daemon INFO time="2025-08-16T15:52:35-07:00" level=info msg="Tool required for debug" tool="arduino:dfu-util@0.11.0-arduino5"
time="2025-08-16T15:52:35-07:00" level=info msg="Tool required for debug" tool="esp32:esp-rv32@2411"
time="2025-08-16T15:52:35-07:00" level=info msg="Tool required for debug" tool="esp32:esp-x32@2411"
time="2025-08-16T15:52:35-07:00" level=info msg="Tool required for debug" tool="esp32:esp32-arduino-libs@idf-release_v5.5-b66b5448-v1"
time="2025-08-16T15:52:35-07:00" level=info msg="Tool required for debug" tool="esp32:esptool_py@5.0.0"
time="2025-08-16T15:52:35-07:00" level=info msg="Tool required for debug" tool="esp32:mklittlefs@3.0.0-gnu12-dc7f933"
time="2025-08-16T15:52:35-07:00" level=info msg="Tool required for debug" tool="esp32:mkspiffs@0.2.3"
time="2025-08-16T15:52:35-07:00" level=info msg="Tool required for debug" tool="esp32:openocd-esp32@v0.12.0-esp32-20250422"
time="2025-08-16T15:52:35-07:00" level=info msg="Tool required for debug" tool="esp32:riscv32-esp-elf-gdb@16.2_20250324"
time="2025-08-16T15:52:35-07:00" level=info msg="Tool required for debug" tool="esp32:xtensa-esp-elf-gdb@16.2_20250324"
time="2025-08-16T15:52:35-07:00" level=info msg="Tool required for debug" tool="builtin:mdns-discovery@1.0.9"
time="2025-08-16T15:52:35-07:00" level=info msg="Tool required for debug" tool="builtin:serial-discovery@1.4.1"
time="2025-08-16T15:52:35-07:00" level=info msg="Tool required for debug" tool="builtin:ctags@5.8-arduino11"
time="2025-08-16T15:52:35-07:00" level=info msg="Tool required for debug" tool="builtin:dfu-discovery@0.1.2"
time="2025-08-16T15:52:35-07:00" level=info msg="Tool required for debug" tool="arduino:avr-gcc@7.3.0-atmel3.6.1-arduino7"
time="2025-08-16T15:52:35-07:00" level=info msg="Tool required for debug" tool="builtin:serial-monitor@0.15.0"
time="2025-08-16T15:52:35-07:00" level=info msg="Tool required for debug" tool="arduino:avrdude@6.3.0-arduino17"
time="2025-08-16T15:52:35-07:00" level=info msg="Tool required for debug" tool="arduino:arduinoOTA@1.3.0"
2025-08-16 15:52:35 2025-08-16T22:52:35.338Z root INFO Starting language server: esp32:esp32:XIAO_ESP32C3:UploadSpeed=921600,CDCOnBoot=default,CPUFreq=160,FlashFreq=80,FlashMode=qio,FlashSize=4M,PartitionScheme=default,DebugLevel=none,EraseFlash=none
2025-08-16 15:52:35 2025-08-16T22:52:35.344Z daemon INFO time="2025-08-16T15:52:35-07:00" level=info msg="Tool required for debug" tool="arduino:dfu-util@0.11.0-arduino5"
2025-08-16 15:52:35 2025-08-16T22:52:35.344Z daemon INFO time="2025-08-16T15:52:35-07:00" level=info msg="Tool required for debug" tool="esp32:esp-rv32@2411"
time="2025-08-16T15:52:35-07:00" level=info msg="Tool required for debug" tool="esp32:esp-x32@2411"
time="2025-08-16T15:52:35-07:00" level=info msg="Tool required for debug" tool="esp32:esp32-arduino-libs@idf-release_v5.5-b66b5448-v1"
2025-08-16 15:52:35 2025-08-16T22:52:35.344Z daemon INFO time="2025-08-16T15:52:35-07:00" level=info msg="Tool required for debug" tool="esp32:esptool_py@5.0.0"
time="2025-08-16T15:52:35-07:00" level=info msg="Tool required for debug" tool="esp32:mklittlefs@3.0.0-gnu12-dc7f933"
time="2025-08-16T15:52:35-07:00" level=info msg="Tool required for debug" tool="esp32:mkspiffs@0.2.3"
time="2025-08-16T15:52:35-07:00" level=info msg="Tool required for debug" tool="esp32:openocd-esp32@v0.12.0-esp32-20250422"
time="2025-08-16T15:52:35-07:00" level=info msg="Tool required for debug" tool="esp32:riscv32-esp-elf-gdb@16.2_20250324"
time="2025-08-16T15:52:35-07:00" level=info msg="Tool required for debug" tool="esp32:xtensa-esp-elf-gdb@16.2_20250324"
2025-08-16 15:52:35 2025-08-16T22:52:35.344Z daemon INFO time="2025-08-16T15:52:35-07:00" level=info msg="Tool required for debug" tool="builtin:serial-discovery@1.4.1"
2025-08-16 15:52:35 2025-08-16T22:52:35.345Z daemon INFO time="2025-08-16T15:52:35-07:00" level=info msg="Tool required for debug" tool="arduino:avr-gcc@7.3.0-atmel3.6.1-arduino7"
time="2025-08-16T15:52:35-07:00" level=info msg="Tool required for debug" tool="arduino:arduinoOTA@1.3.0"
time="2025-08-16T15:52:35-07:00" level=info msg="Tool required for debug" tool="builtin:dfu-discovery@0.1.2"
time="2025-08-16T15:52:35-07:00" level=info msg="Tool required for debug" tool="builtin:mdns-discovery@1.0.9"
time="2025-08-16T15:52:35-07:00" level=info msg="Tool required for debug" tool="builtin:serial-monitor@0.15.0"
time="2025-08-16T15:52:35-07:00" level=info msg="Tool required for debug" tool="arduino:avrdude@6.3.0-arduino17"
2025-08-16 15:52:35 2025-08-16T22:52:35.345Z daemon INFO time="2025-08-16T15:52:35-07:00" level=info msg="Tool required for debug" tool="builtin:ctags@5.8-arduino11"
2025-08-16 15:52:35 2025-08-16T22:52:35.353Z daemon INFO time="2025-08-16T15:52:35-07:00" level=info msg="Tool required for debug" tool="arduino:dfu-util@0.11.0-arduino5"
time="2025-08-16T15:52:35-07:00" level=info msg="Tool required for debug" tool="esp32:esp-rv32@2411"
time="2025-08-16T15:52:35-07:00" level=info msg="Tool required for debug" tool="esp32:esp-x32@2411"
2025-08-16 15:52:35 2025-08-16T22:52:35.353Z daemon INFO time="2025-08-16T15:52:35-07:00" level=info msg="Tool required for debug" tool="esp32:esp32-arduino-libs@idf-release_v5.5-b66b5448-v1"
time="2025-08-16T15:52:35-07:00" level=info msg="Tool required for debug" tool="esp32:esptool_py@5.0.0"
time="2025-08-16T15:52:35-07:00" level=info msg="Tool required for debug" tool="esp32:mklittlefs@3.0.0-gnu12-dc7f933"
time="2025-08-16T15:52:35-07:00" level=info msg="Tool required for debug" tool="esp32:mkspiffs@0.2.3"
time="2025-08-16T15:52:35-07:00" level=info msg="Tool required for debug" tool="esp32:openocd-esp32@v0.12.0-esp32-20250422"
time="2025-08-16T15:52:35-07:00" level=info msg="Tool required for debug" tool="esp32:riscv32-esp-elf-gdb@16.2_20250324"
time="2025-08-16T15:52:35-07:00" level=info msg="Tool required for debug" tool="esp32:xtensa-esp-elf-gdb@16.2_20250324"
time="2025-08-16T15:52:35-07:00" level=info msg="Tool required for debug" tool="arduino:arduinoOTA@1.3.0"
time="2025-08-16T15:52:35-07:00" level=info msg="Tool required for debug" tool="builtin:dfu-discovery@0.1.2"
time="2025-08-16T15:52:35-07:00" level=info msg="Tool required for debug" tool="builtin:mdns-discovery@1.0.9"
2025-08-16 15:52:35 2025-08-16T22:52:35.353Z daemon INFO time="2025-08-16T15:52:35-07:00" level=info msg="Tool required for debug" tool="arduino:avrdude@6.3.0-arduino17"
time="2025-08-16T15:52:35-07:00" level=info msg="Tool required for debug" tool="builtin:serial-monitor@0.15.0"
2025-08-16 15:52:35 2025-08-16T22:52:35.353Z daemon INFO time="2025-08-16T15:52:35-07:00" level=info msg="Tool required for debug" tool="builtin:serial-discovery@1.4.1"
2025-08-16 15:52:35 2025-08-16T22:52:35.354Z daemon INFO time="2025-08-16T15:52:35-07:00" level=info msg="Tool required for debug" tool="builtin:ctags@5.8-arduino11"
time="2025-08-16T15:52:35-07:00" level=info msg="Tool required for debug" tool="arduino:avr-gcc@7.3.0-atmel3.6.1-arduino7"
2025-08-16 15:52:35 2025-08-16T22:52:35.359Z daemon INFO time="2025-08-16T15:52:35-07:00" level=info msg="Tool required for debug" tool="arduino:dfu-util@0.11.0-arduino5"
time="2025-08-16T15:52:35-07:00" level=info msg="Tool required for debug" tool="esp32:esp-rv32@2411"
time="2025-08-16T15:52:35-07:00" level=info msg="Tool required for debug" tool="esp32:esp-x32@2411"
time="2025-08-16T15:52:35-07:00" level=info msg="Tool required for debug" tool="esp32:esp32-arduino-libs@idf-release_v5.5-b66b5448-v1"
time="2025-08-16T15:52:35-07:00" level=info msg="Tool required for debug" tool="esp32:esptool_py@5.0.0"
time="2025-08-16T15:52:35-07:00" level=info msg="Tool required for debug" tool="esp32:mklittlefs@3.0.0-gnu12-dc7f933"
time="2025-08-16T15:52:35-07:00" level=info msg="Tool required for debug" tool="esp32:mkspiffs@0.2.3"
time="2025-08-16T15:52:35-07:00" level=info msg="Tool required for debug" tool="esp32:openocd-esp32@v0.12.0-esp32-20250422"
time="2025-08-16T15:52:35-07:00" level=info msg="Tool required for debug" tool="esp32:riscv32-esp-elf-gdb@16.2_20250324"
2025-08-16 15:52:35 2025-08-16T22:52:35.359Z daemon INFO time="2025-08-16T15:52:35-07:00" level=info msg="Tool required for debug" tool="esp32:xtensa-esp-elf-gdb@16.2_20250324"
time="2025-08-16T15:52:35-07:00" level=info msg="Tool required for debug" tool="arduino:avr-gcc@7.3.0-atmel3.6.1-arduino7"
time="2025-08-16T15:52:35-07:00" level=info msg="Tool required for debug" tool="arduino:avrdude@6.3.0-arduino17"
time="2025-08-16T15:52:35-07:00" level=info msg="Tool required for debug" tool="arduino:arduinoOTA@1.3.0"
time="2025-08-16T15:52:35-07:00" level=info msg="Tool required for debug" tool="builtin:dfu-discovery@0.1.2"
time="2025-08-16T15:52:35-07:00" level=info msg="Tool required for debug" tool="builtin:serial-discovery@1.4.1"
time="2025-08-16T15:52:35-07:00" level=info msg="Tool required for debug" tool="builtin:serial-monitor@0.15.0"
2025-08-16 15:52:35 2025-08-16T22:52:35.359Z daemon INFO time="2025-08-16T15:52:35-07:00" level=info msg="Tool required for debug" tool="builtin:ctags@5.8-arduino11"
time="2025-08-16T15:52:35-07:00" level=info msg="Tool required for debug" tool="builtin:mdns-discovery@1.0.9"
2025-08-16 15:52:35 2025-08-16T22:52:35.364Z daemon INFO time="2025-08-16T15:52:35-07:00" level=info msg="Tool required for debug" tool="arduino:dfu-util@0.11.0-arduino5"
time="2025-08-16T15:52:35-07:00" level=info msg="Tool required for debug" tool="esp32:esp-rv32@2411"
time="2025-08-16T15:52:35-07:00" level=info msg="Tool required for debug" tool="esp32:esp-x32@2411"
2025-08-16 15:52:35 2025-08-16T22:52:35.364Z daemon INFO time="2025-08-16T15:52:35-07:00" level=info msg="Tool required for debug" tool="esp32:esp32-arduino-libs@idf-release_v5.5-b66b5448-v1"
time="2025-08-16T15:52:35-07:00" level=info msg="Tool required for debug" tool="esp32:esptool_py@5.0.0"
time="2025-08-16T15:52:35-07:00" level=info msg="Tool required for debug" tool="esp32:mklittlefs@3.0.0-gnu12-dc7f933"
time="2025-08-16T15:52:35-07:00" level=info msg="Tool required for debug" tool="esp32:mkspiffs@0.2.3"
time="2025-08-16T15:52:35-07:00" level=info msg="Tool required for debug" tool="esp32:openocd-esp32@v0.12.0-esp32-20250422"
time="2025-08-16T15:52:35-07:00" level=info msg="Tool required for debug" tool="esp32:riscv32-esp-elf-gdb@16.2_20250324"
2025-08-16 15:52:35 2025-08-16T22:52:35.364Z daemon INFO time="2025-08-16T15:52:35-07:00" level=info msg="Tool required for debug" tool="esp32:xtensa-esp-elf-gdb@16.2_20250324"
time="2025-08-16T15:52:35-07:00" level=info msg="Tool required for debug" tool="builtin:serial-discovery@1.4.1"
time="2025-08-16T15:52:35-07:00" level=info msg="Tool required for debug" tool="arduino:avr-gcc@7.3.0-atmel3.6.1-arduino7"
time="2025-08-16T15:52:35-07:00" level=info msg="Tool required for debug" tool="arduino:arduinoOTA@1.3.0"
2025-08-16 15:52:35 2025-08-16T22:52:35.365Z daemon INFO time="2025-08-16T15:52:35-07:00" level=info msg="Tool required for debug" tool="builtin:ctags@5.8-arduino11"
time="2025-08-16T15:52:35-07:00" level=info msg="Tool required for debug" tool="arduino:avrdude@6.3.0-arduino17"
time="2025-08-16T15:52:35-07:00" level=info msg="Tool required for debug" tool="builtin:dfu-discovery@0.1.2"
2025-08-16 15:52:35 2025-08-16T22:52:35.365Z daemon INFO time="2025-08-16T15:52:35-07:00" level=info msg="Tool required for debug" tool="builtin:mdns-discovery@1.0.9"
time="2025-08-16T15:52:35-07:00" level=info msg="Tool required for debug" tool="builtin:serial-monitor@0.15.0"
2025-08-16 15:52:35 2025-08-16T22:52:35.377Z daemon INFO time="2025-08-16T15:52:35-07:00" level=info msg="Tool required for debug" tool="arduino:dfu-util@0.11.0-arduino5"
time="2025-08-16T15:52:35-07:00" level=info msg="Tool required for debug" tool="esp32:esp-rv32@2411"
time="2025-08-16T15:52:35-07:00" level=info msg="Tool required for debug" tool="esp32:esp-x32@2411"
time="2025-08-16T15:52:35-07:00" level=info msg="Tool required for debug" tool="esp32:esp32-arduino-libs@idf-release_v5.5-b66b5448-v1"
time="2025-08-16T15:52:35-07:00" level=info msg="Tool required for debug" tool="esp32:esptool_py@5.0.0"
2025-08-16 15:52:35 2025-08-16T22:52:35.377Z daemon INFO time="2025-08-16T15:52:35-07:00" level=info msg="Tool required for debug" tool="esp32:mklittlefs@3.0.0-gnu12-dc7f933"
time="2025-08-16T15:52:35-07:00" level=info msg="Tool required for debug" tool="esp32:mkspiffs@0.2.3"
time="2025-08-16T15:52:35-07:00" level=info msg="Tool required for debug" tool="esp32:openocd-esp32@v0.12.0-esp32-20250422"
time="2025-08-16T15:52:35-07:00" level=info msg="Tool required for debug" tool="esp32:riscv32-esp-elf-gdb@16.2_20250324"
time="2025-08-16T15:52:35-07:00" level=info msg="Tool required for debug" tool="esp32:xtensa-esp-elf-gdb@16.2_20250324"
time="2025-08-16T15:52:35-07:00" level=info msg="Tool required for debug" tool="builtin:mdns-discovery@1.0.9"
time="2025-08-16T15:52:35-07:00" level=info msg="Tool required for debug" tool="arduino:avrdude@6.3.0-arduino17"
time="2025-08-16T15:52:35-07:00" level=info msg="Tool required for debug" tool="builtin:serial-monitor@0.15.0"
time="2025-08-16T15:52:35-07:00" level=info msg="Tool required for debug" tool="arduino:arduinoOTA@1.3.0"
2025-08-16 15:52:35 2025-08-16T22:52:35.377Z daemon INFO time="2025-08-16T15:52:35-07:00" level=info msg="Tool required for debug" tool="builtin:ctags@5.8-arduino11"
time="2025-08-16T15:52:35-07:00" level=info msg="Tool required for debug" tool="arduino:avr-gcc@7.3.0-atmel3.6.1-arduino7"
time="2025-08-16T15:52:35-07:00" level=info msg="Tool required for debug" tool="builtin:dfu-discovery@0.1.2"
time="2025-08-16T15:52:35-07:00" level=info msg="Tool required for debug" tool="builtin:serial-discovery@1.4.1"
2025-08-16 15:52:35 2025-08-16T22:52:35.385Z daemon INFO time="2025-08-16T15:52:35-07:00" level=info msg="Tool required for debug" tool="arduino:dfu-util@0.11.0-arduino5"
time="2025-08-16T15:52:35-07:00" level=info msg="Tool required for debug" tool="esp32:esp-rv32@2411"
time="2025-08-16T15:52:35-07:00" level=info msg="Tool required for debug" tool="esp32:esp-x32@2411"
time="2025-08-16T15:52:35-07:00" level=info msg="Tool required for debug" tool="esp32:esp32-arduino-libs@idf-release_v5.5-b66b5448-v1"
time="2025-08-16T15:52:35-07:00" level=info msg="Tool required for debug" tool="esp32:esptool_py@5.0.0"
time="2025-08-16T15:52:35-07:00" level=info msg="Tool required for debug" tool="esp32:mklittlefs@3.0.0-gnu12-dc7f933"
2025-08-16 15:52:35 2025-08-16T22:52:35.385Z daemon INFO time="2025-08-16T15:52:35-07:00" level=info msg="Tool required for debug" tool="esp32:mkspiffs@0.2.3"
time="2025-08-16T15:52:35-07:00" level=info msg="Tool required for debug" tool="esp32:openocd-esp32@v0.12.0-esp32-20250422"
time="2025-08-16T15:52:35-07:00" level=info msg="Tool required for debug" tool="esp32:riscv32-esp-elf-gdb@16.2_20250324"
time="2025-08-16T15:52:35-07:00" level=info msg="Tool required for debug" tool="esp32:xtensa-esp-elf-gdb@16.2_20250324"
time="2025-08-16T15:52:35-07:00" level=info msg="Tool required for debug" tool="builtin:serial-monitor@0.15.0"
time="2025-08-16T15:52:35-07:00" level=info msg="Tool required for debug" tool="arduino:avr-gcc@7.3.0-atmel3.6.1-arduino7"
time="2025-08-16T15:52:35-07:00" level=info msg="Tool required for debug" tool="builtin:dfu-discovery@0.1.2"
time="2025-08-16T15:52:35-07:00" level=info msg="Tool required for debug" tool="arduino:avrdude@6.3.0-arduino17"
time="2025-08-16T15:52:35-07:00" level=info msg="Tool required for debug" tool="builtin:serial-discovery@1.4.1"
time="2025-08-16T15:52:35-07:00" level=info msg="Tool required for debug" tool="builtin:ctags@5.8-arduino11"
time="2025-08-16T15:52:35-07:00" level=info msg="Tool required for debug" tool="builtin:mdns-discovery@1.0.9"
time="2025-08-16T15:52:35-07:00" level=info msg="Tool required for debug" tool="arduino:arduinoOTA@1.3.0"
2025-08-16 15:52:35 2025-08-16T22:52:35.620Z root ERROR ---- !!!SLOW!!! DURATION: search took 576.173 ms. Args: [{"type":"Updatable"}] ----
2025-08-16 15:52:35 2025-08-16T22:52:35.621Z daemon INFO time="2025-08-16T15:52:35-07:00" level=info msg="Tool required for debug" tool="arduino:dfu-util@0.11.0-arduino5"
time="2025-08-16T15:52:35-07:00" level=info msg="Tool required for debug" tool="esp32:esp-rv32@2411"
time="2025-08-16T15:52:35-07:00" level=info msg="Tool required for debug" tool="esp32:esp-x32@2411"
time="2025-08-16T15:52:35-07:00" level=info msg="Tool required for debug" tool="esp32:esp32-arduino-libs@idf-release_v5.5-b66b5448-v1"
time="2025-08-16T15:52:35-07:00" level=info msg="Tool required for debug" tool="esp32:esptool_py@5.0.0"
time="2025-08-16T15:52:35-07:00" level=info msg="Tool required for debug" tool="esp32:mklittlefs@3.0.0-gnu12-dc7f933"
time="2025-08-16T15:52:35-07:00" level=info msg="Tool required for debug" tool="esp32:mkspiffs@0.2.3"
time="2025-08-16T15:52:35-07:00" level=info msg="Tool required for debug" tool="esp32:openocd-esp32@v0.12.0-esp32-20250422"
time="2025-08-16T15:52:35-07:00" level=info msg="Tool required for debug" tool="esp32:riscv32-esp-elf-gdb@16.2_20250324"
time="2025-08-16T15:52:35-07:00" level=info msg="Tool required for debug" tool="esp32:xtensa-esp-elf-gdb@16.2_20250324"
time="2025-08-16T15:52:35-07:00" level=info msg="Tool required for debug" tool="arduino:avr-gcc@7.3.0-atmel3.6.1-arduino7"
time="2025-08-16T15:52:35-07:00" level=info msg="Tool required for debug" tool="arduino:arduinoOTA@1.3.0"
time="2025-08-16T15:52:35-07:00" level=info msg="Tool required for debug" tool="builtin:serial-monitor@0.15.0"
time="2025-08-16T15:52:35-07:00" level=info msg="Tool required for debug" tool="builtin:ctags@5.8-arduino11"
time="2025-08-16T15:52:35-07:00" level=info msg="Tool required for debug" tool="builtin:mdns-discovery@1.0.9"
time="2025-08-16T15:52:35-07:00" level=info msg="Tool required for debug" tool="arduino:avrdude@6.3.0-arduino17"
time="2025-08-16T15:52:35-07:00" level=info msg="Tool required for debug" tool="builtin:serial-discovery@1.4.1"
time="2025-08-16T15:52:35-07:00" level=info msg="Tool required for debug" tool="builtin:dfu-discovery@0.1.2"
time="2025-08-16T15:52:35-07:00" level=info msg="Tool required for debug" tool="arduino:dfu-util@0.11.0-arduino5"
time="2025-08-16T15:52:35-07:00" level=info msg="Tool required for debug" tool="esp32:esp-rv32@2411"
time="2025-08-16T15:52:35-07:00" level=info msg="Tool required for debug" tool="esp32:esp-x32@2411"
time="2025-08-16T15:52:35-07:00" level=info msg="Tool required for debug" tool="esp32:esp32-arduino-libs@idf-release_v5.5-b66b5448-v1"
time="2025-08-16T15:52:35-07:00" level=info msg="Tool required for debug" tool="esp32:esptool_py@5.0.0"
time="2025-08-16T15:52:35-07:00" level=info msg="Tool required for debug" tool="esp32:mklittlefs@3.0.0-gnu12-dc7f933"
time="2025-08-16T15:52:35-07:00" level=info msg="Tool required for debug" tool="esp32:mkspiffs@0.2.3"
time="2025-08-16T15:52:35-07:00" level=info msg="Tool required for debug" tool="esp32:openocd-esp32@v0.12.0-esp32-20250422"
time="2025-08-16T15:52:35-07:00" level=info msg="Tool required for debug" tool="esp32:riscv32-esp-elf-gdb@16.2_20250324"
time="2025-08-16T15:52:35-07:00" level=info msg="Tool required for debug" tool="esp32:xtensa-esp-elf-gdb@16.2_20250324"
time="2025-08-16T15:52:35-07:00" level=info msg="Tool required for debug" tool="builtin:ctags@5.8-arduino11"
time="2025-08-16T15:52:35-07:00" level=info msg="Tool required for debug" tool="arduino:arduinoOTA@1.3.0"
time="2025-08-16T15:52:35-07:00" level=info msg="Tool required for debug" tool="builtin:mdns-discovery@1.0.9"
time="2025-08-16T15:52:35-07:00" level=info msg="Tool required for debug" tool="builtin:serial-monitor@0.15.0"
time="2025-08-16T15:52:35-07:00" level=info msg="Tool required for debug" tool="builtin:dfu-discovery@0.1.2"
time="2025-08-16T15:52:35-07:00" level=info msg="Tool required for debug" tool="builtin:serial-discovery@1.4.1"
time="2025-08-16T15:52:35-07:00" level=info msg="Tool required for debug" tool="arduino:avr-gcc@7.3.0-atmel3.6.1-arduino7"
time="2025-08-16T15:52:35-07:00" level=info msg="Tool required for debug" tool="arduino:avrdude@6.3.0-arduino17"
time="2025-08-16T15:52:35-07:00" level=info msg="Adding libraries dir" dir=/home/aaron/.arduino15/libraries isSingleLibrary=false location=ide
time="2025-08-16T15:52:35-07:00" level=info msg="Adding libraries dir" dir=/home/aaron/.arduino15/packages/esp32/hardware/esp32/3.3.0/libraries isSingleLibrary=false location=platform
time="2025-08-16T15:52:35-07:00" level=info msg="Adding libraries dir" dir=/home/aaron/Arduino/libraries isSingleLibrary=false location=user
time="2025-08-16T15:52:35-07:00" level=info msg="Adding libraries dir" dir=/home/aaron/.arduino15/libraries isSingleLibrary=false location=ide
time="2025-08-16T15:52:35-07:00" level=info msg="Adding libraries dir" dir=/home/aaron/.arduino15/packages/esp32/hardware/esp32/3.3.0/libraries isSingleLibrary=false location=platform
time="2025-08-16T15:52:35-07:00" level=info msg="Adding libraries dir" dir=/home/aaron/Arduino/libraries isSingleLibrary=false location=user
2025-08-16 15:52:36 2025-08-16T22:52:36.985Z root WARN Widget was activated, but did not accept focus after 2000ms: serial-monitor
2025-08-16 15:52:37 2025-08-16T22:52:37.124Z daemon INFO time="2025-08-16T15:52:37-07:00" level=info msg="Resolving include TinyGPSPlus.h for arch esp32"
time="2025-08-16T15:52:37-07:00" level=info msg="  found better lib" lib=TinyGPSPlus prio=6A7
time="2025-08-16T15:52:37-07:00" level=info msg="  discarded" lib=TinyGPSPlusPlus prio=517
time="2025-08-16T15:52:37-07:00" level=info msg="  discarded" lib=TinyGPSPlus-ESP32 prio=521
2025-08-16 15:52:37 2025-08-16T22:52:37.127Z daemon INFO time="2025-08-16T15:52:37-07:00" level=info msg="Resolving include TinyGPSPlus.h for arch esp32"
time="2025-08-16T15:52:37-07:00" level=info msg="  found better lib" lib=TinyGPSPlus-ESP32 prio=521
2025-08-16 15:52:37 2025-08-16T22:52:37.127Z daemon INFO time="2025-08-16T15:52:37-07:00" level=info msg="  found better lib" lib=TinyGPSPlus prio=6A7
time="2025-08-16T15:52:37-07:00" level=info msg="  discarded" lib=TinyGPSPlusPlus prio=517
2025-08-16 15:52:37 2025-08-16T22:52:37.782Z daemon INFO time="2025-08-16T15:52:37-07:00" level=info msg="Resolving include WiFi.h for arch esp32"
time="2025-08-16T15:52:37-07:00" level=info msg="  found better lib" lib=WiFi prio=6B0
2025-08-16 15:52:38 2025-08-16T22:52:38.427Z daemon INFO time="2025-08-16T15:52:38-07:00" level=info msg="Resolving include FS.h for arch esp32"
time="2025-08-16T15:52:38-07:00" level=info msg="  found better lib" lib=FS prio=6B0
2025-08-16 15:52:38 2025-08-16T22:52:38.490Z daemon INFO time="2025-08-16T15:52:38-07:00" level=info msg="Resolving include Network.h for arch esp32"
time="2025-08-16T15:52:38-07:00" level=info msg="  found better lib" lib=Networking prio=64C
2025-08-16 15:52:39 2025-08-16T22:52:39.526Z daemon INFO time="2025-08-16T15:52:39-07:00" level=info msg="Resolving include BLEDevice.h for arch esp32"
time="2025-08-16T15:52:39-07:00" level=info msg="  found better lib" lib=BLE prio=3F4
2025-08-16 15:52:42 2025-08-16T22:52:42.886Z daemon INFO time="2025-08-16T15:52:42-07:00" level=info msg="Adding libraries dir" dir=/home/aaron/.arduino15/libraries isSingleLibrary=false location=ide
time="2025-08-16T15:52:42-07:00" level=info msg="Adding libraries dir" dir=/home/aaron/.arduino15/packages/esp32/hardware/esp32/3.3.0/libraries isSingleLibrary=false location=platform
2025-08-16 15:52:42 2025-08-16T22:52:42.887Z daemon INFO time="2025-08-16T15:52:42-07:00" level=info msg="Adding libraries dir" dir=/home/aaron/Arduino/libraries isSingleLibrary=false location=user
2025-08-16 15:53:05 2025-08-16T22:53:05.040Z fwuploader ERROR Error: Process exited with exit code: 1
    at ChildProcess.<anonymous> (/nix/store/2d5i1bzbqbnl4rgnhk8czrw5zmqqjdzv-arduino-ide-2.3.6-extracted/resources/app/lib/backend/main.js:2:654957)
    at ChildProcess.emit (node:events:519:28)
    at ChildProcess._handle.onexit (node:internal/child_process:294:12)
2025-08-16 15:53:05 2025-08-16T22:53:05.057Z fwuploader ERROR Error: Process exited with exit code: 1
    at ChildProcess.<anonymous> (/nix/store/2d5i1bzbqbnl4rgnhk8czrw5zmqqjdzv-arduino-ide-2.3.6-extracted/resources/app/lib/backend/main.js:2:654957)
    at ChildProcess.emit (node:events:519:28)
    at ChildProcess._handle.onexit (node:internal/child_process:294:12)
2025-08-16 15:53:05 2025-08-16T22:53:05.058Z fwuploader ERROR Error: Process exited with exit code: 1
    at ChildProcess.<anonymous> (/nix/store/2d5i1bzbqbnl4rgnhk8czrw5zmqqjdzv-arduino-ide-2.3.6-extracted/resources/app/lib/backend/main.js:2:654957)
    at ChildProcess.emit (node:events:519:28)
    at ChildProcess._handle.onexit (node:internal/child_process:294:12)
2025-08-16 15:53:05 2025-08-16T22:53:05.059Z fwuploader ERROR Error: Process exited with exit code: 1
    at ChildProcess.<anonymous> (/nix/store/2d5i1bzbqbnl4rgnhk8czrw5zmqqjdzv-arduino-ide-2.3.6-extracted/resources/app/lib/backend/main.js:2:654957)
    at ChildProcess.emit (node:events:519:28)
    at ChildProcess._handle.onexit (node:internal/child_process:294:12)
2025-08-16 15:53:19 2025-08-16T22:53:19.230Z daemon INFO time="2025-08-16T15:53:19-07:00" level=info msg="Adding libraries dir" dir=/home/aaron/.arduino15/libraries isSingleLibrary=false location=ide
time="2025-08-16T15:53:19-07:00" level=info msg="Adding libraries dir" dir=/home/aaron/.arduino15/packages/esp32/hardware/esp32/3.3.0/libraries isSingleLibrary=false location=platform
time="2025-08-16T15:53:19-07:00" level=info msg="Adding libraries dir" dir=/home/aaron/Arduino/libraries isSingleLibrary=false location=user
2025-08-16 15:53:30 2025-08-16T22:53:30.184Z discovery-log INFO {"eventType":"add","port":{"matchingBoardsList":[],"port":{"address":"/dev/ttyACM0","label":"/dev/ttyACM0","protocol":"serial","protocolLabel":"Serial Port (USB)","propertiesMap":[["pid","0x5740"],["serialNumber","400"],["vid","0x0483"]],"hardwareId":"400"}},"error":""}
2025-08-16 15:53:30 2025-08-16T22:53:30.184Z discovery-log INFO {"eventType":"add","port":{"matchingBoardsList":[],"port":{"address":"/dev/ttyS0","label":"/dev/ttyS0","protocol":"serial","protocolLabel":"Serial Port","propertiesMap":[],"hardwareId":""}},"error":""}
2025-08-16 15:53:30 2025-08-16T22:53:30.440Z daemon INFO time="2025-08-16T15:53:30-07:00" level=info msg="Starting monitor process" monitor=serial-monitor
2025-08-16 15:53:30 2025-08-16T22:53:30.458Z daemon INFO time="2025-08-16T15:53:30-07:00" level=info msg="Monitor process started successfully!" monitor=serial-monitor
time="2025-08-16T15:53:30-07:00" level=info msg="sending command" command="HELLO 1 \"arduino-cli 1.2.0\"" monitor=serial-monitor
2025-08-16 15:53:30 2025-08-16T22:53:30.490Z daemon INFO time="2025-08-16T15:53:30-07:00" level=info msg="received message" error=false event_type=hello message=OK monitor=serial-monitor
time="2025-08-16T15:53:30-07:00" level=info msg="sending command" command=DESCRIBE monitor=serial-monitor
2025-08-16 15:53:30 2025-08-16T22:53:30.490Z daemon INFO time="2025-08-16T15:53:30-07:00" level=info msg="received message" error=false event_type=describe message=OK monitor=serial-monitor
2025-08-16 15:53:30 2025-08-16T22:53:30.490Z daemon INFO time="2025-08-16T15:53:30-07:00" level=info msg="sending command" command=QUIT monitor=serial-monitor
2025-08-16 15:53:30 2025-08-16T22:53:30.490Z daemon INFO time="2025-08-16T15:53:30-07:00" level=info msg="received message" error=false event_type=quit message=OK monitor=serial-monitor
time="2025-08-16T15:53:30-07:00" level=info msg="Killing monitor process" monitor=serial-monitor
2025-08-16 15:53:30 2025-08-16T22:53:30.490Z daemon INFO time="2025-08-16T15:53:30-07:00" level=error msg="stopped decode loop: EOF" monitor=serial-monitor
2025-08-16 15:53:30 2025-08-16T22:53:30.491Z daemon INFO time="2025-08-16T15:53:30-07:00" level=info msg="Monitor process killed" monitor=serial-monitor
2025-08-16 15:53:30 2025-08-16T22:53:30.548Z monitor-service INFO starting monitor
2025-08-16 15:53:30 2025-08-16T22:53:30.551Z daemon INFO time="2025-08-16T15:53:30-07:00" level=info msg="Starting monitor process" monitor=serial-monitor
2025-08-16 15:53:30 2025-08-16T22:53:30.551Z daemon INFO time="2025-08-16T15:53:30-07:00" level=info msg="Monitor process started successfully!" monitor=serial-monitor
time="2025-08-16T15:53:30-07:00" level=info msg="sending command" command="HELLO 1 \"arduino-cli 1.2.0\"" monitor=serial-monitor
2025-08-16 15:53:30 2025-08-16T22:53:30.554Z daemon INFO time="2025-08-16T15:53:30-07:00" level=info msg="received message" error=false event_type=hello message=OK monitor=serial-monitor
time="2025-08-16T15:53:30-07:00" level=info msg="sending command" command=DESCRIBE monitor=serial-monitor
2025-08-16 15:53:30 2025-08-16T22:53:30.554Z daemon INFO time="2025-08-16T15:53:30-07:00" level=info msg="received message" error=false event_type=describe message=OK monitor=serial-monitor
time="2025-08-16T15:53:30-07:00" level=info msg="sending command" command=QUIT monitor=serial-monitor
2025-08-16 15:53:30 2025-08-16T22:53:30.554Z daemon INFO time="2025-08-16T15:53:30-07:00" level=info msg="received message" error=false event_type=quit message=OK monitor=serial-monitor
time="2025-08-16T15:53:30-07:00" level=info msg="Killing monitor process" monitor=serial-monitor
2025-08-16 15:53:30 2025-08-16T22:53:30.554Z daemon INFO time="2025-08-16T15:53:30-07:00" level=error msg="stopped decode loop: EOF" monitor=serial-monitor
2025-08-16 15:53:30 2025-08-16T22:53:30.554Z daemon INFO time="2025-08-16T15:53:30-07:00" level=info msg="Monitor process killed" monitor=serial-monitor
2025-08-16 15:53:30 2025-08-16T22:53:30.561Z daemon INFO time="2025-08-16T15:53:30-07:00" level=info msg="Starting monitor process" monitor=serial-monitor
2025-08-16 15:53:30 2025-08-16T22:53:30.561Z daemon INFO time="2025-08-16T15:53:30-07:00" level=info msg="Monitor process started successfully!" monitor=serial-monitor
time="2025-08-16T15:53:30-07:00" level=info msg="sending command" command="HELLO 1 \"arduino-cli 1.2.0\"" monitor=serial-monitor
2025-08-16 15:53:30 2025-08-16T22:53:30.563Z daemon INFO time="2025-08-16T15:53:30-07:00" level=info msg="received message" error=false event_type=hello message=OK monitor=serial-monitor
time="2025-08-16T15:53:30-07:00" level=info msg="sending command" command=DESCRIBE monitor=serial-monitor
2025-08-16 15:53:30 2025-08-16T22:53:30.563Z daemon INFO time="2025-08-16T15:53:30-07:00" level=info msg="received message" error=false event_type=describe message=OK monitor=serial-monitor
time="2025-08-16T15:53:30-07:00" level=info msg="sending command" command="CONFIGURE baudrate 115200" monitor=serial-monitor
2025-08-16 15:53:30 2025-08-16T22:53:30.563Z daemon INFO time="2025-08-16T15:53:30-07:00" level=info msg="received message" error=false event_type=configure message=OK monitor=serial-monitor
2025-08-16 15:53:30 2025-08-16T22:53:30.564Z daemon INFO time="2025-08-16T15:53:30-07:00" level=info msg="sending command" command="CONFIGURE bits 8" monitor=serial-monitor
time="2025-08-16T15:53:30-07:00" level=info msg="received message" error=false event_type=configure message=OK monitor=serial-monitor
2025-08-16 15:53:30 2025-08-16T22:53:30.564Z daemon INFO time="2025-08-16T15:53:30-07:00" level=info msg="sending command" command="CONFIGURE dtr on" monitor=serial-monitor
time="2025-08-16T15:53:30-07:00" level=info msg="received message" error=false event_type=configure message=OK monitor=serial-monitor
time="2025-08-16T15:53:30-07:00" level=info msg="sending command" command="CONFIGURE parity none" monitor=serial-monitor
2025-08-16 15:53:30 2025-08-16T22:53:30.564Z daemon INFO time="2025-08-16T15:53:30-07:00" level=info msg="received message" error=false event_type=configure message=OK monitor=serial-monitor
2025-08-16 15:53:30 2025-08-16T22:53:30.564Z daemon INFO time="2025-08-16T15:53:30-07:00" level=info msg="sending command" command="CONFIGURE rts on" monitor=serial-monitor
time="2025-08-16T15:53:30-07:00" level=info msg="received message" error=false event_type=configure message=OK monitor=serial-monitor
2025-08-16 15:53:30 2025-08-16T22:53:30.564Z daemon INFO time="2025-08-16T15:53:30-07:00" level=info msg="sending command" command="CONFIGURE stop_bits 1" monitor=serial-monitor
2025-08-16 15:53:30 2025-08-16T22:53:30.564Z daemon INFO time="2025-08-16T15:53:30-07:00" level=info msg="received message" error=false event_type=configure message=OK monitor=serial-monitor
2025-08-16 15:53:30 2025-08-16T22:53:30.564Z daemon INFO time="2025-08-16T15:53:30-07:00" level=info msg="sending command" command="OPEN 127.0.0.1:42833 /dev/ttyACM0" monitor=serial-monitor
2025-08-16 15:53:30 2025-08-16T22:53:30.564Z daemon INFO time="2025-08-16T15:53:30-07:00" level=info msg="received message" error=true event_type=open message="Serial port busy" monitor=serial-monitor
2025-08-16 15:53:30 2025-08-16T22:53:30.564Z daemon INFO time="2025-08-16T15:53:30-07:00" level=info msg="sending command" command=QUIT monitor=serial-monitor
2025-08-16 15:53:30 2025-08-16T22:53:30.564Z daemon INFO time="2025-08-16T15:53:30-07:00" level=info msg="received message" error=false event_type=quit message=OK monitor=serial-monitor
time="2025-08-16T15:53:30-07:00" level=info msg="Killing monitor process" monitor=serial-monitor
2025-08-16 15:53:30 2025-08-16T22:53:30.564Z daemon INFO time="2025-08-16T15:53:30-07:00" level=error msg="stopped decode loop: EOF" monitor=serial-monitor
2025-08-16 15:53:30 2025-08-16T22:53:30.564Z daemon INFO time="2025-08-16T15:53:30-07:00" level=info msg="Monitor process killed" monitor=serial-monitor
2025-08-16 15:53:30 2025-08-16T22:53:30.566Z monitor-service ERROR Error: 13 INTERNAL: Port monitor error: command 'open' failed: Serial port busy
    at t.callErrorFromStatus (/nix/store/2d5i1bzbqbnl4rgnhk8czrw5zmqqjdzv-arduino-ide-2.3.6-extracted/resources/app/lib/backend/main.js:2:987037)
    at Object.onReceiveStatus (/nix/store/2d5i1bzbqbnl4rgnhk8czrw5zmqqjdzv-arduino-ide-2.3.6-extracted/resources/app/lib/backend/main.js:2:3786743)
    at Object.onReceiveStatus (/nix/store/2d5i1bzbqbnl4rgnhk8czrw5zmqqjdzv-arduino-ide-2.3.6-extracted/resources/app/lib/backend/main.js:2:2216111)
    at /nix/store/2d5i1bzbqbnl4rgnhk8czrw5zmqqjdzv-arduino-ide-2.3.6-extracted/resources/app/lib/backend/main.js:2:4354680
    at process.processTicksAndRejections (node:internal/process/task_queues:77:11)
for call at
    at s.makeBidiStreamRequest (/nix/store/2d5i1bzbqbnl4rgnhk8czrw5zmqqjdzv-arduino-ide-2.3.6-extracted/resources/app/lib/backend/main.js:2:3786510)
    at s.monitor (/nix/store/2d5i1bzbqbnl4rgnhk8czrw5zmqqjdzv-arduino-ide-2.3.6-extracted/resources/app/lib/backend/main.js:2:3311624)
    at y.createDuplex (/nix/store/2d5i1bzbqbnl4rgnhk8czrw5zmqqjdzv-arduino-ide-2.3.6-extracted/resources/app/lib/backend/main.js:2:3732370)
    at process.processTicksAndRejections (node:internal/process/task_queues:95:5)
    at async /nix/store/2d5i1bzbqbnl4rgnhk8czrw5zmqqjdzv-arduino-ide-2.3.6-extracted/resources/app/lib/backend/main.js:2:3733698
    at async t.retry (/nix/store/2d5i1bzbqbnl4rgnhk8czrw5zmqqjdzv-arduino-ide-2.3.6-extracted/resources/app/lib/backend/main.js:2:2019631)
    at async y.start (/nix/store/2d5i1bzbqbnl4rgnhk8czrw5zmqqjdzv-arduino-ide-2.3.6-extracted/resources/app/lib/backend/main.js:2:3731251)
    at async u.startMonitor (/nix/store/2d5i1bzbqbnl4rgnhk8czrw5zmqqjdzv-arduino-ide-2.3.6-extracted/resources/app/lib/backend/main.js:2:239367)
    at async u.onRequest (/nix/store/2d5i1bzbqbnl4rgnhk8czrw5zmqqjdzv-arduino-ide-2.3.6-extracted/resources/app/lib/backend/main.js:2:4942944)
    at async c.handleRequest (/nix/store/2d5i1bzbqbnl4rgnhk8czrw5zmqqjdzv-arduino-ide-2.3.6-extracted/resources/app/lib/backend/main.js:2:524475)
2025-08-16 15:53:30 2025-08-16T22:53:30.566Z monitor-service INFO monitor to /dev/ttyACM0 using serial closed by server
2025-08-16 15:53:30 2025-08-16T22:53:30.566Z monitor-service INFO monitor to /dev/ttyACM0 using serial closed by client
2025-08-16 15:53:32 2025-08-16T22:53:32.571Z daemon INFO time="2025-08-16T15:53:32-07:00" level=info msg="Starting monitor process" monitor=serial-monitor
2025-08-16 15:53:32 2025-08-16T22:53:32.572Z daemon INFO time="2025-08-16T15:53:32-07:00" level=info msg="Monitor process started successfully!" monitor=serial-monitor
time="2025-08-16T15:53:32-07:00" level=info msg="sending command" command="HELLO 1 \"arduino-cli 1.2.0\"" monitor=serial-monitor
2025-08-16 15:53:32 2025-08-16T22:53:32.575Z daemon INFO time="2025-08-16T15:53:32-07:00" level=info msg="received message" error=false event_type=hello message=OK monitor=serial-monitor
time="2025-08-16T15:53:32-07:00" level=info msg="sending command" command=DESCRIBE monitor=serial-monitor
2025-08-16 15:53:32 2025-08-16T22:53:32.575Z daemon INFO time="2025-08-16T15:53:32-07:00" level=info msg="received message" error=false event_type=describe message=OK monitor=serial-monitor
time="2025-08-16T15:53:32-07:00" level=info msg="sending command" command="CONFIGURE baudrate 115200" monitor=serial-monitor
2025-08-16 15:53:32 2025-08-16T22:53:32.575Z daemon INFO time="2025-08-16T15:53:32-07:00" level=info msg="received message" error=false event_type=configure message=OK monitor=serial-monitor
2025-08-16 15:53:32 2025-08-16T22:53:32.575Z daemon INFO time="2025-08-16T15:53:32-07:00" level=info msg="sending command" command="CONFIGURE bits 8" monitor=serial-monitor
time="2025-08-16T15:53:32-07:00" level=info msg="received message" error=false event_type=configure message=OK monitor=serial-monitor
2025-08-16 15:53:32 2025-08-16T22:53:32.575Z daemon INFO time="2025-08-16T15:53:32-07:00" level=info msg="sending command" command="CONFIGURE dtr on" monitor=serial-monitor
time="2025-08-16T15:53:32-07:00" level=info msg="received message" error=false event_type=configure message=OK monitor=serial-monitor
time="2025-08-16T15:53:32-07:00" level=info msg="sending command" command="CONFIGURE parity none" monitor=serial-monitor
2025-08-16 15:53:32 2025-08-16T22:53:32.576Z daemon INFO time="2025-08-16T15:53:32-07:00" level=info msg="received message" error=false event_type=configure message=OK monitor=serial-monitor
time="2025-08-16T15:53:32-07:00" level=info msg="sending command" command="CONFIGURE rts on" monitor=serial-monitor
2025-08-16 15:53:32 2025-08-16T22:53:32.576Z daemon INFO time="2025-08-16T15:53:32-07:00" level=info msg="received message" error=false event_type=configure message=OK monitor=serial-monitor
time="2025-08-16T15:53:32-07:00" level=info msg="sending command" command="CONFIGURE stop_bits 1" monitor=serial-monitor
time="2025-08-16T15:53:32-07:00" level=info msg="received message" error=false event_type=configure message=OK monitor=serial-monitor
2025-08-16 15:53:32 2025-08-16T22:53:32.576Z daemon INFO time="2025-08-16T15:53:32-07:00" level=info msg="sending command" command="OPEN 127.0.0.1:35877 /dev/ttyACM0" monitor=serial-monitor
time="2025-08-16T15:53:32-07:00" level=info msg="received message" error=true event_type=open message="Serial port busy" monitor=serial-monitor
2025-08-16 15:53:32 2025-08-16T22:53:32.576Z daemon INFO time="2025-08-16T15:53:32-07:00" level=info msg="sending command" command=QUIT monitor=serial-monitor
time="2025-08-16T15:53:32-07:00" level=info msg="received message" error=false event_type=quit message=OK monitor=serial-monitor
time="2025-08-16T15:53:32-07:00" level=info msg="Killing monitor process" monitor=serial-monitor
2025-08-16 15:53:32 2025-08-16T22:53:32.577Z daemon INFO time="2025-08-16T15:53:32-07:00" level=error msg="stopped decode loop: EOF" monitor=serial-monitor
2025-08-16 15:53:32 2025-08-16T22:53:32.577Z daemon INFO time="2025-08-16T15:53:32-07:00" level=info msg="Monitor process killed" monitor=serial-monitor
2025-08-16 15:53:32 2025-08-16T22:53:32.578Z monitor-service ERROR Error: 13 INTERNAL: Port monitor error: command 'open' failed: Serial port busy
    at t.callErrorFromStatus (/nix/store/2d5i1bzbqbnl4rgnhk8czrw5zmqqjdzv-arduino-ide-2.3.6-extracted/resources/app/lib/backend/main.js:2:987037)
    at Object.onReceiveStatus (/nix/store/2d5i1bzbqbnl4rgnhk8czrw5zmqqjdzv-arduino-ide-2.3.6-extracted/resources/app/lib/backend/main.js:2:3786743)
    at Object.onReceiveStatus (/nix/store/2d5i1bzbqbnl4rgnhk8czrw5zmqqjdzv-arduino-ide-2.3.6-extracted/resources/app/lib/backend/main.js:2:2216111)
    at /nix/store/2d5i1bzbqbnl4rgnhk8czrw5zmqqjdzv-arduino-ide-2.3.6-extracted/resources/app/lib/backend/main.js:2:4354680
    at process.processTicksAndRejections (node:internal/process/task_queues:77:11)
for call at
    at s.makeBidiStreamRequest (/nix/store/2d5i1bzbqbnl4rgnhk8czrw5zmqqjdzv-arduino-ide-2.3.6-extracted/resources/app/lib/backend/main.js:2:3786510)
    at s.monitor (/nix/store/2d5i1bzbqbnl4rgnhk8czrw5zmqqjdzv-arduino-ide-2.3.6-extracted/resources/app/lib/backend/main.js:2:3311624)
    at y.createDuplex (/nix/store/2d5i1bzbqbnl4rgnhk8czrw5zmqqjdzv-arduino-ide-2.3.6-extracted/resources/app/lib/backend/main.js:2:3732370)
    at async /nix/store/2d5i1bzbqbnl4rgnhk8czrw5zmqqjdzv-arduino-ide-2.3.6-extracted/resources/app/lib/backend/main.js:2:3733698
    at async t.retry (/nix/store/2d5i1bzbqbnl4rgnhk8czrw5zmqqjdzv-arduino-ide-2.3.6-extracted/resources/app/lib/backend/main.js:2:2019631)
    at async y.start (/nix/store/2d5i1bzbqbnl4rgnhk8czrw5zmqqjdzv-arduino-ide-2.3.6-extracted/resources/app/lib/backend/main.js:2:3731251)
    at async u.startMonitor (/nix/store/2d5i1bzbqbnl4rgnhk8czrw5zmqqjdzv-arduino-ide-2.3.6-extracted/resources/app/lib/backend/main.js:2:239367)
    at async u.onRequest (/nix/store/2d5i1bzbqbnl4rgnhk8czrw5zmqqjdzv-arduino-ide-2.3.6-extracted/resources/app/lib/backend/main.js:2:4942944)
    at async c.handleRequest (/nix/store/2d5i1bzbqbnl4rgnhk8czrw5zmqqjdzv-arduino-ide-2.3.6-extracted/resources/app/lib/backend/main.js:2:524475)
2025-08-16 15:53:32 2025-08-16T22:53:32.578Z monitor-service INFO monitor to /dev/ttyACM0 using serial closed by server
2025-08-16 15:53:32 2025-08-16T22:53:32.578Z monitor-service INFO monitor to /dev/ttyACM0 using serial closed by client
2025-08-16 15:53:34 2025-08-16T22:53:34.581Z daemon INFO time="2025-08-16T15:53:34-07:00" level=info msg="Starting monitor process" monitor=serial-monitor
2025-08-16 15:53:34 2025-08-16T22:53:34.582Z daemon INFO time="2025-08-16T15:53:34-07:00" level=info msg="Monitor process started successfully!" monitor=serial-monitor
time="2025-08-16T15:53:34-07:00" level=info msg="sending command" command="HELLO 1 \"arduino-cli 1.2.0\"" monitor=serial-monitor
2025-08-16 15:53:34 2025-08-16T22:53:34.585Z daemon INFO time="2025-08-16T15:53:34-07:00" level=info msg="received message" error=false event_type=hello message=OK monitor=serial-monitor
time="2025-08-16T15:53:34-07:00" level=info msg="sending command" command=DESCRIBE monitor=serial-monitor
2025-08-16 15:53:34 2025-08-16T22:53:34.585Z daemon INFO time="2025-08-16T15:53:34-07:00" level=info msg="received message" error=false event_type=describe message=OK monitor=serial-monitor
time="2025-08-16T15:53:34-07:00" level=info msg="sending command" command="CONFIGURE baudrate 115200" monitor=serial-monitor
2025-08-16 15:53:34 2025-08-16T22:53:34.585Z daemon INFO time="2025-08-16T15:53:34-07:00" level=info msg="received message" error=false event_type=configure message=OK monitor=serial-monitor
2025-08-16 15:53:34 2025-08-16T22:53:34.585Z daemon INFO time="2025-08-16T15:53:34-07:00" level=info msg="sending command" command="CONFIGURE bits 8" monitor=serial-monitor
2025-08-16 15:53:34 2025-08-16T22:53:34.586Z daemon INFO time="2025-08-16T15:53:34-07:00" level=info msg="received message" error=false event_type=configure message=OK monitor=serial-monitor
time="2025-08-16T15:53:34-07:00" level=info msg="sending command" command="CONFIGURE dtr on" monitor=serial-monitor
2025-08-16 15:53:34 2025-08-16T22:53:34.586Z daemon INFO time="2025-08-16T15:53:34-07:00" level=info msg="received message" error=false event_type=configure message=OK monitor=serial-monitor
2025-08-16 15:53:34 2025-08-16T22:53:34.586Z daemon INFO time="2025-08-16T15:53:34-07:00" level=info msg="sending command" command="CONFIGURE parity none" monitor=serial-monitor
2025-08-16 15:53:34 2025-08-16T22:53:34.586Z daemon INFO time="2025-08-16T15:53:34-07:00" level=info msg="received message" error=false event_type=configure message=OK monitor=serial-monitor
time="2025-08-16T15:53:34-07:00" level=info msg="sending command" command="CONFIGURE rts on" monitor=serial-monitor
2025-08-16 15:53:34 2025-08-16T22:53:34.586Z daemon INFO time="2025-08-16T15:53:34-07:00" level=info msg="received message" error=false event_type=configure message=OK monitor=serial-monitor
2025-08-16 15:53:34 2025-08-16T22:53:34.586Z daemon INFO time="2025-08-16T15:53:34-07:00" level=info msg="sending command" command="CONFIGURE stop_bits 1" monitor=serial-monitor
2025-08-16 15:53:34 2025-08-16T22:53:34.586Z daemon INFO time="2025-08-16T15:53:34-07:00" level=info msg="received message" error=false event_type=configure message=OK monitor=serial-monitor
2025-08-16 15:53:34 2025-08-16T22:53:34.586Z daemon INFO time="2025-08-16T15:53:34-07:00" level=info msg="sending command" command="OPEN 127.0.0.1:45267 /dev/ttyACM0" monitor=serial-monitor
2025-08-16 15:53:34 2025-08-16T22:53:34.586Z daemon INFO time="2025-08-16T15:53:34-07:00" level=info msg="received message" error=true event_type=open message="Serial port busy" monitor=serial-monitor
2025-08-16 15:53:34 2025-08-16T22:53:34.586Z daemon INFO time="2025-08-16T15:53:34-07:00" level=info msg="sending command" command=QUIT monitor=serial-monitor
2025-08-16 15:53:34 2025-08-16T22:53:34.586Z daemon INFO time="2025-08-16T15:53:34-07:00" level=info msg="received message" error=false event_type=quit message=OK monitor=serial-monitor
time="2025-08-16T15:53:34-07:00" level=info msg="Killing monitor process" monitor=serial-monitor
2025-08-16 15:53:34 2025-08-16T22:53:34.587Z daemon INFO time="2025-08-16T15:53:34-07:00" level=error msg="stopped decode loop: EOF" monitor=serial-monitor
2025-08-16 15:53:34 2025-08-16T22:53:34.587Z daemon INFO time="2025-08-16T15:53:34-07:00" level=info msg="Monitor process killed" monitor=serial-monitor
2025-08-16 15:53:34 2025-08-16T22:53:34.588Z monitor-service ERROR Error: 13 INTERNAL: Port monitor error: command 'open' failed: Serial port busy
    at t.callErrorFromStatus (/nix/store/2d5i1bzbqbnl4rgnhk8czrw5zmqqjdzv-arduino-ide-2.3.6-extracted/resources/app/lib/backend/main.js:2:987037)
    at Object.onReceiveStatus (/nix/store/2d5i1bzbqbnl4rgnhk8czrw5zmqqjdzv-arduino-ide-2.3.6-extracted/resources/app/lib/backend/main.js:2:3786743)
    at Object.onReceiveStatus (/nix/store/2d5i1bzbqbnl4rgnhk8czrw5zmqqjdzv-arduino-ide-2.3.6-extracted/resources/app/lib/backend/main.js:2:2216111)
    at /nix/store/2d5i1bzbqbnl4rgnhk8czrw5zmqqjdzv-arduino-ide-2.3.6-extracted/resources/app/lib/backend/main.js:2:4354680
    at process.processTicksAndRejections (node:internal/process/task_queues:77:11)
for call at
    at s.makeBidiStreamRequest (/nix/store/2d5i1bzbqbnl4rgnhk8czrw5zmqqjdzv-arduino-ide-2.3.6-extracted/resources/app/lib/backend/main.js:2:3786510)
    at s.monitor (/nix/store/2d5i1bzbqbnl4rgnhk8czrw5zmqqjdzv-arduino-ide-2.3.6-extracted/resources/app/lib/backend/main.js:2:3311624)
    at y.createDuplex (/nix/store/2d5i1bzbqbnl4rgnhk8czrw5zmqqjdzv-arduino-ide-2.3.6-extracted/resources/app/lib/backend/main.js:2:3732370)
    at async /nix/store/2d5i1bzbqbnl4rgnhk8czrw5zmqqjdzv-arduino-ide-2.3.6-extracted/resources/app/lib/backend/main.js:2:3733698
    at async t.retry (/nix/store/2d5i1bzbqbnl4rgnhk8czrw5zmqqjdzv-arduino-ide-2.3.6-extracted/resources/app/lib/backend/main.js:2:2019631)
    at async y.start (/nix/store/2d5i1bzbqbnl4rgnhk8czrw5zmqqjdzv-arduino-ide-2.3.6-extracted/resources/app/lib/backend/main.js:2:3731251)
    at async u.startMonitor (/nix/store/2d5i1bzbqbnl4rgnhk8czrw5zmqqjdzv-arduino-ide-2.3.6-extracted/resources/app/lib/backend/main.js:2:239367)
    at async u.onRequest (/nix/store/2d5i1bzbqbnl4rgnhk8czrw5zmqqjdzv-arduino-ide-2.3.6-extracted/resources/app/lib/backend/main.js:2:4942944)
    at async c.handleRequest (/nix/store/2d5i1bzbqbnl4rgnhk8czrw5zmqqjdzv-arduino-ide-2.3.6-extracted/resources/app/lib/backend/main.js:2:524475)
2025-08-16 15:53:34 2025-08-16T22:53:34.588Z monitor-service INFO monitor to /dev/ttyACM0 using serial closed by server
2025-08-16 15:53:34 2025-08-16T22:53:34.588Z monitor-service INFO monitor to /dev/ttyACM0 using serial closed by client
2025-08-16 15:53:35 2025-08-16T22:53:35.129Z root ERROR Failed to update platform, library indexes. Error: 13 INTERNAL: Error downloading index 'https://downloads.arduino.cc/libraries/library_index.tar.bz2': Get "https://downloads.arduino.cc/libraries/library_index.tar.bz2": context deadline exceeded
    at t.callErrorFromStatus (/nix/store/2d5i1bzbqbnl4rgnhk8czrw5zmqqjdzv-arduino-ide-2.3.6-extracted/resources/app/lib/backend/main.js:2:987037)
    at Object.onReceiveStatus (/nix/store/2d5i1bzbqbnl4rgnhk8czrw5zmqqjdzv-arduino-ide-2.3.6-extracted/resources/app/lib/backend/main.js:2:3785786)
    at Object.onReceiveStatus (/nix/store/2d5i1bzbqbnl4rgnhk8czrw5zmqqjdzv-arduino-ide-2.3.6-extracted/resources/app/lib/backend/main.js:2:2216111)
    at /nix/store/2d5i1bzbqbnl4rgnhk8czrw5zmqqjdzv-arduino-ide-2.3.6-extracted/resources/app/lib/backend/main.js:2:4354680
    at process.processTicksAndRejections (node:internal/process/task_queues:77:11)
for call at
    at s.makeServerStreamRequest (/nix/store/2d5i1bzbqbnl4rgnhk8czrw5zmqqjdzv-arduino-ide-2.3.6-extracted/resources/app/lib/backend/main.js:2:3785553)
    at s.updateLibrariesIndex (/nix/store/2d5i1bzbqbnl4rgnhk8czrw5zmqqjdzv-arduino-ide-2.3.6-extracted/resources/app/lib/backend/main.js:2:3311624)
    at /nix/store/2d5i1bzbqbnl4rgnhk8czrw5zmqqjdzv-arduino-ide-2.3.6-extracted/resources/app/lib/backend/main.js:2:104891
    at /nix/store/2d5i1bzbqbnl4rgnhk8czrw5zmqqjdzv-arduino-ide-2.3.6-extracted/resources/app/lib/backend/main.js:2:105084
    at new Promise (<anonymous>)
    at y.doUpdateIndex (/nix/store/2d5i1bzbqbnl4rgnhk8czrw5zmqqjdzv-arduino-ide-2.3.6-extracted/resources/app/lib/backend/main.js:2:105063)
    at y.updateLibraryIndex (/nix/store/2d5i1bzbqbnl4rgnhk8czrw5zmqqjdzv-arduino-ide-2.3.6-extracted/resources/app/lib/backend/main.js:2:104863)
    at y.updateIndex (/nix/store/2d5i1bzbqbnl4rgnhk8czrw5zmqqjdzv-arduino-ide-2.3.6-extracted/resources/app/lib/backend/main.js:2:104137)
    at D.updateIndex (/nix/store/2d5i1bzbqbnl4rgnhk8czrw5zmqqjdzv-arduino-ide-2.3.6-extracted/resources/app/lib/backend/main.js:2:106788)
    at process.processTicksAndRejections (node:internal/process/task_queues:95:5)
2025-08-16 15:53:35 2025-08-16T22:53:35.130Z root INFO core-client-provider [platform-index] Downloading index: package_esp32_index.json

2025-08-16 15:53:35 2025-08-16T22:53:35.131Z daemon INFO time="2025-08-16T15:53:35-07:00" level=info msg="Updating index" url="https://raw.githubusercontent.com/espressif/arduino-esp32/gh-pages/package_esp32_index.json"
time="2025-08-16T15:53:35-07:00" level=info msg="Starting download" url="https://raw.githubusercontent.com/espressif/arduino-esp32/gh-pages/package_esp32_index.json"
2025-08-16 15:53:36 2025-08-16T22:53:36.591Z daemon INFO time="2025-08-16T15:53:36-07:00" level=info msg="Starting monitor process" monitor=serial-monitor
2025-08-16 15:53:36 2025-08-16T22:53:36.592Z daemon INFO time="2025-08-16T15:53:36-07:00" level=info msg="Monitor process started successfully!" monitor=serial-monitor
time="2025-08-16T15:53:36-07:00" level=info msg="sending command" command="HELLO 1 \"arduino-cli 1.2.0\"" monitor=serial-monitor
2025-08-16 15:53:36 2025-08-16T22:53:36.596Z daemon INFO time="2025-08-16T15:53:36-07:00" level=info msg="received message" error=false event_type=hello message=OK monitor=serial-monitor
time="2025-08-16T15:53:36-07:00" level=info msg="sending command" command=DESCRIBE monitor=serial-monitor
2025-08-16 15:53:36 2025-08-16T22:53:36.596Z daemon INFO time="2025-08-16T15:53:36-07:00" level=info msg="received message" error=false event_type=describe message=OK monitor=serial-monitor
time="2025-08-16T15:53:36-07:00" level=info msg="sending command" command="CONFIGURE baudrate 115200" monitor=serial-monitor
2025-08-16 15:53:36 2025-08-16T22:53:36.596Z daemon INFO time="2025-08-16T15:53:36-07:00" level=info msg="received message" error=false event_type=configure message=OK monitor=serial-monitor
2025-08-16 15:53:36 2025-08-16T22:53:36.596Z daemon INFO time="2025-08-16T15:53:36-07:00" level=info msg="sending command" command="CONFIGURE bits 8" monitor=serial-monitor
time="2025-08-16T15:53:36-07:00" level=info msg="received message" error=false event_type=configure message=OK monitor=serial-monitor
2025-08-16 15:53:36 2025-08-16T22:53:36.596Z daemon INFO time="2025-08-16T15:53:36-07:00" level=info msg="sending command" command="CONFIGURE dtr on" monitor=serial-monitor
time="2025-08-16T15:53:36-07:00" level=info msg="received message" error=false event_type=configure message=OK monitor=serial-monitor
time="2025-08-16T15:53:36-07:00" level=info msg="sending command" command="CONFIGURE parity none" monitor=serial-monitor
2025-08-16 15:53:36 2025-08-16T22:53:36.596Z daemon INFO time="2025-08-16T15:53:36-07:00" level=info msg="received message" error=false event_type=configure message=OK monitor=serial-monitor
time="2025-08-16T15:53:36-07:00" level=info msg="sending command" command="CONFIGURE rts on" monitor=serial-monitor
2025-08-16 15:53:36 2025-08-16T22:53:36.597Z daemon INFO time="2025-08-16T15:53:36-07:00" level=info msg="received message" error=false event_type=configure message=OK monitor=serial-monitor
time="2025-08-16T15:53:36-07:00" level=info msg="sending command" command="CONFIGURE stop_bits 1" monitor=serial-monitor
2025-08-16 15:53:36 2025-08-16T22:53:36.597Z daemon INFO time="2025-08-16T15:53:36-07:00" level=info msg="received message" error=false event_type=configure message=OK monitor=serial-monitor
2025-08-16 15:53:36 2025-08-16T22:53:36.597Z daemon INFO time="2025-08-16T15:53:36-07:00" level=info msg="sending command" command="OPEN 127.0.0.1:36799 /dev/ttyACM0" monitor=serial-monitor
2025-08-16 15:53:36 2025-08-16T22:53:36.597Z daemon INFO time="2025-08-16T15:53:36-07:00" level=info msg="received message" error=true event_type=open message="Serial port busy" monitor=serial-monitor
2025-08-16 15:53:36 2025-08-16T22:53:36.597Z daemon INFO time="2025-08-16T15:53:36-07:00" level=info msg="sending command" command=QUIT monitor=serial-monitor
time="2025-08-16T15:53:36-07:00" level=info msg="received message" error=false event_type=quit message=OK monitor=serial-monitor
2025-08-16 15:53:36 2025-08-16T22:53:36.597Z daemon INFO time="2025-08-16T15:53:36-07:00" level=info msg="Killing monitor process" monitor=serial-monitor
2025-08-16 15:53:36 2025-08-16T22:53:36.598Z daemon INFO time="2025-08-16T15:53:36-07:00" level=error msg="stopped decode loop: EOF" monitor=serial-monitor
2025-08-16 15:53:36 2025-08-16T22:53:36.598Z daemon INFO time="2025-08-16T15:53:36-07:00" level=info msg="Monitor process killed" monitor=serial-monitor
2025-08-16 15:53:36 2025-08-16T22:53:36.599Z monitor-service ERROR Error: 13 INTERNAL: Port monitor error: command 'open' failed: Serial port busy
    at t.callErrorFromStatus (/nix/store/2d5i1bzbqbnl4rgnhk8czrw5zmqqjdzv-arduino-ide-2.3.6-extracted/resources/app/lib/backend/main.js:2:987037)
    at Object.onReceiveStatus (/nix/store/2d5i1bzbqbnl4rgnhk8czrw5zmqqjdzv-arduino-ide-2.3.6-extracted/resources/app/lib/backend/main.js:2:3786743)
    at Object.onReceiveStatus (/nix/store/2d5i1bzbqbnl4rgnhk8czrw5zmqqjdzv-arduino-ide-2.3.6-extracted/resources/app/lib/backend/main.js:2:2216111)
    at /nix/store/2d5i1bzbqbnl4rgnhk8czrw5zmqqjdzv-arduino-ide-2.3.6-extracted/resources/app/lib/backend/main.js:2:4354680
    at process.processTicksAndRejections (node:internal/process/task_queues:77:11)
for call at
    at s.makeBidiStreamRequest (/nix/store/2d5i1bzbqbnl4rgnhk8czrw5zmqqjdzv-arduino-ide-2.3.6-extracted/resources/app/lib/backend/main.js:2:3786510)
    at s.monitor (/nix/store/2d5i1bzbqbnl4rgnhk8czrw5zmqqjdzv-arduino-ide-2.3.6-extracted/resources/app/lib/backend/main.js:2:3311624)
    at y.createDuplex (/nix/store/2d5i1bzbqbnl4rgnhk8czrw5zmqqjdzv-arduino-ide-2.3.6-extracted/resources/app/lib/backend/main.js:2:3732370)
    at async /nix/store/2d5i1bzbqbnl4rgnhk8czrw5zmqqjdzv-arduino-ide-2.3.6-extracted/resources/app/lib/backend/main.js:2:3733698
    at async t.retry (/nix/store/2d5i1bzbqbnl4rgnhk8czrw5zmqqjdzv-arduino-ide-2.3.6-extracted/resources/app/lib/backend/main.js:2:2019631)
    at async y.start (/nix/store/2d5i1bzbqbnl4rgnhk8czrw5zmqqjdzv-arduino-ide-2.3.6-extracted/resources/app/lib/backend/main.js:2:3731251)
    at async u.startMonitor (/nix/store/2d5i1bzbqbnl4rgnhk8czrw5zmqqjdzv-arduino-ide-2.3.6-extracted/resources/app/lib/backend/main.js:2:239367)
    at async u.onRequest (/nix/store/2d5i1bzbqbnl4rgnhk8czrw5zmqqjdzv-arduino-ide-2.3.6-extracted/resources/app/lib/backend/main.js:2:4942944)
    at async c.handleRequest (/nix/store/2d5i1bzbqbnl4rgnhk8czrw5zmqqjdzv-arduino-ide-2.3.6-extracted/resources/app/lib/backend/main.js:2:524475)
2025-08-16 15:53:36 2025-08-16T22:53:36.599Z monitor-service INFO monitor to /dev/ttyACM0 using serial closed by server
2025-08-16 15:53:36 2025-08-16T22:53:36.599Z monitor-service INFO monitor to /dev/ttyACM0 using serial closed by client
2025-08-16 15:53:38 2025-08-16T22:53:38.603Z daemon INFO time="2025-08-16T15:53:38-07:00" level=info msg="Starting monitor process" monitor=serial-monitor
2025-08-16 15:53:38 2025-08-16T22:53:38.603Z daemon INFO time="2025-08-16T15:53:38-07:00" level=info msg="Monitor process started successfully!" monitor=serial-monitor
time="2025-08-16T15:53:38-07:00" level=info msg="sending command" command="HELLO 1 \"arduino-cli 1.2.0\"" monitor=serial-monitor
2025-08-16 15:53:38 2025-08-16T22:53:38.606Z daemon INFO time="2025-08-16T15:53:38-07:00" level=info msg="received message" error=false event_type=hello message=OK monitor=serial-monitor
time="2025-08-16T15:53:38-07:00" level=info msg="sending command" command=DESCRIBE monitor=serial-monitor
2025-08-16 15:53:38 2025-08-16T22:53:38.606Z daemon INFO time="2025-08-16T15:53:38-07:00" level=info msg="received message" error=false event_type=describe message=OK monitor=serial-monitor
time="2025-08-16T15:53:38-07:00" level=info msg="sending command" command="CONFIGURE baudrate 115200" monitor=serial-monitor
2025-08-16 15:53:38 2025-08-16T22:53:38.606Z daemon INFO time="2025-08-16T15:53:38-07:00" level=info msg="received message" error=false event_type=configure message=OK monitor=serial-monitor
2025-08-16 15:53:38 2025-08-16T22:53:38.606Z daemon INFO time="2025-08-16T15:53:38-07:00" level=info msg="sending command" command="CONFIGURE bits 8" monitor=serial-monitor
2025-08-16 15:53:38 2025-08-16T22:53:38.606Z daemon INFO time="2025-08-16T15:53:38-07:00" level=info msg="received message" error=false event_type=configure message=OK monitor=serial-monitor
time="2025-08-16T15:53:38-07:00" level=info msg="sending command" command="CONFIGURE dtr on" monitor=serial-monitor
2025-08-16 15:53:38 2025-08-16T22:53:38.606Z daemon INFO time="2025-08-16T15:53:38-07:00" level=info msg="received message" error=false event_type=configure message=OK monitor=serial-monitor
2025-08-16 15:53:38 2025-08-16T22:53:38.606Z daemon INFO time="2025-08-16T15:53:38-07:00" level=info msg="sending command" command="CONFIGURE parity none" monitor=serial-monitor
2025-08-16 15:53:38 2025-08-16T22:53:38.606Z daemon INFO time="2025-08-16T15:53:38-07:00" level=info msg="received message" error=false event_type=configure message=OK monitor=serial-monitor
2025-08-16 15:53:38 2025-08-16T22:53:38.607Z daemon INFO time="2025-08-16T15:53:38-07:00" level=info msg="sending command" command="CONFIGURE rts on" monitor=serial-monitor
2025-08-16 15:53:38 2025-08-16T22:53:38.607Z daemon INFO time="2025-08-16T15:53:38-07:00" level=info msg="received message" error=false event_type=configure message=OK monitor=serial-monitor
2025-08-16 15:53:38 2025-08-16T22:53:38.607Z daemon INFO time="2025-08-16T15:53:38-07:00" level=info msg="sending command" command="CONFIGURE stop_bits 1" monitor=serial-monitor
2025-08-16 15:53:38 2025-08-16T22:53:38.607Z daemon INFO time="2025-08-16T15:53:38-07:00" level=info msg="received message" error=false event_type=configure message=OK monitor=serial-monitor
2025-08-16 15:53:38 2025-08-16T22:53:38.607Z daemon INFO time="2025-08-16T15:53:38-07:00" level=info msg="sending command" command="OPEN 127.0.0.1:38471 /dev/ttyACM0" monitor=serial-monitor
2025-08-16 15:53:38 2025-08-16T22:53:38.607Z daemon INFO time="2025-08-16T15:53:38-07:00" level=info msg="received message" error=true event_type=open message="Serial port busy" monitor=serial-monitor
2025-08-16 15:53:38 2025-08-16T22:53:38.607Z daemon INFO time="2025-08-16T15:53:38-07:00" level=info msg="sending command" command=QUIT monitor=serial-monitor
2025-08-16 15:53:38 2025-08-16T22:53:38.607Z daemon INFO time="2025-08-16T15:53:38-07:00" level=info msg="received message" error=false event_type=quit message=OK monitor=serial-monitor
time="2025-08-16T15:53:38-07:00" level=info msg="Killing monitor process" monitor=serial-monitor
2025-08-16 15:53:38 2025-08-16T22:53:38.608Z daemon INFO time="2025-08-16T15:53:38-07:00" level=error msg="stopped decode loop: EOF" monitor=serial-monitor
2025-08-16 15:53:38 2025-08-16T22:53:38.608Z daemon INFO time="2025-08-16T15:53:38-07:00" level=info msg="Monitor process killed" monitor=serial-monitor
2025-08-16 15:53:38 2025-08-16T22:53:38.609Z monitor-service ERROR Error: 13 INTERNAL: Port monitor error: command 'open' failed: Serial port busy
    at t.callErrorFromStatus (/nix/store/2d5i1bzbqbnl4rgnhk8czrw5zmqqjdzv-arduino-ide-2.3.6-extracted/resources/app/lib/backend/main.js:2:987037)
    at Object.onReceiveStatus (/nix/store/2d5i1bzbqbnl4rgnhk8czrw5zmqqjdzv-arduino-ide-2.3.6-extracted/resources/app/lib/backend/main.js:2:3786743)
    at Object.onReceiveStatus (/nix/store/2d5i1bzbqbnl4rgnhk8czrw5zmqqjdzv-arduino-ide-2.3.6-extracted/resources/app/lib/backend/main.js:2:2216111)
    at /nix/store/2d5i1bzbqbnl4rgnhk8czrw5zmqqjdzv-arduino-ide-2.3.6-extracted/resources/app/lib/backend/main.js:2:4354680
    at process.processTicksAndRejections (node:internal/process/task_queues:77:11)
for call at
    at s.makeBidiStreamRequest (/nix/store/2d5i1bzbqbnl4rgnhk8czrw5zmqqjdzv-arduino-ide-2.3.6-extracted/resources/app/lib/backend/main.js:2:3786510)
    at s.monitor (/nix/store/2d5i1bzbqbnl4rgnhk8czrw5zmqqjdzv-arduino-ide-2.3.6-extracted/resources/app/lib/backend/main.js:2:3311624)
    at y.createDuplex (/nix/store/2d5i1bzbqbnl4rgnhk8czrw5zmqqjdzv-arduino-ide-2.3.6-extracted/resources/app/lib/backend/main.js:2:3732370)
    at async /nix/store/2d5i1bzbqbnl4rgnhk8czrw5zmqqjdzv-arduino-ide-2.3.6-extracted/resources/app/lib/backend/main.js:2:3733698
    at async t.retry (/nix/store/2d5i1bzbqbnl4rgnhk8czrw5zmqqjdzv-arduino-ide-2.3.6-extracted/resources/app/lib/backend/main.js:2:2019631)
    at async y.start (/nix/store/2d5i1bzbqbnl4rgnhk8czrw5zmqqjdzv-arduino-ide-2.3.6-extracted/resources/app/lib/backend/main.js:2:3731251)
    at async u.startMonitor (/nix/store/2d5i1bzbqbnl4rgnhk8czrw5zmqqjdzv-arduino-ide-2.3.6-extracted/resources/app/lib/backend/main.js:2:239367)
    at async u.onRequest (/nix/store/2d5i1bzbqbnl4rgnhk8czrw5zmqqjdzv-arduino-ide-2.3.6-extracted/resources/app/lib/backend/main.js:2:4942944)
    at async c.handleRequest (/nix/store/2d5i1bzbqbnl4rgnhk8czrw5zmqqjdzv-arduino-ide-2.3.6-extracted/resources/app/lib/backend/main.js:2:524475)
2025-08-16 15:53:38 2025-08-16T22:53:38.609Z monitor-service INFO monitor to /dev/ttyACM0 using serial closed by server
2025-08-16 15:53:38 2025-08-16T22:53:38.609Z monitor-service INFO monitor to /dev/ttyACM0 using serial closed by client
2025-08-16 15:53:40 2025-08-16T22:53:40.612Z daemon INFO time="2025-08-16T15:53:40-07:00" level=info msg="Starting monitor process" monitor=serial-monitor
2025-08-16 15:53:40 2025-08-16T22:53:40.613Z daemon INFO time="2025-08-16T15:53:40-07:00" level=info msg="Monitor process started successfully!" monitor=serial-monitor
time="2025-08-16T15:53:40-07:00" level=info msg="sending command" command="HELLO 1 \"arduino-cli 1.2.0\"" monitor=serial-monitor
2025-08-16 15:53:40 2025-08-16T22:53:40.617Z daemon INFO time="2025-08-16T15:53:40-07:00" level=info msg="received message" error=false event_type=hello message=OK monitor=serial-monitor
time="2025-08-16T15:53:40-07:00" level=info msg="sending command" command=DESCRIBE monitor=serial-monitor
2025-08-16 15:53:40 2025-08-16T22:53:40.617Z daemon INFO time="2025-08-16T15:53:40-07:00" level=info msg="received message" error=false event_type=describe message=OK monitor=serial-monitor
2025-08-16 15:53:40 2025-08-16T22:53:40.617Z daemon INFO time="2025-08-16T15:53:40-07:00" level=info msg="sending command" command="CONFIGURE baudrate 115200" monitor=serial-monitor
2025-08-16 15:53:40 2025-08-16T22:53:40.617Z daemon INFO time="2025-08-16T15:53:40-07:00" level=info msg="received message" error=false event_type=configure message=OK monitor=serial-monitor
2025-08-16 15:53:40 2025-08-16T22:53:40.617Z daemon INFO time="2025-08-16T15:53:40-07:00" level=info msg="sending command" command="CONFIGURE bits 8" monitor=serial-monitor
time="2025-08-16T15:53:40-07:00" level=info msg="received message" error=false event_type=configure message=OK monitor=serial-monitor
2025-08-16 15:53:40 2025-08-16T22:53:40.617Z daemon INFO time="2025-08-16T15:53:40-07:00" level=info msg="sending command" command="CONFIGURE dtr on" monitor=serial-monitor
2025-08-16 15:53:40 2025-08-16T22:53:40.617Z daemon INFO time="2025-08-16T15:53:40-07:00" level=info msg="received message" error=false event_type=configure message=OK monitor=serial-monitor
time="2025-08-16T15:53:40-07:00" level=info msg="sending command" command="CONFIGURE parity none" monitor=serial-monitor
2025-08-16 15:53:40 2025-08-16T22:53:40.617Z daemon INFO time="2025-08-16T15:53:40-07:00" level=info msg="received message" error=false event_type=configure message=OK monitor=serial-monitor
2025-08-16 15:53:40 2025-08-16T22:53:40.617Z daemon INFO time="2025-08-16T15:53:40-07:00" level=info msg="sending command" command="CONFIGURE rts on" monitor=serial-monitor
2025-08-16 15:53:40 2025-08-16T22:53:40.617Z daemon INFO time="2025-08-16T15:53:40-07:00" level=info msg="received message" error=false event_type=configure message=OK monitor=serial-monitor
time="2025-08-16T15:53:40-07:00" level=info msg="sending command" command="CONFIGURE stop_bits 1" monitor=serial-monitor
2025-08-16 15:53:40 2025-08-16T22:53:40.617Z daemon INFO time="2025-08-16T15:53:40-07:00" level=info msg="received message" error=false event_type=configure message=OK monitor=serial-monitor
2025-08-16 15:53:40 2025-08-16T22:53:40.618Z daemon INFO time="2025-08-16T15:53:40-07:00" level=info msg="sending command" command="OPEN 127.0.0.1:43335 /dev/ttyACM0" monitor=serial-monitor
2025-08-16 15:53:40 2025-08-16T22:53:40.618Z daemon INFO time="2025-08-16T15:53:40-07:00" level=info msg="received message" error=true event_type=open message="Serial port busy" monitor=serial-monitor
2025-08-16 15:53:40 2025-08-16T22:53:40.618Z daemon INFO time="2025-08-16T15:53:40-07:00" level=info msg="sending command" command=QUIT monitor=serial-monitor
2025-08-16 15:53:40 2025-08-16T22:53:40.618Z daemon INFO time="2025-08-16T15:53:40-07:00" level=info msg="received message" error=false event_type=quit message=OK monitor=serial-monitor
time="2025-08-16T15:53:40-07:00" level=info msg="Killing monitor process" monitor=serial-monitor
2025-08-16 15:53:40 2025-08-16T22:53:40.619Z daemon INFO time="2025-08-16T15:53:40-07:00" level=error msg="stopped decode loop: EOF" monitor=serial-monitor
2025-08-16 15:53:40 2025-08-16T22:53:40.619Z daemon INFO time="2025-08-16T15:53:40-07:00" level=info msg="Monitor process killed" monitor=serial-monitor
2025-08-16 15:53:40 2025-08-16T22:53:40.620Z monitor-service ERROR Error: 13 INTERNAL: Port monitor error: command 'open' failed: Serial port busy
    at t.callErrorFromStatus (/nix/store/2d5i1bzbqbnl4rgnhk8czrw5zmqqjdzv-arduino-ide-2.3.6-extracted/resources/app/lib/backend/main.js:2:987037)
    at Object.onReceiveStatus (/nix/store/2d5i1bzbqbnl4rgnhk8czrw5zmqqjdzv-arduino-ide-2.3.6-extracted/resources/app/lib/backend/main.js:2:3786743)
    at Object.onReceiveStatus (/nix/store/2d5i1bzbqbnl4rgnhk8czrw5zmqqjdzv-arduino-ide-2.3.6-extracted/resources/app/lib/backend/main.js:2:2216111)
    at /nix/store/2d5i1bzbqbnl4rgnhk8czrw5zmqqjdzv-arduino-ide-2.3.6-extracted/resources/app/lib/backend/main.js:2:4354680
    at process.processTicksAndRejections (node:internal/process/task_queues:77:11)
for call at
    at s.makeBidiStreamRequest (/nix/store/2d5i1bzbqbnl4rgnhk8czrw5zmqqjdzv-arduino-ide-2.3.6-extracted/resources/app/lib/backend/main.js:2:3786510)
    at s.monitor (/nix/store/2d5i1bzbqbnl4rgnhk8czrw5zmqqjdzv-arduino-ide-2.3.6-extracted/resources/app/lib/backend/main.js:2:3311624)
    at y.createDuplex (/nix/store/2d5i1bzbqbnl4rgnhk8czrw5zmqqjdzv-arduino-ide-2.3.6-extracted/resources/app/lib/backend/main.js:2:3732370)
    at async /nix/store/2d5i1bzbqbnl4rgnhk8czrw5zmqqjdzv-arduino-ide-2.3.6-extracted/resources/app/lib/backend/main.js:2:3733698
    at async t.retry (/nix/store/2d5i1bzbqbnl4rgnhk8czrw5zmqqjdzv-arduino-ide-2.3.6-extracted/resources/app/lib/backend/main.js:2:2019631)
    at async y.start (/nix/store/2d5i1bzbqbnl4rgnhk8czrw5zmqqjdzv-arduino-ide-2.3.6-extracted/resources/app/lib/backend/main.js:2:3731251)
    at async u.startMonitor (/nix/store/2d5i1bzbqbnl4rgnhk8czrw5zmqqjdzv-arduino-ide-2.3.6-extracted/resources/app/lib/backend/main.js:2:239367)
    at async u.onRequest (/nix/store/2d5i1bzbqbnl4rgnhk8czrw5zmqqjdzv-arduino-ide-2.3.6-extracted/resources/app/lib/backend/main.js:2:4942944)
    at async c.handleRequest (/nix/store/2d5i1bzbqbnl4rgnhk8czrw5zmqqjdzv-arduino-ide-2.3.6-extracted/resources/app/lib/backend/main.js:2:524475)
2025-08-16 15:53:40 2025-08-16T22:53:40.620Z monitor-service INFO monitor to /dev/ttyACM0 using serial closed by server
2025-08-16 15:53:40 2025-08-16T22:53:40.620Z monitor-service INFO monitor to /dev/ttyACM0 using serial closed by client
2025-08-16 15:53:42 2025-08-16T22:53:42.624Z daemon INFO time="2025-08-16T15:53:42-07:00" level=info msg="Starting monitor process" monitor=serial-monitor
2025-08-16 15:53:42 2025-08-16T22:53:42.625Z daemon INFO time="2025-08-16T15:53:42-07:00" level=info msg="Monitor process started successfully!" monitor=serial-monitor
time="2025-08-16T15:53:42-07:00" level=info msg="sending command" command="HELLO 1 \"arduino-cli 1.2.0\"" monitor=serial-monitor
2025-08-16 15:53:42 2025-08-16T22:53:42.627Z daemon INFO time="2025-08-16T15:53:42-07:00" level=info msg="received message" error=false event_type=hello message=OK monitor=serial-monitor
time="2025-08-16T15:53:42-07:00" level=info msg="sending command" command=DESCRIBE monitor=serial-monitor
2025-08-16 15:53:42 2025-08-16T22:53:42.628Z daemon INFO time="2025-08-16T15:53:42-07:00" level=info msg="received message" error=false event_type=describe message=OK monitor=serial-monitor
time="2025-08-16T15:53:42-07:00" level=info msg="sending command" command="CONFIGURE baudrate 115200" monitor=serial-monitor
2025-08-16 15:53:42 2025-08-16T22:53:42.628Z daemon INFO time="2025-08-16T15:53:42-07:00" level=info msg="received message" error=false event_type=configure message=OK monitor=serial-monitor
2025-08-16 15:53:42 2025-08-16T22:53:42.628Z daemon INFO time="2025-08-16T15:53:42-07:00" level=info msg="sending command" command="CONFIGURE bits 8" monitor=serial-monitor
time="2025-08-16T15:53:42-07:00" level=info msg="received message" error=false event_type=configure message=OK monitor=serial-monitor
2025-08-16 15:53:42 2025-08-16T22:53:42.628Z daemon INFO time="2025-08-16T15:53:42-07:00" level=info msg="sending command" command="CONFIGURE dtr on" monitor=serial-monitor
2025-08-16 15:53:42 2025-08-16T22:53:42.628Z daemon INFO time="2025-08-16T15:53:42-07:00" level=info msg="received message" error=false event_type=configure message=OK monitor=serial-monitor
time="2025-08-16T15:53:42-07:00" level=info msg="sending command" command="CONFIGURE parity none" monitor=serial-monitor
2025-08-16 15:53:42 2025-08-16T22:53:42.628Z daemon INFO time="2025-08-16T15:53:42-07:00" level=info msg="received message" error=false event_type=configure message=OK monitor=serial-monitor
time="2025-08-16T15:53:42-07:00" level=info msg="sending command" command="CONFIGURE rts on" monitor=serial-monitor
2025-08-16 15:53:42 2025-08-16T22:53:42.628Z daemon INFO time="2025-08-16T15:53:42-07:00" level=info msg="received message" error=false event_type=configure message=OK monitor=serial-monitor
time="2025-08-16T15:53:42-07:00" level=info msg="sending command" command="CONFIGURE stop_bits 1" monitor=serial-monitor
2025-08-16 15:53:42 2025-08-16T22:53:42.628Z daemon INFO time="2025-08-16T15:53:42-07:00" level=info msg="received message" error=false event_type=configure message=OK monitor=serial-monitor
2025-08-16 15:53:42 2025-08-16T22:53:42.628Z daemon INFO time="2025-08-16T15:53:42-07:00" level=info msg="sending command" command="OPEN 127.0.0.1:40937 /dev/ttyACM0" monitor=serial-monitor
2025-08-16 15:53:42 2025-08-16T22:53:42.629Z daemon INFO time="2025-08-16T15:53:42-07:00" level=info msg="received message" error=true event_type=open message="Serial port busy" monitor=serial-monitor
2025-08-16 15:53:42 2025-08-16T22:53:42.629Z daemon INFO time="2025-08-16T15:53:42-07:00" level=info msg="sending command" command=QUIT monitor=serial-monitor
2025-08-16 15:53:42 2025-08-16T22:53:42.629Z daemon INFO time="2025-08-16T15:53:42-07:00" level=info msg="received message" error=false event_type=quit message=OK monitor=serial-monitor
time="2025-08-16T15:53:42-07:00" level=info msg="Killing monitor process" monitor=serial-monitor
2025-08-16 15:53:42 2025-08-16T22:53:42.629Z daemon INFO time="2025-08-16T15:53:42-07:00" level=error msg="stopped decode loop: EOF" monitor=serial-monitor
2025-08-16 15:53:42 2025-08-16T22:53:42.629Z daemon INFO time="2025-08-16T15:53:42-07:00" level=info msg="Monitor process killed" monitor=serial-monitor
2025-08-16 15:53:42 2025-08-16T22:53:42.630Z monitor-service ERROR Error: 13 INTERNAL: Port monitor error: command 'open' failed: Serial port busy
    at t.callErrorFromStatus (/nix/store/2d5i1bzbqbnl4rgnhk8czrw5zmqqjdzv-arduino-ide-2.3.6-extracted/resources/app/lib/backend/main.js:2:987037)
    at Object.onReceiveStatus (/nix/store/2d5i1bzbqbnl4rgnhk8czrw5zmqqjdzv-arduino-ide-2.3.6-extracted/resources/app/lib/backend/main.js:2:3786743)
    at Object.onReceiveStatus (/nix/store/2d5i1bzbqbnl4rgnhk8czrw5zmqqjdzv-arduino-ide-2.3.6-extracted/resources/app/lib/backend/main.js:2:2216111)
    at /nix/store/2d5i1bzbqbnl4rgnhk8czrw5zmqqjdzv-arduino-ide-2.3.6-extracted/resources/app/lib/backend/main.js:2:4354680
    at process.processTicksAndRejections (node:internal/process/task_queues:77:11)
for call at
    at s.makeBidiStreamRequest (/nix/store/2d5i1bzbqbnl4rgnhk8czrw5zmqqjdzv-arduino-ide-2.3.6-extracted/resources/app/lib/backend/main.js:2:3786510)
    at s.monitor (/nix/store/2d5i1bzbqbnl4rgnhk8czrw5zmqqjdzv-arduino-ide-2.3.6-extracted/resources/app/lib/backend/main.js:2:3311624)
    at y.createDuplex (/nix/store/2d5i1bzbqbnl4rgnhk8czrw5zmqqjdzv-arduino-ide-2.3.6-extracted/resources/app/lib/backend/main.js:2:3732370)
    at async /nix/store/2d5i1bzbqbnl4rgnhk8czrw5zmqqjdzv-arduino-ide-2.3.6-extracted/resources/app/lib/backend/main.js:2:3733698
    at async t.retry (/nix/store/2d5i1bzbqbnl4rgnhk8czrw5zmqqjdzv-arduino-ide-2.3.6-extracted/resources/app/lib/backend/main.js:2:2019631)
    at async y.start (/nix/store/2d5i1bzbqbnl4rgnhk8czrw5zmqqjdzv-arduino-ide-2.3.6-extracted/resources/app/lib/backend/main.js:2:3731251)
    at async u.startMonitor (/nix/store/2d5i1bzbqbnl4rgnhk8czrw5zmqqjdzv-arduino-ide-2.3.6-extracted/resources/app/lib/backend/main.js:2:239367)
    at async u.onRequest (/nix/store/2d5i1bzbqbnl4rgnhk8czrw5zmqqjdzv-arduino-ide-2.3.6-extracted/resources/app/lib/backend/main.js:2:4942944)
    at async c.handleRequest (/nix/store/2d5i1bzbqbnl4rgnhk8czrw5zmqqjdzv-arduino-ide-2.3.6-extracted/resources/app/lib/backend/main.js:2:524475)
2025-08-16 15:53:42 2025-08-16T22:53:42.630Z monitor-service INFO monitor to /dev/ttyACM0 using serial closed by server
2025-08-16 15:53:42 2025-08-16T22:53:42.630Z monitor-service INFO monitor to /dev/ttyACM0 using serial closed by client
2025-08-16 15:53:44 2025-08-16T22:53:44.633Z daemon INFO time="2025-08-16T15:53:44-07:00" level=info msg="Starting monitor process" monitor=serial-monitor
2025-08-16 15:53:44 2025-08-16T22:53:44.634Z daemon INFO time="2025-08-16T15:53:44-07:00" level=info msg="Monitor process started successfully!" monitor=serial-monitor
time="2025-08-16T15:53:44-07:00" level=info msg="sending command" command="HELLO 1 \"arduino-cli 1.2.0\"" monitor=serial-monitor
2025-08-16 15:53:44 2025-08-16T22:53:44.636Z daemon INFO time="2025-08-16T15:53:44-07:00" level=info msg="received message" error=false event_type=hello message=OK monitor=serial-monitor
time="2025-08-16T15:53:44-07:00" level=info msg="sending command" command=DESCRIBE monitor=serial-monitor
2025-08-16 15:53:44 2025-08-16T22:53:44.637Z daemon INFO time="2025-08-16T15:53:44-07:00" level=info msg="received message" error=false event_type=describe message=OK monitor=serial-monitor
time="2025-08-16T15:53:44-07:00" level=info msg="sending command" command="CONFIGURE baudrate 115200" monitor=serial-monitor
2025-08-16 15:53:44 2025-08-16T22:53:44.637Z daemon INFO time="2025-08-16T15:53:44-07:00" level=info msg="received message" error=false event_type=configure message=OK monitor=serial-monitor
2025-08-16 15:53:44 2025-08-16T22:53:44.637Z daemon INFO time="2025-08-16T15:53:44-07:00" level=info msg="sending command" command="CONFIGURE bits 8" monitor=serial-monitor
2025-08-16 15:53:44 2025-08-16T22:53:44.637Z daemon INFO time="2025-08-16T15:53:44-07:00" level=info msg="received message" error=false event_type=configure message=OK monitor=serial-monitor
time="2025-08-16T15:53:44-07:00" level=info msg="sending command" command="CONFIGURE dtr on" monitor=serial-monitor
2025-08-16 15:53:44 2025-08-16T22:53:44.637Z daemon INFO time="2025-08-16T15:53:44-07:00" level=info msg="received message" error=false event_type=configure message=OK monitor=serial-monitor
time="2025-08-16T15:53:44-07:00" level=info msg="sending command" command="CONFIGURE parity none" monitor=serial-monitor
2025-08-16 15:53:44 2025-08-16T22:53:44.637Z daemon INFO time="2025-08-16T15:53:44-07:00" level=info msg="received message" error=false event_type=configure message=OK monitor=serial-monitor
2025-08-16 15:53:44 2025-08-16T22:53:44.637Z daemon INFO time="2025-08-16T15:53:44-07:00" level=info msg="sending command" command="CONFIGURE rts on" monitor=serial-monitor
2025-08-16 15:53:44 2025-08-16T22:53:44.637Z daemon INFO time="2025-08-16T15:53:44-07:00" level=info msg="received message" error=false event_type=configure message=OK monitor=serial-monitor
time="2025-08-16T15:53:44-07:00" level=info msg="sending command" command="CONFIGURE stop_bits 1" monitor=serial-monitor
2025-08-16 15:53:44 2025-08-16T22:53:44.637Z daemon INFO time="2025-08-16T15:53:44-07:00" level=info msg="received message" error=false event_type=configure message=OK monitor=serial-monitor
2025-08-16 15:53:44 2025-08-16T22:53:44.637Z daemon INFO time="2025-08-16T15:53:44-07:00" level=info msg="sending command" command="OPEN 127.0.0.1:44447 /dev/ttyACM0" monitor=serial-monitor
2025-08-16 15:53:44 2025-08-16T22:53:44.637Z daemon INFO time="2025-08-16T15:53:44-07:00" level=info msg="received message" error=true event_type=open message="Serial port busy" monitor=serial-monitor
2025-08-16 15:53:44 2025-08-16T22:53:44.638Z daemon INFO time="2025-08-16T15:53:44-07:00" level=info msg="sending command" command=QUIT monitor=serial-monitor
2025-08-16 15:53:44 2025-08-16T22:53:44.638Z daemon INFO time="2025-08-16T15:53:44-07:00" level=info msg="received message" error=false event_type=quit message=OK monitor=serial-monitor
2025-08-16 15:53:44 2025-08-16T22:53:44.638Z daemon INFO time="2025-08-16T15:53:44-07:00" level=info msg="Killing monitor process" monitor=serial-monitor
2025-08-16 15:53:44 2025-08-16T22:53:44.638Z daemon INFO time="2025-08-16T15:53:44-07:00" level=error msg="stopped decode loop: EOF" monitor=serial-monitor
2025-08-16 15:53:44 2025-08-16T22:53:44.638Z daemon INFO time="2025-08-16T15:53:44-07:00" level=info msg="Monitor process killed" monitor=serial-monitor
2025-08-16 15:53:44 2025-08-16T22:53:44.639Z monitor-service ERROR Error: 13 INTERNAL: Port monitor error: command 'open' failed: Serial port busy
    at t.callErrorFromStatus (/nix/store/2d5i1bzbqbnl4rgnhk8czrw5zmqqjdzv-arduino-ide-2.3.6-extracted/resources/app/lib/backend/main.js:2:987037)
    at Object.onReceiveStatus (/nix/store/2d5i1bzbqbnl4rgnhk8czrw5zmqqjdzv-arduino-ide-2.3.6-extracted/resources/app/lib/backend/main.js:2:3786743)
    at Object.onReceiveStatus (/nix/store/2d5i1bzbqbnl4rgnhk8czrw5zmqqjdzv-arduino-ide-2.3.6-extracted/resources/app/lib/backend/main.js:2:2216111)
    at /nix/store/2d5i1bzbqbnl4rgnhk8czrw5zmqqjdzv-arduino-ide-2.3.6-extracted/resources/app/lib/backend/main.js:2:4354680
    at process.processTicksAndRejections (node:internal/process/task_queues:77:11)
for call at
    at s.makeBidiStreamRequest (/nix/store/2d5i1bzbqbnl4rgnhk8czrw5zmqqjdzv-arduino-ide-2.3.6-extracted/resources/app/lib/backend/main.js:2:3786510)
    at s.monitor (/nix/store/2d5i1bzbqbnl4rgnhk8czrw5zmqqjdzv-arduino-ide-2.3.6-extracted/resources/app/lib/backend/main.js:2:3311624)
    at y.createDuplex (/nix/store/2d5i1bzbqbnl4rgnhk8czrw5zmqqjdzv-arduino-ide-2.3.6-extracted/resources/app/lib/backend/main.js:2:3732370)
    at async /nix/store/2d5i1bzbqbnl4rgnhk8czrw5zmqqjdzv-arduino-ide-2.3.6-extracted/resources/app/lib/backend/main.js:2:3733698
    at async t.retry (/nix/store/2d5i1bzbqbnl4rgnhk8czrw5zmqqjdzv-arduino-ide-2.3.6-extracted/resources/app/lib/backend/main.js:2:2019631)
    at async y.start (/nix/store/2d5i1bzbqbnl4rgnhk8czrw5zmqqjdzv-arduino-ide-2.3.6-extracted/resources/app/lib/backend/main.js:2:3731251)
    at async u.startMonitor (/nix/store/2d5i1bzbqbnl4rgnhk8czrw5zmqqjdzv-arduino-ide-2.3.6-extracted/resources/app/lib/backend/main.js:2:239367)
    at async u.onRequest (/nix/store/2d5i1bzbqbnl4rgnhk8czrw5zmqqjdzv-arduino-ide-2.3.6-extracted/resources/app/lib/backend/main.js:2:4942944)
    at async c.handleRequest (/nix/store/2d5i1bzbqbnl4rgnhk8czrw5zmqqjdzv-arduino-ide-2.3.6-extracted/resources/app/lib/backend/main.js:2:524475)
2025-08-16 15:53:44 2025-08-16T22:53:44.639Z monitor-service INFO monitor to /dev/ttyACM0 using serial closed by server
2025-08-16 15:53:44 2025-08-16T22:53:44.639Z monitor-service INFO monitor to /dev/ttyACM0 using serial closed by client
2025-08-16 15:53:46 2025-08-16T22:53:46.644Z daemon INFO time="2025-08-16T15:53:46-07:00" level=info msg="Starting monitor process" monitor=serial-monitor
2025-08-16 15:53:46 2025-08-16T22:53:46.644Z daemon INFO time="2025-08-16T15:53:46-07:00" level=info msg="Monitor process started successfully!" monitor=serial-monitor
time="2025-08-16T15:53:46-07:00" level=info msg="sending command" command="HELLO 1 \"arduino-cli 1.2.0\"" monitor=serial-monitor
2025-08-16 15:53:46 2025-08-16T22:53:46.647Z daemon INFO time="2025-08-16T15:53:46-07:00" level=info msg="received message" error=false event_type=hello message=OK monitor=serial-monitor
time="2025-08-16T15:53:46-07:00" level=info msg="sending command" command=DESCRIBE monitor=serial-monitor
2025-08-16 15:53:46 2025-08-16T22:53:46.648Z daemon INFO time="2025-08-16T15:53:46-07:00" level=info msg="received message" error=false event_type=describe message=OK monitor=serial-monitor
2025-08-16 15:53:46 2025-08-16T22:53:46.648Z daemon INFO time="2025-08-16T15:53:46-07:00" level=info msg="sending command" command="CONFIGURE baudrate 115200" monitor=serial-monitor
time="2025-08-16T15:53:46-07:00" level=info msg="received message" error=false event_type=configure message=OK monitor=serial-monitor
2025-08-16 15:53:46 2025-08-16T22:53:46.649Z daemon INFO time="2025-08-16T15:53:46-07:00" level=info msg="sending command" command="CONFIGURE bits 8" monitor=serial-monitor
time="2025-08-16T15:53:46-07:00" level=info msg="received message" error=false event_type=configure message=OK monitor=serial-monitor
time="2025-08-16T15:53:46-07:00" level=info msg="sending command" command="CONFIGURE dtr on" monitor=serial-monitor
time="2025-08-16T15:53:46-07:00" level=info msg="received message" error=false event_type=configure message=OK monitor=serial-monitor
time="2025-08-16T15:53:46-07:00" level=info msg="sending command" command="CONFIGURE parity none" monitor=serial-monitor
time="2025-08-16T15:53:46-07:00" level=info msg="received message" error=false event_type=configure message=OK monitor=serial-monitor
time="2025-08-16T15:53:46-07:00" level=info msg="sending command" command="CONFIGURE rts on" monitor=serial-monitor
time="2025-08-16T15:53:46-07:00" level=info msg="received message" error=false event_type=configure message=OK monitor=serial-monitor
time="2025-08-16T15:53:46-07:00" level=info msg="sending command" command="CONFIGURE stop_bits 1" monitor=serial-monitor
time="2025-08-16T15:53:46-07:00" level=info msg="received message" error=false event_type=configure message=OK monitor=serial-monitor
time="2025-08-16T15:53:46-07:00" level=info msg="sending command" command="OPEN 127.0.0.1:39895 /dev/ttyACM0" monitor=serial-monitor
2025-08-16 15:53:46 2025-08-16T22:53:46.649Z daemon INFO time="2025-08-16T15:53:46-07:00" level=info msg="received message" error=true event_type=open message="Serial port busy" monitor=serial-monitor
time="2025-08-16T15:53:46-07:00" level=info msg="sending command" command=QUIT monitor=serial-monitor
2025-08-16 15:53:46 2025-08-16T22:53:46.649Z daemon INFO time="2025-08-16T15:53:46-07:00" level=info msg="received message" error=false event_type=quit message=OK monitor=serial-monitor
time="2025-08-16T15:53:46-07:00" level=info msg="Killing monitor process" monitor=serial-monitor
2025-08-16 15:53:46 2025-08-16T22:53:46.649Z daemon INFO time="2025-08-16T15:53:46-07:00" level=error msg="stopped decode loop: EOF" monitor=serial-monitor
2025-08-16 15:53:46 2025-08-16T22:53:46.649Z daemon INFO time="2025-08-16T15:53:46-07:00" level=info msg="Monitor process killed" monitor=serial-monitor
2025-08-16 15:53:46 2025-08-16T22:53:46.651Z monitor-service ERROR Error: 13 INTERNAL: Port monitor error: command 'open' failed: Serial port busy
    at t.callErrorFromStatus (/nix/store/2d5i1bzbqbnl4rgnhk8czrw5zmqqjdzv-arduino-ide-2.3.6-extracted/resources/app/lib/backend/main.js:2:987037)
    at Object.onReceiveStatus (/nix/store/2d5i1bzbqbnl4rgnhk8czrw5zmqqjdzv-arduino-ide-2.3.6-extracted/resources/app/lib/backend/main.js:2:3786743)
    at Object.onReceiveStatus (/nix/store/2d5i1bzbqbnl4rgnhk8czrw5zmqqjdzv-arduino-ide-2.3.6-extracted/resources/app/lib/backend/main.js:2:2216111)
    at /nix/store/2d5i1bzbqbnl4rgnhk8czrw5zmqqjdzv-arduino-ide-2.3.6-extracted/resources/app/lib/backend/main.js:2:4354680
    at process.processTicksAndRejections (node:internal/process/task_queues:77:11)
for call at
    at s.makeBidiStreamRequest (/nix/store/2d5i1bzbqbnl4rgnhk8czrw5zmqqjdzv-arduino-ide-2.3.6-extracted/resources/app/lib/backend/main.js:2:3786510)
    at s.monitor (/nix/store/2d5i1bzbqbnl4rgnhk8czrw5zmqqjdzv-arduino-ide-2.3.6-extracted/resources/app/lib/backend/main.js:2:3311624)
    at y.createDuplex (/nix/store/2d5i1bzbqbnl4rgnhk8czrw5zmqqjdzv-arduino-ide-2.3.6-extracted/resources/app/lib/backend/main.js:2:3732370)
    at async /nix/store/2d5i1bzbqbnl4rgnhk8czrw5zmqqjdzv-arduino-ide-2.3.6-extracted/resources/app/lib/backend/main.js:2:3733698
    at async t.retry (/nix/store/2d5i1bzbqbnl4rgnhk8czrw5zmqqjdzv-arduino-ide-2.3.6-extracted/resources/app/lib/backend/main.js:2:2019631)
    at async y.start (/nix/store/2d5i1bzbqbnl4rgnhk8czrw5zmqqjdzv-arduino-ide-2.3.6-extracted/resources/app/lib/backend/main.js:2:3731251)
    at async u.startMonitor (/nix/store/2d5i1bzbqbnl4rgnhk8czrw5zmqqjdzv-arduino-ide-2.3.6-extracted/resources/app/lib/backend/main.js:2:239367)
    at async u.onRequest (/nix/store/2d5i1bzbqbnl4rgnhk8czrw5zmqqjdzv-arduino-ide-2.3.6-extracted/resources/app/lib/backend/main.js:2:4942944)
    at async c.handleRequest (/nix/store/2d5i1bzbqbnl4rgnhk8czrw5zmqqjdzv-arduino-ide-2.3.6-extracted/resources/app/lib/backend/main.js:2:524475)
2025-08-16 15:53:46 2025-08-16T22:53:46.651Z monitor-service INFO monitor to /dev/ttyACM0 using serial closed by server
2025-08-16 15:53:46 2025-08-16T22:53:46.651Z monitor-service INFO monitor to /dev/ttyACM0 using serial closed by client
2025-08-16 15:53:48 2025-08-16T22:53:48.657Z daemon INFO time="2025-08-16T15:53:48-07:00" level=info msg="Starting monitor process" monitor=serial-monitor
2025-08-16 15:53:48 2025-08-16T22:53:48.658Z daemon INFO time="2025-08-16T15:53:48-07:00" level=info msg="Monitor process started successfully!" monitor=serial-monitor
time="2025-08-16T15:53:48-07:00" level=info msg="sending command" command="HELLO 1 \"arduino-cli 1.2.0\"" monitor=serial-monitor
2025-08-16 15:53:48 2025-08-16T22:53:48.661Z daemon INFO time="2025-08-16T15:53:48-07:00" level=info msg="received message" error=false event_type=hello message=OK monitor=serial-monitor
time="2025-08-16T15:53:48-07:00" level=info msg="sending command" command=DESCRIBE monitor=serial-monitor
2025-08-16 15:53:48 2025-08-16T22:53:48.661Z daemon INFO time="2025-08-16T15:53:48-07:00" level=info msg="received message" error=false event_type=describe message=OK monitor=serial-monitor
time="2025-08-16T15:53:48-07:00" level=info msg="sending command" command="CONFIGURE baudrate 115200" monitor=serial-monitor
time="2025-08-16T15:53:48-07:00" level=info msg="received message" error=false event_type=configure message=OK monitor=serial-monitor
2025-08-16 15:53:48 2025-08-16T22:53:48.661Z daemon INFO time="2025-08-16T15:53:48-07:00" level=info msg="sending command" command="CONFIGURE bits 8" monitor=serial-monitor
time="2025-08-16T15:53:48-07:00" level=info msg="received message" error=false event_type=configure message=OK monitor=serial-monitor
2025-08-16 15:53:48 2025-08-16T22:53:48.661Z daemon INFO time="2025-08-16T15:53:48-07:00" level=info msg="sending command" command="CONFIGURE dtr on" monitor=serial-monitor
time="2025-08-16T15:53:48-07:00" level=info msg="received message" error=false event_type=configure message=OK monitor=serial-monitor
time="2025-08-16T15:53:48-07:00" level=info msg="sending command" command="CONFIGURE parity none" monitor=serial-monitor
2025-08-16 15:53:48 2025-08-16T22:53:48.662Z daemon INFO time="2025-08-16T15:53:48-07:00" level=info msg="received message" error=false event_type=configure message=OK monitor=serial-monitor
time="2025-08-16T15:53:48-07:00" level=info msg="sending command" command="CONFIGURE rts on" monitor=serial-monitor
2025-08-16 15:53:48 2025-08-16T22:53:48.662Z daemon INFO time="2025-08-16T15:53:48-07:00" level=info msg="received message" error=false event_type=configure message=OK monitor=serial-monitor
time="2025-08-16T15:53:48-07:00" level=info msg="sending command" command="CONFIGURE stop_bits 1" monitor=serial-monitor
time="2025-08-16T15:53:48-07:00" level=info msg="received message" error=false event_type=configure message=OK monitor=serial-monitor
2025-08-16 15:53:48 2025-08-16T22:53:48.662Z daemon INFO time="2025-08-16T15:53:48-07:00" level=info msg="sending command" command="OPEN 127.0.0.1:36475 /dev/ttyACM0" monitor=serial-monitor
2025-08-16 15:53:48 2025-08-16T22:53:48.662Z daemon INFO time="2025-08-16T15:53:48-07:00" level=info msg="received message" error=true event_type=open message="Serial port busy" monitor=serial-monitor
2025-08-16 15:53:48 2025-08-16T22:53:48.662Z daemon INFO time="2025-08-16T15:53:48-07:00" level=info msg="sending command" command=QUIT monitor=serial-monitor
time="2025-08-16T15:53:48-07:00" level=info msg="received message" error=false event_type=quit message=OK monitor=serial-monitor
2025-08-16 15:53:48 2025-08-16T22:53:48.662Z daemon INFO time="2025-08-16T15:53:48-07:00" level=info msg="Killing monitor process" monitor=serial-monitor
2025-08-16 15:53:48 2025-08-16T22:53:48.663Z daemon INFO time="2025-08-16T15:53:48-07:00" level=error msg="stopped decode loop: EOF" monitor=serial-monitor
time="2025-08-16T15:53:48-07:00" level=info msg="Monitor process killed" monitor=serial-monitor
2025-08-16 15:53:48 2025-08-16T22:53:48.664Z monitor-service ERROR Error: 13 INTERNAL: Port monitor error: command 'open' failed: Serial port busy
    at t.callErrorFromStatus (/nix/store/2d5i1bzbqbnl4rgnhk8czrw5zmqqjdzv-arduino-ide-2.3.6-extracted/resources/app/lib/backend/main.js:2:987037)
    at Object.onReceiveStatus (/nix/store/2d5i1bzbqbnl4rgnhk8czrw5zmqqjdzv-arduino-ide-2.3.6-extracted/resources/app/lib/backend/main.js:2:3786743)
    at Object.onReceiveStatus (/nix/store/2d5i1bzbqbnl4rgnhk8czrw5zmqqjdzv-arduino-ide-2.3.6-extracted/resources/app/lib/backend/main.js:2:2216111)
    at /nix/store/2d5i1bzbqbnl4rgnhk8czrw5zmqqjdzv-arduino-ide-2.3.6-extracted/resources/app/lib/backend/main.js:2:4354680
    at process.processTicksAndRejections (node:internal/process/task_queues:77:11)
for call at
    at s.makeBidiStreamRequest (/nix/store/2d5i1bzbqbnl4rgnhk8czrw5zmqqjdzv-arduino-ide-2.3.6-extracted/resources/app/lib/backend/main.js:2:3786510)
    at s.monitor (/nix/store/2d5i1bzbqbnl4rgnhk8czrw5zmqqjdzv-arduino-ide-2.3.6-extracted/resources/app/lib/backend/main.js:2:3311624)
    at y.createDuplex (/nix/store/2d5i1bzbqbnl4rgnhk8czrw5zmqqjdzv-arduino-ide-2.3.6-extracted/resources/app/lib/backend/main.js:2:3732370)
    at async /nix/store/2d5i1bzbqbnl4rgnhk8czrw5zmqqjdzv-arduino-ide-2.3.6-extracted/resources/app/lib/backend/main.js:2:3733698
    at async t.retry (/nix/store/2d5i1bzbqbnl4rgnhk8czrw5zmqqjdzv-arduino-ide-2.3.6-extracted/resources/app/lib/backend/main.js:2:2019631)
    at async y.start (/nix/store/2d5i1bzbqbnl4rgnhk8czrw5zmqqjdzv-arduino-ide-2.3.6-extracted/resources/app/lib/backend/main.js:2:3731251)
    at async u.startMonitor (/nix/store/2d5i1bzbqbnl4rgnhk8czrw5zmqqjdzv-arduino-ide-2.3.6-extracted/resources/app/lib/backend/main.js:2:239367)
    at async u.onRequest (/nix/store/2d5i1bzbqbnl4rgnhk8czrw5zmqqjdzv-arduino-ide-2.3.6-extracted/resources/app/lib/backend/main.js:2:4942944)
    at async c.handleRequest (/nix/store/2d5i1bzbqbnl4rgnhk8czrw5zmqqjdzv-arduino-ide-2.3.6-extracted/resources/app/lib/backend/main.js:2:524475)
2025-08-16 15:53:48 2025-08-16T22:53:48.664Z monitor-service INFO monitor to /dev/ttyACM0 using serial closed by server
2025-08-16 15:53:48 2025-08-16T22:53:48.664Z monitor-service INFO monitor to /dev/ttyACM0 using serial closed by client
2025-08-16 15:53:50 2025-08-16T22:53:50.666Z monitor-service WARN failed starting monitor to /dev/ttyACM0 using serial
2025-08-16 15:54:47 Error: Error: net::ERR_CONNECTION_TIMED_OUT
    at SimpleURLLoaderWrapper.<anonymous> (node:electron/js2c/browser_init:2:114352)
    at SimpleURLLoaderWrapper.emit (node:events:519:28)
2025-08-16 15:55:05 2025-08-16T22:55:05.201Z monitor-service WARN monitor to /dev/ttyACM0 using serial already stopped
2025-08-16 15:55:18 2025-08-16T22:55:18.385Z discovery-log INFO {"eventType":"remove","port":{"matchingBoardsList":[],"port":{"address":"/dev/ttyACM0","label":"","protocol":"serial","protocolLabel":"","propertiesMap":[],"hardwareId":""}},"error":""}
2025-08-16 16:30:07 2025-08-16T23:30:07.324Z daemon INFO time="2025-08-16T16:30:07-07:00" level=info msg="Starting monitor process" monitor=serial-monitor
2025-08-16 16:30:07 2025-08-16T23:30:07.325Z daemon INFO time="2025-08-16T16:30:07-07:00" level=info msg="Monitor process started successfully!" monitor=serial-monitor
2025-08-16 16:30:07 2025-08-16T23:30:07.325Z daemon INFO time="2025-08-16T16:30:07-07:00" level=info msg="sending command" command="HELLO 1 \"arduino-cli 1.2.0\"" monitor=serial-monitor
2025-08-16 16:30:07 2025-08-16T23:30:07.341Z daemon INFO time="2025-08-16T16:30:07-07:00" level=info msg="received message" error=false event_type=hello message=OK monitor=serial-monitor
time="2025-08-16T16:30:07-07:00" level=info msg="sending command" command=DESCRIBE monitor=serial-monitor
time="2025-08-16T16:30:07-07:00" level=info msg="received message" error=false event_type=describe message=OK monitor=serial-monitor
time="2025-08-16T16:30:07-07:00" level=info msg="sending command" command=QUIT monitor=serial-monitor
time="2025-08-16T16:30:07-07:00" level=info msg="received message" error=false event_type=quit message=OK monitor=serial-monitor
time="2025-08-16T16:30:07-07:00" level=info msg="Killing monitor process" monitor=serial-monitor
time="2025-08-16T16:30:07-07:00" level=error msg="stopped decode loop: EOF" monitor=serial-monitor
time="2025-08-16T16:30:07-07:00" level=info msg="Monitor process killed" monitor=serial-monitor
2025-08-16 16:30:07 2025-08-16T23:30:07.519Z monitor-service INFO starting monitor
2025-08-16 16:30:07 2025-08-16T23:30:07.521Z daemon INFO time="2025-08-16T16:30:07-07:00" level=info msg="Starting monitor process" monitor=serial-monitor
2025-08-16 16:30:07 2025-08-16T23:30:07.521Z daemon INFO time="2025-08-16T16:30:07-07:00" level=info msg="Monitor process started successfully!" monitor=serial-monitor
time="2025-08-16T16:30:07-07:00" level=info msg="sending command" command="HELLO 1 \"arduino-cli 1.2.0\"" monitor=serial-monitor
2025-08-16 16:30:07 2025-08-16T23:30:07.523Z daemon INFO time="2025-08-16T16:30:07-07:00" level=info msg="received message" error=false event_type=hello message=OK monitor=serial-monitor
time="2025-08-16T16:30:07-07:00" level=info msg="sending command" command=DESCRIBE monitor=serial-monitor
2025-08-16 16:30:07 2025-08-16T23:30:07.524Z daemon INFO time="2025-08-16T16:30:07-07:00" level=info msg="received message" error=false event_type=describe message=OK monitor=serial-monitor
2025-08-16 16:30:07 2025-08-16T23:30:07.524Z daemon INFO time="2025-08-16T16:30:07-07:00" level=info msg="sending command" command=QUIT monitor=serial-monitor
2025-08-16 16:30:07 2025-08-16T23:30:07.524Z daemon INFO time="2025-08-16T16:30:07-07:00" level=info msg="received message" error=false event_type=quit message=OK monitor=serial-monitor
2025-08-16 16:30:07 2025-08-16T23:30:07.524Z daemon INFO time="2025-08-16T16:30:07-07:00" level=info msg="Killing monitor process" monitor=serial-monitor
2025-08-16 16:30:07 2025-08-16T23:30:07.524Z daemon INFO time="2025-08-16T16:30:07-07:00" level=error msg="stopped decode loop: EOF" monitor=serial-monitor
2025-08-16 16:30:07 2025-08-16T23:30:07.524Z daemon INFO time="2025-08-16T16:30:07-07:00" level=info msg="Monitor process killed" monitor=serial-monitor
2025-08-16 16:30:07 2025-08-16T23:30:07.530Z daemon INFO time="2025-08-16T16:30:07-07:00" level=info msg="Starting monitor process" monitor=serial-monitor
2025-08-16 16:30:07 2025-08-16T23:30:07.530Z daemon INFO time="2025-08-16T16:30:07-07:00" level=info msg="Monitor process started successfully!" monitor=serial-monitor
time="2025-08-16T16:30:07-07:00" level=info msg="sending command" command="HELLO 1 \"arduino-cli 1.2.0\"" monitor=serial-monitor
2025-08-16 16:30:07 2025-08-16T23:30:07.532Z daemon INFO time="2025-08-16T16:30:07-07:00" level=info msg="received message" error=false event_type=hello message=OK monitor=serial-monitor
time="2025-08-16T16:30:07-07:00" level=info msg="sending command" command=DESCRIBE monitor=serial-monitor
2025-08-16 16:30:07 2025-08-16T23:30:07.532Z daemon INFO time="2025-08-16T16:30:07-07:00" level=info msg="received message" error=false event_type=describe message=OK monitor=serial-monitor
2025-08-16 16:30:07 2025-08-16T23:30:07.532Z daemon INFO time="2025-08-16T16:30:07-07:00" level=info msg="sending command" command="CONFIGURE baudrate 115200" monitor=serial-monitor
2025-08-16 16:30:07 2025-08-16T23:30:07.532Z daemon INFO time="2025-08-16T16:30:07-07:00" level=info msg="received message" error=false event_type=configure message=OK monitor=serial-monitor
2025-08-16 16:30:07 2025-08-16T23:30:07.532Z daemon INFO time="2025-08-16T16:30:07-07:00" level=info msg="sending command" command="CONFIGURE bits 8" monitor=serial-monitor
2025-08-16 16:30:07 2025-08-16T23:30:07.532Z daemon INFO time="2025-08-16T16:30:07-07:00" level=info msg="received message" error=false event_type=configure message=OK monitor=serial-monitor
2025-08-16 16:30:07 2025-08-16T23:30:07.532Z daemon INFO time="2025-08-16T16:30:07-07:00" level=info msg="sending command" command="CONFIGURE dtr on" monitor=serial-monitor
2025-08-16 16:30:07 2025-08-16T23:30:07.532Z daemon INFO time="2025-08-16T16:30:07-07:00" level=info msg="received message" error=false event_type=configure message=OK monitor=serial-monitor
2025-08-16 16:30:07 2025-08-16T23:30:07.532Z daemon INFO time="2025-08-16T16:30:07-07:00" level=info msg="sending command" command="CONFIGURE parity none" monitor=serial-monitor
2025-08-16 16:30:07 2025-08-16T23:30:07.532Z daemon INFO time="2025-08-16T16:30:07-07:00" level=info msg="received message" error=false event_type=configure message=OK monitor=serial-monitor
time="2025-08-16T16:30:07-07:00" level=info msg="sending command" command="CONFIGURE rts on" monitor=serial-monitor
2025-08-16 16:30:07 2025-08-16T23:30:07.533Z daemon INFO time="2025-08-16T16:30:07-07:00" level=info msg="received message" error=false event_type=configure message=OK monitor=serial-monitor
2025-08-16 16:30:07 2025-08-16T23:30:07.533Z daemon INFO time="2025-08-16T16:30:07-07:00" level=info msg="sending command" command="CONFIGURE stop_bits 1" monitor=serial-monitor
2025-08-16 16:30:07 2025-08-16T23:30:07.533Z daemon INFO time="2025-08-16T16:30:07-07:00" level=info msg="received message" error=false event_type=configure message=OK monitor=serial-monitor
2025-08-16 16:30:07 2025-08-16T23:30:07.533Z daemon INFO time="2025-08-16T16:30:07-07:00" level=info msg="sending command" command="OPEN 127.0.0.1:45737 /dev/ttyS0" monitor=serial-monitor
2025-08-16 16:30:07 2025-08-16T23:30:07.566Z monitor-service INFO Using port configuration for serial:/dev/ttyS0: {"settingsList":[{"settingId":"baudrate","value":"115200"},{"settingId":"bits","value":"8"},{"settingId":"dtr","value":"on"},{"settingId":"parity","value":"none"},{"settingId":"rts","value":"on"},{"settingId":"stop_bits","value":"1"}]}
2025-08-16 16:30:07 2025-08-16T23:30:07.566Z monitor-service INFO started monitor to /dev/ttyS0 using serial
2025-08-16 16:30:07 2025-08-16T23:30:07.566Z daemon INFO time="2025-08-16T16:30:07-07:00" level=info msg="received message" error=false event_type=open message=OK monitor=serial-monitor
time="2025-08-16T16:30:07-07:00" level=info msg="Port /dev/ttyS0 successfully opened"
2025-08-16 16:30:07 2025-08-16T23:30:07.580Z monitor-service INFO No port configuration changes have been detected. No need to send configure commands to the running monitor serial:/dev/ttyS0.
2025-08-16 16:30:07 2025-08-16T23:30:07.580Z monitor-service INFO No port configuration changes have been detected. No need to send configure commands to the running monitor serial:/dev/ttyS0.
2025-08-16 16:31:28 isTempSketch: false. Input was /home/aaron/projects/esp32_ble/master
2025-08-16 16:31:28 Marking workspace as a closed sketch. Workspace URI: file:///home/aaron/projects/esp32_ble/master. Date: 1755387088117.
2025-08-16 16:31:28 isTempSketch: false. Input was /home/aaron/projects/esp32_ble/slave
2025-08-16 16:31:28 Marking workspace as a closed sketch. Workspace URI: file:///home/aaron/projects/esp32_ble/slave. Date: 1755387088122.
2025-08-16 16:31:28 isTempSketch: false. Input was /home/aaron/projects/esp32_ble/slave
2025-08-16 16:31:28 Marking workspace as a closed sketch. Workspace URI: file:///home/aaron/projects/esp32_ble/slave. Date: 1755387088236.
2025-08-16 16:31:28 isTempSketch: false. Input was /home/aaron/projects/esp32_ble/master
2025-08-16 16:31:28 Marking workspace as a closed sketch. Workspace URI: file:///home/aaron/projects/esp32_ble/master. Date: 1755387088241.
2025-08-16 16:31:28 Closing channel on service path '/services/electron-window'.
2025-08-16 16:31:28 Closing channel on service path '/services/ide-updater'.
2025-08-16 16:31:28 2025-08-16T23:31:28.249Z root INFO socked closed
2025-08-16 16:31:28 2025-08-16T23:31:28.249Z root INFO closing connection for 2
2025-08-16 16:31:28 2025-08-16T23:31:28.249Z root INFO Closing channel on service path '/localization-server'.
2025-08-16 16:31:28 2025-08-16T23:31:28.249Z root INFO Closing channel on service path '/os'.
2025-08-16 16:31:28 2025-08-16T23:31:28.249Z root INFO Closing channel on service path '/services/commands'.
2025-08-16 16:31:28 2025-08-16T23:31:28.249Z root INFO Closing channel on service path '/services/keyboard'.
2025-08-16 16:31:28 2025-08-16T23:31:28.249Z root INFO Closing channel on service path '/services/logger'.
2025-08-16 16:31:28 2025-08-16T23:31:28.249Z root INFO Closing channel on service path '/services/messageService'.
2025-08-16 16:31:28 2025-08-16T23:31:28.249Z root INFO Closing channel on service path '/services/ChannelCloseService'.
2025-08-16 16:31:28 2025-08-16T23:31:28.249Z root INFO Closing channel on service path '/services/remote-filesystem'.
2025-08-16 16:31:28 2025-08-16T23:31:28.249Z root INFO Closing channel on service path '/services/envs'.
2025-08-16 16:31:28 2025-08-16T23:31:28.249Z root INFO Closing channel on service path '/services/authentication-service'.
2025-08-16 16:31:28 2025-08-16T23:31:28.249Z root INFO Closing channel on service path '/services/sketches-service'.
2025-08-16 16:31:28 2025-08-16T23:31:28.249Z root INFO Closing channel on service path '/services/config-service'.
2025-08-16 16:31:28 2025-08-16T23:31:28.249Z root INFO Closing channel on service path '/services/workspace'.
2025-08-16 16:31:28 2025-08-16T23:31:28.249Z root INFO Closing channel on service path '/services/notification-service'.
2025-08-16 16:31:28 2025-08-16T23:31:28.249Z root INFO Closing channel on service path '/services/arduino-daemon'.
2025-08-16 16:31:28 2025-08-16T23:31:28.249Z root INFO Closing channel on service path '/services/stopwatch'.
2025-08-16 16:31:28 2025-08-16T23:31:28.249Z root INFO Closing channel on service path '/services/application'.
2025-08-16 16:31:28 2025-08-16T23:31:28.249Z root INFO Closing channel on service path '/services/i18n'.
2025-08-16 16:31:28 2025-08-16T23:31:28.249Z root INFO Closing channel on service path '/services/quickInput'.
2025-08-16 16:31:28 2025-08-16T23:31:28.249Z root INFO Closing channel on service path '/services/debug'.
2025-08-16 16:31:28 2025-08-16T23:31:28.249Z root INFO Closing channel on service path '/services/shell-terminal'.
2025-08-16 16:31:28 2025-08-16T23:31:28.250Z root INFO Closing channel on service path '/services/quickPick'.
2025-08-16 16:31:28 2025-08-16T23:31:28.250Z root INFO Closing channel on service path '/services/task'.
2025-08-16 16:31:28 2025-08-16T23:31:28.250Z root INFO Closing channel on service path '/services/search'.
2025-08-16 16:31:28 2025-08-16T23:31:28.250Z root INFO Closing channel on service path '/services/hostedPlugin'.
2025-08-16 16:31:28 2025-08-16T23:31:28.250Z root INFO Closing channel on service path '/services/plugin-ext'.
2025-08-16 16:31:28 2025-08-16T23:31:28.250Z root INFO Closing channel on service path '/services/plugin-paths'.
2025-08-16 16:31:28 2025-08-16T23:31:28.250Z root INFO Closing channel on service path '/services/cli-preferences'.
2025-08-16 16:31:28 2025-08-16T23:31:28.250Z root INFO Closing channel on service path '/services/boards-service'.
2025-08-16 16:31:28 2025-08-16T23:31:28.250Z root INFO Closing channel on service path '/services/response-service'.
2025-08-16 16:31:28 2025-08-16T23:31:28.250Z root INFO Closing channel on service path '/services/file-system-ext'.
2025-08-16 16:31:28 2025-08-16T23:31:28.250Z root INFO Closing channel on service path '/services/core-service'.
2025-08-16 16:31:28 2025-08-16T23:31:28.250Z root INFO Closing channel on service path '/services/example-service'.
2025-08-16 16:31:28 2025-08-16T23:31:28.250Z root INFO Closing channel on service path '/services/library-service'.
2025-08-16 16:31:28 2025-08-16T23:31:28.250Z root INFO Closing channel on service path '/services/executable-service'.
2025-08-16 16:31:28 2025-08-16T23:31:28.250Z root INFO Closing channel on service path '/services/arduino-firmware-uploader'.
2025-08-16 16:31:28 2025-08-16T23:31:28.250Z root INFO Closing channel on service path '/services/formatter'.
2025-08-16 16:31:28 2025-08-16T23:31:28.250Z root INFO Closing channel on service path '/services/search-in-workspace'.
2025-08-16 16:31:28 2025-08-16T23:31:28.250Z root INFO Closing channel on service path '/services/request-service'.
2025-08-16 16:31:28 2025-08-16T23:31:28.250Z root INFO Closing channel on service path '/services/keyStore'.
2025-08-16 16:31:28 2025-08-16T23:31:28.250Z root INFO Closing channel on service path '/services/languagePackService'.
2025-08-16 16:31:28 2025-08-16T23:31:28.250Z root INFO Closing channel on service path '/services/monitor-manager-proxy'.
2025-08-16 16:31:28 2025-08-16T23:31:28.256Z root INFO socked closed
2025-08-16 16:31:28 2025-08-16T23:31:28.256Z root INFO closing connection for 1
2025-08-16 16:31:28 2025-08-16T23:31:28.256Z root INFO Closing channel on service path '/localization-server'.
2025-08-16 16:31:28 2025-08-16T23:31:28.256Z root INFO Closing channel on service path '/os'.
2025-08-16 16:31:28 2025-08-16T23:31:28.256Z root INFO Closing channel on service path '/services/commands'.
2025-08-16 16:31:28 2025-08-16T23:31:28.256Z root INFO Closing channel on service path '/services/keyboard'.
2025-08-16 16:31:28 2025-08-16T23:31:28.256Z root INFO Closing channel on service path '/services/logger'.
2025-08-16 16:31:28 2025-08-16T23:31:28.256Z root INFO Closing channel on service path '/services/messageService'.
2025-08-16 16:31:28 2025-08-16T23:31:28.256Z root INFO Closing channel on service path '/services/ChannelCloseService'.
2025-08-16 16:31:28 2025-08-16T23:31:28.256Z root INFO Closing channel on service path '/services/remote-filesystem'.
2025-08-16 16:31:28 2025-08-16T23:31:28.256Z root INFO Closing channel on service path '/services/envs'.
2025-08-16 16:31:28 2025-08-16T23:31:28.256Z root INFO Closing channel on service path '/services/authentication-service'.
2025-08-16 16:31:28 2025-08-16T23:31:28.256Z root INFO Closing channel on service path '/services/sketches-service'.
2025-08-16 16:31:28 2025-08-16T23:31:28.256Z root INFO Closing channel on service path '/services/config-service'.
2025-08-16 16:31:28 2025-08-16T23:31:28.256Z root INFO Closing channel on service path '/services/workspace'.
2025-08-16 16:31:28 2025-08-16T23:31:28.256Z root INFO Closing channel on service path '/services/notification-service'.
2025-08-16 16:31:28 2025-08-16T23:31:28.256Z root INFO Closing channel on service path '/services/arduino-daemon'.
2025-08-16 16:31:28 2025-08-16T23:31:28.256Z root INFO Closing channel on service path '/services/stopwatch'.
2025-08-16 16:31:28 2025-08-16T23:31:28.256Z root INFO Closing channel on service path '/services/application'.
2025-08-16 16:31:28 2025-08-16T23:31:28.256Z root INFO Closing channel on service path '/services/i18n'.
2025-08-16 16:31:28 2025-08-16T23:31:28.256Z root INFO Closing channel on service path '/services/quickInput'.
2025-08-16 16:31:28 2025-08-16T23:31:28.256Z root INFO Closing channel on service path '/services/debug'.
2025-08-16 16:31:28 2025-08-16T23:31:28.256Z root INFO Closing channel on service path '/services/shell-terminal'.
2025-08-16 16:31:28 2025-08-16T23:31:28.256Z root INFO Closing channel on service path '/services/quickPick'.
2025-08-16 16:31:28 2025-08-16T23:31:28.256Z root INFO Closing channel on service path '/services/task'.
2025-08-16 16:31:28 2025-08-16T23:31:28.256Z root INFO Closing channel on service path '/services/search'.
2025-08-16 16:31:28 2025-08-16T23:31:28.256Z root INFO Closing channel on service path '/services/hostedPlugin'.
2025-08-16 16:31:28 2025-08-16T23:31:28.256Z root INFO Closing channel on service path '/services/plugin-ext'.
2025-08-16 16:31:28 2025-08-16T23:31:28.256Z root INFO Closing channel on service path '/services/plugin-paths'.
2025-08-16 16:31:28 2025-08-16T23:31:28.256Z root INFO Closing channel on service path '/services/cli-preferences'.
2025-08-16 16:31:28 2025-08-16T23:31:28.256Z root INFO Closing channel on service path '/services/boards-service'.
2025-08-16 16:31:28 2025-08-16T23:31:28.256Z root INFO Closing channel on service path '/services/response-service'.
2025-08-16 16:31:28 2025-08-16T23:31:28.256Z root INFO Closing channel on service path '/services/file-system-ext'.
2025-08-16 16:31:28 2025-08-16T23:31:28.256Z root INFO Closing channel on service path '/services/core-service'.
2025-08-16 16:31:28 2025-08-16T23:31:28.256Z root INFO Closing channel on service path '/services/example-service'.
2025-08-16 16:31:28 2025-08-16T23:31:28.257Z root INFO Closing channel on service path '/services/library-service'.
2025-08-16 16:31:28 2025-08-16T23:31:28.257Z root INFO Closing channel on service path '/services/executable-service'.
2025-08-16 16:31:28 2025-08-16T23:31:28.257Z root INFO Closing channel on service path '/services/arduino-firmware-uploader'.
2025-08-16 16:31:28 2025-08-16T23:31:28.257Z root INFO Closing channel on service path '/services/formatter'.
2025-08-16 16:31:28 2025-08-16T23:31:28.257Z root INFO Closing channel on service path '/services/search-in-workspace'.
2025-08-16 16:31:28 2025-08-16T23:31:28.257Z root INFO Closing channel on service path '/services/request-service'.
2025-08-16 16:31:28 2025-08-16T23:31:28.257Z root INFO Closing channel on service path '/services/keyStore'.
2025-08-16 16:31:28 2025-08-16T23:31:28.257Z root INFO Closing channel on service path '/services/languagePackService'.
2025-08-16 16:31:28 2025-08-16T23:31:28.257Z root INFO Closing channel on service path '/services/monitor-manager-proxy'.
2025-08-16 16:31:28 Closing channel on service path '/services/electron-window'.
2025-08-16 16:31:28 Closing channel on service path '/services/ide-updater'.
2025-08-16 16:31:28 Storing the sketch as a workspace root: </home/aaron/projects/esp32_ble/master>.
2025-08-16 16:31:28 Storing the sketch as a workspace root: </home/aaron/projects/esp32_ble/slave>.
2025-08-16 16:31:28 Skipped storing sketch as workspace root. Already visited: </home/aaron/projects/esp32_ble/slave>.
2025-08-16 16:31:28 Skipped storing sketch as workspace root. Already visited: </home/aaron/projects/esp32_ble/master>.
2025-08-16 16:31:28 Stored workspaces roots: /home/aaron/projects/esp32_ble/master,/home/aaron/projects/esp32_ble/slave
2025-08-16 16:31:28 No sketches were scheduled for deletion.
