2025-08-26 11:15:07 Arduino IDE 2.3.6
2025-08-26 11:15:07 Checking for frontend application configuration customizations. Module path: /nix/store/2d5i1bzbqbnl4rgnhk8czrw5zmqqjdzv-arduino-ide-2.3.6-extracted/resources/app/lib/backend/electron-main.js, destination 'package.json': /nix/store/2d5i1bzbqbnl4rgnhk8czrw5zmqqjdzv-arduino-ide-2.3.6-extracted/resources/app/package.json
2025-08-26 11:15:08 Setting 'theia.frontend.config.appVersion' application configuration value to: "2.3.6" (type of string)
2025-08-26 11:15:08 Setting 'theia.frontend.config.cliVersion' application configuration value to: "1.2.0" (type of string)
2025-08-26 11:15:08 Setting 'theia.frontend.config.buildDate' application configuration value to: "2025-04-09T11:24:04.835Z" (type of string)
2025-08-26 11:15:08 Frontend application configuration after modifications: {"applicationName":"Arduino IDE","defaultTheme":{"light":"arduino-theme","dark":"arduino-theme-dark"},"defaultIconTheme":"none","electron":{"windowOptions":{},"showWindowEarly":true,"splashScreenOptions":{},"uriScheme":"arduino-ide"},"defaultLocale":"","validatePreferencesSchema":false,"reloadOnReconnect":true,"uriScheme":"theia","preferences":{"window.title":"${rootName}${activeEditorShort}${appName}","files.autoSave":"afterDelay","editor.minimap.enabled":false,"editor.tabSize":2,"editor.scrollBeyondLastLine":false,"editor.quickSuggestions":{"other":false,"comments":false,"strings":false},"editor.maxTokenizationLineLength":500,"editor.bracketPairColorization.enabled":false,"breadcrumbs.enabled":false,"workbench.tree.renderIndentGuides":"none","explorer.compactFolders":false},"appVersion":"2.3.6","cliVersion":"1.2.0","buildDate":"2025-04-09T11:24:04.835Z"}
2025-08-26 11:15:08 Starting backend process. PID: 11551
2025-08-26 11:15:08 Showing main window early
2025-08-26 11:15:08 Using browser-only version of superagent in non-browser environment
2025-08-26 11:15:08 Configuration directory URI: 'file:///home/aaron/.arduinoIDE'
2025-08-26 11:15:08 Configuring to accept webviews on '^.+\.webview\..+$' hostname.
2025-08-26 11:15:08 2025-08-26T18:15:08.840Z root INFO Backend u.initialize: 35.6 ms [Finished 0.656 s after backend start]
2025-08-26 11:15:08 2025-08-26T18:15:08.842Z root INFO Backend Object.initialize: 33.7 ms [Finished 0.656 s after backend start]
2025-08-26 11:15:08 2025-08-26T18:15:08.843Z root INFO Backend a.initialize: 1.3 ms [Finished 0.656 s after backend start]
2025-08-26 11:15:08 2025-08-26T18:15:08.843Z root INFO Backend a.initialize: 1.1 ms [Finished 0.656 s after backend start]
2025-08-26 11:15:08 2025-08-26T18:15:08.843Z root INFO Backend u.initialize: 1.4 ms [Finished 0.656 s after backend start]
2025-08-26 11:15:08 2025-08-26T18:15:08.845Z root INFO Backend l.initialize: 35.3 ms [Finished 0.657 s after backend start]
2025-08-26 11:15:08 2025-08-26T18:15:08.853Z root INFO configured all backend app contributions
2025-08-26 11:15:08 2025-08-26T18:15:08.854Z root INFO Backend l.onStart: 1.4 ms [Finished 0.671 s after backend start]
2025-08-26 11:15:08 2025-08-26T18:15:08.854Z root INFO Backend d.onStart: 0.1 ms [Finished 0.671 s after backend start]
2025-08-26 11:15:08 2025-08-26T18:15:08.855Z root INFO Backend a.onStart: 0.4 ms [Finished 0.672 s after backend start]
2025-08-26 11:15:08 2025-08-26T18:15:08.855Z config INFO >>> Initializing CLI configuration...
2025-08-26 11:15:08 2025-08-26T18:15:08.855Z root INFO Backend x.onStart: 0.3 ms [Finished 0.672 s after backend start]
2025-08-26 11:15:08 2025-08-26T18:15:08.855Z config INFO Loading CLI configuration from /home/aaron/.arduinoIDE/arduino-cli.yaml...
2025-08-26 11:15:08 2025-08-26T18:15:08.855Z daemon INFO Starting daemon from /nix/store/2d5i1bzbqbnl4rgnhk8czrw5zmqqjdzv-arduino-ide-2.3.6-extracted/resources/app/lib/backend/resources/arduino-cli...
2025-08-26 11:15:08 2025-08-26T18:15:08.855Z root INFO Backend w.onStart: 0.4 ms [Finished 0.673 s after backend start]
2025-08-26 11:15:08 2025-08-26T18:15:08.855Z discovery-log INFO start
2025-08-26 11:15:08 2025-08-26T18:15:08.855Z discovery-log INFO start new deferred
2025-08-26 11:15:08 2025-08-26T18:15:08.855Z root INFO Backend v.onStart: 0.2 ms [Finished 0.673 s after backend start]
2025-08-26 11:15:08 2025-08-26T18:15:08.855Z root INFO Backend a.onStart: 0.1 ms [Finished 0.673 s after backend start]
2025-08-26 11:15:08 2025-08-26T18:15:08.859Z root INFO Theia app listening on http://127.0.0.1:39581.
2025-08-26 11:15:08 2025-08-26T18:15:08.859Z root INFO Finished starting backend application: 4.0 ms [Finished 0.677 s after backend start]
2025-08-26 11:15:08 Error: node-loader:
Error: libxkbfile.so.1: cannot open shared object file: No such file or directory
    at 95585 (/nix/store/2d5i1bzbqbnl4rgnhk8czrw5zmqqjdzv-arduino-ide-2.3.6-extracted/resources/app/lib/backend/electron-main.js:8:1529780)
    at __webpack_require__ (/nix/store/2d5i1bzbqbnl4rgnhk8czrw5zmqqjdzv-arduino-ide-2.3.6-extracted/resources/app/lib/backend/electron-main.js:8:1985382)
    at o._init (/nix/store/2d5i1bzbqbnl4rgnhk8czrw5zmqqjdzv-arduino-ide-2.3.6-extracted/resources/app/lib/backend/electron-main.js:5:1319254)
    at o.onDidChangeKeyboardLayout (/nix/store/2d5i1bzbqbnl4rgnhk8czrw5zmqqjdzv-arduino-ide-2.3.6-extracted/resources/app/lib/backend/electron-main.js:5:1319604)
    at t.onDidChangeKeyboardLayout (/nix/store/2d5i1bzbqbnl4rgnhk8czrw5zmqqjdzv-arduino-ide-2.3.6-extracted/resources/app/lib/backend/electron-main.js:5:1319982)
    at a.onStart (/nix/store/2d5i1bzbqbnl4rgnhk8czrw5zmqqjdzv-arduino-ide-2.3.6-extracted/resources/app/lib/backend/electron-main.js:2:205197)
    at A.startContributions (/nix/store/2d5i1bzbqbnl4rgnhk8czrw5zmqqjdzv-arduino-ide-2.3.6-extracted/resources/app/lib/backend/electron-main.js:8:1599586)
    at Object.handler (/nix/store/2d5i1bzbqbnl4rgnhk8czrw5zmqqjdzv-arduino-ide-2.3.6-extracted/resources/app/lib/backend/electron-main.js:2:1217714)
    at process.processTicksAndRejections (node:internal/process/task_queues:95:5)
2025-08-26 11:15:08 Restoring workspace roots: /home/aaron/projects/esp32_ble/wroom/master
2025-08-26 11:15:08 2025-08-26T18:15:08.860Z root WARN The local plugin referenced by local-dir:/home/aaron/.arduinoIDE/plugins does not exist.
2025-08-26 11:15:08 2025-08-26T18:15:08.860Z root WARN The local plugin referenced by local-dir:/home/aaron/.arduinoIDE/deployedPlugins does not exist.
2025-08-26 11:15:08 2025-08-26T18:15:08.865Z config INFO Loaded CLI configuration: {"board_manager":{"additional_urls":["https://raw.githubusercontent.com/espressif/arduino-esp32/gh-pages/package_esp32_index.json"]},"directories":{"builtin":{"libraries":"/home/aaron/.arduino15/libraries"},"data":"/home/aaron/.arduino15","user":"/home/aaron/Arduino"},"locale":"en"}
2025-08-26 11:15:08 2025-08-26T18:15:08.865Z config INFO 'directories.data' and 'directories.user' are set in the CLI configuration model.
2025-08-26 11:15:08 2025-08-26T18:15:08.865Z config INFO Loaded the CLI configuration.
2025-08-26 11:15:08 2025-08-26T18:15:08.874Z config INFO Mapped the CLI configuration: {"dataDirUri":"file:///home/aaron/.arduino15","sketchDirUri":"file:///home/aaron/Arduino","additionalUrls":["https://raw.githubusercontent.com/espressif/arduino-esp32/gh-pages/package_esp32_index.json"],"network":"none","locale":"en"}
2025-08-26 11:15:08 2025-08-26T18:15:08.874Z config INFO Validating the CLI configuration...
2025-08-26 11:15:08 2025-08-26T18:15:08.875Z config INFO The CLI config is valid.
2025-08-26 11:15:08 2025-08-26T18:15:08.875Z config INFO <<< Initialized the CLI configuration.
2025-08-26 11:15:08 isTempSketch: false. Input was /home/aaron/projects/esp32_ble/wroom/master/master.ino
2025-08-26 11:15:08 2025-08-26T18:15:08.912Z root INFO Resolve plugins list: 55.0 ms [Finished 0.729 s after backend start]
2025-08-26 11:15:09 2025-08-26T18:15:09.036Z daemon INFO time="2025-08-26T11:15:09-07:00" level=info msg="arduino-cli version 1.2.0"
time="2025-08-26T11:15:09-07:00" level=info msg="Using config file: /home/aaron/.arduinoIDE/arduino-cli.yaml"
time="2025-08-26T11:15:09-07:00" level=info msg="Executing `arduino-cli daemon`"
2025-08-26 11:15:09 2025-08-26T18:15:09.070Z daemon INFO Daemon is now listening on 127.0.0.1:34055
{"IP":"127.0.0.1","Port":"34055"}
2025-08-26 11:15:09 2025-08-26T18:15:09.070Z daemon INFO Daemon is running.
2025-08-26 11:15:09 2025-08-26T18:15:09.138Z daemon INFO time="2025-08-26T11:15:09-07:00" level=info msg="Checking signature" index=/home/aaron/.arduino15/package_index.json signatureFile=/home/aaron/.arduino15/package_index.json.sig trusted=true
2025-08-26 11:15:09 2025-08-26T18:15:09.148Z daemon INFO time="2025-08-26T11:15:09-07:00" level=info msg="Missing signature file" index=/home/aaron/.arduino15/package_esp32_index.json
time="2025-08-26T11:15:09-07:00" level=info msg="Loading hardware from: /home/aaron/.arduino15/packages"
time="2025-08-26T11:15:09-07:00" level=info msg="Loading package arduino from: /home/aaron/.arduino15/packages/arduino/hardware"
time="2025-08-26T11:15:09-07:00" level=info msg="Missing signature file" index=/home/aaron/.arduino15/packages/arduino/hardware/avr/1.8.6/installed.json
2025-08-26 11:15:09 2025-08-26T18:15:09.151Z daemon INFO time="2025-08-26T11:15:09-07:00" level=info msg="Adding monitor tool" protocol=serial tool="builtin:serial-monitor"
time="2025-08-26T11:15:09-07:00" level=info msg="Loaded platform" platform="arduino:avr@1.8.6"
2025-08-26 11:15:09 2025-08-26T18:15:09.154Z daemon INFO time="2025-08-26T11:15:09-07:00" level=info msg="Missing signature file" index=/home/aaron/.arduino15/packages/arduino/hardware/renesas_uno/1.5.0/installed.json
2025-08-26 11:15:09 2025-08-26T18:15:09.157Z daemon INFO time="2025-08-26T11:15:09-07:00" level=info msg="Adding monitor tool" protocol=serial tool="builtin:serial-monitor"
time="2025-08-26T11:15:09-07:00" level=info msg="Loaded platform" platform="arduino:renesas_uno@1.5.0"
2025-08-26 11:15:09 2025-08-26T18:15:09.157Z daemon INFO time="2025-08-26T11:15:09-07:00" level=info msg="Checking existence of 'tools' path: /home/aaron/.arduino15/packages/arduino/tools"
time="2025-08-26T11:15:09-07:00" level=info msg="Loading tools from dir: /home/aaron/.arduino15/packages/arduino/tools"
2025-08-26 11:15:09 2025-08-26T18:15:09.159Z daemon INFO time="2025-08-26T11:15:09-07:00" level=info msg="Loaded tool" tool="arduino:arduinoOTA@1.3.0"
2025-08-26 11:15:09 2025-08-26T18:15:09.160Z daemon INFO time="2025-08-26T11:15:09-07:00" level=info msg="Loaded tool" tool="arduino:arm-none-eabi-gcc@7-2017q4"
2025-08-26 11:15:09 2025-08-26T18:15:09.160Z daemon INFO time="2025-08-26T11:15:09-07:00" level=info msg="Loaded tool" tool="arduino:avr-gcc@7.3.0-atmel3.6.1-arduino7"
2025-08-26 11:15:09 2025-08-26T18:15:09.161Z daemon INFO time="2025-08-26T11:15:09-07:00" level=info msg="Loaded tool" tool="arduino:avrdude@6.3.0-arduino17"
2025-08-26 11:15:09 2025-08-26T18:15:09.161Z daemon INFO time="2025-08-26T11:15:09-07:00" level=info msg="Loaded tool" tool="arduino:bossac@1.9.1-arduino5"
2025-08-26 11:15:09 2025-08-26T18:15:09.162Z daemon INFO time="2025-08-26T11:15:09-07:00" level=info msg="Loaded tool" tool="arduino:dfu-util@0.11.0-arduino5"
2025-08-26 11:15:09 2025-08-26T18:15:09.162Z daemon INFO time="2025-08-26T11:15:09-07:00" level=info msg="Loaded tool" tool="arduino:openocd@0.11.0-arduino2"
2025-08-26 11:15:09 2025-08-26T18:15:09.162Z daemon INFO time="2025-08-26T11:15:09-07:00" level=info msg="Loading package builtin from: /home/aaron/.arduino15/packages/builtin"
2025-08-26 11:15:09 2025-08-26T18:15:09.162Z daemon INFO time="2025-08-26T11:15:09-07:00" level=info msg="Checking existence of 'tools' path: /home/aaron/.arduino15/packages/builtin/tools"
time="2025-08-26T11:15:09-07:00" level=info msg="Loading tools from dir: /home/aaron/.arduino15/packages/builtin/tools"
2025-08-26 11:15:09 2025-08-26T18:15:09.168Z daemon INFO time="2025-08-26T11:15:09-07:00" level=info msg="Loaded tool" tool="builtin:ctags@5.8-arduino11"
time="2025-08-26T11:15:09-07:00" level=info msg="Loaded tool" tool="builtin:dfu-discovery@0.1.2"
time="2025-08-26T11:15:09-07:00" level=info msg="Loaded tool" tool="builtin:mdns-discovery@1.0.9"
time="2025-08-26T11:15:09-07:00" level=info msg="Loaded tool" tool="builtin:serial-discovery@1.4.1"
time="2025-08-26T11:15:09-07:00" level=info msg="Loaded tool" tool="builtin:serial-monitor@0.15.0"
time="2025-08-26T11:15:09-07:00" level=info msg="Loading package esp32 from: /home/aaron/.arduino15/packages/esp32/hardware"
2025-08-26 11:15:09 2025-08-26T18:15:09.179Z daemon INFO time="2025-08-26T11:15:09-07:00" level=info msg="Missing signature file" index=/home/aaron/.arduino15/packages/esp32/hardware/esp32/3.3.0/installed.json
2025-08-26 11:15:09 2025-08-26T18:15:09.390Z daemon INFO time="2025-08-26T11:15:09-07:00" level=info msg="Adding monitor tool" protocol=serial tool="builtin:serial-monitor"
time="2025-08-26T11:15:09-07:00" level=info msg="Loaded platform" platform="esp32:esp32@3.3.0"
time="2025-08-26T11:15:09-07:00" level=info msg="Checking existence of 'tools' path: /home/aaron/.arduino15/packages/esp32/tools"
time="2025-08-26T11:15:09-07:00" level=info msg="Loading tools from dir: /home/aaron/.arduino15/packages/esp32/tools"
time="2025-08-26T11:15:09-07:00" level=info msg="Loaded tool" tool="esp32:esp-rv32@2411"
time="2025-08-26T11:15:09-07:00" level=info msg="Loaded tool" tool="esp32:esp-x32@2411"
time="2025-08-26T11:15:09-07:00" level=info msg="Loaded tool" tool="esp32:esp32-arduino-libs@idf-release_v5.5-b66b5448-v1"
time="2025-08-26T11:15:09-07:00" level=info msg="Loaded tool" tool="esp32:esptool_py@5.0.0"
time="2025-08-26T11:15:09-07:00" level=info msg="Loaded tool" tool="esp32:mklittlefs@3.0.0-gnu12-dc7f933"
time="2025-08-26T11:15:09-07:00" level=info msg="Loaded tool" tool="esp32:mkspiffs@0.2.3"
time="2025-08-26T11:15:09-07:00" level=info msg="Loaded tool" tool="esp32:openocd-esp32@v0.12.0-esp32-20250422"
time="2025-08-26T11:15:09-07:00" level=info msg="Loaded tool" tool="esp32:riscv32-esp-elf-gdb@16.2_20250324"
time="2025-08-26T11:15:09-07:00" level=info msg="Loaded tool" tool="esp32:xtensa-esp-elf-gdb@16.2_20250324"
time="2025-08-26T11:15:09-07:00" level=info msg="Adding libraries dir" dir=/home/aaron/.arduino15/packages/arduino/hardware/renesas_uno/1.5.0/libraries isSingleLibrary=false location=platform
time="2025-08-26T11:15:09-07:00" level=info msg="Adding libraries dir" dir=/home/aaron/.arduino15/packages/arduino/hardware/avr/1.8.6/libraries isSingleLibrary=false location=platform
time="2025-08-26T11:15:09-07:00" level=info msg="Adding libraries dir" dir=/home/aaron/.arduino15/packages/esp32/hardware/esp32/3.3.0/libraries isSingleLibrary=false location=platform
time="2025-08-26T11:15:09-07:00" level=info msg="Loading libraries index file" index=/home/aaron/.arduino15/library_index.json
2025-08-26 11:15:09 2025-08-26T18:15:09.732Z root INFO Deploy plugins list: 875.3 ms [Finished 1.550 s after backend start]
2025-08-26 11:15:09 2025-08-26T18:15:09.811Z daemon INFO time="2025-08-26T11:15:09-07:00" level=info msg="Adding libraries dir" dir=/home/aaron/.arduino15/libraries isSingleLibrary=false location=ide
time="2025-08-26T11:15:09-07:00" level=info msg="Adding libraries dir" dir=/home/aaron/Arduino/libraries isSingleLibrary=false location=user
2025-08-26 11:15:09 2025-08-26T18:15:09.906Z root INFO creating connection for 1
2025-08-26 11:15:10 2025-08-26T18:15:10.093Z daemon INFO time="2025-08-26T11:15:10-07:00" level=warning msg="Error loading library" error="rpc error: code = Internal desc = loading library from /home/aaron/Arduino/libraries/SoftSerialTest: invalid library: no header files found"
2025-08-26 11:15:10 2025-08-26T18:15:10.104Z discovery-log INFO start resolved watching
2025-08-26 11:15:10 2025-08-26T18:15:10.139Z discovery-log INFO {"eventType":"add","port":{"matchingBoardsList":[],"port":{"address":"/dev/ttyS0","label":"/dev/ttyS0","protocol":"serial","protocolLabel":"Serial Port","propertiesMap":[],"hardwareId":""}},"error":""}
2025-08-26 11:15:11 2025-08-26T18:15:11.112Z root ERROR Error: node-loader:
Error: libxkbfile.so.1: cannot open shared object file: No such file or directory
    at 95585 (/nix/store/2d5i1bzbqbnl4rgnhk8czrw5zmqqjdzv-arduino-ide-2.3.6-extracted/resources/app/lib/backend/main.js:2:6468723)
    at __webpack_require__ (/nix/store/2d5i1bzbqbnl4rgnhk8czrw5zmqqjdzv-arduino-ide-2.3.6-extracted/resources/app/lib/backend/main.js:2:7034640)
    at r._init (/nix/store/2d5i1bzbqbnl4rgnhk8czrw5zmqqjdzv-arduino-ide-2.3.6-extracted/resources/app/lib/backend/main.js:2:4537535)
    at r.getCurrentKeyboardLayout (/nix/store/2d5i1bzbqbnl4rgnhk8czrw5zmqqjdzv-arduino-ide-2.3.6-extracted/resources/app/lib/backend/main.js:2:4537734)
    at t.getCurrentKeyboardLayout (/nix/store/2d5i1bzbqbnl4rgnhk8czrw5zmqqjdzv-arduino-ide-2.3.6-extracted/resources/app/lib/backend/main.js:2:4538141)
    at s.getNativeLayoutSync (/nix/store/2d5i1bzbqbnl4rgnhk8czrw5zmqqjdzv-arduino-ide-2.3.6-extracted/resources/app/lib/backend/main.js:2:1830040)
    at s.getNativeLayout (/nix/store/2d5i1bzbqbnl4rgnhk8czrw5zmqqjdzv-arduino-ide-2.3.6-extracted/resources/app/lib/backend/main.js:2:1829981)
    at u.onRequest (/nix/store/2d5i1bzbqbnl4rgnhk8czrw5zmqqjdzv-arduino-ide-2.3.6-extracted/resources/app/lib/backend/main.js:2:4942964)
    at c.requestHandler (/nix/store/2d5i1bzbqbnl4rgnhk8czrw5zmqqjdzv-arduino-ide-2.3.6-extracted/resources/app/lib/backend/main.js:2:4942783)
    at c.handleRequest (/nix/store/2d5i1bzbqbnl4rgnhk8czrw5zmqqjdzv-arduino-ide-2.3.6-extracted/resources/app/lib/backend/main.js:2:524486)
2025-08-26 11:15:11 2025-08-26T18:15:11.112Z root ERROR TypeError: Cannot read properties of null (reading 'getKeyMap')
    at r.getKeyMap (/nix/store/2d5i1bzbqbnl4rgnhk8czrw5zmqqjdzv-arduino-ide-2.3.6-extracted/resources/app/lib/backend/main.js:2:4537620)
    at t.getKeyMap (/nix/store/2d5i1bzbqbnl4rgnhk8czrw5zmqqjdzv-arduino-ide-2.3.6-extracted/resources/app/lib/backend/main.js:2:4538201)
    at s.getNativeLayoutSync (/nix/store/2d5i1bzbqbnl4rgnhk8czrw5zmqqjdzv-arduino-ide-2.3.6-extracted/resources/app/lib/backend/main.js:2:1830077)
    at s.getNativeLayout (/nix/store/2d5i1bzbqbnl4rgnhk8czrw5zmqqjdzv-arduino-ide-2.3.6-extracted/resources/app/lib/backend/main.js:2:1829981)
    at u.onRequest (/nix/store/2d5i1bzbqbnl4rgnhk8czrw5zmqqjdzv-arduino-ide-2.3.6-extracted/resources/app/lib/backend/main.js:2:4942964)
    at c.requestHandler (/nix/store/2d5i1bzbqbnl4rgnhk8czrw5zmqqjdzv-arduino-ide-2.3.6-extracted/resources/app/lib/backend/main.js:2:4942783)
    at c.handleRequest (/nix/store/2d5i1bzbqbnl4rgnhk8czrw5zmqqjdzv-arduino-ide-2.3.6-extracted/resources/app/lib/backend/main.js:2:524486)
    at c.handleMessage (/nix/store/2d5i1bzbqbnl4rgnhk8czrw5zmqqjdzv-arduino-ide-2.3.6-extracted/resources/app/lib/backend/main.js:2:522388)
    at /nix/store/2d5i1bzbqbnl4rgnhk8czrw5zmqqjdzv-arduino-ide-2.3.6-extracted/resources/app/lib/backend/main.js:2:522022
    at /nix/store/2d5i1bzbqbnl4rgnhk8czrw5zmqqjdzv-arduino-ide-2.3.6-extracted/resources/app/lib/backend/main.js:2:6419737
2025-08-26 11:15:11 2025-08-26T18:15:11.112Z root WARN A command editor.action.toggleStickyScroll is already registered.
2025-08-26 11:15:11 2025-08-26T18:15:11.149Z sketches-service WARN Warning! The request sketch path was different than the response sketch path from the CLI. This could be a potential bug. Request: </home/aaron/projects/esp32_ble/wroom/master/master.ino>, response: </home/aaron/projects/esp32_ble/wroom/master>.
2025-08-26 11:15:11 Opening channel for service path '/services/electron-window'.
2025-08-26 11:15:11 Opening channel for service path '/services/ide-updater'.
2025-08-26 11:15:11 2025-08-26T18:15:11.243Z root INFO Start frontend contributions: 320.1 ms [Finished 2.346 s after frontend start]
2025-08-26 11:15:11 2025-08-26T18:15:11.244Z root INFO Changed application state from 'init' to 'started_contributions'.
2025-08-26 11:15:11 2025-08-26T18:15:11.253Z root INFO Changed application state from 'started_contributions' to 'attached_shell'.
2025-08-26 11:15:11 2025-08-26T18:15:11.253Z root INFO >>> Restoring the layout state...
2025-08-26 11:15:11 2025-08-26T18:15:11.334Z root INFO [f34effc9-cc73-48a7-a98c-e8c9e04b8fd6] Waiting for backend deployment: 103.3 ms [Finished 2.444 s after frontend start]
2025-08-26 11:15:11 2025-08-26T18:15:11.573Z root INFO [hosted-plugin: 11759] PLUGIN_HOST(11759) starting instance
2025-08-26 11:15:11 2025-08-26T18:15:11.585Z root INFO [hosted-plugin: 11759] [Object: null prototype] {}
2025-08-26 11:15:12 2025-08-26T18:15:12.793Z root INFO [f34effc9-cc73-48a7-a98c-e8c9e04b8fd6] Sync of 23 plugins: 1466.9 ms [Finished 3.911 s after frontend start]
2025-08-26 11:15:12 2025-08-26T18:15:12.823Z root INFO ------- SERIALIZED LAYOUT DATA -------
2025-08-26 11:15:12 2025-08-26T18:15:12.823Z root INFO {"version":5,"mainPanel":{"main":{"type":"tab-area","widgets":[{"constructionOptions":{"factoryId":"code-editor-opener","options":{"counter":0,"kind":"navigatable","uri":"file:///home/aaron/projects/esp32_ble/wroom/master/master.ino"}},"innerWidgetState":"{\"cursorState\":[{\"inSelectionMode\":false,\"selectionStart\":{\"lineNumber\":55,\"column\":1},\"position\":{\"lineNumber\":55,\"column\":1}}],\"viewState\":{\"scrollLeft\":0,\"firstPosition\":{\"lineNumber\":40,\"column\":1},\"firstPositionDeltaTop\":-7},\"contributionsState\":{\"editor.contrib.folding\":{\"lineCount\":368,\"provider\":\"indent\",\"foldedImports\":false},\"editor.contrib.wordHighlighter\":false}}"},{"constructionOptions":{"factoryId":"code-editor-opener","options":{"counter":0,"kind":"navigatable","uri":"file:///home/aaron/projects/esp32_ble/wroom/master/sd_read_write.cpp"}},"innerWidgetState":"{\"cursorState\":[{\"inSelectionMode\":false,\"selectionStart\":{\"lineNumber\":1,\"column\":1},\"position\":{\"lineNumber\":1,\"column\":1}}],\"viewState\":{\"scrollLeft\":0,\"firstPosition\":{\"lineNumber\":1,\"column\":1},\"firstPositionDeltaTop\":0},\"contributionsState\":{\"editor.contrib.folding\":{\"lineCount\":154,\"provider\":\"indent\",\"foldedImports\":false},\"editor.contrib.wordHighlighter\":false}}"},{"constructionOptions":{"factoryId":"code-editor-opener","options":{"counter":0,"kind":"navigatable","uri":"file:///home/aaron/projects/esp32_ble/wroom/master/sd_read_write.h"}},"innerWidgetState":"{\"cursorState\":[{\"inSelectionMode\":false,\"selectionStart\":{\"lineNumber\":1,\"column\":1},\"position\":{\"lineNumber\":1,\"column\":1}}],\"viewState\":{\"scrollLeft\":0,\"firstPosition\":{\"lineNumber\":1,\"column\":1},\"firstPositionDeltaTop\":0},\"contributionsState\":{\"editor.contrib.folding\":{\"lineCount\":19,\"provider\":\"indent\",\"foldedImports\":false},\"editor.contrib.wordHighlighter\":false}}"}],"currentIndex":0}},"mainPanelPinned":[false,false,false],"bottomPanel":{"config":{"main":{"type":"tab-area","widgets":[{"constructionOptions":{"factoryId":"outputView"},"innerWidgetState":"{\"locked\":false}"},{"constructionOptions":{"factoryId":"serial-monitor"}}],"currentIndex":1}},"pinned":[false,false],"size":353,"expanded":true},"leftPanel":{"type":"sidepanel","items":[{"widget":{"constructionOptions":{"factoryId":"arduino-sketchbook-widget"}},"rank":1,"expanded":false,"pinned":false},{"widget":{"constructionOptions":{"factoryId":"boards-list-widget"}},"rank":2,"expanded":false,"pinned":false},{"widget":{"constructionOptions":{"factoryId":"library-list-widget"}},"rank":3,"expanded":false,"pinned":false},{"widget":{"constructionOptions":{"factoryId":"debug"},"innerWidgetState":"{\"parts\":[{\"partId\":\"debug:threads:-1\",\"collapsed\":false,\"hidden\":false,\"originalContainerId\":\"debug:view-container:-1\",\"originalContainerTitle\":{\"label\":\"debug\",\"iconClass\":\"codicon codicon-debug-alt\",\"closeable\":true},\"widget\":{\"constructionOptions\":{\"factoryId\":\"debug:threads\"},\"innerWidgetState\":\"{}\"}},{\"partId\":\"debug:frames:-1\",\"collapsed\":false,\"hidden\":false,\"originalContainerId\":\"debug:view-container:-1\",\"originalContainerTitle\":{\"label\":\"debug\",\"iconClass\":\"codicon codicon-debug-alt\",\"closeable\":true},\"widget\":{\"constructionOptions\":{\"factoryId\":\"debug:frames\"},\"innerWidgetState\":\"{}\"}},{\"partId\":\"debug:variables:-1\",\"collapsed\":false,\"hidden\":false,\"originalContainerId\":\"debug:view-container:-1\",\"originalContainerTitle\":{\"label\":\"debug\",\"iconClass\":\"codicon codicon-debug-alt\",\"closeable\":true},\"widget\":{\"constructionOptions\":{\"factoryId\":\"debug:variables\"},\"innerWidgetState\":\"{}\"}},{\"partId\":\"debug:watch:-1\",\"collapsed\":false,\"hidden\":false,\"originalContainerId\":\"debug:view-container:-1\",\"originalContainerTitle\":{\"label\":\"debug\",\"iconClass\":\"codicon codicon-debug-alt\",\"closeable\":true},\"widget\":{\"constructionOptions\":{\"factoryId\":\"debug:watch\"},\"innerWidgetState\":\"{}\"}},{\"partId\":\"debug:breakpoints:-1\",\"collapsed\":false,\"hidden\":false,\"originalContainerId\":\"debug:view-container:-1\",\"originalContainerTitle\":{\"label\":\"debug\",\"iconClass\":\"codicon codicon-debug-alt\",\"closeable\":true},\"widget\":{\"constructionOptions\":{\"factoryId\":\"debug:breakpoints\"},\"innerWidgetState\":\"{}\"}},{\"partId\":\"plugin-view:cortex-debug.peripherals\",\"collapsed\":true,\"hidden\":true,\"originalContainerId\":\"debug:view-container:-1\",\"originalContainerTitle\":{\"label\":\"debug\",\"iconClass\":\"codicon codicon-debug-alt\",\"closeable\":true},\"widget\":{\"constructionOptions\":{\"factoryId\":\"plugin-view\",\"options\":{\"id\":\"plugin-view:cortex-debug.peripherals\",\"viewId\":\"cortex-debug.peripherals\"}},\"innerWidgetState\":\"{\\\"label\\\":\\\"Cortex Peripherals\\\",\\\"widgets\\\":[],\\\"suppressUpdateViewVisibility\\\":false,\\\"currentViewContainerId\\\":\\\"debug\\\"}\"}},{\"partId\":\"plugin-view:cortex-debug.registers\",\"collapsed\":true,\"hidden\":true,\"originalContainerId\":\"debug:view-container:-1\",\"originalContainerTitle\":{\"label\":\"debug\",\"iconClass\":\"codicon codicon-debug-alt\",\"closeable\":true},\"widget\":{\"constructionOptions\":{\"factoryId\":\"plugin-view\",\"options\":{\"id\":\"plugin-view:cortex-debug.registers\",\"viewId\":\"cortex-debug.registers\"}},\"innerWidgetState\":\"{\\\"label\\\":\\\"Cortex Registers\\\",\\\"widgets\\\":[],\\\"suppressUpdateViewVisibility\\\":false,\\\"currentViewContainerId\\\":\\\"debug\\\"}\"}}],\"title\":{\"label\":\"debug\",\"iconClass\":\"codicon codicon-debug-alt\",\"closeable\":true}}"},"rank":4,"expanded":false,"pinned":false},{"widget":{"constructionOptions":{"factoryId":"search-view-container"},"innerWidgetState":"{\"parts\":[{\"partId\":\"search-in-workspace\",\"collapsed\":false,\"hidden\":false,\"originalContainerId\":\"search-view-container\",\"originalContainerTitle\":{\"label\":\"Search\",\"iconClass\":\"codicon codicon-search\",\"closeable\":true},\"widget\":{\"constructionOptions\":{\"factoryId\":\"search-in-workspace\"},\"innerWidgetState\":\"{\\\"matchCaseState\\\":{\\\"className\\\":\\\"codicon codicon-case-sensitive\\\",\\\"enabled\\\":false,\\\"title\\\":\\\"Match Case\\\"},\\\"wholeWordState\\\":{\\\"className\\\":\\\"codicon codicon-whole-word\\\",\\\"enabled\\\":false,\\\"title\\\":\\\"Match Whole Word\\\"},\\\"regExpState\\\":{\\\"className\\\":\\\"codicon codicon-regex\\\",\\\"enabled\\\":false,\\\"title\\\":\\\"Use Regular Expression\\\"},\\\"includeIgnoredState\\\":{\\\"className\\\":\\\"codicon codicon-eye\\\",\\\"enabled\\\":false,\\\"title\\\":\\\"Include Ignored Files\\\"},\\\"showSearchDetails\\\":false,\\\"searchInWorkspaceOptions\\\":{\\\"matchCase\\\":false,\\\"matchWholeWord\\\":false,\\\"useRegExp\\\":false,\\\"multiline\\\":false,\\\"includeIgnored\\\":false,\\\"include\\\":[],\\\"exclude\\\":[],\\\"maxResults\\\":2000},\\\"searchTerm\\\":\\\"\\\",\\\"replaceTerm\\\":\\\"\\\",\\\"showReplaceField\\\":false,\\\"searchHistoryState\\\":{\\\"history\\\":[],\\\"index\\\":0},\\\"replaceHistoryState\\\":{\\\"history\\\":[],\\\"index\\\":0},\\\"includeHistoryState\\\":{\\\"history\\\":[],\\\"index\\\":0},\\\"excludeHistoryState\\\":{\\\"history\\\":[],\\\"index\\\":0}}\"}}],\"title\":{\"label\":\"Search\",\"iconClass\":\"fa fa-arduino-search\",\"closeable\":true}}"},"rank":5,"expanded":false,"pinned":false}]},"rightPanel":{"type":"sidepanel","items":[]},"activeWidgetId":"serial-monitor"}
2025-08-26 11:15:12 2025-08-26T18:15:12.823Z root INFO ------- END SERIALIZED LAYOUT DATA -------
2025-08-26 11:15:13 2025-08-26T18:15:13.374Z root INFO <<< The layout has been successfully restored.
2025-08-26 11:15:13 2025-08-26T18:15:13.508Z root INFO Initialize the workbench layout: 2120.9 ms [Finished 4.492 s after frontend start]
2025-08-26 11:15:13 2025-08-26T18:15:13.511Z root INFO Changed application state from 'attached_shell' to 'initialized_layout'.
2025-08-26 11:15:13 2025-08-26T18:15:13.511Z root INFO [f34effc9-cc73-48a7-a98c-e8c9e04b8fd6] Loading plugin contributions
2025-08-26 11:15:13 2025-08-26T18:15:13.511Z root INFO [f34effc9-cc73-48a7-a98c-e8c9e04b8fd6] Load contributions of 23 plugins: 130.9 ms [Finished 4.625 s after frontend start]
2025-08-26 11:15:13 2025-08-26T18:15:13.566Z root WARN 'cpp' language is remapped from 'source.cpp.embedded.macro' to 'source.cpp' scope
2025-08-26 11:15:13 2025-08-26T18:15:13.567Z root WARN a registered grammar configuration for 'cpp' language is overridden
2025-08-26 11:15:14 2025-08-26T18:15:14.032Z root ERROR [hosted-plugin: 11759] Conflict in settings file Default: Ignoring cortex-debug.armToolchainPath.linux as cortex-debug.armToolchainPath is null
2025-08-26 11:15:14 2025-08-26T18:15:14.032Z root ERROR [hosted-plugin: 11759] Conflict in settings file Default: Ignoring cortex-debug.armToolchainPath.osx as cortex-debug.armToolchainPath is null
Conflict in settings file Default: Ignoring cortex-debug.armToolchainPath.windows as cortex-debug.armToolchainPath is null
Conflict in settings file Default: Ignoring cortex-debug.JLinkGDBServerPath.linux as cortex-debug.JLinkGDBServerPath is null
2025-08-26 11:15:14 2025-08-26T18:15:14.033Z root ERROR [hosted-plugin: 11759] Conflict in settings file Default: Ignoring cortex-debug.JLinkGDBServerPath.osx as cortex-debug.JLinkGDBServerPath is null
2025-08-26 11:15:14 2025-08-26T18:15:14.033Z root ERROR [hosted-plugin: 11759] Conflict in settings file Default: Ignoring cortex-debug.JLinkGDBServerPath.windows as cortex-debug.JLinkGDBServerPath is null
2025-08-26 11:15:14 2025-08-26T18:15:14.033Z root ERROR [hosted-plugin: 11759] Conflict in settings file Default: Ignoring cortex-debug.openocdPath.linux as cortex-debug.openocdPath is null
2025-08-26 11:15:14 2025-08-26T18:15:14.033Z root ERROR [hosted-plugin: 11759] Conflict in settings file Default: Ignoring cortex-debug.openocdPath.osx as cortex-debug.openocdPath is null
2025-08-26 11:15:14 2025-08-26T18:15:14.033Z root ERROR [hosted-plugin: 11759] Conflict in settings file Default: Ignoring cortex-debug.openocdPath.windows as cortex-debug.openocdPath is null
2025-08-26 11:15:14 2025-08-26T18:15:14.033Z root ERROR [hosted-plugin: 11759] Conflict in settings file Default: Ignoring cortex-debug.pyocdPath.linux as cortex-debug.pyocdPath is null
2025-08-26 11:15:14 2025-08-26T18:15:14.033Z root ERROR [hosted-plugin: 11759] Conflict in settings file Default: Ignoring cortex-debug.pyocdPath.osx as cortex-debug.pyocdPath is null
Conflict in settings file Default: Ignoring cortex-debug.pyocdPath.windows as cortex-debug.pyocdPath is null
2025-08-26 11:15:14 2025-08-26T18:15:14.033Z root ERROR [hosted-plugin: 11759] Conflict in settings file Default: Ignoring cortex-debug.PEGDBServerPath.linux as cortex-debug.PEGDBServerPath is null
Conflict in settings file Default: Ignoring cortex-debug.PEGDBServerPath.osx as cortex-debug.PEGDBServerPath is null
2025-08-26 11:15:14 2025-08-26T18:15:14.033Z root ERROR [hosted-plugin: 11759] Conflict in settings file Default: Ignoring cortex-debug.PEGDBServerPath.windows as cortex-debug.PEGDBServerPath is null
Conflict in settings file Default: Ignoring cortex-debug.stutilPath.linux as cortex-debug.stutilPath is null
Conflict in settings file Default: Ignoring cortex-debug.stutilPath.osx as cortex-debug.stutilPath is null
2025-08-26 11:15:14 2025-08-26T18:15:14.033Z root ERROR [hosted-plugin: 11759] Conflict in settings file Default: Ignoring cortex-debug.stutilPath.windows as cortex-debug.stutilPath is null
Conflict in settings file Default: Ignoring cortex-debug.stlinkPath.linux as cortex-debug.stlinkPath is null
2025-08-26 11:15:14 2025-08-26T18:15:14.034Z root ERROR [hosted-plugin: 11759] Conflict in settings file Default: Ignoring cortex-debug.stlinkPath.osx as cortex-debug.stlinkPath is null
Conflict in settings file Default: Ignoring cortex-debug.stlinkPath.windows as cortex-debug.stlinkPath is null
Conflict in settings file Default: Ignoring cortex-debug.stm32cubeprogrammer.linux as cortex-debug.stm32cubeprogrammer is null
2025-08-26 11:15:14 2025-08-26T18:15:14.034Z root ERROR [hosted-plugin: 11759] Conflict in settings file Default: Ignoring cortex-debug.stm32cubeprogrammer.osx as cortex-debug.stm32cubeprogrammer is null
Conflict in settings file Default: Ignoring cortex-debug.stm32cubeprogrammer.windows as cortex-debug.stm32cubeprogrammer is null
2025-08-26 11:15:14 2025-08-26T18:15:14.057Z root INFO [hosted-plugin: 11759] PLUGIN_HOST(11759): PluginManagerExtImpl/init()
2025-08-26 11:15:14 2025-08-26T18:15:14.062Z root INFO [hosted-plugin: 11759] PLUGIN_HOST(11759): initializing(vscode-arduino-api@0.1.2 with /nix/store/2d5i1bzbqbnl4rgnhk8czrw5zmqqjdzv-arduino-ide-2.3.6-extracted/resources/app/lib/backend/plugin-vscode-init)
2025-08-26 11:15:14 2025-08-26T18:15:14.136Z root INFO [hosted-plugin: 11759] PLUGIN_HOST(11759): initializing(json-language-features@1.88.1 with /nix/store/2d5i1bzbqbnl4rgnhk8czrw5zmqqjdzv-arduino-ide-2.3.6-extracted/resources/app/lib/backend/plugin-vscode-init)
2025-08-26 11:15:14 2025-08-26T18:15:14.141Z root INFO [hosted-plugin: 11759] PLUGIN_HOST(11759): initializing(cortex-debug@1.5.1 with /nix/store/2d5i1bzbqbnl4rgnhk8czrw5zmqqjdzv-arduino-ide-2.3.6-extracted/resources/app/lib/backend/plugin-vscode-init)
2025-08-26 11:15:14 2025-08-26T18:15:14.141Z root INFO [hosted-plugin: 11759] Debugger contribution has been registered: cortex-debug
2025-08-26 11:15:14 2025-08-26T18:15:14.143Z root INFO [hosted-plugin: 11759] PLUGIN_HOST(11759): initializing(vscode-arduino-tools@0.1.3 with /nix/store/2d5i1bzbqbnl4rgnhk8czrw5zmqqjdzv-arduino-ide-2.3.6-extracted/resources/app/lib/backend/plugin-vscode-init)
2025-08-26 11:15:14 2025-08-26T18:15:14.146Z root INFO [hosted-plugin: 11759] PLUGIN_HOST(11759): initializing(cpp@1.88.1 with /nix/store/2d5i1bzbqbnl4rgnhk8czrw5zmqqjdzv-arduino-ide-2.3.6-extracted/resources/app/lib/backend/plugin-vscode-init)
2025-08-26 11:15:14 2025-08-26T18:15:14.148Z root INFO [hosted-plugin: 11759] PLUGIN_HOST(11759): initializing(json@1.88.1 with /nix/store/2d5i1bzbqbnl4rgnhk8czrw5zmqqjdzv-arduino-ide-2.3.6-extracted/resources/app/lib/backend/plugin-vscode-init)
2025-08-26 11:15:14 2025-08-26T18:15:14.153Z root INFO [hosted-plugin: 11759] PLUGIN_HOST(11759): initializing(vscode-language-pack-bg@1.48.3 with /nix/store/2d5i1bzbqbnl4rgnhk8czrw5zmqqjdzv-arduino-ide-2.3.6-extracted/resources/app/lib/backend/plugin-vscode-init)
2025-08-26 11:15:14 2025-08-26T18:15:14.154Z root INFO [hosted-plugin: 11759] PLUGIN_HOST(11759): initializing(vscode-language-pack-cs@1.96.0 with /nix/store/2d5i1bzbqbnl4rgnhk8czrw5zmqqjdzv-arduino-ide-2.3.6-extracted/resources/app/lib/backend/plugin-vscode-init)
2025-08-26 11:15:14 2025-08-26T18:15:14.155Z root INFO [hosted-plugin: 11759] PLUGIN_HOST(11759): initializing(vscode-language-pack-de@1.96.0 with /nix/store/2d5i1bzbqbnl4rgnhk8czrw5zmqqjdzv-arduino-ide-2.3.6-extracted/resources/app/lib/backend/plugin-vscode-init)
2025-08-26 11:15:14 2025-08-26T18:15:14.156Z root INFO [hosted-plugin: 11759] PLUGIN_HOST(11759): initializing(vscode-language-pack-es@1.96.0 with /nix/store/2d5i1bzbqbnl4rgnhk8czrw5zmqqjdzv-arduino-ide-2.3.6-extracted/resources/app/lib/backend/plugin-vscode-init)
2025-08-26 11:15:14 2025-08-26T18:15:14.158Z root INFO [hosted-plugin: 11759] PLUGIN_HOST(11759): initializing(vscode-language-pack-fr@1.96.0 with /nix/store/2d5i1bzbqbnl4rgnhk8czrw5zmqqjdzv-arduino-ide-2.3.6-extracted/resources/app/lib/backend/plugin-vscode-init)
2025-08-26 11:15:14 2025-08-26T18:15:14.158Z root INFO [hosted-plugin: 11759] PLUGIN_HOST(11759): initializing(vscode-language-pack-hu@1.48.3 with /nix/store/2d5i1bzbqbnl4rgnhk8czrw5zmqqjdzv-arduino-ide-2.3.6-extracted/resources/app/lib/backend/plugin-vscode-init)
2025-08-26 11:15:14 2025-08-26T18:15:14.159Z root INFO [hosted-plugin: 11759] PLUGIN_HOST(11759): initializing(vscode-language-pack-it@1.96.0 with /nix/store/2d5i1bzbqbnl4rgnhk8czrw5zmqqjdzv-arduino-ide-2.3.6-extracted/resources/app/lib/backend/plugin-vscode-init)
2025-08-26 11:15:14 2025-08-26T18:15:14.159Z root INFO [hosted-plugin: 11759] PLUGIN_HOST(11759): initializing(vscode-language-pack-ja@1.96.0 with /nix/store/2d5i1bzbqbnl4rgnhk8czrw5zmqqjdzv-arduino-ide-2.3.6-extracted/resources/app/lib/backend/plugin-vscode-init)
2025-08-26 11:15:14 2025-08-26T18:15:14.160Z root INFO [hosted-plugin: 11759] PLUGIN_HOST(11759): initializing(vscode-language-pack-ko@1.96.0 with /nix/store/2d5i1bzbqbnl4rgnhk8czrw5zmqqjdzv-arduino-ide-2.3.6-extracted/resources/app/lib/backend/plugin-vscode-init)
2025-08-26 11:15:14 2025-08-26T18:15:14.160Z root INFO [hosted-plugin: 11759] PLUGIN_HOST(11759): initializing(vscode-language-pack-nl@1.48.3 with /nix/store/2d5i1bzbqbnl4rgnhk8czrw5zmqqjdzv-arduino-ide-2.3.6-extracted/resources/app/lib/backend/plugin-vscode-init)
2025-08-26 11:15:14 2025-08-26T18:15:14.161Z root INFO [hosted-plugin: 11759] PLUGIN_HOST(11759): initializing(vscode-language-pack-pl@1.96.0 with /nix/store/2d5i1bzbqbnl4rgnhk8czrw5zmqqjdzv-arduino-ide-2.3.6-extracted/resources/app/lib/backend/plugin-vscode-init)
2025-08-26 11:15:14 2025-08-26T18:15:14.161Z root INFO [hosted-plugin: 11759] PLUGIN_HOST(11759): initializing(vscode-language-pack-pt-BR@1.96.0 with /nix/store/2d5i1bzbqbnl4rgnhk8czrw5zmqqjdzv-arduino-ide-2.3.6-extracted/resources/app/lib/backend/plugin-vscode-init)
2025-08-26 11:15:14 2025-08-26T18:15:14.161Z root INFO [hosted-plugin: 11759] PLUGIN_HOST(11759): initializing(vscode-language-pack-ru@1.96.0 with /nix/store/2d5i1bzbqbnl4rgnhk8czrw5zmqqjdzv-arduino-ide-2.3.6-extracted/resources/app/lib/backend/plugin-vscode-init)
2025-08-26 11:15:14 2025-08-26T18:15:14.162Z root INFO [hosted-plugin: 11759] PLUGIN_HOST(11759): initializing(vscode-language-pack-tr@1.96.0 with /nix/store/2d5i1bzbqbnl4rgnhk8czrw5zmqqjdzv-arduino-ide-2.3.6-extracted/resources/app/lib/backend/plugin-vscode-init)
2025-08-26 11:15:14 2025-08-26T18:15:14.162Z root INFO [hosted-plugin: 11759] PLUGIN_HOST(11759): initializing(vscode-language-pack-uk@1.48.3 with /nix/store/2d5i1bzbqbnl4rgnhk8czrw5zmqqjdzv-arduino-ide-2.3.6-extracted/resources/app/lib/backend/plugin-vscode-init)
2025-08-26 11:15:14 2025-08-26T18:15:14.162Z root INFO [hosted-plugin: 11759] PLUGIN_HOST(11759): initializing(vscode-language-pack-zh-hans@1.96.0 with /nix/store/2d5i1bzbqbnl4rgnhk8czrw5zmqqjdzv-arduino-ide-2.3.6-extracted/resources/app/lib/backend/plugin-vscode-init)
2025-08-26 11:15:14 2025-08-26T18:15:14.163Z root INFO [hosted-plugin: 11759] PLUGIN_HOST(11759): initializing(vscode-language-pack-zh-hant@1.96.0 with /nix/store/2d5i1bzbqbnl4rgnhk8czrw5zmqqjdzv-arduino-ide-2.3.6-extracted/resources/app/lib/backend/plugin-vscode-init)
2025-08-26 11:15:14 2025-08-26T18:15:14.172Z root INFO [hosted-plugin: 11759] PLUGIN_HOST(11759): PluginManagerExtImpl/loadPlugin(/nix/store/2d5i1bzbqbnl4rgnhk8czrw5zmqqjdzv-arduino-ide-2.3.6-extracted/resources/app/plugins/vscode-builtin-json-language-features/extension/client/dist/node/jsonClientMain)
2025-08-26 11:15:14 2025-08-26T18:15:14.234Z root INFO [hosted-plugin: 11759] PLUGIN_HOST(11759): PluginManagerExtImpl/loadPlugin(/nix/store/2d5i1bzbqbnl4rgnhk8czrw5zmqqjdzv-arduino-ide-2.3.6-extracted/resources/app/plugins/vscode-arduino-tools/extension/dist/extension.js)
2025-08-26 11:15:14 2025-08-26T18:15:14.268Z root INFO [hosted-plugin: 11759] PLUGIN_HOST(11759): PluginManagerExtImpl/loadPlugin(/nix/store/2d5i1bzbqbnl4rgnhk8czrw5zmqqjdzv-arduino-ide-2.3.6-extracted/resources/app/plugins/vscode-arduino-api/extension/dist/extension.js)
2025-08-26 11:15:14 2025-08-26T18:15:14.273Z root INFO [hosted-plugin: 11759] calling activation function on VS Code Arduino Tools
calling activation function on Arduino IDE API for VS Code extensions
2025-08-26 11:15:14 2025-08-26T18:15:14.279Z root INFO [f34effc9-cc73-48a7-a98c-e8c9e04b8fd6] Starting plugins.
2025-08-26 11:15:14 2025-08-26T18:15:14.319Z root INFO [hosted-plugin: 11759] PLUGIN_HOST(11759): PluginManagerExtImpl/loadPlugin(/nix/store/2d5i1bzbqbnl4rgnhk8czrw5zmqqjdzv-arduino-ide-2.3.6-extracted/resources/app/plugins/cortex-debug/extension/dist/extension.js)
2025-08-26 11:15:14 2025-08-26T18:15:14.359Z root INFO [hosted-plugin: 11759] Debug configuration provider has been registered: cortex-debug, trigger: 1
2025-08-26 11:15:14 2025-08-26T18:15:14.359Z root INFO [hosted-plugin: 11759] calling activation function on Cortex-Debug
2025-08-26 11:15:14 2025-08-26T18:15:14.361Z root INFO [hosted-plugin: 11759] GDB server console created
2025-08-26 11:15:14 2025-08-26T18:15:14.520Z root INFO [hosted-plugin: 11759] calling activation function on JSON Language Features (built-in)
2025-08-26 11:15:14 2025-08-26T18:15:14.611Z root INFO Frontend application start: 3553.5 ms [Finished 6.429 s after backend start]
2025-08-26 11:15:14 Checking for update
2025-08-26 11:15:14 2025-08-26T18:15:14.658Z root INFO Replace loading indicator with ready workbench UI (animation): 861.8 ms [Finished 5.490 s after frontend start]
2025-08-26 11:15:14 2025-08-26T18:15:14.664Z root INFO Changed application state from 'initialized_layout' to 'ready'.
2025-08-26 11:15:14 2025-08-26T18:15:14.664Z root WARN Linked preference "workbench.colorCustomizations" not found.
2025-08-26 11:15:14 2025-08-26T18:15:14.664Z root INFO [f34effc9-cc73-48a7-a98c-e8c9e04b8fd6] Start of 23 plugins: 1113.2 ms [Finished 5.742 s after frontend start]
2025-08-26 11:15:14 2025-08-26T18:15:14.753Z daemon INFO time="2025-08-26T11:15:14-07:00" level=info msg="Starting download" url="https://downloads.arduino.cc/libraries/library_index.tar.bz2"
time="2025-08-26T11:15:14-07:00" level=info msg="Updating index" url="https://downloads.arduino.cc/packages/package_index.tar.bz2"
time="2025-08-26T11:15:14-07:00" level=info msg="Starting download" url="https://downloads.arduino.cc/packages/package_index.tar.bz2"
2025-08-26 11:15:14 2025-08-26T18:15:14.756Z root INFO core-client-provider [library-index] Downloading index: library_index.tar.bz2

2025-08-26 11:15:14 2025-08-26T18:15:14.757Z root INFO core-client-provider [platform-index] Downloading index: package_index.tar.bz2

2025-08-26 11:15:14 2025-08-26T18:15:14.894Z root INFO Starting language server: esp32:esp32:sparkfun_esp32s3_thing_plus:UploadSpeed=921600,USBMode=default,CDCOnBoot=default,MSCOnBoot=default,DFUOnBoot=default,UploadMode=default,CPUFreq=240,FlashMode=qio,PartitionScheme=default,DebugLevel=none,PSRAM=enabled,LoopCore=1,EventsCore=1,EraseFlash=none,JTAGAdapter=default,ZigbeeMode=default
2025-08-26 11:15:14 2025-08-26T18:15:14.917Z daemon INFO time="2025-08-26T11:15:14-07:00" level=info msg="Tool required for debug" tool="arduino:dfu-util@0.11.0-arduino5"
time="2025-08-26T11:15:14-07:00" level=info msg="Tool required for debug" tool="esp32:esp-rv32@2411"
time="2025-08-26T11:15:14-07:00" level=info msg="Tool required for debug" tool="esp32:esp-x32@2411"
time="2025-08-26T11:15:14-07:00" level=info msg="Tool required for debug" tool="esp32:esp32-arduino-libs@idf-release_v5.5-b66b5448-v1"
time="2025-08-26T11:15:14-07:00" level=info msg="Tool required for debug" tool="esp32:esptool_py@5.0.0"
time="2025-08-26T11:15:14-07:00" level=info msg="Tool required for debug" tool="esp32:mklittlefs@3.0.0-gnu12-dc7f933"
time="2025-08-26T11:15:14-07:00" level=info msg="Tool required for debug" tool="esp32:mkspiffs@0.2.3"
time="2025-08-26T11:15:14-07:00" level=info msg="Tool required for debug" tool="esp32:openocd-esp32@v0.12.0-esp32-20250422"
time="2025-08-26T11:15:14-07:00" level=info msg="Tool required for debug" tool="esp32:riscv32-esp-elf-gdb@16.2_20250324"
time="2025-08-26T11:15:14-07:00" level=info msg="Tool required for debug" tool="esp32:xtensa-esp-elf-gdb@16.2_20250324"
time="2025-08-26T11:15:14-07:00" level=info msg="Tool required for debug" tool="arduino:openocd@0.11.0-arduino2"
time="2025-08-26T11:15:14-07:00" level=info msg="Tool required for debug" tool="builtin:serial-monitor@0.15.0"
time="2025-08-26T11:15:14-07:00" level=info msg="Tool required for debug" tool="arduino:arduinoOTA@1.3.0"
time="2025-08-26T11:15:14-07:00" level=info msg="Tool required for debug" tool="arduino:avr-gcc@7.3.0-atmel3.6.1-arduino7"
time="2025-08-26T11:15:14-07:00" level=info msg="Tool required for debug" tool="arduino:bossac@1.9.1-arduino5"
time="2025-08-26T11:15:14-07:00" level=info msg="Tool required for debug" tool="arduino:arm-none-eabi-gcc@7-2017q4"
time="2025-08-26T11:15:14-07:00" level=info msg="Tool required for debug" tool="builtin:dfu-discovery@0.1.2"
time="2025-08-26T11:15:14-07:00" level=info msg="Tool required for debug" tool="builtin:serial-discovery@1.4.1"
time="2025-08-26T11:15:14-07:00" level=info msg="Tool required for debug" tool="arduino:avrdude@6.3.0-arduino17"
time="2025-08-26T11:15:14-07:00" level=info msg="Tool required for debug" tool="builtin:ctags@5.8-arduino11"
time="2025-08-26T11:15:14-07:00" level=info msg="Tool required for debug" tool="builtin:mdns-discovery@1.0.9"
2025-08-26 11:15:14 2025-08-26T18:15:14.923Z daemon INFO time="2025-08-26T11:15:14-07:00" level=info msg="Tool required for debug" tool="arduino:dfu-util@0.11.0-arduino5"
2025-08-26 11:15:14 2025-08-26T18:15:14.923Z daemon INFO time="2025-08-26T11:15:14-07:00" level=info msg="Tool required for debug" tool="esp32:esp-rv32@2411"
time="2025-08-26T11:15:14-07:00" level=info msg="Tool required for debug" tool="esp32:esp-x32@2411"
time="2025-08-26T11:15:14-07:00" level=info msg="Tool required for debug" tool="esp32:esp32-arduino-libs@idf-release_v5.5-b66b5448-v1"
2025-08-26 11:15:14 2025-08-26T18:15:14.923Z daemon INFO time="2025-08-26T11:15:14-07:00" level=info msg="Tool required for debug" tool="esp32:esptool_py@5.0.0"
time="2025-08-26T11:15:14-07:00" level=info msg="Tool required for debug" tool="esp32:mklittlefs@3.0.0-gnu12-dc7f933"
time="2025-08-26T11:15:14-07:00" level=info msg="Tool required for debug" tool="esp32:mkspiffs@0.2.3"
time="2025-08-26T11:15:14-07:00" level=info msg="Tool required for debug" tool="esp32:openocd-esp32@v0.12.0-esp32-20250422"
time="2025-08-26T11:15:14-07:00" level=info msg="Tool required for debug" tool="esp32:riscv32-esp-elf-gdb@16.2_20250324"
time="2025-08-26T11:15:14-07:00" level=info msg="Tool required for debug" tool="esp32:xtensa-esp-elf-gdb@16.2_20250324"
time="2025-08-26T11:15:14-07:00" level=info msg="Tool required for debug" tool="arduino:openocd@0.11.0-arduino2"
time="2025-08-26T11:15:14-07:00" level=info msg="Tool required for debug" tool="builtin:serial-discovery@1.4.1"
time="2025-08-26T11:15:14-07:00" level=info msg="Tool required for debug" tool="builtin:ctags@5.8-arduino11"
2025-08-26 11:15:14 2025-08-26T18:15:14.923Z daemon INFO time="2025-08-26T11:15:14-07:00" level=info msg="Tool required for debug" tool="arduino:arm-none-eabi-gcc@7-2017q4"
time="2025-08-26T11:15:14-07:00" level=info msg="Tool required for debug" tool="builtin:dfu-discovery@0.1.2"
2025-08-26 11:15:14 2025-08-26T18:15:14.923Z daemon INFO time="2025-08-26T11:15:14-07:00" level=info msg="Tool required for debug" tool="builtin:serial-monitor@0.15.0"
time="2025-08-26T11:15:14-07:00" level=info msg="Tool required for debug" tool="builtin:mdns-discovery@1.0.9"
time="2025-08-26T11:15:14-07:00" level=info msg="Tool required for debug" tool="arduino:arduinoOTA@1.3.0"
time="2025-08-26T11:15:14-07:00" level=info msg="Tool required for debug" tool="arduino:avr-gcc@7.3.0-atmel3.6.1-arduino7"
2025-08-26 11:15:14 2025-08-26T18:15:14.924Z daemon INFO time="2025-08-26T11:15:14-07:00" level=info msg="Tool required for debug" tool="arduino:avrdude@6.3.0-arduino17"
time="2025-08-26T11:15:14-07:00" level=info msg="Tool required for debug" tool="arduino:bossac@1.9.1-arduino5"
2025-08-26 11:15:15 2025-08-26T18:15:15.125Z daemon INFO time="2025-08-26T11:15:14-07:00" level=info msg="Tool required for debug" tool="arduino:dfu-util@0.11.0-arduino5"
time="2025-08-26T11:15:14-07:00" level=info msg="Tool required for debug" tool="esp32:esp-rv32@2411"
time="2025-08-26T11:15:14-07:00" level=info msg="Tool required for debug" tool="esp32:esp-x32@2411"
time="2025-08-26T11:15:14-07:00" level=info msg="Tool required for debug" tool="esp32:esp32-arduino-libs@idf-release_v5.5-b66b5448-v1"
time="2025-08-26T11:15:14-07:00" level=info msg="Tool required for debug" tool="esp32:esptool_py@5.0.0"
time="2025-08-26T11:15:14-07:00" level=info msg="Tool required for debug" tool="esp32:mklittlefs@3.0.0-gnu12-dc7f933"
time="2025-08-26T11:15:14-07:00" level=info msg="Tool required for debug" tool="esp32:mkspiffs@0.2.3"
time="2025-08-26T11:15:14-07:00" level=info msg="Tool required for debug" tool="esp32:openocd-esp32@v0.12.0-esp32-20250422"
time="2025-08-26T11:15:14-07:00" level=info msg="Tool required for debug" tool="esp32:riscv32-esp-elf-gdb@16.2_20250324"
time="2025-08-26T11:15:14-07:00" level=info msg="Tool required for debug" tool="esp32:xtensa-esp-elf-gdb@16.2_20250324"
time="2025-08-26T11:15:14-07:00" level=info msg="Tool required for debug" tool="arduino:avr-gcc@7.3.0-atmel3.6.1-arduino7"
time="2025-08-26T11:15:14-07:00" level=info msg="Tool required for debug" tool="arduino:arm-none-eabi-gcc@7-2017q4"
time="2025-08-26T11:15:14-07:00" level=info msg="Tool required for debug" tool="arduino:bossac@1.9.1-arduino5"
time="2025-08-26T11:15:14-07:00" level=info msg="Tool required for debug" tool="arduino:openocd@0.11.0-arduino2"
time="2025-08-26T11:15:14-07:00" level=info msg="Tool required for debug" tool="arduino:avrdude@6.3.0-arduino17"
time="2025-08-26T11:15:14-07:00" level=info msg="Tool required for debug" tool="builtin:ctags@5.8-arduino11"
time="2025-08-26T11:15:14-07:00" level=info msg="Tool required for debug" tool="builtin:dfu-discovery@0.1.2"
time="2025-08-26T11:15:14-07:00" level=info msg="Tool required for debug" tool="arduino:arduinoOTA@1.3.0"
time="2025-08-26T11:15:14-07:00" level=info msg="Tool required for debug" tool="builtin:mdns-discovery@1.0.9"
time="2025-08-26T11:15:14-07:00" level=info msg="Tool required for debug" tool="builtin:serial-discovery@1.4.1"
time="2025-08-26T11:15:14-07:00" level=info msg="Tool required for debug" tool="builtin:serial-monitor@0.15.0"
time="2025-08-26T11:15:14-07:00" level=info msg="Tool required for debug" tool="arduino:dfu-util@0.11.0-arduino5"
time="2025-08-26T11:15:14-07:00" level=info msg="Tool required for debug" tool="esp32:esp-rv32@2411"
time="2025-08-26T11:15:14-07:00" level=info msg="Tool required for debug" tool="esp32:esp-x32@2411"
time="2025-08-26T11:15:14-07:00" level=info msg="Tool required for debug" tool="esp32:esp32-arduino-libs@idf-release_v5.5-b66b5448-v1"
time="2025-08-26T11:15:14-07:00" level=info msg="Tool required for debug" tool="esp32:esptool_py@5.0.0"
time="2025-08-26T11:15:14-07:00" level=info msg="Tool required for debug" tool="esp32:mklittlefs@3.0.0-gnu12-dc7f933"
time="2025-08-26T11:15:14-07:00" level=info msg="Tool required for debug" tool="esp32:mkspiffs@0.2.3"
time="2025-08-26T11:15:14-07:00" level=info msg="Tool required for debug" tool="esp32:openocd-esp32@v0.12.0-esp32-20250422"
time="2025-08-26T11:15:14-07:00" level=info msg="Tool required for debug" tool="esp32:riscv32-esp-elf-gdb@16.2_20250324"
time="2025-08-26T11:15:14-07:00" level=info msg="Tool required for debug" tool="esp32:xtensa-esp-elf-gdb@16.2_20250324"
time="2025-08-26T11:15:14-07:00" level=info msg="Tool required for debug" tool="arduino:avr-gcc@7.3.0-atmel3.6.1-arduino7"
time="2025-08-26T11:15:14-07:00" level=info msg="Tool required for debug" tool="arduino:avrdude@6.3.0-arduino17"
time="2025-08-26T11:15:14-07:00" level=info msg="Tool required for debug" tool="arduino:openocd@0.11.0-arduino2"
time="2025-08-26T11:15:14-07:00" level=info msg="Tool required for debug" tool="builtin:ctags@5.8-arduino11"
time="2025-08-26T11:15:14-07:00" level=info msg="Tool required for debug" tool="arduino:arduinoOTA@1.3.0"
time="2025-08-26T11:15:14-07:00" level=info msg="Tool required for debug" tool="arduino:bossac@1.9.1-arduino5"
time="2025-08-26T11:15:14-07:00" level=info msg="Tool required for debug" tool="builtin:serial-monitor@0.15.0"
time="2025-08-26T11:15:14-07:00" level=info msg="Tool required for debug" tool="arduino:arm-none-eabi-gcc@7-2017q4"
time="2025-08-26T11:15:14-07:00" level=info msg="Tool required for debug" tool="builtin:dfu-discovery@0.1.2"
time="2025-08-26T11:15:14-07:00" level=info msg="Tool required for debug" tool="builtin:serial-discovery@1.4.1"
time="2025-08-26T11:15:14-07:00" level=info msg="Tool required for debug" tool="builtin:mdns-discovery@1.0.9"
time="2025-08-26T11:15:14-07:00" level=info msg="Tool required for debug" tool="arduino:dfu-util@0.11.0-arduino5"
time="2025-08-26T11:15:14-07:00" level=info msg="Tool required for debug" tool="esp32:esp-rv32@2411"
time="2025-08-26T11:15:14-07:00" level=info msg="Tool required for debug" tool="esp32:esp-x32@2411"
time="2025-08-26T11:15:14-07:00" level=info msg="Tool required for debug" tool="esp32:esp32-arduino-libs@idf-release_v5.5-b66b5448-v1"
time="2025-08-26T11:15:14-07:00" level=info msg="Tool required for debug" tool="esp32:esptool_py@5.0.0"
time="2025-08-26T11:15:14-07:00" level=info msg="Tool required for debug" tool="esp32:mklittlefs@3.0.0-gnu12-dc7f933"
time="2025-08-26T11:15:14-07:00" level=info msg="Tool required for debug" tool="esp32:mkspiffs@0.2.3"
time="2025-08-26T11:15:14-07:00" level=info msg="Tool required for debug" tool="esp32:openocd-esp32@v0.12.0-esp32-20250422"
time="2025-08-26T11:15:14-07:00" level=info msg="Tool required for debug" tool="esp32:riscv32-esp-elf-gdb@16.2_20250324"
time="2025-08-26T11:15:14-07:00" level=info msg="Tool required for debug" tool="esp32:xtensa-esp-elf-gdb@16.2_20250324"
time="2025-08-26T11:15:14-07:00" level=info msg="Tool required for debug" tool="builtin:dfu-discovery@0.1.2"
time="2025-08-26T11:15:14-07:00" level=info msg="Tool required for debug" tool="arduino:avr-gcc@7.3.0-atmel3.6.1-arduino7"
time="2025-08-26T11:15:14-07:00" level=info msg="Tool required for debug" tool="arduino:openocd@0.11.0-arduino2"
time="2025-08-26T11:15:14-07:00" level=info msg="Tool required for debug" tool="builtin:serial-discovery@1.4.1"
time="2025-08-26T11:15:14-07:00" level=info msg="Tool required for debug" tool="builtin:mdns-discovery@1.0.9"
time="2025-08-26T11:15:14-07:00" level=info msg="Tool required for debug" tool="arduino:avrdude@6.3.0-arduino17"
time="2025-08-26T11:15:14-07:00" level=info msg="Tool required for debug" tool="arduino:arm-none-eabi-gcc@7-2017q4"
time="2025-08-26T11:15:14-07:00" level=info msg="Tool required for debug" tool="arduino:bossac@1.9.1-arduino5"
time="2025-08-26T11:15:14-07:00" level=info msg="Tool required for debug" tool="arduino:arduinoOTA@1.3.0"
time="2025-08-26T11:15:14-07:00" level=info msg="Tool required for debug" tool="builtin:serial-monitor@0.15.0"
time="2025-08-26T11:15:14-07:00" level=info msg="Tool required for debug" tool="builtin:ctags@5.8-arduino11"
time="2025-08-26T11:15:14-07:00" level=info msg="Tool required for debug" tool="arduino:dfu-util@0.11.0-arduino5"
time="2025-08-26T11:15:14-07:00" level=info msg="Tool required for debug" tool="esp32:esp-rv32@2411"
time="2025-08-26T11:15:14-07:00" level=info msg="Tool required for debug" tool="esp32:esp-x32@2411"
time="2025-08-26T11:15:14-07:00" level=info msg="Tool required for debug" tool="esp32:esp32-arduino-libs@idf-release_v5.5-b66b5448-v1"
time="2025-08-26T11:15:14-07:00" level=info msg="Tool required for debug" tool="esp32:esptool_py@5.0.0"
time="2025-08-26T11:15:14-07:00" level=info msg="Tool required for debug" tool="esp32:mklittlefs@3.0.0-gnu12-dc7f933"
time="2025-08-26T11:15:14-07:00" level=info msg="Tool required for debug" tool="esp32:mkspiffs@0.2.3"
time="2025-08-26T11:15:14-07:00" level=info msg="Tool required for debug" tool="esp32:openocd-esp32@v0.12.0-esp32-20250422"
time="2025-08-26T11:15:14-07:00" level=info msg="Tool required for debug" tool="esp32:riscv32-esp-elf-gdb@16.2_20250324"
time="2025-08-26T11:15:14-07:00" level=info msg="Tool required for debug" tool="esp32:xtensa-esp-elf-gdb@16.2_20250324"
time="2025-08-26T11:15:14-07:00" level=info msg="Tool required for debug" tool="arduino:avrdude@6.3.0-arduino17"
time="2025-08-26T11:15:14-07:00" level=info msg="Tool required for debug" tool="builtin:ctags@5.8-arduino11"
time="2025-08-26T11:15:14-07:00" level=info msg="Tool required for debug" tool="builtin:mdns-discovery@1.0.9"
time="2025-08-26T11:15:14-07:00" level=info msg="Tool required for debug" tool="builtin:serial-monitor@0.15.0"
time="2025-08-26T11:15:14-07:00" level=info msg="Tool required for debug" tool="arduino:arduinoOTA@1.3.0"
time="2025-08-26T11:15:14-07:00" level=info msg="Tool required for debug" tool="arduino:arm-none-eabi-gcc@7-2017q4"
time="2025-08-26T11:15:14-07:00" level=info msg="Tool required for debug" tool="arduino:avr-gcc@7.3.0-atmel3.6.1-arduino7"
time="2025-08-26T11:15:14-07:00" level=info msg="Tool required for debug" tool="arduino:bossac@1.9.1-arduino5"
time="2025-08-26T11:15:14-07:00" level=info msg="Tool required for debug" tool="arduino:openocd@0.11.0-arduino2"
time="2025-08-26T11:15:14-07:00" level=info msg="Tool required for debug" tool="builtin:dfu-discovery@0.1.2"
time="2025-08-26T11:15:14-07:00" level=info msg="Tool required for debug" tool="builtin:serial-discovery@1.4.1"
time="2025-08-26T11:15:14-07:00" level=info msg="Tool required for debug" tool="arduino:dfu-util@0.11.0-arduino5"
time="2025-08-26T11:15:14-07:00" level=info msg="Tool required for debug" tool="esp32:esp-rv32@2411"
time="2025-08-26T11:15:14-07:00" level=info msg="Tool required for debug" tool="esp32:esp-x32@2411"
time="2025-08-26T11:15:14-07:00" level=info msg="Tool required for debug" tool="esp32:esp32-arduino-libs@idf-release_v5.5-b66b5448-v1"
time="2025-08-26T11:15:14-07:00" level=info msg="Tool required for debug" tool="esp32:esptool_py@5.0.0"
time="2025-08-26T11:15:14-07:00" level=info msg="Tool required for debug" tool="esp32:mklittlefs@3.0.0-gnu12-dc7f933"
time="2025-08-26T11:15:14-07:00" level=info msg="Tool required for debug" tool="esp32:mkspiffs@0.2.3"
time="2025-08-26T11:15:14-07:00" level=info msg="Tool required for debug" tool="esp32:openocd-esp32@v0.12.0-esp32-20250422"
time="2025-08-26T11:15:14-07:00" level=info msg="Tool required for debug" tool="esp32:riscv32-esp-elf-gdb@16.2_20250324"
time="2025-08-26T11:15:14-07:00" level=info msg="Tool required for debug" tool="esp32:xtensa-esp-elf-gdb@16.2_20250324"
time="2025-08-26T11:15:14-07:00" level=info msg="Tool required for debug" tool="arduino:avr-gcc@7.3.0-atmel3.6.1-arduino7"
time="2025-08-26T11:15:14-07:00" level=info msg="Tool required for debug" tool="arduino:arm-none-eabi-gcc@7-2017q4"
time="2025-08-26T11:15:14-07:00" level=info msg="Tool required for debug" tool="arduino:bossac@1.9.1-arduino5"
time="2025-08-26T11:15:14-07:00" level=info msg="Tool required for debug" tool="arduino:openocd@0.11.0-arduino2"
time="2025-08-26T11:15:14-07:00" level=info msg="Tool required for debug" tool="builtin:serial-discovery@1.4.1"
time="2025-08-26T11:15:14-07:00" level=info msg="Tool required for debug" tool="arduino:arduinoOTA@1.3.0"
time="2025-08-26T11:15:14-07:00" level=info msg="Tool required for debug" tool="builtin:dfu-discovery@0.1.2"
time="2025-08-26T11:15:14-07:00" level=info msg="Tool required for debug" tool="builtin:mdns-discovery@1.0.9"
time="2025-08-26T11:15:14-07:00" level=info msg="Tool required for debug" tool="builtin:serial-monitor@0.15.0"
time="2025-08-26T11:15:14-07:00" level=info msg="Tool required for debug" tool="arduino:avrdude@6.3.0-arduino17"
time="2025-08-26T11:15:14-07:00" level=info msg="Tool required for debug" tool="builtin:ctags@5.8-arduino11"
time="2025-08-26T11:15:14-07:00" level=info msg="Tool required for debug" tool="arduino:dfu-util@0.11.0-arduino5"
time="2025-08-26T11:15:14-07:00" level=info msg="Tool required for debug" tool="esp32:esp-rv32@2411"
time="2025-08-26T11:15:14-07:00" level=info msg="Tool required for debug" tool="esp32:esp-x32@2411"
time="2025-08-26T11:15:14-07:00" level=info msg="Tool required for debug" tool="esp32:esp32-arduino-libs@idf-release_v5.5-b66b5448-v1"
time="2025-08-26T11:15:14-07:00" level=info msg="Tool required for debug" tool="esp32:esptool_py@5.0.0"
time="2025-08-26T11:15:14-07:00" level=info msg="Tool required for debug" tool="esp32:mklittlefs@3.0.0-gnu12-dc7f933"
time="2025-08-26T11:15:14-07:00" level=info msg="Tool required for debug" tool="esp32:mkspiffs@0.2.3"
time="2025-08-26T11:15:14-07:00" level=info msg="Tool required for debug" tool="esp32:openocd-esp32@v0.12.0-esp32-20250422"
time="2025-08-26T11:15:14-07:00" level=info msg="Tool required for debug" tool="esp32:riscv32-esp-elf-gdb@16.2_20250324"
time="2025-08-26T11:15:14-07:00" level=info msg="Tool required for debug" tool="esp32:xtensa-esp-elf-gdb@16.2_20250324"
time="2025-08-26T11:15:14-07:00" level=info msg="Tool required for debug" tool="builtin:serial-monitor@0.15.0"
time="2025-08-26T11:15:14-07:00" level=info msg="Tool required for debug" tool="arduino:arduinoOTA@1.3.0"
time="2025-08-26T11:15:14-07:00" level=info msg="Tool required for debug" tool="arduino:avr-gcc@7.3.0-atmel3.6.1-arduino7"
time="2025-08-26T11:15:14-07:00" level=info msg="Tool required for debug" tool="arduino:avrdude@6.3.0-arduino17"
time="2025-08-26T11:15:14-07:00" level=info msg="Tool required for debug" tool="arduino:openocd@0.11.0-arduino2"
time="2025-08-26T11:15:14-07:00" level=info msg="Tool required for debug" tool="builtin:dfu-discovery@0.1.2"
time="2025-08-26T11:15:14-07:00" level=info msg="Tool required for debug" tool="builtin:serial-discovery@1.4.1"
time="2025-08-26T11:15:14-07:00" level=info msg="Tool required for debug" tool="builtin:ctags@5.8-arduino11"
time="2025-08-26T11:15:14-07:00" level=info msg="Tool required for debug" tool="arduino:arm-none-eabi-gcc@7-2017q4"
time="2025-08-26T11:15:14-07:00" level=info msg="Tool required for debug" tool="arduino:bossac@1.9.1-arduino5"
time="2025-08-26T11:15:14-07:00" level=info msg="Tool required for debug" tool="builtin:mdns-discovery@1.0.9"
time="2025-08-26T11:15:14-07:00" level=info msg="Tool required for debug" tool="arduino:dfu-util@0.11.0-arduino5"
time="2025-08-26T11:15:14-07:00" level=info msg="Tool required for debug" tool="esp32:esp-rv32@2411"
time="2025-08-26T11:15:14-07:00" level=info msg="Tool required for debug" tool="esp32:esp-x32@2411"
time="2025-08-26T11:15:14-07:00" level=info msg="Tool required for debug" tool="esp32:esp32-arduino-libs@idf-release_v5.5-b66b5448-v1"
time="2025-08-26T11:15:14-07:00" level=info msg="Tool required for debug" tool="esp32:esptool_py@5.0.0"
time="2025-08-26T11:15:14-07:00" level=info msg="Tool required for debug" tool="esp32:mklittlefs@3.0.0-gnu12-dc7f933"
time="2025-08-26T11:15:14-07:00" level=info msg="Tool required for debug" tool="esp32:mkspiffs@0.2.3"
time="2025-08-26T11:15:14-07:00" level=info msg="Tool required for debug" tool="esp32:openocd-esp32@v0.12.0-esp32-20250422"
time="2025-08-26T11:15:14-07:00" level=info msg="Tool required for debug" tool="esp32:riscv32-esp-elf-gdb@16.2_20250324"
time="2025-08-26T11:15:14-07:00" level=info msg="Tool required for debug" tool="esp32:xtensa-esp-elf-gdb@16.2_20250324"
time="2025-08-26T11:15:14-07:00" level=info msg="Tool required for debug" tool="arduino:arduinoOTA@1.3.0"
time="2025-08-26T11:15:14-07:00" level=info msg="Tool required for debug" tool="arduino:avrdude@6.3.0-arduino17"
time="2025-08-26T11:15:14-07:00" level=info msg="Tool required for debug" tool="arduino:avr-gcc@7.3.0-atmel3.6.1-arduino7"
time="2025-08-26T11:15:14-07:00" level=info msg="Tool required for debug" tool="arduino:openocd@0.11.0-arduino2"
time="2025-08-26T11:15:14-07:00" level=info msg="Tool required for debug" tool="builtin:ctags@5.8-arduino11"
time="2025-08-26T11:15:14-07:00" level=info msg="Tool required for debug" tool="builtin:mdns-discovery@1.0.9"
time="2025-08-26T11:15:14-07:00" level=info msg="Tool required for debug" tool="builtin:serial-discovery@1.4.1"
time="2025-08-26T11:15:14-07:00" level=info msg="Tool required for debug" tool="arduino:arm-none-eabi-gcc@7-2017q4"
time="2025-08-26T11:15:14-07:00" level=info msg="Tool required for debug" tool="arduino:bossac@1.9.1-arduino5"
time="2025-08-26T11:15:14-07:00" level=info msg="Tool required for debug" tool="builtin:dfu-discovery@0.1.2"
time="2025-08-26T11:15:14-07:00" level=info msg="Tool required for debug" tool="builtin:serial-monitor@0.15.0"
time="2025-08-26T11:15:14-07:00" level=info msg="Tool required for debug" tool="arduino:dfu-util@0.11.0-arduino5"
time="2025-08-26T11:15:14-07:00" level=info msg="Tool required for debug" tool="esp32:esp-rv32@2411"
time="2025-08-26T11:15:14-07:00" level=info msg="Tool required for debug" tool="esp32:esp-x32@2411"
time="2025-08-26T11:15:14-07:00" level=info msg="Tool required for debug" tool="esp32:esp32-arduino-libs@idf-release_v5.5-b66b5448-v1"
time="2025-08-26T11:15:14-07:00" level=info msg="Tool required for debug" tool="esp32:esptool_py@5.0.0"
time="2025-08-26T11:15:14-07:00" level=info msg="Tool required for debug" tool="esp32:mklittlefs@3.0.0-gnu12-dc7f933"
time="2025-08-26T11:15:14-07:00" level=info msg="Tool required for debug" tool="esp32:mkspiffs@0.2.3"
time="2025-08-26T11:15:14-07:00" level=info msg="Tool required for debug" tool="esp32:openocd-esp32@v0.12.0-esp32-20250422"
time="2025-08-26T11:15:14-07:00" level=info msg="Tool required for debug" tool="esp32:riscv32-esp-elf-gdb@16.2_20250324"
time="2025-08-26T11:15:14-07:00" level=info msg="Tool required for debug" tool="esp32:xtensa-esp-elf-gdb@16.2_20250324"
time="2025-08-26T11:15:14-07:00" level=info msg="Tool required for debug" tool="arduino:openocd@0.11.0-arduino2"
time="2025-08-26T11:15:14-07:00" level=info msg="Tool required for debug" tool="builtin:serial-discovery@1.4.1"
time="2025-08-26T11:15:14-07:00" level=info msg="Tool required for debug" tool="arduino:arduinoOTA@1.3.0"
time="2025-08-26T11:15:14-07:00" level=info msg="Tool required for debug" tool="arduino:avr-gcc@7.3.0-atmel3.6.1-arduino7"
time="2025-08-26T11:15:14-07:00" level=info msg="Tool required for debug" tool="arduino:bossac@1.9.1-arduino5"
time="2025-08-26T11:15:14-07:00" level=info msg="Tool required for debug" tool="builtin:dfu-discovery@0.1.2"
time="2025-08-26T11:15:14-07:00" level=info msg="Tool required for debug" tool="builtin:mdns-discovery@1.0.9"
time="2025-08-26T11:15:14-07:00" level=info msg="Tool required for debug" tool="builtin:serial-monitor@0.15.0"
time="2025-08-26T11:15:14-07:00" level=info msg="Tool required for debug" tool="arduino:avrdude@6.3.0-arduino17"
time="2025-08-26T11:15:14-07:00" level=info msg="Tool required for debug" tool="arduino:arm-none-eabi-gcc@7-2017q4"
time="2025-08-26T11:15:14-07:00" level=info msg="Tool required for debug" tool="builtin:ctags@5.8-arduino11"
time="2025-08-26T11:15:14-07:00" level=info msg="Tool required for debug" tool="arduino:dfu-util@0.11.0-arduino5"
time="2025-08-26T11:15:14-07:00" level=info msg="Tool required for debug" tool="esp32:esp-rv32@2411"
time="2025-08-26T11:15:14-07:00" level=info msg="Tool required for debug" tool="esp32:esp-x32@2411"
time="2025-08-26T11:15:14-07:00" level=info msg="Tool required for debug" tool="esp32:esp32-arduino-libs@idf-release_v5.5-b66b5448-v1"
time="2025-08-26T11:15:14-07:00" level=info msg="Tool required for debug" tool="esp32:esptool_py@5.0.0"
time="2025-08-26T11:15:14-07:00" level=info msg="Tool required for debug" tool="esp32:mklittlefs@3.0.0-gnu12-dc7f933"
time="2025-08-26T11:15:14-07:00" level=info msg="Tool required for debug" tool="esp32:mkspiffs@0.2.3"
time="2025-08-26T11:15:14-07:00" level=info msg="Tool required for debug" tool="esp32:openocd-esp32@v0.12.0-esp32-20250422"
time="2025-08-26T11:15:14-07:00" level=info msg="Tool required for debug" tool="esp32:riscv32-esp-elf-gdb@16.2_20250324"
time="2025-08-26T11:15:14-07:00" level=info msg="Tool required for debug" tool="esp32:xtensa-esp-elf-gdb@16.2_20250324"
time="2025-08-26T11:15:14-07:00" level=info msg="Tool required for debug" tool="arduino:avrdude@6.3.0-arduino17"
time="2025-08-26T11:15:14-07:00" level=info msg="Tool required for debug" tool="arduino:avr-gcc@7.3.0-atmel3.6.1-arduino7"
time="2025-08-26T11:15:14-07:00" level=info msg="Tool required for debug" tool="arduino:openocd@0.11.0-arduino2"
time="2025-08-26T11:15:14-07:00" level=info msg="Tool required for debug" tool="arduino:bossac@1.9.1-arduino5"
time="2025-08-26T11:15:14-07:00" level=info msg="Tool required for debug" tool="builtin:ctags@5.8-arduino11"
time="2025-08-26T11:15:14-07:00" level=info msg="Tool required for debug" tool="builtin:mdns-discovery@1.0.9"
time="2025-08-26T11:15:14-07:00" level=info msg="Tool required for debug" tool="arduino:arm-none-eabi-gcc@7-2017q4"
time="2025-08-26T11:15:14-07:00" level=info msg="Tool required for debug" tool="arduino:arduinoOTA@1.3.0"
time="2025-08-26T11:15:14-07:00" level=info msg="Tool required for debug" tool="builtin:dfu-discovery@0.1.2"
time="2025-08-26T11:15:14-07:00" level=info msg="Tool required for debug" tool="builtin:serial-discovery@1.4.1"
time="2025-08-26T11:15:14-07:00" level=info msg="Tool required for debug" tool="builtin:serial-monitor@0.15.0"
time="2025-08-26T11:15:14-07:00" level=info msg="Tool required for debug" tool="arduino:dfu-util@0.11.0-arduino5"
time="2025-08-26T11:15:14-07:00" level=info msg="Tool required for debug" tool="esp32:esp-rv32@2411"
time="2025-08-26T11:15:14-07:00" level=info msg="Tool required for debug" tool="esp32:esp-x32@2411"
time="2025-08-26T11:15:14-07:00" level=info msg="Tool required for debug" tool="esp32:esp32-arduino-libs@idf-release_v5.5-b66b5448-v1"
time="2025-08-26T11:15:14-07:00" level=info msg="Tool required for debug" tool="esp32:esptool_py@5.0.0"
time="2025-08-26T11:15:14-07:00" level=info msg="Tool required for debug" tool="esp32:mklittlefs@3.0.0-gnu12-dc7f933"
time="2025-08-26T11:15:14-07:00" level=info msg="Tool required for debug" tool="esp32:mkspiffs@0.2.3"
time="2025-08-26T11:15:14-07:00" level=info msg="Tool required for debug" tool="esp32:openocd-esp32@v0.12.0-esp32-20250422"
time="2025-08-26T11:15:14-07:00" level=info msg="Tool required for debug" tool="esp32:riscv32-esp-elf-gdb@16.2_20250324"
time="2025-08-26T11:15:14-07:00" level=info msg="Tool required for debug" tool="esp32:xtensa-esp-elf-gdb@16.2_20250324"
time="2025-08-26T11:15:14-07:00" level=info msg="Tool required for debug" tool="arduino:bossac@1.9.1-arduino5"
time="2025-08-26T11:15:14-07:00" level=info msg="Tool required for debug" tool="arduino:arm-none-eabi-gcc@7-2017q4"
time="2025-08-26T11:15:14-07:00" level=info msg="Tool required for debug" tool="arduino:avrdude@6.3.0-arduino17"
time="2025-08-26T11:15:14-07:00" level=info msg="Tool required for debug" tool="arduino:openocd@0.11.0-arduino2"
time="2025-08-26T11:15:14-07:00" level=info msg="Tool required for debug" tool="builtin:serial-monitor@0.15.0"
time="2025-08-26T11:15:14-07:00" level=info msg="Tool required for debug" tool="builtin:mdns-discovery@1.0.9"
time="2025-08-26T11:15:14-07:00" level=info msg="Tool required for debug" tool="builtin:serial-discovery@1.4.1"
time="2025-08-26T11:15:14-07:00" level=info msg="Tool required for debug" tool="arduino:arduinoOTA@1.3.0"
time="2025-08-26T11:15:14-07:00" level=info msg="Tool required for debug" tool="builtin:ctags@5.8-arduino11"
time="2025-08-26T11:15:14-07:00" level=info msg="Tool required for debug" tool="builtin:dfu-discovery@0.1.2"
time="2025-08-26T11:15:14-07:00" level=info msg="Tool required for debug" tool="arduino:avr-gcc@7.3.0-atmel3.6.1-arduino7"
time="2025-08-26T11:15:14-07:00" level=info msg="Tool required for debug" tool="arduino:dfu-util@0.11.0-arduino5"
time="2025-08-26T11:15:14-07:00" level=info msg="Tool required for debug" tool="esp32:esp-rv32@2411"
time="2025-08-26T11:15:14-07:00" level=info msg="Tool required for debug" tool="esp32:esp-x32@2411"
time="2025-08-26T11:15:14-07:00" level=info msg="Tool required for debug" tool="esp32:esp32-arduino-libs@idf-release_v5.5-b66b5448-v1"
time="2025-08-26T11:15:14-07:00" level=info msg="Tool required for debug" tool="esp32:esptool_py@5.0.0"
time="2025-08-26T11:15:14-07:00" level=info msg="Tool required for debug" tool="esp32:mklittlefs@3.0.0-gnu12-dc7f933"
time="2025-08-26T11:15:14-07:00" level=info msg="Tool required for debug" tool="esp32:mkspiffs@0.2.3"
time="2025-08-26T11:15:14-07:00" level=info msg="Tool required for debug" tool="esp32:openocd-esp32@v0.12.0-esp32-20250422"
time="2025-08-26T11:15:14-07:00" level=info msg="Tool required for debug" tool="esp32:riscv32-esp-elf-gdb@16.2_20250324"
time="2025-08-26T11:15:14-07:00" level=info msg="Tool required for debug" tool="esp32:xtensa-esp-elf-gdb@16.2_20250324"
time="2025-08-26T11:15:14-07:00" level=info msg="Tool required for debug" tool="builtin:serial-monitor@0.15.0"
time="2025-08-26T11:15:14-07:00" level=info msg="Tool required for debug" tool="arduino:arduinoOTA@1.3.0"
time="2025-08-26T11:15:14-07:00" level=info msg="Tool required for debug" tool="arduino:openocd@0.11.0-arduino2"
time="2025-08-26T11:15:14-07:00" level=info msg="Tool required for debug" tool="builtin:mdns-discovery@1.0.9"
time="2025-08-26T11:15:14-07:00" level=info msg="Tool required for debug" tool="arduino:arm-none-eabi-gcc@7-2017q4"
time="2025-08-26T11:15:14-07:00" level=info msg="Tool required for debug" tool="builtin:serial-discovery@1.4.1"
time="2025-08-26T11:15:14-07:00" level=info msg="Tool required for debug" tool="builtin:ctags@5.8-arduino11"
time="2025-08-26T11:15:14-07:00" level=info msg="Tool required for debug" tool="arduino:avrdude@6.3.0-arduino17"
time="2025-08-26T11:15:14-07:00" level=info msg="Tool required for debug" tool="arduino:avr-gcc@7.3.0-atmel3.6.1-arduino7"
time="2025-08-26T11:15:14-07:00" level=info msg="Tool required for debug" tool="builtin:dfu-discovery@0.1.2"
time="2025-08-26T11:15:14-07:00" level=info msg="Tool required for debug" tool="arduino:bossac@1.9.1-arduino5"
time="2025-08-26T11:15:14-07:00" level=info msg="Tool required for debug" tool="arduino:dfu-util@0.11.0-arduino5"
time="2025-08-26T11:15:14-07:00" level=info msg="Tool required for debug" tool="esp32:esp-rv32@2411"
time="2025-08-26T11:15:14-07:00" level=info msg="Tool required for debug" tool="esp32:esp-x32@2411"
time="2025-08-26T11:15:14-07:00" level=info msg="Tool required for debug" tool="esp32:esp32-arduino-libs@idf-release_v5.5-b66b5448-v1"
time="2025-08-26T11:15:14-07:00" level=info msg="Tool required for debug" tool="esp32:esptool_py@5.0.0"
time="2025-08-26T11:15:14-07:00" level=info msg="Tool required for debug" tool="esp32:mklittlefs@3.0.0-gnu12-dc7f933"
time="2025-08-26T11:15:14-07:00" level=info msg="Tool required for debug" tool="esp32:mkspiffs@0.2.3"
time="2025-08-26T11:15:14-07:00" level=info msg="Tool required for debug" tool="esp32:openocd-esp32@v0.12.0-esp32-20250422"
time="2025-08-26T11:15:14-07:00" level=info msg="Tool required for debug" tool="esp32:riscv32-esp-elf-gdb@16.2_20250324"
time="2025-08-26T11:15:14-07:00" level=info msg="Tool required for debug" tool="esp32:xtensa-esp-elf-gdb@16.2_20250324"
time="2025-08-26T11:15:14-07:00" level=info msg="Tool required for debug" tool="arduino:openocd@0.11.0-arduino2"
time="2025-08-26T11:15:14-07:00" level=info msg="Tool required for debug" tool="arduino:arduinoOTA@1.3.0"
time="2025-08-26T11:15:14-07:00" level=info msg="Tool required for debug" tool="arduino:avrdude@6.3.0-arduino17"
time="2025-08-26T11:15:14-07:00" level=info msg="Tool required for debug" tool="builtin:serial-discovery@1.4.1"
time="2025-08-26T11:15:14-07:00" level=info msg="Tool required for debug" tool="arduino:bossac@1.9.1-arduino5"
time="2025-08-26T11:15:14-07:00" level=info msg="Tool required for debug" tool="arduino:avr-gcc@7.3.0-atmel3.6.1-arduino7"
time="2025-08-26T11:15:14-07:00" level=info msg="Tool required for debug" tool="builtin:mdns-discovery@1.0.9"
time="2025-08-26T11:15:14-07:00" level=info msg="Tool required for debug" tool="builtin:serial-monitor@0.15.0"
time="2025-08-26T11:15:14-07:00" level=info msg="Tool required for debug" tool="arduino:arm-none-eabi-gcc@7-2017q4"
time="2025-08-26T11:15:14-07:00" level=info msg="Tool required for debug" tool="builtin:ctags@5.8-arduino11"
time="2025-08-26T11:15:14-07:00" level=info msg="Tool required for debug" tool="builtin:dfu-discovery@0.1.2"
time="2025-08-26T11:15:14-07:00" level=info msg="Tool required for debug" tool="arduino:dfu-util@0.11.0-arduino5"
time="2025-08-26T11:15:14-07:00" level=info msg="Tool required for debug" tool="esp32:esp-rv32@2411"
time="2025-08-26T11:15:14-07:00" level=info msg="Tool required for debug" tool="esp32:esp-x32@2411"
time="2025-08-26T11:15:14-07:00" level=info msg="Tool required for debug" tool="esp32:esp32-arduino-libs@idf-release_v5.5-b66b5448-v1"
time="2025-08-26T11:15:14-07:00" level=info msg="Tool required for debug" tool="esp32:esptool_py@5.0.0"
time="2025-08-26T11:15:14-07:00" level=info msg="Tool required for debug" tool="esp32:mklittlefs@3.0.0-gnu12-dc7f933"
time="2025-08-26T11:15:14-07:00" level=info msg="Tool required for debug" tool="esp32:mkspiffs@0.2.3"
time="2025-08-26T11:15:14-07:00" level=info msg="Tool required for debug" tool="esp32:openocd-esp32@v0.12.0-esp32-20250422"
time="2025-08-26T11:15:14-07:00" level=info msg="Tool required for debug" tool="esp32:riscv32-esp-elf-gdb@16.2_20250324"
time="2025-08-26T11:15:14-07:00" level=info msg="Tool required for debug" tool="esp32:xtensa-esp-elf-gdb@16.2_20250324"
time="2025-08-26T11:15:14-07:00" level=info msg="Tool required for debug" tool="builtin:ctags@5.8-arduino11"
time="2025-08-26T11:15:14-07:00" level=info msg="Tool required for debug" tool="builtin:dfu-discovery@0.1.2"
time="2025-08-26T11:15:14-07:00" level=info msg="Tool required for debug" tool="builtin:serial-discovery@1.4.1"
time="2025-08-26T11:15:14-07:00" level=info msg="Tool required for debug" tool="arduino:avrdude@6.3.0-arduino17"
time="2025-08-26T11:15:14-07:00" level=info msg="Tool required for debug" tool="arduino:arduinoOTA@1.3.0"
time="2025-08-26T11:15:14-07:00" level=info msg="Tool required for debug" tool="builtin:mdns-discovery@1.0.9"
time="2025-08-26T11:15:14-07:00" level=info msg="Tool required for debug" tool="arduino:arm-none-eabi-gcc@7-2017q4"
time="2025-08-26T11:15:14-07:00" level=info msg="Tool required for debug" tool="arduino:bossac@1.9.1-arduino5"
time="2025-08-26T11:15:14-07:00" level=info msg="Tool required for debug" tool="arduino:openocd@0.11.0-arduino2"
time="2025-08-26T11:15:14-07:00" level=info msg="Tool required for debug" tool="builtin:serial-monitor@0.15.0"
time="2025-08-26T11:15:14-07:00" level=info msg="Tool required for debug" tool="arduino:avr-gcc@7.3.0-atmel3.6.1-arduino7"
time="2025-08-26T11:15:14-07:00" level=info msg="Tool required for debug" tool="arduino:dfu-util@0.11.0-arduino5"
time="2025-08-26T11:15:14-07:00" level=info msg="Tool required for debug" tool="esp32:esp-rv32@2411"
time="2025-08-26T11:15:14-07:00" level=info msg="Tool required for debug" tool="esp32:esp-x32@2411"
time="2025-08-26T11:15:14-07:00" level=info msg="Tool required for debug" tool="esp32:esp32-arduino-libs@idf-release_v5.5-b66b5448-v1"
time="2025-08-26T11:15:14-07:00" level=info msg="Tool required for debug" tool="esp32:esptool_py@5.0.0"
2025-08-26 11:15:15 2025-08-26T18:15:15.125Z daemon INFO time="2025-08-26T11:15:14-07:00" level=info msg="Tool required for debug" tool="esp32:mklittlefs@3.0.0-gnu12-dc7f933"
time="2025-08-26T11:15:15-07:00" level=info msg="Tool required for debug" tool="esp32:mkspiffs@0.2.3"
time="2025-08-26T11:15:15-07:00" level=info msg="Updating index" url="https://raw.githubusercontent.com/espressif/arduino-esp32/gh-pages/package_esp32_index.json"
time="2025-08-26T11:15:15-07:00" level=info msg="Tool required for debug" tool="esp32:openocd-esp32@v0.12.0-esp32-20250422"
time="2025-08-26T11:15:15-07:00" level=info msg="Tool required for debug" tool="esp32:riscv32-esp-elf-gdb@16.2_20250324"
time="2025-08-26T11:15:15-07:00" level=info msg="Tool required for debug" tool="esp32:xtensa-esp-elf-gdb@16.2_20250324"
time="2025-08-26T11:15:15-07:00" level=info msg="Tool required for debug" tool="arduino:arduinoOTA@1.3.0"
time="2025-08-26T11:15:15-07:00" level=info msg="Tool required for debug" tool="arduino:avr-gcc@7.3.0-atmel3.6.1-arduino7"
time="2025-08-26T11:15:15-07:00" level=info msg="Tool required for debug" tool="arduino:arm-none-eabi-gcc@7-2017q4"
time="2025-08-26T11:15:15-07:00" level=info msg="Starting download" url="https://raw.githubusercontent.com/espressif/arduino-esp32/gh-pages/package_esp32_index.json"
time="2025-08-26T11:15:15-07:00" level=info msg="Tool required for debug" tool="arduino:openocd@0.11.0-arduino2"
time="2025-08-26T11:15:15-07:00" level=info msg="Tool required for debug" tool="builtin:mdns-discovery@1.0.9"
time="2025-08-26T11:15:15-07:00" level=info msg="Tool required for debug" tool="arduino:avrdude@6.3.0-arduino17"
time="2025-08-26T11:15:15-07:00" level=info msg="Tool required for debug" tool="builtin:serial-monitor@0.15.0"
time="2025-08-26T11:15:15-07:00" level=info msg="Tool required for debug" tool="builtin:ctags@5.8-arduino11"
time="2025-08-26T11:15:15-07:00" level=info msg="Tool required for debug" tool="builtin:serial-discovery@1.4.1"
time="2025-08-26T11:15:15-07:00" level=info msg="Tool required for debug" tool="arduino:bossac@1.9.1-arduino5"
time="2025-08-26T11:15:15-07:00" level=info msg="Tool required for debug" tool="builtin:dfu-discovery@0.1.2"
2025-08-26 11:15:15 2025-08-26T18:15:15.126Z root INFO core-client-provider [platform-index] Downloading index: package_esp32_index.json

2025-08-26 11:15:15 2025-08-26T18:15:15.320Z daemon INFO time="2025-08-26T11:15:15-07:00" level=info msg="Tool required for debug" tool="arduino:dfu-util@0.11.0-arduino5"
time="2025-08-26T11:15:15-07:00" level=info msg="Tool required for debug" tool="esp32:esp-rv32@2411"
time="2025-08-26T11:15:15-07:00" level=info msg="Tool required for debug" tool="esp32:esp-x32@2411"
time="2025-08-26T11:15:15-07:00" level=info msg="Tool required for debug" tool="esp32:esp32-arduino-libs@idf-release_v5.5-b66b5448-v1"
time="2025-08-26T11:15:15-07:00" level=info msg="Tool required for debug" tool="esp32:esptool_py@5.0.0"
time="2025-08-26T11:15:15-07:00" level=info msg="Tool required for debug" tool="esp32:mklittlefs@3.0.0-gnu12-dc7f933"
time="2025-08-26T11:15:15-07:00" level=info msg="Tool required for debug" tool="esp32:mkspiffs@0.2.3"
time="2025-08-26T11:15:15-07:00" level=info msg="Tool required for debug" tool="esp32:openocd-esp32@v0.12.0-esp32-20250422"
time="2025-08-26T11:15:15-07:00" level=info msg="Tool required for debug" tool="esp32:riscv32-esp-elf-gdb@16.2_20250324"
time="2025-08-26T11:15:15-07:00" level=info msg="Tool required for debug" tool="esp32:xtensa-esp-elf-gdb@16.2_20250324"
time="2025-08-26T11:15:15-07:00" level=info msg="Tool required for debug" tool="builtin:serial-discovery@1.4.1"
time="2025-08-26T11:15:15-07:00" level=info msg="Tool required for debug" tool="builtin:dfu-discovery@0.1.2"
time="2025-08-26T11:15:15-07:00" level=info msg="Tool required for debug" tool="arduino:avr-gcc@7.3.0-atmel3.6.1-arduino7"
time="2025-08-26T11:15:15-07:00" level=info msg="Tool required for debug" tool="builtin:serial-monitor@0.15.0"
time="2025-08-26T11:15:15-07:00" level=info msg="Tool required for debug" tool="builtin:mdns-discovery@1.0.9"
time="2025-08-26T11:15:15-07:00" level=info msg="Tool required for debug" tool="arduino:arduinoOTA@1.3.0"
time="2025-08-26T11:15:15-07:00" level=info msg="Tool required for debug" tool="arduino:openocd@0.11.0-arduino2"
time="2025-08-26T11:15:15-07:00" level=info msg="Tool required for debug" tool="arduino:avrdude@6.3.0-arduino17"
time="2025-08-26T11:15:15-07:00" level=info msg="Tool required for debug" tool="arduino:bossac@1.9.1-arduino5"
time="2025-08-26T11:15:15-07:00" level=info msg="Tool required for debug" tool="builtin:ctags@5.8-arduino11"
time="2025-08-26T11:15:15-07:00" level=info msg="Tool required for debug" tool="arduino:arm-none-eabi-gcc@7-2017q4"
time="2025-08-26T11:15:15-07:00" level=info msg="Adding libraries dir" dir=/home/aaron/.arduino15/libraries isSingleLibrary=false location=ide
time="2025-08-26T11:15:15-07:00" level=info msg="Adding libraries dir" dir=/home/aaron/.arduino15/packages/esp32/hardware/esp32/3.3.0/libraries isSingleLibrary=false location=platform
time="2025-08-26T11:15:15-07:00" level=info msg="Adding libraries dir" dir=/home/aaron/Arduino/libraries isSingleLibrary=false location=user
2025-08-26 11:15:15 2025-08-26T18:15:15.561Z root ERROR ---- !!!SLOW!!! DURATION: search took 897.382 ms. Args: [{"type":"Updatable"}] ----
2025-08-26 11:15:15 Update for version 2.3.6 is not available (latest version: 2.3.6, downgrade is allowed).
2025-08-26 11:15:17 2025-08-26T18:15:17.045Z daemon INFO time="2025-08-26T11:15:17-07:00" level=info msg="Checking signature" index=/home/aaron/.arduino15/package_index.json signatureFile=/home/aaron/.arduino15/package_index.json.sig trusted=true
2025-08-26 11:15:17 2025-08-26T18:15:17.054Z daemon INFO time="2025-08-26T11:15:17-07:00" level=info msg="Missing signature file" index=/home/aaron/.arduino15/package_esp32_index.json
2025-08-26 11:15:17 2025-08-26T18:15:17.054Z daemon INFO time="2025-08-26T11:15:17-07:00" level=info msg="Loading hardware from: /home/aaron/.arduino15/packages"
2025-08-26 11:15:17 2025-08-26T18:15:17.054Z daemon INFO time="2025-08-26T11:15:17-07:00" level=info msg="Loading package arduino from: /home/aaron/.arduino15/packages/arduino/hardware"
2025-08-26 11:15:17 2025-08-26T18:15:17.056Z daemon INFO time="2025-08-26T11:15:17-07:00" level=info msg="Missing signature file" index=/home/aaron/.arduino15/packages/arduino/hardware/avr/1.8.6/installed.json
2025-08-26 11:15:17 2025-08-26T18:15:17.060Z daemon INFO time="2025-08-26T11:15:17-07:00" level=info msg="Adding monitor tool" protocol=serial tool="builtin:serial-monitor"
time="2025-08-26T11:15:17-07:00" level=info msg="Loaded platform" platform="arduino:avr@1.8.6"
2025-08-26 11:15:17 2025-08-26T18:15:17.063Z daemon INFO time="2025-08-26T11:15:17-07:00" level=info msg="Missing signature file" index=/home/aaron/.arduino15/packages/arduino/hardware/renesas_uno/1.5.0/installed.json
2025-08-26 11:15:17 2025-08-26T18:15:17.064Z daemon INFO time="2025-08-26T11:15:17-07:00" level=info msg="Adding monitor tool" protocol=serial tool="builtin:serial-monitor"
time="2025-08-26T11:15:17-07:00" level=info msg="Loaded platform" platform="arduino:renesas_uno@1.5.0"
time="2025-08-26T11:15:17-07:00" level=info msg="Checking existence of 'tools' path: /home/aaron/.arduino15/packages/arduino/tools"
time="2025-08-26T11:15:17-07:00" level=info msg="Loading tools from dir: /home/aaron/.arduino15/packages/arduino/tools"
2025-08-26 11:15:17 2025-08-26T18:15:17.064Z daemon INFO time="2025-08-26T11:15:17-07:00" level=info msg="Loaded tool" tool="arduino:arduinoOTA@1.3.0"
2025-08-26 11:15:17 2025-08-26T18:15:17.064Z daemon INFO time="2025-08-26T11:15:17-07:00" level=info msg="Loaded tool" tool="arduino:arm-none-eabi-gcc@7-2017q4"
time="2025-08-26T11:15:17-07:00" level=info msg="Loaded tool" tool="arduino:avr-gcc@7.3.0-atmel3.6.1-arduino7"
2025-08-26 11:15:17 2025-08-26T18:15:17.064Z daemon INFO time="2025-08-26T11:15:17-07:00" level=info msg="Loaded tool" tool="arduino:avrdude@6.3.0-arduino17"
time="2025-08-26T11:15:17-07:00" level=info msg="Loaded tool" tool="arduino:bossac@1.9.1-arduino5"
2025-08-26 11:15:17 2025-08-26T18:15:17.064Z daemon INFO time="2025-08-26T11:15:17-07:00" level=info msg="Loaded tool" tool="arduino:dfu-util@0.11.0-arduino5"
time="2025-08-26T11:15:17-07:00" level=info msg="Loaded tool" tool="arduino:openocd@0.11.0-arduino2"
2025-08-26 11:15:17 2025-08-26T18:15:17.064Z daemon INFO time="2025-08-26T11:15:17-07:00" level=info msg="Loading package builtin from: /home/aaron/.arduino15/packages/builtin"
time="2025-08-26T11:15:17-07:00" level=info msg="Checking existence of 'tools' path: /home/aaron/.arduino15/packages/builtin/tools"
time="2025-08-26T11:15:17-07:00" level=info msg="Loading tools from dir: /home/aaron/.arduino15/packages/builtin/tools"
2025-08-26 11:15:17 2025-08-26T18:15:17.064Z daemon INFO time="2025-08-26T11:15:17-07:00" level=info msg="Loaded tool" tool="builtin:ctags@5.8-arduino11"
2025-08-26 11:15:17 2025-08-26T18:15:17.064Z daemon INFO time="2025-08-26T11:15:17-07:00" level=info msg="Loaded tool" tool="builtin:dfu-discovery@0.1.2"
2025-08-26 11:15:17 2025-08-26T18:15:17.064Z daemon INFO time="2025-08-26T11:15:17-07:00" level=info msg="Loaded tool" tool="builtin:mdns-discovery@1.0.9"
time="2025-08-26T11:15:17-07:00" level=info msg="Loaded tool" tool="builtin:serial-discovery@1.4.1"
2025-08-26 11:15:17 2025-08-26T18:15:17.064Z daemon INFO time="2025-08-26T11:15:17-07:00" level=info msg="Loaded tool" tool="builtin:serial-monitor@0.15.0"
time="2025-08-26T11:15:17-07:00" level=info msg="Loading package esp32 from: /home/aaron/.arduino15/packages/esp32/hardware"
2025-08-26 11:15:17 2025-08-26T18:15:17.067Z daemon INFO time="2025-08-26T11:15:17-07:00" level=info msg="Missing signature file" index=/home/aaron/.arduino15/packages/esp32/hardware/esp32/3.3.0/installed.json
2025-08-26 11:15:17 2025-08-26T18:15:17.141Z daemon INFO time="2025-08-26T11:15:17-07:00" level=info msg="Resolving include BLEDevice.h for arch esp32"
time="2025-08-26T11:15:17-07:00" level=info msg="  found better lib" lib=BLE prio=3F4
2025-08-26 11:15:17 2025-08-26T18:15:17.260Z daemon INFO time="2025-08-26T11:15:17-07:00" level=info msg="Adding monitor tool" protocol=serial tool="builtin:serial-monitor"
time="2025-08-26T11:15:17-07:00" level=info msg="Loaded platform" platform="esp32:esp32@3.3.0"
time="2025-08-26T11:15:17-07:00" level=info msg="Checking existence of 'tools' path: /home/aaron/.arduino15/packages/esp32/tools"
time="2025-08-26T11:15:17-07:00" level=info msg="Loading tools from dir: /home/aaron/.arduino15/packages/esp32/tools"
2025-08-26 11:15:17 2025-08-26T18:15:17.260Z daemon INFO time="2025-08-26T11:15:17-07:00" level=info msg="Loaded tool" tool="esp32:esp-rv32@2411"
time="2025-08-26T11:15:17-07:00" level=info msg="Loaded tool" tool="esp32:esp-x32@2411"
time="2025-08-26T11:15:17-07:00" level=info msg="Loaded tool" tool="esp32:esp32-arduino-libs@idf-release_v5.5-b66b5448-v1"
time="2025-08-26T11:15:17-07:00" level=info msg="Loaded tool" tool="esp32:esptool_py@5.0.0"
time="2025-08-26T11:15:17-07:00" level=info msg="Loaded tool" tool="esp32:mklittlefs@3.0.0-gnu12-dc7f933"
time="2025-08-26T11:15:17-07:00" level=info msg="Loaded tool" tool="esp32:mkspiffs@0.2.3"
time="2025-08-26T11:15:17-07:00" level=info msg="Loaded tool" tool="esp32:openocd-esp32@v0.12.0-esp32-20250422"
time="2025-08-26T11:15:17-07:00" level=info msg="Loaded tool" tool="esp32:riscv32-esp-elf-gdb@16.2_20250324"
2025-08-26 11:15:17 2025-08-26T18:15:17.260Z daemon INFO time="2025-08-26T11:15:17-07:00" level=info msg="Loaded tool" tool="esp32:xtensa-esp-elf-gdb@16.2_20250324"
2025-08-26 11:15:17 2025-08-26T18:15:17.264Z daemon INFO time="2025-08-26T11:15:17-07:00" level=info msg="Discovery event channel closed builtin:serial-discovery. Exiting goroutine."
2025-08-26 11:15:17 2025-08-26T18:15:17.265Z discovery-log INFO {"eventType":"remove","port":{"matchingBoardsList":[],"port":{"address":"/dev/ttyS0","label":"/dev/ttyS0","protocol":"serial","protocolLabel":"Serial Port","propertiesMap":[],"hardwareId":""}},"error":""}
2025-08-26 11:15:17 2025-08-26T18:15:17.265Z daemon INFO time="2025-08-26T11:15:17-07:00" level=info msg="Closed and removed discovery builtin:serial-discovery"
time="2025-08-26T11:15:17-07:00" level=error msg="Stopped decode loop: EOF" discovery="builtin:serial-discovery"
time="2025-08-26T11:15:17-07:00" level=info msg="Discovery event channel closed builtin:mdns-discovery. Exiting goroutine."
2025-08-26 11:15:17 2025-08-26T18:15:17.266Z daemon INFO time="2025-08-26T11:15:17-07:00" level=info msg="Closed and removed discovery builtin:mdns-discovery"
2025-08-26 11:15:17 2025-08-26T18:15:17.266Z daemon INFO time="2025-08-26T11:15:17-07:00" level=error msg="Stopped decode loop: EOF" discovery="builtin:mdns-discovery"
2025-08-26 11:15:17 2025-08-26T18:15:17.267Z daemon INFO time="2025-08-26T11:15:17-07:00" level=info msg="Discovery event channel closed builtin:dfu-discovery. Exiting goroutine."
2025-08-26 11:15:17 2025-08-26T18:15:17.268Z daemon INFO time="2025-08-26T11:15:17-07:00" level=info msg="Closed and removed discovery builtin:dfu-discovery"
2025-08-26 11:15:17 2025-08-26T18:15:17.268Z daemon INFO time="2025-08-26T11:15:17-07:00" level=error msg="Stopped decode loop: EOF" discovery="builtin:dfu-discovery"
2025-08-26 11:15:17 2025-08-26T18:15:17.273Z discovery-log INFO {"eventType":"add","port":{"matchingBoardsList":[],"port":{"address":"/dev/ttyS0","label":"/dev/ttyS0","protocol":"serial","protocolLabel":"Serial Port","propertiesMap":[],"hardwareId":""}},"error":""}
2025-08-26 11:15:17 2025-08-26T18:15:17.280Z daemon INFO time="2025-08-26T11:15:17-07:00" level=info msg="Adding libraries dir" dir=/home/aaron/.arduino15/packages/arduino/hardware/renesas_uno/1.5.0/libraries isSingleLibrary=false location=platform
2025-08-26 11:15:17 2025-08-26T18:15:17.280Z daemon INFO time="2025-08-26T11:15:17-07:00" level=info msg="Adding libraries dir" dir=/home/aaron/.arduino15/packages/arduino/hardware/avr/1.8.6/libraries isSingleLibrary=false location=platform
time="2025-08-26T11:15:17-07:00" level=info msg="Adding libraries dir" dir=/home/aaron/.arduino15/packages/esp32/hardware/esp32/3.3.0/libraries isSingleLibrary=false location=platform
time="2025-08-26T11:15:17-07:00" level=info msg="Loading libraries index file" index=/home/aaron/.arduino15/library_index.json
2025-08-26 11:15:17 2025-08-26T18:15:17.676Z daemon INFO time="2025-08-26T11:15:17-07:00" level=info msg="Adding libraries dir" dir=/home/aaron/.arduino15/libraries isSingleLibrary=false location=ide
time="2025-08-26T11:15:17-07:00" level=info msg="Adding libraries dir" dir=/home/aaron/Arduino/libraries isSingleLibrary=false location=user
2025-08-26 11:15:17 2025-08-26T18:15:17.741Z daemon INFO time="2025-08-26T11:15:17-07:00" level=warning msg="Error loading library" error="rpc error: code = Internal desc = loading library from /home/aaron/Arduino/libraries/SoftSerialTest: invalid library: no header files found"
2025-08-26 11:15:18 2025-08-26T18:15:18.145Z daemon INFO time="2025-08-26T11:15:18-07:00" level=info msg="Resolving include SD_MMC.h for arch esp32"
time="2025-08-26T11:15:18-07:00" level=info msg="  found better lib" lib=SD_MMC prio=6B0
2025-08-26 11:15:19 2025-08-26T18:15:19.045Z daemon INFO time="2025-08-26T11:15:19-07:00" level=info msg="Resolving include FS.h for arch esp32"
time="2025-08-26T11:15:19-07:00" level=info msg="  found better lib" lib=FS prio=6B0
2025-08-26 11:15:20 2025-08-26T18:15:20.102Z daemon INFO time="2025-08-26T11:15:20-07:00" level=info msg="Resolving include WiFi.h for arch esp32"
time="2025-08-26T11:15:20-07:00" level=info msg="  found better lib" lib=WiFi prio=6B0
2025-08-26 11:15:21 2025-08-26T18:15:21.142Z daemon INFO time="2025-08-26T11:15:21-07:00" level=info msg="Resolving include Network.h for arch esp32"
time="2025-08-26T11:15:21-07:00" level=info msg="  found better lib" lib=Networking prio=64C
2025-08-26 11:16:04 2025-08-26T18:16:04.386Z daemon INFO time="2025-08-26T11:16:04-07:00" level=info msg="Adding libraries dir" dir=/home/aaron/.arduino15/libraries isSingleLibrary=false location=ide
time="2025-08-26T11:16:04-07:00" level=info msg="Adding libraries dir" dir=/home/aaron/.arduino15/packages/esp32/hardware/esp32/3.3.0/libraries isSingleLibrary=false location=platform
2025-08-26 11:16:04 2025-08-26T18:16:04.386Z daemon INFO time="2025-08-26T11:16:04-07:00" level=info msg="Adding libraries dir" dir=/home/aaron/Arduino/libraries isSingleLibrary=false location=user
2025-08-26 11:16:44 2025-08-26T18:16:44.610Z root INFO creating connection for 2
2025-08-26 11:16:45 2025-08-26T18:16:45.588Z root ERROR TypeError: Cannot read properties of null (reading 'getCurrentKeyboardLayout')
    at r.getCurrentKeyboardLayout (/nix/store/2d5i1bzbqbnl4rgnhk8czrw5zmqqjdzv-arduino-ide-2.3.6-extracted/resources/app/lib/backend/main.js:2:4537759)
    at t.getCurrentKeyboardLayout (/nix/store/2d5i1bzbqbnl4rgnhk8czrw5zmqqjdzv-arduino-ide-2.3.6-extracted/resources/app/lib/backend/main.js:2:4538141)
    at s.getNativeLayoutSync (/nix/store/2d5i1bzbqbnl4rgnhk8czrw5zmqqjdzv-arduino-ide-2.3.6-extracted/resources/app/lib/backend/main.js:2:1830040)
    at s.getNativeLayout (/nix/store/2d5i1bzbqbnl4rgnhk8czrw5zmqqjdzv-arduino-ide-2.3.6-extracted/resources/app/lib/backend/main.js:2:1829981)
    at u.onRequest (/nix/store/2d5i1bzbqbnl4rgnhk8czrw5zmqqjdzv-arduino-ide-2.3.6-extracted/resources/app/lib/backend/main.js:2:4942964)
    at c.requestHandler (/nix/store/2d5i1bzbqbnl4rgnhk8czrw5zmqqjdzv-arduino-ide-2.3.6-extracted/resources/app/lib/backend/main.js:2:4942783)
    at c.handleRequest (/nix/store/2d5i1bzbqbnl4rgnhk8czrw5zmqqjdzv-arduino-ide-2.3.6-extracted/resources/app/lib/backend/main.js:2:524486)
    at c.handleMessage (/nix/store/2d5i1bzbqbnl4rgnhk8czrw5zmqqjdzv-arduino-ide-2.3.6-extracted/resources/app/lib/backend/main.js:2:522388)
    at /nix/store/2d5i1bzbqbnl4rgnhk8czrw5zmqqjdzv-arduino-ide-2.3.6-extracted/resources/app/lib/backend/main.js:2:522022
    at /nix/store/2d5i1bzbqbnl4rgnhk8czrw5zmqqjdzv-arduino-ide-2.3.6-extracted/resources/app/lib/backend/main.js:2:6419737
2025-08-26 11:16:45 2025-08-26T18:16:45.588Z root ERROR TypeError: Cannot read properties of null (reading 'getKeyMap')
    at r.getKeyMap (/nix/store/2d5i1bzbqbnl4rgnhk8czrw5zmqqjdzv-arduino-ide-2.3.6-extracted/resources/app/lib/backend/main.js:2:4537620)
    at t.getKeyMap (/nix/store/2d5i1bzbqbnl4rgnhk8czrw5zmqqjdzv-arduino-ide-2.3.6-extracted/resources/app/lib/backend/main.js:2:4538201)
    at s.getNativeLayoutSync (/nix/store/2d5i1bzbqbnl4rgnhk8czrw5zmqqjdzv-arduino-ide-2.3.6-extracted/resources/app/lib/backend/main.js:2:1830077)
    at s.getNativeLayout (/nix/store/2d5i1bzbqbnl4rgnhk8czrw5zmqqjdzv-arduino-ide-2.3.6-extracted/resources/app/lib/backend/main.js:2:1829981)
    at u.onRequest (/nix/store/2d5i1bzbqbnl4rgnhk8czrw5zmqqjdzv-arduino-ide-2.3.6-extracted/resources/app/lib/backend/main.js:2:4942964)
    at c.requestHandler (/nix/store/2d5i1bzbqbnl4rgnhk8czrw5zmqqjdzv-arduino-ide-2.3.6-extracted/resources/app/lib/backend/main.js:2:4942783)
    at c.handleRequest (/nix/store/2d5i1bzbqbnl4rgnhk8czrw5zmqqjdzv-arduino-ide-2.3.6-extracted/resources/app/lib/backend/main.js:2:524486)
    at c.handleMessage (/nix/store/2d5i1bzbqbnl4rgnhk8czrw5zmqqjdzv-arduino-ide-2.3.6-extracted/resources/app/lib/backend/main.js:2:522388)
    at /nix/store/2d5i1bzbqbnl4rgnhk8czrw5zmqqjdzv-arduino-ide-2.3.6-extracted/resources/app/lib/backend/main.js:2:522022
    at /nix/store/2d5i1bzbqbnl4rgnhk8czrw5zmqqjdzv-arduino-ide-2.3.6-extracted/resources/app/lib/backend/main.js:2:6419737
2025-08-26 11:16:45 2025-08-26T18:16:45.589Z root WARN A command editor.action.toggleStickyScroll is already registered.
2025-08-26 11:16:45 Opening channel for service path '/services/electron-window'.
2025-08-26 11:16:45 Opening channel for service path '/services/ide-updater'.
2025-08-26 11:16:45 2025-08-26T18:16:45.717Z root INFO Start frontend contributions: 297.4 ms [Finished 1.812 s after frontend start]
2025-08-26 11:16:45 2025-08-26T18:16:45.718Z root INFO Changed application state from 'init' to 'started_contributions'.
2025-08-26 11:16:45 2025-08-26T18:16:45.760Z root INFO Changed application state from 'started_contributions' to 'attached_shell'.
2025-08-26 11:16:45 2025-08-26T18:16:45.761Z root INFO >>> Restoring the layout state...
2025-08-26 11:16:45 2025-08-26T18:16:45.800Z root INFO [e8fd6ed3-6834-4552-95cd-42707e633620] Waiting for backend deployment: 100.9 ms [Finished 1.907 s after frontend start]
2025-08-26 11:16:46 2025-08-26T18:16:46.021Z root INFO <<< Nothing to restore.
2025-08-26 11:16:46 2025-08-26T18:16:46.021Z root INFO Initialize the workbench layout: 115.0 ms [Finished 1.984 s after frontend start]
2025-08-26 11:16:46 2025-08-26T18:16:46.021Z root INFO Changed application state from 'attached_shell' to 'initialized_layout'.
2025-08-26 11:16:46 2025-08-26T18:16:46.524Z root INFO [hosted-plugin: 12175] PLUGIN_HOST(12175) starting instance
[Object: null prototype] {}
2025-08-26 11:16:47 isTempSketch: false. Input was /home/aaron/projects/esp32_ble/wroom/master
2025-08-26 11:16:47 Marking workspace as a closed sketch. Workspace URI: file:///home/aaron/projects/esp32_ble/wroom/master. Date: 1756232207149.
2025-08-26 11:16:47 isTempSketch: false. Input was /home/aaron/projects/esp32_ble/wroom/master
2025-08-26 11:16:47 Marking workspace as a closed sketch. Workspace URI: file:///home/aaron/projects/esp32_ble/wroom/master. Date: 1756232207154.
2025-08-26 11:16:47 2025-08-26T18:16:47.168Z root INFO socked closed
2025-08-26 11:16:47 2025-08-26T18:16:47.168Z root INFO closing connection for 1
2025-08-26 11:16:47 2025-08-26T18:16:47.168Z root INFO Closing channel on service path '/localization-server'.
2025-08-26 11:16:47 2025-08-26T18:16:47.168Z root INFO Closing channel on service path '/os'.
2025-08-26 11:16:47 2025-08-26T18:16:47.168Z root INFO Closing channel on service path '/services/commands'.
2025-08-26 11:16:47 2025-08-26T18:16:47.168Z root INFO Closing channel on service path '/services/keyboard'.
2025-08-26 11:16:47 2025-08-26T18:16:47.168Z root INFO Closing channel on service path '/services/logger'.
2025-08-26 11:16:47 2025-08-26T18:16:47.168Z root INFO Closing channel on service path '/services/messageService'.
2025-08-26 11:16:47 2025-08-26T18:16:47.168Z root INFO Closing channel on service path '/services/ChannelCloseService'.
2025-08-26 11:16:47 2025-08-26T18:16:47.168Z root INFO Closing channel on service path '/services/remote-filesystem'.
2025-08-26 11:16:47 2025-08-26T18:16:47.168Z root INFO Closing channel on service path '/services/envs'.
2025-08-26 11:16:47 2025-08-26T18:16:47.168Z root INFO Closing channel on service path '/services/authentication-service'.
2025-08-26 11:16:47 2025-08-26T18:16:47.168Z root INFO Closing channel on service path '/services/sketches-service'.
2025-08-26 11:16:47 2025-08-26T18:16:47.168Z root INFO Closing channel on service path '/services/config-service'.
2025-08-26 11:16:47 2025-08-26T18:16:47.168Z root INFO Closing channel on service path '/services/workspace'.
2025-08-26 11:16:47 2025-08-26T18:16:47.168Z root INFO Closing channel on service path '/services/notification-service'.
2025-08-26 11:16:47 2025-08-26T18:16:47.168Z root INFO Closing channel on service path '/services/arduino-daemon'.
2025-08-26 11:16:47 2025-08-26T18:16:47.168Z root INFO Closing channel on service path '/services/stopwatch'.
2025-08-26 11:16:47 2025-08-26T18:16:47.168Z root INFO Closing channel on service path '/services/application'.
2025-08-26 11:16:47 2025-08-26T18:16:47.168Z root INFO Closing channel on service path '/services/i18n'.
2025-08-26 11:16:47 2025-08-26T18:16:47.168Z root INFO Closing channel on service path '/services/quickInput'.
2025-08-26 11:16:47 2025-08-26T18:16:47.168Z root INFO Closing channel on service path '/services/debug'.
2025-08-26 11:16:47 2025-08-26T18:16:47.168Z root INFO Closing channel on service path '/services/shell-terminal'.
2025-08-26 11:16:47 2025-08-26T18:16:47.168Z root INFO Closing channel on service path '/services/quickPick'.
2025-08-26 11:16:47 2025-08-26T18:16:47.168Z root INFO Closing channel on service path '/services/task'.
2025-08-26 11:16:47 2025-08-26T18:16:47.168Z root INFO Closing channel on service path '/services/search'.
2025-08-26 11:16:47 2025-08-26T18:16:47.169Z root INFO Closing channel on service path '/services/hostedPlugin'.
2025-08-26 11:16:47 2025-08-26T18:16:47.169Z root INFO Closing channel on service path '/services/plugin-ext'.
2025-08-26 11:16:47 2025-08-26T18:16:47.169Z root INFO Closing channel on service path '/services/plugin-paths'.
2025-08-26 11:16:47 2025-08-26T18:16:47.169Z root INFO Closing channel on service path '/services/cli-preferences'.
2025-08-26 11:16:47 2025-08-26T18:16:47.169Z root INFO Closing channel on service path '/services/boards-service'.
2025-08-26 11:16:47 2025-08-26T18:16:47.169Z root INFO Closing channel on service path '/services/response-service'.
2025-08-26 11:16:47 2025-08-26T18:16:47.169Z root INFO Closing channel on service path '/services/file-system-ext'.
2025-08-26 11:16:47 2025-08-26T18:16:47.169Z root INFO Closing channel on service path '/services/core-service'.
2025-08-26 11:16:47 2025-08-26T18:16:47.169Z root INFO Closing channel on service path '/services/example-service'.
2025-08-26 11:16:47 2025-08-26T18:16:47.169Z root INFO Closing channel on service path '/services/library-service'.
2025-08-26 11:16:47 2025-08-26T18:16:47.169Z root INFO Closing channel on service path '/services/executable-service'.
2025-08-26 11:16:47 2025-08-26T18:16:47.169Z root INFO Closing channel on service path '/services/arduino-firmware-uploader'.
2025-08-26 11:16:47 2025-08-26T18:16:47.169Z root INFO Closing channel on service path '/services/formatter'.
2025-08-26 11:16:47 2025-08-26T18:16:47.169Z root INFO Closing channel on service path '/services/search-in-workspace'.
2025-08-26 11:16:47 2025-08-26T18:16:47.169Z root INFO Closing channel on service path '/services/request-service'.
2025-08-26 11:16:47 2025-08-26T18:16:47.169Z root INFO Closing channel on service path '/services/keyStore'.
2025-08-26 11:16:47 2025-08-26T18:16:47.169Z root INFO Closing channel on service path '/services/languagePackService'.
2025-08-26 11:16:47 Closing channel on service path '/services/electron-window'.
2025-08-26 11:16:47 Closing channel on service path '/services/ide-updater'.
2025-08-26 11:16:47 2025-08-26T18:16:47.364Z root INFO [e8fd6ed3-6834-4552-95cd-42707e633620] Sync of 23 plugins: 1519.0 ms [Finished 3.426 s after frontend start]
2025-08-26 11:16:47 2025-08-26T18:16:47.366Z root INFO [e8fd6ed3-6834-4552-95cd-42707e633620] Loading plugin contributions
2025-08-26 11:16:47 2025-08-26T18:16:47.366Z root INFO [e8fd6ed3-6834-4552-95cd-42707e633620] Load contributions of 23 plugins: 45.4 ms [Finished 3.472 s after frontend start]
2025-08-26 11:16:47 2025-08-26T18:16:47.400Z root WARN 'cpp' language is remapped from 'source.cpp.embedded.macro' to 'source.cpp' scope
2025-08-26 11:16:47 2025-08-26T18:16:47.400Z root WARN a registered grammar configuration for 'cpp' language is overridden
2025-08-26 11:16:47 2025-08-26T18:16:47.669Z root INFO Frontend application start: 2118.0 ms [Finished 99.474 s after backend start]
2025-08-26 11:16:47 2025-08-26T18:16:47.683Z root INFO Replace loading indicator with ready workbench UI (animation): 1532.3 ms [Finished 3.529 s after frontend start]
2025-08-26 11:16:47 2025-08-26T18:16:47.683Z root INFO Changed application state from 'initialized_layout' to 'ready'.
2025-08-26 11:16:47 2025-08-26T18:16:47.683Z root WARN Linked preference "workbench.colorCustomizations" not found.
2025-08-26 11:16:48 2025-08-26T18:16:48.032Z root INFO Executing startup tasks:
2025-08-26 11:16:48 2025-08-26T18:16:48.032Z root INFO  - 'arduino-use-inherited-boards-data' , args: [{"fqbn":"esp32:esp32:sparkfun_esp32s3_thing_plus","data":{"configOptions":[{"label":"Upload Speed","option":"UploadSpeed","values":[{"value":"921600","label":"921600","selected":true},{"value":"115200","label":"115200","selected":false},{"value":"230400","label":"230400","selected":false},{"value":"460800","label":"460800","selected":false}]},{"label":"USB Mode","option":"USBMode","values":[{"value":"default","label":"Hardware CDC and JTAG","selected":true},{"value":"hwcdc","label":"USB-OTG (TinyUSB)","selected":false}]},{"label":"USB CDC On Boot","option":"CDCOnBoot","values":[{"value":"default","label":"Disabled","selected":true},{"value":"cdc","label":"Enabled","selected":false}]},{"label":"USB Firmware MSC On Boot","option":"MSCOnBoot","values":[{"value":"default","label":"Disabled","selected":true},{"value":"msc","label":"Enabled (Requires USB-OTG Mode)","selected":false}]},{"label":"USB DFU On Boot","option":"DFUOnBoot","values":[{"value":"default","label":"Disabled","selected":true},{"value":"dfu","label":"Enabled (Requires USB-OTG Mode)","selected":false}]},{"label":"Upload Mode","option":"UploadMode","values":[{"value":"default","label":"UART0 / Hardware CDC","selected":true},{"value":"cdc","label":"USB-OTG CDC (TinyUSB)","selected":false}]},{"label":"CPU Frequency","option":"CPUFreq","values":[{"value":"240","label":"240MHz (WiFi)","selected":true},{"value":"160","label":"160MHz (WiFi)","selected":false},{"value":"80","label":"80MHz (WiFi)","selected":false},{"value":"40","label":"40MHz","selected":false},{"value":"20","label":"20MHz","selected":false},{"value":"10","label":"10MHz","selected":false}]},{"label":"Flash Mode","option":"FlashMode","values":[{"value":"qio","label":"QIO 80MHz","selected":true},{"value":"qio120","label":"QIO 120MHz","selected":false},{"value":"dio","label":"DIO 80MHz","selected":false}]},{"label":"Partition Scheme","option":"PartitionScheme","values":[{"value":"default","label":"Default 4MB with spiffs (1.2MB APP/1.5MB SPIFFS)","selected":true},{"value":"defaultffat","label":"Default 4MB with ffat (1.2MB APP/1.5MB FATFS)","selected":false},{"value":"minimal","label":"Minimal (1.3MB APP/700KB SPIFFS)","selected":false},{"value":"no_fs","label":"No FS 4MB (2MB APP x2)","selected":false},{"value":"no_ota","label":"No OTA (2MB APP/2MB SPIFFS)","selected":false},{"value":"noota_3g","label":"No OTA (1MB APP/3MB SPIFFS)","selected":false},{"value":"noota_ffat","label":"No OTA (2MB APP/2MB FATFS)","selected":false},{"value":"noota_3gffat","label":"No OTA (1MB APP/3MB FATFS)","selected":false},{"value":"huge_app","label":"Huge APP (3MB No OTA/1MB SPIFFS)","selected":false},{"value":"min_spiffs","label":"Minimal SPIFFS (1.9MB APP with OTA/190KB SPIFFS)","selected":false},{"value":"rainmaker","label":"RainMaker 4MB","selected":false},{"value":"rainmaker_4MB","label":"RainMaker 4MB No OTA","selected":false},{"value":"zigbee_zczr","label":"Zigbee ZCZR 4MB with spiffs","selected":false},{"value":"custom","label":"Custom","selected":false}]},{"label":"Core Debug Level","option":"DebugLevel","values":[{"value":"none","label":"None","selected":true},{"value":"error","label":"Error","selected":false},{"value":"warn","label":"Warn","selected":false},{"value":"info","label":"Info","selected":false},{"value":"debug","label":"Debug","selected":false},{"value":"verbose","label":"Verbose","selected":false}]},{"label":"PSRAM","option":"PSRAM","values":[{"value":"enabled","label":"QSPI PSRAM","selected":true},{"value":"disabled","label":"Disabled","selected":false},{"value":"opi","label":"OPI PSRAM","selected":false}]},{"label":"Arduino Runs On","option":"LoopCore","values":[{"value":"1","label":"Core 1","selected":true},{"value":"0","label":"Core 0","selected":false}]},{"label":"Events Run On","option":"EventsCore","values":[{"value":"1","label":"Core 1","selected":true},{"value":"0","label":"Core 0","selected":false}]},{"label":"Erase All Flash Before Sketch Upload","option":"EraseFlash","values":[{"value":"none","label":"Disabled","selected":true},{"value":"all","label":"Enabled","selected":false}]},{"label":"JTAG Adapter","option":"JTAGAdapter","values":[{"value":"default","label":"Disabled","selected":true},{"value":"builtin","label":"Integrated USB JTAG","selected":false},{"value":"external","label":"FTDI Adapter","selected":false},{"value":"bridge","label":"ESP USB Bridge","selected":false}]},{"label":"Zigbee Mode","option":"ZigbeeMode","values":[{"value":"default","label":"Disabled","selected":true},{"value":"zczr","label":"Zigbee ZCZR (coordinator)","selected":false}]}],"programmers":[{"id":"esptool","name":"Esptool","platform":"esp32:esp32@3.3.0"}]}}]
2025-08-26 11:16:48 2025-08-26T18:16:48.033Z root INFO  - 'arduino-use-inherited-boards-config' , args: [{"selectedBoard":{"name":"SparkFun ESP32-S3 Thing Plus","fqbn":"esp32:esp32:sparkfun_esp32s3_thing_plus","packageId":{"vendorId":"esp32","arch":"esp32"},"packageName":"esp32","manuallyInstalled":false,"selected":false,"missing":false},"selectedPort":{"address":"/dev/ttyACM0","addressLabel":"/dev/ttyACM0","protocol":"serial","protocolLabel":"Serial Port (USB)","properties":{"pid":"0x1001","serialNumber":"94:A9:90:7D:0E:B4","vid":"0x303a"},"hardwareId":"94:A9:90:7D:0E:B4"}},{"arduino+serial:///dev/ttyUSB0":{"name":"DOIT ESP32 DEVKIT V1","fqbn":"esp32:esp32:esp32doit-devkit-v1"},"arduino+serial:///dev/ttyACM0":{"name":"SparkFun ESP32-S3 Thing Plus","fqbn":"esp32:esp32:sparkfun_esp32s3_thing_plus","packageId":{"vendorId":"esp32","arch":"esp32"},"packageName":"esp32","manuallyInstalled":false,"selected":false,"missing":false}}]
2025-08-26 11:16:48 2025-08-26T18:16:48.678Z daemon INFO time="2025-08-26T11:16:48-07:00" level=info msg="Tool required for debug" tool="arduino:dfu-util@0.11.0-arduino5"
time="2025-08-26T11:16:48-07:00" level=info msg="Tool required for debug" tool="esp32:esp-rv32@2411"
2025-08-26 11:16:48 2025-08-26T18:16:48.678Z daemon INFO time="2025-08-26T11:16:48-07:00" level=info msg="Tool required for debug" tool="esp32:esp-x32@2411"
time="2025-08-26T11:16:48-07:00" level=info msg="Tool required for debug" tool="esp32:esp32-arduino-libs@idf-release_v5.5-b66b5448-v1"
time="2025-08-26T11:16:48-07:00" level=info msg="Tool required for debug" tool="esp32:esptool_py@5.0.0"
time="2025-08-26T11:16:48-07:00" level=info msg="Tool required for debug" tool="esp32:mklittlefs@3.0.0-gnu12-dc7f933"
time="2025-08-26T11:16:48-07:00" level=info msg="Tool required for debug" tool="esp32:mkspiffs@0.2.3"
time="2025-08-26T11:16:48-07:00" level=info msg="Tool required for debug" tool="esp32:openocd-esp32@v0.12.0-esp32-20250422"
time="2025-08-26T11:16:48-07:00" level=info msg="Tool required for debug" tool="esp32:riscv32-esp-elf-gdb@16.2_20250324"
2025-08-26 11:16:48 2025-08-26T18:16:48.678Z daemon INFO time="2025-08-26T11:16:48-07:00" level=info msg="Tool required for debug" tool="esp32:xtensa-esp-elf-gdb@16.2_20250324"
time="2025-08-26T11:16:48-07:00" level=info msg="Tool required for debug" tool="builtin:serial-discovery@1.4.1"
time="2025-08-26T11:16:48-07:00" level=info msg="Tool required for debug" tool="builtin:ctags@5.8-arduino11"
2025-08-26 11:16:48 2025-08-26T18:16:48.678Z daemon INFO time="2025-08-26T11:16:48-07:00" level=info msg="Tool required for debug" tool="arduino:avr-gcc@7.3.0-atmel3.6.1-arduino7"
time="2025-08-26T11:16:48-07:00" level=info msg="Tool required for debug" tool="arduino:arm-none-eabi-gcc@7-2017q4"
time="2025-08-26T11:16:48-07:00" level=info msg="Tool required for debug" tool="arduino:bossac@1.9.1-arduino5"
2025-08-26 11:16:48 2025-08-26T18:16:48.678Z daemon INFO time="2025-08-26T11:16:48-07:00" level=info msg="Tool required for debug" tool="builtin:mdns-discovery@1.0.9"
time="2025-08-26T11:16:48-07:00" level=info msg="Tool required for debug" tool="builtin:dfu-discovery@0.1.2"
time="2025-08-26T11:16:48-07:00" level=info msg="Tool required for debug" tool="arduino:avrdude@6.3.0-arduino17"
2025-08-26 11:16:48 2025-08-26T18:16:48.678Z daemon INFO time="2025-08-26T11:16:48-07:00" level=info msg="Tool required for debug" tool="arduino:openocd@0.11.0-arduino2"
time="2025-08-26T11:16:48-07:00" level=info msg="Tool required for debug" tool="arduino:arduinoOTA@1.3.0"
time="2025-08-26T11:16:48-07:00" level=info msg="Tool required for debug" tool="builtin:serial-monitor@0.15.0"
2025-08-26 11:16:48 2025-08-26T18:16:48.685Z daemon INFO time="2025-08-26T11:16:48-07:00" level=info msg="Tool required for debug" tool="arduino:dfu-util@0.11.0-arduino5"
2025-08-26 11:16:48 2025-08-26T18:16:48.685Z daemon INFO time="2025-08-26T11:16:48-07:00" level=info msg="Tool required for debug" tool="esp32:esp-rv32@2411"
time="2025-08-26T11:16:48-07:00" level=info msg="Tool required for debug" tool="esp32:esp-x32@2411"
time="2025-08-26T11:16:48-07:00" level=info msg="Tool required for debug" tool="esp32:esp32-arduino-libs@idf-release_v5.5-b66b5448-v1"
2025-08-26 11:16:48 2025-08-26T18:16:48.685Z daemon INFO time="2025-08-26T11:16:48-07:00" level=info msg="Tool required for debug" tool="esp32:esptool_py@5.0.0"
time="2025-08-26T11:16:48-07:00" level=info msg="Tool required for debug" tool="esp32:mklittlefs@3.0.0-gnu12-dc7f933"
2025-08-26 11:16:48 2025-08-26T18:16:48.685Z daemon INFO time="2025-08-26T11:16:48-07:00" level=info msg="Tool required for debug" tool="esp32:mkspiffs@0.2.3"
time="2025-08-26T11:16:48-07:00" level=info msg="Tool required for debug" tool="esp32:openocd-esp32@v0.12.0-esp32-20250422"
2025-08-26 11:16:48 2025-08-26T18:16:48.685Z daemon INFO time="2025-08-26T11:16:48-07:00" level=info msg="Tool required for debug" tool="esp32:riscv32-esp-elf-gdb@16.2_20250324"
time="2025-08-26T11:16:48-07:00" level=info msg="Tool required for debug" tool="esp32:xtensa-esp-elf-gdb@16.2_20250324"
2025-08-26 11:16:48 2025-08-26T18:16:48.685Z daemon INFO time="2025-08-26T11:16:48-07:00" level=info msg="Tool required for debug" tool="arduino:arduinoOTA@1.3.0"
time="2025-08-26T11:16:48-07:00" level=info msg="Tool required for debug" tool="builtin:serial-monitor@0.15.0"
2025-08-26 11:16:48 2025-08-26T18:16:48.685Z daemon INFO time="2025-08-26T11:16:48-07:00" level=info msg="Tool required for debug" tool="arduino:avr-gcc@7.3.0-atmel3.6.1-arduino7"
2025-08-26 11:16:48 2025-08-26T18:16:48.685Z daemon INFO time="2025-08-26T11:16:48-07:00" level=info msg="Tool required for debug" tool="builtin:serial-discovery@1.4.1"
2025-08-26 11:16:48 2025-08-26T18:16:48.685Z daemon INFO time="2025-08-26T11:16:48-07:00" level=info msg="Tool required for debug" tool="builtin:mdns-discovery@1.0.9"
time="2025-08-26T11:16:48-07:00" level=info msg="Tool required for debug" tool="builtin:ctags@5.8-arduino11"
2025-08-26 11:16:48 2025-08-26T18:16:48.685Z daemon INFO time="2025-08-26T11:16:48-07:00" level=info msg="Tool required for debug" tool="builtin:dfu-discovery@0.1.2"
2025-08-26 11:16:48 2025-08-26T18:16:48.685Z daemon INFO time="2025-08-26T11:16:48-07:00" level=info msg="Tool required for debug" tool="arduino:openocd@0.11.0-arduino2"
2025-08-26 11:16:48 2025-08-26T18:16:48.685Z daemon INFO time="2025-08-26T11:16:48-07:00" level=info msg="Tool required for debug" tool="arduino:arm-none-eabi-gcc@7-2017q4"
time="2025-08-26T11:16:48-07:00" level=info msg="Tool required for debug" tool="arduino:bossac@1.9.1-arduino5"
2025-08-26 11:16:48 2025-08-26T18:16:48.685Z daemon INFO time="2025-08-26T11:16:48-07:00" level=info msg="Tool required for debug" tool="arduino:avrdude@6.3.0-arduino17"
2025-08-26 11:16:48 2025-08-26T18:16:48.690Z daemon INFO time="2025-08-26T11:16:48-07:00" level=info msg="Tool required for debug" tool="arduino:dfu-util@0.11.0-arduino5"
2025-08-26 11:16:48 2025-08-26T18:16:48.690Z daemon INFO time="2025-08-26T11:16:48-07:00" level=info msg="Tool required for debug" tool="esp32:esp-rv32@2411"
time="2025-08-26T11:16:48-07:00" level=info msg="Tool required for debug" tool="esp32:esp-x32@2411"
time="2025-08-26T11:16:48-07:00" level=info msg="Tool required for debug" tool="esp32:esp32-arduino-libs@idf-release_v5.5-b66b5448-v1"
time="2025-08-26T11:16:48-07:00" level=info msg="Tool required for debug" tool="esp32:esptool_py@5.0.0"
time="2025-08-26T11:16:48-07:00" level=info msg="Tool required for debug" tool="esp32:mklittlefs@3.0.0-gnu12-dc7f933"
2025-08-26 11:16:48 2025-08-26T18:16:48.690Z daemon INFO time="2025-08-26T11:16:48-07:00" level=info msg="Tool required for debug" tool="esp32:mkspiffs@0.2.3"
time="2025-08-26T11:16:48-07:00" level=info msg="Tool required for debug" tool="esp32:openocd-esp32@v0.12.0-esp32-20250422"
time="2025-08-26T11:16:48-07:00" level=info msg="Tool required for debug" tool="esp32:riscv32-esp-elf-gdb@16.2_20250324"
time="2025-08-26T11:16:48-07:00" level=info msg="Tool required for debug" tool="esp32:xtensa-esp-elf-gdb@16.2_20250324"
2025-08-26 11:16:48 2025-08-26T18:16:48.690Z daemon INFO time="2025-08-26T11:16:48-07:00" level=info msg="Tool required for debug" tool="builtin:serial-monitor@0.15.0"
time="2025-08-26T11:16:48-07:00" level=info msg="Tool required for debug" tool="arduino:avrdude@6.3.0-arduino17"
time="2025-08-26T11:16:48-07:00" level=info msg="Tool required for debug" tool="arduino:openocd@0.11.0-arduino2"
2025-08-26 11:16:48 2025-08-26T18:16:48.691Z daemon INFO time="2025-08-26T11:16:48-07:00" level=info msg="Tool required for debug" tool="arduino:bossac@1.9.1-arduino5"
time="2025-08-26T11:16:48-07:00" level=info msg="Tool required for debug" tool="builtin:ctags@5.8-arduino11"
time="2025-08-26T11:16:48-07:00" level=info msg="Tool required for debug" tool="builtin:mdns-discovery@1.0.9"
2025-08-26 11:16:48 2025-08-26T18:16:48.691Z daemon INFO time="2025-08-26T11:16:48-07:00" level=info msg="Tool required for debug" tool="arduino:arm-none-eabi-gcc@7-2017q4"
time="2025-08-26T11:16:48-07:00" level=info msg="Tool required for debug" tool="arduino:avr-gcc@7.3.0-atmel3.6.1-arduino7"
time="2025-08-26T11:16:48-07:00" level=info msg="Tool required for debug" tool="builtin:dfu-discovery@0.1.2"
2025-08-26 11:16:48 2025-08-26T18:16:48.691Z daemon INFO time="2025-08-26T11:16:48-07:00" level=info msg="Tool required for debug" tool="arduino:arduinoOTA@1.3.0"
time="2025-08-26T11:16:48-07:00" level=info msg="Tool required for debug" tool="builtin:serial-discovery@1.4.1"
2025-08-26 11:16:48 2025-08-26T18:16:48.694Z daemon INFO time="2025-08-26T11:16:48-07:00" level=info msg="Tool required for debug" tool="arduino:dfu-util@0.11.0-arduino5"
time="2025-08-26T11:16:48-07:00" level=info msg="Tool required for debug" tool="esp32:esp-rv32@2411"
2025-08-26 11:16:48 2025-08-26T18:16:48.694Z daemon INFO time="2025-08-26T11:16:48-07:00" level=info msg="Tool required for debug" tool="esp32:esp-x32@2411"
time="2025-08-26T11:16:48-07:00" level=info msg="Tool required for debug" tool="esp32:esp32-arduino-libs@idf-release_v5.5-b66b5448-v1"
time="2025-08-26T11:16:48-07:00" level=info msg="Tool required for debug" tool="esp32:esptool_py@5.0.0"
2025-08-26 11:16:48 2025-08-26T18:16:48.694Z daemon INFO time="2025-08-26T11:16:48-07:00" level=info msg="Tool required for debug" tool="esp32:mklittlefs@3.0.0-gnu12-dc7f933"
2025-08-26 11:16:48 2025-08-26T18:16:48.694Z daemon INFO time="2025-08-26T11:16:48-07:00" level=info msg="Tool required for debug" tool="esp32:mkspiffs@0.2.3"
time="2025-08-26T11:16:48-07:00" level=info msg="Tool required for debug" tool="esp32:openocd-esp32@v0.12.0-esp32-20250422"
2025-08-26 11:16:48 2025-08-26T18:16:48.694Z daemon INFO time="2025-08-26T11:16:48-07:00" level=info msg="Tool required for debug" tool="esp32:riscv32-esp-elf-gdb@16.2_20250324"
2025-08-26 11:16:48 2025-08-26T18:16:48.694Z daemon INFO time="2025-08-26T11:16:48-07:00" level=info msg="Tool required for debug" tool="esp32:xtensa-esp-elf-gdb@16.2_20250324"
2025-08-26 11:16:48 2025-08-26T18:16:48.694Z daemon INFO time="2025-08-26T11:16:48-07:00" level=info msg="Tool required for debug" tool="arduino:arduinoOTA@1.3.0"
2025-08-26 11:16:48 2025-08-26T18:16:48.694Z daemon INFO time="2025-08-26T11:16:48-07:00" level=info msg="Tool required for debug" tool="arduino:avrdude@6.3.0-arduino17"
2025-08-26 11:16:48 2025-08-26T18:16:48.694Z daemon INFO time="2025-08-26T11:16:48-07:00" level=info msg="Tool required for debug" tool="arduino:openocd@0.11.0-arduino2"
time="2025-08-26T11:16:48-07:00" level=info msg="Tool required for debug" tool="arduino:dfu-util@0.11.0-arduino5"
2025-08-26 11:16:48 2025-08-26T18:16:48.694Z daemon INFO time="2025-08-26T11:16:48-07:00" level=info msg="Tool required for debug" tool="esp32:esp-rv32@2411"
2025-08-26 11:16:48 2025-08-26T18:16:48.694Z daemon INFO time="2025-08-26T11:16:48-07:00" level=info msg="Tool required for debug" tool="esp32:esp-x32@2411"
time="2025-08-26T11:16:48-07:00" level=info msg="Tool required for debug" tool="esp32:esp32-arduino-libs@idf-release_v5.5-b66b5448-v1"
2025-08-26 11:16:48 2025-08-26T18:16:48.694Z daemon INFO time="2025-08-26T11:16:48-07:00" level=info msg="Tool required for debug" tool="arduino:arm-none-eabi-gcc@7-2017q4"
time="2025-08-26T11:16:48-07:00" level=info msg="Tool required for debug" tool="builtin:serial-discovery@1.4.1"
2025-08-26 11:16:48 2025-08-26T18:16:48.694Z daemon INFO time="2025-08-26T11:16:48-07:00" level=info msg="Tool required for debug" tool="esp32:esptool_py@5.0.0"
2025-08-26 11:16:48 2025-08-26T18:16:48.694Z daemon INFO time="2025-08-26T11:16:48-07:00" level=info msg="Tool required for debug" tool="esp32:mklittlefs@3.0.0-gnu12-dc7f933"
time="2025-08-26T11:16:48-07:00" level=info msg="Tool required for debug" tool="esp32:mkspiffs@0.2.3"
2025-08-26 11:16:48 2025-08-26T18:16:48.694Z daemon INFO time="2025-08-26T11:16:48-07:00" level=info msg="Tool required for debug" tool="esp32:openocd-esp32@v0.12.0-esp32-20250422"
time="2025-08-26T11:16:48-07:00" level=info msg="Tool required for debug" tool="esp32:riscv32-esp-elf-gdb@16.2_20250324"
time="2025-08-26T11:16:48-07:00" level=info msg="Tool required for debug" tool="esp32:xtensa-esp-elf-gdb@16.2_20250324"
2025-08-26 11:16:48 2025-08-26T18:16:48.694Z daemon INFO time="2025-08-26T11:16:48-07:00" level=info msg="Tool required for debug" tool="builtin:serial-discovery@1.4.1"
time="2025-08-26T11:16:48-07:00" level=info msg="Tool required for debug" tool="builtin:dfu-discovery@0.1.2"
2025-08-26 11:16:48 2025-08-26T18:16:48.694Z daemon INFO time="2025-08-26T11:16:48-07:00" level=info msg="Tool required for debug" tool="arduino:arm-none-eabi-gcc@7-2017q4"
time="2025-08-26T11:16:48-07:00" level=info msg="Tool required for debug" tool="arduino:bossac@1.9.1-arduino5"
time="2025-08-26T11:16:48-07:00" level=info msg="Tool required for debug" tool="builtin:dfu-discovery@0.1.2"
2025-08-26 11:16:48 2025-08-26T18:16:48.695Z daemon INFO time="2025-08-26T11:16:48-07:00" level=info msg="Tool required for debug" tool="builtin:serial-monitor@0.15.0"
time="2025-08-26T11:16:48-07:00" level=info msg="Tool required for debug" tool="arduino:avr-gcc@7.3.0-atmel3.6.1-arduino7"
2025-08-26 11:16:48 2025-08-26T18:16:48.695Z daemon INFO time="2025-08-26T11:16:48-07:00" level=info msg="Tool required for debug" tool="arduino:bossac@1.9.1-arduino5"
time="2025-08-26T11:16:48-07:00" level=info msg="Tool required for debug" tool="builtin:mdns-discovery@1.0.9"
2025-08-26 11:16:48 2025-08-26T18:16:48.695Z daemon INFO time="2025-08-26T11:16:48-07:00" level=info msg="Tool required for debug" tool="builtin:serial-monitor@0.15.0"
2025-08-26 11:16:48 2025-08-26T18:16:48.695Z daemon INFO time="2025-08-26T11:16:48-07:00" level=info msg="Tool required for debug" tool="builtin:ctags@5.8-arduino11"
2025-08-26 11:16:48 2025-08-26T18:16:48.695Z daemon INFO time="2025-08-26T11:16:48-07:00" level=info msg="Tool required for debug" tool="arduino:avrdude@6.3.0-arduino17"
time="2025-08-26T11:16:48-07:00" level=info msg="Tool required for debug" tool="arduino:avr-gcc@7.3.0-atmel3.6.1-arduino7"
time="2025-08-26T11:16:48-07:00" level=info msg="Tool required for debug" tool="builtin:mdns-discovery@1.0.9"
2025-08-26 11:16:48 2025-08-26T18:16:48.695Z daemon INFO time="2025-08-26T11:16:48-07:00" level=info msg="Tool required for debug" tool="arduino:openocd@0.11.0-arduino2"
time="2025-08-26T11:16:48-07:00" level=info msg="Tool required for debug" tool="arduino:arduinoOTA@1.3.0"
2025-08-26 11:16:48 2025-08-26T18:16:48.695Z daemon INFO time="2025-08-26T11:16:48-07:00" level=info msg="Tool required for debug" tool="builtin:ctags@5.8-arduino11"
2025-08-26 11:16:48 2025-08-26T18:16:48.696Z daemon INFO time="2025-08-26T11:16:48-07:00" level=info msg="Tool required for debug" tool="arduino:dfu-util@0.11.0-arduino5"
time="2025-08-26T11:16:48-07:00" level=info msg="Tool required for debug" tool="esp32:esp-rv32@2411"
time="2025-08-26T11:16:48-07:00" level=info msg="Tool required for debug" tool="esp32:esp-x32@2411"
time="2025-08-26T11:16:48-07:00" level=info msg="Tool required for debug" tool="esp32:esp32-arduino-libs@idf-release_v5.5-b66b5448-v1"
2025-08-26 11:16:48 2025-08-26T18:16:48.696Z daemon INFO time="2025-08-26T11:16:48-07:00" level=info msg="Tool required for debug" tool="esp32:esptool_py@5.0.0"
time="2025-08-26T11:16:48-07:00" level=info msg="Tool required for debug" tool="esp32:mklittlefs@3.0.0-gnu12-dc7f933"
time="2025-08-26T11:16:48-07:00" level=info msg="Tool required for debug" tool="esp32:mkspiffs@0.2.3"
time="2025-08-26T11:16:48-07:00" level=info msg="Tool required for debug" tool="esp32:openocd-esp32@v0.12.0-esp32-20250422"
time="2025-08-26T11:16:48-07:00" level=info msg="Tool required for debug" tool="esp32:riscv32-esp-elf-gdb@16.2_20250324"
time="2025-08-26T11:16:48-07:00" level=info msg="Tool required for debug" tool="esp32:xtensa-esp-elf-gdb@16.2_20250324"
2025-08-26 11:16:48 2025-08-26T18:16:48.696Z daemon INFO time="2025-08-26T11:16:48-07:00" level=info msg="Tool required for debug" tool="arduino:avrdude@6.3.0-arduino17"
time="2025-08-26T11:16:48-07:00" level=info msg="Tool required for debug" tool="builtin:ctags@5.8-arduino11"
time="2025-08-26T11:16:48-07:00" level=info msg="Tool required for debug" tool="builtin:serial-discovery@1.4.1"
2025-08-26 11:16:48 2025-08-26T18:16:48.696Z daemon INFO time="2025-08-26T11:16:48-07:00" level=info msg="Tool required for debug" tool="builtin:serial-monitor@0.15.0"
time="2025-08-26T11:16:48-07:00" level=info msg="Tool required for debug" tool="arduino:bossac@1.9.1-arduino5"
2025-08-26 11:16:48 2025-08-26T18:16:48.696Z daemon INFO time="2025-08-26T11:16:48-07:00" level=info msg="Tool required for debug" tool="arduino:openocd@0.11.0-arduino2"
time="2025-08-26T11:16:48-07:00" level=info msg="Tool required for debug" tool="builtin:dfu-discovery@0.1.2"
2025-08-26 11:16:48 2025-08-26T18:16:48.696Z daemon INFO time="2025-08-26T11:16:48-07:00" level=info msg="Tool required for debug" tool="arduino:arduinoOTA@1.3.0"
time="2025-08-26T11:16:48-07:00" level=info msg="Tool required for debug" tool="arduino:arm-none-eabi-gcc@7-2017q4"
2025-08-26 11:16:48 2025-08-26T18:16:48.696Z daemon INFO time="2025-08-26T11:16:48-07:00" level=info msg="Tool required for debug" tool="arduino:avr-gcc@7.3.0-atmel3.6.1-arduino7"
time="2025-08-26T11:16:48-07:00" level=info msg="Tool required for debug" tool="builtin:mdns-discovery@1.0.9"
2025-08-26 11:16:48 2025-08-26T18:16:48.702Z daemon INFO time="2025-08-26T11:16:48-07:00" level=info msg="Tool required for debug" tool="arduino:dfu-util@0.11.0-arduino5"
time="2025-08-26T11:16:48-07:00" level=info msg="Tool required for debug" tool="esp32:esp-rv32@2411"
time="2025-08-26T11:16:48-07:00" level=info msg="Tool required for debug" tool="esp32:esp-x32@2411"
2025-08-26 11:16:48 2025-08-26T18:16:48.702Z daemon INFO time="2025-08-26T11:16:48-07:00" level=info msg="Tool required for debug" tool="esp32:esp32-arduino-libs@idf-release_v5.5-b66b5448-v1"
time="2025-08-26T11:16:48-07:00" level=info msg="Tool required for debug" tool="esp32:esptool_py@5.0.0"
time="2025-08-26T11:16:48-07:00" level=info msg="Tool required for debug" tool="esp32:mklittlefs@3.0.0-gnu12-dc7f933"
time="2025-08-26T11:16:48-07:00" level=info msg="Tool required for debug" tool="esp32:mkspiffs@0.2.3"
2025-08-26 11:16:48 2025-08-26T18:16:48.702Z daemon INFO time="2025-08-26T11:16:48-07:00" level=info msg="Tool required for debug" tool="esp32:openocd-esp32@v0.12.0-esp32-20250422"
time="2025-08-26T11:16:48-07:00" level=info msg="Tool required for debug" tool="esp32:riscv32-esp-elf-gdb@16.2_20250324"
time="2025-08-26T11:16:48-07:00" level=info msg="Tool required for debug" tool="esp32:xtensa-esp-elf-gdb@16.2_20250324"
2025-08-26 11:16:48 2025-08-26T18:16:48.702Z daemon INFO time="2025-08-26T11:16:48-07:00" level=info msg="Tool required for debug" tool="arduino:arm-none-eabi-gcc@7-2017q4"
time="2025-08-26T11:16:48-07:00" level=info msg="Tool required for debug" tool="arduino:openocd@0.11.0-arduino2"
2025-08-26 11:16:48 2025-08-26T18:16:48.702Z daemon INFO time="2025-08-26T11:16:48-07:00" level=info msg="Tool required for debug" tool="builtin:dfu-discovery@0.1.2"
2025-08-26 11:16:48 2025-08-26T18:16:48.702Z daemon INFO time="2025-08-26T11:16:48-07:00" level=info msg="Tool required for debug" tool="arduino:dfu-util@0.11.0-arduino5"
2025-08-26 11:16:48 2025-08-26T18:16:48.702Z daemon INFO time="2025-08-26T11:16:48-07:00" level=info msg="Tool required for debug" tool="esp32:esp-rv32@2411"
time="2025-08-26T11:16:48-07:00" level=info msg="Tool required for debug" tool="esp32:esp-x32@2411"
time="2025-08-26T11:16:48-07:00" level=info msg="Tool required for debug" tool="arduino:dfu-util@0.11.0-arduino5"
2025-08-26 11:16:48 2025-08-26T18:16:48.702Z daemon INFO time="2025-08-26T11:16:48-07:00" level=info msg="Tool required for debug" tool="esp32:esp-rv32@2411"
time="2025-08-26T11:16:48-07:00" level=info msg="Tool required for debug" tool="esp32:esp-x32@2411"
time="2025-08-26T11:16:48-07:00" level=info msg="Tool required for debug" tool="esp32:esp32-arduino-libs@idf-release_v5.5-b66b5448-v1"
2025-08-26 11:16:48 2025-08-26T18:16:48.702Z daemon INFO time="2025-08-26T11:16:48-07:00" level=info msg="Tool required for debug" tool="esp32:esptool_py@5.0.0"
time="2025-08-26T11:16:48-07:00" level=info msg="Tool required for debug" tool="esp32:mklittlefs@3.0.0-gnu12-dc7f933"
time="2025-08-26T11:16:48-07:00" level=info msg="Tool required for debug" tool="esp32:mkspiffs@0.2.3"
2025-08-26 11:16:48 2025-08-26T18:16:48.702Z daemon INFO time="2025-08-26T11:16:48-07:00" level=info msg="Tool required for debug" tool="esp32:openocd-esp32@v0.12.0-esp32-20250422"
time="2025-08-26T11:16:48-07:00" level=info msg="Tool required for debug" tool="esp32:riscv32-esp-elf-gdb@16.2_20250324"
time="2025-08-26T11:16:48-07:00" level=info msg="Tool required for debug" tool="esp32:xtensa-esp-elf-gdb@16.2_20250324"
time="2025-08-26T11:16:48-07:00" level=info msg="Tool required for debug" tool="arduino:avrdude@6.3.0-arduino17"
2025-08-26 11:16:48 2025-08-26T18:16:48.702Z daemon INFO time="2025-08-26T11:16:48-07:00" level=info msg="Tool required for debug" tool="arduino:openocd@0.11.0-arduino2"
time="2025-08-26T11:16:48-07:00" level=info msg="Tool required for debug" tool="builtin:dfu-discovery@0.1.2"
time="2025-08-26T11:16:48-07:00" level=info msg="Tool required for debug" tool="esp32:esp32-arduino-libs@idf-release_v5.5-b66b5448-v1"
2025-08-26 11:16:48 2025-08-26T18:16:48.702Z daemon INFO time="2025-08-26T11:16:48-07:00" level=info msg="Tool required for debug" tool="builtin:mdns-discovery@1.0.9"
2025-08-26 11:16:48 2025-08-26T18:16:48.702Z daemon INFO time="2025-08-26T11:16:48-07:00" level=info msg="Tool required for debug" tool="arduino:arduinoOTA@1.3.0"
time="2025-08-26T11:16:48-07:00" level=info msg="Tool required for debug" tool="arduino:avr-gcc@7.3.0-atmel3.6.1-arduino7"
time="2025-08-26T11:16:48-07:00" level=info msg="Tool required for debug" tool="arduino:arm-none-eabi-gcc@7-2017q4"
2025-08-26 11:16:48 2025-08-26T18:16:48.702Z daemon INFO time="2025-08-26T11:16:48-07:00" level=info msg="Tool required for debug" tool="arduino:bossac@1.9.1-arduino5"
time="2025-08-26T11:16:48-07:00" level=info msg="Tool required for debug" tool="arduino:avrdude@6.3.0-arduino17"
time="2025-08-26T11:16:48-07:00" level=info msg="Tool required for debug" tool="arduino:avr-gcc@7.3.0-atmel3.6.1-arduino7"
2025-08-26 11:16:48 2025-08-26T18:16:48.702Z daemon INFO time="2025-08-26T11:16:48-07:00" level=info msg="Tool required for debug" tool="arduino:bossac@1.9.1-arduino5"
time="2025-08-26T11:16:48-07:00" level=info msg="Tool required for debug" tool="builtin:ctags@5.8-arduino11"
2025-08-26 11:16:48 2025-08-26T18:16:48.703Z daemon INFO time="2025-08-26T11:16:48-07:00" level=info msg="Tool required for debug" tool="builtin:serial-discovery@1.4.1"
time="2025-08-26T11:16:48-07:00" level=info msg="Tool required for debug" tool="builtin:serial-monitor@0.15.0"
2025-08-26 11:16:48 2025-08-26T18:16:48.703Z daemon INFO time="2025-08-26T11:16:48-07:00" level=info msg="Tool required for debug" tool="esp32:esptool_py@5.0.0"
time="2025-08-26T11:16:48-07:00" level=info msg="Tool required for debug" tool="esp32:mklittlefs@3.0.0-gnu12-dc7f933"
time="2025-08-26T11:16:48-07:00" level=info msg="Tool required for debug" tool="esp32:mkspiffs@0.2.3"
time="2025-08-26T11:16:48-07:00" level=info msg="Tool required for debug" tool="esp32:openocd-esp32@v0.12.0-esp32-20250422"
2025-08-26 11:16:48 2025-08-26T18:16:48.703Z daemon INFO time="2025-08-26T11:16:48-07:00" level=info msg="Tool required for debug" tool="builtin:ctags@5.8-arduino11"
2025-08-26 11:16:48 2025-08-26T18:16:48.703Z daemon INFO time="2025-08-26T11:16:48-07:00" level=info msg="Tool required for debug" tool="builtin:mdns-discovery@1.0.9"
time="2025-08-26T11:16:48-07:00" level=info msg="Tool required for debug" tool="arduino:arduinoOTA@1.3.0"
time="2025-08-26T11:16:48-07:00" level=info msg="Tool required for debug" tool="esp32:riscv32-esp-elf-gdb@16.2_20250324"
2025-08-26 11:16:48 2025-08-26T18:16:48.703Z daemon INFO time="2025-08-26T11:16:48-07:00" level=info msg="Tool required for debug" tool="builtin:serial-discovery@1.4.1"
time="2025-08-26T11:16:48-07:00" level=info msg="Tool required for debug" tool="esp32:xtensa-esp-elf-gdb@16.2_20250324"
time="2025-08-26T11:16:48-07:00" level=info msg="Tool required for debug" tool="builtin:ctags@5.8-arduino11"
2025-08-26 11:16:48 2025-08-26T18:16:48.703Z daemon INFO time="2025-08-26T11:16:48-07:00" level=info msg="Tool required for debug" tool="builtin:dfu-discovery@0.1.2"
time="2025-08-26T11:16:48-07:00" level=info msg="Tool required for debug" tool="builtin:serial-discovery@1.4.1"
2025-08-26 11:16:48 2025-08-26T18:16:48.703Z daemon INFO time="2025-08-26T11:16:48-07:00" level=info msg="Tool required for debug" tool="builtin:serial-monitor@0.15.0"
2025-08-26 11:16:48 2025-08-26T18:16:48.703Z daemon INFO time="2025-08-26T11:16:48-07:00" level=info msg="Tool required for debug" tool="arduino:avr-gcc@7.3.0-atmel3.6.1-arduino7"
2025-08-26 11:16:48 2025-08-26T18:16:48.703Z daemon INFO time="2025-08-26T11:16:48-07:00" level=info msg="Tool required for debug" tool="builtin:mdns-discovery@1.0.9"
time="2025-08-26T11:16:48-07:00" level=info msg="Tool required for debug" tool="arduino:arm-none-eabi-gcc@7-2017q4"
2025-08-26 11:16:48 2025-08-26T18:16:48.703Z daemon INFO time="2025-08-26T11:16:48-07:00" level=info msg="Tool required for debug" tool="builtin:serial-monitor@0.15.0"
2025-08-26 11:16:48 2025-08-26T18:16:48.703Z daemon INFO time="2025-08-26T11:16:48-07:00" level=info msg="Tool required for debug" tool="arduino:openocd@0.11.0-arduino2"
time="2025-08-26T11:16:48-07:00" level=info msg="Tool required for debug" tool="arduino:arduinoOTA@1.3.0"
2025-08-26 11:16:48 2025-08-26T18:16:48.703Z daemon INFO time="2025-08-26T11:16:48-07:00" level=info msg="Tool required for debug" tool="arduino:bossac@1.9.1-arduino5"
time="2025-08-26T11:16:48-07:00" level=info msg="Tool required for debug" tool="arduino:avrdude@6.3.0-arduino17"
2025-08-26 11:16:48 2025-08-26T18:16:48.708Z daemon INFO time="2025-08-26T11:16:48-07:00" level=info msg="Tool required for debug" tool="arduino:dfu-util@0.11.0-arduino5"
time="2025-08-26T11:16:48-07:00" level=info msg="Tool required for debug" tool="esp32:esp-rv32@2411"
time="2025-08-26T11:16:48-07:00" level=info msg="Tool required for debug" tool="esp32:esp-x32@2411"
time="2025-08-26T11:16:48-07:00" level=info msg="Tool required for debug" tool="esp32:esp32-arduino-libs@idf-release_v5.5-b66b5448-v1"
2025-08-26 11:16:48 2025-08-26T18:16:48.709Z daemon INFO time="2025-08-26T11:16:48-07:00" level=info msg="Tool required for debug" tool="esp32:esptool_py@5.0.0"
time="2025-08-26T11:16:48-07:00" level=info msg="Tool required for debug" tool="esp32:mklittlefs@3.0.0-gnu12-dc7f933"
time="2025-08-26T11:16:48-07:00" level=info msg="Tool required for debug" tool="esp32:mkspiffs@0.2.3"
time="2025-08-26T11:16:48-07:00" level=info msg="Tool required for debug" tool="esp32:openocd-esp32@v0.12.0-esp32-20250422"
time="2025-08-26T11:16:48-07:00" level=info msg="Tool required for debug" tool="esp32:riscv32-esp-elf-gdb@16.2_20250324"
time="2025-08-26T11:16:48-07:00" level=info msg="Tool required for debug" tool="esp32:xtensa-esp-elf-gdb@16.2_20250324"
time="2025-08-26T11:16:48-07:00" level=info msg="Tool required for debug" tool="arduino:arm-none-eabi-gcc@7-2017q4"
time="2025-08-26T11:16:48-07:00" level=info msg="Tool required for debug" tool="arduino:avrdude@6.3.0-arduino17"
2025-08-26 11:16:48 2025-08-26T18:16:48.709Z daemon INFO time="2025-08-26T11:16:48-07:00" level=info msg="Tool required for debug" tool="arduino:openocd@0.11.0-arduino2"
time="2025-08-26T11:16:48-07:00" level=info msg="Tool required for debug" tool="arduino:avr-gcc@7.3.0-atmel3.6.1-arduino7"
time="2025-08-26T11:16:48-07:00" level=info msg="Tool required for debug" tool="builtin:ctags@5.8-arduino11"
time="2025-08-26T11:16:48-07:00" level=info msg="Tool required for debug" tool="builtin:mdns-discovery@1.0.9"
2025-08-26 11:16:48 2025-08-26T18:16:48.709Z daemon INFO time="2025-08-26T11:16:48-07:00" level=info msg="Tool required for debug" tool="builtin:serial-monitor@0.15.0"
time="2025-08-26T11:16:48-07:00" level=info msg="Tool required for debug" tool="arduino:bossac@1.9.1-arduino5"
time="2025-08-26T11:16:48-07:00" level=info msg="Tool required for debug" tool="builtin:dfu-discovery@0.1.2"
2025-08-26 11:16:48 2025-08-26T18:16:48.709Z daemon INFO time="2025-08-26T11:16:48-07:00" level=info msg="Tool required for debug" tool="builtin:serial-discovery@1.4.1"
time="2025-08-26T11:16:48-07:00" level=info msg="Tool required for debug" tool="arduino:arduinoOTA@1.3.0"
2025-08-26 11:16:48 2025-08-26T18:16:48.709Z daemon INFO time="2025-08-26T11:16:48-07:00" level=info msg="Tool required for debug" tool="arduino:dfu-util@0.11.0-arduino5"
time="2025-08-26T11:16:48-07:00" level=info msg="Tool required for debug" tool="esp32:esp-rv32@2411"
time="2025-08-26T11:16:48-07:00" level=info msg="Tool required for debug" tool="esp32:esp-x32@2411"
time="2025-08-26T11:16:48-07:00" level=info msg="Tool required for debug" tool="esp32:esp32-arduino-libs@idf-release_v5.5-b66b5448-v1"
2025-08-26 11:16:48 2025-08-26T18:16:48.710Z daemon INFO time="2025-08-26T11:16:48-07:00" level=info msg="Tool required for debug" tool="esp32:esptool_py@5.0.0"
time="2025-08-26T11:16:48-07:00" level=info msg="Tool required for debug" tool="esp32:mklittlefs@3.0.0-gnu12-dc7f933"
time="2025-08-26T11:16:48-07:00" level=info msg="Tool required for debug" tool="esp32:mkspiffs@0.2.3"
time="2025-08-26T11:16:48-07:00" level=info msg="Tool required for debug" tool="esp32:openocd-esp32@v0.12.0-esp32-20250422"
time="2025-08-26T11:16:48-07:00" level=info msg="Tool required for debug" tool="esp32:riscv32-esp-elf-gdb@16.2_20250324"
time="2025-08-26T11:16:48-07:00" level=info msg="Tool required for debug" tool="esp32:xtensa-esp-elf-gdb@16.2_20250324"
time="2025-08-26T11:16:48-07:00" level=info msg="Tool required for debug" tool="builtin:serial-discovery@1.4.1"
2025-08-26 11:16:48 2025-08-26T18:16:48.710Z daemon INFO time="2025-08-26T11:16:48-07:00" level=info msg="Tool required for debug" tool="arduino:openocd@0.11.0-arduino2"
time="2025-08-26T11:16:48-07:00" level=info msg="Tool required for debug" tool="arduino:bossac@1.9.1-arduino5"
time="2025-08-26T11:16:48-07:00" level=info msg="Tool required for debug" tool="builtin:mdns-discovery@1.0.9"
time="2025-08-26T11:16:48-07:00" level=info msg="Tool required for debug" tool="arduino:arm-none-eabi-gcc@7-2017q4"
2025-08-26 11:16:48 2025-08-26T18:16:48.710Z daemon INFO time="2025-08-26T11:16:48-07:00" level=info msg="Tool required for debug" tool="arduino:arduinoOTA@1.3.0"
time="2025-08-26T11:16:48-07:00" level=info msg="Tool required for debug" tool="arduino:avrdude@6.3.0-arduino17"
time="2025-08-26T11:16:48-07:00" level=info msg="Tool required for debug" tool="arduino:avr-gcc@7.3.0-atmel3.6.1-arduino7"
time="2025-08-26T11:16:48-07:00" level=info msg="Tool required for debug" tool="builtin:ctags@5.8-arduino11"
2025-08-26 11:16:48 2025-08-26T18:16:48.710Z daemon INFO time="2025-08-26T11:16:48-07:00" level=info msg="Tool required for debug" tool="builtin:dfu-discovery@0.1.2"
time="2025-08-26T11:16:48-07:00" level=info msg="Tool required for debug" tool="builtin:serial-monitor@0.15.0"
2025-08-26 11:16:48 2025-08-26T18:16:48.710Z daemon INFO time="2025-08-26T11:16:48-07:00" level=info msg="Tool required for debug" tool="arduino:dfu-util@0.11.0-arduino5"
time="2025-08-26T11:16:48-07:00" level=info msg="Tool required for debug" tool="esp32:esp-rv32@2411"
2025-08-26 11:16:48 2025-08-26T18:16:48.710Z daemon INFO time="2025-08-26T11:16:48-07:00" level=info msg="Tool required for debug" tool="esp32:esp-x32@2411"
time="2025-08-26T11:16:48-07:00" level=info msg="Tool required for debug" tool="esp32:esp32-arduino-libs@idf-release_v5.5-b66b5448-v1"
time="2025-08-26T11:16:48-07:00" level=info msg="Tool required for debug" tool="esp32:esptool_py@5.0.0"
2025-08-26 11:16:48 2025-08-26T18:16:48.710Z daemon INFO time="2025-08-26T11:16:48-07:00" level=info msg="Tool required for debug" tool="esp32:mklittlefs@3.0.0-gnu12-dc7f933"
time="2025-08-26T11:16:48-07:00" level=info msg="Tool required for debug" tool="esp32:mkspiffs@0.2.3"
2025-08-26 11:16:48 2025-08-26T18:16:48.710Z daemon INFO time="2025-08-26T11:16:48-07:00" level=info msg="Tool required for debug" tool="esp32:openocd-esp32@v0.12.0-esp32-20250422"
time="2025-08-26T11:16:48-07:00" level=info msg="Tool required for debug" tool="esp32:riscv32-esp-elf-gdb@16.2_20250324"
time="2025-08-26T11:16:48-07:00" level=info msg="Tool required for debug" tool="esp32:xtensa-esp-elf-gdb@16.2_20250324"
time="2025-08-26T11:16:48-07:00" level=info msg="Tool required for debug" tool="builtin:mdns-discovery@1.0.9"
2025-08-26 11:16:48 2025-08-26T18:16:48.710Z daemon INFO time="2025-08-26T11:16:48-07:00" level=info msg="Tool required for debug" tool="arduino:bossac@1.9.1-arduino5"
time="2025-08-26T11:16:48-07:00" level=info msg="Tool required for debug" tool="arduino:avrdude@6.3.0-arduino17"
2025-08-26 11:16:48 2025-08-26T18:16:48.710Z daemon INFO time="2025-08-26T11:16:48-07:00" level=info msg="Tool required for debug" tool="builtin:ctags@5.8-arduino11"
time="2025-08-26T11:16:48-07:00" level=info msg="Tool required for debug" tool="builtin:dfu-discovery@0.1.2"
2025-08-26 11:16:48 2025-08-26T18:16:48.710Z daemon INFO time="2025-08-26T11:16:48-07:00" level=info msg="Tool required for debug" tool="arduino:openocd@0.11.0-arduino2"
time="2025-08-26T11:16:48-07:00" level=info msg="Tool required for debug" tool="builtin:serial-monitor@0.15.0"
time="2025-08-26T11:16:48-07:00" level=info msg="Tool required for debug" tool="arduino:arduinoOTA@1.3.0"
2025-08-26 11:16:48 2025-08-26T18:16:48.710Z daemon INFO time="2025-08-26T11:16:48-07:00" level=info msg="Tool required for debug" tool="builtin:serial-discovery@1.4.1"
time="2025-08-26T11:16:48-07:00" level=info msg="Tool required for debug" tool="arduino:arm-none-eabi-gcc@7-2017q4"
time="2025-08-26T11:16:48-07:00" level=info msg="Tool required for debug" tool="arduino:avr-gcc@7.3.0-atmel3.6.1-arduino7"
2025-08-26 11:16:48 2025-08-26T18:16:48.714Z daemon INFO time="2025-08-26T11:16:48-07:00" level=info msg="Tool required for debug" tool="arduino:dfu-util@0.11.0-arduino5"
time="2025-08-26T11:16:48-07:00" level=info msg="Tool required for debug" tool="esp32:esp-rv32@2411"
time="2025-08-26T11:16:48-07:00" level=info msg="Tool required for debug" tool="esp32:esp-x32@2411"
2025-08-26 11:16:48 2025-08-26T18:16:48.714Z daemon INFO time="2025-08-26T11:16:48-07:00" level=info msg="Tool required for debug" tool="esp32:esp32-arduino-libs@idf-release_v5.5-b66b5448-v1"
time="2025-08-26T11:16:48-07:00" level=info msg="Tool required for debug" tool="esp32:esptool_py@5.0.0"
time="2025-08-26T11:16:48-07:00" level=info msg="Tool required for debug" tool="esp32:mklittlefs@3.0.0-gnu12-dc7f933"
time="2025-08-26T11:16:48-07:00" level=info msg="Tool required for debug" tool="esp32:mkspiffs@0.2.3"
time="2025-08-26T11:16:48-07:00" level=info msg="Tool required for debug" tool="esp32:openocd-esp32@v0.12.0-esp32-20250422"
time="2025-08-26T11:16:48-07:00" level=info msg="Tool required for debug" tool="esp32:riscv32-esp-elf-gdb@16.2_20250324"
time="2025-08-26T11:16:48-07:00" level=info msg="Tool required for debug" tool="esp32:xtensa-esp-elf-gdb@16.2_20250324"
2025-08-26 11:16:48 2025-08-26T18:16:48.714Z daemon INFO time="2025-08-26T11:16:48-07:00" level=info msg="Tool required for debug" tool="arduino:openocd@0.11.0-arduino2"
time="2025-08-26T11:16:48-07:00" level=info msg="Tool required for debug" tool="arduino:avrdude@6.3.0-arduino17"
time="2025-08-26T11:16:48-07:00" level=info msg="Tool required for debug" tool="builtin:mdns-discovery@1.0.9"
2025-08-26 11:16:48 2025-08-26T18:16:48.714Z daemon INFO time="2025-08-26T11:16:48-07:00" level=info msg="Tool required for debug" tool="arduino:arm-none-eabi-gcc@7-2017q4"
time="2025-08-26T11:16:48-07:00" level=info msg="Tool required for debug" tool="arduino:bossac@1.9.1-arduino5"
time="2025-08-26T11:16:48-07:00" level=info msg="Tool required for debug" tool="builtin:ctags@5.8-arduino11"
2025-08-26 11:16:48 2025-08-26T18:16:48.714Z daemon INFO time="2025-08-26T11:16:48-07:00" level=info msg="Tool required for debug" tool="builtin:dfu-discovery@0.1.2"
2025-08-26 11:16:48 2025-08-26T18:16:48.714Z daemon INFO time="2025-08-26T11:16:48-07:00" level=info msg="Tool required for debug" tool="builtin:serial-discovery@1.4.1"
time="2025-08-26T11:16:48-07:00" level=info msg="Tool required for debug" tool="arduino:avr-gcc@7.3.0-atmel3.6.1-arduino7"
2025-08-26 11:16:48 2025-08-26T18:16:48.714Z daemon INFO time="2025-08-26T11:16:48-07:00" level=info msg="Tool required for debug" tool="arduino:arduinoOTA@1.3.0"
time="2025-08-26T11:16:48-07:00" level=info msg="Tool required for debug" tool="builtin:serial-monitor@0.15.0"
2025-08-26 11:16:48 2025-08-26T18:16:48.717Z daemon INFO time="2025-08-26T11:16:48-07:00" level=info msg="Tool required for debug" tool="arduino:dfu-util@0.11.0-arduino5"
time="2025-08-26T11:16:48-07:00" level=info msg="Tool required for debug" tool="esp32:esp-rv32@2411"
time="2025-08-26T11:16:48-07:00" level=info msg="Tool required for debug" tool="esp32:esp-x32@2411"
2025-08-26 11:16:48 2025-08-26T18:16:48.717Z daemon INFO time="2025-08-26T11:16:48-07:00" level=info msg="Tool required for debug" tool="esp32:esp32-arduino-libs@idf-release_v5.5-b66b5448-v1"
time="2025-08-26T11:16:48-07:00" level=info msg="Tool required for debug" tool="esp32:esptool_py@5.0.0"
time="2025-08-26T11:16:48-07:00" level=info msg="Tool required for debug" tool="esp32:mklittlefs@3.0.0-gnu12-dc7f933"
time="2025-08-26T11:16:48-07:00" level=info msg="Tool required for debug" tool="esp32:mkspiffs@0.2.3"
time="2025-08-26T11:16:48-07:00" level=info msg="Tool required for debug" tool="esp32:openocd-esp32@v0.12.0-esp32-20250422"
2025-08-26 11:16:48 2025-08-26T18:16:48.717Z daemon INFO time="2025-08-26T11:16:48-07:00" level=info msg="Tool required for debug" tool="esp32:riscv32-esp-elf-gdb@16.2_20250324"
time="2025-08-26T11:16:48-07:00" level=info msg="Tool required for debug" tool="esp32:xtensa-esp-elf-gdb@16.2_20250324"
time="2025-08-26T11:16:48-07:00" level=info msg="Tool required for debug" tool="arduino:avrdude@6.3.0-arduino17"
2025-08-26 11:16:48 2025-08-26T18:16:48.717Z daemon INFO time="2025-08-26T11:16:48-07:00" level=info msg="Tool required for debug" tool="arduino:bossac@1.9.1-arduino5"
time="2025-08-26T11:16:48-07:00" level=info msg="Tool required for debug" tool="builtin:serial-discovery@1.4.1"
2025-08-26 11:16:48 2025-08-26T18:16:48.717Z daemon INFO time="2025-08-26T11:16:48-07:00" level=info msg="Tool required for debug" tool="builtin:mdns-discovery@1.0.9"
time="2025-08-26T11:16:48-07:00" level=info msg="Tool required for debug" tool="arduino:openocd@0.11.0-arduino2"
time="2025-08-26T11:16:48-07:00" level=info msg="Tool required for debug" tool="arduino:arduinoOTA@1.3.0"
2025-08-26 11:16:48 2025-08-26T18:16:48.717Z daemon INFO time="2025-08-26T11:16:48-07:00" level=info msg="Tool required for debug" tool="arduino:avr-gcc@7.3.0-atmel3.6.1-arduino7"
time="2025-08-26T11:16:48-07:00" level=info msg="Tool required for debug" tool="arduino:arm-none-eabi-gcc@7-2017q4"
time="2025-08-26T11:16:48-07:00" level=info msg="Tool required for debug" tool="builtin:serial-monitor@0.15.0"
2025-08-26 11:16:48 2025-08-26T18:16:48.717Z daemon INFO time="2025-08-26T11:16:48-07:00" level=info msg="Tool required for debug" tool="builtin:ctags@5.8-arduino11"
time="2025-08-26T11:16:48-07:00" level=info msg="Tool required for debug" tool="builtin:dfu-discovery@0.1.2"
2025-08-26 11:16:48 2025-08-26T18:16:48.717Z daemon INFO time="2025-08-26T11:16:48-07:00" level=info msg="Tool required for debug" tool="arduino:dfu-util@0.11.0-arduino5"
time="2025-08-26T11:16:48-07:00" level=info msg="Tool required for debug" tool="esp32:esp-rv32@2411"
2025-08-26 11:16:48 2025-08-26T18:16:48.717Z daemon INFO time="2025-08-26T11:16:48-07:00" level=info msg="Tool required for debug" tool="esp32:esp-x32@2411"
time="2025-08-26T11:16:48-07:00" level=info msg="Tool required for debug" tool="esp32:esp32-arduino-libs@idf-release_v5.5-b66b5448-v1"
time="2025-08-26T11:16:48-07:00" level=info msg="Tool required for debug" tool="esp32:esptool_py@5.0.0"
time="2025-08-26T11:16:48-07:00" level=info msg="Tool required for debug" tool="esp32:mklittlefs@3.0.0-gnu12-dc7f933"
2025-08-26 11:16:48 2025-08-26T18:16:48.717Z daemon INFO time="2025-08-26T11:16:48-07:00" level=info msg="Tool required for debug" tool="esp32:mkspiffs@0.2.3"
time="2025-08-26T11:16:48-07:00" level=info msg="Tool required for debug" tool="esp32:openocd-esp32@v0.12.0-esp32-20250422"
time="2025-08-26T11:16:48-07:00" level=info msg="Tool required for debug" tool="esp32:riscv32-esp-elf-gdb@16.2_20250324"
2025-08-26 11:16:48 2025-08-26T18:16:48.717Z daemon INFO time="2025-08-26T11:16:48-07:00" level=info msg="Tool required for debug" tool="esp32:xtensa-esp-elf-gdb@16.2_20250324"
time="2025-08-26T11:16:48-07:00" level=info msg="Tool required for debug" tool="arduino:bossac@1.9.1-arduino5"
time="2025-08-26T11:16:48-07:00" level=info msg="Tool required for debug" tool="builtin:dfu-discovery@0.1.2"
time="2025-08-26T11:16:48-07:00" level=info msg="Tool required for debug" tool="builtin:serial-discovery@1.4.1"
2025-08-26 11:16:48 2025-08-26T18:16:48.717Z daemon INFO time="2025-08-26T11:16:48-07:00" level=info msg="Tool required for debug" tool="arduino:arduinoOTA@1.3.0"
time="2025-08-26T11:16:48-07:00" level=info msg="Tool required for debug" tool="arduino:arm-none-eabi-gcc@7-2017q4"
2025-08-26 11:16:48 2025-08-26T18:16:48.717Z daemon INFO time="2025-08-26T11:16:48-07:00" level=info msg="Tool required for debug" tool="arduino:avrdude@6.3.0-arduino17"
time="2025-08-26T11:16:48-07:00" level=info msg="Tool required for debug" tool="builtin:mdns-discovery@1.0.9"
time="2025-08-26T11:16:48-07:00" level=info msg="Tool required for debug" tool="builtin:serial-monitor@0.15.0"
2025-08-26 11:16:48 2025-08-26T18:16:48.717Z daemon INFO time="2025-08-26T11:16:48-07:00" level=info msg="Tool required for debug" tool="arduino:avr-gcc@7.3.0-atmel3.6.1-arduino7"
time="2025-08-26T11:16:48-07:00" level=info msg="Tool required for debug" tool="arduino:openocd@0.11.0-arduino2"
time="2025-08-26T11:16:48-07:00" level=info msg="Tool required for debug" tool="builtin:ctags@5.8-arduino11"
2025-08-26 11:16:48 2025-08-26T18:16:48.720Z daemon INFO time="2025-08-26T11:16:48-07:00" level=info msg="Tool required for debug" tool="arduino:dfu-util@0.11.0-arduino5"
time="2025-08-26T11:16:48-07:00" level=info msg="Tool required for debug" tool="esp32:esp-rv32@2411"
time="2025-08-26T11:16:48-07:00" level=info msg="Tool required for debug" tool="esp32:esp-x32@2411"
time="2025-08-26T11:16:48-07:00" level=info msg="Tool required for debug" tool="esp32:esp32-arduino-libs@idf-release_v5.5-b66b5448-v1"
2025-08-26 11:16:48 2025-08-26T18:16:48.720Z daemon INFO time="2025-08-26T11:16:48-07:00" level=info msg="Tool required for debug" tool="esp32:esptool_py@5.0.0"
time="2025-08-26T11:16:48-07:00" level=info msg="Tool required for debug" tool="esp32:mklittlefs@3.0.0-gnu12-dc7f933"
time="2025-08-26T11:16:48-07:00" level=info msg="Tool required for debug" tool="esp32:mkspiffs@0.2.3"
time="2025-08-26T11:16:48-07:00" level=info msg="Tool required for debug" tool="esp32:openocd-esp32@v0.12.0-esp32-20250422"
time="2025-08-26T11:16:48-07:00" level=info msg="Tool required for debug" tool="esp32:riscv32-esp-elf-gdb@16.2_20250324"
time="2025-08-26T11:16:48-07:00" level=info msg="Tool required for debug" tool="esp32:xtensa-esp-elf-gdb@16.2_20250324"
time="2025-08-26T11:16:48-07:00" level=info msg="Tool required for debug" tool="builtin:dfu-discovery@0.1.2"
2025-08-26 11:16:48 2025-08-26T18:16:48.720Z daemon INFO time="2025-08-26T11:16:48-07:00" level=info msg="Tool required for debug" tool="arduino:arm-none-eabi-gcc@7-2017q4"
time="2025-08-26T11:16:48-07:00" level=info msg="Tool required for debug" tool="arduino:bossac@1.9.1-arduino5"
time="2025-08-26T11:16:48-07:00" level=info msg="Tool required for debug" tool="builtin:mdns-discovery@1.0.9"
2025-08-26 11:16:48 2025-08-26T18:16:48.720Z daemon INFO time="2025-08-26T11:16:48-07:00" level=info msg="Tool required for debug" tool="builtin:ctags@5.8-arduino11"
2025-08-26 11:16:48 2025-08-26T18:16:48.720Z daemon INFO time="2025-08-26T11:16:48-07:00" level=info msg="Tool required for debug" tool="arduino:avrdude@6.3.0-arduino17"
time="2025-08-26T11:16:48-07:00" level=info msg="Tool required for debug" tool="arduino:openocd@0.11.0-arduino2"
time="2025-08-26T11:16:48-07:00" level=info msg="Tool required for debug" tool="arduino:avr-gcc@7.3.0-atmel3.6.1-arduino7"
2025-08-26 11:16:48 2025-08-26T18:16:48.720Z daemon INFO time="2025-08-26T11:16:48-07:00" level=info msg="Tool required for debug" tool="arduino:arduinoOTA@1.3.0"
time="2025-08-26T11:16:48-07:00" level=info msg="Tool required for debug" tool="builtin:serial-discovery@1.4.1"
2025-08-26 11:16:48 2025-08-26T18:16:48.720Z daemon INFO time="2025-08-26T11:16:48-07:00" level=info msg="Tool required for debug" tool="builtin:serial-monitor@0.15.0"
2025-08-26 11:16:48 2025-08-26T18:16:48.723Z daemon INFO time="2025-08-26T11:16:48-07:00" level=info msg="Tool required for debug" tool="arduino:dfu-util@0.11.0-arduino5"
time="2025-08-26T11:16:48-07:00" level=info msg="Tool required for debug" tool="esp32:esp-rv32@2411"
time="2025-08-26T11:16:48-07:00" level=info msg="Tool required for debug" tool="esp32:esp-x32@2411"
time="2025-08-26T11:16:48-07:00" level=info msg="Tool required for debug" tool="esp32:esp32-arduino-libs@idf-release_v5.5-b66b5448-v1"
2025-08-26 11:16:48 2025-08-26T18:16:48.724Z daemon INFO time="2025-08-26T11:16:48-07:00" level=info msg="Tool required for debug" tool="esp32:esptool_py@5.0.0"
time="2025-08-26T11:16:48-07:00" level=info msg="Tool required for debug" tool="esp32:mklittlefs@3.0.0-gnu12-dc7f933"
time="2025-08-26T11:16:48-07:00" level=info msg="Tool required for debug" tool="esp32:mkspiffs@0.2.3"
time="2025-08-26T11:16:48-07:00" level=info msg="Tool required for debug" tool="esp32:openocd-esp32@v0.12.0-esp32-20250422"
time="2025-08-26T11:16:48-07:00" level=info msg="Tool required for debug" tool="esp32:riscv32-esp-elf-gdb@16.2_20250324"
time="2025-08-26T11:16:48-07:00" level=info msg="Tool required for debug" tool="esp32:xtensa-esp-elf-gdb@16.2_20250324"
time="2025-08-26T11:16:48-07:00" level=info msg="Tool required for debug" tool="arduino:avrdude@6.3.0-arduino17"
time="2025-08-26T11:16:48-07:00" level=info msg="Tool required for debug" tool="arduino:openocd@0.11.0-arduino2"
time="2025-08-26T11:16:48-07:00" level=info msg="Tool required for debug" tool="builtin:mdns-discovery@1.0.9"
2025-08-26 11:16:48 2025-08-26T18:16:48.724Z daemon INFO time="2025-08-26T11:16:48-07:00" level=info msg="Tool required for debug" tool="arduino:arm-none-eabi-gcc@7-2017q4"
time="2025-08-26T11:16:48-07:00" level=info msg="Tool required for debug" tool="builtin:ctags@5.8-arduino11"
time="2025-08-26T11:16:48-07:00" level=info msg="Tool required for debug" tool="builtin:dfu-discovery@0.1.2"
time="2025-08-26T11:16:48-07:00" level=info msg="Tool required for debug" tool="arduino:avr-gcc@7.3.0-atmel3.6.1-arduino7"
2025-08-26 11:16:48 2025-08-26T18:16:48.724Z daemon INFO time="2025-08-26T11:16:48-07:00" level=info msg="Tool required for debug" tool="arduino:bossac@1.9.1-arduino5"
time="2025-08-26T11:16:48-07:00" level=info msg="Tool required for debug" tool="arduino:arduinoOTA@1.3.0"
time="2025-08-26T11:16:48-07:00" level=info msg="Tool required for debug" tool="builtin:serial-discovery@1.4.1"
2025-08-26 11:16:48 2025-08-26T18:16:48.724Z daemon INFO time="2025-08-26T11:16:48-07:00" level=info msg="Tool required for debug" tool="builtin:serial-monitor@0.15.0"
2025-08-26 11:16:48 2025-08-26T18:16:48.725Z daemon INFO time="2025-08-26T11:16:48-07:00" level=info msg="Tool required for debug" tool="arduino:dfu-util@0.11.0-arduino5"
time="2025-08-26T11:16:48-07:00" level=info msg="Tool required for debug" tool="esp32:esp-rv32@2411"
2025-08-26 11:16:48 2025-08-26T18:16:48.725Z daemon INFO time="2025-08-26T11:16:48-07:00" level=info msg="Tool required for debug" tool="esp32:esp-x32@2411"
time="2025-08-26T11:16:48-07:00" level=info msg="Tool required for debug" tool="esp32:esp32-arduino-libs@idf-release_v5.5-b66b5448-v1"
time="2025-08-26T11:16:48-07:00" level=info msg="Tool required for debug" tool="esp32:esptool_py@5.0.0"
time="2025-08-26T11:16:48-07:00" level=info msg="Tool required for debug" tool="esp32:mklittlefs@3.0.0-gnu12-dc7f933"
time="2025-08-26T11:16:48-07:00" level=info msg="Tool required for debug" tool="arduino:dfu-util@0.11.0-arduino5"
time="2025-08-26T11:16:48-07:00" level=info msg="Tool required for debug" tool="esp32:esp-rv32@2411"
time="2025-08-26T11:16:48-07:00" level=info msg="Tool required for debug" tool="esp32:esp-x32@2411"
time="2025-08-26T11:16:48-07:00" level=info msg="Tool required for debug" tool="esp32:esp32-arduino-libs@idf-release_v5.5-b66b5448-v1"
time="2025-08-26T11:16:48-07:00" level=info msg="Tool required for debug" tool="esp32:esptool_py@5.0.0"
2025-08-26 11:16:48 2025-08-26T18:16:48.725Z daemon INFO time="2025-08-26T11:16:48-07:00" level=info msg="Tool required for debug" tool="esp32:mklittlefs@3.0.0-gnu12-dc7f933"
time="2025-08-26T11:16:48-07:00" level=info msg="Tool required for debug" tool="esp32:mkspiffs@0.2.3"
time="2025-08-26T11:16:48-07:00" level=info msg="Tool required for debug" tool="esp32:openocd-esp32@v0.12.0-esp32-20250422"
time="2025-08-26T11:16:48-07:00" level=info msg="Tool required for debug" tool="esp32:riscv32-esp-elf-gdb@16.2_20250324"
time="2025-08-26T11:16:48-07:00" level=info msg="Tool required for debug" tool="esp32:xtensa-esp-elf-gdb@16.2_20250324"
time="2025-08-26T11:16:48-07:00" level=info msg="Tool required for debug" tool="builtin:mdns-discovery@1.0.9"
time="2025-08-26T11:16:48-07:00" level=info msg="Tool required for debug" tool="esp32:mkspiffs@0.2.3"
2025-08-26 11:16:48 2025-08-26T18:16:48.725Z daemon INFO time="2025-08-26T11:16:48-07:00" level=info msg="Tool required for debug" tool="esp32:openocd-esp32@v0.12.0-esp32-20250422"
2025-08-26 11:16:48 2025-08-26T18:16:48.725Z daemon INFO time="2025-08-26T11:16:48-07:00" level=info msg="Tool required for debug" tool="esp32:riscv32-esp-elf-gdb@16.2_20250324"
time="2025-08-26T11:16:48-07:00" level=info msg="Tool required for debug" tool="esp32:xtensa-esp-elf-gdb@16.2_20250324"
2025-08-26 11:16:48 2025-08-26T18:16:48.725Z daemon INFO time="2025-08-26T11:16:48-07:00" level=info msg="Tool required for debug" tool="arduino:arduinoOTA@1.3.0"
time="2025-08-26T11:16:48-07:00" level=info msg="Tool required for debug" tool="arduino:arm-none-eabi-gcc@7-2017q4"
2025-08-26 11:16:48 2025-08-26T18:16:48.725Z daemon INFO time="2025-08-26T11:16:48-07:00" level=info msg="Tool required for debug" tool="builtin:serial-discovery@1.4.1"
2025-08-26 11:16:48 2025-08-26T18:16:48.725Z daemon INFO time="2025-08-26T11:16:48-07:00" level=info msg="Tool required for debug" tool="arduino:openocd@0.11.0-arduino2"
2025-08-26 11:16:48 2025-08-26T18:16:48.725Z daemon INFO time="2025-08-26T11:16:48-07:00" level=info msg="Tool required for debug" tool="builtin:mdns-discovery@1.0.9"
2025-08-26 11:16:48 2025-08-26T18:16:48.725Z daemon INFO time="2025-08-26T11:16:48-07:00" level=info msg="Tool required for debug" tool="arduino:bossac@1.9.1-arduino5"
time="2025-08-26T11:16:48-07:00" level=info msg="Tool required for debug" tool="builtin:serial-monitor@0.15.0"
2025-08-26 11:16:48 2025-08-26T18:16:48.726Z daemon INFO time="2025-08-26T11:16:48-07:00" level=info msg="Tool required for debug" tool="builtin:ctags@5.8-arduino11"
2025-08-26 11:16:48 2025-08-26T18:16:48.726Z daemon INFO time="2025-08-26T11:16:48-07:00" level=info msg="Tool required for debug" tool="arduino:avrdude@6.3.0-arduino17"
time="2025-08-26T11:16:48-07:00" level=info msg="Tool required for debug" tool="arduino:avr-gcc@7.3.0-atmel3.6.1-arduino7"
2025-08-26 11:16:48 2025-08-26T18:16:48.726Z daemon INFO time="2025-08-26T11:16:48-07:00" level=info msg="Tool required for debug" tool="builtin:dfu-discovery@0.1.2"
2025-08-26 11:16:48 2025-08-26T18:16:48.726Z daemon INFO time="2025-08-26T11:16:48-07:00" level=info msg="Tool required for debug" tool="arduino:bossac@1.9.1-arduino5"
time="2025-08-26T11:16:48-07:00" level=info msg="Tool required for debug" tool="builtin:dfu-discovery@0.1.2"
time="2025-08-26T11:16:48-07:00" level=info msg="Tool required for debug" tool="builtin:serial-monitor@0.15.0"
time="2025-08-26T11:16:48-07:00" level=info msg="Tool required for debug" tool="arduino:arduinoOTA@1.3.0"
time="2025-08-26T11:16:48-07:00" level=info msg="Tool required for debug" tool="arduino:arm-none-eabi-gcc@7-2017q4"
time="2025-08-26T11:16:48-07:00" level=info msg="Tool required for debug" tool="arduino:avrdude@6.3.0-arduino17"
time="2025-08-26T11:16:48-07:00" level=info msg="Tool required for debug" tool="arduino:openocd@0.11.0-arduino2"
2025-08-26 11:16:48 2025-08-26T18:16:48.726Z daemon INFO time="2025-08-26T11:16:48-07:00" level=info msg="Tool required for debug" tool="builtin:serial-discovery@1.4.1"
time="2025-08-26T11:16:48-07:00" level=info msg="Tool required for debug" tool="builtin:ctags@5.8-arduino11"
time="2025-08-26T11:16:48-07:00" level=info msg="Tool required for debug" tool="arduino:avr-gcc@7.3.0-atmel3.6.1-arduino7"
2025-08-26 11:16:48 2025-08-26T18:16:48.728Z daemon INFO time="2025-08-26T11:16:48-07:00" level=info msg="Tool required for debug" tool="arduino:dfu-util@0.11.0-arduino5"
time="2025-08-26T11:16:48-07:00" level=info msg="Tool required for debug" tool="esp32:esp-rv32@2411"
time="2025-08-26T11:16:48-07:00" level=info msg="Tool required for debug" tool="esp32:esp-x32@2411"
time="2025-08-26T11:16:48-07:00" level=info msg="Tool required for debug" tool="esp32:esp32-arduino-libs@idf-release_v5.5-b66b5448-v1"
2025-08-26 11:16:48 2025-08-26T18:16:48.729Z daemon INFO time="2025-08-26T11:16:48-07:00" level=info msg="Tool required for debug" tool="esp32:esptool_py@5.0.0"
time="2025-08-26T11:16:48-07:00" level=info msg="Tool required for debug" tool="esp32:mklittlefs@3.0.0-gnu12-dc7f933"
time="2025-08-26T11:16:48-07:00" level=info msg="Tool required for debug" tool="esp32:mkspiffs@0.2.3"
time="2025-08-26T11:16:48-07:00" level=info msg="Tool required for debug" tool="esp32:openocd-esp32@v0.12.0-esp32-20250422"
time="2025-08-26T11:16:48-07:00" level=info msg="Tool required for debug" tool="esp32:riscv32-esp-elf-gdb@16.2_20250324"
time="2025-08-26T11:16:48-07:00" level=info msg="Tool required for debug" tool="esp32:xtensa-esp-elf-gdb@16.2_20250324"
time="2025-08-26T11:16:48-07:00" level=info msg="Tool required for debug" tool="builtin:ctags@5.8-arduino11"
time="2025-08-26T11:16:48-07:00" level=info msg="Tool required for debug" tool="arduino:openocd@0.11.0-arduino2"
time="2025-08-26T11:16:48-07:00" level=info msg="Tool required for debug" tool="arduino:avrdude@6.3.0-arduino17"
time="2025-08-26T11:16:48-07:00" level=info msg="Tool required for debug" tool="arduino:arduinoOTA@1.3.0"
time="2025-08-26T11:16:48-07:00" level=info msg="Tool required for debug" tool="builtin:serial-monitor@0.15.0"
time="2025-08-26T11:16:48-07:00" level=info msg="Tool required for debug" tool="builtin:dfu-discovery@0.1.2"
2025-08-26 11:16:48 2025-08-26T18:16:48.729Z daemon INFO time="2025-08-26T11:16:48-07:00" level=info msg="Tool required for debug" tool="arduino:avr-gcc@7.3.0-atmel3.6.1-arduino7"
time="2025-08-26T11:16:48-07:00" level=info msg="Tool required for debug" tool="arduino:arm-none-eabi-gcc@7-2017q4"
time="2025-08-26T11:16:48-07:00" level=info msg="Tool required for debug" tool="arduino:bossac@1.9.1-arduino5"
time="2025-08-26T11:16:48-07:00" level=info msg="Tool required for debug" tool="builtin:serial-discovery@1.4.1"
time="2025-08-26T11:16:48-07:00" level=info msg="Tool required for debug" tool="builtin:mdns-discovery@1.0.9"
2025-08-26 11:16:48 2025-08-26T18:16:48.731Z daemon INFO time="2025-08-26T11:16:48-07:00" level=info msg="Tool required for debug" tool="arduino:dfu-util@0.11.0-arduino5"
time="2025-08-26T11:16:48-07:00" level=info msg="Tool required for debug" tool="esp32:esp-rv32@2411"
time="2025-08-26T11:16:48-07:00" level=info msg="Tool required for debug" tool="esp32:esp-x32@2411"
time="2025-08-26T11:16:48-07:00" level=info msg="Tool required for debug" tool="esp32:esp32-arduino-libs@idf-release_v5.5-b66b5448-v1"
time="2025-08-26T11:16:48-07:00" level=info msg="Tool required for debug" tool="esp32:esptool_py@5.0.0"
time="2025-08-26T11:16:48-07:00" level=info msg="Tool required for debug" tool="esp32:mklittlefs@3.0.0-gnu12-dc7f933"
time="2025-08-26T11:16:48-07:00" level=info msg="Tool required for debug" tool="esp32:mkspiffs@0.2.3"
time="2025-08-26T11:16:48-07:00" level=info msg="Tool required for debug" tool="esp32:openocd-esp32@v0.12.0-esp32-20250422"
time="2025-08-26T11:16:48-07:00" level=info msg="Tool required for debug" tool="esp32:riscv32-esp-elf-gdb@16.2_20250324"
2025-08-26 11:16:48 2025-08-26T18:16:48.731Z daemon INFO time="2025-08-26T11:16:48-07:00" level=info msg="Tool required for debug" tool="esp32:xtensa-esp-elf-gdb@16.2_20250324"
time="2025-08-26T11:16:48-07:00" level=info msg="Tool required for debug" tool="arduino:openocd@0.11.0-arduino2"
time="2025-08-26T11:16:48-07:00" level=info msg="Tool required for debug" tool="arduino:bossac@1.9.1-arduino5"
time="2025-08-26T11:16:48-07:00" level=info msg="Tool required for debug" tool="builtin:ctags@5.8-arduino11"
time="2025-08-26T11:16:48-07:00" level=info msg="Tool required for debug" tool="builtin:dfu-discovery@0.1.2"
time="2025-08-26T11:16:48-07:00" level=info msg="Tool required for debug" tool="arduino:avrdude@6.3.0-arduino17"
time="2025-08-26T11:16:48-07:00" level=info msg="Tool required for debug" tool="builtin:serial-monitor@0.15.0"
time="2025-08-26T11:16:48-07:00" level=info msg="Tool required for debug" tool="builtin:mdns-discovery@1.0.9"
time="2025-08-26T11:16:48-07:00" level=info msg="Tool required for debug" tool="arduino:avr-gcc@7.3.0-atmel3.6.1-arduino7"
time="2025-08-26T11:16:48-07:00" level=info msg="Tool required for debug" tool="arduino:arduinoOTA@1.3.0"
time="2025-08-26T11:16:48-07:00" level=info msg="Tool required for debug" tool="arduino:arm-none-eabi-gcc@7-2017q4"
time="2025-08-26T11:16:48-07:00" level=info msg="Tool required for debug" tool="builtin:serial-discovery@1.4.1"
2025-08-26 11:16:48 2025-08-26T18:16:48.734Z daemon INFO time="2025-08-26T11:16:48-07:00" level=info msg="Tool required for debug" tool="arduino:dfu-util@0.11.0-arduino5"
time="2025-08-26T11:16:48-07:00" level=info msg="Tool required for debug" tool="esp32:esp-rv32@2411"
time="2025-08-26T11:16:48-07:00" level=info msg="Tool required for debug" tool="esp32:esp-x32@2411"
time="2025-08-26T11:16:48-07:00" level=info msg="Tool required for debug" tool="esp32:esp32-arduino-libs@idf-release_v5.5-b66b5448-v1"
time="2025-08-26T11:16:48-07:00" level=info msg="Tool required for debug" tool="esp32:esptool_py@5.0.0"
time="2025-08-26T11:16:48-07:00" level=info msg="Tool required for debug" tool="esp32:mklittlefs@3.0.0-gnu12-dc7f933"
time="2025-08-26T11:16:48-07:00" level=info msg="Tool required for debug" tool="esp32:mkspiffs@0.2.3"
time="2025-08-26T11:16:48-07:00" level=info msg="Tool required for debug" tool="esp32:openocd-esp32@v0.12.0-esp32-20250422"
time="2025-08-26T11:16:48-07:00" level=info msg="Tool required for debug" tool="esp32:riscv32-esp-elf-gdb@16.2_20250324"
2025-08-26 11:16:48 2025-08-26T18:16:48.734Z daemon INFO time="2025-08-26T11:16:48-07:00" level=info msg="Tool required for debug" tool="esp32:xtensa-esp-elf-gdb@16.2_20250324"
time="2025-08-26T11:16:48-07:00" level=info msg="Tool required for debug" tool="arduino:avrdude@6.3.0-arduino17"
time="2025-08-26T11:16:48-07:00" level=info msg="Tool required for debug" tool="builtin:ctags@5.8-arduino11"
time="2025-08-26T11:16:48-07:00" level=info msg="Tool required for debug" tool="arduino:bossac@1.9.1-arduino5"
time="2025-08-26T11:16:48-07:00" level=info msg="Tool required for debug" tool="arduino:openocd@0.11.0-arduino2"
time="2025-08-26T11:16:48-07:00" level=info msg="Tool required for debug" tool="arduino:avr-gcc@7.3.0-atmel3.6.1-arduino7"
time="2025-08-26T11:16:48-07:00" level=info msg="Tool required for debug" tool="arduino:arm-none-eabi-gcc@7-2017q4"
time="2025-08-26T11:16:48-07:00" level=info msg="Tool required for debug" tool="builtin:dfu-discovery@0.1.2"
time="2025-08-26T11:16:48-07:00" level=info msg="Tool required for debug" tool="builtin:mdns-discovery@1.0.9"
time="2025-08-26T11:16:48-07:00" level=info msg="Tool required for debug" tool="arduino:arduinoOTA@1.3.0"
time="2025-08-26T11:16:48-07:00" level=info msg="Tool required for debug" tool="builtin:serial-discovery@1.4.1"
2025-08-26 11:16:48 2025-08-26T18:16:48.735Z daemon INFO time="2025-08-26T11:16:48-07:00" level=info msg="Tool required for debug" tool="builtin:serial-monitor@0.15.0"
2025-08-26 11:16:48 2025-08-26T18:16:48.735Z daemon INFO time="2025-08-26T11:16:48-07:00" level=info msg="Tool required for debug" tool="arduino:dfu-util@0.11.0-arduino5"
time="2025-08-26T11:16:48-07:00" level=info msg="Tool required for debug" tool="esp32:esp-rv32@2411"
2025-08-26 11:16:48 2025-08-26T18:16:48.735Z daemon INFO time="2025-08-26T11:16:48-07:00" level=info msg="Tool required for debug" tool="esp32:esp-x32@2411"
time="2025-08-26T11:16:48-07:00" level=info msg="Tool required for debug" tool="esp32:esp32-arduino-libs@idf-release_v5.5-b66b5448-v1"
time="2025-08-26T11:16:48-07:00" level=info msg="Tool required for debug" tool="esp32:esptool_py@5.0.0"
2025-08-26 11:16:48 2025-08-26T18:16:48.735Z daemon INFO time="2025-08-26T11:16:48-07:00" level=info msg="Tool required for debug" tool="esp32:mklittlefs@3.0.0-gnu12-dc7f933"
time="2025-08-26T11:16:48-07:00" level=info msg="Tool required for debug" tool="esp32:mkspiffs@0.2.3"
2025-08-26 11:16:48 2025-08-26T18:16:48.735Z daemon INFO time="2025-08-26T11:16:48-07:00" level=info msg="Tool required for debug" tool="esp32:openocd-esp32@v0.12.0-esp32-20250422"
time="2025-08-26T11:16:48-07:00" level=info msg="Tool required for debug" tool="esp32:riscv32-esp-elf-gdb@16.2_20250324"
time="2025-08-26T11:16:48-07:00" level=info msg="Tool required for debug" tool="esp32:xtensa-esp-elf-gdb@16.2_20250324"
2025-08-26 11:16:48 2025-08-26T18:16:48.735Z daemon INFO time="2025-08-26T11:16:48-07:00" level=info msg="Tool required for debug" tool="arduino:openocd@0.11.0-arduino2"
time="2025-08-26T11:16:48-07:00" level=info msg="Tool required for debug" tool="builtin:serial-monitor@0.15.0"
2025-08-26 11:16:48 2025-08-26T18:16:48.735Z daemon INFO time="2025-08-26T11:16:48-07:00" level=info msg="Tool required for debug" tool="builtin:ctags@5.8-arduino11"
2025-08-26 11:16:48 2025-08-26T18:16:48.735Z daemon INFO time="2025-08-26T11:16:48-07:00" level=info msg="Tool required for debug" tool="builtin:mdns-discovery@1.0.9"
time="2025-08-26T11:16:48-07:00" level=info msg="Tool required for debug" tool="arduino:avrdude@6.3.0-arduino17"
2025-08-26 11:16:48 2025-08-26T18:16:48.735Z daemon INFO time="2025-08-26T11:16:48-07:00" level=info msg="Tool required for debug" tool="arduino:bossac@1.9.1-arduino5"
time="2025-08-26T11:16:48-07:00" level=info msg="Tool required for debug" tool="arduino:arduinoOTA@1.3.0"
2025-08-26 11:16:48 2025-08-26T18:16:48.735Z daemon INFO time="2025-08-26T11:16:48-07:00" level=info msg="Tool required for debug" tool="builtin:dfu-discovery@0.1.2"
time="2025-08-26T11:16:48-07:00" level=info msg="Tool required for debug" tool="arduino:avr-gcc@7.3.0-atmel3.6.1-arduino7"
2025-08-26 11:16:48 2025-08-26T18:16:48.735Z daemon INFO time="2025-08-26T11:16:48-07:00" level=info msg="Tool required for debug" tool="arduino:arm-none-eabi-gcc@7-2017q4"
time="2025-08-26T11:16:48-07:00" level=info msg="Tool required for debug" tool="builtin:serial-discovery@1.4.1"
2025-08-26 11:16:48 2025-08-26T18:16:48.737Z daemon INFO time="2025-08-26T11:16:48-07:00" level=info msg="Tool required for debug" tool="arduino:dfu-util@0.11.0-arduino5"
time="2025-08-26T11:16:48-07:00" level=info msg="Tool required for debug" tool="esp32:esp-rv32@2411"
time="2025-08-26T11:16:48-07:00" level=info msg="Tool required for debug" tool="esp32:esp-x32@2411"
time="2025-08-26T11:16:48-07:00" level=info msg="Tool required for debug" tool="esp32:esp32-arduino-libs@idf-release_v5.5-b66b5448-v1"
time="2025-08-26T11:16:48-07:00" level=info msg="Tool required for debug" tool="esp32:esptool_py@5.0.0"
time="2025-08-26T11:16:48-07:00" level=info msg="Tool required for debug" tool="esp32:mklittlefs@3.0.0-gnu12-dc7f933"
time="2025-08-26T11:16:48-07:00" level=info msg="Tool required for debug" tool="esp32:mkspiffs@0.2.3"
time="2025-08-26T11:16:48-07:00" level=info msg="Tool required for debug" tool="esp32:openocd-esp32@v0.12.0-esp32-20250422"
time="2025-08-26T11:16:48-07:00" level=info msg="Tool required for debug" tool="esp32:riscv32-esp-elf-gdb@16.2_20250324"
time="2025-08-26T11:16:48-07:00" level=info msg="Tool required for debug" tool="esp32:xtensa-esp-elf-gdb@16.2_20250324"
2025-08-26 11:16:48 2025-08-26T18:16:48.737Z daemon INFO time="2025-08-26T11:16:48-07:00" level=info msg="Tool required for debug" tool="arduino:avrdude@6.3.0-arduino17"
time="2025-08-26T11:16:48-07:00" level=info msg="Tool required for debug" tool="arduino:openocd@0.11.0-arduino2"
time="2025-08-26T11:16:48-07:00" level=info msg="Tool required for debug" tool="arduino:dfu-util@0.11.0-arduino5"
time="2025-08-26T11:16:48-07:00" level=info msg="Tool required for debug" tool="esp32:esp-rv32@2411"
time="2025-08-26T11:16:48-07:00" level=info msg="Tool required for debug" tool="esp32:esp-x32@2411"
time="2025-08-26T11:16:48-07:00" level=info msg="Tool required for debug" tool="arduino:bossac@1.9.1-arduino5"
time="2025-08-26T11:16:48-07:00" level=info msg="Tool required for debug" tool="builtin:mdns-discovery@1.0.9"
time="2025-08-26T11:16:48-07:00" level=info msg="Tool required for debug" tool="arduino:arm-none-eabi-gcc@7-2017q4"
2025-08-26 11:16:48 2025-08-26T18:16:48.738Z daemon INFO time="2025-08-26T11:16:48-07:00" level=info msg="Tool required for debug" tool="arduino:arduinoOTA@1.3.0"
time="2025-08-26T11:16:48-07:00" level=info msg="Tool required for debug" tool="builtin:serial-discovery@1.4.1"
time="2025-08-26T11:16:48-07:00" level=info msg="Tool required for debug" tool="builtin:serial-monitor@0.15.0"
time="2025-08-26T11:16:48-07:00" level=info msg="Tool required for debug" tool="esp32:esp32-arduino-libs@idf-release_v5.5-b66b5448-v1"
2025-08-26 11:16:48 2025-08-26T18:16:48.738Z daemon INFO time="2025-08-26T11:16:48-07:00" level=info msg="Tool required for debug" tool="esp32:esptool_py@5.0.0"
time="2025-08-26T11:16:48-07:00" level=info msg="Tool required for debug" tool="esp32:mklittlefs@3.0.0-gnu12-dc7f933"
time="2025-08-26T11:16:48-07:00" level=info msg="Tool required for debug" tool="esp32:mkspiffs@0.2.3"
time="2025-08-26T11:16:48-07:00" level=info msg="Tool required for debug" tool="esp32:openocd-esp32@v0.12.0-esp32-20250422"
2025-08-26 11:16:48 2025-08-26T18:16:48.738Z daemon INFO time="2025-08-26T11:16:48-07:00" level=info msg="Tool required for debug" tool="esp32:riscv32-esp-elf-gdb@16.2_20250324"
time="2025-08-26T11:16:48-07:00" level=info msg="Tool required for debug" tool="esp32:xtensa-esp-elf-gdb@16.2_20250324"
time="2025-08-26T11:16:48-07:00" level=info msg="Tool required for debug" tool="arduino:bossac@1.9.1-arduino5"
2025-08-26 11:16:48 2025-08-26T18:16:48.738Z daemon INFO time="2025-08-26T11:16:48-07:00" level=info msg="Tool required for debug" tool="arduino:avrdude@6.3.0-arduino17"
time="2025-08-26T11:16:48-07:00" level=info msg="Tool required for debug" tool="builtin:mdns-discovery@1.0.9"
2025-08-26 11:16:48 2025-08-26T18:16:48.738Z daemon INFO time="2025-08-26T11:16:48-07:00" level=info msg="Tool required for debug" tool="builtin:serial-discovery@1.4.1"
time="2025-08-26T11:16:48-07:00" level=info msg="Tool required for debug" tool="builtin:ctags@5.8-arduino11"
2025-08-26 11:16:48 2025-08-26T18:16:48.738Z daemon INFO time="2025-08-26T11:16:48-07:00" level=info msg="Tool required for debug" tool="builtin:serial-monitor@0.15.0"
time="2025-08-26T11:16:48-07:00" level=info msg="Tool required for debug" tool="builtin:dfu-discovery@0.1.2"
2025-08-26 11:16:48 2025-08-26T18:16:48.738Z daemon INFO time="2025-08-26T11:16:48-07:00" level=info msg="Tool required for debug" tool="arduino:avr-gcc@7.3.0-atmel3.6.1-arduino7"
time="2025-08-26T11:16:48-07:00" level=info msg="Tool required for debug" tool="arduino:arduinoOTA@1.3.0"
time="2025-08-26T11:16:48-07:00" level=info msg="Tool required for debug" tool="arduino:openocd@0.11.0-arduino2"
time="2025-08-26T11:16:48-07:00" level=info msg="Tool required for debug" tool="builtin:dfu-discovery@0.1.2"
2025-08-26 11:16:48 2025-08-26T18:16:48.738Z daemon INFO time="2025-08-26T11:16:48-07:00" level=info msg="Tool required for debug" tool="arduino:arm-none-eabi-gcc@7-2017q4"
time="2025-08-26T11:16:48-07:00" level=info msg="Tool required for debug" tool="arduino:avr-gcc@7.3.0-atmel3.6.1-arduino7"
2025-08-26 11:16:48 2025-08-26T18:16:48.738Z daemon INFO time="2025-08-26T11:16:48-07:00" level=info msg="Tool required for debug" tool="builtin:ctags@5.8-arduino11"
2025-08-26 11:16:48 2025-08-26T18:16:48.745Z daemon INFO time="2025-08-26T11:16:48-07:00" level=info msg="Tool required for debug" tool="arduino:dfu-util@0.11.0-arduino5"
time="2025-08-26T11:16:48-07:00" level=info msg="Tool required for debug" tool="esp32:esp-rv32@2411"
time="2025-08-26T11:16:48-07:00" level=info msg="Tool required for debug" tool="arduino:dfu-util@0.11.0-arduino5"
2025-08-26 11:16:48 2025-08-26T18:16:48.745Z daemon INFO time="2025-08-26T11:16:48-07:00" level=info msg="Tool required for debug" tool="esp32:esp-rv32@2411"
time="2025-08-26T11:16:48-07:00" level=info msg="Tool required for debug" tool="esp32:esp-x32@2411"
time="2025-08-26T11:16:48-07:00" level=info msg="Tool required for debug" tool="esp32:esp32-arduino-libs@idf-release_v5.5-b66b5448-v1"
time="2025-08-26T11:16:48-07:00" level=info msg="Tool required for debug" tool="esp32:esptool_py@5.0.0"
time="2025-08-26T11:16:48-07:00" level=info msg="Tool required for debug" tool="esp32:mklittlefs@3.0.0-gnu12-dc7f933"
time="2025-08-26T11:16:48-07:00" level=info msg="Tool required for debug" tool="esp32:mkspiffs@0.2.3"
time="2025-08-26T11:16:48-07:00" level=info msg="Tool required for debug" tool="esp32:openocd-esp32@v0.12.0-esp32-20250422"
2025-08-26 11:16:48 2025-08-26T18:16:48.745Z daemon INFO time="2025-08-26T11:16:48-07:00" level=info msg="Tool required for debug" tool="esp32:esp-x32@2411"
time="2025-08-26T11:16:48-07:00" level=info msg="Tool required for debug" tool="esp32:esp32-arduino-libs@idf-release_v5.5-b66b5448-v1"
time="2025-08-26T11:16:48-07:00" level=info msg="Tool required for debug" tool="esp32:esptool_py@5.0.0"
time="2025-08-26T11:16:48-07:00" level=info msg="Tool required for debug" tool="esp32:mklittlefs@3.0.0-gnu12-dc7f933"
time="2025-08-26T11:16:48-07:00" level=info msg="Tool required for debug" tool="esp32:mkspiffs@0.2.3"
time="2025-08-26T11:16:48-07:00" level=info msg="Tool required for debug" tool="esp32:openocd-esp32@v0.12.0-esp32-20250422"
time="2025-08-26T11:16:48-07:00" level=info msg="Tool required for debug" tool="esp32:riscv32-esp-elf-gdb@16.2_20250324"
time="2025-08-26T11:16:48-07:00" level=info msg="Tool required for debug" tool="esp32:xtensa-esp-elf-gdb@16.2_20250324"
time="2025-08-26T11:16:48-07:00" level=info msg="Tool required for debug" tool="builtin:dfu-discovery@0.1.2"
2025-08-26 11:16:48 2025-08-26T18:16:48.745Z daemon INFO time="2025-08-26T11:16:48-07:00" level=info msg="Tool required for debug" tool="esp32:riscv32-esp-elf-gdb@16.2_20250324"
time="2025-08-26T11:16:48-07:00" level=info msg="Tool required for debug" tool="esp32:xtensa-esp-elf-gdb@16.2_20250324"
time="2025-08-26T11:16:48-07:00" level=info msg="Tool required for debug" tool="arduino:bossac@1.9.1-arduino5"
2025-08-26 11:16:48 2025-08-26T18:16:48.746Z daemon INFO time="2025-08-26T11:16:48-07:00" level=info msg="Tool required for debug" tool="arduino:avr-gcc@7.3.0-atmel3.6.1-arduino7"
time="2025-08-26T11:16:48-07:00" level=info msg="Tool required for debug" tool="builtin:ctags@5.8-arduino11"
time="2025-08-26T11:16:48-07:00" level=info msg="Tool required for debug" tool="arduino:avrdude@6.3.0-arduino17"
2025-08-26 11:16:48 2025-08-26T18:16:48.746Z daemon INFO time="2025-08-26T11:16:48-07:00" level=info msg="Tool required for debug" tool="builtin:ctags@5.8-arduino11"
2025-08-26 11:16:48 2025-08-26T18:16:48.746Z daemon INFO time="2025-08-26T11:16:48-07:00" level=info msg="Tool required for debug" tool="builtin:serial-discovery@1.4.1"
time="2025-08-26T11:16:48-07:00" level=info msg="Tool required for debug" tool="arduino:arduinoOTA@1.3.0"
2025-08-26 11:16:48 2025-08-26T18:16:48.746Z daemon INFO time="2025-08-26T11:16:48-07:00" level=info msg="Tool required for debug" tool="arduino:arm-none-eabi-gcc@7-2017q4"
time="2025-08-26T11:16:48-07:00" level=info msg="Tool required for debug" tool="builtin:serial-discovery@1.4.1"
2025-08-26 11:16:48 2025-08-26T18:16:48.746Z daemon INFO time="2025-08-26T11:16:48-07:00" level=info msg="Tool required for debug" tool="builtin:serial-monitor@0.15.0"
2025-08-26 11:16:48 2025-08-26T18:16:48.746Z daemon INFO time="2025-08-26T11:16:48-07:00" level=info msg="Tool required for debug" tool="arduino:arduinoOTA@1.3.0"
time="2025-08-26T11:16:48-07:00" level=info msg="Tool required for debug" tool="arduino:bossac@1.9.1-arduino5"
time="2025-08-26T11:16:48-07:00" level=info msg="Tool required for debug" tool="builtin:serial-monitor@0.15.0"
2025-08-26 11:16:48 2025-08-26T18:16:48.746Z daemon INFO time="2025-08-26T11:16:48-07:00" level=info msg="Tool required for debug" tool="builtin:mdns-discovery@1.0.9"
2025-08-26 11:16:48 2025-08-26T18:16:48.746Z daemon INFO time="2025-08-26T11:16:48-07:00" level=info msg="Tool required for debug" tool="arduino:arm-none-eabi-gcc@7-2017q4"
time="2025-08-26T11:16:48-07:00" level=info msg="Tool required for debug" tool="builtin:mdns-discovery@1.0.9"
2025-08-26 11:16:48 2025-08-26T18:16:48.746Z daemon INFO time="2025-08-26T11:16:48-07:00" level=info msg="Tool required for debug" tool="builtin:dfu-discovery@0.1.2"
2025-08-26 11:16:48 2025-08-26T18:16:48.746Z daemon INFO time="2025-08-26T11:16:48-07:00" level=info msg="Tool required for debug" tool="arduino:avr-gcc@7.3.0-atmel3.6.1-arduino7"
time="2025-08-26T11:16:48-07:00" level=info msg="Tool required for debug" tool="arduino:openocd@0.11.0-arduino2"
2025-08-26 11:16:48 2025-08-26T18:16:48.746Z daemon INFO time="2025-08-26T11:16:48-07:00" level=info msg="Tool required for debug" tool="arduino:avrdude@6.3.0-arduino17"
2025-08-26 11:16:48 2025-08-26T18:16:48.746Z daemon INFO time="2025-08-26T11:16:48-07:00" level=info msg="Tool required for debug" tool="arduino:openocd@0.11.0-arduino2"
2025-08-26 11:16:48 2025-08-26T18:16:48.749Z daemon INFO time="2025-08-26T11:16:48-07:00" level=info msg="Tool required for debug" tool="arduino:dfu-util@0.11.0-arduino5"
time="2025-08-26T11:16:48-07:00" level=info msg="Tool required for debug" tool="esp32:esp-rv32@2411"
time="2025-08-26T11:16:48-07:00" level=info msg="Tool required for debug" tool="esp32:esp-x32@2411"
time="2025-08-26T11:16:48-07:00" level=info msg="Tool required for debug" tool="esp32:esp32-arduino-libs@idf-release_v5.5-b66b5448-v1"
time="2025-08-26T11:16:48-07:00" level=info msg="Tool required for debug" tool="esp32:esptool_py@5.0.0"
time="2025-08-26T11:16:48-07:00" level=info msg="Tool required for debug" tool="esp32:mklittlefs@3.0.0-gnu12-dc7f933"
time="2025-08-26T11:16:48-07:00" level=info msg="Tool required for debug" tool="esp32:mkspiffs@0.2.3"
time="2025-08-26T11:16:48-07:00" level=info msg="Tool required for debug" tool="esp32:openocd-esp32@v0.12.0-esp32-20250422"
time="2025-08-26T11:16:48-07:00" level=info msg="Tool required for debug" tool="esp32:riscv32-esp-elf-gdb@16.2_20250324"
time="2025-08-26T11:16:48-07:00" level=info msg="Tool required for debug" tool="esp32:xtensa-esp-elf-gdb@16.2_20250324"
time="2025-08-26T11:16:48-07:00" level=info msg="Tool required for debug" tool="arduino:avr-gcc@7.3.0-atmel3.6.1-arduino7"
time="2025-08-26T11:16:48-07:00" level=info msg="Tool required for debug" tool="arduino:arduinoOTA@1.3.0"
time="2025-08-26T11:16:48-07:00" level=info msg="Tool required for debug" tool="builtin:ctags@5.8-arduino11"
time="2025-08-26T11:16:48-07:00" level=info msg="Tool required for debug" tool="builtin:dfu-discovery@0.1.2"
time="2025-08-26T11:16:48-07:00" level=info msg="Tool required for debug" tool="builtin:serial-discovery@1.4.1"
time="2025-08-26T11:16:48-07:00" level=info msg="Tool required for debug" tool="arduino:arm-none-eabi-gcc@7-2017q4"
time="2025-08-26T11:16:48-07:00" level=info msg="Tool required for debug" tool="builtin:serial-monitor@0.15.0"
time="2025-08-26T11:16:48-07:00" level=info msg="Tool required for debug" tool="arduino:avrdude@6.3.0-arduino17"
time="2025-08-26T11:16:48-07:00" level=info msg="Tool required for debug" tool="arduino:openocd@0.11.0-arduino2"
time="2025-08-26T11:16:48-07:00" level=info msg="Tool required for debug" tool="arduino:bossac@1.9.1-arduino5"
time="2025-08-26T11:16:48-07:00" level=info msg="Tool required for debug" tool="builtin:mdns-discovery@1.0.9"
2025-08-26 11:16:48 2025-08-26T18:16:48.753Z daemon INFO time="2025-08-26T11:16:48-07:00" level=info msg="Tool required for debug" tool="arduino:dfu-util@0.11.0-arduino5"
time="2025-08-26T11:16:48-07:00" level=info msg="Tool required for debug" tool="esp32:esp-rv32@2411"
time="2025-08-26T11:16:48-07:00" level=info msg="Tool required for debug" tool="esp32:esp-x32@2411"
time="2025-08-26T11:16:48-07:00" level=info msg="Tool required for debug" tool="esp32:esp32-arduino-libs@idf-release_v5.5-b66b5448-v1"
2025-08-26 11:16:48 2025-08-26T18:16:48.753Z daemon INFO time="2025-08-26T11:16:48-07:00" level=info msg="Tool required for debug" tool="esp32:esptool_py@5.0.0"
time="2025-08-26T11:16:48-07:00" level=info msg="Tool required for debug" tool="esp32:mklittlefs@3.0.0-gnu12-dc7f933"
time="2025-08-26T11:16:48-07:00" level=info msg="Tool required for debug" tool="esp32:mkspiffs@0.2.3"
time="2025-08-26T11:16:48-07:00" level=info msg="Tool required for debug" tool="esp32:openocd-esp32@v0.12.0-esp32-20250422"
time="2025-08-26T11:16:48-07:00" level=info msg="Tool required for debug" tool="esp32:riscv32-esp-elf-gdb@16.2_20250324"
time="2025-08-26T11:16:48-07:00" level=info msg="Tool required for debug" tool="esp32:xtensa-esp-elf-gdb@16.2_20250324"
time="2025-08-26T11:16:48-07:00" level=info msg="Tool required for debug" tool="builtin:serial-discovery@1.4.1"
time="2025-08-26T11:16:48-07:00" level=info msg="Tool required for debug" tool="arduino:openocd@0.11.0-arduino2"
2025-08-26 11:16:48 2025-08-26T18:16:48.753Z daemon INFO time="2025-08-26T11:16:48-07:00" level=info msg="Tool required for debug" tool="arduino:avr-gcc@7.3.0-atmel3.6.1-arduino7"
time="2025-08-26T11:16:48-07:00" level=info msg="Tool required for debug" tool="builtin:ctags@5.8-arduino11"
time="2025-08-26T11:16:48-07:00" level=info msg="Tool required for debug" tool="builtin:dfu-discovery@0.1.2"
2025-08-26 11:16:48 2025-08-26T18:16:48.754Z daemon INFO time="2025-08-26T11:16:48-07:00" level=info msg="Tool required for debug" tool="builtin:mdns-discovery@1.0.9"
time="2025-08-26T11:16:48-07:00" level=info msg="Tool required for debug" tool="builtin:serial-monitor@0.15.0"
2025-08-26 11:16:48 2025-08-26T18:16:48.754Z daemon INFO time="2025-08-26T11:16:48-07:00" level=info msg="Tool required for debug" tool="arduino:arduinoOTA@1.3.0"
time="2025-08-26T11:16:48-07:00" level=info msg="Tool required for debug" tool="arduino:avrdude@6.3.0-arduino17"
time="2025-08-26T11:16:48-07:00" level=info msg="Tool required for debug" tool="arduino:arm-none-eabi-gcc@7-2017q4"
2025-08-26 11:16:48 2025-08-26T18:16:48.754Z daemon INFO time="2025-08-26T11:16:48-07:00" level=info msg="Tool required for debug" tool="arduino:bossac@1.9.1-arduino5"
2025-08-26 11:16:48 2025-08-26T18:16:48.756Z daemon INFO time="2025-08-26T11:16:48-07:00" level=info msg="Tool required for debug" tool="arduino:dfu-util@0.11.0-arduino5"
time="2025-08-26T11:16:48-07:00" level=info msg="Tool required for debug" tool="esp32:esp-rv32@2411"
2025-08-26 11:16:48 2025-08-26T18:16:48.756Z daemon INFO time="2025-08-26T11:16:48-07:00" level=info msg="Tool required for debug" tool="esp32:esp-x32@2411"
time="2025-08-26T11:16:48-07:00" level=info msg="Tool required for debug" tool="esp32:esp32-arduino-libs@idf-release_v5.5-b66b5448-v1"
time="2025-08-26T11:16:48-07:00" level=info msg="Tool required for debug" tool="esp32:esptool_py@5.0.0"
time="2025-08-26T11:16:48-07:00" level=info msg="Tool required for debug" tool="esp32:mklittlefs@3.0.0-gnu12-dc7f933"
time="2025-08-26T11:16:48-07:00" level=info msg="Tool required for debug" tool="esp32:mkspiffs@0.2.3"
time="2025-08-26T11:16:48-07:00" level=info msg="Tool required for debug" tool="esp32:openocd-esp32@v0.12.0-esp32-20250422"
2025-08-26 11:16:48 2025-08-26T18:16:48.756Z daemon INFO time="2025-08-26T11:16:48-07:00" level=info msg="Tool required for debug" tool="esp32:riscv32-esp-elf-gdb@16.2_20250324"
time="2025-08-26T11:16:48-07:00" level=info msg="Tool required for debug" tool="esp32:xtensa-esp-elf-gdb@16.2_20250324"
time="2025-08-26T11:16:48-07:00" level=info msg="Tool required for debug" tool="builtin:mdns-discovery@1.0.9"
2025-08-26 11:16:48 2025-08-26T18:16:48.756Z daemon INFO time="2025-08-26T11:16:48-07:00" level=info msg="Tool required for debug" tool="builtin:serial-discovery@1.4.1"
time="2025-08-26T11:16:48-07:00" level=info msg="Tool required for debug" tool="builtin:ctags@5.8-arduino11"
time="2025-08-26T11:16:48-07:00" level=info msg="Tool required for debug" tool="arduino:bossac@1.9.1-arduino5"
time="2025-08-26T11:16:48-07:00" level=info msg="Tool required for debug" tool="arduino:arm-none-eabi-gcc@7-2017q4"
2025-08-26 11:16:48 2025-08-26T18:16:48.756Z daemon INFO time="2025-08-26T11:16:48-07:00" level=info msg="Tool required for debug" tool="arduino:avr-gcc@7.3.0-atmel3.6.1-arduino7"
time="2025-08-26T11:16:48-07:00" level=info msg="Tool required for debug" tool="arduino:arduinoOTA@1.3.0"
2025-08-26 11:16:48 2025-08-26T18:16:48.756Z daemon INFO time="2025-08-26T11:16:48-07:00" level=info msg="Tool required for debug" tool="arduino:openocd@0.11.0-arduino2"
time="2025-08-26T11:16:48-07:00" level=info msg="Tool required for debug" tool="builtin:dfu-discovery@0.1.2"
time="2025-08-26T11:16:48-07:00" level=info msg="Tool required for debug" tool="builtin:serial-monitor@0.15.0"
2025-08-26 11:16:48 2025-08-26T18:16:48.756Z daemon INFO time="2025-08-26T11:16:48-07:00" level=info msg="Tool required for debug" tool="arduino:avrdude@6.3.0-arduino17"
2025-08-26 11:16:48 2025-08-26T18:16:48.758Z daemon INFO time="2025-08-26T11:16:48-07:00" level=info msg="Tool required for debug" tool="arduino:dfu-util@0.11.0-arduino5"
time="2025-08-26T11:16:48-07:00" level=info msg="Tool required for debug" tool="esp32:esp-rv32@2411"
time="2025-08-26T11:16:48-07:00" level=info msg="Tool required for debug" tool="esp32:esp-x32@2411"
2025-08-26 11:16:48 2025-08-26T18:16:48.758Z daemon INFO time="2025-08-26T11:16:48-07:00" level=info msg="Tool required for debug" tool="esp32:esp32-arduino-libs@idf-release_v5.5-b66b5448-v1"
time="2025-08-26T11:16:48-07:00" level=info msg="Tool required for debug" tool="esp32:esptool_py@5.0.0"
time="2025-08-26T11:16:48-07:00" level=info msg="Tool required for debug" tool="esp32:mklittlefs@3.0.0-gnu12-dc7f933"
time="2025-08-26T11:16:48-07:00" level=info msg="Tool required for debug" tool="esp32:mkspiffs@0.2.3"
time="2025-08-26T11:16:48-07:00" level=info msg="Tool required for debug" tool="esp32:openocd-esp32@v0.12.0-esp32-20250422"
time="2025-08-26T11:16:48-07:00" level=info msg="Tool required for debug" tool="esp32:riscv32-esp-elf-gdb@16.2_20250324"
2025-08-26 11:16:48 2025-08-26T18:16:48.758Z daemon INFO time="2025-08-26T11:16:48-07:00" level=info msg="Tool required for debug" tool="esp32:xtensa-esp-elf-gdb@16.2_20250324"
time="2025-08-26T11:16:48-07:00" level=info msg="Tool required for debug" tool="builtin:mdns-discovery@1.0.9"
time="2025-08-26T11:16:48-07:00" level=info msg="Tool required for debug" tool="builtin:serial-discovery@1.4.1"
2025-08-26 11:16:48 2025-08-26T18:16:48.758Z daemon INFO time="2025-08-26T11:16:48-07:00" level=info msg="Tool required for debug" tool="arduino:bossac@1.9.1-arduino5"
time="2025-08-26T11:16:48-07:00" level=info msg="Tool required for debug" tool="builtin:ctags@5.8-arduino11"
2025-08-26 11:16:48 2025-08-26T18:16:48.758Z daemon INFO time="2025-08-26T11:16:48-07:00" level=info msg="Tool required for debug" tool="builtin:serial-monitor@0.15.0"
time="2025-08-26T11:16:48-07:00" level=info msg="Tool required for debug" tool="builtin:dfu-discovery@0.1.2"
2025-08-26 11:16:48 2025-08-26T18:16:48.758Z daemon INFO time="2025-08-26T11:16:48-07:00" level=info msg="Tool required for debug" tool="arduino:avrdude@6.3.0-arduino17"
time="2025-08-26T11:16:48-07:00" level=info msg="Tool required for debug" tool="arduino:avr-gcc@7.3.0-atmel3.6.1-arduino7"
time="2025-08-26T11:16:48-07:00" level=info msg="Tool required for debug" tool="arduino:arduinoOTA@1.3.0"
2025-08-26 11:16:48 2025-08-26T18:16:48.758Z daemon INFO time="2025-08-26T11:16:48-07:00" level=info msg="Tool required for debug" tool="arduino:openocd@0.11.0-arduino2"
time="2025-08-26T11:16:48-07:00" level=info msg="Tool required for debug" tool="arduino:arm-none-eabi-gcc@7-2017q4"
2025-08-26 11:16:48 2025-08-26T18:16:48.761Z daemon INFO time="2025-08-26T11:16:48-07:00" level=info msg="Tool required for debug" tool="arduino:dfu-util@0.11.0-arduino5"
time="2025-08-26T11:16:48-07:00" level=info msg="Tool required for debug" tool="esp32:esp-rv32@2411"
time="2025-08-26T11:16:48-07:00" level=info msg="Tool required for debug" tool="esp32:esp-x32@2411"
time="2025-08-26T11:16:48-07:00" level=info msg="Tool required for debug" tool="esp32:esp32-arduino-libs@idf-release_v5.5-b66b5448-v1"
time="2025-08-26T11:16:48-07:00" level=info msg="Tool required for debug" tool="esp32:esptool_py@5.0.0"
2025-08-26 11:16:48 2025-08-26T18:16:48.761Z daemon INFO time="2025-08-26T11:16:48-07:00" level=info msg="Tool required for debug" tool="esp32:mklittlefs@3.0.0-gnu12-dc7f933"
time="2025-08-26T11:16:48-07:00" level=info msg="Tool required for debug" tool="esp32:mkspiffs@0.2.3"
time="2025-08-26T11:16:48-07:00" level=info msg="Tool required for debug" tool="esp32:openocd-esp32@v0.12.0-esp32-20250422"
time="2025-08-26T11:16:48-07:00" level=info msg="Tool required for debug" tool="esp32:riscv32-esp-elf-gdb@16.2_20250324"
time="2025-08-26T11:16:48-07:00" level=info msg="Tool required for debug" tool="esp32:xtensa-esp-elf-gdb@16.2_20250324"
time="2025-08-26T11:16:48-07:00" level=info msg="Tool required for debug" tool="builtin:serial-discovery@1.4.1"
2025-08-26 11:16:48 2025-08-26T18:16:48.761Z daemon INFO time="2025-08-26T11:16:48-07:00" level=info msg="Tool required for debug" tool="builtin:mdns-discovery@1.0.9"
time="2025-08-26T11:16:48-07:00" level=info msg="Tool required for debug" tool="arduino:arduinoOTA@1.3.0"
time="2025-08-26T11:16:48-07:00" level=info msg="Tool required for debug" tool="builtin:ctags@5.8-arduino11"
2025-08-26 11:16:48 2025-08-26T18:16:48.761Z daemon INFO time="2025-08-26T11:16:48-07:00" level=info msg="Tool required for debug" tool="arduino:avrdude@6.3.0-arduino17"
time="2025-08-26T11:16:48-07:00" level=info msg="Tool required for debug" tool="arduino:openocd@0.11.0-arduino2"
time="2025-08-26T11:16:48-07:00" level=info msg="Tool required for debug" tool="arduino:avr-gcc@7.3.0-atmel3.6.1-arduino7"
2025-08-26 11:16:48 2025-08-26T18:16:48.761Z daemon INFO time="2025-08-26T11:16:48-07:00" level=info msg="Tool required for debug" tool="builtin:dfu-discovery@0.1.2"
time="2025-08-26T11:16:48-07:00" level=info msg="Tool required for debug" tool="arduino:arm-none-eabi-gcc@7-2017q4"
time="2025-08-26T11:16:48-07:00" level=info msg="Tool required for debug" tool="arduino:bossac@1.9.1-arduino5"
time="2025-08-26T11:16:48-07:00" level=info msg="Tool required for debug" tool="builtin:serial-monitor@0.15.0"
2025-08-26 11:16:48 2025-08-26T18:16:48.765Z daemon INFO time="2025-08-26T11:16:48-07:00" level=info msg="Tool required for debug" tool="arduino:dfu-util@0.11.0-arduino5"
time="2025-08-26T11:16:48-07:00" level=info msg="Tool required for debug" tool="esp32:esp-rv32@2411"
time="2025-08-26T11:16:48-07:00" level=info msg="Tool required for debug" tool="esp32:esp-x32@2411"
2025-08-26 11:16:48 2025-08-26T18:16:48.765Z daemon INFO time="2025-08-26T11:16:48-07:00" level=info msg="Tool required for debug" tool="esp32:esp32-arduino-libs@idf-release_v5.5-b66b5448-v1"
time="2025-08-26T11:16:48-07:00" level=info msg="Tool required for debug" tool="esp32:esptool_py@5.0.0"
time="2025-08-26T11:16:48-07:00" level=info msg="Tool required for debug" tool="esp32:mklittlefs@3.0.0-gnu12-dc7f933"
time="2025-08-26T11:16:48-07:00" level=info msg="Tool required for debug" tool="esp32:mkspiffs@0.2.3"
time="2025-08-26T11:16:48-07:00" level=info msg="Tool required for debug" tool="esp32:openocd-esp32@v0.12.0-esp32-20250422"
time="2025-08-26T11:16:48-07:00" level=info msg="Tool required for debug" tool="esp32:riscv32-esp-elf-gdb@16.2_20250324"
time="2025-08-26T11:16:48-07:00" level=info msg="Tool required for debug" tool="esp32:xtensa-esp-elf-gdb@16.2_20250324"
time="2025-08-26T11:16:48-07:00" level=info msg="Tool required for debug" tool="builtin:ctags@5.8-arduino11"
2025-08-26 11:16:48 2025-08-26T18:16:48.766Z daemon INFO time="2025-08-26T11:16:48-07:00" level=info msg="Tool required for debug" tool="arduino:avr-gcc@7.3.0-atmel3.6.1-arduino7"
time="2025-08-26T11:16:48-07:00" level=info msg="Tool required for debug" tool="arduino:avrdude@6.3.0-arduino17"
time="2025-08-26T11:16:48-07:00" level=info msg="Tool required for debug" tool="arduino:arduinoOTA@1.3.0"
time="2025-08-26T11:16:48-07:00" level=info msg="Tool required for debug" tool="builtin:dfu-discovery@0.1.2"
2025-08-26 11:16:48 2025-08-26T18:16:48.766Z daemon INFO time="2025-08-26T11:16:48-07:00" level=info msg="Tool required for debug" tool="arduino:openocd@0.11.0-arduino2"
time="2025-08-26T11:16:48-07:00" level=info msg="Tool required for debug" tool="arduino:arm-none-eabi-gcc@7-2017q4"
time="2025-08-26T11:16:48-07:00" level=info msg="Tool required for debug" tool="builtin:serial-discovery@1.4.1"
2025-08-26 11:16:48 2025-08-26T18:16:48.766Z daemon INFO time="2025-08-26T11:16:48-07:00" level=info msg="Tool required for debug" tool="builtin:serial-monitor@0.15.0"
time="2025-08-26T11:16:48-07:00" level=info msg="Tool required for debug" tool="builtin:mdns-discovery@1.0.9"
2025-08-26 11:16:48 2025-08-26T18:16:48.766Z daemon INFO time="2025-08-26T11:16:48-07:00" level=info msg="Tool required for debug" tool="arduino:bossac@1.9.1-arduino5"
2025-08-26 11:16:48 2025-08-26T18:16:48.767Z daemon INFO time="2025-08-26T11:16:48-07:00" level=info msg="Tool required for debug" tool="arduino:dfu-util@0.11.0-arduino5"
time="2025-08-26T11:16:48-07:00" level=info msg="Tool required for debug" tool="esp32:esp-rv32@2411"
time="2025-08-26T11:16:48-07:00" level=info msg="Tool required for debug" tool="esp32:esp-x32@2411"
time="2025-08-26T11:16:48-07:00" level=info msg="Tool required for debug" tool="esp32:esp32-arduino-libs@idf-release_v5.5-b66b5448-v1"
2025-08-26 11:16:48 2025-08-26T18:16:48.767Z daemon INFO time="2025-08-26T11:16:48-07:00" level=info msg="Tool required for debug" tool="esp32:esptool_py@5.0.0"
time="2025-08-26T11:16:48-07:00" level=info msg="Tool required for debug" tool="esp32:mklittlefs@3.0.0-gnu12-dc7f933"
time="2025-08-26T11:16:48-07:00" level=info msg="Tool required for debug" tool="esp32:mkspiffs@0.2.3"
time="2025-08-26T11:16:48-07:00" level=info msg="Tool required for debug" tool="esp32:openocd-esp32@v0.12.0-esp32-20250422"
time="2025-08-26T11:16:48-07:00" level=info msg="Tool required for debug" tool="esp32:riscv32-esp-elf-gdb@16.2_20250324"
time="2025-08-26T11:16:48-07:00" level=info msg="Tool required for debug" tool="esp32:xtensa-esp-elf-gdb@16.2_20250324"
2025-08-26 11:16:48 2025-08-26T18:16:48.768Z daemon INFO time="2025-08-26T11:16:48-07:00" level=info msg="Tool required for debug" tool="builtin:mdns-discovery@1.0.9"
time="2025-08-26T11:16:48-07:00" level=info msg="Tool required for debug" tool="builtin:serial-monitor@0.15.0"
2025-08-26 11:16:48 2025-08-26T18:16:48.768Z daemon INFO time="2025-08-26T11:16:48-07:00" level=info msg="Tool required for debug" tool="builtin:ctags@5.8-arduino11"
time="2025-08-26T11:16:48-07:00" level=info msg="Tool required for debug" tool="arduino:openocd@0.11.0-arduino2"
2025-08-26 11:16:48 2025-08-26T18:16:48.768Z daemon INFO time="2025-08-26T11:16:48-07:00" level=info msg="Tool required for debug" tool="builtin:serial-discovery@1.4.1"
time="2025-08-26T11:16:48-07:00" level=info msg="Tool required for debug" tool="builtin:dfu-discovery@0.1.2"
2025-08-26 11:16:48 2025-08-26T18:16:48.768Z daemon INFO time="2025-08-26T11:16:48-07:00" level=info msg="Tool required for debug" tool="arduino:avr-gcc@7.3.0-atmel3.6.1-arduino7"
time="2025-08-26T11:16:48-07:00" level=info msg="Tool required for debug" tool="arduino:arduinoOTA@1.3.0"
2025-08-26 11:16:48 2025-08-26T18:16:48.768Z daemon INFO time="2025-08-26T11:16:48-07:00" level=info msg="Tool required for debug" tool="arduino:bossac@1.9.1-arduino5"
time="2025-08-26T11:16:48-07:00" level=info msg="Tool required for debug" tool="arduino:avrdude@6.3.0-arduino17"
time="2025-08-26T11:16:48-07:00" level=info msg="Tool required for debug" tool="arduino:arm-none-eabi-gcc@7-2017q4"
2025-08-26 11:16:48 2025-08-26T18:16:48.768Z daemon INFO time="2025-08-26T11:16:48-07:00" level=info msg="Tool required for debug" tool="arduino:dfu-util@0.11.0-arduino5"
time="2025-08-26T11:16:48-07:00" level=info msg="Tool required for debug" tool="esp32:esp-rv32@2411"
2025-08-26 11:16:48 2025-08-26T18:16:48.768Z daemon INFO time="2025-08-26T11:16:48-07:00" level=info msg="Tool required for debug" tool="esp32:esp-x32@2411"
time="2025-08-26T11:16:48-07:00" level=info msg="Tool required for debug" tool="esp32:esp32-arduino-libs@idf-release_v5.5-b66b5448-v1"
time="2025-08-26T11:16:48-07:00" level=info msg="Tool required for debug" tool="esp32:esptool_py@5.0.0"
time="2025-08-26T11:16:48-07:00" level=info msg="Tool required for debug" tool="esp32:mklittlefs@3.0.0-gnu12-dc7f933"
2025-08-26 11:16:48 2025-08-26T18:16:48.768Z daemon INFO time="2025-08-26T11:16:48-07:00" level=info msg="Tool required for debug" tool="esp32:mkspiffs@0.2.3"
time="2025-08-26T11:16:48-07:00" level=info msg="Tool required for debug" tool="esp32:openocd-esp32@v0.12.0-esp32-20250422"
time="2025-08-26T11:16:48-07:00" level=info msg="Tool required for debug" tool="esp32:riscv32-esp-elf-gdb@16.2_20250324"
time="2025-08-26T11:16:48-07:00" level=info msg="Tool required for debug" tool="esp32:xtensa-esp-elf-gdb@16.2_20250324"
2025-08-26 11:16:48 2025-08-26T18:16:48.768Z daemon INFO time="2025-08-26T11:16:48-07:00" level=info msg="Tool required for debug" tool="arduino:avrdude@6.3.0-arduino17"
time="2025-08-26T11:16:48-07:00" level=info msg="Tool required for debug" tool="builtin:dfu-discovery@0.1.2"
time="2025-08-26T11:16:48-07:00" level=info msg="Tool required for debug" tool="builtin:mdns-discovery@1.0.9"
2025-08-26 11:16:48 2025-08-26T18:16:48.769Z daemon INFO time="2025-08-26T11:16:48-07:00" level=info msg="Tool required for debug" tool="arduino:openocd@0.11.0-arduino2"
time="2025-08-26T11:16:48-07:00" level=info msg="Tool required for debug" tool="arduino:arm-none-eabi-gcc@7-2017q4"
2025-08-26 11:16:48 2025-08-26T18:16:48.769Z daemon INFO time="2025-08-26T11:16:48-07:00" level=info msg="Tool required for debug" tool="arduino:arduinoOTA@1.3.0"
time="2025-08-26T11:16:48-07:00" level=info msg="Tool required for debug" tool="arduino:avr-gcc@7.3.0-atmel3.6.1-arduino7"
time="2025-08-26T11:16:48-07:00" level=info msg="Tool required for debug" tool="arduino:bossac@1.9.1-arduino5"
time="2025-08-26T11:16:48-07:00" level=info msg="Tool required for debug" tool="builtin:serial-discovery@1.4.1"
2025-08-26 11:16:48 2025-08-26T18:16:48.769Z daemon INFO time="2025-08-26T11:16:48-07:00" level=info msg="Tool required for debug" tool="builtin:serial-monitor@0.15.0"
time="2025-08-26T11:16:48-07:00" level=info msg="Tool required for debug" tool="builtin:ctags@5.8-arduino11"
2025-08-26 11:16:48 2025-08-26T18:16:48.774Z daemon INFO time="2025-08-26T11:16:48-07:00" level=info msg="Tool required for debug" tool="arduino:dfu-util@0.11.0-arduino5"
time="2025-08-26T11:16:48-07:00" level=info msg="Tool required for debug" tool="esp32:esp-rv32@2411"
time="2025-08-26T11:16:48-07:00" level=info msg="Tool required for debug" tool="esp32:esp-x32@2411"
time="2025-08-26T11:16:48-07:00" level=info msg="Tool required for debug" tool="esp32:esp32-arduino-libs@idf-release_v5.5-b66b5448-v1"
time="2025-08-26T11:16:48-07:00" level=info msg="Tool required for debug" tool="esp32:esptool_py@5.0.0"
time="2025-08-26T11:16:48-07:00" level=info msg="Tool required for debug" tool="esp32:mklittlefs@3.0.0-gnu12-dc7f933"
2025-08-26 11:16:48 2025-08-26T18:16:48.774Z daemon INFO time="2025-08-26T11:16:48-07:00" level=info msg="Tool required for debug" tool="esp32:mkspiffs@0.2.3"
time="2025-08-26T11:16:48-07:00" level=info msg="Tool required for debug" tool="esp32:openocd-esp32@v0.12.0-esp32-20250422"
time="2025-08-26T11:16:48-07:00" level=info msg="Tool required for debug" tool="esp32:riscv32-esp-elf-gdb@16.2_20250324"
time="2025-08-26T11:16:48-07:00" level=info msg="Tool required for debug" tool="esp32:xtensa-esp-elf-gdb@16.2_20250324"
time="2025-08-26T11:16:48-07:00" level=info msg="Tool required for debug" tool="arduino:avrdude@6.3.0-arduino17"
time="2025-08-26T11:16:48-07:00" level=info msg="Tool required for debug" tool="arduino:openocd@0.11.0-arduino2"
time="2025-08-26T11:16:48-07:00" level=info msg="Tool required for debug" tool="builtin:serial-discovery@1.4.1"
time="2025-08-26T11:16:48-07:00" level=info msg="Tool required for debug" tool="builtin:serial-monitor@0.15.0"
time="2025-08-26T11:16:48-07:00" level=info msg="Tool required for debug" tool="arduino:arm-none-eabi-gcc@7-2017q4"
time="2025-08-26T11:16:48-07:00" level=info msg="Tool required for debug" tool="arduino:bossac@1.9.1-arduino5"
time="2025-08-26T11:16:48-07:00" level=info msg="Tool required for debug" tool="builtin:ctags@5.8-arduino11"
time="2025-08-26T11:16:48-07:00" level=info msg="Tool required for debug" tool="arduino:avr-gcc@7.3.0-atmel3.6.1-arduino7"
time="2025-08-26T11:16:48-07:00" level=info msg="Tool required for debug" tool="arduino:arduinoOTA@1.3.0"
time="2025-08-26T11:16:48-07:00" level=info msg="Tool required for debug" tool="builtin:dfu-discovery@0.1.2"
2025-08-26 11:16:48 2025-08-26T18:16:48.774Z daemon INFO time="2025-08-26T11:16:48-07:00" level=info msg="Tool required for debug" tool="builtin:mdns-discovery@1.0.9"
2025-08-26 11:16:48 2025-08-26T18:16:48.775Z daemon INFO time="2025-08-26T11:16:48-07:00" level=info msg="Tool required for debug" tool="arduino:dfu-util@0.11.0-arduino5"
time="2025-08-26T11:16:48-07:00" level=info msg="Tool required for debug" tool="esp32:esp-rv32@2411"
2025-08-26 11:16:48 2025-08-26T18:16:48.775Z daemon INFO time="2025-08-26T11:16:48-07:00" level=info msg="Tool required for debug" tool="esp32:esp-x32@2411"
time="2025-08-26T11:16:48-07:00" level=info msg="Tool required for debug" tool="esp32:esp32-arduino-libs@idf-release_v5.5-b66b5448-v1"
time="2025-08-26T11:16:48-07:00" level=info msg="Tool required for debug" tool="esp32:esptool_py@5.0.0"
time="2025-08-26T11:16:48-07:00" level=info msg="Tool required for debug" tool="esp32:mklittlefs@3.0.0-gnu12-dc7f933"
time="2025-08-26T11:16:48-07:00" level=info msg="Tool required for debug" tool="esp32:mkspiffs@0.2.3"
time="2025-08-26T11:16:48-07:00" level=info msg="Tool required for debug" tool="esp32:openocd-esp32@v0.12.0-esp32-20250422"
time="2025-08-26T11:16:48-07:00" level=info msg="Tool required for debug" tool="esp32:riscv32-esp-elf-gdb@16.2_20250324"
time="2025-08-26T11:16:48-07:00" level=info msg="Tool required for debug" tool="esp32:xtensa-esp-elf-gdb@16.2_20250324"
2025-08-26 11:16:48 2025-08-26T18:16:48.775Z daemon INFO time="2025-08-26T11:16:48-07:00" level=info msg="Tool required for debug" tool="arduino:arduinoOTA@1.3.0"
time="2025-08-26T11:16:48-07:00" level=info msg="Tool required for debug" tool="arduino:avrdude@6.3.0-arduino17"
time="2025-08-26T11:16:48-07:00" level=info msg="Tool required for debug" tool="builtin:serial-discovery@1.4.1"
time="2025-08-26T11:16:48-07:00" level=info msg="Tool required for debug" tool="builtin:ctags@5.8-arduino11"
time="2025-08-26T11:16:48-07:00" level=info msg="Tool required for debug" tool="arduino:arm-none-eabi-gcc@7-2017q4"
2025-08-26 11:16:48 2025-08-26T18:16:48.775Z daemon INFO time="2025-08-26T11:16:48-07:00" level=info msg="Tool required for debug" tool="arduino:bossac@1.9.1-arduino5"
time="2025-08-26T11:16:48-07:00" level=info msg="Tool required for debug" tool="arduino:openocd@0.11.0-arduino2"
time="2025-08-26T11:16:48-07:00" level=info msg="Tool required for debug" tool="builtin:dfu-discovery@0.1.2"
time="2025-08-26T11:16:48-07:00" level=info msg="Tool required for debug" tool="builtin:mdns-discovery@1.0.9"
time="2025-08-26T11:16:48-07:00" level=info msg="Tool required for debug" tool="arduino:avr-gcc@7.3.0-atmel3.6.1-arduino7"
time="2025-08-26T11:16:48-07:00" level=info msg="Tool required for debug" tool="builtin:serial-monitor@0.15.0"
2025-08-26 11:16:48 2025-08-26T18:16:48.777Z daemon INFO time="2025-08-26T11:16:48-07:00" level=info msg="Tool required for debug" tool="arduino:dfu-util@0.11.0-arduino5"
time="2025-08-26T11:16:48-07:00" level=info msg="Tool required for debug" tool="esp32:esp-rv32@2411"
2025-08-26 11:16:48 2025-08-26T18:16:48.777Z daemon INFO time="2025-08-26T11:16:48-07:00" level=info msg="Tool required for debug" tool="esp32:esp-x32@2411"
time="2025-08-26T11:16:48-07:00" level=info msg="Tool required for debug" tool="esp32:esp32-arduino-libs@idf-release_v5.5-b66b5448-v1"
time="2025-08-26T11:16:48-07:00" level=info msg="Tool required for debug" tool="esp32:esptool_py@5.0.0"
time="2025-08-26T11:16:48-07:00" level=info msg="Tool required for debug" tool="esp32:mklittlefs@3.0.0-gnu12-dc7f933"
2025-08-26 11:16:48 2025-08-26T18:16:48.778Z daemon INFO time="2025-08-26T11:16:48-07:00" level=info msg="Tool required for debug" tool="esp32:mkspiffs@0.2.3"
time="2025-08-26T11:16:48-07:00" level=info msg="Tool required for debug" tool="esp32:openocd-esp32@v0.12.0-esp32-20250422"
time="2025-08-26T11:16:48-07:00" level=info msg="Tool required for debug" tool="esp32:riscv32-esp-elf-gdb@16.2_20250324"
2025-08-26 11:16:48 2025-08-26T18:16:48.778Z daemon INFO time="2025-08-26T11:16:48-07:00" level=info msg="Tool required for debug" tool="esp32:xtensa-esp-elf-gdb@16.2_20250324"
time="2025-08-26T11:16:48-07:00" level=info msg="Tool required for debug" tool="builtin:serial-monitor@0.15.0"
time="2025-08-26T11:16:48-07:00" level=info msg="Tool required for debug" tool="arduino:openocd@0.11.0-arduino2"
2025-08-26 11:16:48 2025-08-26T18:16:48.778Z daemon INFO time="2025-08-26T11:16:48-07:00" level=info msg="Tool required for debug" tool="arduino:avrdude@6.3.0-arduino17"
time="2025-08-26T11:16:48-07:00" level=info msg="Tool required for debug" tool="arduino:arduinoOTA@1.3.0"
time="2025-08-26T11:16:48-07:00" level=info msg="Tool required for debug" tool="builtin:mdns-discovery@1.0.9"
2025-08-26 11:16:48 2025-08-26T18:16:48.778Z daemon INFO time="2025-08-26T11:16:48-07:00" level=info msg="Tool required for debug" tool="arduino:arm-none-eabi-gcc@7-2017q4"
time="2025-08-26T11:16:48-07:00" level=info msg="Tool required for debug" tool="arduino:bossac@1.9.1-arduino5"
2025-08-26 11:16:48 2025-08-26T18:16:48.778Z daemon INFO time="2025-08-26T11:16:48-07:00" level=info msg="Tool required for debug" tool="builtin:dfu-discovery@0.1.2"
time="2025-08-26T11:16:48-07:00" level=info msg="Tool required for debug" tool="builtin:ctags@5.8-arduino11"
2025-08-26 11:16:48 2025-08-26T18:16:48.778Z daemon INFO time="2025-08-26T11:16:48-07:00" level=info msg="Tool required for debug" tool="builtin:serial-discovery@1.4.1"
time="2025-08-26T11:16:48-07:00" level=info msg="Tool required for debug" tool="arduino:avr-gcc@7.3.0-atmel3.6.1-arduino7"
2025-08-26 11:16:48 2025-08-26T18:16:48.786Z daemon INFO time="2025-08-26T11:16:48-07:00" level=info msg="Tool required for debug" tool="arduino:dfu-util@0.11.0-arduino5"
time="2025-08-26T11:16:48-07:00" level=info msg="Tool required for debug" tool="esp32:esp-rv32@2411"
time="2025-08-26T11:16:48-07:00" level=info msg="Tool required for debug" tool="esp32:esp-x32@2411"
time="2025-08-26T11:16:48-07:00" level=info msg="Tool required for debug" tool="esp32:esp32-arduino-libs@idf-release_v5.5-b66b5448-v1"
time="2025-08-26T11:16:48-07:00" level=info msg="Tool required for debug" tool="esp32:esptool_py@5.0.0"
time="2025-08-26T11:16:48-07:00" level=info msg="Tool required for debug" tool="esp32:mklittlefs@3.0.0-gnu12-dc7f933"
2025-08-26 11:16:48 2025-08-26T18:16:48.786Z daemon INFO time="2025-08-26T11:16:48-07:00" level=info msg="Tool required for debug" tool="esp32:mkspiffs@0.2.3"
time="2025-08-26T11:16:48-07:00" level=info msg="Tool required for debug" tool="esp32:openocd-esp32@v0.12.0-esp32-20250422"
time="2025-08-26T11:16:48-07:00" level=info msg="Tool required for debug" tool="esp32:riscv32-esp-elf-gdb@16.2_20250324"
time="2025-08-26T11:16:48-07:00" level=info msg="Tool required for debug" tool="esp32:xtensa-esp-elf-gdb@16.2_20250324"
time="2025-08-26T11:16:48-07:00" level=info msg="Tool required for debug" tool="arduino:openocd@0.11.0-arduino2"
time="2025-08-26T11:16:48-07:00" level=info msg="Tool required for debug" tool="builtin:ctags@5.8-arduino11"
time="2025-08-26T11:16:48-07:00" level=info msg="Tool required for debug" tool="builtin:dfu-discovery@0.1.2"
time="2025-08-26T11:16:48-07:00" level=info msg="Tool required for debug" tool="builtin:serial-discovery@1.4.1"
time="2025-08-26T11:16:48-07:00" level=info msg="Tool required for debug" tool="arduino:avr-gcc@7.3.0-atmel3.6.1-arduino7"
time="2025-08-26T11:16:48-07:00" level=info msg="Tool required for debug" tool="arduino:arm-none-eabi-gcc@7-2017q4"
time="2025-08-26T11:16:48-07:00" level=info msg="Tool required for debug" tool="builtin:mdns-discovery@1.0.9"
time="2025-08-26T11:16:48-07:00" level=info msg="Tool required for debug" tool="arduino:arduinoOTA@1.3.0"
time="2025-08-26T11:16:48-07:00" level=info msg="Tool required for debug" tool="builtin:serial-monitor@0.15.0"
2025-08-26 11:16:48 2025-08-26T18:16:48.786Z daemon INFO time="2025-08-26T11:16:48-07:00" level=info msg="Tool required for debug" tool="arduino:bossac@1.9.1-arduino5"
time="2025-08-26T11:16:48-07:00" level=info msg="Tool required for debug" tool="arduino:avrdude@6.3.0-arduino17"
2025-08-26 11:16:48 2025-08-26T18:16:48.788Z daemon INFO time="2025-08-26T11:16:48-07:00" level=info msg="Tool required for debug" tool="arduino:dfu-util@0.11.0-arduino5"
time="2025-08-26T11:16:48-07:00" level=info msg="Tool required for debug" tool="esp32:esp-rv32@2411"
time="2025-08-26T11:16:48-07:00" level=info msg="Tool required for debug" tool="esp32:esp-x32@2411"
time="2025-08-26T11:16:48-07:00" level=info msg="Tool required for debug" tool="esp32:esp32-arduino-libs@idf-release_v5.5-b66b5448-v1"
2025-08-26 11:16:48 2025-08-26T18:16:48.788Z daemon INFO time="2025-08-26T11:16:48-07:00" level=info msg="Tool required for debug" tool="esp32:esptool_py@5.0.0"
time="2025-08-26T11:16:48-07:00" level=info msg="Tool required for debug" tool="esp32:mklittlefs@3.0.0-gnu12-dc7f933"
time="2025-08-26T11:16:48-07:00" level=info msg="Tool required for debug" tool="esp32:mkspiffs@0.2.3"
time="2025-08-26T11:16:48-07:00" level=info msg="Tool required for debug" tool="esp32:openocd-esp32@v0.12.0-esp32-20250422"
time="2025-08-26T11:16:48-07:00" level=info msg="Tool required for debug" tool="esp32:riscv32-esp-elf-gdb@16.2_20250324"
time="2025-08-26T11:16:48-07:00" level=info msg="Tool required for debug" tool="esp32:xtensa-esp-elf-gdb@16.2_20250324"
time="2025-08-26T11:16:48-07:00" level=info msg="Tool required for debug" tool="arduino:arduinoOTA@1.3.0"
2025-08-26 11:16:48 2025-08-26T18:16:48.788Z daemon INFO time="2025-08-26T11:16:48-07:00" level=info msg="Tool required for debug" tool="builtin:serial-monitor@0.15.0"
time="2025-08-26T11:16:48-07:00" level=info msg="Tool required for debug" tool="builtin:ctags@5.8-arduino11"
time="2025-08-26T11:16:48-07:00" level=info msg="Tool required for debug" tool="builtin:dfu-discovery@0.1.2"
2025-08-26 11:16:48 2025-08-26T18:16:48.788Z daemon INFO time="2025-08-26T11:16:48-07:00" level=info msg="Tool required for debug" tool="builtin:mdns-discovery@1.0.9"
time="2025-08-26T11:16:48-07:00" level=info msg="Tool required for debug" tool="builtin:serial-discovery@1.4.1"
2025-08-26 11:16:48 2025-08-26T18:16:48.788Z daemon INFO time="2025-08-26T11:16:48-07:00" level=info msg="Tool required for debug" tool="arduino:avr-gcc@7.3.0-atmel3.6.1-arduino7"
time="2025-08-26T11:16:48-07:00" level=info msg="Tool required for debug" tool="arduino:arm-none-eabi-gcc@7-2017q4"
time="2025-08-26T11:16:48-07:00" level=info msg="Tool required for debug" tool="arduino:bossac@1.9.1-arduino5"
2025-08-26 11:16:48 2025-08-26T18:16:48.788Z daemon INFO time="2025-08-26T11:16:48-07:00" level=info msg="Tool required for debug" tool="arduino:avrdude@6.3.0-arduino17"
time="2025-08-26T11:16:48-07:00" level=info msg="Tool required for debug" tool="arduino:openocd@0.11.0-arduino2"
2025-08-26 11:16:48 2025-08-26T18:16:48.789Z daemon INFO time="2025-08-26T11:16:48-07:00" level=info msg="Tool required for debug" tool="arduino:dfu-util@0.11.0-arduino5"
time="2025-08-26T11:16:48-07:00" level=info msg="Tool required for debug" tool="esp32:esp-rv32@2411"
time="2025-08-26T11:16:48-07:00" level=info msg="Tool required for debug" tool="esp32:esp-x32@2411"
time="2025-08-26T11:16:48-07:00" level=info msg="Tool required for debug" tool="esp32:esp32-arduino-libs@idf-release_v5.5-b66b5448-v1"
time="2025-08-26T11:16:48-07:00" level=info msg="Tool required for debug" tool="esp32:esptool_py@5.0.0"
time="2025-08-26T11:16:48-07:00" level=info msg="Tool required for debug" tool="esp32:mklittlefs@3.0.0-gnu12-dc7f933"
2025-08-26 11:16:48 2025-08-26T18:16:48.789Z daemon INFO time="2025-08-26T11:16:48-07:00" level=info msg="Tool required for debug" tool="esp32:mkspiffs@0.2.3"
time="2025-08-26T11:16:48-07:00" level=info msg="Tool required for debug" tool="esp32:openocd-esp32@v0.12.0-esp32-20250422"
time="2025-08-26T11:16:48-07:00" level=info msg="Tool required for debug" tool="esp32:riscv32-esp-elf-gdb@16.2_20250324"
time="2025-08-26T11:16:48-07:00" level=info msg="Tool required for debug" tool="esp32:xtensa-esp-elf-gdb@16.2_20250324"
time="2025-08-26T11:16:48-07:00" level=info msg="Tool required for debug" tool="arduino:bossac@1.9.1-arduino5"
time="2025-08-26T11:16:48-07:00" level=info msg="Tool required for debug" tool="builtin:ctags@5.8-arduino11"
time="2025-08-26T11:16:48-07:00" level=info msg="Tool required for debug" tool="builtin:dfu-discovery@0.1.2"
time="2025-08-26T11:16:48-07:00" level=info msg="Tool required for debug" tool="builtin:serial-discovery@1.4.1"
time="2025-08-26T11:16:48-07:00" level=info msg="Tool required for debug" tool="builtin:serial-monitor@0.15.0"
2025-08-26 11:16:48 2025-08-26T18:16:48.789Z daemon INFO time="2025-08-26T11:16:48-07:00" level=info msg="Tool required for debug" tool="arduino:arm-none-eabi-gcc@7-2017q4"
time="2025-08-26T11:16:48-07:00" level=info msg="Tool required for debug" tool="arduino:avr-gcc@7.3.0-atmel3.6.1-arduino7"
time="2025-08-26T11:16:48-07:00" level=info msg="Tool required for debug" tool="arduino:arduinoOTA@1.3.0"
time="2025-08-26T11:16:48-07:00" level=info msg="Tool required for debug" tool="arduino:openocd@0.11.0-arduino2"
time="2025-08-26T11:16:48-07:00" level=info msg="Tool required for debug" tool="arduino:avrdude@6.3.0-arduino17"
2025-08-26 11:16:48 2025-08-26T18:16:48.790Z daemon INFO time="2025-08-26T11:16:48-07:00" level=info msg="Tool required for debug" tool="builtin:mdns-discovery@1.0.9"
2025-08-26 11:16:48 2025-08-26T18:16:48.791Z daemon INFO time="2025-08-26T11:16:48-07:00" level=info msg="Tool required for debug" tool="arduino:dfu-util@0.11.0-arduino5"
time="2025-08-26T11:16:48-07:00" level=info msg="Tool required for debug" tool="esp32:esp-rv32@2411"
time="2025-08-26T11:16:48-07:00" level=info msg="Tool required for debug" tool="esp32:esp-x32@2411"
time="2025-08-26T11:16:48-07:00" level=info msg="Tool required for debug" tool="esp32:esp32-arduino-libs@idf-release_v5.5-b66b5448-v1"
time="2025-08-26T11:16:48-07:00" level=info msg="Tool required for debug" tool="esp32:esptool_py@5.0.0"
time="2025-08-26T11:16:48-07:00" level=info msg="Tool required for debug" tool="esp32:mklittlefs@3.0.0-gnu12-dc7f933"
time="2025-08-26T11:16:48-07:00" level=info msg="Tool required for debug" tool="esp32:mkspiffs@0.2.3"
time="2025-08-26T11:16:48-07:00" level=info msg="Tool required for debug" tool="esp32:openocd-esp32@v0.12.0-esp32-20250422"
2025-08-26 11:16:48 2025-08-26T18:16:48.791Z daemon INFO time="2025-08-26T11:16:48-07:00" level=info msg="Tool required for debug" tool="esp32:riscv32-esp-elf-gdb@16.2_20250324"
time="2025-08-26T11:16:48-07:00" level=info msg="Tool required for debug" tool="esp32:xtensa-esp-elf-gdb@16.2_20250324"
time="2025-08-26T11:16:48-07:00" level=info msg="Tool required for debug" tool="arduino:arm-none-eabi-gcc@7-2017q4"
time="2025-08-26T11:16:48-07:00" level=info msg="Tool required for debug" tool="builtin:serial-discovery@1.4.1"
time="2025-08-26T11:16:48-07:00" level=info msg="Tool required for debug" tool="builtin:serial-monitor@0.15.0"
time="2025-08-26T11:16:48-07:00" level=info msg="Tool required for debug" tool="arduino:openocd@0.11.0-arduino2"
time="2025-08-26T11:16:48-07:00" level=info msg="Tool required for debug" tool="arduino:bossac@1.9.1-arduino5"
time="2025-08-26T11:16:48-07:00" level=info msg="Tool required for debug" tool="arduino:arduinoOTA@1.3.0"
time="2025-08-26T11:16:48-07:00" level=info msg="Tool required for debug" tool="builtin:ctags@5.8-arduino11"
time="2025-08-26T11:16:48-07:00" level=info msg="Tool required for debug" tool="arduino:avrdude@6.3.0-arduino17"
time="2025-08-26T11:16:48-07:00" level=info msg="Tool required for debug" tool="arduino:avr-gcc@7.3.0-atmel3.6.1-arduino7"
time="2025-08-26T11:16:48-07:00" level=info msg="Tool required for debug" tool="builtin:dfu-discovery@0.1.2"
2025-08-26 11:16:48 2025-08-26T18:16:48.791Z daemon INFO time="2025-08-26T11:16:48-07:00" level=info msg="Tool required for debug" tool="builtin:mdns-discovery@1.0.9"
2025-08-26 11:16:48 2025-08-26T18:16:48.795Z daemon INFO time="2025-08-26T11:16:48-07:00" level=info msg="Tool required for debug" tool="arduino:dfu-util@0.11.0-arduino5"
time="2025-08-26T11:16:48-07:00" level=info msg="Tool required for debug" tool="esp32:esp-rv32@2411"
time="2025-08-26T11:16:48-07:00" level=info msg="Tool required for debug" tool="esp32:esp-x32@2411"
time="2025-08-26T11:16:48-07:00" level=info msg="Tool required for debug" tool="esp32:esp32-arduino-libs@idf-release_v5.5-b66b5448-v1"
time="2025-08-26T11:16:48-07:00" level=info msg="Tool required for debug" tool="esp32:esptool_py@5.0.0"
time="2025-08-26T11:16:48-07:00" level=info msg="Tool required for debug" tool="esp32:mklittlefs@3.0.0-gnu12-dc7f933"
time="2025-08-26T11:16:48-07:00" level=info msg="Tool required for debug" tool="esp32:mkspiffs@0.2.3"
time="2025-08-26T11:16:48-07:00" level=info msg="Tool required for debug" tool="esp32:openocd-esp32@v0.12.0-esp32-20250422"
2025-08-26 11:16:48 2025-08-26T18:16:48.796Z daemon INFO time="2025-08-26T11:16:48-07:00" level=info msg="Tool required for debug" tool="esp32:riscv32-esp-elf-gdb@16.2_20250324"
time="2025-08-26T11:16:48-07:00" level=info msg="Tool required for debug" tool="esp32:xtensa-esp-elf-gdb@16.2_20250324"
time="2025-08-26T11:16:48-07:00" level=info msg="Tool required for debug" tool="builtin:ctags@5.8-arduino11"
time="2025-08-26T11:16:48-07:00" level=info msg="Tool required for debug" tool="arduino:openocd@0.11.0-arduino2"
time="2025-08-26T11:16:48-07:00" level=info msg="Tool required for debug" tool="arduino:avr-gcc@7.3.0-atmel3.6.1-arduino7"
time="2025-08-26T11:16:48-07:00" level=info msg="Tool required for debug" tool="arduino:bossac@1.9.1-arduino5"
time="2025-08-26T11:16:48-07:00" level=info msg="Tool required for debug" tool="builtin:mdns-discovery@1.0.9"
time="2025-08-26T11:16:48-07:00" level=info msg="Tool required for debug" tool="arduino:arm-none-eabi-gcc@7-2017q4"
time="2025-08-26T11:16:48-07:00" level=info msg="Tool required for debug" tool="arduino:avrdude@6.3.0-arduino17"
time="2025-08-26T11:16:48-07:00" level=info msg="Tool required for debug" tool="builtin:serial-monitor@0.15.0"
time="2025-08-26T11:16:48-07:00" level=info msg="Tool required for debug" tool="builtin:dfu-discovery@0.1.2"
2025-08-26 11:16:48 2025-08-26T18:16:48.796Z daemon INFO time="2025-08-26T11:16:48-07:00" level=info msg="Tool required for debug" tool="arduino:arduinoOTA@1.3.0"
time="2025-08-26T11:16:48-07:00" level=info msg="Tool required for debug" tool="builtin:serial-discovery@1.4.1"
2025-08-26 11:16:48 2025-08-26T18:16:48.797Z daemon INFO time="2025-08-26T11:16:48-07:00" level=info msg="Tool required for debug" tool="arduino:dfu-util@0.11.0-arduino5"
time="2025-08-26T11:16:48-07:00" level=info msg="Tool required for debug" tool="esp32:esp-rv32@2411"
time="2025-08-26T11:16:48-07:00" level=info msg="Tool required for debug" tool="esp32:esp-x32@2411"
time="2025-08-26T11:16:48-07:00" level=info msg="Tool required for debug" tool="esp32:esp32-arduino-libs@idf-release_v5.5-b66b5448-v1"
2025-08-26 11:16:48 2025-08-26T18:16:48.797Z daemon INFO time="2025-08-26T11:16:48-07:00" level=info msg="Tool required for debug" tool="esp32:esptool_py@5.0.0"
time="2025-08-26T11:16:48-07:00" level=info msg="Tool required for debug" tool="esp32:mklittlefs@3.0.0-gnu12-dc7f933"
time="2025-08-26T11:16:48-07:00" level=info msg="Tool required for debug" tool="esp32:mkspiffs@0.2.3"
time="2025-08-26T11:16:48-07:00" level=info msg="Tool required for debug" tool="esp32:openocd-esp32@v0.12.0-esp32-20250422"
time="2025-08-26T11:16:48-07:00" level=info msg="Tool required for debug" tool="esp32:riscv32-esp-elf-gdb@16.2_20250324"
time="2025-08-26T11:16:48-07:00" level=info msg="Tool required for debug" tool="esp32:xtensa-esp-elf-gdb@16.2_20250324"
time="2025-08-26T11:16:48-07:00" level=info msg="Tool required for debug" tool="arduino:avr-gcc@7.3.0-atmel3.6.1-arduino7"
time="2025-08-26T11:16:48-07:00" level=info msg="Tool required for debug" tool="arduino:arduinoOTA@1.3.0"
time="2025-08-26T11:16:48-07:00" level=info msg="Tool required for debug" tool="arduino:arm-none-eabi-gcc@7-2017q4"
time="2025-08-26T11:16:48-07:00" level=info msg="Tool required for debug" tool="arduino:avrdude@6.3.0-arduino17"
time="2025-08-26T11:16:48-07:00" level=info msg="Tool required for debug" tool="arduino:bossac@1.9.1-arduino5"
time="2025-08-26T11:16:48-07:00" level=info msg="Tool required for debug" tool="builtin:serial-discovery@1.4.1"
2025-08-26 11:16:48 2025-08-26T18:16:48.797Z daemon INFO time="2025-08-26T11:16:48-07:00" level=info msg="Tool required for debug" tool="builtin:serial-monitor@0.15.0"
time="2025-08-26T11:16:48-07:00" level=info msg="Tool required for debug" tool="builtin:ctags@5.8-arduino11"
time="2025-08-26T11:16:48-07:00" level=info msg="Tool required for debug" tool="builtin:dfu-discovery@0.1.2"
time="2025-08-26T11:16:48-07:00" level=info msg="Tool required for debug" tool="builtin:mdns-discovery@1.0.9"
2025-08-26 11:16:48 2025-08-26T18:16:48.797Z daemon INFO time="2025-08-26T11:16:48-07:00" level=info msg="Tool required for debug" tool="arduino:openocd@0.11.0-arduino2"
2025-08-26 11:16:48 2025-08-26T18:16:48.798Z daemon INFO time="2025-08-26T11:16:48-07:00" level=info msg="Tool required for debug" tool="arduino:dfu-util@0.11.0-arduino5"
time="2025-08-26T11:16:48-07:00" level=info msg="Tool required for debug" tool="esp32:esp-rv32@2411"
time="2025-08-26T11:16:48-07:00" level=info msg="Tool required for debug" tool="esp32:esp-x32@2411"
time="2025-08-26T11:16:48-07:00" level=info msg="Tool required for debug" tool="esp32:esp32-arduino-libs@idf-release_v5.5-b66b5448-v1"
time="2025-08-26T11:16:48-07:00" level=info msg="Tool required for debug" tool="esp32:esptool_py@5.0.0"
time="2025-08-26T11:16:48-07:00" level=info msg="Tool required for debug" tool="esp32:mklittlefs@3.0.0-gnu12-dc7f933"
2025-08-26 11:16:48 2025-08-26T18:16:48.798Z daemon INFO time="2025-08-26T11:16:48-07:00" level=info msg="Tool required for debug" tool="esp32:mkspiffs@0.2.3"
time="2025-08-26T11:16:48-07:00" level=info msg="Tool required for debug" tool="esp32:openocd-esp32@v0.12.0-esp32-20250422"
time="2025-08-26T11:16:48-07:00" level=info msg="Tool required for debug" tool="esp32:riscv32-esp-elf-gdb@16.2_20250324"
time="2025-08-26T11:16:48-07:00" level=info msg="Tool required for debug" tool="esp32:xtensa-esp-elf-gdb@16.2_20250324"
time="2025-08-26T11:16:48-07:00" level=info msg="Tool required for debug" tool="arduino:arm-none-eabi-gcc@7-2017q4"
time="2025-08-26T11:16:48-07:00" level=info msg="Tool required for debug" tool="builtin:serial-monitor@0.15.0"
time="2025-08-26T11:16:48-07:00" level=info msg="Tool required for debug" tool="arduino:arduinoOTA@1.3.0"
time="2025-08-26T11:16:48-07:00" level=info msg="Tool required for debug" tool="arduino:avr-gcc@7.3.0-atmel3.6.1-arduino7"
2025-08-26 11:16:48 2025-08-26T18:16:48.798Z daemon INFO time="2025-08-26T11:16:48-07:00" level=info msg="Tool required for debug" tool="builtin:dfu-discovery@0.1.2"
time="2025-08-26T11:16:48-07:00" level=info msg="Tool required for debug" tool="builtin:mdns-discovery@1.0.9"
time="2025-08-26T11:16:48-07:00" level=info msg="Tool required for debug" tool="arduino:bossac@1.9.1-arduino5"
time="2025-08-26T11:16:48-07:00" level=info msg="Tool required for debug" tool="builtin:serial-discovery@1.4.1"
2025-08-26 11:16:48 2025-08-26T18:16:48.798Z daemon INFO time="2025-08-26T11:16:48-07:00" level=info msg="Tool required for debug" tool="arduino:openocd@0.11.0-arduino2"
time="2025-08-26T11:16:48-07:00" level=info msg="Tool required for debug" tool="builtin:ctags@5.8-arduino11"
2025-08-26 11:16:48 2025-08-26T18:16:48.798Z daemon INFO time="2025-08-26T11:16:48-07:00" level=info msg="Tool required for debug" tool="arduino:avrdude@6.3.0-arduino17"
2025-08-26 11:16:48 2025-08-26T18:16:48.800Z daemon INFO time="2025-08-26T11:16:48-07:00" level=info msg="Tool required for debug" tool="arduino:dfu-util@0.11.0-arduino5"
time="2025-08-26T11:16:48-07:00" level=info msg="Tool required for debug" tool="esp32:esp-rv32@2411"
time="2025-08-26T11:16:48-07:00" level=info msg="Tool required for debug" tool="esp32:esp-x32@2411"
time="2025-08-26T11:16:48-07:00" level=info msg="Tool required for debug" tool="esp32:esp32-arduino-libs@idf-release_v5.5-b66b5448-v1"
time="2025-08-26T11:16:48-07:00" level=info msg="Tool required for debug" tool="esp32:esptool_py@5.0.0"
time="2025-08-26T11:16:48-07:00" level=info msg="Tool required for debug" tool="esp32:mklittlefs@3.0.0-gnu12-dc7f933"
2025-08-26 11:16:48 2025-08-26T18:16:48.800Z daemon INFO time="2025-08-26T11:16:48-07:00" level=info msg="Tool required for debug" tool="esp32:mkspiffs@0.2.3"
time="2025-08-26T11:16:48-07:00" level=info msg="Tool required for debug" tool="esp32:openocd-esp32@v0.12.0-esp32-20250422"
time="2025-08-26T11:16:48-07:00" level=info msg="Tool required for debug" tool="esp32:riscv32-esp-elf-gdb@16.2_20250324"
time="2025-08-26T11:16:48-07:00" level=info msg="Tool required for debug" tool="esp32:xtensa-esp-elf-gdb@16.2_20250324"
time="2025-08-26T11:16:48-07:00" level=info msg="Tool required for debug" tool="arduino:openocd@0.11.0-arduino2"
time="2025-08-26T11:16:48-07:00" level=info msg="Tool required for debug" tool="arduino:avr-gcc@7.3.0-atmel3.6.1-arduino7"
time="2025-08-26T11:16:48-07:00" level=info msg="Tool required for debug" tool="arduino:arduinoOTA@1.3.0"
time="2025-08-26T11:16:48-07:00" level=info msg="Tool required for debug" tool="builtin:dfu-discovery@0.1.2"
time="2025-08-26T11:16:48-07:00" level=info msg="Tool required for debug" tool="builtin:ctags@5.8-arduino11"
time="2025-08-26T11:16:48-07:00" level=info msg="Tool required for debug" tool="builtin:serial-discovery@1.4.1"
time="2025-08-26T11:16:48-07:00" level=info msg="Tool required for debug" tool="arduino:arm-none-eabi-gcc@7-2017q4"
2025-08-26 11:16:48 2025-08-26T18:16:48.800Z daemon INFO time="2025-08-26T11:16:48-07:00" level=info msg="Tool required for debug" tool="builtin:mdns-discovery@1.0.9"
time="2025-08-26T11:16:48-07:00" level=info msg="Tool required for debug" tool="builtin:serial-monitor@0.15.0"
time="2025-08-26T11:16:48-07:00" level=info msg="Tool required for debug" tool="arduino:avrdude@6.3.0-arduino17"
time="2025-08-26T11:16:48-07:00" level=info msg="Tool required for debug" tool="arduino:bossac@1.9.1-arduino5"
2025-08-26 11:16:48 2025-08-26T18:16:48.803Z daemon INFO time="2025-08-26T11:16:48-07:00" level=info msg="Tool required for debug" tool="arduino:dfu-util@0.11.0-arduino5"
time="2025-08-26T11:16:48-07:00" level=info msg="Tool required for debug" tool="esp32:esp-rv32@2411"
time="2025-08-26T11:16:48-07:00" level=info msg="Tool required for debug" tool="esp32:esp-x32@2411"
time="2025-08-26T11:16:48-07:00" level=info msg="Tool required for debug" tool="esp32:esp32-arduino-libs@idf-release_v5.5-b66b5448-v1"
time="2025-08-26T11:16:48-07:00" level=info msg="Tool required for debug" tool="esp32:esptool_py@5.0.0"
time="2025-08-26T11:16:48-07:00" level=info msg="Tool required for debug" tool="esp32:mklittlefs@3.0.0-gnu12-dc7f933"
2025-08-26 11:16:48 2025-08-26T18:16:48.803Z daemon INFO time="2025-08-26T11:16:48-07:00" level=info msg="Tool required for debug" tool="esp32:mkspiffs@0.2.3"
time="2025-08-26T11:16:48-07:00" level=info msg="Tool required for debug" tool="esp32:openocd-esp32@v0.12.0-esp32-20250422"
time="2025-08-26T11:16:48-07:00" level=info msg="Tool required for debug" tool="esp32:riscv32-esp-elf-gdb@16.2_20250324"
time="2025-08-26T11:16:48-07:00" level=info msg="Tool required for debug" tool="esp32:xtensa-esp-elf-gdb@16.2_20250324"
time="2025-08-26T11:16:48-07:00" level=info msg="Tool required for debug" tool="arduino:arm-none-eabi-gcc@7-2017q4"
time="2025-08-26T11:16:48-07:00" level=info msg="Tool required for debug" tool="arduino:arduinoOTA@1.3.0"
time="2025-08-26T11:16:48-07:00" level=info msg="Tool required for debug" tool="arduino:bossac@1.9.1-arduino5"
time="2025-08-26T11:16:48-07:00" level=info msg="Tool required for debug" tool="builtin:mdns-discovery@1.0.9"
time="2025-08-26T11:16:48-07:00" level=info msg="Tool required for debug" tool="builtin:serial-monitor@0.15.0"
time="2025-08-26T11:16:48-07:00" level=info msg="Tool required for debug" tool="arduino:openocd@0.11.0-arduino2"
time="2025-08-26T11:16:48-07:00" level=info msg="Tool required for debug" tool="builtin:serial-discovery@1.4.1"
time="2025-08-26T11:16:48-07:00" level=info msg="Tool required for debug" tool="builtin:dfu-discovery@0.1.2"
2025-08-26 11:16:48 2025-08-26T18:16:48.804Z daemon INFO time="2025-08-26T11:16:48-07:00" level=info msg="Tool required for debug" tool="arduino:avr-gcc@7.3.0-atmel3.6.1-arduino7"
time="2025-08-26T11:16:48-07:00" level=info msg="Tool required for debug" tool="builtin:ctags@5.8-arduino11"
time="2025-08-26T11:16:48-07:00" level=info msg="Tool required for debug" tool="arduino:avrdude@6.3.0-arduino17"
2025-08-26 11:16:48 2025-08-26T18:16:48.804Z daemon INFO time="2025-08-26T11:16:48-07:00" level=info msg="Tool required for debug" tool="arduino:dfu-util@0.11.0-arduino5"
time="2025-08-26T11:16:48-07:00" level=info msg="Tool required for debug" tool="esp32:esp-rv32@2411"
time="2025-08-26T11:16:48-07:00" level=info msg="Tool required for debug" tool="esp32:esp-x32@2411"
time="2025-08-26T11:16:48-07:00" level=info msg="Tool required for debug" tool="esp32:esp32-arduino-libs@idf-release_v5.5-b66b5448-v1"
2025-08-26 11:16:48 2025-08-26T18:16:48.805Z daemon INFO time="2025-08-26T11:16:48-07:00" level=info msg="Tool required for debug" tool="esp32:esptool_py@5.0.0"
time="2025-08-26T11:16:48-07:00" level=info msg="Tool required for debug" tool="esp32:mklittlefs@3.0.0-gnu12-dc7f933"
time="2025-08-26T11:16:48-07:00" level=info msg="Tool required for debug" tool="esp32:mkspiffs@0.2.3"
time="2025-08-26T11:16:48-07:00" level=info msg="Tool required for debug" tool="esp32:openocd-esp32@v0.12.0-esp32-20250422"
time="2025-08-26T11:16:48-07:00" level=info msg="Tool required for debug" tool="esp32:riscv32-esp-elf-gdb@16.2_20250324"
time="2025-08-26T11:16:48-07:00" level=info msg="Tool required for debug" tool="esp32:xtensa-esp-elf-gdb@16.2_20250324"
time="2025-08-26T11:16:48-07:00" level=info msg="Tool required for debug" tool="builtin:dfu-discovery@0.1.2"
time="2025-08-26T11:16:48-07:00" level=info msg="Tool required for debug" tool="arduino:openocd@0.11.0-arduino2"
2025-08-26 11:16:48 2025-08-26T18:16:48.805Z daemon INFO time="2025-08-26T11:16:48-07:00" level=info msg="Tool required for debug" tool="arduino:avrdude@6.3.0-arduino17"
time="2025-08-26T11:16:48-07:00" level=info msg="Tool required for debug" tool="builtin:mdns-discovery@1.0.9"
time="2025-08-26T11:16:48-07:00" level=info msg="Tool required for debug" tool="builtin:serial-monitor@0.15.0"
time="2025-08-26T11:16:48-07:00" level=info msg="Tool required for debug" tool="arduino:avr-gcc@7.3.0-atmel3.6.1-arduino7"
2025-08-26 11:16:48 2025-08-26T18:16:48.805Z daemon INFO time="2025-08-26T11:16:48-07:00" level=info msg="Tool required for debug" tool="builtin:serial-discovery@1.4.1"
time="2025-08-26T11:16:48-07:00" level=info msg="Tool required for debug" tool="arduino:arm-none-eabi-gcc@7-2017q4"
time="2025-08-26T11:16:48-07:00" level=info msg="Tool required for debug" tool="arduino:bossac@1.9.1-arduino5"
2025-08-26 11:16:48 2025-08-26T18:16:48.805Z daemon INFO time="2025-08-26T11:16:48-07:00" level=info msg="Tool required for debug" tool="arduino:arduinoOTA@1.3.0"
time="2025-08-26T11:16:48-07:00" level=info msg="Tool required for debug" tool="builtin:ctags@5.8-arduino11"
2025-08-26 11:16:48 2025-08-26T18:16:48.806Z daemon INFO time="2025-08-26T11:16:48-07:00" level=info msg="Tool required for debug" tool="arduino:dfu-util@0.11.0-arduino5"
time="2025-08-26T11:16:48-07:00" level=info msg="Tool required for debug" tool="esp32:esp-rv32@2411"
time="2025-08-26T11:16:48-07:00" level=info msg="Tool required for debug" tool="esp32:esp-x32@2411"
time="2025-08-26T11:16:48-07:00" level=info msg="Tool required for debug" tool="esp32:esp32-arduino-libs@idf-release_v5.5-b66b5448-v1"
time="2025-08-26T11:16:48-07:00" level=info msg="Tool required for debug" tool="esp32:esptool_py@5.0.0"
time="2025-08-26T11:16:48-07:00" level=info msg="Tool required for debug" tool="esp32:mklittlefs@3.0.0-gnu12-dc7f933"
2025-08-26 11:16:48 2025-08-26T18:16:48.806Z daemon INFO time="2025-08-26T11:16:48-07:00" level=info msg="Tool required for debug" tool="esp32:mkspiffs@0.2.3"
time="2025-08-26T11:16:48-07:00" level=info msg="Tool required for debug" tool="esp32:openocd-esp32@v0.12.0-esp32-20250422"
time="2025-08-26T11:16:48-07:00" level=info msg="Tool required for debug" tool="esp32:riscv32-esp-elf-gdb@16.2_20250324"
time="2025-08-26T11:16:48-07:00" level=info msg="Tool required for debug" tool="esp32:xtensa-esp-elf-gdb@16.2_20250324"
time="2025-08-26T11:16:48-07:00" level=info msg="Tool required for debug" tool="builtin:ctags@5.8-arduino11"
time="2025-08-26T11:16:48-07:00" level=info msg="Tool required for debug" tool="builtin:serial-discovery@1.4.1"
time="2025-08-26T11:16:48-07:00" level=info msg="Tool required for debug" tool="arduino:arm-none-eabi-gcc@7-2017q4"
time="2025-08-26T11:16:48-07:00" level=info msg="Tool required for debug" tool="builtin:serial-monitor@0.15.0"
time="2025-08-26T11:16:48-07:00" level=info msg="Tool required for debug" tool="builtin:dfu-discovery@0.1.2"
time="2025-08-26T11:16:48-07:00" level=info msg="Tool required for debug" tool="builtin:mdns-discovery@1.0.9"
2025-08-26 11:16:48 2025-08-26T18:16:48.806Z daemon INFO time="2025-08-26T11:16:48-07:00" level=info msg="Tool required for debug" tool="arduino:openocd@0.11.0-arduino2"
time="2025-08-26T11:16:48-07:00" level=info msg="Tool required for debug" tool="arduino:avrdude@6.3.0-arduino17"
time="2025-08-26T11:16:48-07:00" level=info msg="Tool required for debug" tool="arduino:bossac@1.9.1-arduino5"
time="2025-08-26T11:16:48-07:00" level=info msg="Tool required for debug" tool="arduino:avr-gcc@7.3.0-atmel3.6.1-arduino7"
time="2025-08-26T11:16:48-07:00" level=info msg="Tool required for debug" tool="arduino:arduinoOTA@1.3.0"
2025-08-26 11:16:48 2025-08-26T18:16:48.807Z daemon INFO time="2025-08-26T11:16:48-07:00" level=info msg="Tool required for debug" tool="arduino:dfu-util@0.11.0-arduino5"
time="2025-08-26T11:16:48-07:00" level=info msg="Tool required for debug" tool="esp32:esp-rv32@2411"
time="2025-08-26T11:16:48-07:00" level=info msg="Tool required for debug" tool="esp32:esp-x32@2411"
time="2025-08-26T11:16:48-07:00" level=info msg="Tool required for debug" tool="esp32:esp32-arduino-libs@idf-release_v5.5-b66b5448-v1"
time="2025-08-26T11:16:48-07:00" level=info msg="Tool required for debug" tool="esp32:esptool_py@5.0.0"
time="2025-08-26T11:16:48-07:00" level=info msg="Tool required for debug" tool="esp32:mklittlefs@3.0.0-gnu12-dc7f933"
2025-08-26 11:16:48 2025-08-26T18:16:48.807Z daemon INFO time="2025-08-26T11:16:48-07:00" level=info msg="Tool required for debug" tool="esp32:mkspiffs@0.2.3"
time="2025-08-26T11:16:48-07:00" level=info msg="Tool required for debug" tool="esp32:openocd-esp32@v0.12.0-esp32-20250422"
time="2025-08-26T11:16:48-07:00" level=info msg="Tool required for debug" tool="esp32:riscv32-esp-elf-gdb@16.2_20250324"
time="2025-08-26T11:16:48-07:00" level=info msg="Tool required for debug" tool="esp32:xtensa-esp-elf-gdb@16.2_20250324"
time="2025-08-26T11:16:48-07:00" level=info msg="Tool required for debug" tool="builtin:dfu-discovery@0.1.2"
time="2025-08-26T11:16:48-07:00" level=info msg="Tool required for debug" tool="builtin:serial-monitor@0.15.0"
time="2025-08-26T11:16:48-07:00" level=info msg="Tool required for debug" tool="arduino:avrdude@6.3.0-arduino17"
time="2025-08-26T11:16:48-07:00" level=info msg="Tool required for debug" tool="builtin:ctags@5.8-arduino11"
time="2025-08-26T11:16:48-07:00" level=info msg="Tool required for debug" tool="arduino:arm-none-eabi-gcc@7-2017q4"
time="2025-08-26T11:16:48-07:00" level=info msg="Tool required for debug" tool="builtin:mdns-discovery@1.0.9"
2025-08-26 11:16:48 2025-08-26T18:16:48.808Z daemon INFO time="2025-08-26T11:16:48-07:00" level=info msg="Tool required for debug" tool="arduino:bossac@1.9.1-arduino5"
time="2025-08-26T11:16:48-07:00" level=info msg="Tool required for debug" tool="builtin:serial-discovery@1.4.1"
time="2025-08-26T11:16:48-07:00" level=info msg="Tool required for debug" tool="arduino:avr-gcc@7.3.0-atmel3.6.1-arduino7"
time="2025-08-26T11:16:48-07:00" level=info msg="Tool required for debug" tool="arduino:arduinoOTA@1.3.0"
time="2025-08-26T11:16:48-07:00" level=info msg="Tool required for debug" tool="arduino:openocd@0.11.0-arduino2"
2025-08-26 11:16:48 2025-08-26T18:16:48.813Z daemon INFO time="2025-08-26T11:16:48-07:00" level=info msg="Tool required for debug" tool="arduino:dfu-util@0.11.0-arduino5"
time="2025-08-26T11:16:48-07:00" level=info msg="Tool required for debug" tool="esp32:esp-rv32@2411"
time="2025-08-26T11:16:48-07:00" level=info msg="Tool required for debug" tool="esp32:esp-x32@2411"
time="2025-08-26T11:16:48-07:00" level=info msg="Tool required for debug" tool="esp32:esp32-arduino-libs@idf-release_v5.5-b66b5448-v1"
2025-08-26 11:16:48 2025-08-26T18:16:48.813Z daemon INFO time="2025-08-26T11:16:48-07:00" level=info msg="Tool required for debug" tool="esp32:esptool_py@5.0.0"
time="2025-08-26T11:16:48-07:00" level=info msg="Tool required for debug" tool="esp32:mklittlefs@3.0.0-gnu12-dc7f933"
time="2025-08-26T11:16:48-07:00" level=info msg="Tool required for debug" tool="esp32:mkspiffs@0.2.3"
time="2025-08-26T11:16:48-07:00" level=info msg="Tool required for debug" tool="esp32:openocd-esp32@v0.12.0-esp32-20250422"
time="2025-08-26T11:16:48-07:00" level=info msg="Tool required for debug" tool="esp32:riscv32-esp-elf-gdb@16.2_20250324"
time="2025-08-26T11:16:48-07:00" level=info msg="Tool required for debug" tool="esp32:xtensa-esp-elf-gdb@16.2_20250324"
time="2025-08-26T11:16:48-07:00" level=info msg="Tool required for debug" tool="builtin:serial-monitor@0.15.0"
time="2025-08-26T11:16:48-07:00" level=info msg="Tool required for debug" tool="arduino:avrdude@6.3.0-arduino17"
time="2025-08-26T11:16:48-07:00" level=info msg="Tool required for debug" tool="builtin:serial-discovery@1.4.1"
2025-08-26 11:16:48 2025-08-26T18:16:48.813Z daemon INFO time="2025-08-26T11:16:48-07:00" level=info msg="Tool required for debug" tool="builtin:mdns-discovery@1.0.9"
time="2025-08-26T11:16:48-07:00" level=info msg="Tool required for debug" tool="arduino:arm-none-eabi-gcc@7-2017q4"
time="2025-08-26T11:16:48-07:00" level=info msg="Tool required for debug" tool="builtin:dfu-discovery@0.1.2"
time="2025-08-26T11:16:48-07:00" level=info msg="Tool required for debug" tool="arduino:bossac@1.9.1-arduino5"
2025-08-26 11:16:48 2025-08-26T18:16:48.813Z daemon INFO time="2025-08-26T11:16:48-07:00" level=info msg="Tool required for debug" tool="arduino:arduinoOTA@1.3.0"
time="2025-08-26T11:16:48-07:00" level=info msg="Tool required for debug" tool="arduino:openocd@0.11.0-arduino2"
time="2025-08-26T11:16:48-07:00" level=info msg="Tool required for debug" tool="arduino:avr-gcc@7.3.0-atmel3.6.1-arduino7"
time="2025-08-26T11:16:48-07:00" level=info msg="Tool required for debug" tool="builtin:ctags@5.8-arduino11"
2025-08-26 11:16:48 2025-08-26T18:16:48.839Z root ERROR [hosted-plugin: 12175] Conflict in settings file Default: Ignoring cortex-debug.armToolchainPath.linux as cortex-debug.armToolchainPath is null
Conflict in settings file Default: Ignoring cortex-debug.armToolchainPath.osx as cortex-debug.armToolchainPath is null
Conflict in settings file Default: Ignoring cortex-debug.armToolchainPath.windows as cortex-debug.armToolchainPath is null
Conflict in settings file Default: Ignoring cortex-debug.JLinkGDBServerPath.linux as cortex-debug.JLinkGDBServerPath is null
Conflict in settings file Default: Ignoring cortex-debug.JLinkGDBServerPath.osx as cortex-debug.JLinkGDBServerPath is null
Conflict in settings file Default: Ignoring cortex-debug.JLinkGDBServerPath.windows as cortex-debug.JLinkGDBServerPath is null
Conflict in settings file Default: Ignoring cortex-debug.openocdPath.linux as cortex-debug.openocdPath is null
Conflict in settings file Default: Ignoring cortex-debug.openocdPath.osx as cortex-debug.openocdPath is null
Conflict in settings file Default: Ignoring cortex-debug.openocdPath.windows as cortex-debug.openocdPath is null
Conflict in settings file Default: Ignoring cortex-debug.pyocdPath.linux as cortex-debug.pyocdPath is null
Conflict in settings file Default: Ignoring cortex-debug.pyocdPath.osx as cortex-debug.pyocdPath is null
Conflict in settings file Default: Ignoring cortex-debug.pyocdPath.windows as cortex-debug.pyocdPath is null
Conflict in settings file Default: Ignoring cortex-debug.PEGDBServerPath.linux as cortex-debug.PEGDBServerPath is null
Conflict in settings file Default: Ignoring cortex-debug.PEGDBServerPath.osx as cortex-debug.PEGDBServerPath is null
Conflict in settings file Default: Ignoring cortex-debug.PEGDBServerPath.windows as cortex-debug.PEGDBServerPath is null
Conflict in settings file Default: Ignoring cortex-debug.stutilPath.linux as cortex-debug.stutilPath is null
Conflict in settings file Default: Ignoring cortex-debug.stutilPath.osx as cortex-debug.stutilPath is null
Conflict in settings file Default: Ignoring cortex-debug.stutilPath.windows as cortex-debug.stutilPath is null
Conflict in settings file Default: Ignoring cortex-debug.stlinkPath.linux as cortex-debug.stlinkPath is null
Conflict in settings file Default: Ignoring cortex-debug.stlinkPath.osx as cortex-debug.stlinkPath is null
Conflict in settings file Default: Ignoring cortex-debug.stlinkPath.windows as cortex-debug.stlinkPath is null
Conflict in settings file Default: Ignoring cortex-debug.stm32cubeprogrammer.linux as cortex-debug.stm32cubeprogrammer is null
Conflict in settings file Default: Ignoring cortex-debug.stm32cubeprogrammer.osx as cortex-debug.stm32cubeprogrammer is null
Conflict in settings file Default: Ignoring cortex-debug.stm32cubeprogrammer.windows as cortex-debug.stm32cubeprogrammer is null
2025-08-26 11:16:48 2025-08-26T18:16:48.867Z root INFO [hosted-plugin: 12175] PLUGIN_HOST(12175): PluginManagerExtImpl/init()
2025-08-26 11:16:48 2025-08-26T18:16:48.871Z root INFO [hosted-plugin: 12175] PLUGIN_HOST(12175): initializing(vscode-arduino-api@0.1.2 with /nix/store/2d5i1bzbqbnl4rgnhk8czrw5zmqqjdzv-arduino-ide-2.3.6-extracted/resources/app/lib/backend/plugin-vscode-init)
2025-08-26 11:16:48 2025-08-26T18:16:48.969Z root INFO [hosted-plugin: 12175] PLUGIN_HOST(12175): initializing(json-language-features@1.88.1 with /nix/store/2d5i1bzbqbnl4rgnhk8czrw5zmqqjdzv-arduino-ide-2.3.6-extracted/resources/app/lib/backend/plugin-vscode-init)
2025-08-26 11:16:48 2025-08-26T18:16:48.974Z root INFO [hosted-plugin: 12175] PLUGIN_HOST(12175): initializing(cortex-debug@1.5.1 with /nix/store/2d5i1bzbqbnl4rgnhk8czrw5zmqqjdzv-arduino-ide-2.3.6-extracted/resources/app/lib/backend/plugin-vscode-init)
2025-08-26 11:16:48 2025-08-26T18:16:48.975Z root INFO [hosted-plugin: 12175] Debugger contribution has been registered: cortex-debug
2025-08-26 11:16:48 2025-08-26T18:16:48.977Z root INFO [hosted-plugin: 12175] PLUGIN_HOST(12175): initializing(vscode-arduino-tools@0.1.3 with /nix/store/2d5i1bzbqbnl4rgnhk8czrw5zmqqjdzv-arduino-ide-2.3.6-extracted/resources/app/lib/backend/plugin-vscode-init)
2025-08-26 11:16:48 2025-08-26T18:16:48.979Z root INFO [hosted-plugin: 12175] PLUGIN_HOST(12175): initializing(cpp@1.88.1 with /nix/store/2d5i1bzbqbnl4rgnhk8czrw5zmqqjdzv-arduino-ide-2.3.6-extracted/resources/app/lib/backend/plugin-vscode-init)
2025-08-26 11:16:48 2025-08-26T18:16:48.980Z root INFO [hosted-plugin: 12175] PLUGIN_HOST(12175): initializing(json@1.88.1 with /nix/store/2d5i1bzbqbnl4rgnhk8czrw5zmqqjdzv-arduino-ide-2.3.6-extracted/resources/app/lib/backend/plugin-vscode-init)
2025-08-26 11:16:48 2025-08-26T18:16:48.982Z root INFO [hosted-plugin: 12175] PLUGIN_HOST(12175): initializing(vscode-language-pack-bg@1.48.3 with /nix/store/2d5i1bzbqbnl4rgnhk8czrw5zmqqjdzv-arduino-ide-2.3.6-extracted/resources/app/lib/backend/plugin-vscode-init)
2025-08-26 11:16:48 2025-08-26T18:16:48.984Z root INFO [hosted-plugin: 12175] PLUGIN_HOST(12175): initializing(vscode-language-pack-cs@1.96.0 with /nix/store/2d5i1bzbqbnl4rgnhk8czrw5zmqqjdzv-arduino-ide-2.3.6-extracted/resources/app/lib/backend/plugin-vscode-init)
2025-08-26 11:16:48 2025-08-26T18:16:48.988Z root INFO [hosted-plugin: 12175] PLUGIN_HOST(12175): initializing(vscode-language-pack-de@1.96.0 with /nix/store/2d5i1bzbqbnl4rgnhk8czrw5zmqqjdzv-arduino-ide-2.3.6-extracted/resources/app/lib/backend/plugin-vscode-init)
2025-08-26 11:16:48 2025-08-26T18:16:48.989Z root INFO [hosted-plugin: 12175] PLUGIN_HOST(12175): initializing(vscode-language-pack-es@1.96.0 with /nix/store/2d5i1bzbqbnl4rgnhk8czrw5zmqqjdzv-arduino-ide-2.3.6-extracted/resources/app/lib/backend/plugin-vscode-init)
2025-08-26 11:16:48 2025-08-26T18:16:48.990Z root INFO [hosted-plugin: 12175] PLUGIN_HOST(12175): initializing(vscode-language-pack-fr@1.96.0 with /nix/store/2d5i1bzbqbnl4rgnhk8czrw5zmqqjdzv-arduino-ide-2.3.6-extracted/resources/app/lib/backend/plugin-vscode-init)
2025-08-26 11:16:48 2025-08-26T18:16:48.991Z root INFO [hosted-plugin: 12175] PLUGIN_HOST(12175): initializing(vscode-language-pack-hu@1.48.3 with /nix/store/2d5i1bzbqbnl4rgnhk8czrw5zmqqjdzv-arduino-ide-2.3.6-extracted/resources/app/lib/backend/plugin-vscode-init)
2025-08-26 11:16:48 2025-08-26T18:16:48.991Z root INFO [hosted-plugin: 12175] PLUGIN_HOST(12175): initializing(vscode-language-pack-it@1.96.0 with /nix/store/2d5i1bzbqbnl4rgnhk8czrw5zmqqjdzv-arduino-ide-2.3.6-extracted/resources/app/lib/backend/plugin-vscode-init)
2025-08-26 11:16:48 2025-08-26T18:16:48.992Z root INFO [hosted-plugin: 12175] PLUGIN_HOST(12175): initializing(vscode-language-pack-ja@1.96.0 with /nix/store/2d5i1bzbqbnl4rgnhk8czrw5zmqqjdzv-arduino-ide-2.3.6-extracted/resources/app/lib/backend/plugin-vscode-init)
2025-08-26 11:16:48 2025-08-26T18:16:48.992Z root INFO [hosted-plugin: 12175] PLUGIN_HOST(12175): initializing(vscode-language-pack-ko@1.96.0 with /nix/store/2d5i1bzbqbnl4rgnhk8czrw5zmqqjdzv-arduino-ide-2.3.6-extracted/resources/app/lib/backend/plugin-vscode-init)
2025-08-26 11:16:48 2025-08-26T18:16:48.992Z root INFO [hosted-plugin: 12175] PLUGIN_HOST(12175): initializing(vscode-language-pack-nl@1.48.3 with /nix/store/2d5i1bzbqbnl4rgnhk8czrw5zmqqjdzv-arduino-ide-2.3.6-extracted/resources/app/lib/backend/plugin-vscode-init)
2025-08-26 11:16:48 2025-08-26T18:16:48.993Z root INFO [hosted-plugin: 12175] PLUGIN_HOST(12175): initializing(vscode-language-pack-pl@1.96.0 with /nix/store/2d5i1bzbqbnl4rgnhk8czrw5zmqqjdzv-arduino-ide-2.3.6-extracted/resources/app/lib/backend/plugin-vscode-init)
2025-08-26 11:16:48 2025-08-26T18:16:48.993Z root INFO [hosted-plugin: 12175] PLUGIN_HOST(12175): initializing(vscode-language-pack-pt-BR@1.96.0 with /nix/store/2d5i1bzbqbnl4rgnhk8czrw5zmqqjdzv-arduino-ide-2.3.6-extracted/resources/app/lib/backend/plugin-vscode-init)
2025-08-26 11:16:48 2025-08-26T18:16:48.994Z root INFO [hosted-plugin: 12175] PLUGIN_HOST(12175): initializing(vscode-language-pack-ru@1.96.0 with /nix/store/2d5i1bzbqbnl4rgnhk8czrw5zmqqjdzv-arduino-ide-2.3.6-extracted/resources/app/lib/backend/plugin-vscode-init)
2025-08-26 11:16:48 2025-08-26T18:16:48.994Z root INFO [hosted-plugin: 12175] PLUGIN_HOST(12175): initializing(vscode-language-pack-tr@1.96.0 with /nix/store/2d5i1bzbqbnl4rgnhk8czrw5zmqqjdzv-arduino-ide-2.3.6-extracted/resources/app/lib/backend/plugin-vscode-init)
2025-08-26 11:16:48 2025-08-26T18:16:48.994Z root INFO [hosted-plugin: 12175] PLUGIN_HOST(12175): initializing(vscode-language-pack-uk@1.48.3 with /nix/store/2d5i1bzbqbnl4rgnhk8czrw5zmqqjdzv-arduino-ide-2.3.6-extracted/resources/app/lib/backend/plugin-vscode-init)
2025-08-26 11:16:48 2025-08-26T18:16:48.995Z root INFO [hosted-plugin: 12175] PLUGIN_HOST(12175): initializing(vscode-language-pack-zh-hans@1.96.0 with /nix/store/2d5i1bzbqbnl4rgnhk8czrw5zmqqjdzv-arduino-ide-2.3.6-extracted/resources/app/lib/backend/plugin-vscode-init)
2025-08-26 11:16:48 2025-08-26T18:16:48.995Z root INFO [hosted-plugin: 12175] PLUGIN_HOST(12175): initializing(vscode-language-pack-zh-hant@1.96.0 with /nix/store/2d5i1bzbqbnl4rgnhk8czrw5zmqqjdzv-arduino-ide-2.3.6-extracted/resources/app/lib/backend/plugin-vscode-init)
2025-08-26 11:16:49 2025-08-26T18:16:49.068Z root INFO [hosted-plugin: 12175] PLUGIN_HOST(12175): PluginManagerExtImpl/loadPlugin(/nix/store/2d5i1bzbqbnl4rgnhk8czrw5zmqqjdzv-arduino-ide-2.3.6-extracted/resources/app/plugins/vscode-builtin-json-language-features/extension/client/dist/node/jsonClientMain)
2025-08-26 11:16:49 2025-08-26T18:16:49.127Z root INFO [hosted-plugin: 12175] PLUGIN_HOST(12175): PluginManagerExtImpl/loadPlugin(/nix/store/2d5i1bzbqbnl4rgnhk8czrw5zmqqjdzv-arduino-ide-2.3.6-extracted/resources/app/plugins/vscode-arduino-api/extension/dist/extension.js)
2025-08-26 11:16:49 2025-08-26T18:16:49.130Z root INFO [hosted-plugin: 12175] calling activation function on Arduino IDE API for VS Code extensions
2025-08-26 11:16:49 2025-08-26T18:16:49.135Z root INFO [e8fd6ed3-6834-4552-95cd-42707e633620] Starting plugins.
2025-08-26 11:16:49 2025-08-26T18:16:49.175Z root INFO [hosted-plugin: 12175] PLUGIN_HOST(12175): PluginManagerExtImpl/loadPlugin(/nix/store/2d5i1bzbqbnl4rgnhk8czrw5zmqqjdzv-arduino-ide-2.3.6-extracted/resources/app/plugins/cortex-debug/extension/dist/extension.js)
2025-08-26 11:16:49 2025-08-26T18:16:49.209Z root INFO [hosted-plugin: 12175] Debug configuration provider has been registered: cortex-debug, trigger: 1
2025-08-26 11:16:49 2025-08-26T18:16:49.209Z root INFO [hosted-plugin: 12175] calling activation function on Cortex-Debug
2025-08-26 11:16:49 2025-08-26T18:16:49.212Z root INFO [hosted-plugin: 12175] GDB server console created
2025-08-26 11:16:49 2025-08-26T18:16:49.225Z root INFO [e8fd6ed3-6834-4552-95cd-42707e633620] Start of 23 plugins: 1844.6 ms [Finished 5.329 s after frontend start]
2025-08-26 11:16:49 2025-08-26T18:16:49.317Z root INFO Starting language server: esp32:esp32:sparkfun_esp32s3_thing_plus:UploadSpeed=921600,USBMode=default,CDCOnBoot=default,MSCOnBoot=default,DFUOnBoot=default,UploadMode=default,CPUFreq=240,FlashMode=qio,PartitionScheme=default,DebugLevel=none,PSRAM=enabled,LoopCore=1,EventsCore=1,EraseFlash=none,JTAGAdapter=default,ZigbeeMode=default
2025-08-26 11:16:49 2025-08-26T18:16:49.341Z root INFO [hosted-plugin: 12175] PLUGIN_HOST(12175): PluginManagerExtImpl/loadPlugin(/nix/store/2d5i1bzbqbnl4rgnhk8czrw5zmqqjdzv-arduino-ide-2.3.6-extracted/resources/app/plugins/vscode-arduino-tools/extension/dist/extension.js)
2025-08-26 11:16:49 2025-08-26T18:16:49.381Z root INFO [hosted-plugin: 12175] calling activation function on VS Code Arduino Tools
2025-08-26 11:16:49 2025-08-26T18:16:49.396Z root INFO [hosted-plugin: 12175] calling activation function on JSON Language Features (built-in)
2025-08-26 11:16:49 2025-08-26T18:16:49.422Z daemon INFO time="2025-08-26T11:16:49-07:00" level=info msg="Adding libraries dir" dir=/home/aaron/.arduino15/libraries isSingleLibrary=false location=ide
2025-08-26 11:16:49 2025-08-26T18:16:49.422Z daemon INFO time="2025-08-26T11:16:49-07:00" level=info msg="Adding libraries dir" dir=/home/aaron/.arduino15/packages/esp32/hardware/esp32/3.3.0/libraries isSingleLibrary=false location=platform
time="2025-08-26T11:16:49-07:00" level=info msg="Adding libraries dir" dir=/home/aaron/Arduino/libraries isSingleLibrary=false location=user
2025-08-26 11:16:51 2025-08-26T18:16:51.592Z daemon INFO time="2025-08-26T11:16:51-07:00" level=info msg="Adding libraries dir" dir=/home/aaron/.arduino15/libraries isSingleLibrary=false location=ide
time="2025-08-26T11:16:51-07:00" level=info msg="Adding libraries dir" dir=/home/aaron/.arduino15/packages/esp32/hardware/esp32/3.3.0/libraries isSingleLibrary=false location=platform
time="2025-08-26T11:16:51-07:00" level=info msg="Adding libraries dir" dir=/home/aaron/Arduino/libraries isSingleLibrary=false location=user
2025-08-26 11:23:21 2025-08-26T18:23:21.453Z daemon INFO time="2025-08-26T11:23:21-07:00" level=info msg="Adding libraries dir" dir=/home/aaron/.arduino15/libraries isSingleLibrary=false location=ide
time="2025-08-26T11:23:21-07:00" level=info msg="Adding libraries dir" dir=/home/aaron/.arduino15/packages/esp32/hardware/esp32/3.3.0/libraries isSingleLibrary=false location=platform
2025-08-26 11:23:21 2025-08-26T18:23:21.453Z daemon INFO time="2025-08-26T11:23:21-07:00" level=info msg="Adding libraries dir" dir=/home/aaron/Arduino/libraries isSingleLibrary=false location=user
2025-08-26 11:23:35 2025-08-26T18:23:35.166Z discovery-log INFO {"eventType":"add","port":{"matchingBoardsList":[{"name":"Arduino UNO R4 WiFi","fqbn":"arduino:renesas_uno:unor4wifi","isHidden":false}],"port":{"address":"/dev/ttyACM0","label":"/dev/ttyACM0","protocol":"serial","protocolLabel":"Serial Port (USB)","propertiesMap":[["pid","0x1002"],["serialNumber","9888E0072B9C"],["vid","0x2341"]],"hardwareId":"9888E0072B9C"}},"error":""}
2025-08-26 11:23:35 2025-08-26T18:23:35.458Z daemon INFO time="2025-08-26T11:23:35-07:00" level=info msg="Starting monitor process" monitor=serial-monitor
2025-08-26 11:23:35 2025-08-26T18:23:35.459Z daemon INFO time="2025-08-26T11:23:35-07:00" level=info msg="Monitor process started successfully!" monitor=serial-monitor
time="2025-08-26T11:23:35-07:00" level=info msg="sending command" command="HELLO 1 \"arduino-cli 1.2.0\"" monitor=serial-monitor
2025-08-26 11:23:35 2025-08-26T18:23:35.477Z daemon INFO time="2025-08-26T11:23:35-07:00" level=info msg="received message" error=false event_type=hello message=OK monitor=serial-monitor
time="2025-08-26T11:23:35-07:00" level=info msg="sending command" command=DESCRIBE monitor=serial-monitor
2025-08-26 11:23:35 2025-08-26T18:23:35.477Z daemon INFO time="2025-08-26T11:23:35-07:00" level=info msg="received message" error=false event_type=describe message=OK monitor=serial-monitor
2025-08-26 11:23:35 2025-08-26T18:23:35.477Z daemon INFO time="2025-08-26T11:23:35-07:00" level=info msg="sending command" command=QUIT monitor=serial-monitor
time="2025-08-26T11:23:35-07:00" level=info msg="received message" error=false event_type=quit message=OK monitor=serial-monitor
2025-08-26 11:23:35 2025-08-26T18:23:35.477Z daemon INFO time="2025-08-26T11:23:35-07:00" level=info msg="Killing monitor process" monitor=serial-monitor
2025-08-26 11:23:35 2025-08-26T18:23:35.478Z daemon INFO time="2025-08-26T11:23:35-07:00" level=error msg="stopped decode loop: EOF" monitor=serial-monitor
time="2025-08-26T11:23:35-07:00" level=info msg="Monitor process killed" monitor=serial-monitor
2025-08-26 11:23:35 2025-08-26T18:23:35.525Z monitor-service INFO starting monitor
2025-08-26 11:23:35 2025-08-26T18:23:35.527Z daemon INFO time="2025-08-26T11:23:35-07:00" level=info msg="Starting monitor process" monitor=serial-monitor
2025-08-26 11:23:35 2025-08-26T18:23:35.528Z daemon INFO time="2025-08-26T11:23:35-07:00" level=info msg="Monitor process started successfully!" monitor=serial-monitor
time="2025-08-26T11:23:35-07:00" level=info msg="sending command" command="HELLO 1 \"arduino-cli 1.2.0\"" monitor=serial-monitor
2025-08-26 11:23:35 2025-08-26T18:23:35.531Z daemon INFO time="2025-08-26T11:23:35-07:00" level=info msg="received message" error=false event_type=hello message=OK monitor=serial-monitor
time="2025-08-26T11:23:35-07:00" level=info msg="sending command" command=DESCRIBE monitor=serial-monitor
2025-08-26 11:23:35 2025-08-26T18:23:35.532Z daemon INFO time="2025-08-26T11:23:35-07:00" level=info msg="received message" error=false event_type=describe message=OK monitor=serial-monitor
time="2025-08-26T11:23:35-07:00" level=info msg="sending command" command=QUIT monitor=serial-monitor
2025-08-26 11:23:35 2025-08-26T18:23:35.532Z daemon INFO time="2025-08-26T11:23:35-07:00" level=info msg="received message" error=false event_type=quit message=OK monitor=serial-monitor
time="2025-08-26T11:23:35-07:00" level=info msg="Killing monitor process" monitor=serial-monitor
2025-08-26 11:23:35 2025-08-26T18:23:35.532Z daemon INFO time="2025-08-26T11:23:35-07:00" level=error msg="stopped decode loop: read |0: file already closed" monitor=serial-monitor
time="2025-08-26T11:23:35-07:00" level=info msg="Monitor process killed" monitor=serial-monitor
2025-08-26 11:23:35 2025-08-26T18:23:35.540Z daemon INFO time="2025-08-26T11:23:35-07:00" level=info msg="Starting monitor process" monitor=serial-monitor
2025-08-26 11:23:35 2025-08-26T18:23:35.540Z daemon INFO time="2025-08-26T11:23:35-07:00" level=info msg="Monitor process started successfully!" monitor=serial-monitor
time="2025-08-26T11:23:35-07:00" level=info msg="sending command" command="HELLO 1 \"arduino-cli 1.2.0\"" monitor=serial-monitor
2025-08-26 11:23:35 2025-08-26T18:23:35.543Z daemon INFO time="2025-08-26T11:23:35-07:00" level=info msg="received message" error=false event_type=hello message=OK monitor=serial-monitor
time="2025-08-26T11:23:35-07:00" level=info msg="sending command" command=DESCRIBE monitor=serial-monitor
2025-08-26 11:23:35 2025-08-26T18:23:35.543Z daemon INFO time="2025-08-26T11:23:35-07:00" level=info msg="received message" error=false event_type=describe message=OK monitor=serial-monitor
2025-08-26 11:23:35 2025-08-26T18:23:35.543Z daemon INFO time="2025-08-26T11:23:35-07:00" level=info msg="sending command" command="CONFIGURE stop_bits 1" monitor=serial-monitor
2025-08-26 11:23:35 2025-08-26T18:23:35.543Z daemon INFO time="2025-08-26T11:23:35-07:00" level=info msg="received message" error=false event_type=configure message=OK monitor=serial-monitor
time="2025-08-26T11:23:35-07:00" level=info msg="sending command" command="CONFIGURE baudrate 115200" monitor=serial-monitor
2025-08-26 11:23:35 2025-08-26T18:23:35.543Z daemon INFO time="2025-08-26T11:23:35-07:00" level=info msg="received message" error=false event_type=configure message=OK monitor=serial-monitor
2025-08-26 11:23:35 2025-08-26T18:23:35.544Z daemon INFO time="2025-08-26T11:23:35-07:00" level=info msg="sending command" command="CONFIGURE bits 8" monitor=serial-monitor
2025-08-26 11:23:35 2025-08-26T18:23:35.544Z daemon INFO time="2025-08-26T11:23:35-07:00" level=info msg="received message" error=false event_type=configure message=OK monitor=serial-monitor
time="2025-08-26T11:23:35-07:00" level=info msg="sending command" command="CONFIGURE dtr on" monitor=serial-monitor
2025-08-26 11:23:35 2025-08-26T18:23:35.544Z daemon INFO time="2025-08-26T11:23:35-07:00" level=info msg="received message" error=false event_type=configure message=OK monitor=serial-monitor
2025-08-26 11:23:35 2025-08-26T18:23:35.544Z daemon INFO time="2025-08-26T11:23:35-07:00" level=info msg="sending command" command="CONFIGURE parity none" monitor=serial-monitor
time="2025-08-26T11:23:35-07:00" level=info msg="received message" error=false event_type=configure message=OK monitor=serial-monitor
2025-08-26 11:23:35 2025-08-26T18:23:35.544Z daemon INFO time="2025-08-26T11:23:35-07:00" level=info msg="sending command" command="CONFIGURE rts on" monitor=serial-monitor
2025-08-26 11:23:35 2025-08-26T18:23:35.544Z daemon INFO time="2025-08-26T11:23:35-07:00" level=info msg="received message" error=false event_type=configure message=OK monitor=serial-monitor
2025-08-26 11:23:35 2025-08-26T18:23:35.544Z daemon INFO time="2025-08-26T11:23:35-07:00" level=info msg="sending command" command="OPEN 127.0.0.1:37847 /dev/ttyACM0" monitor=serial-monitor
2025-08-26 11:23:35 2025-08-26T18:23:35.547Z daemon INFO time="2025-08-26T11:23:35-07:00" level=info msg="received message" error=false event_type=open message=OK monitor=serial-monitor
2025-08-26 11:23:35 2025-08-26T18:23:35.547Z daemon INFO time="2025-08-26T11:23:35-07:00" level=info msg="Port /dev/ttyACM0 successfully opened"
2025-08-26 11:23:35 2025-08-26T18:23:35.549Z monitor-service INFO Using port configuration for serial:/dev/ttyACM0: {"settingsList":[{"settingId":"stop_bits","value":"1"},{"settingId":"baudrate","value":"115200"},{"settingId":"bits","value":"8"},{"settingId":"dtr","value":"on"},{"settingId":"parity","value":"none"},{"settingId":"rts","value":"on"}]}
2025-08-26 11:23:35 2025-08-26T18:23:35.549Z monitor-service INFO started monitor to /dev/ttyACM0 using serial
2025-08-26 11:23:35 2025-08-26T18:23:35.567Z monitor-service INFO No port configuration changes have been detected. No need to send configure commands to the running monitor serial:/dev/ttyACM0.
2025-08-26 11:23:47 2025-08-26T18:23:47.729Z daemon INFO time="2025-08-26T11:23:47-07:00" level=info msg="sending command" command=CLOSE monitor=serial-monitor
2025-08-26 11:23:47 2025-08-26T18:23:47.732Z daemon INFO time="2025-08-26T11:23:47-07:00" level=info msg="received message" error=false event_type=close message=OK monitor=serial-monitor
time="2025-08-26T11:23:47-07:00" level=info msg="sending command" command=QUIT monitor=serial-monitor
2025-08-26 11:23:47 2025-08-26T18:23:47.732Z daemon INFO time="2025-08-26T11:23:47-07:00" level=info msg="received message" error=false event_type=quit message=OK monitor=serial-monitor
time="2025-08-26T11:23:47-07:00" level=info msg="Killing monitor process" monitor=serial-monitor
2025-08-26 11:23:47 2025-08-26T18:23:47.732Z daemon INFO time="2025-08-26T11:23:47-07:00" level=error msg="stopped decode loop: EOF" monitor=serial-monitor
time="2025-08-26T11:23:47-07:00" level=info msg="Monitor process killed" monitor=serial-monitor
2025-08-26 11:23:47 2025-08-26T18:23:47.734Z monitor-service INFO monitor to /dev/ttyACM0 using serial closed by server
2025-08-26 11:23:47 2025-08-26T18:23:47.834Z daemon INFO time="2025-08-26T11:23:47-07:00" level=info msg="Starting monitor process" monitor=serial-monitor
time="2025-08-26T11:23:47-07:00" level=info msg="Monitor process started successfully!" monitor=serial-monitor
time="2025-08-26T11:23:47-07:00" level=info msg="sending command" command="HELLO 1 \"arduino-cli 1.2.0\"" monitor=serial-monitor
time="2025-08-26T11:23:47-07:00" level=info msg="received message" error=false event_type=hello message=OK monitor=serial-monitor
time="2025-08-26T11:23:47-07:00" level=info msg="sending command" command=DESCRIBE monitor=serial-monitor
time="2025-08-26T11:23:47-07:00" level=info msg="received message" error=false event_type=describe message=OK monitor=serial-monitor
time="2025-08-26T11:23:47-07:00" level=info msg="sending command" command=QUIT monitor=serial-monitor
time="2025-08-26T11:23:47-07:00" level=info msg="received message" error=false event_type=quit message=OK monitor=serial-monitor
time="2025-08-26T11:23:47-07:00" level=info msg="Killing monitor process" monitor=serial-monitor
time="2025-08-26T11:23:47-07:00" level=error msg="stopped decode loop: EOF" monitor=serial-monitor
time="2025-08-26T11:23:47-07:00" level=info msg="Monitor process killed" monitor=serial-monitor
2025-08-26 11:23:48 2025-08-26T18:23:47.981Z root INFO Starting language server: arduino:renesas_uno:unor4wifi
2025-08-26 11:23:48 2025-08-26T18:23:47.982Z monitor-service INFO starting monitor
2025-08-26 11:23:48 2025-08-26T18:23:47.983Z daemon INFO time="2025-08-26T11:23:47-07:00" level=info msg="Tool required for debug" tool="arduino:arm-none-eabi-gcc@7-2017q4"
time="2025-08-26T11:23:47-07:00" level=info msg="Tool required for debug" tool="arduino:bossac@1.9.1-arduino5"
2025-08-26 11:23:48 2025-08-26T18:23:47.983Z daemon INFO time="2025-08-26T11:23:47-07:00" level=info msg="Tool required for debug" tool="arduino:dfu-util@0.11.0-arduino5"
time="2025-08-26T11:23:47-07:00" level=info msg="Tool required for debug" tool="arduino:openocd@0.11.0-arduino2"
time="2025-08-26T11:23:47-07:00" level=info msg="Tool required for debug" tool="esp32:mkspiffs@0.2.3"
time="2025-08-26T11:23:47-07:00" level=info msg="Tool required for debug" tool="esp32:mklittlefs@3.0.0-gnu12-dc7f933"
time="2025-08-26T11:23:47-07:00" level=info msg="Tool required for debug" tool="builtin:dfu-discovery@0.1.2"
2025-08-26 11:23:48 2025-08-26T18:23:47.983Z daemon INFO time="2025-08-26T11:23:47-07:00" level=info msg="Tool required for debug" tool="builtin:mdns-discovery@1.0.9"
time="2025-08-26T11:23:47-07:00" level=info msg="Tool required for debug" tool="builtin:serial-monitor@0.15.0"
time="2025-08-26T11:23:47-07:00" level=info msg="Tool required for debug" tool="esp32:riscv32-esp-elf-gdb@16.2_20250324"
2025-08-26 11:23:48 2025-08-26T18:23:47.983Z daemon INFO time="2025-08-26T11:23:47-07:00" level=info msg="Tool required for debug" tool="esp32:esptool_py@5.0.0"
time="2025-08-26T11:23:47-07:00" level=info msg="Tool required for debug" tool="esp32:esp-x32@2411"
time="2025-08-26T11:23:47-07:00" level=info msg="Tool required for debug" tool="arduino:arduinoOTA@1.3.0"
time="2025-08-26T11:23:47-07:00" level=info msg="Tool required for debug" tool="arduino:avrdude@6.3.0-arduino17"
time="2025-08-26T11:23:47-07:00" level=info msg="Tool required for debug" tool="arduino:avr-gcc@7.3.0-atmel3.6.1-arduino7"
2025-08-26 11:23:48 2025-08-26T18:23:47.983Z daemon INFO time="2025-08-26T11:23:47-07:00" level=info msg="Tool required for debug" tool="esp32:openocd-esp32@v0.12.0-esp32-20250422"
time="2025-08-26T11:23:47-07:00" level=info msg="Tool required for debug" tool="esp32:esp32-arduino-libs@idf-release_v5.5-b66b5448-v1"
time="2025-08-26T11:23:47-07:00" level=info msg="Tool required for debug" tool="esp32:esp-rv32@2411"
2025-08-26 11:23:48 2025-08-26T18:23:47.983Z daemon INFO time="2025-08-26T11:23:47-07:00" level=info msg="Tool required for debug" tool="esp32:xtensa-esp-elf-gdb@16.2_20250324"
time="2025-08-26T11:23:47-07:00" level=info msg="Tool required for debug" tool="builtin:ctags@5.8-arduino11"
2025-08-26 11:23:48 2025-08-26T18:23:47.983Z daemon INFO time="2025-08-26T11:23:47-07:00" level=info msg="Tool required for debug" tool="builtin:serial-discovery@1.4.1"
time="2025-08-26T11:23:47-07:00" level=info msg="Starting monitor process" monitor=serial-monitor
2025-08-26 11:23:48 2025-08-26T18:23:47.984Z daemon INFO time="2025-08-26T11:23:47-07:00" level=info msg="Monitor process started successfully!" monitor=serial-monitor
time="2025-08-26T11:23:47-07:00" level=info msg="sending command" command="HELLO 1 \"arduino-cli 1.2.0\"" monitor=serial-monitor
2025-08-26 11:23:48 2025-08-26T18:23:47.987Z daemon INFO time="2025-08-26T11:23:47-07:00" level=info msg="received message" error=false event_type=hello message=OK monitor=serial-monitor
time="2025-08-26T11:23:47-07:00" level=info msg="sending command" command=DESCRIBE monitor=serial-monitor
2025-08-26 11:23:48 2025-08-26T18:23:47.987Z daemon INFO time="2025-08-26T11:23:47-07:00" level=info msg="received message" error=false event_type=describe message=OK monitor=serial-monitor
2025-08-26 11:23:48 2025-08-26T18:23:47.987Z daemon INFO time="2025-08-26T11:23:47-07:00" level=info msg="sending command" command=QUIT monitor=serial-monitor
2025-08-26 11:23:48 2025-08-26T18:23:47.987Z daemon INFO time="2025-08-26T11:23:47-07:00" level=info msg="received message" error=false event_type=quit message=OK monitor=serial-monitor
time="2025-08-26T11:23:47-07:00" level=info msg="Killing monitor process" monitor=serial-monitor
2025-08-26 11:23:48 2025-08-26T18:23:47.988Z daemon INFO time="2025-08-26T11:23:47-07:00" level=error msg="stopped decode loop: EOF" monitor=serial-monitor
2025-08-26 11:23:48 2025-08-26T18:23:47.988Z daemon INFO time="2025-08-26T11:23:47-07:00" level=info msg="Monitor process killed" monitor=serial-monitor
2025-08-26 11:23:48 2025-08-26T18:23:47.991Z daemon INFO time="2025-08-26T11:23:47-07:00" level=info msg="Starting monitor process" monitor=serial-monitor
2025-08-26 11:23:48 2025-08-26T18:23:47.992Z daemon INFO time="2025-08-26T11:23:47-07:00" level=info msg="Monitor process started successfully!" monitor=serial-monitor
time="2025-08-26T11:23:47-07:00" level=info msg="sending command" command="HELLO 1 \"arduino-cli 1.2.0\"" monitor=serial-monitor
2025-08-26 11:23:48 2025-08-26T18:23:47.995Z daemon INFO time="2025-08-26T11:23:47-07:00" level=info msg="received message" error=false event_type=hello message=OK monitor=serial-monitor
2025-08-26 11:23:48 2025-08-26T18:23:47.995Z daemon INFO time="2025-08-26T11:23:47-07:00" level=info msg="sending command" command=DESCRIBE monitor=serial-monitor
2025-08-26 11:23:48 2025-08-26T18:23:47.995Z daemon INFO time="2025-08-26T11:23:47-07:00" level=info msg="received message" error=false event_type=describe message=OK monitor=serial-monitor
time="2025-08-26T11:23:47-07:00" level=info msg="sending command" command="CONFIGURE stop_bits 1" monitor=serial-monitor
2025-08-26 11:23:48 2025-08-26T18:23:47.995Z daemon INFO time="2025-08-26T11:23:47-07:00" level=info msg="received message" error=false event_type=configure message=OK monitor=serial-monitor
2025-08-26 11:23:48 2025-08-26T18:23:47.995Z daemon INFO time="2025-08-26T11:23:47-07:00" level=info msg="sending command" command="CONFIGURE baudrate 115200" monitor=serial-monitor
2025-08-26 11:23:48 2025-08-26T18:23:47.995Z daemon INFO time="2025-08-26T11:23:47-07:00" level=info msg="received message" error=false event_type=configure message=OK monitor=serial-monitor
time="2025-08-26T11:23:47-07:00" level=info msg="sending command" command="CONFIGURE bits 8" monitor=serial-monitor
2025-08-26 11:23:48 2025-08-26T18:23:47.995Z daemon INFO time="2025-08-26T11:23:47-07:00" level=info msg="received message" error=false event_type=configure message=OK monitor=serial-monitor
2025-08-26 11:23:48 2025-08-26T18:23:47.995Z daemon INFO time="2025-08-26T11:23:47-07:00" level=info msg="sending command" command="CONFIGURE dtr on" monitor=serial-monitor
2025-08-26 11:23:48 2025-08-26T18:23:47.995Z daemon INFO time="2025-08-26T11:23:47-07:00" level=info msg="received message" error=false event_type=configure message=OK monitor=serial-monitor
2025-08-26 11:23:48 2025-08-26T18:23:47.995Z daemon INFO time="2025-08-26T11:23:47-07:00" level=info msg="sending command" command="CONFIGURE parity none" monitor=serial-monitor
2025-08-26 11:23:48 2025-08-26T18:23:47.996Z daemon INFO time="2025-08-26T11:23:47-07:00" level=info msg="received message" error=false event_type=configure message=OK monitor=serial-monitor
2025-08-26 11:23:48 2025-08-26T18:23:47.996Z daemon INFO time="2025-08-26T11:23:47-07:00" level=info msg="sending command" command="CONFIGURE rts on" monitor=serial-monitor
time="2025-08-26T11:23:47-07:00" level=info msg="received message" error=false event_type=configure message=OK monitor=serial-monitor
2025-08-26 11:23:48 2025-08-26T18:23:47.996Z daemon INFO time="2025-08-26T11:23:47-07:00" level=info msg="sending command" command="OPEN 127.0.0.1:43655 /dev/ttyACM0" monitor=serial-monitor
2025-08-26 11:23:48 2025-08-26T18:23:47.996Z daemon INFO time="2025-08-26T11:23:47-07:00" level=info msg="received message" error=false event_type=open message=OK monitor=serial-monitor
2025-08-26 11:23:48 2025-08-26T18:23:47.996Z daemon INFO time="2025-08-26T11:23:47-07:00" level=info msg="Port /dev/ttyACM0 successfully opened"
2025-08-26 11:23:48 2025-08-26T18:23:47.997Z monitor-service INFO Using port configuration for serial:/dev/ttyACM0: {"settingsList":[{"settingId":"stop_bits","value":"1"},{"settingId":"baudrate","value":"115200"},{"settingId":"bits","value":"8"},{"settingId":"dtr","value":"on"},{"settingId":"parity","value":"none"},{"settingId":"rts","value":"on"}]}
2025-08-26 11:23:48 2025-08-26T18:23:47.997Z monitor-service INFO started monitor to /dev/ttyACM0 using serial
2025-08-26 11:23:48 2025-08-26T18:23:48.013Z monitor-service INFO No port configuration changes have been detected. No need to send configure commands to the running monitor serial:/dev/ttyACM0.
2025-08-26 11:23:48 2025-08-26T18:23:48.051Z daemon INFO time="2025-08-26T11:23:48-07:00" level=info msg="Adding libraries dir" dir=/home/aaron/.arduino15/libraries isSingleLibrary=false location=ide
time="2025-08-26T11:23:48-07:00" level=info msg="Adding libraries dir" dir=/home/aaron/.arduino15/packages/arduino/hardware/renesas_uno/1.5.0/libraries isSingleLibrary=false location=platform
2025-08-26 11:23:48 2025-08-26T18:23:48.051Z daemon INFO time="2025-08-26T11:23:48-07:00" level=info msg="Adding libraries dir" dir=/home/aaron/Arduino/libraries isSingleLibrary=false location=user
2025-08-26 11:23:48 2025-08-26T18:23:48.890Z daemon INFO time="2025-08-26T11:23:48-07:00" level=info msg="Adding libraries dir" dir=/home/aaron/.arduino15/libraries isSingleLibrary=false location=ide
time="2025-08-26T11:23:48-07:00" level=info msg="Adding libraries dir" dir=/home/aaron/.arduino15/packages/arduino/hardware/renesas_uno/1.5.0/libraries isSingleLibrary=false location=platform
time="2025-08-26T11:23:48-07:00" level=info msg="Adding libraries dir" dir=/home/aaron/Arduino/libraries isSingleLibrary=false location=user
2025-08-26 11:23:54 2025-08-26T18:23:54.799Z daemon INFO time="2025-08-26T11:23:54-07:00" level=info msg="Adding libraries dir" dir=/home/aaron/.arduino15/libraries isSingleLibrary=false location=ide
time="2025-08-26T11:23:54-07:00" level=info msg="Adding libraries dir" dir=/home/aaron/.arduino15/packages/arduino/hardware/renesas_uno/1.5.0/libraries isSingleLibrary=false location=platform
2025-08-26 11:23:54 2025-08-26T18:23:54.799Z daemon INFO time="2025-08-26T11:23:54-07:00" level=info msg="Adding libraries dir" dir=/home/aaron/Arduino/libraries isSingleLibrary=false location=user
2025-08-26 11:23:57 2025-08-26T18:23:57.058Z root INFO Executing 'arduino.languageserver.notifyBuildDidComplete' with "file:///home/aaron/.cache/arduino/sketches/4ACDEEF071B0290E2B17A28C79EE9107"
2025-08-26 11:23:57 2025-08-26T18:23:57.062Z daemon INFO time="2025-08-26T11:23:57-07:00" level=info msg="sending command" command=CLOSE monitor=serial-monitor
2025-08-26 11:23:57 2025-08-26T18:23:57.064Z daemon INFO time="2025-08-26T11:23:57-07:00" level=info msg="received message" error=false event_type=close message=OK monitor=serial-monitor
time="2025-08-26T11:23:57-07:00" level=info msg="sending command" command=QUIT monitor=serial-monitor
2025-08-26 11:23:57 2025-08-26T18:23:57.064Z daemon INFO time="2025-08-26T11:23:57-07:00" level=info msg="received message" error=false event_type=quit message=OK monitor=serial-monitor
time="2025-08-26T11:23:57-07:00" level=info msg="Killing monitor process" monitor=serial-monitor
2025-08-26 11:23:57 2025-08-26T18:23:57.065Z daemon INFO time="2025-08-26T11:23:57-07:00" level=error msg="stopped decode loop: EOF" monitor=serial-monitor
2025-08-26 11:23:57 2025-08-26T18:23:57.065Z daemon INFO time="2025-08-26T11:23:57-07:00" level=info msg="Monitor process killed" monitor=serial-monitor
2025-08-26 11:23:57 2025-08-26T18:23:57.068Z monitor-service INFO monitor to /dev/ttyACM0 using serial closed by server
2025-08-26 11:23:57 2025-08-26T18:23:57.071Z daemon INFO time="2025-08-26T11:23:57-07:00" level=info msg="Performing 1200-bps touch reset on serial port /dev/ttyACM0" phase="board reset"
2025-08-26 11:23:57 2025-08-26T18:23:57.102Z daemon INFO time="2025-08-26T11:23:57-07:00" level=info msg="Tool required for debug" tool="arduino:arm-none-eabi-gcc@7-2017q4"
time="2025-08-26T11:23:57-07:00" level=info msg="Tool required for debug" tool="arduino:bossac@1.9.1-arduino5"
time="2025-08-26T11:23:57-07:00" level=info msg="Tool required for debug" tool="arduino:dfu-util@0.11.0-arduino5"
2025-08-26 11:23:57 2025-08-26T18:23:57.102Z daemon INFO time="2025-08-26T11:23:57-07:00" level=info msg="Tool required for debug" tool="arduino:openocd@0.11.0-arduino2"
time="2025-08-26T11:23:57-07:00" level=info msg="Tool required for debug" tool="builtin:serial-monitor@0.15.0"
time="2025-08-26T11:23:57-07:00" level=info msg="Tool required for debug" tool="arduino:avr-gcc@7.3.0-atmel3.6.1-arduino7"
time="2025-08-26T11:23:57-07:00" level=info msg="Tool required for debug" tool="arduino:avrdude@6.3.0-arduino17"
time="2025-08-26T11:23:57-07:00" level=info msg="Tool required for debug" tool="builtin:ctags@5.8-arduino11"
time="2025-08-26T11:23:57-07:00" level=info msg="Tool required for debug" tool="builtin:serial-discovery@1.4.1"
time="2025-08-26T11:23:57-07:00" level=info msg="Tool required for debug" tool="esp32:riscv32-esp-elf-gdb@16.2_20250324"
2025-08-26 11:23:57 2025-08-26T18:23:57.102Z daemon INFO time="2025-08-26T11:23:57-07:00" level=info msg="Tool required for debug" tool="esp32:esp-x32@2411"
time="2025-08-26T11:23:57-07:00" level=info msg="Tool required for debug" tool="esp32:xtensa-esp-elf-gdb@16.2_20250324"
2025-08-26 11:23:57 2025-08-26T18:23:57.102Z daemon INFO time="2025-08-26T11:23:57-07:00" level=info msg="Tool required for debug" tool="esp32:mklittlefs@3.0.0-gnu12-dc7f933"
time="2025-08-26T11:23:57-07:00" level=info msg="Tool required for debug" tool="builtin:dfu-discovery@0.1.2"
2025-08-26 11:23:57 2025-08-26T18:23:57.102Z daemon INFO time="2025-08-26T11:23:57-07:00" level=info msg="Tool required for debug" tool="esp32:esp32-arduino-libs@idf-release_v5.5-b66b5448-v1"
time="2025-08-26T11:23:57-07:00" level=info msg="Tool required for debug" tool="esp32:esptool_py@5.0.0"
2025-08-26 11:23:57 2025-08-26T18:23:57.102Z daemon INFO time="2025-08-26T11:23:57-07:00" level=info msg="Tool required for debug" tool="esp32:openocd-esp32@v0.12.0-esp32-20250422"
time="2025-08-26T11:23:57-07:00" level=info msg="Tool required for debug" tool="esp32:esp-rv32@2411"
2025-08-26 11:23:57 2025-08-26T18:23:57.102Z daemon INFO time="2025-08-26T11:23:57-07:00" level=info msg="Tool required for debug" tool="arduino:arduinoOTA@1.3.0"
time="2025-08-26T11:23:57-07:00" level=info msg="Tool required for debug" tool="builtin:mdns-discovery@1.0.9"
2025-08-26 11:23:57 2025-08-26T18:23:57.102Z daemon INFO time="2025-08-26T11:23:57-07:00" level=info msg="Tool required for debug" tool="esp32:mkspiffs@0.2.3"
2025-08-26 11:23:58 2025-08-26T18:23:58.098Z daemon INFO time="2025-08-26T11:23:58-07:00" level=info msg="Adding libraries dir" dir=/home/aaron/.arduino15/libraries isSingleLibrary=false location=ide
time="2025-08-26T11:23:58-07:00" level=info msg="Adding libraries dir" dir=/home/aaron/.arduino15/packages/arduino/hardware/renesas_uno/1.5.0/libraries isSingleLibrary=false location=platform
time="2025-08-26T11:23:58-07:00" level=info msg="Adding libraries dir" dir=/home/aaron/Arduino/libraries isSingleLibrary=false location=user
2025-08-26 11:23:59 2025-08-26T18:23:59.072Z root WARN Widget was activated, but did not accept focus after 2000ms: serial-monitor
2025-08-26 11:24:02 2025-08-26T18:24:02.309Z root INFO Received port after upload [arduino+serial:///dev/ttyACM0, arduino:renesas_uno:unor4wifi, sketch_aug26a]. Before port: {"address":"/dev/ttyACM0","addressLabel":"/dev/ttyACM0","protocol":"serial","protocolLabel":"Serial Port (USB)","properties":{"pid":"0x1001","serialNumber":"94:A9:90:7D:0E:B4","vid":"0x303a"},"hardwareId":"94:A9:90:7D:0E:B4"}, after port: {"address":"/dev/ttyACM0","addressLabel":"/dev/ttyACM0","protocol":"serial","protocolLabel":"Serial Port (USB)","properties":{"pid":"0x1002","serialNumber":"9888E0072B9C","vid":"0x2341"},"hardwareId":"9888E0072B9C"}
2025-08-26 11:24:02 2025-08-26T18:24:02.311Z monitor-service INFO starting monitor
2025-08-26 11:24:02 2025-08-26T18:24:02.312Z daemon INFO time="2025-08-26T11:24:02-07:00" level=info msg="Starting monitor process" monitor=serial-monitor
2025-08-26 11:24:02 2025-08-26T18:24:02.313Z daemon INFO time="2025-08-26T11:24:02-07:00" level=info msg="Monitor process started successfully!" monitor=serial-monitor
time="2025-08-26T11:24:02-07:00" level=info msg="sending command" command="HELLO 1 \"arduino-cli 1.2.0\"" monitor=serial-monitor
2025-08-26 11:24:02 2025-08-26T18:24:02.316Z daemon INFO time="2025-08-26T11:24:02-07:00" level=info msg="received message" error=false event_type=hello message=OK monitor=serial-monitor
time="2025-08-26T11:24:02-07:00" level=info msg="sending command" command=DESCRIBE monitor=serial-monitor
2025-08-26 11:24:02 2025-08-26T18:24:02.316Z daemon INFO time="2025-08-26T11:24:02-07:00" level=info msg="received message" error=false event_type=describe message=OK monitor=serial-monitor
time="2025-08-26T11:24:02-07:00" level=info msg="sending command" command=QUIT monitor=serial-monitor
2025-08-26 11:24:02 2025-08-26T18:24:02.317Z daemon INFO time="2025-08-26T11:24:02-07:00" level=info msg="received message" error=false event_type=quit message=OK monitor=serial-monitor
2025-08-26 11:24:02 2025-08-26T18:24:02.317Z daemon INFO time="2025-08-26T11:24:02-07:00" level=info msg="Killing monitor process" monitor=serial-monitor
2025-08-26 11:24:02 2025-08-26T18:24:02.317Z daemon INFO time="2025-08-26T11:24:02-07:00" level=error msg="stopped decode loop: EOF" monitor=serial-monitor
2025-08-26 11:24:02 2025-08-26T18:24:02.317Z daemon INFO time="2025-08-26T11:24:02-07:00" level=info msg="Monitor process killed" monitor=serial-monitor
2025-08-26 11:24:02 2025-08-26T18:24:02.320Z daemon INFO time="2025-08-26T11:24:02-07:00" level=info msg="Starting monitor process" monitor=serial-monitor
2025-08-26 11:24:02 2025-08-26T18:24:02.321Z daemon INFO time="2025-08-26T11:24:02-07:00" level=info msg="Monitor process started successfully!" monitor=serial-monitor
time="2025-08-26T11:24:02-07:00" level=info msg="sending command" command="HELLO 1 \"arduino-cli 1.2.0\"" monitor=serial-monitor
2025-08-26 11:24:02 2025-08-26T18:24:02.324Z daemon INFO time="2025-08-26T11:24:02-07:00" level=info msg="received message" error=false event_type=hello message=OK monitor=serial-monitor
time="2025-08-26T11:24:02-07:00" level=info msg="sending command" command=DESCRIBE monitor=serial-monitor
time="2025-08-26T11:24:02-07:00" level=info msg="received message" error=false event_type=describe message=OK monitor=serial-monitor
time="2025-08-26T11:24:02-07:00" level=info msg="sending command" command="CONFIGURE stop_bits 1" monitor=serial-monitor
2025-08-26 11:24:02 2025-08-26T18:24:02.324Z daemon INFO time="2025-08-26T11:24:02-07:00" level=info msg="received message" error=false event_type=configure message=OK monitor=serial-monitor
time="2025-08-26T11:24:02-07:00" level=info msg="sending command" command="CONFIGURE baudrate 115200" monitor=serial-monitor
2025-08-26 11:24:02 2025-08-26T18:24:02.324Z daemon INFO time="2025-08-26T11:24:02-07:00" level=info msg="received message" error=false event_type=configure message=OK monitor=serial-monitor
time="2025-08-26T11:24:02-07:00" level=info msg="sending command" command="CONFIGURE bits 8" monitor=serial-monitor
2025-08-26 11:24:02 2025-08-26T18:24:02.324Z daemon INFO time="2025-08-26T11:24:02-07:00" level=info msg="received message" error=false event_type=configure message=OK monitor=serial-monitor
2025-08-26 11:24:02 2025-08-26T18:24:02.324Z daemon INFO time="2025-08-26T11:24:02-07:00" level=info msg="sending command" command="CONFIGURE dtr on" monitor=serial-monitor
2025-08-26 11:24:02 2025-08-26T18:24:02.325Z daemon INFO time="2025-08-26T11:24:02-07:00" level=info msg="received message" error=false event_type=configure message=OK monitor=serial-monitor
time="2025-08-26T11:24:02-07:00" level=info msg="sending command" command="CONFIGURE parity none" monitor=serial-monitor
2025-08-26 11:24:02 2025-08-26T18:24:02.325Z daemon INFO time="2025-08-26T11:24:02-07:00" level=info msg="received message" error=false event_type=configure message=OK monitor=serial-monitor
time="2025-08-26T11:24:02-07:00" level=info msg="sending command" command="CONFIGURE rts on" monitor=serial-monitor
time="2025-08-26T11:24:02-07:00" level=info msg="received message" error=false event_type=configure message=OK monitor=serial-monitor
time="2025-08-26T11:24:02-07:00" level=info msg="sending command" command="OPEN 127.0.0.1:34479 /dev/ttyACM0" monitor=serial-monitor
2025-08-26 11:24:02 2025-08-26T18:24:02.326Z daemon INFO time="2025-08-26T11:24:02-07:00" level=info msg="received message" error=false event_type=open message=OK monitor=serial-monitor
2025-08-26 11:24:02 2025-08-26T18:24:02.326Z daemon INFO time="2025-08-26T11:24:02-07:00" level=info msg="Port /dev/ttyACM0 successfully opened"
2025-08-26 11:24:02 2025-08-26T18:24:02.327Z monitor-service INFO Using port configuration for serial:/dev/ttyACM0: {"settingsList":[{"settingId":"stop_bits","value":"1"},{"settingId":"baudrate","value":"115200"},{"settingId":"bits","value":"8"},{"settingId":"dtr","value":"on"},{"settingId":"parity","value":"none"},{"settingId":"rts","value":"on"}]}
2025-08-26 11:24:02 2025-08-26T18:24:02.327Z monitor-service INFO started monitor to /dev/ttyACM0 using serial
2025-08-26 11:24:02 2025-08-26T18:24:02.427Z monitor-service INFO No port configuration changes have been detected. No need to send configure commands to the running monitor serial:/dev/ttyACM0.
2025-08-26 11:25:02 2025-08-26T18:25:02.149Z daemon INFO time="2025-08-26T11:25:02-07:00" level=info msg="sending command" command=CLOSE monitor=serial-monitor
2025-08-26 11:25:02 2025-08-26T18:25:02.149Z daemon INFO time="2025-08-26T11:25:02-07:00" level=info msg="received message" error=true event_type=port_closed message="readfrom tcp 127.0.0.1:34224->127.0.0.1:34479: Port has been closed" monitor=serial-monitor
time="2025-08-26T11:25:02-07:00" level=info msg="monitor port has been closed externally" monitor=serial-monitor
time="2025-08-26T11:25:02-07:00" level=info msg="received message" error=true event_type=close message="port already closed" monitor=serial-monitor
2025-08-26 11:25:02 2025-08-26T18:25:02.149Z discovery-log INFO {"eventType":"remove","port":{"matchingBoardsList":[],"port":{"address":"/dev/ttyACM0","label":"","protocol":"serial","protocolLabel":"","propertiesMap":[],"hardwareId":""}},"error":""}
2025-08-26 11:25:02 2025-08-26T18:25:02.150Z daemon INFO time="2025-08-26T11:25:02-07:00" level=info msg="sending command" command=QUIT monitor=serial-monitor
time="2025-08-26T11:25:02-07:00" level=info msg="received message" error=false event_type=quit message=OK monitor=serial-monitor
time="2025-08-26T11:25:02-07:00" level=info msg="Killing monitor process" monitor=serial-monitor
2025-08-26 11:25:02 2025-08-26T18:25:02.150Z daemon INFO time="2025-08-26T11:25:02-07:00" level=error msg="stopped decode loop: EOF" monitor=serial-monitor
time="2025-08-26T11:25:02-07:00" level=info msg="Monitor process killed" monitor=serial-monitor
2025-08-26 11:25:02 2025-08-26T18:25:02.151Z monitor-service INFO monitor to /dev/ttyACM0 using serial closed by server
2025-08-26 11:36:04 isTempSketch: true. Input was /tmp/.arduinoIDE-unsaved2025726-11551-18bpm5v.wch8k/sketch_aug26a
2025-08-26 11:36:04 Ignored marking workspace as a closed sketch. The sketch was detected as temporary. Workspace URI: file:///tmp/.arduinoIDE-unsaved2025726-11551-18bpm5v.wch8k/sketch_aug26a.
2025-08-26 12:58:03 isTempSketch: true. Input was /tmp/.arduinoIDE-unsaved2025726-11551-18bpm5v.wch8k/sketch_aug26a
2025-08-26 12:58:03 Ignored marking workspace as a closed sketch. The sketch was detected as temporary. Workspace URI: file:///tmp/.arduinoIDE-unsaved2025726-11551-18bpm5v.wch8k/sketch_aug26a.
2025-08-26 12:58:06 isTempSketch: true. Input was /tmp/.arduinoIDE-unsaved2025726-11551-18bpm5v.wch8k/sketch_aug26a
2025-08-26 12:58:06 Ignored marking workspace as a closed sketch. The sketch was detected as temporary. Workspace URI: file:///tmp/.arduinoIDE-unsaved2025726-11551-18bpm5v.wch8k/sketch_aug26a.
2025-08-26 12:58:06 2025-08-26T19:58:06.235Z root INFO socked closed
2025-08-26 12:58:06 2025-08-26T19:58:06.235Z root INFO closing connection for 2
2025-08-26 12:58:06 2025-08-26T19:58:06.235Z root INFO Closing channel on service path '/localization-server'.
2025-08-26 12:58:06 2025-08-26T19:58:06.235Z root INFO Closing channel on service path '/os'.
2025-08-26 12:58:06 2025-08-26T19:58:06.235Z root INFO Closing channel on service path '/services/commands'.
2025-08-26 12:58:06 2025-08-26T19:58:06.235Z root INFO Closing channel on service path '/services/keyboard'.
2025-08-26 12:58:06 2025-08-26T19:58:06.235Z root INFO Closing channel on service path '/services/logger'.
2025-08-26 12:58:06 2025-08-26T19:58:06.235Z root INFO Closing channel on service path '/services/messageService'.
2025-08-26 12:58:06 2025-08-26T19:58:06.235Z root INFO Closing channel on service path '/services/ChannelCloseService'.
2025-08-26 12:58:06 2025-08-26T19:58:06.235Z root INFO Closing channel on service path '/services/remote-filesystem'.
2025-08-26 12:58:06 2025-08-26T19:58:06.235Z root INFO Closing channel on service path '/services/envs'.
2025-08-26 12:58:06 2025-08-26T19:58:06.235Z root INFO Closing channel on service path '/services/authentication-service'.
2025-08-26 12:58:06 2025-08-26T19:58:06.235Z root INFO Closing channel on service path '/services/sketches-service'.
2025-08-26 12:58:06 2025-08-26T19:58:06.235Z root INFO Closing channel on service path '/services/config-service'.
2025-08-26 12:58:06 2025-08-26T19:58:06.235Z root INFO Closing channel on service path '/services/workspace'.
2025-08-26 12:58:06 2025-08-26T19:58:06.235Z root INFO Closing channel on service path '/services/notification-service'.
2025-08-26 12:58:06 2025-08-26T19:58:06.235Z root INFO Closing channel on service path '/services/arduino-daemon'.
2025-08-26 12:58:06 2025-08-26T19:58:06.235Z root INFO Closing channel on service path '/services/stopwatch'.
2025-08-26 12:58:06 2025-08-26T19:58:06.235Z root INFO Closing channel on service path '/services/application'.
2025-08-26 12:58:06 2025-08-26T19:58:06.235Z root INFO Closing channel on service path '/services/i18n'.
2025-08-26 12:58:06 2025-08-26T19:58:06.235Z root INFO Closing channel on service path '/services/quickInput'.
2025-08-26 12:58:06 2025-08-26T19:58:06.235Z root INFO Closing channel on service path '/services/debug'.
2025-08-26 12:58:06 2025-08-26T19:58:06.235Z root INFO Closing channel on service path '/services/shell-terminal'.
2025-08-26 12:58:06 2025-08-26T19:58:06.235Z root INFO Closing channel on service path '/services/quickPick'.
2025-08-26 12:58:06 2025-08-26T19:58:06.235Z root INFO Closing channel on service path '/services/task'.
2025-08-26 12:58:06 2025-08-26T19:58:06.235Z root INFO Closing channel on service path '/services/search'.
2025-08-26 12:58:06 2025-08-26T19:58:06.235Z root INFO Closing channel on service path '/services/hostedPlugin'.
2025-08-26 12:58:06 2025-08-26T19:58:06.235Z root INFO Closing channel on service path '/services/plugin-ext'.
2025-08-26 12:58:06 2025-08-26T19:58:06.235Z root INFO Closing channel on service path '/services/plugin-paths'.
2025-08-26 12:58:06 2025-08-26T19:58:06.235Z root INFO Closing channel on service path '/services/cli-preferences'.
2025-08-26 12:58:06 2025-08-26T19:58:06.236Z root INFO Closing channel on service path '/services/boards-service'.
2025-08-26 12:58:06 2025-08-26T19:58:06.236Z root INFO Closing channel on service path '/services/response-service'.
2025-08-26 12:58:06 2025-08-26T19:58:06.236Z root INFO Closing channel on service path '/services/file-system-ext'.
2025-08-26 12:58:06 2025-08-26T19:58:06.236Z root INFO Closing channel on service path '/services/core-service'.
2025-08-26 12:58:06 2025-08-26T19:58:06.236Z root INFO Closing channel on service path '/services/example-service'.
2025-08-26 12:58:06 2025-08-26T19:58:06.236Z root INFO Closing channel on service path '/services/library-service'.
2025-08-26 12:58:06 2025-08-26T19:58:06.236Z root INFO Closing channel on service path '/services/executable-service'.
2025-08-26 12:58:06 2025-08-26T19:58:06.236Z root INFO Closing channel on service path '/services/arduino-firmware-uploader'.
2025-08-26 12:58:06 2025-08-26T19:58:06.236Z root INFO Closing channel on service path '/services/formatter'.
2025-08-26 12:58:06 2025-08-26T19:58:06.236Z root INFO Closing channel on service path '/services/search-in-workspace'.
2025-08-26 12:58:06 2025-08-26T19:58:06.236Z root INFO Closing channel on service path '/services/request-service'.
2025-08-26 12:58:06 2025-08-26T19:58:06.236Z root INFO Closing channel on service path '/services/keyStore'.
2025-08-26 12:58:06 2025-08-26T19:58:06.236Z root INFO Closing channel on service path '/services/languagePackService'.
2025-08-26 12:58:06 2025-08-26T19:58:06.236Z root INFO Closing channel on service path '/services/monitor-manager-proxy'.
2025-08-26 12:58:06 Closing channel on service path '/services/electron-window'.
2025-08-26 12:58:06 Closing channel on service path '/services/ide-updater'.
2025-08-26 12:58:06 Skipped storing sketch as workspace root. Expected minimum threshold: <1756238285255>. Was: <1756232207149>.
2025-08-26 12:58:06 Skipped storing sketch as workspace root. Expected minimum threshold: <1756238285255>. Was: <1756232207154>.
2025-08-26 12:58:06 Stored workspaces roots: 
2025-08-26 12:58:06 No sketches were scheduled for deletion.
