2025-08-14 07:47:41 Arduino IDE 2.3.6
2025-08-14 07:47:41 Checking for frontend application configuration customizations. Module path: /nix/store/2d5i1bzbqbnl4rgnhk8czrw5zmqqjdzv-arduino-ide-2.3.6-extracted/resources/app/lib/backend/electron-main.js, destination 'package.json': /nix/store/2d5i1bzbqbnl4rgnhk8czrw5zmqqjdzv-arduino-ide-2.3.6-extracted/resources/app/package.json
2025-08-14 07:47:41 Setting 'theia.frontend.config.appVersion' application configuration value to: "2.3.6" (type of string)
2025-08-14 07:47:41 Setting 'theia.frontend.config.cliVersion' application configuration value to: "1.2.0" (type of string)
2025-08-14 07:47:41 Setting 'theia.frontend.config.buildDate' application configuration value to: "2025-04-09T11:24:04.835Z" (type of string)
2025-08-14 07:47:41 Frontend application configuration after modifications: {"applicationName":"Arduino IDE","defaultTheme":{"light":"arduino-theme","dark":"arduino-theme-dark"},"defaultIconTheme":"none","electron":{"windowOptions":{},"showWindowEarly":true,"splashScreenOptions":{},"uriScheme":"arduino-ide"},"defaultLocale":"","validatePreferencesSchema":false,"reloadOnReconnect":true,"uriScheme":"theia","preferences":{"window.title":"${rootName}${activeEditorShort}${appName}","files.autoSave":"afterDelay","editor.minimap.enabled":false,"editor.tabSize":2,"editor.scrollBeyondLastLine":false,"editor.quickSuggestions":{"other":false,"comments":false,"strings":false},"editor.maxTokenizationLineLength":500,"editor.bracketPairColorization.enabled":false,"breadcrumbs.enabled":false,"workbench.tree.renderIndentGuides":"none","explorer.compactFolders":false},"appVersion":"2.3.6","cliVersion":"1.2.0","buildDate":"2025-04-09T11:24:04.835Z"}
2025-08-14 07:47:41 Starting backend process. PID: 8010
2025-08-14 07:47:41 Showing main window early
2025-08-14 07:47:41 Using browser-only version of superagent in non-browser environment
2025-08-14 07:47:42 Configuration directory URI: 'file:///home/aaron/.arduinoIDE'
2025-08-14 07:47:42 Configuring to accept webviews on '^.+\.webview\..+$' hostname.
2025-08-14 07:47:42 2025-08-14T14:47:42.083Z root INFO Backend u.initialize: 35.0 ms [Finished 0.672 s after backend start]
2025-08-14 07:47:42 2025-08-14T14:47:42.086Z root INFO Backend Object.initialize: 33.0 ms [Finished 0.672 s after backend start]
2025-08-14 07:47:42 2025-08-14T14:47:42.086Z root INFO Backend a.initialize: 1.3 ms [Finished 0.672 s after backend start]
2025-08-14 07:47:42 2025-08-14T14:47:42.086Z root INFO Backend a.initialize: 1.1 ms [Finished 0.672 s after backend start]
2025-08-14 07:47:42 2025-08-14T14:47:42.086Z root INFO Backend u.initialize: 1.5 ms [Finished 0.673 s after backend start]
2025-08-14 07:47:42 2025-08-14T14:47:42.088Z root INFO Backend l.initialize: 35.0 ms [Finished 0.675 s after backend start]
2025-08-14 07:47:42 2025-08-14T14:47:42.096Z root INFO configured all backend app contributions
2025-08-14 07:47:42 2025-08-14T14:47:42.096Z root INFO Backend l.onStart: 1.5 ms [Finished 0.688 s after backend start]
2025-08-14 07:47:42 2025-08-14T14:47:42.097Z root INFO Backend d.onStart: 0.1 ms [Finished 0.688 s after backend start]
2025-08-14 07:47:42 2025-08-14T14:47:42.097Z root INFO Backend a.onStart: 0.3 ms [Finished 0.689 s after backend start]
2025-08-14 07:47:42 2025-08-14T14:47:42.098Z config INFO >>> Initializing CLI configuration...
2025-08-14 07:47:42 2025-08-14T14:47:42.098Z root INFO Backend x.onStart: 0.3 ms [Finished 0.689 s after backend start]
2025-08-14 07:47:42 2025-08-14T14:47:42.098Z config INFO Loading CLI configuration from /home/aaron/.arduinoIDE/arduino-cli.yaml...
2025-08-14 07:47:42 2025-08-14T14:47:42.098Z daemon INFO Starting daemon from /nix/store/2d5i1bzbqbnl4rgnhk8czrw5zmqqjdzv-arduino-ide-2.3.6-extracted/resources/app/lib/backend/resources/arduino-cli...
2025-08-14 07:47:42 2025-08-14T14:47:42.098Z root INFO Backend w.onStart: 0.4 ms [Finished 0.690 s after backend start]
2025-08-14 07:47:42 2025-08-14T14:47:42.098Z discovery-log INFO start
2025-08-14 07:47:42 2025-08-14T14:47:42.098Z discovery-log INFO start new deferred
2025-08-14 07:47:42 2025-08-14T14:47:42.098Z root INFO Backend v.onStart: 0.2 ms [Finished 0.690 s after backend start]
2025-08-14 07:47:42 2025-08-14T14:47:42.098Z root INFO Backend a.onStart: 0.1 ms [Finished 0.690 s after backend start]
2025-08-14 07:47:42 2025-08-14T14:47:42.102Z root INFO Theia app listening on http://127.0.0.1:40861.
2025-08-14 07:47:42 2025-08-14T14:47:42.102Z root INFO Finished starting backend application: 3.9 ms [Finished 0.694 s after backend start]
2025-08-14 07:47:42 Error: node-loader:
Error: libxkbfile.so.1: cannot open shared object file: No such file or directory
    at 95585 (/nix/store/2d5i1bzbqbnl4rgnhk8czrw5zmqqjdzv-arduino-ide-2.3.6-extracted/resources/app/lib/backend/electron-main.js:8:1529780)
    at __webpack_require__ (/nix/store/2d5i1bzbqbnl4rgnhk8czrw5zmqqjdzv-arduino-ide-2.3.6-extracted/resources/app/lib/backend/electron-main.js:8:1985382)
    at o._init (/nix/store/2d5i1bzbqbnl4rgnhk8czrw5zmqqjdzv-arduino-ide-2.3.6-extracted/resources/app/lib/backend/electron-main.js:5:1319254)
    at o.onDidChangeKeyboardLayout (/nix/store/2d5i1bzbqbnl4rgnhk8czrw5zmqqjdzv-arduino-ide-2.3.6-extracted/resources/app/lib/backend/electron-main.js:5:1319604)
    at t.onDidChangeKeyboardLayout (/nix/store/2d5i1bzbqbnl4rgnhk8czrw5zmqqjdzv-arduino-ide-2.3.6-extracted/resources/app/lib/backend/electron-main.js:5:1319982)
    at a.onStart (/nix/store/2d5i1bzbqbnl4rgnhk8czrw5zmqqjdzv-arduino-ide-2.3.6-extracted/resources/app/lib/backend/electron-main.js:2:205197)
    at A.startContributions (/nix/store/2d5i1bzbqbnl4rgnhk8czrw5zmqqjdzv-arduino-ide-2.3.6-extracted/resources/app/lib/backend/electron-main.js:8:1599586)
    at Object.handler (/nix/store/2d5i1bzbqbnl4rgnhk8czrw5zmqqjdzv-arduino-ide-2.3.6-extracted/resources/app/lib/backend/electron-main.js:2:1217714)
    at process.processTicksAndRejections (node:internal/process/task_queues:95:5)
2025-08-14 07:47:42 Restoring workspace roots: /home/aaron/projects/esp32_ble/master,/home/aaron/projects/esp32_ble/slave
2025-08-14 07:47:42 2025-08-14T14:47:42.103Z root WARN The local plugin referenced by local-dir:/home/aaron/.arduinoIDE/plugins does not exist.
2025-08-14 07:47:42 2025-08-14T14:47:42.103Z root WARN The local plugin referenced by local-dir:/home/aaron/.arduinoIDE/deployedPlugins does not exist.
2025-08-14 07:47:42 2025-08-14T14:47:42.115Z config INFO Loaded CLI configuration: {"board_manager":{"additional_urls":["https://raw.githubusercontent.com/espressif/arduino-esp32/gh-pages/package_esp32_index.json"]},"directories":{"builtin":{"libraries":"/home/aaron/.arduino15/libraries"},"data":"/home/aaron/.arduino15","user":"/home/aaron/Arduino"},"locale":"en"}
2025-08-14 07:47:42 2025-08-14T14:47:42.115Z config INFO 'directories.data' and 'directories.user' are set in the CLI configuration model.
2025-08-14 07:47:42 2025-08-14T14:47:42.115Z config INFO Loaded the CLI configuration.
2025-08-14 07:47:42 2025-08-14T14:47:42.116Z config INFO Mapped the CLI configuration: {"dataDirUri":"file:///home/aaron/.arduino15","sketchDirUri":"file:///home/aaron/Arduino","additionalUrls":["https://raw.githubusercontent.com/espressif/arduino-esp32/gh-pages/package_esp32_index.json"],"network":"none","locale":"en"}
2025-08-14 07:47:42 2025-08-14T14:47:42.116Z config INFO Validating the CLI configuration...
2025-08-14 07:47:42 2025-08-14T14:47:42.116Z config INFO The CLI config is valid.
2025-08-14 07:47:42 2025-08-14T14:47:42.116Z config INFO <<< Initialized the CLI configuration.
2025-08-14 07:47:42 isTempSketch: false. Input was /home/aaron/projects/esp32_ble/master/master.ino
2025-08-14 07:47:42 2025-08-14T14:47:42.149Z root INFO Resolve plugins list: 49.5 ms [Finished 0.741 s after backend start]
2025-08-14 07:47:42 isTempSketch: false. Input was /home/aaron/projects/esp32_ble/slave/slave.ino
2025-08-14 07:47:42 2025-08-14T14:47:42.268Z daemon INFO time="2025-08-14T07:47:42-07:00" level=info msg="arduino-cli version 1.2.0"
2025-08-14 07:47:42 2025-08-14T14:47:42.268Z daemon INFO time="2025-08-14T07:47:42-07:00" level=info msg="Using config file: /home/aaron/.arduinoIDE/arduino-cli.yaml"
time="2025-08-14T07:47:42-07:00" level=info msg="Executing `arduino-cli daemon`"
2025-08-14 07:47:42 2025-08-14T14:47:42.283Z daemon INFO Daemon is now listening on 127.0.0.1:34491
{"IP":"127.0.0.1","Port":"34491"}
2025-08-14 07:47:42 2025-08-14T14:47:42.283Z daemon INFO Daemon is running.
2025-08-14 07:47:42 2025-08-14T14:47:42.380Z daemon INFO time="2025-08-14T07:47:42-07:00" level=info msg="Checking signature" index=/home/aaron/.arduino15/package_index.json signatureFile=/home/aaron/.arduino15/package_index.json.sig trusted=true
2025-08-14 07:47:42 2025-08-14T14:47:42.385Z daemon INFO time="2025-08-14T07:47:42-07:00" level=info msg="Missing signature file" index=/home/aaron/.arduino15/package_esp32_index.json
2025-08-14 07:47:42 2025-08-14T14:47:42.386Z daemon INFO time="2025-08-14T07:47:42-07:00" level=info msg="Loading hardware from: /home/aaron/.arduino15/packages"
2025-08-14 07:47:42 2025-08-14T14:47:42.387Z daemon INFO time="2025-08-14T07:47:42-07:00" level=info msg="Loading package arduino from: /home/aaron/.arduino15/packages/arduino/hardware"
2025-08-14 07:47:42 2025-08-14T14:47:42.395Z daemon INFO time="2025-08-14T07:47:42-07:00" level=info msg="Missing signature file" index=/home/aaron/.arduino15/packages/arduino/hardware/avr/1.8.6/installed.json
2025-08-14 07:47:42 2025-08-14T14:47:42.396Z daemon INFO time="2025-08-14T07:47:42-07:00" level=info msg="Adding monitor tool" protocol=serial tool="builtin:serial-monitor"
time="2025-08-14T07:47:42-07:00" level=info msg="Loaded platform" platform="arduino:avr@1.8.6"
2025-08-14 07:47:42 2025-08-14T14:47:42.396Z daemon INFO time="2025-08-14T07:47:42-07:00" level=info msg="Checking existence of 'tools' path: /home/aaron/.arduino15/packages/arduino/tools"
time="2025-08-14T07:47:42-07:00" level=info msg="Loading tools from dir: /home/aaron/.arduino15/packages/arduino/tools"
2025-08-14 07:47:42 2025-08-14T14:47:42.405Z daemon INFO time="2025-08-14T07:47:42-07:00" level=info msg="Loaded tool" tool="arduino:arduinoOTA@1.3.0"
time="2025-08-14T07:47:42-07:00" level=info msg="Loaded tool" tool="arduino:avr-gcc@7.3.0-atmel3.6.1-arduino7"
time="2025-08-14T07:47:42-07:00" level=info msg="Loaded tool" tool="arduino:avrdude@6.3.0-arduino17"
time="2025-08-14T07:47:42-07:00" level=info msg="Loaded tool" tool="arduino:dfu-util@0.11.0-arduino5"
time="2025-08-14T07:47:42-07:00" level=info msg="Loading package builtin from: /home/aaron/.arduino15/packages/builtin"
time="2025-08-14T07:47:42-07:00" level=info msg="Checking existence of 'tools' path: /home/aaron/.arduino15/packages/builtin/tools"
time="2025-08-14T07:47:42-07:00" level=info msg="Loading tools from dir: /home/aaron/.arduino15/packages/builtin/tools"
time="2025-08-14T07:47:42-07:00" level=info msg="Loaded tool" tool="builtin:ctags@5.8-arduino11"
time="2025-08-14T07:47:42-07:00" level=info msg="Loaded tool" tool="builtin:dfu-discovery@0.1.2"
time="2025-08-14T07:47:42-07:00" level=info msg="Loaded tool" tool="builtin:mdns-discovery@1.0.9"
time="2025-08-14T07:47:42-07:00" level=info msg="Loaded tool" tool="builtin:serial-discovery@1.4.1"
time="2025-08-14T07:47:42-07:00" level=info msg="Loaded tool" tool="builtin:serial-monitor@0.15.0"
time="2025-08-14T07:47:42-07:00" level=info msg="Loading package esp32 from: /home/aaron/.arduino15/packages/esp32/hardware"
time="2025-08-14T07:47:42-07:00" level=info msg="Missing signature file" index=/home/aaron/.arduino15/packages/esp32/hardware/esp32/3.3.0/installed.json
2025-08-14 07:47:42 2025-08-14T14:47:42.630Z daemon INFO time="2025-08-14T07:47:42-07:00" level=info msg="Adding monitor tool" protocol=serial tool="builtin:serial-monitor"
time="2025-08-14T07:47:42-07:00" level=info msg="Loaded platform" platform="esp32:esp32@3.3.0"
time="2025-08-14T07:47:42-07:00" level=info msg="Checking existence of 'tools' path: /home/aaron/.arduino15/packages/esp32/tools"
time="2025-08-14T07:47:42-07:00" level=info msg="Loading tools from dir: /home/aaron/.arduino15/packages/esp32/tools"
2025-08-14 07:47:42 2025-08-14T14:47:42.633Z daemon INFO time="2025-08-14T07:47:42-07:00" level=info msg="Loaded tool" tool="esp32:esp-rv32@2411"
2025-08-14 07:47:42 2025-08-14T14:47:42.637Z daemon INFO time="2025-08-14T07:47:42-07:00" level=info msg="Loaded tool" tool="esp32:esp-x32@2411"
time="2025-08-14T07:47:42-07:00" level=info msg="Loaded tool" tool="esp32:esp32-arduino-libs@idf-release_v5.5-b66b5448-v1"
time="2025-08-14T07:47:42-07:00" level=info msg="Loaded tool" tool="esp32:esptool_py@5.0.0"
time="2025-08-14T07:47:42-07:00" level=info msg="Loaded tool" tool="esp32:mklittlefs@3.0.0-gnu12-dc7f933"
time="2025-08-14T07:47:42-07:00" level=info msg="Loaded tool" tool="esp32:mkspiffs@0.2.3"
time="2025-08-14T07:47:42-07:00" level=info msg="Loaded tool" tool="esp32:openocd-esp32@v0.12.0-esp32-20250422"
time="2025-08-14T07:47:42-07:00" level=info msg="Loaded tool" tool="esp32:riscv32-esp-elf-gdb@16.2_20250324"
time="2025-08-14T07:47:42-07:00" level=info msg="Loaded tool" tool="esp32:xtensa-esp-elf-gdb@16.2_20250324"
2025-08-14 07:47:42 2025-08-14T14:47:42.642Z daemon INFO time="2025-08-14T07:47:42-07:00" level=info msg="Adding libraries dir" dir=/home/aaron/.arduino15/packages/esp32/hardware/esp32/3.3.0/libraries isSingleLibrary=false location=platform
time="2025-08-14T07:47:42-07:00" level=info msg="Adding libraries dir" dir=/home/aaron/.arduino15/packages/arduino/hardware/avr/1.8.6/libraries isSingleLibrary=false location=platform
time="2025-08-14T07:47:42-07:00" level=info msg="Loading libraries index file" index=/home/aaron/.arduino15/library_index.json
2025-08-14 07:47:43 2025-08-14T14:47:43.025Z root INFO Deploy plugins list: 926.3 ms [Finished 1.618 s after backend start]
2025-08-14 07:47:43 2025-08-14T14:47:43.050Z daemon INFO time="2025-08-14T07:47:43-07:00" level=info msg="Adding libraries dir" dir=/home/aaron/.arduino15/libraries isSingleLibrary=false location=ide
time="2025-08-14T07:47:43-07:00" level=info msg="Adding libraries dir" dir=/home/aaron/Arduino/libraries isSingleLibrary=false location=user
2025-08-14 07:47:43 2025-08-14T14:47:43.099Z root INFO creating connection for 2
2025-08-14 07:47:43 2025-08-14T14:47:43.113Z root INFO creating connection for 1
2025-08-14 07:47:43 2025-08-14T14:47:43.299Z discovery-log INFO start resolved watching
2025-08-14 07:47:43 2025-08-14T14:47:43.330Z discovery-log INFO {"eventType":"add","port":{"matchingBoardsList":[],"port":{"address":"/dev/ttyS0","label":"/dev/ttyS0","protocol":"serial","protocolLabel":"Serial Port","propertiesMap":[],"hardwareId":""}},"error":""}
2025-08-14 07:47:44 2025-08-14T14:47:44.276Z root ERROR Error: node-loader:
Error: libxkbfile.so.1: cannot open shared object file: No such file or directory
    at 95585 (/nix/store/2d5i1bzbqbnl4rgnhk8czrw5zmqqjdzv-arduino-ide-2.3.6-extracted/resources/app/lib/backend/main.js:2:6468723)
    at __webpack_require__ (/nix/store/2d5i1bzbqbnl4rgnhk8czrw5zmqqjdzv-arduino-ide-2.3.6-extracted/resources/app/lib/backend/main.js:2:7034640)
    at r._init (/nix/store/2d5i1bzbqbnl4rgnhk8czrw5zmqqjdzv-arduino-ide-2.3.6-extracted/resources/app/lib/backend/main.js:2:4537535)
    at r.getCurrentKeyboardLayout (/nix/store/2d5i1bzbqbnl4rgnhk8czrw5zmqqjdzv-arduino-ide-2.3.6-extracted/resources/app/lib/backend/main.js:2:4537734)
    at t.getCurrentKeyboardLayout (/nix/store/2d5i1bzbqbnl4rgnhk8czrw5zmqqjdzv-arduino-ide-2.3.6-extracted/resources/app/lib/backend/main.js:2:4538141)
    at s.getNativeLayoutSync (/nix/store/2d5i1bzbqbnl4rgnhk8czrw5zmqqjdzv-arduino-ide-2.3.6-extracted/resources/app/lib/backend/main.js:2:1830040)
    at s.getNativeLayout (/nix/store/2d5i1bzbqbnl4rgnhk8czrw5zmqqjdzv-arduino-ide-2.3.6-extracted/resources/app/lib/backend/main.js:2:1829981)
    at u.onRequest (/nix/store/2d5i1bzbqbnl4rgnhk8czrw5zmqqjdzv-arduino-ide-2.3.6-extracted/resources/app/lib/backend/main.js:2:4942964)
    at c.requestHandler (/nix/store/2d5i1bzbqbnl4rgnhk8czrw5zmqqjdzv-arduino-ide-2.3.6-extracted/resources/app/lib/backend/main.js:2:4942783)
    at c.handleRequest (/nix/store/2d5i1bzbqbnl4rgnhk8czrw5zmqqjdzv-arduino-ide-2.3.6-extracted/resources/app/lib/backend/main.js:2:524486)
2025-08-14 07:47:44 2025-08-14T14:47:44.276Z root ERROR TypeError: Cannot read properties of null (reading 'getKeyMap')
    at r.getKeyMap (/nix/store/2d5i1bzbqbnl4rgnhk8czrw5zmqqjdzv-arduino-ide-2.3.6-extracted/resources/app/lib/backend/main.js:2:4537620)
    at t.getKeyMap (/nix/store/2d5i1bzbqbnl4rgnhk8czrw5zmqqjdzv-arduino-ide-2.3.6-extracted/resources/app/lib/backend/main.js:2:4538201)
    at s.getNativeLayoutSync (/nix/store/2d5i1bzbqbnl4rgnhk8czrw5zmqqjdzv-arduino-ide-2.3.6-extracted/resources/app/lib/backend/main.js:2:1830077)
    at s.getNativeLayout (/nix/store/2d5i1bzbqbnl4rgnhk8czrw5zmqqjdzv-arduino-ide-2.3.6-extracted/resources/app/lib/backend/main.js:2:1829981)
    at u.onRequest (/nix/store/2d5i1bzbqbnl4rgnhk8czrw5zmqqjdzv-arduino-ide-2.3.6-extracted/resources/app/lib/backend/main.js:2:4942964)
    at c.requestHandler (/nix/store/2d5i1bzbqbnl4rgnhk8czrw5zmqqjdzv-arduino-ide-2.3.6-extracted/resources/app/lib/backend/main.js:2:4942783)
    at c.handleRequest (/nix/store/2d5i1bzbqbnl4rgnhk8czrw5zmqqjdzv-arduino-ide-2.3.6-extracted/resources/app/lib/backend/main.js:2:524486)
    at c.handleMessage (/nix/store/2d5i1bzbqbnl4rgnhk8czrw5zmqqjdzv-arduino-ide-2.3.6-extracted/resources/app/lib/backend/main.js:2:522388)
    at /nix/store/2d5i1bzbqbnl4rgnhk8czrw5zmqqjdzv-arduino-ide-2.3.6-extracted/resources/app/lib/backend/main.js:2:522022
    at /nix/store/2d5i1bzbqbnl4rgnhk8czrw5zmqqjdzv-arduino-ide-2.3.6-extracted/resources/app/lib/backend/main.js:2:6419737
2025-08-14 07:47:44 2025-08-14T14:47:44.276Z root WARN A command editor.action.toggleStickyScroll is already registered.
2025-08-14 07:47:44 2025-08-14T14:47:44.277Z root WARN A command editor.action.toggleStickyScroll is already registered.
2025-08-14 07:47:44 2025-08-14T14:47:44.278Z root ERROR TypeError: Cannot read properties of null (reading 'getCurrentKeyboardLayout')
    at r.getCurrentKeyboardLayout (/nix/store/2d5i1bzbqbnl4rgnhk8czrw5zmqqjdzv-arduino-ide-2.3.6-extracted/resources/app/lib/backend/main.js:2:4537759)
    at t.getCurrentKeyboardLayout (/nix/store/2d5i1bzbqbnl4rgnhk8czrw5zmqqjdzv-arduino-ide-2.3.6-extracted/resources/app/lib/backend/main.js:2:4538141)
    at s.getNativeLayoutSync (/nix/store/2d5i1bzbqbnl4rgnhk8czrw5zmqqjdzv-arduino-ide-2.3.6-extracted/resources/app/lib/backend/main.js:2:1830040)
    at s.getNativeLayout (/nix/store/2d5i1bzbqbnl4rgnhk8czrw5zmqqjdzv-arduino-ide-2.3.6-extracted/resources/app/lib/backend/main.js:2:1829981)
    at u.onRequest (/nix/store/2d5i1bzbqbnl4rgnhk8czrw5zmqqjdzv-arduino-ide-2.3.6-extracted/resources/app/lib/backend/main.js:2:4942964)
    at c.requestHandler (/nix/store/2d5i1bzbqbnl4rgnhk8czrw5zmqqjdzv-arduino-ide-2.3.6-extracted/resources/app/lib/backend/main.js:2:4942783)
    at c.handleRequest (/nix/store/2d5i1bzbqbnl4rgnhk8czrw5zmqqjdzv-arduino-ide-2.3.6-extracted/resources/app/lib/backend/main.js:2:524486)
    at c.handleMessage (/nix/store/2d5i1bzbqbnl4rgnhk8czrw5zmqqjdzv-arduino-ide-2.3.6-extracted/resources/app/lib/backend/main.js:2:522388)
    at /nix/store/2d5i1bzbqbnl4rgnhk8czrw5zmqqjdzv-arduino-ide-2.3.6-extracted/resources/app/lib/backend/main.js:2:522022
    at /nix/store/2d5i1bzbqbnl4rgnhk8czrw5zmqqjdzv-arduino-ide-2.3.6-extracted/resources/app/lib/backend/main.js:2:6419737
2025-08-14 07:47:44 2025-08-14T14:47:44.278Z root ERROR TypeError: Cannot read properties of null (reading 'getKeyMap')
    at r.getKeyMap (/nix/store/2d5i1bzbqbnl4rgnhk8czrw5zmqqjdzv-arduino-ide-2.3.6-extracted/resources/app/lib/backend/main.js:2:4537620)
    at t.getKeyMap (/nix/store/2d5i1bzbqbnl4rgnhk8czrw5zmqqjdzv-arduino-ide-2.3.6-extracted/resources/app/lib/backend/main.js:2:4538201)
    at s.getNativeLayoutSync (/nix/store/2d5i1bzbqbnl4rgnhk8czrw5zmqqjdzv-arduino-ide-2.3.6-extracted/resources/app/lib/backend/main.js:2:1830077)
    at s.getNativeLayout (/nix/store/2d5i1bzbqbnl4rgnhk8czrw5zmqqjdzv-arduino-ide-2.3.6-extracted/resources/app/lib/backend/main.js:2:1829981)
    at u.onRequest (/nix/store/2d5i1bzbqbnl4rgnhk8czrw5zmqqjdzv-arduino-ide-2.3.6-extracted/resources/app/lib/backend/main.js:2:4942964)
    at c.requestHandler (/nix/store/2d5i1bzbqbnl4rgnhk8czrw5zmqqjdzv-arduino-ide-2.3.6-extracted/resources/app/lib/backend/main.js:2:4942783)
    at c.handleRequest (/nix/store/2d5i1bzbqbnl4rgnhk8czrw5zmqqjdzv-arduino-ide-2.3.6-extracted/resources/app/lib/backend/main.js:2:524486)
    at c.handleMessage (/nix/store/2d5i1bzbqbnl4rgnhk8czrw5zmqqjdzv-arduino-ide-2.3.6-extracted/resources/app/lib/backend/main.js:2:522388)
    at /nix/store/2d5i1bzbqbnl4rgnhk8czrw5zmqqjdzv-arduino-ide-2.3.6-extracted/resources/app/lib/backend/main.js:2:522022
    at /nix/store/2d5i1bzbqbnl4rgnhk8czrw5zmqqjdzv-arduino-ide-2.3.6-extracted/resources/app/lib/backend/main.js:2:6419737
2025-08-14 07:47:44 2025-08-14T14:47:44.306Z sketches-service WARN Warning! The request sketch path was different than the response sketch path from the CLI. This could be a potential bug. Request: </home/aaron/projects/esp32_ble/slave/slave.ino>, response: </home/aaron/projects/esp32_ble/slave>.
2025-08-14 07:47:44 2025-08-14T14:47:44.308Z sketches-service WARN Warning! The request sketch path was different than the response sketch path from the CLI. This could be a potential bug. Request: </home/aaron/projects/esp32_ble/master/master.ino>, response: </home/aaron/projects/esp32_ble/master>.
2025-08-14 07:47:44 Opening channel for service path '/services/electron-window'.
2025-08-14 07:47:44 Opening channel for service path '/services/ide-updater'.
2025-08-14 07:47:44 Opening channel for service path '/services/electron-window'.
2025-08-14 07:47:44 Opening channel for service path '/services/ide-updater'.
2025-08-14 07:47:44 2025-08-14T14:47:44.396Z root INFO Start frontend contributions: 313.0 ms [Finished 2.249 s after frontend start]
2025-08-14 07:47:44 2025-08-14T14:47:44.396Z root INFO Changed application state from 'init' to 'started_contributions'.
2025-08-14 07:47:44 2025-08-14T14:47:44.399Z root INFO Start frontend contributions: 314.2 ms [Finished 2.192 s after frontend start]
2025-08-14 07:47:44 2025-08-14T14:47:44.399Z root INFO Changed application state from 'init' to 'started_contributions'.
2025-08-14 07:47:44 2025-08-14T14:47:44.402Z root INFO Changed application state from 'started_contributions' to 'attached_shell'.
2025-08-14 07:47:44 2025-08-14T14:47:44.402Z root INFO >>> Restoring the layout state...
2025-08-14 07:47:44 2025-08-14T14:47:44.406Z root INFO Changed application state from 'started_contributions' to 'attached_shell'.
2025-08-14 07:47:44 2025-08-14T14:47:44.406Z root INFO >>> Restoring the layout state...
2025-08-14 07:47:44 2025-08-14T14:47:44.446Z root INFO [275dc45a-6867-48ee-a414-99d649c56542] Waiting for backend deployment: 69.9 ms [Finished 2.314 s after frontend start]
2025-08-14 07:47:44 2025-08-14T14:47:44.671Z root INFO [7a0f5003-c2cc-478b-9b7f-9aa1a65eca9d] Waiting for backend deployment: 104.1 ms [Finished 2.290 s after frontend start]
2025-08-14 07:47:44 2025-08-14T14:47:44.829Z root INFO [hosted-plugin: 8229] PLUGIN_HOST(8229) starting instance
[Object: null prototype] {}
2025-08-14 07:47:44 2025-08-14T14:47:44.829Z root INFO [hosted-plugin: 8231] PLUGIN_HOST(8231) starting instance
[Object: null prototype] {}
2025-08-14 07:47:46 2025-08-14T14:47:46.487Z root INFO [7a0f5003-c2cc-478b-9b7f-9aa1a65eca9d] Sync of 23 plugins: 2011.1 ms [Finished 4.301 s after frontend start]
2025-08-14 07:47:46 2025-08-14T14:47:46.516Z root INFO ------- SERIALIZED LAYOUT DATA -------
2025-08-14 07:47:46 2025-08-14T14:47:46.517Z root INFO {"version":5,"mainPanel":{"main":{"type":"tab-area","widgets":[{"constructionOptions":{"factoryId":"code-editor-opener","options":{"counter":0,"kind":"navigatable","uri":"file:///home/aaron/projects/esp32_ble/slave/slave.ino"}},"innerWidgetState":"{\"cursorState\":[{\"inSelectionMode\":false,\"selectionStart\":{\"lineNumber\":42,\"column\":9},\"position\":{\"lineNumber\":42,\"column\":9}}],\"viewState\":{\"scrollLeft\":0,\"firstPosition\":{\"lineNumber\":1,\"column\":1},\"firstPositionDeltaTop\":0},\"contributionsState\":{\"editor.contrib.folding\":{\"lineCount\":295,\"provider\":\"indent\",\"foldedImports\":false},\"editor.contrib.wordHighlighter\":false}}"}],"currentIndex":0}},"mainPanelPinned":[false],"bottomPanel":{"config":{"main":{"type":"tab-area","widgets":[{"constructionOptions":{"factoryId":"outputView"},"innerWidgetState":"{\"locked\":false}"},{"constructionOptions":{"factoryId":"serial-monitor"}}],"currentIndex":0}},"pinned":[false,false],"size":191,"expanded":true},"leftPanel":{"type":"sidepanel","items":[{"widget":{"constructionOptions":{"factoryId":"arduino-sketchbook-widget"}},"rank":1,"expanded":false,"pinned":false},{"widget":{"constructionOptions":{"factoryId":"boards-list-widget"}},"rank":2,"expanded":false,"pinned":false},{"widget":{"constructionOptions":{"factoryId":"library-list-widget"}},"rank":3,"expanded":false,"pinned":false},{"widget":{"constructionOptions":{"factoryId":"debug"},"innerWidgetState":"{\"parts\":[{\"partId\":\"debug:threads:-1\",\"collapsed\":false,\"hidden\":false,\"relativeSize\":1.384,\"originalContainerId\":\"debug:view-container:-1\",\"originalContainerTitle\":{\"label\":\"debug\",\"iconClass\":\"codicon codicon-debug-alt\",\"closeable\":true},\"widget\":{\"constructionOptions\":{\"factoryId\":\"debug:threads\"},\"innerWidgetState\":\"{}\"}},{\"partId\":\"debug:frames:-1\",\"collapsed\":false,\"hidden\":false,\"relativeSize\":1.384,\"originalContainerId\":\"debug:view-container:-1\",\"originalContainerTitle\":{\"label\":\"debug\",\"iconClass\":\"codicon codicon-debug-alt\",\"closeable\":true},\"widget\":{\"constructionOptions\":{\"factoryId\":\"debug:frames\"},\"innerWidgetState\":\"{}\"}},{\"partId\":\"debug:variables:-1\",\"collapsed\":false,\"hidden\":false,\"relativeSize\":1.384,\"originalContainerId\":\"debug:view-container:-1\",\"originalContainerTitle\":{\"label\":\"debug\",\"iconClass\":\"codicon codicon-debug-alt\",\"closeable\":true},\"widget\":{\"constructionOptions\":{\"factoryId\":\"debug:variables\"},\"innerWidgetState\":\"{}\"}},{\"partId\":\"debug:watch:-1\",\"collapsed\":false,\"hidden\":false,\"relativeSize\":1.384,\"originalContainerId\":\"debug:view-container:-1\",\"originalContainerTitle\":{\"label\":\"debug\",\"iconClass\":\"codicon codicon-debug-alt\",\"closeable\":true},\"widget\":{\"constructionOptions\":{\"factoryId\":\"debug:watch\"},\"innerWidgetState\":\"{}\"}},{\"partId\":\"debug:breakpoints:-1\",\"collapsed\":false,\"hidden\":false,\"relativeSize\":1.384,\"originalContainerId\":\"debug:view-container:-1\",\"originalContainerTitle\":{\"label\":\"debug\",\"iconClass\":\"codicon codicon-debug-alt\",\"closeable\":true},\"widget\":{\"constructionOptions\":{\"factoryId\":\"debug:breakpoints\"},\"innerWidgetState\":\"{}\"}},{\"partId\":\"plugin-view:cortex-debug.peripherals\",\"collapsed\":true,\"hidden\":true,\"originalContainerId\":\"debug:view-container:-1\",\"originalContainerTitle\":{\"label\":\"debug\",\"iconClass\":\"codicon codicon-debug-alt\",\"closeable\":true},\"widget\":{\"constructionOptions\":{\"factoryId\":\"plugin-view\",\"options\":{\"id\":\"plugin-view:cortex-debug.peripherals\",\"viewId\":\"cortex-debug.peripherals\"}},\"innerWidgetState\":\"{\\\"label\\\":\\\"Cortex Peripherals\\\",\\\"widgets\\\":[],\\\"suppressUpdateViewVisibility\\\":false,\\\"currentViewContainerId\\\":\\\"debug\\\"}\"}},{\"partId\":\"plugin-view:cortex-debug.registers\",\"collapsed\":true,\"hidden\":true,\"originalContainerId\":\"debug:view-container:-1\",\"originalContainerTitle\":{\"label\":\"debug\",\"iconClass\":\"codicon codicon-debug-alt\",\"closeable\":true},\"widget\":{\"constructionOptions\":{\"factoryId\":\"plugin-view\",\"options\":{\"id\":\"plugin-view:cortex-debug.registers\",\"viewId\":\"cortex-debug.registers\"}},\"innerWidgetState\":\"{\\\"label\\\":\\\"Cortex Registers\\\",\\\"widgets\\\":[],\\\"suppressUpdateViewVisibility\\\":false,\\\"currentViewContainerId\\\":\\\"debug\\\"}\"}}],\"title\":{\"label\":\"debug\",\"iconClass\":\"codicon codicon-debug-alt\",\"closeable\":true}}"},"rank":4,"expanded":false,"pinned":false},{"widget":{"constructionOptions":{"factoryId":"search-view-container"},"innerWidgetState":"{\"parts\":[{\"partId\":\"search-in-workspace\",\"collapsed\":false,\"hidden\":false,\"originalContainerId\":\"search-view-container\",\"originalContainerTitle\":{\"label\":\"Search\",\"iconClass\":\"codicon codicon-search\",\"closeable\":true},\"widget\":{\"constructionOptions\":{\"factoryId\":\"search-in-workspace\"},\"innerWidgetState\":\"{\\\"matchCaseState\\\":{\\\"className\\\":\\\"codicon codicon-case-sensitive\\\",\\\"enabled\\\":false,\\\"title\\\":\\\"Match Case\\\"},\\\"wholeWordState\\\":{\\\"className\\\":\\\"codicon codicon-whole-word\\\",\\\"enabled\\\":false,\\\"title\\\":\\\"Match Whole Word\\\"},\\\"regExpState\\\":{\\\"className\\\":\\\"codicon codicon-regex\\\",\\\"enabled\\\":false,\\\"title\\\":\\\"Use Regular Expression\\\"},\\\"includeIgnoredState\\\":{\\\"className\\\":\\\"codicon codicon-eye\\\",\\\"enabled\\\":false,\\\"title\\\":\\\"Include Ignored Files\\\"},\\\"showSearchDetails\\\":false,\\\"searchInWorkspaceOptions\\\":{\\\"matchCase\\\":false,\\\"matchWholeWord\\\":false,\\\"useRegExp\\\":false,\\\"multiline\\\":false,\\\"includeIgnored\\\":false,\\\"include\\\":[],\\\"exclude\\\":[],\\\"maxResults\\\":2000},\\\"searchTerm\\\":\\\"\\\",\\\"replaceTerm\\\":\\\"\\\",\\\"showReplaceField\\\":false,\\\"searchHistoryState\\\":{\\\"history\\\":[],\\\"index\\\":0},\\\"replaceHistoryState\\\":{\\\"history\\\":[],\\\"index\\\":0},\\\"includeHistoryState\\\":{\\\"history\\\":[],\\\"index\\\":0},\\\"excludeHistoryState\\\":{\\\"history\\\":[],\\\"index\\\":0}}\"}}],\"title\":{\"label\":\"Search\",\"iconClass\":\"fa fa-arduino-search\",\"closeable\":true}}"},"rank":5,"expanded":false,"pinned":false}],"size":268},"rightPanel":{"type":"sidepanel","items":[]}}
2025-08-14 07:47:46 2025-08-14T14:47:46.517Z root INFO ------- END SERIALIZED LAYOUT DATA -------
2025-08-14 07:47:46 2025-08-14T14:47:46.530Z root INFO [275dc45a-6867-48ee-a414-99d649c56542] Sync of 23 plugins: 2088.3 ms [Finished 4.402 s after frontend start]
2025-08-14 07:47:46 2025-08-14T14:47:46.559Z root INFO ------- SERIALIZED LAYOUT DATA -------
2025-08-14 07:47:46 2025-08-14T14:47:46.559Z root INFO {"version":5,"mainPanel":{"main":{"type":"tab-area","widgets":[{"constructionOptions":{"factoryId":"code-editor-opener","options":{"counter":0,"kind":"navigatable","uri":"file:///home/aaron/projects/esp32_ble/master/master.ino"}},"innerWidgetState":"{\"cursorState\":[{\"inSelectionMode\":false,\"selectionStart\":{\"lineNumber\":21,\"column\":1},\"position\":{\"lineNumber\":21,\"column\":1}}],\"viewState\":{\"scrollLeft\":0,\"firstPosition\":{\"lineNumber\":232,\"column\":1},\"firstPositionDeltaTop\":-17},\"contributionsState\":{\"editor.contrib.folding\":{\"lineCount\":286,\"provider\":\"indent\",\"foldedImports\":false},\"editor.contrib.wordHighlighter\":false}}"},{"constructionOptions":{"factoryId":"code-editor-opener","options":{"counter":1,"kind":"navigatable","uri":"file:///home/aaron/projects/esp32_ble/master/sd_read_write.h"}},"innerWidgetState":"{\"cursorState\":[{\"inSelectionMode\":false,\"selectionStart\":{\"lineNumber\":1,\"column\":1},\"position\":{\"lineNumber\":1,\"column\":1}}],\"viewState\":{\"scrollLeft\":0,\"firstPosition\":{\"lineNumber\":1,\"column\":1},\"firstPositionDeltaTop\":0},\"contributionsState\":{\"editor.contrib.folding\":{\"lineCount\":18,\"provider\":\"indent\",\"foldedImports\":false},\"editor.contrib.wordHighlighter\":false}}"},{"constructionOptions":{"factoryId":"code-editor-opener","options":{"counter":1,"kind":"navigatable","uri":"file:///home/aaron/projects/esp32_ble/master/sd_read_write.cpp"}},"innerWidgetState":"{\"cursorState\":[{\"inSelectionMode\":false,\"selectionStart\":{\"lineNumber\":1,\"column\":1},\"position\":{\"lineNumber\":1,\"column\":1}}],\"viewState\":{\"scrollLeft\":0,\"firstPosition\":{\"lineNumber\":1,\"column\":1},\"firstPositionDeltaTop\":0},\"contributionsState\":{\"editor.contrib.folding\":{\"lineCount\":154,\"provider\":\"indent\",\"foldedImports\":false},\"editor.contrib.wordHighlighter\":false}}"}],"currentIndex":0}},"mainPanelPinned":[false,false,false],"bottomPanel":{"config":{"main":{"type":"tab-area","widgets":[{"constructionOptions":{"factoryId":"outputView"},"innerWidgetState":"{\"locked\":false}"},{"constructionOptions":{"factoryId":"serial-monitor"}}],"currentIndex":1}},"pinned":[false,false],"size":290,"expanded":true},"leftPanel":{"type":"sidepanel","items":[{"widget":{"constructionOptions":{"factoryId":"arduino-sketchbook-widget"}},"rank":1,"expanded":false,"pinned":false},{"widget":{"constructionOptions":{"factoryId":"boards-list-widget"}},"rank":2,"expanded":false,"pinned":false},{"widget":{"constructionOptions":{"factoryId":"library-list-widget"}},"rank":3,"expanded":false,"pinned":false},{"widget":{"constructionOptions":{"factoryId":"debug"},"innerWidgetState":"{\"parts\":[{\"partId\":\"debug:threads:-1\",\"collapsed\":false,\"hidden\":false,\"relativeSize\":1.384,\"originalContainerId\":\"debug:view-container:-1\",\"originalContainerTitle\":{\"label\":\"debug\",\"iconClass\":\"codicon codicon-debug-alt\",\"closeable\":true},\"widget\":{\"constructionOptions\":{\"factoryId\":\"debug:threads\"},\"innerWidgetState\":\"{}\"}},{\"partId\":\"debug:frames:-1\",\"collapsed\":false,\"hidden\":false,\"relativeSize\":1.384,\"originalContainerId\":\"debug:view-container:-1\",\"originalContainerTitle\":{\"label\":\"debug\",\"iconClass\":\"codicon codicon-debug-alt\",\"closeable\":true},\"widget\":{\"constructionOptions\":{\"factoryId\":\"debug:frames\"},\"innerWidgetState\":\"{}\"}},{\"partId\":\"debug:variables:-1\",\"collapsed\":false,\"hidden\":false,\"relativeSize\":1.384,\"originalContainerId\":\"debug:view-container:-1\",\"originalContainerTitle\":{\"label\":\"debug\",\"iconClass\":\"codicon codicon-debug-alt\",\"closeable\":true},\"widget\":{\"constructionOptions\":{\"factoryId\":\"debug:variables\"},\"innerWidgetState\":\"{}\"}},{\"partId\":\"debug:watch:-1\",\"collapsed\":false,\"hidden\":false,\"relativeSize\":1.384,\"originalContainerId\":\"debug:view-container:-1\",\"originalContainerTitle\":{\"label\":\"debug\",\"iconClass\":\"codicon codicon-debug-alt\",\"closeable\":true},\"widget\":{\"constructionOptions\":{\"factoryId\":\"debug:watch\"},\"innerWidgetState\":\"{}\"}},{\"partId\":\"debug:breakpoints:-1\",\"collapsed\":false,\"hidden\":false,\"relativeSize\":1.384,\"originalContainerId\":\"debug:view-container:-1\",\"originalContainerTitle\":{\"label\":\"debug\",\"iconClass\":\"codicon codicon-debug-alt\",\"closeable\":true},\"widget\":{\"constructionOptions\":{\"factoryId\":\"debug:breakpoints\"},\"innerWidgetState\":\"{}\"}},{\"partId\":\"plugin-view:cortex-debug.peripherals\",\"collapsed\":true,\"hidden\":true,\"originalContainerId\":\"debug:view-container:-1\",\"originalContainerTitle\":{\"label\":\"debug\",\"iconClass\":\"codicon codicon-debug-alt\",\"closeable\":true},\"widget\":{\"constructionOptions\":{\"factoryId\":\"plugin-view\",\"options\":{\"id\":\"plugin-view:cortex-debug.peripherals\",\"viewId\":\"cortex-debug.peripherals\"}},\"innerWidgetState\":\"{\\\"label\\\":\\\"Cortex Peripherals\\\",\\\"widgets\\\":[],\\\"suppressUpdateViewVisibility\\\":false,\\\"currentViewContainerId\\\":\\\"debug\\\"}\"}},{\"partId\":\"plugin-view:cortex-debug.registers\",\"collapsed\":true,\"hidden\":true,\"originalContainerId\":\"debug:view-container:-1\",\"originalContainerTitle\":{\"label\":\"debug\",\"iconClass\":\"codicon codicon-debug-alt\",\"closeable\":true},\"widget\":{\"constructionOptions\":{\"factoryId\":\"plugin-view\",\"options\":{\"id\":\"plugin-view:cortex-debug.registers\",\"viewId\":\"cortex-debug.registers\"}},\"innerWidgetState\":\"{\\\"label\\\":\\\"Cortex Registers\\\",\\\"widgets\\\":[],\\\"suppressUpdateViewVisibility\\\":false,\\\"currentViewContainerId\\\":\\\"debug\\\"}\"}}],\"title\":{\"label\":\"debug\",\"iconClass\":\"codicon codicon-debug-alt\",\"closeable\":true}}"},"rank":4,"expanded":false,"pinned":false},{"widget":{"constructionOptions":{"factoryId":"search-view-container"},"innerWidgetState":"{\"parts\":[{\"partId\":\"search-in-workspace\",\"collapsed\":false,\"hidden\":false,\"originalContainerId\":\"search-view-container\",\"originalContainerTitle\":{\"label\":\"Search\",\"iconClass\":\"codicon codicon-search\",\"closeable\":true},\"widget\":{\"constructionOptions\":{\"factoryId\":\"search-in-workspace\"},\"innerWidgetState\":\"{\\\"matchCaseState\\\":{\\\"className\\\":\\\"codicon codicon-case-sensitive\\\",\\\"enabled\\\":false,\\\"title\\\":\\\"Match Case\\\"},\\\"wholeWordState\\\":{\\\"className\\\":\\\"codicon codicon-whole-word\\\",\\\"enabled\\\":false,\\\"title\\\":\\\"Match Whole Word\\\"},\\\"regExpState\\\":{\\\"className\\\":\\\"codicon codicon-regex\\\",\\\"enabled\\\":false,\\\"title\\\":\\\"Use Regular Expression\\\"},\\\"includeIgnoredState\\\":{\\\"className\\\":\\\"codicon codicon-eye\\\",\\\"enabled\\\":false,\\\"title\\\":\\\"Include Ignored Files\\\"},\\\"showSearchDetails\\\":false,\\\"searchInWorkspaceOptions\\\":{\\\"matchCase\\\":false,\\\"matchWholeWord\\\":false,\\\"useRegExp\\\":false,\\\"multiline\\\":false,\\\"includeIgnored\\\":false,\\\"include\\\":[],\\\"exclude\\\":[],\\\"maxResults\\\":2000},\\\"searchTerm\\\":\\\"\\\",\\\"replaceTerm\\\":\\\"\\\",\\\"showReplaceField\\\":false,\\\"searchHistoryState\\\":{\\\"history\\\":[],\\\"index\\\":0},\\\"replaceHistoryState\\\":{\\\"history\\\":[],\\\"index\\\":0},\\\"includeHistoryState\\\":{\\\"history\\\":[],\\\"index\\\":0},\\\"excludeHistoryState\\\":{\\\"history\\\":[],\\\"index\\\":0}}\"}}],\"title\":{\"label\":\"Search\",\"iconClass\":\"fa fa-arduino-search\",\"closeable\":true}}"},"rank":5,"expanded":false,"pinned":false}],"size":268},"rightPanel":{"type":"sidepanel","items":[]},"activeWidgetId":"serial-monitor"}
2025-08-14 07:47:46 2025-08-14T14:47:46.559Z root INFO ------- END SERIALIZED LAYOUT DATA -------
2025-08-14 07:47:46 2025-08-14T14:47:46.900Z root INFO <<< The layout has been successfully restored.
2025-08-14 07:47:46 2025-08-14T14:47:46.943Z root INFO <<< The layout has been successfully restored.
2025-08-14 07:47:46 2025-08-14T14:47:46.995Z root INFO Initialize the workbench layout: 2498.0 ms [Finished 4.714 s after frontend start]
2025-08-14 07:47:46 2025-08-14T14:47:46.996Z root INFO Changed application state from 'attached_shell' to 'initialized_layout'.
2025-08-14 07:47:46 2025-08-14T14:47:46.998Z root INFO [7a0f5003-c2cc-478b-9b7f-9aa1a65eca9d] Loading plugin contributions
2025-08-14 07:47:46 2025-08-14T14:47:46.998Z root INFO [7a0f5003-c2cc-478b-9b7f-9aa1a65eca9d] Load contributions of 23 plugins: 90.4 ms [Finished 4.806 s after frontend start]
2025-08-14 07:47:47 2025-08-14T14:47:47.053Z root WARN 'cpp' language is remapped from 'source.cpp.embedded.macro' to 'source.cpp' scope
2025-08-14 07:47:47 2025-08-14T14:47:47.054Z root WARN a registered grammar configuration for 'cpp' language is overridden
2025-08-14 07:47:47 2025-08-14T14:47:47.074Z root INFO Initialize the workbench layout: 2538.1 ms [Finished 4.815 s after frontend start]
2025-08-14 07:47:47 2025-08-14T14:47:47.074Z root INFO Changed application state from 'attached_shell' to 'initialized_layout'.
2025-08-14 07:47:47 2025-08-14T14:47:47.076Z root INFO [275dc45a-6867-48ee-a414-99d649c56542] Loading plugin contributions
2025-08-14 07:47:47 2025-08-14T14:47:47.076Z root INFO [275dc45a-6867-48ee-a414-99d649c56542] Load contributions of 23 plugins: 126.7 ms [Finished 4.944 s after frontend start]
2025-08-14 07:47:47 2025-08-14T14:47:47.156Z root WARN 'cpp' language is remapped from 'source.cpp.embedded.macro' to 'source.cpp' scope
2025-08-14 07:47:47 2025-08-14T14:47:47.156Z root WARN a registered grammar configuration for 'cpp' language is overridden
2025-08-14 07:47:47 2025-08-14T14:47:47.171Z root ERROR [hosted-plugin: 8231] Conflict in settings file Default: Ignoring cortex-debug.armToolchainPath.linux as cortex-debug.armToolchainPath is null
2025-08-14 07:47:47 2025-08-14T14:47:47.171Z root ERROR [hosted-plugin: 8231] Conflict in settings file Default: Ignoring cortex-debug.armToolchainPath.osx as cortex-debug.armToolchainPath is null
Conflict in settings file Default: Ignoring cortex-debug.armToolchainPath.windows as cortex-debug.armToolchainPath is null
Conflict in settings file Default: Ignoring cortex-debug.JLinkGDBServerPath.linux as cortex-debug.JLinkGDBServerPath is null
2025-08-14 07:47:47 2025-08-14T14:47:47.171Z root ERROR [hosted-plugin: 8231] Conflict in settings file Default: Ignoring cortex-debug.JLinkGDBServerPath.osx as cortex-debug.JLinkGDBServerPath is null
2025-08-14 07:47:47 2025-08-14T14:47:47.171Z root ERROR [hosted-plugin: 8231] Conflict in settings file Default: Ignoring cortex-debug.JLinkGDBServerPath.windows as cortex-debug.JLinkGDBServerPath is null
Conflict in settings file Default: Ignoring cortex-debug.openocdPath.linux as cortex-debug.openocdPath is null
2025-08-14 07:47:47 2025-08-14T14:47:47.171Z root ERROR [hosted-plugin: 8231] Conflict in settings file Default: Ignoring cortex-debug.openocdPath.osx as cortex-debug.openocdPath is null
Conflict in settings file Default: Ignoring cortex-debug.openocdPath.windows as cortex-debug.openocdPath is null
2025-08-14 07:47:47 2025-08-14T14:47:47.171Z root ERROR [hosted-plugin: 8231] Conflict in settings file Default: Ignoring cortex-debug.pyocdPath.linux as cortex-debug.pyocdPath is null
Conflict in settings file Default: Ignoring cortex-debug.pyocdPath.osx as cortex-debug.pyocdPath is null
2025-08-14 07:47:47 2025-08-14T14:47:47.171Z root ERROR [hosted-plugin: 8231] Conflict in settings file Default: Ignoring cortex-debug.pyocdPath.windows as cortex-debug.pyocdPath is null
Conflict in settings file Default: Ignoring cortex-debug.PEGDBServerPath.linux as cortex-debug.PEGDBServerPath is null
2025-08-14 07:47:47 2025-08-14T14:47:47.171Z root ERROR [hosted-plugin: 8231] Conflict in settings file Default: Ignoring cortex-debug.PEGDBServerPath.osx as cortex-debug.PEGDBServerPath is null
Conflict in settings file Default: Ignoring cortex-debug.PEGDBServerPath.windows as cortex-debug.PEGDBServerPath is null
Conflict in settings file Default: Ignoring cortex-debug.stutilPath.linux as cortex-debug.stutilPath is null
2025-08-14 07:47:47 2025-08-14T14:47:47.172Z root ERROR [hosted-plugin: 8231] Conflict in settings file Default: Ignoring cortex-debug.stutilPath.osx as cortex-debug.stutilPath is null
Conflict in settings file Default: Ignoring cortex-debug.stutilPath.windows as cortex-debug.stutilPath is null
Conflict in settings file Default: Ignoring cortex-debug.stlinkPath.linux as cortex-debug.stlinkPath is null
Conflict in settings file Default: Ignoring cortex-debug.stlinkPath.osx as cortex-debug.stlinkPath is null
2025-08-14 07:47:47 2025-08-14T14:47:47.172Z root ERROR [hosted-plugin: 8231] Conflict in settings file Default: Ignoring cortex-debug.stlinkPath.windows as cortex-debug.stlinkPath is null
Conflict in settings file Default: Ignoring cortex-debug.stm32cubeprogrammer.linux as cortex-debug.stm32cubeprogrammer is null
Conflict in settings file Default: Ignoring cortex-debug.stm32cubeprogrammer.osx as cortex-debug.stm32cubeprogrammer is null
Conflict in settings file Default: Ignoring cortex-debug.stm32cubeprogrammer.windows as cortex-debug.stm32cubeprogrammer is null
2025-08-14 07:47:47 2025-08-14T14:47:47.269Z root INFO [hosted-plugin: 8231] PLUGIN_HOST(8231): PluginManagerExtImpl/init()
2025-08-14 07:47:47 2025-08-14T14:47:47.273Z root INFO [hosted-plugin: 8231] PLUGIN_HOST(8231): initializing(vscode-arduino-api@0.1.2 with /nix/store/2d5i1bzbqbnl4rgnhk8czrw5zmqqjdzv-arduino-ide-2.3.6-extracted/resources/app/lib/backend/plugin-vscode-init)
2025-08-14 07:47:47 2025-08-14T14:47:47.379Z root INFO [hosted-plugin: 8231] PLUGIN_HOST(8231): initializing(json-language-features@1.88.1 with /nix/store/2d5i1bzbqbnl4rgnhk8czrw5zmqqjdzv-arduino-ide-2.3.6-extracted/resources/app/lib/backend/plugin-vscode-init)
2025-08-14 07:47:47 2025-08-14T14:47:47.383Z root INFO [hosted-plugin: 8231] PLUGIN_HOST(8231): initializing(cortex-debug@1.5.1 with /nix/store/2d5i1bzbqbnl4rgnhk8czrw5zmqqjdzv-arduino-ide-2.3.6-extracted/resources/app/lib/backend/plugin-vscode-init)
2025-08-14 07:47:47 2025-08-14T14:47:47.383Z root INFO [hosted-plugin: 8231] Debugger contribution has been registered: cortex-debug
2025-08-14 07:47:47 2025-08-14T14:47:47.385Z root INFO [hosted-plugin: 8231] PLUGIN_HOST(8231): initializing(vscode-arduino-tools@0.1.3 with /nix/store/2d5i1bzbqbnl4rgnhk8czrw5zmqqjdzv-arduino-ide-2.3.6-extracted/resources/app/lib/backend/plugin-vscode-init)
2025-08-14 07:47:47 2025-08-14T14:47:47.387Z root INFO [hosted-plugin: 8231] PLUGIN_HOST(8231): initializing(cpp@1.88.1 with /nix/store/2d5i1bzbqbnl4rgnhk8czrw5zmqqjdzv-arduino-ide-2.3.6-extracted/resources/app/lib/backend/plugin-vscode-init)
2025-08-14 07:47:47 2025-08-14T14:47:47.388Z root INFO [hosted-plugin: 8231] PLUGIN_HOST(8231): initializing(json@1.88.1 with /nix/store/2d5i1bzbqbnl4rgnhk8czrw5zmqqjdzv-arduino-ide-2.3.6-extracted/resources/app/lib/backend/plugin-vscode-init)
2025-08-14 07:47:47 2025-08-14T14:47:47.389Z root INFO [hosted-plugin: 8231] PLUGIN_HOST(8231): initializing(vscode-language-pack-bg@1.48.3 with /nix/store/2d5i1bzbqbnl4rgnhk8czrw5zmqqjdzv-arduino-ide-2.3.6-extracted/resources/app/lib/backend/plugin-vscode-init)
2025-08-14 07:47:47 2025-08-14T14:47:47.394Z root INFO [hosted-plugin: 8231] PLUGIN_HOST(8231): initializing(vscode-language-pack-cs@1.96.0 with /nix/store/2d5i1bzbqbnl4rgnhk8czrw5zmqqjdzv-arduino-ide-2.3.6-extracted/resources/app/lib/backend/plugin-vscode-init)
2025-08-14 07:47:47 2025-08-14T14:47:47.395Z root INFO [hosted-plugin: 8231] PLUGIN_HOST(8231): initializing(vscode-language-pack-de@1.96.0 with /nix/store/2d5i1bzbqbnl4rgnhk8czrw5zmqqjdzv-arduino-ide-2.3.6-extracted/resources/app/lib/backend/plugin-vscode-init)
2025-08-14 07:47:47 2025-08-14T14:47:47.395Z root INFO [hosted-plugin: 8231] PLUGIN_HOST(8231): initializing(vscode-language-pack-es@1.96.0 with /nix/store/2d5i1bzbqbnl4rgnhk8czrw5zmqqjdzv-arduino-ide-2.3.6-extracted/resources/app/lib/backend/plugin-vscode-init)
2025-08-14 07:47:47 2025-08-14T14:47:47.396Z root INFO [hosted-plugin: 8231] PLUGIN_HOST(8231): initializing(vscode-language-pack-fr@1.96.0 with /nix/store/2d5i1bzbqbnl4rgnhk8czrw5zmqqjdzv-arduino-ide-2.3.6-extracted/resources/app/lib/backend/plugin-vscode-init)
2025-08-14 07:47:47 2025-08-14T14:47:47.397Z root INFO [hosted-plugin: 8231] PLUGIN_HOST(8231): initializing(vscode-language-pack-hu@1.48.3 with /nix/store/2d5i1bzbqbnl4rgnhk8czrw5zmqqjdzv-arduino-ide-2.3.6-extracted/resources/app/lib/backend/plugin-vscode-init)
2025-08-14 07:47:47 2025-08-14T14:47:47.397Z root INFO [hosted-plugin: 8231] PLUGIN_HOST(8231): initializing(vscode-language-pack-it@1.96.0 with /nix/store/2d5i1bzbqbnl4rgnhk8czrw5zmqqjdzv-arduino-ide-2.3.6-extracted/resources/app/lib/backend/plugin-vscode-init)
2025-08-14 07:47:47 2025-08-14T14:47:47.398Z root INFO [hosted-plugin: 8231] PLUGIN_HOST(8231): initializing(vscode-language-pack-ja@1.96.0 with /nix/store/2d5i1bzbqbnl4rgnhk8czrw5zmqqjdzv-arduino-ide-2.3.6-extracted/resources/app/lib/backend/plugin-vscode-init)
2025-08-14 07:47:47 2025-08-14T14:47:47.398Z root INFO [hosted-plugin: 8231] PLUGIN_HOST(8231): initializing(vscode-language-pack-ko@1.96.0 with /nix/store/2d5i1bzbqbnl4rgnhk8czrw5zmqqjdzv-arduino-ide-2.3.6-extracted/resources/app/lib/backend/plugin-vscode-init)
2025-08-14 07:47:47 2025-08-14T14:47:47.398Z root INFO [hosted-plugin: 8231] PLUGIN_HOST(8231): initializing(vscode-language-pack-nl@1.48.3 with /nix/store/2d5i1bzbqbnl4rgnhk8czrw5zmqqjdzv-arduino-ide-2.3.6-extracted/resources/app/lib/backend/plugin-vscode-init)
2025-08-14 07:47:47 2025-08-14T14:47:47.399Z root INFO [hosted-plugin: 8231] PLUGIN_HOST(8231): initializing(vscode-language-pack-pl@1.96.0 with /nix/store/2d5i1bzbqbnl4rgnhk8czrw5zmqqjdzv-arduino-ide-2.3.6-extracted/resources/app/lib/backend/plugin-vscode-init)
2025-08-14 07:47:47 2025-08-14T14:47:47.399Z root INFO [hosted-plugin: 8231] PLUGIN_HOST(8231): initializing(vscode-language-pack-pt-BR@1.96.0 with /nix/store/2d5i1bzbqbnl4rgnhk8czrw5zmqqjdzv-arduino-ide-2.3.6-extracted/resources/app/lib/backend/plugin-vscode-init)
2025-08-14 07:47:47 2025-08-14T14:47:47.400Z root INFO [hosted-plugin: 8231] PLUGIN_HOST(8231): initializing(vscode-language-pack-ru@1.96.0 with /nix/store/2d5i1bzbqbnl4rgnhk8czrw5zmqqjdzv-arduino-ide-2.3.6-extracted/resources/app/lib/backend/plugin-vscode-init)
2025-08-14 07:47:47 2025-08-14T14:47:47.400Z root INFO [hosted-plugin: 8231] PLUGIN_HOST(8231): initializing(vscode-language-pack-tr@1.96.0 with /nix/store/2d5i1bzbqbnl4rgnhk8czrw5zmqqjdzv-arduino-ide-2.3.6-extracted/resources/app/lib/backend/plugin-vscode-init)
2025-08-14 07:47:47 2025-08-14T14:47:47.400Z root INFO [hosted-plugin: 8231] PLUGIN_HOST(8231): initializing(vscode-language-pack-uk@1.48.3 with /nix/store/2d5i1bzbqbnl4rgnhk8czrw5zmqqjdzv-arduino-ide-2.3.6-extracted/resources/app/lib/backend/plugin-vscode-init)
2025-08-14 07:47:47 2025-08-14T14:47:47.401Z root INFO [hosted-plugin: 8231] PLUGIN_HOST(8231): initializing(vscode-language-pack-zh-hans@1.96.0 with /nix/store/2d5i1bzbqbnl4rgnhk8czrw5zmqqjdzv-arduino-ide-2.3.6-extracted/resources/app/lib/backend/plugin-vscode-init)
2025-08-14 07:47:47 2025-08-14T14:47:47.401Z root INFO [hosted-plugin: 8231] PLUGIN_HOST(8231): initializing(vscode-language-pack-zh-hant@1.96.0 with /nix/store/2d5i1bzbqbnl4rgnhk8czrw5zmqqjdzv-arduino-ide-2.3.6-extracted/resources/app/lib/backend/plugin-vscode-init)
2025-08-14 07:47:47 2025-08-14T14:47:47.409Z root INFO [hosted-plugin: 8231] PLUGIN_HOST(8231): PluginManagerExtImpl/loadPlugin(/nix/store/2d5i1bzbqbnl4rgnhk8czrw5zmqqjdzv-arduino-ide-2.3.6-extracted/resources/app/plugins/vscode-builtin-json-language-features/extension/client/dist/node/jsonClientMain)
2025-08-14 07:47:47 2025-08-14T14:47:47.457Z root ERROR [hosted-plugin: 8229] Conflict in settings file Default: Ignoring cortex-debug.armToolchainPath.linux as cortex-debug.armToolchainPath is null
2025-08-14 07:47:47 2025-08-14T14:47:47.457Z root ERROR [hosted-plugin: 8229] Conflict in settings file Default: Ignoring cortex-debug.armToolchainPath.osx as cortex-debug.armToolchainPath is null
2025-08-14 07:47:47 2025-08-14T14:47:47.457Z root ERROR [hosted-plugin: 8229] Conflict in settings file Default: Ignoring cortex-debug.armToolchainPath.windows as cortex-debug.armToolchainPath is null
2025-08-14 07:47:47 2025-08-14T14:47:47.458Z root ERROR [hosted-plugin: 8229] Conflict in settings file Default: Ignoring cortex-debug.JLinkGDBServerPath.linux as cortex-debug.JLinkGDBServerPath is null
2025-08-14 07:47:47 2025-08-14T14:47:47.458Z root ERROR [hosted-plugin: 8229] Conflict in settings file Default: Ignoring cortex-debug.JLinkGDBServerPath.osx as cortex-debug.JLinkGDBServerPath is null
Conflict in settings file Default: Ignoring cortex-debug.JLinkGDBServerPath.windows as cortex-debug.JLinkGDBServerPath is null
2025-08-14 07:47:47 2025-08-14T14:47:47.458Z root ERROR [hosted-plugin: 8229] Conflict in settings file Default: Ignoring cortex-debug.openocdPath.linux as cortex-debug.openocdPath is null
2025-08-14 07:47:47 2025-08-14T14:47:47.458Z root ERROR [hosted-plugin: 8229] Conflict in settings file Default: Ignoring cortex-debug.openocdPath.osx as cortex-debug.openocdPath is null
2025-08-14 07:47:47 2025-08-14T14:47:47.458Z root ERROR [hosted-plugin: 8229] Conflict in settings file Default: Ignoring cortex-debug.openocdPath.windows as cortex-debug.openocdPath is null
2025-08-14 07:47:47 2025-08-14T14:47:47.458Z root ERROR [hosted-plugin: 8229] Conflict in settings file Default: Ignoring cortex-debug.pyocdPath.linux as cortex-debug.pyocdPath is null
Conflict in settings file Default: Ignoring cortex-debug.pyocdPath.osx as cortex-debug.pyocdPath is null
Conflict in settings file Default: Ignoring cortex-debug.pyocdPath.windows as cortex-debug.pyocdPath is null
2025-08-14 07:47:47 2025-08-14T14:47:47.458Z root ERROR [hosted-plugin: 8229] Conflict in settings file Default: Ignoring cortex-debug.PEGDBServerPath.linux as cortex-debug.PEGDBServerPath is null
Conflict in settings file Default: Ignoring cortex-debug.PEGDBServerPath.osx as cortex-debug.PEGDBServerPath is null
Conflict in settings file Default: Ignoring cortex-debug.PEGDBServerPath.windows as cortex-debug.PEGDBServerPath is null
2025-08-14 07:47:47 2025-08-14T14:47:47.458Z root ERROR [hosted-plugin: 8229] Conflict in settings file Default: Ignoring cortex-debug.stutilPath.linux as cortex-debug.stutilPath is null
Conflict in settings file Default: Ignoring cortex-debug.stutilPath.osx as cortex-debug.stutilPath is null
Conflict in settings file Default: Ignoring cortex-debug.stutilPath.windows as cortex-debug.stutilPath is null
Conflict in settings file Default: Ignoring cortex-debug.stlinkPath.linux as cortex-debug.stlinkPath is null
2025-08-14 07:47:47 2025-08-14T14:47:47.458Z root ERROR [hosted-plugin: 8229] Conflict in settings file Default: Ignoring cortex-debug.stlinkPath.osx as cortex-debug.stlinkPath is null
Conflict in settings file Default: Ignoring cortex-debug.stlinkPath.windows as cortex-debug.stlinkPath is null
Conflict in settings file Default: Ignoring cortex-debug.stm32cubeprogrammer.linux as cortex-debug.stm32cubeprogrammer is null
2025-08-14 07:47:47 2025-08-14T14:47:47.459Z root ERROR [hosted-plugin: 8229] Conflict in settings file Default: Ignoring cortex-debug.stm32cubeprogrammer.osx as cortex-debug.stm32cubeprogrammer is null
Conflict in settings file Default: Ignoring cortex-debug.stm32cubeprogrammer.windows as cortex-debug.stm32cubeprogrammer is null
2025-08-14 07:47:47 2025-08-14T14:47:47.470Z root INFO [hosted-plugin: 8231] PLUGIN_HOST(8231): PluginManagerExtImpl/loadPlugin(/nix/store/2d5i1bzbqbnl4rgnhk8czrw5zmqqjdzv-arduino-ide-2.3.6-extracted/resources/app/plugins/vscode-arduino-tools/extension/dist/extension.js)
2025-08-14 07:47:47 2025-08-14T14:47:47.499Z root INFO [hosted-plugin: 8231] PLUGIN_HOST(8231): PluginManagerExtImpl/loadPlugin(/nix/store/2d5i1bzbqbnl4rgnhk8czrw5zmqqjdzv-arduino-ide-2.3.6-extracted/resources/app/plugins/vscode-arduino-api/extension/dist/extension.js)
2025-08-14 07:47:47 2025-08-14T14:47:47.503Z root INFO [hosted-plugin: 8231] calling activation function on VS Code Arduino Tools
calling activation function on Arduino IDE API for VS Code extensions
2025-08-14 07:47:47 2025-08-14T14:47:47.522Z root INFO [7a0f5003-c2cc-478b-9b7f-9aa1a65eca9d] Starting plugins.
2025-08-14 07:47:47 2025-08-14T14:47:47.545Z root INFO [hosted-plugin: 8231] PLUGIN_HOST(8231): PluginManagerExtImpl/loadPlugin(/nix/store/2d5i1bzbqbnl4rgnhk8czrw5zmqqjdzv-arduino-ide-2.3.6-extracted/resources/app/plugins/cortex-debug/extension/dist/extension.js)
2025-08-14 07:47:47 2025-08-14T14:47:47.574Z root INFO [hosted-plugin: 8229] PLUGIN_HOST(8229): PluginManagerExtImpl/init()
2025-08-14 07:47:47 2025-08-14T14:47:47.578Z root INFO [hosted-plugin: 8229] PLUGIN_HOST(8229): initializing(vscode-arduino-api@0.1.2 with /nix/store/2d5i1bzbqbnl4rgnhk8czrw5zmqqjdzv-arduino-ide-2.3.6-extracted/resources/app/lib/backend/plugin-vscode-init)
2025-08-14 07:47:47 2025-08-14T14:47:47.579Z root INFO [hosted-plugin: 8231] Debug configuration provider has been registered: cortex-debug, trigger: 1
2025-08-14 07:47:47 2025-08-14T14:47:47.580Z root INFO [hosted-plugin: 8231] calling activation function on Cortex-Debug
2025-08-14 07:47:47 2025-08-14T14:47:47.582Z root INFO [hosted-plugin: 8231] GDB server console created
2025-08-14 07:47:47 2025-08-14T14:47:47.598Z root INFO [7a0f5003-c2cc-478b-9b7f-9aa1a65eca9d] Start of 23 plugins: 601.0 ms [Finished 5.412 s after frontend start]
2025-08-14 07:47:47 2025-08-14T14:47:47.683Z root INFO [hosted-plugin: 8229] PLUGIN_HOST(8229): initializing(json-language-features@1.88.1 with /nix/store/2d5i1bzbqbnl4rgnhk8czrw5zmqqjdzv-arduino-ide-2.3.6-extracted/resources/app/lib/backend/plugin-vscode-init)
2025-08-14 07:47:47 2025-08-14T14:47:47.687Z root INFO [hosted-plugin: 8229] PLUGIN_HOST(8229): initializing(cortex-debug@1.5.1 with /nix/store/2d5i1bzbqbnl4rgnhk8czrw5zmqqjdzv-arduino-ide-2.3.6-extracted/resources/app/lib/backend/plugin-vscode-init)
2025-08-14 07:47:47 2025-08-14T14:47:47.687Z root INFO [hosted-plugin: 8229] Debugger contribution has been registered: cortex-debug
2025-08-14 07:47:47 2025-08-14T14:47:47.689Z root INFO [hosted-plugin: 8229] PLUGIN_HOST(8229): initializing(vscode-arduino-tools@0.1.3 with /nix/store/2d5i1bzbqbnl4rgnhk8czrw5zmqqjdzv-arduino-ide-2.3.6-extracted/resources/app/lib/backend/plugin-vscode-init)
2025-08-14 07:47:47 2025-08-14T14:47:47.691Z root INFO [hosted-plugin: 8229] PLUGIN_HOST(8229): initializing(cpp@1.88.1 with /nix/store/2d5i1bzbqbnl4rgnhk8czrw5zmqqjdzv-arduino-ide-2.3.6-extracted/resources/app/lib/backend/plugin-vscode-init)
2025-08-14 07:47:47 2025-08-14T14:47:47.693Z root INFO [hosted-plugin: 8229] PLUGIN_HOST(8229): initializing(json@1.88.1 with /nix/store/2d5i1bzbqbnl4rgnhk8czrw5zmqqjdzv-arduino-ide-2.3.6-extracted/resources/app/lib/backend/plugin-vscode-init)
2025-08-14 07:47:47 2025-08-14T14:47:47.694Z root INFO [hosted-plugin: 8229] PLUGIN_HOST(8229): initializing(vscode-language-pack-bg@1.48.3 with /nix/store/2d5i1bzbqbnl4rgnhk8czrw5zmqqjdzv-arduino-ide-2.3.6-extracted/resources/app/lib/backend/plugin-vscode-init)
2025-08-14 07:47:47 2025-08-14T14:47:47.698Z root INFO [hosted-plugin: 8229] PLUGIN_HOST(8229): initializing(vscode-language-pack-cs@1.96.0 with /nix/store/2d5i1bzbqbnl4rgnhk8czrw5zmqqjdzv-arduino-ide-2.3.6-extracted/resources/app/lib/backend/plugin-vscode-init)
2025-08-14 07:47:47 2025-08-14T14:47:47.699Z root INFO [hosted-plugin: 8229] PLUGIN_HOST(8229): initializing(vscode-language-pack-de@1.96.0 with /nix/store/2d5i1bzbqbnl4rgnhk8czrw5zmqqjdzv-arduino-ide-2.3.6-extracted/resources/app/lib/backend/plugin-vscode-init)
2025-08-14 07:47:47 2025-08-14T14:47:47.700Z root INFO [hosted-plugin: 8229] PLUGIN_HOST(8229): initializing(vscode-language-pack-es@1.96.0 with /nix/store/2d5i1bzbqbnl4rgnhk8czrw5zmqqjdzv-arduino-ide-2.3.6-extracted/resources/app/lib/backend/plugin-vscode-init)
2025-08-14 07:47:47 2025-08-14T14:47:47.701Z root INFO [hosted-plugin: 8229] PLUGIN_HOST(8229): initializing(vscode-language-pack-fr@1.96.0 with /nix/store/2d5i1bzbqbnl4rgnhk8czrw5zmqqjdzv-arduino-ide-2.3.6-extracted/resources/app/lib/backend/plugin-vscode-init)
2025-08-14 07:47:47 2025-08-14T14:47:47.702Z root INFO [hosted-plugin: 8229] PLUGIN_HOST(8229): initializing(vscode-language-pack-hu@1.48.3 with /nix/store/2d5i1bzbqbnl4rgnhk8czrw5zmqqjdzv-arduino-ide-2.3.6-extracted/resources/app/lib/backend/plugin-vscode-init)
2025-08-14 07:47:47 2025-08-14T14:47:47.702Z root INFO [hosted-plugin: 8229] PLUGIN_HOST(8229): initializing(vscode-language-pack-it@1.96.0 with /nix/store/2d5i1bzbqbnl4rgnhk8czrw5zmqqjdzv-arduino-ide-2.3.6-extracted/resources/app/lib/backend/plugin-vscode-init)
2025-08-14 07:47:47 2025-08-14T14:47:47.703Z root INFO [hosted-plugin: 8229] PLUGIN_HOST(8229): initializing(vscode-language-pack-ja@1.96.0 with /nix/store/2d5i1bzbqbnl4rgnhk8czrw5zmqqjdzv-arduino-ide-2.3.6-extracted/resources/app/lib/backend/plugin-vscode-init)
2025-08-14 07:47:47 2025-08-14T14:47:47.703Z root INFO [hosted-plugin: 8229] PLUGIN_HOST(8229): initializing(vscode-language-pack-ko@1.96.0 with /nix/store/2d5i1bzbqbnl4rgnhk8czrw5zmqqjdzv-arduino-ide-2.3.6-extracted/resources/app/lib/backend/plugin-vscode-init)
2025-08-14 07:47:47 2025-08-14T14:47:47.704Z root INFO [hosted-plugin: 8229] PLUGIN_HOST(8229): initializing(vscode-language-pack-nl@1.48.3 with /nix/store/2d5i1bzbqbnl4rgnhk8czrw5zmqqjdzv-arduino-ide-2.3.6-extracted/resources/app/lib/backend/plugin-vscode-init)
2025-08-14 07:47:47 2025-08-14T14:47:47.704Z root INFO [hosted-plugin: 8229] PLUGIN_HOST(8229): initializing(vscode-language-pack-pl@1.96.0 with /nix/store/2d5i1bzbqbnl4rgnhk8czrw5zmqqjdzv-arduino-ide-2.3.6-extracted/resources/app/lib/backend/plugin-vscode-init)
2025-08-14 07:47:47 2025-08-14T14:47:47.705Z root INFO [hosted-plugin: 8229] PLUGIN_HOST(8229): initializing(vscode-language-pack-pt-BR@1.96.0 with /nix/store/2d5i1bzbqbnl4rgnhk8czrw5zmqqjdzv-arduino-ide-2.3.6-extracted/resources/app/lib/backend/plugin-vscode-init)
2025-08-14 07:47:47 2025-08-14T14:47:47.705Z root INFO [hosted-plugin: 8229] PLUGIN_HOST(8229): initializing(vscode-language-pack-ru@1.96.0 with /nix/store/2d5i1bzbqbnl4rgnhk8czrw5zmqqjdzv-arduino-ide-2.3.6-extracted/resources/app/lib/backend/plugin-vscode-init)
2025-08-14 07:47:47 2025-08-14T14:47:47.705Z root INFO [hosted-plugin: 8229] PLUGIN_HOST(8229): initializing(vscode-language-pack-tr@1.96.0 with /nix/store/2d5i1bzbqbnl4rgnhk8czrw5zmqqjdzv-arduino-ide-2.3.6-extracted/resources/app/lib/backend/plugin-vscode-init)
2025-08-14 07:47:47 2025-08-14T14:47:47.706Z root INFO [hosted-plugin: 8229] PLUGIN_HOST(8229): initializing(vscode-language-pack-uk@1.48.3 with /nix/store/2d5i1bzbqbnl4rgnhk8czrw5zmqqjdzv-arduino-ide-2.3.6-extracted/resources/app/lib/backend/plugin-vscode-init)
2025-08-14 07:47:47 2025-08-14T14:47:47.706Z root INFO [hosted-plugin: 8229] PLUGIN_HOST(8229): initializing(vscode-language-pack-zh-hans@1.96.0 with /nix/store/2d5i1bzbqbnl4rgnhk8czrw5zmqqjdzv-arduino-ide-2.3.6-extracted/resources/app/lib/backend/plugin-vscode-init)
2025-08-14 07:47:47 2025-08-14T14:47:47.706Z root INFO [hosted-plugin: 8229] PLUGIN_HOST(8229): initializing(vscode-language-pack-zh-hant@1.96.0 with /nix/store/2d5i1bzbqbnl4rgnhk8czrw5zmqqjdzv-arduino-ide-2.3.6-extracted/resources/app/lib/backend/plugin-vscode-init)
2025-08-14 07:47:47 2025-08-14T14:47:47.714Z root INFO [hosted-plugin: 8229] PLUGIN_HOST(8229): PluginManagerExtImpl/loadPlugin(/nix/store/2d5i1bzbqbnl4rgnhk8czrw5zmqqjdzv-arduino-ide-2.3.6-extracted/resources/app/plugins/vscode-builtin-json-language-features/extension/client/dist/node/jsonClientMain)
2025-08-14 07:47:47 2025-08-14T14:47:47.794Z root INFO [hosted-plugin: 8231] calling activation function on JSON Language Features (built-in)
2025-08-14 07:47:47 2025-08-14T14:47:47.794Z root INFO [hosted-plugin: 8229] PLUGIN_HOST(8229): PluginManagerExtImpl/loadPlugin(/nix/store/2d5i1bzbqbnl4rgnhk8czrw5zmqqjdzv-arduino-ide-2.3.6-extracted/resources/app/plugins/vscode-arduino-tools/extension/dist/extension.js)
2025-08-14 07:47:47 2025-08-14T14:47:47.823Z root INFO [hosted-plugin: 8229] PLUGIN_HOST(8229): PluginManagerExtImpl/loadPlugin(/nix/store/2d5i1bzbqbnl4rgnhk8czrw5zmqqjdzv-arduino-ide-2.3.6-extracted/resources/app/plugins/vscode-arduino-api/extension/dist/extension.js)
2025-08-14 07:47:47 2025-08-14T14:47:47.827Z root INFO [hosted-plugin: 8229] calling activation function on VS Code Arduino Tools
2025-08-14 07:47:47 2025-08-14T14:47:47.827Z root INFO [hosted-plugin: 8229] calling activation function on Arduino IDE API for VS Code extensions
2025-08-14 07:47:47 2025-08-14T14:47:47.850Z root INFO [275dc45a-6867-48ee-a414-99d649c56542] Starting plugins.
2025-08-14 07:47:47 2025-08-14T14:47:47.877Z root INFO [hosted-plugin: 8229] PLUGIN_HOST(8229): PluginManagerExtImpl/loadPlugin(/nix/store/2d5i1bzbqbnl4rgnhk8czrw5zmqqjdzv-arduino-ide-2.3.6-extracted/resources/app/plugins/cortex-debug/extension/dist/extension.js)
2025-08-14 07:47:47 2025-08-14T14:47:47.913Z root INFO [hosted-plugin: 8229] Debug configuration provider has been registered: cortex-debug, trigger: 1
2025-08-14 07:47:47 2025-08-14T14:47:47.913Z root INFO [hosted-plugin: 8229] calling activation function on Cortex-Debug
2025-08-14 07:47:47 2025-08-14T14:47:47.916Z root INFO [hosted-plugin: 8229] GDB server console created
2025-08-14 07:47:48 2025-08-14T14:47:48.078Z root INFO Frontend application start: 3860.0 ms [Finished 6.670 s after backend start]
2025-08-14 07:47:48 Checking for update
2025-08-14 07:47:48 2025-08-14T14:47:48.161Z root INFO Replace loading indicator with ready workbench UI (animation): 841.3 ms [Finished 5.652 s after frontend start]
2025-08-14 07:47:48 2025-08-14T14:47:48.161Z root INFO Changed application state from 'initialized_layout' to 'ready'.
2025-08-14 07:47:48 2025-08-14T14:47:48.161Z root WARN Linked preference "workbench.colorCustomizations" not found.
2025-08-14 07:47:48 2025-08-14T14:47:48.163Z root INFO [hosted-plugin: 8229] calling activation function on JSON Language Features (built-in)
2025-08-14 07:47:48 2025-08-14T14:47:48.181Z root INFO Replace loading indicator with ready workbench UI (animation): 843.7 ms [Finished 5.791 s after frontend start]
2025-08-14 07:47:48 2025-08-14T14:47:48.181Z root INFO Changed application state from 'initialized_layout' to 'ready'.
2025-08-14 07:47:48 2025-08-14T14:47:48.181Z root WARN Linked preference "workbench.colorCustomizations" not found.
2025-08-14 07:47:48 2025-08-14T14:47:48.181Z root INFO [275dc45a-6867-48ee-a414-99d649c56542] Start of 23 plugins: 1074.6 ms [Finished 6.022 s after frontend start]
2025-08-14 07:47:48 2025-08-14T14:47:48.184Z root INFO Frontend application start: 3937.8 ms [Finished 6.757 s after backend start]
2025-08-14 07:47:48 2025-08-14T14:47:48.317Z daemon INFO time="2025-08-14T07:47:48-07:00" level=info msg="Starting download" url="https://downloads.arduino.cc/libraries/library_index.tar.bz2"
time="2025-08-14T07:47:48-07:00" level=info msg="Updating index" url="https://downloads.arduino.cc/packages/package_index.tar.bz2"
time="2025-08-14T07:47:48-07:00" level=info msg="Starting download" url="https://downloads.arduino.cc/packages/package_index.tar.bz2"
2025-08-14 07:47:48 2025-08-14T14:47:48.321Z root INFO core-client-provider [library-index] Downloading index: library_index.tar.bz2

2025-08-14 07:47:48 2025-08-14T14:47:48.322Z root INFO core-client-provider [platform-index] Downloading index: package_index.tar.bz2

2025-08-14 07:47:48 2025-08-14T14:47:48.378Z daemon INFO time="2025-08-14T07:47:48-07:00" level=info msg="Tool required for debug" tool="arduino:dfu-util@0.11.0-arduino5"
time="2025-08-14T07:47:48-07:00" level=info msg="Tool required for debug" tool="esp32:esp-rv32@2411"
time="2025-08-14T07:47:48-07:00" level=info msg="Tool required for debug" tool="esp32:esp-x32@2411"
time="2025-08-14T07:47:48-07:00" level=info msg="Tool required for debug" tool="esp32:esp32-arduino-libs@idf-release_v5.5-b66b5448-v1"
time="2025-08-14T07:47:48-07:00" level=info msg="Tool required for debug" tool="esp32:esptool_py@5.0.0"
time="2025-08-14T07:47:48-07:00" level=info msg="Tool required for debug" tool="esp32:mklittlefs@3.0.0-gnu12-dc7f933"
time="2025-08-14T07:47:48-07:00" level=info msg="Tool required for debug" tool="esp32:mkspiffs@0.2.3"
time="2025-08-14T07:47:48-07:00" level=info msg="Tool required for debug" tool="esp32:openocd-esp32@v0.12.0-esp32-20250422"
time="2025-08-14T07:47:48-07:00" level=info msg="Tool required for debug" tool="esp32:riscv32-esp-elf-gdb@16.2_20250324"
time="2025-08-14T07:47:48-07:00" level=info msg="Tool required for debug" tool="esp32:xtensa-esp-elf-gdb@16.2_20250324"
time="2025-08-14T07:47:48-07:00" level=info msg="Tool required for debug" tool="arduino:avrdude@6.3.0-arduino17"
time="2025-08-14T07:47:48-07:00" level=info msg="Tool required for debug" tool="builtin:ctags@5.8-arduino11"
time="2025-08-14T07:47:48-07:00" level=info msg="Tool required for debug" tool="arduino:avr-gcc@7.3.0-atmel3.6.1-arduino7"
time="2025-08-14T07:47:48-07:00" level=info msg="Tool required for debug" tool="builtin:mdns-discovery@1.0.9"
time="2025-08-14T07:47:48-07:00" level=info msg="Tool required for debug" tool="builtin:serial-discovery@1.4.1"
time="2025-08-14T07:47:48-07:00" level=info msg="Tool required for debug" tool="builtin:dfu-discovery@0.1.2"
time="2025-08-14T07:47:48-07:00" level=info msg="Tool required for debug" tool="arduino:arduinoOTA@1.3.0"
time="2025-08-14T07:47:48-07:00" level=info msg="Tool required for debug" tool="builtin:serial-monitor@0.15.0"
2025-08-14 07:47:48 2025-08-14T14:47:48.382Z daemon INFO time="2025-08-14T07:47:48-07:00" level=info msg="Tool required for debug" tool="arduino:dfu-util@0.11.0-arduino5"
time="2025-08-14T07:47:48-07:00" level=info msg="Tool required for debug" tool="esp32:esp-rv32@2411"
time="2025-08-14T07:47:48-07:00" level=info msg="Tool required for debug" tool="esp32:esp-x32@2411"
time="2025-08-14T07:47:48-07:00" level=info msg="Tool required for debug" tool="esp32:esp32-arduino-libs@idf-release_v5.5-b66b5448-v1"
time="2025-08-14T07:47:48-07:00" level=info msg="Tool required for debug" tool="esp32:esptool_py@5.0.0"
time="2025-08-14T07:47:48-07:00" level=info msg="Tool required for debug" tool="esp32:mklittlefs@3.0.0-gnu12-dc7f933"
time="2025-08-14T07:47:48-07:00" level=info msg="Tool required for debug" tool="esp32:mkspiffs@0.2.3"
time="2025-08-14T07:47:48-07:00" level=info msg="Tool required for debug" tool="esp32:openocd-esp32@v0.12.0-esp32-20250422"
time="2025-08-14T07:47:48-07:00" level=info msg="Tool required for debug" tool="esp32:riscv32-esp-elf-gdb@16.2_20250324"
time="2025-08-14T07:47:48-07:00" level=info msg="Tool required for debug" tool="esp32:xtensa-esp-elf-gdb@16.2_20250324"
time="2025-08-14T07:47:48-07:00" level=info msg="Tool required for debug" tool="builtin:mdns-discovery@1.0.9"
time="2025-08-14T07:47:48-07:00" level=info msg="Tool required for debug" tool="builtin:serial-monitor@0.15.0"
time="2025-08-14T07:47:48-07:00" level=info msg="Tool required for debug" tool="builtin:dfu-discovery@0.1.2"
time="2025-08-14T07:47:48-07:00" level=info msg="Tool required for debug" tool="arduino:arduinoOTA@1.3.0"
time="2025-08-14T07:47:48-07:00" level=info msg="Tool required for debug" tool="builtin:serial-discovery@1.4.1"
time="2025-08-14T07:47:48-07:00" level=info msg="Tool required for debug" tool="builtin:ctags@5.8-arduino11"
time="2025-08-14T07:47:48-07:00" level=info msg="Tool required for debug" tool="arduino:avrdude@6.3.0-arduino17"
time="2025-08-14T07:47:48-07:00" level=info msg="Tool required for debug" tool="arduino:avr-gcc@7.3.0-atmel3.6.1-arduino7"
2025-08-14 07:47:48 2025-08-14T14:47:48.383Z root INFO Starting language server: esp32:esp32:XIAO_ESP32C3:UploadSpeed=921600,CDCOnBoot=default,CPUFreq=160,FlashFreq=80,FlashMode=qio,FlashSize=4M,PartitionScheme=default,DebugLevel=none,EraseFlash=none
2025-08-14 07:47:48 2025-08-14T14:47:48.392Z daemon INFO time="2025-08-14T07:47:48-07:00" level=info msg="Tool required for debug" tool="arduino:dfu-util@0.11.0-arduino5"
time="2025-08-14T07:47:48-07:00" level=info msg="Tool required for debug" tool="esp32:esp-rv32@2411"
time="2025-08-14T07:47:48-07:00" level=info msg="Tool required for debug" tool="esp32:esp-x32@2411"
time="2025-08-14T07:47:48-07:00" level=info msg="Tool required for debug" tool="esp32:esp32-arduino-libs@idf-release_v5.5-b66b5448-v1"
time="2025-08-14T07:47:48-07:00" level=info msg="Tool required for debug" tool="esp32:esptool_py@5.0.0"
time="2025-08-14T07:47:48-07:00" level=info msg="Tool required for debug" tool="esp32:mklittlefs@3.0.0-gnu12-dc7f933"
time="2025-08-14T07:47:48-07:00" level=info msg="Tool required for debug" tool="esp32:mkspiffs@0.2.3"
time="2025-08-14T07:47:48-07:00" level=info msg="Tool required for debug" tool="esp32:openocd-esp32@v0.12.0-esp32-20250422"
time="2025-08-14T07:47:48-07:00" level=info msg="Tool required for debug" tool="esp32:riscv32-esp-elf-gdb@16.2_20250324"
time="2025-08-14T07:47:48-07:00" level=info msg="Tool required for debug" tool="esp32:xtensa-esp-elf-gdb@16.2_20250324"
time="2025-08-14T07:47:48-07:00" level=info msg="Tool required for debug" tool="arduino:avrdude@6.3.0-arduino17"
time="2025-08-14T07:47:48-07:00" level=info msg="Tool required for debug" tool="builtin:mdns-discovery@1.0.9"
time="2025-08-14T07:47:48-07:00" level=info msg="Tool required for debug" tool="builtin:serial-discovery@1.4.1"
time="2025-08-14T07:47:48-07:00" level=info msg="Tool required for debug" tool="arduino:avr-gcc@7.3.0-atmel3.6.1-arduino7"
time="2025-08-14T07:47:48-07:00" level=info msg="Tool required for debug" tool="arduino:arduinoOTA@1.3.0"
time="2025-08-14T07:47:48-07:00" level=info msg="Tool required for debug" tool="builtin:dfu-discovery@0.1.2"
time="2025-08-14T07:47:48-07:00" level=info msg="Tool required for debug" tool="builtin:serial-monitor@0.15.0"
time="2025-08-14T07:47:48-07:00" level=info msg="Tool required for debug" tool="builtin:ctags@5.8-arduino11"
time="2025-08-14T07:47:48-07:00" level=info msg="Tool required for debug" tool="arduino:dfu-util@0.11.0-arduino5"
time="2025-08-14T07:47:48-07:00" level=info msg="Tool required for debug" tool="esp32:esp-rv32@2411"
time="2025-08-14T07:47:48-07:00" level=info msg="Tool required for debug" tool="esp32:esp-x32@2411"
time="2025-08-14T07:47:48-07:00" level=info msg="Tool required for debug" tool="esp32:esp32-arduino-libs@idf-release_v5.5-b66b5448-v1"
time="2025-08-14T07:47:48-07:00" level=info msg="Tool required for debug" tool="esp32:esptool_py@5.0.0"
time="2025-08-14T07:47:48-07:00" level=info msg="Tool required for debug" tool="esp32:mklittlefs@3.0.0-gnu12-dc7f933"
time="2025-08-14T07:47:48-07:00" level=info msg="Tool required for debug" tool="esp32:mkspiffs@0.2.3"
time="2025-08-14T07:47:48-07:00" level=info msg="Tool required for debug" tool="esp32:openocd-esp32@v0.12.0-esp32-20250422"
time="2025-08-14T07:47:48-07:00" level=info msg="Tool required for debug" tool="esp32:riscv32-esp-elf-gdb@16.2_20250324"
time="2025-08-14T07:47:48-07:00" level=info msg="Tool required for debug" tool="esp32:xtensa-esp-elf-gdb@16.2_20250324"
time="2025-08-14T07:47:48-07:00" level=info msg="Tool required for debug" tool="builtin:mdns-discovery@1.0.9"
time="2025-08-14T07:47:48-07:00" level=info msg="Tool required for debug" tool="builtin:ctags@5.8-arduino11"
time="2025-08-14T07:47:48-07:00" level=info msg="Tool required for debug" tool="builtin:serial-monitor@0.15.0"
time="2025-08-14T07:47:48-07:00" level=info msg="Tool required for debug" tool="arduino:avr-gcc@7.3.0-atmel3.6.1-arduino7"
time="2025-08-14T07:47:48-07:00" level=info msg="Tool required for debug" tool="arduino:arduinoOTA@1.3.0"
time="2025-08-14T07:47:48-07:00" level=info msg="Tool required for debug" tool="builtin:dfu-discovery@0.1.2"
time="2025-08-14T07:47:48-07:00" level=info msg="Tool required for debug" tool="builtin:serial-discovery@1.4.1"
time="2025-08-14T07:47:48-07:00" level=info msg="Tool required for debug" tool="arduino:avrdude@6.3.0-arduino17"
2025-08-14 07:47:48 2025-08-14T14:47:48.397Z daemon INFO time="2025-08-14T07:47:48-07:00" level=info msg="Tool required for debug" tool="arduino:dfu-util@0.11.0-arduino5"
time="2025-08-14T07:47:48-07:00" level=info msg="Tool required for debug" tool="esp32:esp-rv32@2411"
time="2025-08-14T07:47:48-07:00" level=info msg="Tool required for debug" tool="esp32:esp-x32@2411"
time="2025-08-14T07:47:48-07:00" level=info msg="Tool required for debug" tool="esp32:esp32-arduino-libs@idf-release_v5.5-b66b5448-v1"
time="2025-08-14T07:47:48-07:00" level=info msg="Tool required for debug" tool="esp32:esptool_py@5.0.0"
time="2025-08-14T07:47:48-07:00" level=info msg="Tool required for debug" tool="esp32:mklittlefs@3.0.0-gnu12-dc7f933"
time="2025-08-14T07:47:48-07:00" level=info msg="Tool required for debug" tool="esp32:mkspiffs@0.2.3"
time="2025-08-14T07:47:48-07:00" level=info msg="Tool required for debug" tool="esp32:openocd-esp32@v0.12.0-esp32-20250422"
time="2025-08-14T07:47:48-07:00" level=info msg="Tool required for debug" tool="esp32:riscv32-esp-elf-gdb@16.2_20250324"
time="2025-08-14T07:47:48-07:00" level=info msg="Tool required for debug" tool="esp32:xtensa-esp-elf-gdb@16.2_20250324"
time="2025-08-14T07:47:48-07:00" level=info msg="Tool required for debug" tool="builtin:dfu-discovery@0.1.2"
time="2025-08-14T07:47:48-07:00" level=info msg="Tool required for debug" tool="builtin:ctags@5.8-arduino11"
time="2025-08-14T07:47:48-07:00" level=info msg="Tool required for debug" tool="builtin:serial-discovery@1.4.1"
time="2025-08-14T07:47:48-07:00" level=info msg="Tool required for debug" tool="arduino:avr-gcc@7.3.0-atmel3.6.1-arduino7"
time="2025-08-14T07:47:48-07:00" level=info msg="Tool required for debug" tool="arduino:avrdude@6.3.0-arduino17"
time="2025-08-14T07:47:48-07:00" level=info msg="Tool required for debug" tool="builtin:mdns-discovery@1.0.9"
time="2025-08-14T07:47:48-07:00" level=info msg="Tool required for debug" tool="arduino:arduinoOTA@1.3.0"
time="2025-08-14T07:47:48-07:00" level=info msg="Tool required for debug" tool="builtin:serial-monitor@0.15.0"
2025-08-14 07:47:48 2025-08-14T14:47:48.402Z daemon INFO time="2025-08-14T07:47:48-07:00" level=info msg="Tool required for debug" tool="arduino:dfu-util@0.11.0-arduino5"
time="2025-08-14T07:47:48-07:00" level=info msg="Tool required for debug" tool="esp32:esp-rv32@2411"
time="2025-08-14T07:47:48-07:00" level=info msg="Tool required for debug" tool="esp32:esp-x32@2411"
time="2025-08-14T07:47:48-07:00" level=info msg="Tool required for debug" tool="esp32:esp32-arduino-libs@idf-release_v5.5-b66b5448-v1"
time="2025-08-14T07:47:48-07:00" level=info msg="Tool required for debug" tool="esp32:esptool_py@5.0.0"
time="2025-08-14T07:47:48-07:00" level=info msg="Tool required for debug" tool="esp32:mklittlefs@3.0.0-gnu12-dc7f933"
time="2025-08-14T07:47:48-07:00" level=info msg="Tool required for debug" tool="esp32:mkspiffs@0.2.3"
time="2025-08-14T07:47:48-07:00" level=info msg="Tool required for debug" tool="esp32:openocd-esp32@v0.12.0-esp32-20250422"
time="2025-08-14T07:47:48-07:00" level=info msg="Tool required for debug" tool="esp32:riscv32-esp-elf-gdb@16.2_20250324"
time="2025-08-14T07:47:48-07:00" level=info msg="Tool required for debug" tool="esp32:xtensa-esp-elf-gdb@16.2_20250324"
time="2025-08-14T07:47:48-07:00" level=info msg="Tool required for debug" tool="arduino:avrdude@6.3.0-arduino17"
time="2025-08-14T07:47:48-07:00" level=info msg="Tool required for debug" tool="arduino:arduinoOTA@1.3.0"
time="2025-08-14T07:47:48-07:00" level=info msg="Tool required for debug" tool="builtin:serial-monitor@0.15.0"
time="2025-08-14T07:47:48-07:00" level=info msg="Tool required for debug" tool="arduino:avr-gcc@7.3.0-atmel3.6.1-arduino7"
time="2025-08-14T07:47:48-07:00" level=info msg="Tool required for debug" tool="builtin:ctags@5.8-arduino11"
time="2025-08-14T07:47:48-07:00" level=info msg="Tool required for debug" tool="builtin:dfu-discovery@0.1.2"
time="2025-08-14T07:47:48-07:00" level=info msg="Tool required for debug" tool="builtin:serial-discovery@1.4.1"
time="2025-08-14T07:47:48-07:00" level=info msg="Tool required for debug" tool="builtin:mdns-discovery@1.0.9"
2025-08-14 07:47:48 2025-08-14T14:47:48.414Z daemon INFO time="2025-08-14T07:47:48-07:00" level=info msg="Tool required for debug" tool="arduino:dfu-util@0.11.0-arduino5"
time="2025-08-14T07:47:48-07:00" level=info msg="Tool required for debug" tool="esp32:esp-rv32@2411"
time="2025-08-14T07:47:48-07:00" level=info msg="Tool required for debug" tool="esp32:esp-x32@2411"
time="2025-08-14T07:47:48-07:00" level=info msg="Tool required for debug" tool="esp32:esp32-arduino-libs@idf-release_v5.5-b66b5448-v1"
time="2025-08-14T07:47:48-07:00" level=info msg="Tool required for debug" tool="esp32:esptool_py@5.0.0"
time="2025-08-14T07:47:48-07:00" level=info msg="Tool required for debug" tool="esp32:mklittlefs@3.0.0-gnu12-dc7f933"
time="2025-08-14T07:47:48-07:00" level=info msg="Tool required for debug" tool="esp32:mkspiffs@0.2.3"
time="2025-08-14T07:47:48-07:00" level=info msg="Tool required for debug" tool="esp32:openocd-esp32@v0.12.0-esp32-20250422"
time="2025-08-14T07:47:48-07:00" level=info msg="Tool required for debug" tool="esp32:riscv32-esp-elf-gdb@16.2_20250324"
time="2025-08-14T07:47:48-07:00" level=info msg="Tool required for debug" tool="esp32:xtensa-esp-elf-gdb@16.2_20250324"
2025-08-14 07:47:48 2025-08-14T14:47:48.415Z daemon INFO time="2025-08-14T07:47:48-07:00" level=info msg="Tool required for debug" tool="arduino:avrdude@6.3.0-arduino17"
time="2025-08-14T07:47:48-07:00" level=info msg="Tool required for debug" tool="arduino:avr-gcc@7.3.0-atmel3.6.1-arduino7"
time="2025-08-14T07:47:48-07:00" level=info msg="Tool required for debug" tool="builtin:ctags@5.8-arduino11"
time="2025-08-14T07:47:48-07:00" level=info msg="Tool required for debug" tool="builtin:mdns-discovery@1.0.9"
time="2025-08-14T07:47:48-07:00" level=info msg="Tool required for debug" tool="arduino:arduinoOTA@1.3.0"
time="2025-08-14T07:47:48-07:00" level=info msg="Tool required for debug" tool="builtin:dfu-discovery@0.1.2"
time="2025-08-14T07:47:48-07:00" level=info msg="Tool required for debug" tool="builtin:serial-discovery@1.4.1"
time="2025-08-14T07:47:48-07:00" level=info msg="Tool required for debug" tool="builtin:serial-monitor@0.15.0"
2025-08-14 07:47:48 2025-08-14T14:47:48.421Z daemon INFO time="2025-08-14T07:47:48-07:00" level=info msg="Tool required for debug" tool="arduino:dfu-util@0.11.0-arduino5"
time="2025-08-14T07:47:48-07:00" level=info msg="Tool required for debug" tool="esp32:esp-rv32@2411"
time="2025-08-14T07:47:48-07:00" level=info msg="Tool required for debug" tool="esp32:esp-x32@2411"
time="2025-08-14T07:47:48-07:00" level=info msg="Tool required for debug" tool="esp32:esp32-arduino-libs@idf-release_v5.5-b66b5448-v1"
time="2025-08-14T07:47:48-07:00" level=info msg="Tool required for debug" tool="esp32:esptool_py@5.0.0"
2025-08-14 07:47:48 2025-08-14T14:47:48.421Z daemon INFO time="2025-08-14T07:47:48-07:00" level=info msg="Tool required for debug" tool="esp32:mklittlefs@3.0.0-gnu12-dc7f933"
time="2025-08-14T07:47:48-07:00" level=info msg="Tool required for debug" tool="esp32:mkspiffs@0.2.3"
time="2025-08-14T07:47:48-07:00" level=info msg="Tool required for debug" tool="esp32:openocd-esp32@v0.12.0-esp32-20250422"
time="2025-08-14T07:47:48-07:00" level=info msg="Tool required for debug" tool="esp32:riscv32-esp-elf-gdb@16.2_20250324"
time="2025-08-14T07:47:48-07:00" level=info msg="Tool required for debug" tool="esp32:xtensa-esp-elf-gdb@16.2_20250324"
time="2025-08-14T07:47:48-07:00" level=info msg="Tool required for debug" tool="arduino:arduinoOTA@1.3.0"
time="2025-08-14T07:47:48-07:00" level=info msg="Tool required for debug" tool="builtin:mdns-discovery@1.0.9"
time="2025-08-14T07:47:48-07:00" level=info msg="Tool required for debug" tool="arduino:avr-gcc@7.3.0-atmel3.6.1-arduino7"
2025-08-14 07:47:48 2025-08-14T14:47:48.421Z daemon INFO time="2025-08-14T07:47:48-07:00" level=info msg="Tool required for debug" tool="builtin:ctags@5.8-arduino11"
time="2025-08-14T07:47:48-07:00" level=info msg="Tool required for debug" tool="arduino:avrdude@6.3.0-arduino17"
time="2025-08-14T07:47:48-07:00" level=info msg="Tool required for debug" tool="builtin:serial-discovery@1.4.1"
time="2025-08-14T07:47:48-07:00" level=info msg="Tool required for debug" tool="builtin:serial-monitor@0.15.0"
time="2025-08-14T07:47:48-07:00" level=info msg="Tool required for debug" tool="builtin:dfu-discovery@0.1.2"
2025-08-14 07:47:48 2025-08-14T14:47:48.427Z daemon INFO time="2025-08-14T07:47:48-07:00" level=info msg="Tool required for debug" tool="arduino:dfu-util@0.11.0-arduino5"
time="2025-08-14T07:47:48-07:00" level=info msg="Tool required for debug" tool="esp32:esp-rv32@2411"
time="2025-08-14T07:47:48-07:00" level=info msg="Tool required for debug" tool="esp32:esp-x32@2411"
time="2025-08-14T07:47:48-07:00" level=info msg="Tool required for debug" tool="esp32:esp32-arduino-libs@idf-release_v5.5-b66b5448-v1"
time="2025-08-14T07:47:48-07:00" level=info msg="Tool required for debug" tool="esp32:esptool_py@5.0.0"
time="2025-08-14T07:47:48-07:00" level=info msg="Tool required for debug" tool="esp32:mklittlefs@3.0.0-gnu12-dc7f933"
time="2025-08-14T07:47:48-07:00" level=info msg="Tool required for debug" tool="esp32:mkspiffs@0.2.3"
time="2025-08-14T07:47:48-07:00" level=info msg="Tool required for debug" tool="esp32:openocd-esp32@v0.12.0-esp32-20250422"
time="2025-08-14T07:47:48-07:00" level=info msg="Tool required for debug" tool="esp32:riscv32-esp-elf-gdb@16.2_20250324"
2025-08-14 07:47:48 2025-08-14T14:47:48.427Z daemon INFO time="2025-08-14T07:47:48-07:00" level=info msg="Tool required for debug" tool="esp32:xtensa-esp-elf-gdb@16.2_20250324"
time="2025-08-14T07:47:48-07:00" level=info msg="Tool required for debug" tool="builtin:serial-monitor@0.15.0"
time="2025-08-14T07:47:48-07:00" level=info msg="Tool required for debug" tool="arduino:avr-gcc@7.3.0-atmel3.6.1-arduino7"
time="2025-08-14T07:47:48-07:00" level=info msg="Tool required for debug" tool="arduino:arduinoOTA@1.3.0"
time="2025-08-14T07:47:48-07:00" level=info msg="Tool required for debug" tool="arduino:avrdude@6.3.0-arduino17"
time="2025-08-14T07:47:48-07:00" level=info msg="Tool required for debug" tool="builtin:dfu-discovery@0.1.2"
time="2025-08-14T07:47:48-07:00" level=info msg="Tool required for debug" tool="builtin:serial-discovery@1.4.1"
time="2025-08-14T07:47:48-07:00" level=info msg="Tool required for debug" tool="builtin:ctags@5.8-arduino11"
time="2025-08-14T07:47:48-07:00" level=info msg="Tool required for debug" tool="builtin:mdns-discovery@1.0.9"
2025-08-14 07:47:48 2025-08-14T14:47:48.431Z daemon INFO time="2025-08-14T07:47:48-07:00" level=info msg="Tool required for debug" tool="arduino:dfu-util@0.11.0-arduino5"
time="2025-08-14T07:47:48-07:00" level=info msg="Tool required for debug" tool="esp32:esp-rv32@2411"
time="2025-08-14T07:47:48-07:00" level=info msg="Tool required for debug" tool="esp32:esp-x32@2411"
time="2025-08-14T07:47:48-07:00" level=info msg="Tool required for debug" tool="esp32:esp32-arduino-libs@idf-release_v5.5-b66b5448-v1"
time="2025-08-14T07:47:48-07:00" level=info msg="Tool required for debug" tool="esp32:esptool_py@5.0.0"
time="2025-08-14T07:47:48-07:00" level=info msg="Tool required for debug" tool="esp32:mklittlefs@3.0.0-gnu12-dc7f933"
time="2025-08-14T07:47:48-07:00" level=info msg="Tool required for debug" tool="esp32:mkspiffs@0.2.3"
time="2025-08-14T07:47:48-07:00" level=info msg="Tool required for debug" tool="esp32:openocd-esp32@v0.12.0-esp32-20250422"
time="2025-08-14T07:47:48-07:00" level=info msg="Tool required for debug" tool="esp32:riscv32-esp-elf-gdb@16.2_20250324"
time="2025-08-14T07:47:48-07:00" level=info msg="Tool required for debug" tool="esp32:xtensa-esp-elf-gdb@16.2_20250324"
time="2025-08-14T07:47:48-07:00" level=info msg="Tool required for debug" tool="builtin:serial-monitor@0.15.0"
time="2025-08-14T07:47:48-07:00" level=info msg="Tool required for debug" tool="arduino:avr-gcc@7.3.0-atmel3.6.1-arduino7"
time="2025-08-14T07:47:48-07:00" level=info msg="Tool required for debug" tool="builtin:dfu-discovery@0.1.2"
time="2025-08-14T07:47:48-07:00" level=info msg="Tool required for debug" tool="arduino:arduinoOTA@1.3.0"
2025-08-14 07:47:48 2025-08-14T14:47:48.431Z daemon INFO time="2025-08-14T07:47:48-07:00" level=info msg="Tool required for debug" tool="builtin:mdns-discovery@1.0.9"
time="2025-08-14T07:47:48-07:00" level=info msg="Tool required for debug" tool="builtin:serial-discovery@1.4.1"
time="2025-08-14T07:47:48-07:00" level=info msg="Tool required for debug" tool="arduino:avrdude@6.3.0-arduino17"
time="2025-08-14T07:47:48-07:00" level=info msg="Tool required for debug" tool="builtin:ctags@5.8-arduino11"
2025-08-14 07:47:48 2025-08-14T14:47:48.451Z daemon INFO time="2025-08-14T07:47:48-07:00" level=info msg="Tool required for debug" tool="arduino:dfu-util@0.11.0-arduino5"
time="2025-08-14T07:47:48-07:00" level=info msg="Tool required for debug" tool="esp32:esp-rv32@2411"
time="2025-08-14T07:47:48-07:00" level=info msg="Tool required for debug" tool="esp32:esp-x32@2411"
time="2025-08-14T07:47:48-07:00" level=info msg="Tool required for debug" tool="esp32:esp32-arduino-libs@idf-release_v5.5-b66b5448-v1"
time="2025-08-14T07:47:48-07:00" level=info msg="Tool required for debug" tool="esp32:esptool_py@5.0.0"
time="2025-08-14T07:47:48-07:00" level=info msg="Tool required for debug" tool="esp32:mklittlefs@3.0.0-gnu12-dc7f933"
time="2025-08-14T07:47:48-07:00" level=info msg="Tool required for debug" tool="esp32:mkspiffs@0.2.3"
time="2025-08-14T07:47:48-07:00" level=info msg="Tool required for debug" tool="esp32:openocd-esp32@v0.12.0-esp32-20250422"
2025-08-14 07:47:48 2025-08-14T14:47:48.451Z daemon INFO time="2025-08-14T07:47:48-07:00" level=info msg="Tool required for debug" tool="esp32:riscv32-esp-elf-gdb@16.2_20250324"
time="2025-08-14T07:47:48-07:00" level=info msg="Tool required for debug" tool="esp32:xtensa-esp-elf-gdb@16.2_20250324"
time="2025-08-14T07:47:48-07:00" level=info msg="Tool required for debug" tool="arduino:avr-gcc@7.3.0-atmel3.6.1-arduino7"
time="2025-08-14T07:47:48-07:00" level=info msg="Tool required for debug" tool="builtin:ctags@5.8-arduino11"
time="2025-08-14T07:47:48-07:00" level=info msg="Tool required for debug" tool="builtin:dfu-discovery@0.1.2"
time="2025-08-14T07:47:48-07:00" level=info msg="Tool required for debug" tool="builtin:mdns-discovery@1.0.9"
time="2025-08-14T07:47:48-07:00" level=info msg="Tool required for debug" tool="builtin:serial-monitor@0.15.0"
time="2025-08-14T07:47:48-07:00" level=info msg="Tool required for debug" tool="arduino:arduinoOTA@1.3.0"
2025-08-14 07:47:48 2025-08-14T14:47:48.451Z daemon INFO time="2025-08-14T07:47:48-07:00" level=info msg="Tool required for debug" tool="arduino:avrdude@6.3.0-arduino17"
time="2025-08-14T07:47:48-07:00" level=info msg="Tool required for debug" tool="builtin:serial-discovery@1.4.1"
2025-08-14 07:47:48 2025-08-14T14:47:48.454Z daemon INFO time="2025-08-14T07:47:48-07:00" level=info msg="Tool required for debug" tool="arduino:dfu-util@0.11.0-arduino5"
time="2025-08-14T07:47:48-07:00" level=info msg="Tool required for debug" tool="esp32:esp-rv32@2411"
time="2025-08-14T07:47:48-07:00" level=info msg="Tool required for debug" tool="esp32:esp-x32@2411"
time="2025-08-14T07:47:48-07:00" level=info msg="Tool required for debug" tool="esp32:esp32-arduino-libs@idf-release_v5.5-b66b5448-v1"
time="2025-08-14T07:47:48-07:00" level=info msg="Tool required for debug" tool="esp32:esptool_py@5.0.0"
time="2025-08-14T07:47:48-07:00" level=info msg="Tool required for debug" tool="esp32:mklittlefs@3.0.0-gnu12-dc7f933"
time="2025-08-14T07:47:48-07:00" level=info msg="Tool required for debug" tool="esp32:mkspiffs@0.2.3"
time="2025-08-14T07:47:48-07:00" level=info msg="Tool required for debug" tool="esp32:openocd-esp32@v0.12.0-esp32-20250422"
time="2025-08-14T07:47:48-07:00" level=info msg="Tool required for debug" tool="esp32:riscv32-esp-elf-gdb@16.2_20250324"
time="2025-08-14T07:47:48-07:00" level=info msg="Tool required for debug" tool="esp32:xtensa-esp-elf-gdb@16.2_20250324"
time="2025-08-14T07:47:48-07:00" level=info msg="Tool required for debug" tool="arduino:avr-gcc@7.3.0-atmel3.6.1-arduino7"
2025-08-14 07:47:48 2025-08-14T14:47:48.454Z daemon INFO time="2025-08-14T07:47:48-07:00" level=info msg="Tool required for debug" tool="builtin:mdns-discovery@1.0.9"
time="2025-08-14T07:47:48-07:00" level=info msg="Tool required for debug" tool="builtin:ctags@5.8-arduino11"
time="2025-08-14T07:47:48-07:00" level=info msg="Tool required for debug" tool="builtin:serial-discovery@1.4.1"
time="2025-08-14T07:47:48-07:00" level=info msg="Tool required for debug" tool="builtin:serial-monitor@0.15.0"
time="2025-08-14T07:47:48-07:00" level=info msg="Tool required for debug" tool="arduino:arduinoOTA@1.3.0"
2025-08-14 07:47:48 2025-08-14T14:47:48.454Z daemon INFO time="2025-08-14T07:47:48-07:00" level=info msg="Tool required for debug" tool="arduino:avrdude@6.3.0-arduino17"
time="2025-08-14T07:47:48-07:00" level=info msg="Tool required for debug" tool="builtin:dfu-discovery@0.1.2"
2025-08-14 07:47:48 2025-08-14T14:47:48.457Z daemon INFO time="2025-08-14T07:47:48-07:00" level=info msg="Tool required for debug" tool="arduino:dfu-util@0.11.0-arduino5"
time="2025-08-14T07:47:48-07:00" level=info msg="Tool required for debug" tool="esp32:esp-rv32@2411"
time="2025-08-14T07:47:48-07:00" level=info msg="Tool required for debug" tool="esp32:esp-x32@2411"
time="2025-08-14T07:47:48-07:00" level=info msg="Tool required for debug" tool="esp32:esp32-arduino-libs@idf-release_v5.5-b66b5448-v1"
time="2025-08-14T07:47:48-07:00" level=info msg="Tool required for debug" tool="esp32:esptool_py@5.0.0"
2025-08-14 07:47:48 2025-08-14T14:47:48.457Z daemon INFO time="2025-08-14T07:47:48-07:00" level=info msg="Tool required for debug" tool="esp32:mklittlefs@3.0.0-gnu12-dc7f933"
time="2025-08-14T07:47:48-07:00" level=info msg="Tool required for debug" tool="esp32:mkspiffs@0.2.3"
time="2025-08-14T07:47:48-07:00" level=info msg="Tool required for debug" tool="esp32:openocd-esp32@v0.12.0-esp32-20250422"
time="2025-08-14T07:47:48-07:00" level=info msg="Tool required for debug" tool="esp32:riscv32-esp-elf-gdb@16.2_20250324"
time="2025-08-14T07:47:48-07:00" level=info msg="Tool required for debug" tool="esp32:xtensa-esp-elf-gdb@16.2_20250324"
time="2025-08-14T07:47:48-07:00" level=info msg="Tool required for debug" tool="arduino:arduinoOTA@1.3.0"
time="2025-08-14T07:47:48-07:00" level=info msg="Tool required for debug" tool="arduino:avrdude@6.3.0-arduino17"
2025-08-14 07:47:48 2025-08-14T14:47:48.457Z daemon INFO time="2025-08-14T07:47:48-07:00" level=info msg="Tool required for debug" tool="builtin:dfu-discovery@0.1.2"
time="2025-08-14T07:47:48-07:00" level=info msg="Tool required for debug" tool="builtin:serial-monitor@0.15.0"
time="2025-08-14T07:47:48-07:00" level=info msg="Tool required for debug" tool="arduino:avr-gcc@7.3.0-atmel3.6.1-arduino7"
time="2025-08-14T07:47:48-07:00" level=info msg="Tool required for debug" tool="builtin:ctags@5.8-arduino11"
time="2025-08-14T07:47:48-07:00" level=info msg="Tool required for debug" tool="builtin:mdns-discovery@1.0.9"
time="2025-08-14T07:47:48-07:00" level=info msg="Tool required for debug" tool="builtin:serial-discovery@1.4.1"
2025-08-14 07:47:48 2025-08-14T14:47:48.460Z root INFO Starting language server: esp32:esp32:XIAO_ESP32C3:UploadSpeed=921600,CDCOnBoot=default,CPUFreq=160,FlashFreq=80,FlashMode=qio,FlashSize=4M,PartitionScheme=default,DebugLevel=none,EraseFlash=none
2025-08-14 07:47:48 2025-08-14T14:47:48.461Z daemon INFO time="2025-08-14T07:47:48-07:00" level=info msg="Tool required for debug" tool="arduino:dfu-util@0.11.0-arduino5"
time="2025-08-14T07:47:48-07:00" level=info msg="Tool required for debug" tool="esp32:esp-rv32@2411"
time="2025-08-14T07:47:48-07:00" level=info msg="Tool required for debug" tool="esp32:esp-x32@2411"
time="2025-08-14T07:47:48-07:00" level=info msg="Tool required for debug" tool="esp32:esp32-arduino-libs@idf-release_v5.5-b66b5448-v1"
time="2025-08-14T07:47:48-07:00" level=info msg="Tool required for debug" tool="esp32:esptool_py@5.0.0"
time="2025-08-14T07:47:48-07:00" level=info msg="Tool required for debug" tool="esp32:mklittlefs@3.0.0-gnu12-dc7f933"
time="2025-08-14T07:47:48-07:00" level=info msg="Tool required for debug" tool="esp32:mkspiffs@0.2.3"
2025-08-14 07:47:48 2025-08-14T14:47:48.461Z daemon INFO time="2025-08-14T07:47:48-07:00" level=info msg="Tool required for debug" tool="esp32:openocd-esp32@v0.12.0-esp32-20250422"
time="2025-08-14T07:47:48-07:00" level=info msg="Tool required for debug" tool="esp32:riscv32-esp-elf-gdb@16.2_20250324"
time="2025-08-14T07:47:48-07:00" level=info msg="Tool required for debug" tool="esp32:xtensa-esp-elf-gdb@16.2_20250324"
time="2025-08-14T07:47:48-07:00" level=info msg="Tool required for debug" tool="arduino:arduinoOTA@1.3.0"
time="2025-08-14T07:47:48-07:00" level=info msg="Tool required for debug" tool="builtin:serial-monitor@0.15.0"
time="2025-08-14T07:47:48-07:00" level=info msg="Tool required for debug" tool="arduino:avrdude@6.3.0-arduino17"
time="2025-08-14T07:47:48-07:00" level=info msg="Tool required for debug" tool="builtin:ctags@5.8-arduino11"
2025-08-14 07:47:48 2025-08-14T14:47:48.461Z daemon INFO time="2025-08-14T07:47:48-07:00" level=info msg="Tool required for debug" tool="builtin:serial-discovery@1.4.1"
time="2025-08-14T07:47:48-07:00" level=info msg="Tool required for debug" tool="arduino:avr-gcc@7.3.0-atmel3.6.1-arduino7"
time="2025-08-14T07:47:48-07:00" level=info msg="Tool required for debug" tool="builtin:dfu-discovery@0.1.2"
time="2025-08-14T07:47:48-07:00" level=info msg="Tool required for debug" tool="builtin:mdns-discovery@1.0.9"
2025-08-14 07:47:48 2025-08-14T14:47:48.464Z daemon INFO time="2025-08-14T07:47:48-07:00" level=info msg="Tool required for debug" tool="arduino:dfu-util@0.11.0-arduino5"
time="2025-08-14T07:47:48-07:00" level=info msg="Tool required for debug" tool="esp32:esp-rv32@2411"
time="2025-08-14T07:47:48-07:00" level=info msg="Tool required for debug" tool="esp32:esp-x32@2411"
time="2025-08-14T07:47:48-07:00" level=info msg="Tool required for debug" tool="esp32:esp32-arduino-libs@idf-release_v5.5-b66b5448-v1"
time="2025-08-14T07:47:48-07:00" level=info msg="Tool required for debug" tool="esp32:esptool_py@5.0.0"
time="2025-08-14T07:47:48-07:00" level=info msg="Tool required for debug" tool="esp32:mklittlefs@3.0.0-gnu12-dc7f933"
time="2025-08-14T07:47:48-07:00" level=info msg="Tool required for debug" tool="esp32:mkspiffs@0.2.3"
time="2025-08-14T07:47:48-07:00" level=info msg="Tool required for debug" tool="esp32:openocd-esp32@v0.12.0-esp32-20250422"
time="2025-08-14T07:47:48-07:00" level=info msg="Tool required for debug" tool="esp32:riscv32-esp-elf-gdb@16.2_20250324"
time="2025-08-14T07:47:48-07:00" level=info msg="Tool required for debug" tool="esp32:xtensa-esp-elf-gdb@16.2_20250324"
time="2025-08-14T07:47:48-07:00" level=info msg="Tool required for debug" tool="arduino:avr-gcc@7.3.0-atmel3.6.1-arduino7"
time="2025-08-14T07:47:48-07:00" level=info msg="Tool required for debug" tool="arduino:arduinoOTA@1.3.0"
time="2025-08-14T07:47:48-07:00" level=info msg="Tool required for debug" tool="builtin:ctags@5.8-arduino11"
time="2025-08-14T07:47:48-07:00" level=info msg="Tool required for debug" tool="builtin:mdns-discovery@1.0.9"
2025-08-14 07:47:48 2025-08-14T14:47:48.464Z daemon INFO time="2025-08-14T07:47:48-07:00" level=info msg="Tool required for debug" tool="builtin:serial-monitor@0.15.0"
time="2025-08-14T07:47:48-07:00" level=info msg="Tool required for debug" tool="arduino:avrdude@6.3.0-arduino17"
time="2025-08-14T07:47:48-07:00" level=info msg="Tool required for debug" tool="builtin:dfu-discovery@0.1.2"
time="2025-08-14T07:47:48-07:00" level=info msg="Tool required for debug" tool="builtin:serial-discovery@1.4.1"
2025-08-14 07:47:48 2025-08-14T14:47:48.467Z daemon INFO time="2025-08-14T07:47:48-07:00" level=info msg="Tool required for debug" tool="arduino:dfu-util@0.11.0-arduino5"
time="2025-08-14T07:47:48-07:00" level=info msg="Tool required for debug" tool="esp32:esp-rv32@2411"
time="2025-08-14T07:47:48-07:00" level=info msg="Tool required for debug" tool="esp32:esp-x32@2411"
time="2025-08-14T07:47:48-07:00" level=info msg="Tool required for debug" tool="esp32:esp32-arduino-libs@idf-release_v5.5-b66b5448-v1"
time="2025-08-14T07:47:48-07:00" level=info msg="Tool required for debug" tool="esp32:esptool_py@5.0.0"
time="2025-08-14T07:47:48-07:00" level=info msg="Tool required for debug" tool="esp32:mklittlefs@3.0.0-gnu12-dc7f933"
time="2025-08-14T07:47:48-07:00" level=info msg="Tool required for debug" tool="esp32:mkspiffs@0.2.3"
time="2025-08-14T07:47:48-07:00" level=info msg="Tool required for debug" tool="esp32:openocd-esp32@v0.12.0-esp32-20250422"
time="2025-08-14T07:47:48-07:00" level=info msg="Tool required for debug" tool="esp32:riscv32-esp-elf-gdb@16.2_20250324"
time="2025-08-14T07:47:48-07:00" level=info msg="Tool required for debug" tool="esp32:xtensa-esp-elf-gdb@16.2_20250324"
time="2025-08-14T07:47:48-07:00" level=info msg="Tool required for debug" tool="arduino:avrdude@6.3.0-arduino17"
time="2025-08-14T07:47:48-07:00" level=info msg="Tool required for debug" tool="builtin:mdns-discovery@1.0.9"
2025-08-14 07:47:48 2025-08-14T14:47:48.467Z daemon INFO time="2025-08-14T07:47:48-07:00" level=info msg="Tool required for debug" tool="builtin:serial-monitor@0.15.0"
time="2025-08-14T07:47:48-07:00" level=info msg="Tool required for debug" tool="arduino:arduinoOTA@1.3.0"
time="2025-08-14T07:47:48-07:00" level=info msg="Tool required for debug" tool="builtin:ctags@5.8-arduino11"
time="2025-08-14T07:47:48-07:00" level=info msg="Tool required for debug" tool="builtin:serial-discovery@1.4.1"
time="2025-08-14T07:47:48-07:00" level=info msg="Tool required for debug" tool="arduino:avr-gcc@7.3.0-atmel3.6.1-arduino7"
time="2025-08-14T07:47:48-07:00" level=info msg="Tool required for debug" tool="builtin:dfu-discovery@0.1.2"
2025-08-14 07:47:48 2025-08-14T14:47:48.472Z daemon INFO time="2025-08-14T07:47:48-07:00" level=info msg="Tool required for debug" tool="arduino:dfu-util@0.11.0-arduino5"
time="2025-08-14T07:47:48-07:00" level=info msg="Tool required for debug" tool="esp32:esp-rv32@2411"
time="2025-08-14T07:47:48-07:00" level=info msg="Tool required for debug" tool="esp32:esp-x32@2411"
time="2025-08-14T07:47:48-07:00" level=info msg="Tool required for debug" tool="esp32:esp32-arduino-libs@idf-release_v5.5-b66b5448-v1"
time="2025-08-14T07:47:48-07:00" level=info msg="Tool required for debug" tool="esp32:esptool_py@5.0.0"
time="2025-08-14T07:47:48-07:00" level=info msg="Tool required for debug" tool="esp32:mklittlefs@3.0.0-gnu12-dc7f933"
time="2025-08-14T07:47:48-07:00" level=info msg="Tool required for debug" tool="esp32:mkspiffs@0.2.3"
time="2025-08-14T07:47:48-07:00" level=info msg="Tool required for debug" tool="esp32:openocd-esp32@v0.12.0-esp32-20250422"
time="2025-08-14T07:47:48-07:00" level=info msg="Tool required for debug" tool="esp32:riscv32-esp-elf-gdb@16.2_20250324"
time="2025-08-14T07:47:48-07:00" level=info msg="Tool required for debug" tool="esp32:xtensa-esp-elf-gdb@16.2_20250324"
time="2025-08-14T07:47:48-07:00" level=info msg="Tool required for debug" tool="builtin:serial-discovery@1.4.1"
time="2025-08-14T07:47:48-07:00" level=info msg="Tool required for debug" tool="arduino:avr-gcc@7.3.0-atmel3.6.1-arduino7"
time="2025-08-14T07:47:48-07:00" level=info msg="Tool required for debug" tool="arduino:arduinoOTA@1.3.0"
time="2025-08-14T07:47:48-07:00" level=info msg="Tool required for debug" tool="arduino:avrdude@6.3.0-arduino17"
time="2025-08-14T07:47:48-07:00" level=info msg="Tool required for debug" tool="builtin:serial-monitor@0.15.0"
time="2025-08-14T07:47:48-07:00" level=info msg="Tool required for debug" tool="builtin:mdns-discovery@1.0.9"
time="2025-08-14T07:47:48-07:00" level=info msg="Tool required for debug" tool="builtin:ctags@5.8-arduino11"
time="2025-08-14T07:47:48-07:00" level=info msg="Tool required for debug" tool="builtin:dfu-discovery@0.1.2"
2025-08-14 07:47:48 2025-08-14T14:47:48.474Z daemon INFO time="2025-08-14T07:47:48-07:00" level=info msg="Tool required for debug" tool="arduino:dfu-util@0.11.0-arduino5"
time="2025-08-14T07:47:48-07:00" level=info msg="Tool required for debug" tool="esp32:esp-rv32@2411"
time="2025-08-14T07:47:48-07:00" level=info msg="Tool required for debug" tool="esp32:esp-x32@2411"
time="2025-08-14T07:47:48-07:00" level=info msg="Tool required for debug" tool="esp32:esp32-arduino-libs@idf-release_v5.5-b66b5448-v1"
time="2025-08-14T07:47:48-07:00" level=info msg="Tool required for debug" tool="esp32:esptool_py@5.0.0"
time="2025-08-14T07:47:48-07:00" level=info msg="Tool required for debug" tool="esp32:mklittlefs@3.0.0-gnu12-dc7f933"
time="2025-08-14T07:47:48-07:00" level=info msg="Tool required for debug" tool="esp32:mkspiffs@0.2.3"
time="2025-08-14T07:47:48-07:00" level=info msg="Tool required for debug" tool="esp32:openocd-esp32@v0.12.0-esp32-20250422"
time="2025-08-14T07:47:48-07:00" level=info msg="Tool required for debug" tool="esp32:riscv32-esp-elf-gdb@16.2_20250324"
time="2025-08-14T07:47:48-07:00" level=info msg="Tool required for debug" tool="esp32:xtensa-esp-elf-gdb@16.2_20250324"
time="2025-08-14T07:47:48-07:00" level=info msg="Tool required for debug" tool="arduino:arduinoOTA@1.3.0"
time="2025-08-14T07:47:48-07:00" level=info msg="Tool required for debug" tool="builtin:serial-discovery@1.4.1"
time="2025-08-14T07:47:48-07:00" level=info msg="Tool required for debug" tool="arduino:avrdude@6.3.0-arduino17"
time="2025-08-14T07:47:48-07:00" level=info msg="Tool required for debug" tool="arduino:avr-gcc@7.3.0-atmel3.6.1-arduino7"
time="2025-08-14T07:47:48-07:00" level=info msg="Tool required for debug" tool="builtin:ctags@5.8-arduino11"
time="2025-08-14T07:47:48-07:00" level=info msg="Tool required for debug" tool="builtin:serial-monitor@0.15.0"
2025-08-14 07:47:48 2025-08-14T14:47:48.474Z daemon INFO time="2025-08-14T07:47:48-07:00" level=info msg="Tool required for debug" tool="builtin:dfu-discovery@0.1.2"
time="2025-08-14T07:47:48-07:00" level=info msg="Tool required for debug" tool="builtin:mdns-discovery@1.0.9"
2025-08-14 07:47:48 2025-08-14T14:47:48.477Z daemon INFO time="2025-08-14T07:47:48-07:00" level=info msg="Tool required for debug" tool="arduino:dfu-util@0.11.0-arduino5"
time="2025-08-14T07:47:48-07:00" level=info msg="Tool required for debug" tool="esp32:esp-rv32@2411"
time="2025-08-14T07:47:48-07:00" level=info msg="Tool required for debug" tool="esp32:esp-x32@2411"
2025-08-14 07:47:48 2025-08-14T14:47:48.477Z daemon INFO time="2025-08-14T07:47:48-07:00" level=info msg="Tool required for debug" tool="esp32:esp32-arduino-libs@idf-release_v5.5-b66b5448-v1"
time="2025-08-14T07:47:48-07:00" level=info msg="Tool required for debug" tool="esp32:esptool_py@5.0.0"
time="2025-08-14T07:47:48-07:00" level=info msg="Tool required for debug" tool="esp32:mklittlefs@3.0.0-gnu12-dc7f933"
time="2025-08-14T07:47:48-07:00" level=info msg="Tool required for debug" tool="esp32:mkspiffs@0.2.3"
time="2025-08-14T07:47:48-07:00" level=info msg="Tool required for debug" tool="esp32:openocd-esp32@v0.12.0-esp32-20250422"
time="2025-08-14T07:47:48-07:00" level=info msg="Tool required for debug" tool="esp32:riscv32-esp-elf-gdb@16.2_20250324"
2025-08-14 07:47:48 2025-08-14T14:47:48.477Z daemon INFO time="2025-08-14T07:47:48-07:00" level=info msg="Tool required for debug" tool="esp32:xtensa-esp-elf-gdb@16.2_20250324"
time="2025-08-14T07:47:48-07:00" level=info msg="Tool required for debug" tool="builtin:dfu-discovery@0.1.2"
time="2025-08-14T07:47:48-07:00" level=info msg="Tool required for debug" tool="arduino:arduinoOTA@1.3.0"
time="2025-08-14T07:47:48-07:00" level=info msg="Tool required for debug" tool="arduino:avrdude@6.3.0-arduino17"
time="2025-08-14T07:47:48-07:00" level=info msg="Tool required for debug" tool="builtin:serial-discovery@1.4.1"
time="2025-08-14T07:47:48-07:00" level=info msg="Tool required for debug" tool="builtin:serial-monitor@0.15.0"
time="2025-08-14T07:47:48-07:00" level=info msg="Tool required for debug" tool="builtin:ctags@5.8-arduino11"
time="2025-08-14T07:47:48-07:00" level=info msg="Tool required for debug" tool="builtin:mdns-discovery@1.0.9"
time="2025-08-14T07:47:48-07:00" level=info msg="Tool required for debug" tool="arduino:avr-gcc@7.3.0-atmel3.6.1-arduino7"
2025-08-14 07:47:48 2025-08-14T14:47:48.481Z daemon INFO time="2025-08-14T07:47:48-07:00" level=info msg="Tool required for debug" tool="arduino:dfu-util@0.11.0-arduino5"
time="2025-08-14T07:47:48-07:00" level=info msg="Tool required for debug" tool="esp32:esp-rv32@2411"
time="2025-08-14T07:47:48-07:00" level=info msg="Tool required for debug" tool="esp32:esp-x32@2411"
time="2025-08-14T07:47:48-07:00" level=info msg="Tool required for debug" tool="esp32:esp32-arduino-libs@idf-release_v5.5-b66b5448-v1"
time="2025-08-14T07:47:48-07:00" level=info msg="Tool required for debug" tool="esp32:esptool_py@5.0.0"
time="2025-08-14T07:47:48-07:00" level=info msg="Tool required for debug" tool="esp32:mklittlefs@3.0.0-gnu12-dc7f933"
time="2025-08-14T07:47:48-07:00" level=info msg="Tool required for debug" tool="esp32:mkspiffs@0.2.3"
time="2025-08-14T07:47:48-07:00" level=info msg="Tool required for debug" tool="esp32:openocd-esp32@v0.12.0-esp32-20250422"
time="2025-08-14T07:47:48-07:00" level=info msg="Tool required for debug" tool="esp32:riscv32-esp-elf-gdb@16.2_20250324"
time="2025-08-14T07:47:48-07:00" level=info msg="Tool required for debug" tool="esp32:xtensa-esp-elf-gdb@16.2_20250324"
time="2025-08-14T07:47:48-07:00" level=info msg="Tool required for debug" tool="arduino:arduinoOTA@1.3.0"
time="2025-08-14T07:47:48-07:00" level=info msg="Tool required for debug" tool="arduino:avrdude@6.3.0-arduino17"
time="2025-08-14T07:47:48-07:00" level=info msg="Tool required for debug" tool="builtin:dfu-discovery@0.1.2"
time="2025-08-14T07:47:48-07:00" level=info msg="Tool required for debug" tool="builtin:mdns-discovery@1.0.9"
time="2025-08-14T07:47:48-07:00" level=info msg="Tool required for debug" tool="arduino:avr-gcc@7.3.0-atmel3.6.1-arduino7"
time="2025-08-14T07:47:48-07:00" level=info msg="Tool required for debug" tool="builtin:ctags@5.8-arduino11"
time="2025-08-14T07:47:48-07:00" level=info msg="Tool required for debug" tool="builtin:serial-discovery@1.4.1"
time="2025-08-14T07:47:48-07:00" level=info msg="Tool required for debug" tool="builtin:serial-monitor@0.15.0"
2025-08-14 07:47:48 2025-08-14T14:47:48.486Z daemon INFO time="2025-08-14T07:47:48-07:00" level=info msg="Adding libraries dir" dir=/home/aaron/.arduino15/libraries isSingleLibrary=false location=ide
2025-08-14 07:47:48 2025-08-14T14:47:48.486Z daemon INFO time="2025-08-14T07:47:48-07:00" level=info msg="Adding libraries dir" dir=/home/aaron/.arduino15/packages/esp32/hardware/esp32/3.3.0/libraries isSingleLibrary=false location=platform
time="2025-08-14T07:47:48-07:00" level=info msg="Adding libraries dir" dir=/home/aaron/Arduino/libraries isSingleLibrary=false location=user
2025-08-14 07:47:48 2025-08-14T14:47:48.505Z daemon INFO time="2025-08-14T07:47:48-07:00" level=info msg="Adding libraries dir" dir=/home/aaron/.arduino15/libraries isSingleLibrary=false location=ide
time="2025-08-14T07:47:48-07:00" level=info msg="Adding libraries dir" dir=/home/aaron/.arduino15/packages/esp32/hardware/esp32/3.3.0/libraries isSingleLibrary=false location=platform
2025-08-14 07:47:48 2025-08-14T14:47:48.505Z daemon INFO time="2025-08-14T07:47:48-07:00" level=info msg="Adding libraries dir" dir=/home/aaron/Arduino/libraries isSingleLibrary=false location=user
2025-08-14 07:47:48 2025-08-14T14:47:48.741Z root ERROR ---- !!!SLOW!!! DURATION: search took 560.507 ms. Args: [{"type":"Updatable"}] ----
2025-08-14 07:47:48 2025-08-14T14:47:48.742Z daemon INFO time="2025-08-14T07:47:48-07:00" level=info msg="Updating index" url="https://raw.githubusercontent.com/espressif/arduino-esp32/gh-pages/package_esp32_index.json"
time="2025-08-14T07:47:48-07:00" level=info msg="Starting download" url="https://raw.githubusercontent.com/espressif/arduino-esp32/gh-pages/package_esp32_index.json"
2025-08-14 07:47:48 2025-08-14T14:47:48.745Z root INFO core-client-provider [platform-index] Downloading index: package_esp32_index.json

2025-08-14 07:47:48 Update for version 2.3.6 is not available (latest version: 2.3.6, downgrade is allowed).
2025-08-14 07:47:50 2025-08-14T14:47:50.110Z root WARN Widget was activated, but did not accept focus after 2000ms: serial-monitor
2025-08-14 07:47:50 2025-08-14T14:47:50.533Z daemon INFO time="2025-08-14T07:47:50-07:00" level=info msg="Resolving include SD.h for arch esp32"
time="2025-08-14T07:47:50-07:00" level=info msg="  found better lib" lib=SD prio=6A4
time="2025-08-14T07:47:50-07:00" level=info msg="  found better lib" lib=SD prio=6B0
2025-08-14 07:47:50 2025-08-14T14:47:50.534Z daemon INFO time="2025-08-14T07:47:50-07:00" level=info msg="Resolving include TinyGPSPlus.h for arch esp32"
time="2025-08-14T07:47:50-07:00" level=info msg="  found better lib" lib=TinyGPSPlus-ESP32 prio=521
time="2025-08-14T07:47:50-07:00" level=info msg="  discarded" lib=TinyGPSPlusPlus prio=517
2025-08-14 07:47:50 2025-08-14T14:47:50.770Z daemon INFO time="2025-08-14T07:47:50-07:00" level=info msg="Checking signature" index=/home/aaron/.arduino15/package_index.json signatureFile=/home/aaron/.arduino15/package_index.json.sig trusted=true
2025-08-14 07:47:50 2025-08-14T14:47:50.777Z daemon INFO time="2025-08-14T07:47:50-07:00" level=info msg="Missing signature file" index=/home/aaron/.arduino15/package_esp32_index.json
2025-08-14 07:47:50 2025-08-14T14:47:50.777Z daemon INFO time="2025-08-14T07:47:50-07:00" level=info msg="Loading hardware from: /home/aaron/.arduino15/packages"
2025-08-14 07:47:50 2025-08-14T14:47:50.777Z daemon INFO time="2025-08-14T07:47:50-07:00" level=info msg="Loading package arduino from: /home/aaron/.arduino15/packages/arduino/hardware"
2025-08-14 07:47:50 2025-08-14T14:47:50.780Z daemon INFO time="2025-08-14T07:47:50-07:00" level=info msg="Missing signature file" index=/home/aaron/.arduino15/packages/arduino/hardware/avr/1.8.6/installed.json
2025-08-14 07:47:50 2025-08-14T14:47:50.784Z daemon INFO time="2025-08-14T07:47:50-07:00" level=info msg="Adding monitor tool" protocol=serial tool="builtin:serial-monitor"
time="2025-08-14T07:47:50-07:00" level=info msg="Loaded platform" platform="arduino:avr@1.8.6"
time="2025-08-14T07:47:50-07:00" level=info msg="Checking existence of 'tools' path: /home/aaron/.arduino15/packages/arduino/tools"
time="2025-08-14T07:47:50-07:00" level=info msg="Loading tools from dir: /home/aaron/.arduino15/packages/arduino/tools"
2025-08-14 07:47:50 2025-08-14T14:47:50.784Z daemon INFO time="2025-08-14T07:47:50-07:00" level=info msg="Loaded tool" tool="arduino:arduinoOTA@1.3.0"
time="2025-08-14T07:47:50-07:00" level=info msg="Loaded tool" tool="arduino:avr-gcc@7.3.0-atmel3.6.1-arduino7"
2025-08-14 07:47:50 2025-08-14T14:47:50.784Z daemon INFO time="2025-08-14T07:47:50-07:00" level=info msg="Loaded tool" tool="arduino:avrdude@6.3.0-arduino17"
time="2025-08-14T07:47:50-07:00" level=info msg="Loaded tool" tool="arduino:dfu-util@0.11.0-arduino5"
2025-08-14 07:47:50 2025-08-14T14:47:50.785Z daemon INFO time="2025-08-14T07:47:50-07:00" level=info msg="Loading package builtin from: /home/aaron/.arduino15/packages/builtin"
time="2025-08-14T07:47:50-07:00" level=info msg="Checking existence of 'tools' path: /home/aaron/.arduino15/packages/builtin/tools"
2025-08-14 07:47:50 2025-08-14T14:47:50.785Z daemon INFO time="2025-08-14T07:47:50-07:00" level=info msg="Loading tools from dir: /home/aaron/.arduino15/packages/builtin/tools"
2025-08-14 07:47:50 2025-08-14T14:47:50.785Z daemon INFO time="2025-08-14T07:47:50-07:00" level=info msg="Loaded tool" tool="builtin:ctags@5.8-arduino11"
time="2025-08-14T07:47:50-07:00" level=info msg="Loaded tool" tool="builtin:dfu-discovery@0.1.2"
2025-08-14 07:47:50 2025-08-14T14:47:50.785Z daemon INFO time="2025-08-14T07:47:50-07:00" level=info msg="Loaded tool" tool="builtin:mdns-discovery@1.0.9"
time="2025-08-14T07:47:50-07:00" level=info msg="Loaded tool" tool="builtin:serial-discovery@1.4.1"
2025-08-14 07:47:50 2025-08-14T14:47:50.785Z daemon INFO time="2025-08-14T07:47:50-07:00" level=info msg="Loaded tool" tool="builtin:serial-monitor@0.15.0"
time="2025-08-14T07:47:50-07:00" level=info msg="Loading package esp32 from: /home/aaron/.arduino15/packages/esp32/hardware"
2025-08-14 07:47:50 2025-08-14T14:47:50.787Z daemon INFO time="2025-08-14T07:47:50-07:00" level=info msg="Missing signature file" index=/home/aaron/.arduino15/packages/esp32/hardware/esp32/3.3.0/installed.json
2025-08-14 07:47:50 2025-08-14T14:47:50.997Z daemon INFO time="2025-08-14T07:47:50-07:00" level=info msg="Adding monitor tool" protocol=serial tool="builtin:serial-monitor"
time="2025-08-14T07:47:50-07:00" level=info msg="Loaded platform" platform="esp32:esp32@3.3.0"
time="2025-08-14T07:47:50-07:00" level=info msg="Checking existence of 'tools' path: /home/aaron/.arduino15/packages/esp32/tools"
time="2025-08-14T07:47:50-07:00" level=info msg="Loading tools from dir: /home/aaron/.arduino15/packages/esp32/tools"
2025-08-14 07:47:50 2025-08-14T14:47:50.997Z daemon INFO time="2025-08-14T07:47:50-07:00" level=info msg="Loaded tool" tool="esp32:esp-rv32@2411"
time="2025-08-14T07:47:50-07:00" level=info msg="Loaded tool" tool="esp32:esp-x32@2411"
time="2025-08-14T07:47:50-07:00" level=info msg="Loaded tool" tool="esp32:esp32-arduino-libs@idf-release_v5.5-b66b5448-v1"
time="2025-08-14T07:47:50-07:00" level=info msg="Loaded tool" tool="esp32:esptool_py@5.0.0"
time="2025-08-14T07:47:50-07:00" level=info msg="Loaded tool" tool="esp32:mklittlefs@3.0.0-gnu12-dc7f933"
time="2025-08-14T07:47:50-07:00" level=info msg="Loaded tool" tool="esp32:mkspiffs@0.2.3"
2025-08-14 07:47:50 2025-08-14T14:47:50.997Z daemon INFO time="2025-08-14T07:47:50-07:00" level=info msg="Loaded tool" tool="esp32:openocd-esp32@v0.12.0-esp32-20250422"
time="2025-08-14T07:47:50-07:00" level=info msg="Loaded tool" tool="esp32:riscv32-esp-elf-gdb@16.2_20250324"
time="2025-08-14T07:47:50-07:00" level=info msg="Loaded tool" tool="esp32:xtensa-esp-elf-gdb@16.2_20250324"
2025-08-14 07:47:51 2025-08-14T14:47:51.001Z daemon INFO time="2025-08-14T07:47:51-07:00" level=info msg="Discovery event channel closed builtin:serial-discovery. Exiting goroutine."
2025-08-14 07:47:51 2025-08-14T14:47:51.002Z discovery-log INFO {"eventType":"remove","port":{"matchingBoardsList":[],"port":{"address":"/dev/ttyS0","label":"/dev/ttyS0","protocol":"serial","protocolLabel":"Serial Port","propertiesMap":[],"hardwareId":""}},"error":""}
2025-08-14 07:47:51 2025-08-14T14:47:51.003Z daemon INFO time="2025-08-14T07:47:51-07:00" level=info msg="Closed and removed discovery builtin:serial-discovery"
time="2025-08-14T07:47:51-07:00" level=error msg="Stopped decode loop: EOF" discovery="builtin:serial-discovery"
2025-08-14 07:47:51 2025-08-14T14:47:51.003Z daemon INFO time="2025-08-14T07:47:51-07:00" level=info msg="Discovery event channel closed builtin:mdns-discovery. Exiting goroutine."
2025-08-14 07:47:51 2025-08-14T14:47:51.004Z daemon INFO time="2025-08-14T07:47:51-07:00" level=info msg="Closed and removed discovery builtin:mdns-discovery"
2025-08-14 07:47:51 2025-08-14T14:47:51.004Z daemon INFO time="2025-08-14T07:47:51-07:00" level=error msg="Stopped decode loop: EOF" discovery="builtin:mdns-discovery"
2025-08-14 07:47:51 2025-08-14T14:47:51.009Z discovery-log INFO {"eventType":"add","port":{"matchingBoardsList":[],"port":{"address":"/dev/ttyS0","label":"/dev/ttyS0","protocol":"serial","protocolLabel":"Serial Port","propertiesMap":[],"hardwareId":""}},"error":""}
2025-08-14 07:47:51 2025-08-14T14:47:51.013Z daemon INFO time="2025-08-14T07:47:51-07:00" level=info msg="Adding libraries dir" dir=/home/aaron/.arduino15/packages/arduino/hardware/avr/1.8.6/libraries isSingleLibrary=false location=platform
2025-08-14 07:47:51 2025-08-14T14:47:51.013Z daemon INFO time="2025-08-14T07:47:51-07:00" level=info msg="Adding libraries dir" dir=/home/aaron/.arduino15/packages/esp32/hardware/esp32/3.3.0/libraries isSingleLibrary=false location=platform
time="2025-08-14T07:47:51-07:00" level=info msg="Loading libraries index file" index=/home/aaron/.arduino15/library_index.json
2025-08-14 07:47:51 2025-08-14T14:47:51.125Z daemon INFO time="2025-08-14T07:47:51-07:00" level=info msg="Resolving include WiFi.h for arch esp32"
time="2025-08-14T07:47:51-07:00" level=info msg="  found better lib" lib=WiFi prio=6B0
2025-08-14 07:47:51 2025-08-14T14:47:51.370Z daemon INFO time="2025-08-14T07:47:51-07:00" level=info msg="Adding libraries dir" dir=/home/aaron/.arduino15/libraries isSingleLibrary=false location=ide
time="2025-08-14T07:47:51-07:00" level=info msg="Adding libraries dir" dir=/home/aaron/Arduino/libraries isSingleLibrary=false location=user
2025-08-14 07:47:51 2025-08-14T14:47:51.819Z daemon INFO time="2025-08-14T07:47:51-07:00" level=info msg="Resolving include FS.h for arch esp32"
time="2025-08-14T07:47:51-07:00" level=info msg="  found better lib" lib=FS prio=6B0
2025-08-14 07:47:52 2025-08-14T14:47:52.260Z daemon INFO time="2025-08-14T07:47:52-07:00" level=info msg="Resolving include Network.h for arch esp32"
time="2025-08-14T07:47:52-07:00" level=info msg="  found better lib" lib=Networking prio=64C
2025-08-14 07:47:53 2025-08-14T14:47:53.081Z daemon INFO time="2025-08-14T07:47:53-07:00" level=info msg="Resolving include SPI.h for arch esp32"
time="2025-08-14T07:47:53-07:00" level=info msg="  found better lib" lib=SPI prio=6B0
2025-08-14 07:47:53 2025-08-14T14:47:53.607Z daemon INFO time="2025-08-14T07:47:53-07:00" level=info msg="Resolving include BLEDevice.h for arch esp32"
time="2025-08-14T07:47:53-07:00" level=info msg="  found better lib" lib=BLE prio=3F4
2025-08-14 07:47:54 2025-08-14T14:47:54.366Z daemon INFO time="2025-08-14T07:47:54-07:00" level=info msg="Resolving include SD_MMC.h for arch esp32"
time="2025-08-14T07:47:54-07:00" level=info msg="  found better lib" lib=SD_MMC prio=6B0
2025-08-14 07:47:55 2025-08-14T14:47:55.685Z daemon INFO time="2025-08-14T07:47:55-07:00" level=info msg="Resolving include WiFi.h for arch esp32"
time="2025-08-14T07:47:55-07:00" level=info msg="  found better lib" lib=WiFi prio=6B0
2025-08-14 07:47:56 2025-08-14T14:47:56.595Z daemon INFO time="2025-08-14T07:47:56-07:00" level=info msg="Resolving include Network.h for arch esp32"
time="2025-08-14T07:47:56-07:00" level=info msg="  found better lib" lib=Networking prio=64C
2025-08-14 07:48:16 2025-08-14T14:48:16.573Z daemon INFO time="2025-08-14T07:48:16-07:00" level=info msg="Adding libraries dir" dir=/home/aaron/.arduino15/libraries isSingleLibrary=false location=ide
time="2025-08-14T07:48:16-07:00" level=info msg="Adding libraries dir" dir=/home/aaron/.arduino15/packages/esp32/hardware/esp32/3.3.0/libraries isSingleLibrary=false location=platform
time="2025-08-14T07:48:16-07:00" level=info msg="Adding libraries dir" dir=/home/aaron/Arduino/libraries isSingleLibrary=false location=user
2025-08-14 07:48:30 2025-08-14T14:48:30.156Z discovery-log INFO {"eventType":"add","port":{"matchingBoardsList":[{"name":"Arduino UNO R4 WiFi","fqbn":"arduino:renesas_uno:unor4wifi","isHidden":false}],"port":{"address":"/dev/ttyACM0","label":"/dev/ttyACM0","protocol":"serial","protocolLabel":"Serial Port (USB)","propertiesMap":[["pid","0x1002"],["serialNumber","9888E0072B9C"],["vid","0x2341"]],"hardwareId":"9888E0072B9C"}},"error":""}
2025-08-14 07:48:30 2025-08-14T14:48:30.408Z daemon INFO time="2025-08-14T07:48:30-07:00" level=info msg="Starting monitor process" monitor=serial-monitor
2025-08-14 07:48:30 2025-08-14T14:48:30.418Z daemon INFO time="2025-08-14T07:48:30-07:00" level=info msg="Monitor process started successfully!" monitor=serial-monitor
time="2025-08-14T07:48:30-07:00" level=info msg="sending command" command="HELLO 1 \"arduino-cli 1.2.0\"" monitor=serial-monitor
2025-08-14 07:48:30 2025-08-14T14:48:30.447Z daemon INFO time="2025-08-14T07:48:30-07:00" level=info msg="received message" error=false event_type=hello message=OK monitor=serial-monitor
time="2025-08-14T07:48:30-07:00" level=info msg="sending command" command=DESCRIBE monitor=serial-monitor
2025-08-14 07:48:30 2025-08-14T14:48:30.447Z daemon INFO time="2025-08-14T07:48:30-07:00" level=info msg="received message" error=false event_type=describe message=OK monitor=serial-monitor
2025-08-14 07:48:30 2025-08-14T14:48:30.447Z daemon INFO time="2025-08-14T07:48:30-07:00" level=info msg="sending command" command=QUIT monitor=serial-monitor
2025-08-14 07:48:30 2025-08-14T14:48:30.447Z daemon INFO time="2025-08-14T07:48:30-07:00" level=info msg="received message" error=false event_type=quit message=OK monitor=serial-monitor
time="2025-08-14T07:48:30-07:00" level=info msg="Killing monitor process" monitor=serial-monitor
2025-08-14 07:48:30 2025-08-14T14:48:30.448Z daemon INFO time="2025-08-14T07:48:30-07:00" level=error msg="stopped decode loop: EOF" monitor=serial-monitor
2025-08-14 07:48:30 2025-08-14T14:48:30.448Z daemon INFO time="2025-08-14T07:48:30-07:00" level=info msg="Monitor process killed" monitor=serial-monitor
2025-08-14 07:48:30 2025-08-14T14:48:30.527Z monitor-service INFO starting monitor
2025-08-14 07:48:30 2025-08-14T14:48:30.529Z daemon INFO time="2025-08-14T07:48:30-07:00" level=info msg="Starting monitor process" monitor=serial-monitor
2025-08-14 07:48:30 2025-08-14T14:48:30.530Z daemon INFO time="2025-08-14T07:48:30-07:00" level=info msg="Monitor process started successfully!" monitor=serial-monitor
time="2025-08-14T07:48:30-07:00" level=info msg="sending command" command="HELLO 1 \"arduino-cli 1.2.0\"" monitor=serial-monitor
2025-08-14 07:48:30 2025-08-14T14:48:30.532Z daemon INFO time="2025-08-14T07:48:30-07:00" level=info msg="received message" error=false event_type=hello message=OK monitor=serial-monitor
time="2025-08-14T07:48:30-07:00" level=info msg="sending command" command=DESCRIBE monitor=serial-monitor
2025-08-14 07:48:30 2025-08-14T14:48:30.532Z daemon INFO time="2025-08-14T07:48:30-07:00" level=info msg="received message" error=false event_type=describe message=OK monitor=serial-monitor
2025-08-14 07:48:30 2025-08-14T14:48:30.532Z daemon INFO time="2025-08-14T07:48:30-07:00" level=info msg="sending command" command=QUIT monitor=serial-monitor
2025-08-14 07:48:30 2025-08-14T14:48:30.532Z daemon INFO time="2025-08-14T07:48:30-07:00" level=info msg="received message" error=false event_type=quit message=OK monitor=serial-monitor
time="2025-08-14T07:48:30-07:00" level=info msg="Killing monitor process" monitor=serial-monitor
2025-08-14 07:48:30 2025-08-14T14:48:30.532Z daemon INFO time="2025-08-14T07:48:30-07:00" level=error msg="stopped decode loop: EOF" monitor=serial-monitor
2025-08-14 07:48:30 2025-08-14T14:48:30.533Z daemon INFO time="2025-08-14T07:48:30-07:00" level=info msg="Monitor process killed" monitor=serial-monitor
2025-08-14 07:48:30 2025-08-14T14:48:30.540Z daemon INFO time="2025-08-14T07:48:30-07:00" level=info msg="Starting monitor process" monitor=serial-monitor
2025-08-14 07:48:30 2025-08-14T14:48:30.540Z daemon INFO time="2025-08-14T07:48:30-07:00" level=info msg="Monitor process started successfully!" monitor=serial-monitor
time="2025-08-14T07:48:30-07:00" level=info msg="sending command" command="HELLO 1 \"arduino-cli 1.2.0\"" monitor=serial-monitor
2025-08-14 07:48:30 2025-08-14T14:48:30.542Z daemon INFO time="2025-08-14T07:48:30-07:00" level=info msg="received message" error=false event_type=hello message=OK monitor=serial-monitor
time="2025-08-14T07:48:30-07:00" level=info msg="sending command" command=DESCRIBE monitor=serial-monitor
2025-08-14 07:48:30 2025-08-14T14:48:30.543Z daemon INFO time="2025-08-14T07:48:30-07:00" level=info msg="received message" error=false event_type=describe message=OK monitor=serial-monitor
time="2025-08-14T07:48:30-07:00" level=info msg="sending command" command="CONFIGURE baudrate 115200" monitor=serial-monitor
time="2025-08-14T07:48:30-07:00" level=info msg="received message" error=false event_type=configure message=OK monitor=serial-monitor
time="2025-08-14T07:48:30-07:00" level=info msg="sending command" command="CONFIGURE bits 8" monitor=serial-monitor
time="2025-08-14T07:48:30-07:00" level=info msg="received message" error=false event_type=configure message=OK monitor=serial-monitor
2025-08-14 07:48:30 2025-08-14T14:48:30.543Z daemon INFO time="2025-08-14T07:48:30-07:00" level=info msg="sending command" command="CONFIGURE dtr on" monitor=serial-monitor
time="2025-08-14T07:48:30-07:00" level=info msg="received message" error=false event_type=configure message=OK monitor=serial-monitor
time="2025-08-14T07:48:30-07:00" level=info msg="sending command" command="CONFIGURE parity none" monitor=serial-monitor
2025-08-14 07:48:30 2025-08-14T14:48:30.543Z daemon INFO time="2025-08-14T07:48:30-07:00" level=info msg="received message" error=false event_type=configure message=OK monitor=serial-monitor
time="2025-08-14T07:48:30-07:00" level=info msg="sending command" command="CONFIGURE rts on" monitor=serial-monitor
time="2025-08-14T07:48:30-07:00" level=info msg="received message" error=false event_type=configure message=OK monitor=serial-monitor
time="2025-08-14T07:48:30-07:00" level=info msg="sending command" command="CONFIGURE stop_bits 1" monitor=serial-monitor
2025-08-14 07:48:30 2025-08-14T14:48:30.543Z daemon INFO time="2025-08-14T07:48:30-07:00" level=info msg="received message" error=false event_type=configure message=OK monitor=serial-monitor
2025-08-14 07:48:30 2025-08-14T14:48:30.543Z daemon INFO time="2025-08-14T07:48:30-07:00" level=info msg="sending command" command="OPEN 127.0.0.1:33287 /dev/ttyACM0" monitor=serial-monitor
2025-08-14 07:48:30 2025-08-14T14:48:30.546Z daemon INFO time="2025-08-14T07:48:30-07:00" level=info msg="received message" error=false event_type=open message=OK monitor=serial-monitor
2025-08-14 07:48:30 2025-08-14T14:48:30.546Z daemon INFO time="2025-08-14T07:48:30-07:00" level=info msg="Port /dev/ttyACM0 successfully opened"
2025-08-14 07:48:30 2025-08-14T14:48:30.547Z monitor-service INFO Using port configuration for serial:/dev/ttyACM0: {"settingsList":[{"settingId":"baudrate","value":"115200"},{"settingId":"bits","value":"8"},{"settingId":"dtr","value":"on"},{"settingId":"parity","value":"none"},{"settingId":"rts","value":"on"},{"settingId":"stop_bits","value":"1"}]}
2025-08-14 07:48:30 2025-08-14T14:48:30.547Z monitor-service INFO started monitor to /dev/ttyACM0 using serial
2025-08-14 07:48:30 2025-08-14T14:48:30.565Z monitor-service INFO No port configuration changes have been detected. No need to send configure commands to the running monitor serial:/dev/ttyACM0.
2025-08-14 07:48:30 2025-08-14T14:48:30.580Z monitor-service INFO No port configuration changes have been detected. No need to send configure commands to the running monitor serial:/dev/ttyACM0.
2025-08-14 07:48:31 2025-08-14T14:48:31.547Z daemon INFO time="2025-08-14T07:48:31-07:00" level=info msg="Adding libraries dir" dir=/home/aaron/.arduino15/libraries isSingleLibrary=false location=ide
time="2025-08-14T07:48:31-07:00" level=info msg="Adding libraries dir" dir=/home/aaron/.arduino15/packages/esp32/hardware/esp32/3.3.0/libraries isSingleLibrary=false location=platform
time="2025-08-14T07:48:31-07:00" level=info msg="Adding libraries dir" dir=/home/aaron/Arduino/libraries isSingleLibrary=false location=user
2025-08-14 07:48:32 2025-08-14T14:48:32.443Z daemon INFO time="2025-08-14T07:48:32-07:00" level=info msg="sending command" command=CLOSE monitor=serial-monitor
2025-08-14 07:48:32 2025-08-14T14:48:32.443Z daemon INFO time="2025-08-14T07:48:32-07:00" level=info msg="received message" error=true event_type=port_closed message="readfrom tcp 127.0.0.1:54594->127.0.0.1:33287: Port has been closed" monitor=serial-monitor
time="2025-08-14T07:48:32-07:00" level=info msg="monitor port has been closed externally" monitor=serial-monitor
time="2025-08-14T07:48:32-07:00" level=info msg="received message" error=true event_type=close message="port already closed" monitor=serial-monitor
time="2025-08-14T07:48:32-07:00" level=info msg="sending command" command=QUIT monitor=serial-monitor
time="2025-08-14T07:48:32-07:00" level=info msg="received message" error=false event_type=quit message=OK monitor=serial-monitor
time="2025-08-14T07:48:32-07:00" level=info msg="Killing monitor process" monitor=serial-monitor
2025-08-14 07:48:32 2025-08-14T14:48:32.444Z discovery-log INFO {"eventType":"remove","port":{"matchingBoardsList":[],"port":{"address":"/dev/ttyACM0","label":"","protocol":"serial","protocolLabel":"","propertiesMap":[],"hardwareId":""}},"error":""}
2025-08-14 07:48:32 2025-08-14T14:48:32.444Z daemon INFO time="2025-08-14T07:48:32-07:00" level=error msg="stopped decode loop: EOF" monitor=serial-monitor
time="2025-08-14T07:48:32-07:00" level=info msg="Monitor process killed" monitor=serial-monitor
2025-08-14 07:48:32 2025-08-14T14:48:32.446Z monitor-service INFO monitor to /dev/ttyACM0 using serial closed by server
2025-08-14 07:48:32 2025-08-14T14:48:32.652Z root WARN Widget was activated, but did not accept focus after 2000ms: serial-monitor
2025-08-14 07:48:36 2025-08-14T14:48:36.490Z discovery-log INFO {"eventType":"add","port":{"matchingBoardsList":[{"name":"Arduino UNO R4 WiFi","fqbn":"arduino:renesas_uno:unor4wifi","isHidden":false}],"port":{"address":"/dev/ttyACM0","label":"/dev/ttyACM0","protocol":"serial","protocolLabel":"Serial Port (USB)","propertiesMap":[["pid","0x1002"],["serialNumber","9888E0072B9C"],["vid","0x2341"]],"hardwareId":"9888E0072B9C"}},"error":""}
2025-08-14 07:48:36 2025-08-14T14:48:36.709Z monitor-service INFO starting monitor
2025-08-14 07:48:36 2025-08-14T14:48:36.712Z daemon INFO time="2025-08-14T07:48:36-07:00" level=info msg="Starting monitor process" monitor=serial-monitor
2025-08-14 07:48:36 2025-08-14T14:48:36.712Z daemon INFO time="2025-08-14T07:48:36-07:00" level=info msg="Monitor process started successfully!" monitor=serial-monitor
time="2025-08-14T07:48:36-07:00" level=info msg="sending command" command="HELLO 1 \"arduino-cli 1.2.0\"" monitor=serial-monitor
2025-08-14 07:48:36 2025-08-14T14:48:36.715Z daemon INFO time="2025-08-14T07:48:36-07:00" level=info msg="received message" error=false event_type=hello message=OK monitor=serial-monitor
time="2025-08-14T07:48:36-07:00" level=info msg="sending command" command=DESCRIBE monitor=serial-monitor
2025-08-14 07:48:36 2025-08-14T14:48:36.715Z daemon INFO time="2025-08-14T07:48:36-07:00" level=info msg="received message" error=false event_type=describe message=OK monitor=serial-monitor
time="2025-08-14T07:48:36-07:00" level=info msg="sending command" command=QUIT monitor=serial-monitor
time="2025-08-14T07:48:36-07:00" level=info msg="received message" error=false event_type=quit message=OK monitor=serial-monitor
time="2025-08-14T07:48:36-07:00" level=info msg="Killing monitor process" monitor=serial-monitor
2025-08-14 07:48:36 2025-08-14T14:48:36.716Z daemon INFO time="2025-08-14T07:48:36-07:00" level=error msg="stopped decode loop: EOF" monitor=serial-monitor
time="2025-08-14T07:48:36-07:00" level=info msg="Monitor process killed" monitor=serial-monitor
2025-08-14 07:48:36 2025-08-14T14:48:36.722Z daemon INFO time="2025-08-14T07:48:36-07:00" level=info msg="Starting monitor process" monitor=serial-monitor
time="2025-08-14T07:48:36-07:00" level=info msg="Monitor process started successfully!" monitor=serial-monitor
time="2025-08-14T07:48:36-07:00" level=info msg="sending command" command="HELLO 1 \"arduino-cli 1.2.0\"" monitor=serial-monitor
2025-08-14 07:48:36 2025-08-14T14:48:36.723Z daemon INFO time="2025-08-14T07:48:36-07:00" level=info msg="received message" error=false event_type=hello message=OK monitor=serial-monitor
time="2025-08-14T07:48:36-07:00" level=info msg="sending command" command=DESCRIBE monitor=serial-monitor
time="2025-08-14T07:48:36-07:00" level=info msg="received message" error=false event_type=describe message=OK monitor=serial-monitor
time="2025-08-14T07:48:36-07:00" level=info msg="sending command" command="CONFIGURE baudrate 115200" monitor=serial-monitor
time="2025-08-14T07:48:36-07:00" level=info msg="received message" error=false event_type=configure message=OK monitor=serial-monitor
time="2025-08-14T07:48:36-07:00" level=info msg="sending command" command="CONFIGURE bits 8" monitor=serial-monitor
time="2025-08-14T07:48:36-07:00" level=info msg="received message" error=false event_type=configure message=OK monitor=serial-monitor
time="2025-08-14T07:48:36-07:00" level=info msg="sending command" command="CONFIGURE dtr on" monitor=serial-monitor
time="2025-08-14T07:48:36-07:00" level=info msg="received message" error=false event_type=configure message=OK monitor=serial-monitor
time="2025-08-14T07:48:36-07:00" level=info msg="sending command" command="CONFIGURE parity none" monitor=serial-monitor
2025-08-14 07:48:36 2025-08-14T14:48:36.723Z daemon INFO time="2025-08-14T07:48:36-07:00" level=info msg="received message" error=false event_type=configure message=OK monitor=serial-monitor
time="2025-08-14T07:48:36-07:00" level=info msg="sending command" command="CONFIGURE rts on" monitor=serial-monitor
time="2025-08-14T07:48:36-07:00" level=info msg="received message" error=false event_type=configure message=OK monitor=serial-monitor
2025-08-14 07:48:36 2025-08-14T14:48:36.723Z daemon INFO time="2025-08-14T07:48:36-07:00" level=info msg="sending command" command="CONFIGURE stop_bits 1" monitor=serial-monitor
time="2025-08-14T07:48:36-07:00" level=info msg="received message" error=false event_type=configure message=OK monitor=serial-monitor
2025-08-14 07:48:36 2025-08-14T14:48:36.723Z daemon INFO time="2025-08-14T07:48:36-07:00" level=info msg="sending command" command="OPEN 127.0.0.1:45451 /dev/ttyACM0" monitor=serial-monitor
2025-08-14 07:48:36 2025-08-14T14:48:36.724Z daemon INFO time="2025-08-14T07:48:36-07:00" level=info msg="received message" error=false event_type=open message=OK monitor=serial-monitor
time="2025-08-14T07:48:36-07:00" level=info msg="Port /dev/ttyACM0 successfully opened"
2025-08-14 07:48:36 2025-08-14T14:48:36.725Z monitor-service INFO Using port configuration for serial:/dev/ttyACM0: {"settingsList":[{"settingId":"baudrate","value":"115200"},{"settingId":"bits","value":"8"},{"settingId":"dtr","value":"on"},{"settingId":"parity","value":"none"},{"settingId":"rts","value":"on"},{"settingId":"stop_bits","value":"1"}]}
2025-08-14 07:48:36 2025-08-14T14:48:36.725Z monitor-service INFO started monitor to /dev/ttyACM0 using serial
2025-08-14 07:48:36 2025-08-14T14:48:36.733Z monitor-service INFO No port configuration changes have been detected. No need to send configure commands to the running monitor serial:/dev/ttyACM0.
2025-08-14 07:48:36 2025-08-14T14:48:36.733Z monitor-service INFO No port configuration changes have been detected. No need to send configure commands to the running monitor serial:/dev/ttyACM0.
2025-08-14 07:48:36 2025-08-14T14:48:36.762Z monitor-service INFO No port configuration changes have been detected. No need to send configure commands to the running monitor serial:/dev/ttyACM0.
2025-08-14 07:48:36 2025-08-14T14:48:36.786Z monitor-service INFO No port configuration changes have been detected. No need to send configure commands to the running monitor serial:/dev/ttyACM0.
2025-08-14 07:48:36 2025-08-14T14:48:36.786Z monitor-service INFO No port configuration changes have been detected. No need to send configure commands to the running monitor serial:/dev/ttyACM0.
2025-08-14 07:48:37 2025-08-14T14:48:37.104Z daemon INFO time="2025-08-14T07:48:37-07:00" level=info msg="sending command" command=CLOSE monitor=serial-monitor
2025-08-14 07:48:37 2025-08-14T14:48:37.105Z daemon INFO time="2025-08-14T07:48:37-07:00" level=info msg="received message" error=true event_type=port_closed message="readfrom tcp 127.0.0.1:47698->127.0.0.1:45451: Port has been closed" monitor=serial-monitor
time="2025-08-14T07:48:37-07:00" level=info msg="monitor port has been closed externally" monitor=serial-monitor
time="2025-08-14T07:48:37-07:00" level=info msg="received message" error=true event_type=close message="port already closed" monitor=serial-monitor
2025-08-14 07:48:37 2025-08-14T14:48:37.105Z discovery-log INFO {"eventType":"remove","port":{"matchingBoardsList":[],"port":{"address":"/dev/ttyACM0","label":"","protocol":"serial","protocolLabel":"","propertiesMap":[],"hardwareId":""}},"error":""}
2025-08-14 07:48:37 2025-08-14T14:48:37.105Z daemon INFO time="2025-08-14T07:48:37-07:00" level=info msg="sending command" command=QUIT monitor=serial-monitor
time="2025-08-14T07:48:37-07:00" level=info msg="received message" error=false event_type=quit message=OK monitor=serial-monitor
time="2025-08-14T07:48:37-07:00" level=info msg="Killing monitor process" monitor=serial-monitor
2025-08-14 07:48:37 2025-08-14T14:48:37.105Z daemon INFO time="2025-08-14T07:48:37-07:00" level=error msg="stopped decode loop: EOF" monitor=serial-monitor
2025-08-14 07:48:37 2025-08-14T14:48:37.106Z daemon INFO time="2025-08-14T07:48:37-07:00" level=info msg="Monitor process killed" monitor=serial-monitor
2025-08-14 07:48:37 2025-08-14T14:48:37.106Z monitor-service INFO monitor to /dev/ttyACM0 using serial closed by server
2025-08-14 07:48:38 2025-08-14T14:48:38.752Z root WARN Widget was activated, but did not accept focus after 2000ms: serial-monitor
2025-08-14 07:48:39 2025-08-14T14:48:39.372Z discovery-log INFO {"eventType":"add","port":{"matchingBoardsList":[{"name":"Arduino UNO R4 WiFi","fqbn":"arduino:renesas_uno:unor4wifi","isHidden":false}],"port":{"address":"/dev/ttyACM0","label":"/dev/ttyACM0","protocol":"serial","protocolLabel":"Serial Port (USB)","propertiesMap":[["pid","0x1002"],["serialNumber","9888E0072B9C"],["vid","0x2341"]],"hardwareId":"9888E0072B9C"}},"error":""}
2025-08-14 07:48:39 2025-08-14T14:48:39.600Z monitor-service INFO starting monitor
2025-08-14 07:48:39 2025-08-14T14:48:39.602Z daemon INFO time="2025-08-14T07:48:39-07:00" level=info msg="Starting monitor process" monitor=serial-monitor
2025-08-14 07:48:39 2025-08-14T14:48:39.603Z daemon INFO time="2025-08-14T07:48:39-07:00" level=info msg="Monitor process started successfully!" monitor=serial-monitor
time="2025-08-14T07:48:39-07:00" level=info msg="sending command" command="HELLO 1 \"arduino-cli 1.2.0\"" monitor=serial-monitor
2025-08-14 07:48:39 2025-08-14T14:48:39.605Z daemon INFO time="2025-08-14T07:48:39-07:00" level=info msg="received message" error=false event_type=hello message=OK monitor=serial-monitor
time="2025-08-14T07:48:39-07:00" level=info msg="sending command" command=DESCRIBE monitor=serial-monitor
2025-08-14 07:48:39 2025-08-14T14:48:39.605Z daemon INFO time="2025-08-14T07:48:39-07:00" level=info msg="received message" error=false event_type=describe message=OK monitor=serial-monitor
time="2025-08-14T07:48:39-07:00" level=info msg="sending command" command=QUIT monitor=serial-monitor
2025-08-14 07:48:39 2025-08-14T14:48:39.605Z daemon INFO time="2025-08-14T07:48:39-07:00" level=info msg="received message" error=false event_type=quit message=OK monitor=serial-monitor
time="2025-08-14T07:48:39-07:00" level=info msg="Killing monitor process" monitor=serial-monitor
2025-08-14 07:48:39 2025-08-14T14:48:39.606Z daemon INFO time="2025-08-14T07:48:39-07:00" level=error msg="stopped decode loop: EOF" monitor=serial-monitor
time="2025-08-14T07:48:39-07:00" level=info msg="Monitor process killed" monitor=serial-monitor
2025-08-14 07:48:39 2025-08-14T14:48:39.612Z daemon INFO time="2025-08-14T07:48:39-07:00" level=info msg="Starting monitor process" monitor=serial-monitor
time="2025-08-14T07:48:39-07:00" level=info msg="Monitor process started successfully!" monitor=serial-monitor
time="2025-08-14T07:48:39-07:00" level=info msg="sending command" command="HELLO 1 \"arduino-cli 1.2.0\"" monitor=serial-monitor
2025-08-14 07:48:39 2025-08-14T14:48:39.614Z daemon INFO time="2025-08-14T07:48:39-07:00" level=info msg="received message" error=false event_type=hello message=OK monitor=serial-monitor
time="2025-08-14T07:48:39-07:00" level=info msg="sending command" command=DESCRIBE monitor=serial-monitor
time="2025-08-14T07:48:39-07:00" level=info msg="received message" error=false event_type=describe message=OK monitor=serial-monitor
time="2025-08-14T07:48:39-07:00" level=info msg="sending command" command="CONFIGURE baudrate 115200" monitor=serial-monitor
time="2025-08-14T07:48:39-07:00" level=info msg="received message" error=false event_type=configure message=OK monitor=serial-monitor
time="2025-08-14T07:48:39-07:00" level=info msg="sending command" command="CONFIGURE bits 8" monitor=serial-monitor
time="2025-08-14T07:48:39-07:00" level=info msg="received message" error=false event_type=configure message=OK monitor=serial-monitor
time="2025-08-14T07:48:39-07:00" level=info msg="sending command" command="CONFIGURE dtr on" monitor=serial-monitor
time="2025-08-14T07:48:39-07:00" level=info msg="received message" error=false event_type=configure message=OK monitor=serial-monitor
time="2025-08-14T07:48:39-07:00" level=info msg="sending command" command="CONFIGURE parity none" monitor=serial-monitor
time="2025-08-14T07:48:39-07:00" level=info msg="received message" error=false event_type=configure message=OK monitor=serial-monitor
time="2025-08-14T07:48:39-07:00" level=info msg="sending command" command="CONFIGURE rts on" monitor=serial-monitor
time="2025-08-14T07:48:39-07:00" level=info msg="received message" error=false event_type=configure message=OK monitor=serial-monitor
time="2025-08-14T07:48:39-07:00" level=info msg="sending command" command="CONFIGURE stop_bits 1" monitor=serial-monitor
time="2025-08-14T07:48:39-07:00" level=info msg="received message" error=false event_type=configure message=OK monitor=serial-monitor
time="2025-08-14T07:48:39-07:00" level=info msg="sending command" command="OPEN 127.0.0.1:32797 /dev/ttyACM0" monitor=serial-monitor
time="2025-08-14T07:48:39-07:00" level=info msg="received message" error=false event_type=open message=OK monitor=serial-monitor
time="2025-08-14T07:48:39-07:00" level=info msg="Port /dev/ttyACM0 successfully opened"
2025-08-14 07:48:39 2025-08-14T14:48:39.615Z monitor-service INFO Using port configuration for serial:/dev/ttyACM0: {"settingsList":[{"settingId":"baudrate","value":"115200"},{"settingId":"bits","value":"8"},{"settingId":"dtr","value":"on"},{"settingId":"parity","value":"none"},{"settingId":"rts","value":"on"},{"settingId":"stop_bits","value":"1"}]}
2025-08-14 07:48:39 2025-08-14T14:48:39.615Z monitor-service INFO started monitor to /dev/ttyACM0 using serial
2025-08-14 07:48:39 2025-08-14T14:48:39.617Z monitor-service INFO No port configuration changes have been detected. No need to send configure commands to the running monitor serial:/dev/ttyACM0.
2025-08-14 07:48:39 2025-08-14T14:48:39.617Z monitor-service INFO No port configuration changes have been detected. No need to send configure commands to the running monitor serial:/dev/ttyACM0.
2025-08-14 07:48:39 2025-08-14T14:48:39.619Z monitor-service INFO No port configuration changes have been detected. No need to send configure commands to the running monitor serial:/dev/ttyACM0.
2025-08-14 07:48:39 2025-08-14T14:48:39.619Z monitor-service INFO No port configuration changes have been detected. No need to send configure commands to the running monitor serial:/dev/ttyACM0.
2025-08-14 07:48:40 2025-08-14T14:48:40.233Z daemon INFO time="2025-08-14T07:48:40-07:00" level=info msg="sending command" command=CLOSE monitor=serial-monitor
2025-08-14 07:48:40 2025-08-14T14:48:40.234Z daemon INFO time="2025-08-14T07:48:40-07:00" level=info msg="received message" error=true event_type=port_closed message="readfrom tcp 127.0.0.1:47900->127.0.0.1:32797: Port has been closed" monitor=serial-monitor
time="2025-08-14T07:48:40-07:00" level=info msg="monitor port has been closed externally" monitor=serial-monitor
2025-08-14 07:48:40 2025-08-14T14:48:40.234Z discovery-log INFO {"eventType":"remove","port":{"matchingBoardsList":[],"port":{"address":"/dev/ttyACM0","label":"","protocol":"serial","protocolLabel":"","propertiesMap":[],"hardwareId":""}},"error":""}
2025-08-14 07:48:40 2025-08-14T14:48:40.234Z daemon INFO time="2025-08-14T07:48:40-07:00" level=info msg="received message" error=true event_type=close message="port already closed" monitor=serial-monitor
time="2025-08-14T07:48:40-07:00" level=info msg="sending command" command=QUIT monitor=serial-monitor
time="2025-08-14T07:48:40-07:00" level=info msg="received message" error=false event_type=quit message=OK monitor=serial-monitor
time="2025-08-14T07:48:40-07:00" level=info msg="Killing monitor process" monitor=serial-monitor
time="2025-08-14T07:48:40-07:00" level=error msg="stopped decode loop: read |0: file already closed" monitor=serial-monitor
time="2025-08-14T07:48:40-07:00" level=info msg="Monitor process killed" monitor=serial-monitor
2025-08-14 07:48:40 2025-08-14T14:48:40.235Z monitor-service INFO monitor to /dev/ttyACM0 using serial closed by server
2025-08-14 07:48:41 2025-08-14T14:48:41.637Z root WARN Widget was activated, but did not accept focus after 2000ms: serial-monitor
2025-08-14 08:00:06 2025-08-14T15:00:06.062Z discovery-log INFO {"eventType":"add","port":{"matchingBoardsList":[{"name":"Arduino UNO R4 WiFi","fqbn":"arduino:renesas_uno:unor4wifi","isHidden":false}],"port":{"address":"/dev/ttyACM0","label":"/dev/ttyACM0","protocol":"serial","protocolLabel":"Serial Port (USB)","propertiesMap":[["pid","0x1002"],["serialNumber","9888E0072B9C"],["vid","0x2341"]],"hardwareId":"9888E0072B9C"}},"error":""}
2025-08-14 08:00:06 2025-08-14T15:00:06.348Z monitor-service INFO starting monitor
2025-08-14 08:00:06 2025-08-14T15:00:06.350Z daemon INFO time="2025-08-14T08:00:06-07:00" level=info msg="Starting monitor process" monitor=serial-monitor
2025-08-14 08:00:06 2025-08-14T15:00:06.351Z daemon INFO time="2025-08-14T08:00:06-07:00" level=info msg="Monitor process started successfully!" monitor=serial-monitor
2025-08-14 08:00:06 2025-08-14T15:00:06.351Z daemon INFO time="2025-08-14T08:00:06-07:00" level=info msg="sending command" command="HELLO 1 \"arduino-cli 1.2.0\"" monitor=serial-monitor
2025-08-14 08:00:06 2025-08-14T15:00:06.354Z daemon INFO time="2025-08-14T08:00:06-07:00" level=info msg="received message" error=false event_type=hello message=OK monitor=serial-monitor
time="2025-08-14T08:00:06-07:00" level=info msg="sending command" command=DESCRIBE monitor=serial-monitor
2025-08-14 08:00:06 2025-08-14T15:00:06.355Z daemon INFO time="2025-08-14T08:00:06-07:00" level=info msg="received message" error=false event_type=describe message=OK monitor=serial-monitor
2025-08-14 08:00:06 2025-08-14T15:00:06.355Z daemon INFO time="2025-08-14T08:00:06-07:00" level=info msg="sending command" command=QUIT monitor=serial-monitor
2025-08-14 08:00:06 2025-08-14T15:00:06.355Z daemon INFO time="2025-08-14T08:00:06-07:00" level=info msg="received message" error=false event_type=quit message=OK monitor=serial-monitor
time="2025-08-14T08:00:06-07:00" level=info msg="Killing monitor process" monitor=serial-monitor
2025-08-14 08:00:06 2025-08-14T15:00:06.355Z daemon INFO time="2025-08-14T08:00:06-07:00" level=error msg="stopped decode loop: EOF" monitor=serial-monitor
time="2025-08-14T08:00:06-07:00" level=info msg="Monitor process killed" monitor=serial-monitor
2025-08-14 08:00:06 2025-08-14T15:00:06.361Z daemon INFO time="2025-08-14T08:00:06-07:00" level=info msg="Starting monitor process" monitor=serial-monitor
2025-08-14 08:00:06 2025-08-14T15:00:06.361Z daemon INFO time="2025-08-14T08:00:06-07:00" level=info msg="Monitor process started successfully!" monitor=serial-monitor
time="2025-08-14T08:00:06-07:00" level=info msg="sending command" command="HELLO 1 \"arduino-cli 1.2.0\"" monitor=serial-monitor
2025-08-14 08:00:06 2025-08-14T15:00:06.364Z daemon INFO time="2025-08-14T08:00:06-07:00" level=info msg="received message" error=false event_type=hello message=OK monitor=serial-monitor
time="2025-08-14T08:00:06-07:00" level=info msg="sending command" command=DESCRIBE monitor=serial-monitor
time="2025-08-14T08:00:06-07:00" level=info msg="received message" error=false event_type=describe message=OK monitor=serial-monitor
time="2025-08-14T08:00:06-07:00" level=info msg="sending command" command="CONFIGURE baudrate 115200" monitor=serial-monitor
time="2025-08-14T08:00:06-07:00" level=info msg="received message" error=false event_type=configure message=OK monitor=serial-monitor
time="2025-08-14T08:00:06-07:00" level=info msg="sending command" command="CONFIGURE bits 8" monitor=serial-monitor
time="2025-08-14T08:00:06-07:00" level=info msg="received message" error=false event_type=configure message=OK monitor=serial-monitor
time="2025-08-14T08:00:06-07:00" level=info msg="sending command" command="CONFIGURE dtr on" monitor=serial-monitor
time="2025-08-14T08:00:06-07:00" level=info msg="received message" error=false event_type=configure message=OK monitor=serial-monitor
time="2025-08-14T08:00:06-07:00" level=info msg="sending command" command="CONFIGURE parity none" monitor=serial-monitor
time="2025-08-14T08:00:06-07:00" level=info msg="received message" error=false event_type=configure message=OK monitor=serial-monitor
time="2025-08-14T08:00:06-07:00" level=info msg="sending command" command="CONFIGURE rts on" monitor=serial-monitor
time="2025-08-14T08:00:06-07:00" level=info msg="received message" error=false event_type=configure message=OK monitor=serial-monitor
time="2025-08-14T08:00:06-07:00" level=info msg="sending command" command="CONFIGURE stop_bits 1" monitor=serial-monitor
time="2025-08-14T08:00:06-07:00" level=info msg="received message" error=false event_type=configure message=OK monitor=serial-monitor
2025-08-14 08:00:06 2025-08-14T15:00:06.364Z daemon INFO time="2025-08-14T08:00:06-07:00" level=info msg="sending command" command="OPEN 127.0.0.1:43431 /dev/ttyACM0" monitor=serial-monitor
2025-08-14 08:00:06 2025-08-14T15:00:06.365Z daemon INFO time="2025-08-14T08:00:06-07:00" level=info msg="received message" error=false event_type=open message=OK monitor=serial-monitor
2025-08-14 08:00:06 2025-08-14T15:00:06.365Z daemon INFO time="2025-08-14T08:00:06-07:00" level=info msg="Port /dev/ttyACM0 successfully opened"
2025-08-14 08:00:06 2025-08-14T15:00:06.366Z monitor-service INFO Using port configuration for serial:/dev/ttyACM0: {"settingsList":[{"settingId":"baudrate","value":"115200"},{"settingId":"bits","value":"8"},{"settingId":"dtr","value":"on"},{"settingId":"parity","value":"none"},{"settingId":"rts","value":"on"},{"settingId":"stop_bits","value":"1"}]}
2025-08-14 08:00:06 2025-08-14T15:00:06.366Z monitor-service INFO started monitor to /dev/ttyACM0 using serial
2025-08-14 08:00:06 2025-08-14T15:00:06.381Z monitor-service INFO No port configuration changes have been detected. No need to send configure commands to the running monitor serial:/dev/ttyACM0.
2025-08-14 08:00:06 2025-08-14T15:00:06.381Z monitor-service INFO No port configuration changes have been detected. No need to send configure commands to the running monitor serial:/dev/ttyACM0.
2025-08-14 08:00:06 2025-08-14T15:00:06.382Z monitor-service INFO No port configuration changes have been detected. No need to send configure commands to the running monitor serial:/dev/ttyACM0.
2025-08-14 08:00:06 2025-08-14T15:00:06.382Z monitor-service INFO No port configuration changes have been detected. No need to send configure commands to the running monitor serial:/dev/ttyACM0.
2025-08-14 08:00:08 2025-08-14T15:00:08.405Z root WARN Widget was activated, but did not accept focus after 2000ms: serial-monitor
2025-08-14 08:00:14 2025-08-14T15:00:14.033Z daemon INFO time="2025-08-14T08:00:14-07:00" level=info msg="sending command" command=CLOSE monitor=serial-monitor
2025-08-14 08:00:14 2025-08-14T15:00:14.033Z discovery-log INFO {"eventType":"remove","port":{"matchingBoardsList":[],"port":{"address":"/dev/ttyACM0","label":"","protocol":"serial","protocolLabel":"","propertiesMap":[],"hardwareId":""}},"error":""}
2025-08-14 08:00:14 2025-08-14T15:00:14.033Z daemon INFO time="2025-08-14T08:00:14-07:00" level=info msg="received message" error=true event_type=port_closed message="readfrom tcp 127.0.0.1:54570->127.0.0.1:43431: Port has been closed" monitor=serial-monitor
time="2025-08-14T08:00:14-07:00" level=info msg="monitor port has been closed externally" monitor=serial-monitor
time="2025-08-14T08:00:14-07:00" level=info msg="received message" error=true event_type=close message="port already closed" monitor=serial-monitor
time="2025-08-14T08:00:14-07:00" level=info msg="sending command" command=QUIT monitor=serial-monitor
time="2025-08-14T08:00:14-07:00" level=info msg="received message" error=false event_type=quit message=OK monitor=serial-monitor
time="2025-08-14T08:00:14-07:00" level=info msg="Killing monitor process" monitor=serial-monitor
2025-08-14 08:00:14 2025-08-14T15:00:14.034Z daemon INFO time="2025-08-14T08:00:14-07:00" level=error msg="stopped decode loop: EOF" monitor=serial-monitor
time="2025-08-14T08:00:14-07:00" level=info msg="Monitor process killed" monitor=serial-monitor
2025-08-14 08:00:14 2025-08-14T15:00:14.035Z monitor-service INFO monitor to /dev/ttyACM0 using serial closed by server
2025-08-14 08:00:26 2025-08-14T15:00:26.292Z discovery-log INFO {"eventType":"add","port":{"matchingBoardsList":[{"name":"Arduino UNO R4 WiFi","fqbn":"arduino:renesas_uno:unor4wifi","isHidden":false}],"port":{"address":"/dev/ttyACM0","label":"/dev/ttyACM0","protocol":"serial","protocolLabel":"Serial Port (USB)","propertiesMap":[["pid","0x1002"],["serialNumber","9888E0072B9C"],["vid","0x2341"]],"hardwareId":"9888E0072B9C"}},"error":""}
2025-08-14 08:00:26 2025-08-14T15:00:26.593Z monitor-service INFO starting monitor
2025-08-14 08:00:26 2025-08-14T15:00:26.595Z daemon INFO time="2025-08-14T08:00:26-07:00" level=info msg="Starting monitor process" monitor=serial-monitor
2025-08-14 08:00:26 2025-08-14T15:00:26.596Z daemon INFO time="2025-08-14T08:00:26-07:00" level=info msg="Monitor process started successfully!" monitor=serial-monitor
2025-08-14 08:00:26 2025-08-14T15:00:26.596Z daemon INFO time="2025-08-14T08:00:26-07:00" level=info msg="sending command" command="HELLO 1 \"arduino-cli 1.2.0\"" monitor=serial-monitor
2025-08-14 08:00:26 2025-08-14T15:00:26.599Z daemon INFO time="2025-08-14T08:00:26-07:00" level=info msg="received message" error=false event_type=hello message=OK monitor=serial-monitor
time="2025-08-14T08:00:26-07:00" level=info msg="sending command" command=DESCRIBE monitor=serial-monitor
2025-08-14 08:00:26 2025-08-14T15:00:26.599Z daemon INFO time="2025-08-14T08:00:26-07:00" level=info msg="received message" error=false event_type=describe message=OK monitor=serial-monitor
2025-08-14 08:00:26 2025-08-14T15:00:26.599Z daemon INFO time="2025-08-14T08:00:26-07:00" level=info msg="sending command" command=QUIT monitor=serial-monitor
2025-08-14 08:00:26 2025-08-14T15:00:26.599Z daemon INFO time="2025-08-14T08:00:26-07:00" level=info msg="received message" error=false event_type=quit message=OK monitor=serial-monitor
time="2025-08-14T08:00:26-07:00" level=info msg="Killing monitor process" monitor=serial-monitor
2025-08-14 08:00:26 2025-08-14T15:00:26.599Z daemon INFO time="2025-08-14T08:00:26-07:00" level=error msg="stopped decode loop: EOF" monitor=serial-monitor
time="2025-08-14T08:00:26-07:00" level=info msg="Monitor process killed" monitor=serial-monitor
2025-08-14 08:00:26 2025-08-14T15:00:26.602Z daemon INFO time="2025-08-14T08:00:26-07:00" level=info msg="Starting monitor process" monitor=serial-monitor
2025-08-14 08:00:26 2025-08-14T15:00:26.603Z daemon INFO time="2025-08-14T08:00:26-07:00" level=info msg="Monitor process started successfully!" monitor=serial-monitor
time="2025-08-14T08:00:26-07:00" level=info msg="sending command" command="HELLO 1 \"arduino-cli 1.2.0\"" monitor=serial-monitor
2025-08-14 08:00:26 2025-08-14T15:00:26.605Z daemon INFO time="2025-08-14T08:00:26-07:00" level=info msg="received message" error=false event_type=hello message=OK monitor=serial-monitor
time="2025-08-14T08:00:26-07:00" level=info msg="sending command" command=DESCRIBE monitor=serial-monitor
2025-08-14 08:00:26 2025-08-14T15:00:26.605Z daemon INFO time="2025-08-14T08:00:26-07:00" level=info msg="received message" error=false event_type=describe message=OK monitor=serial-monitor
2025-08-14 08:00:26 2025-08-14T15:00:26.605Z daemon INFO time="2025-08-14T08:00:26-07:00" level=info msg="sending command" command="CONFIGURE baudrate 115200" monitor=serial-monitor
2025-08-14 08:00:26 2025-08-14T15:00:26.606Z daemon INFO time="2025-08-14T08:00:26-07:00" level=info msg="received message" error=false event_type=configure message=OK monitor=serial-monitor
time="2025-08-14T08:00:26-07:00" level=info msg="sending command" command="CONFIGURE bits 8" monitor=serial-monitor
2025-08-14 08:00:26 2025-08-14T15:00:26.606Z daemon INFO time="2025-08-14T08:00:26-07:00" level=info msg="received message" error=false event_type=configure message=OK monitor=serial-monitor
2025-08-14 08:00:26 2025-08-14T15:00:26.606Z daemon INFO time="2025-08-14T08:00:26-07:00" level=info msg="sending command" command="CONFIGURE dtr on" monitor=serial-monitor
2025-08-14 08:00:26 2025-08-14T15:00:26.606Z daemon INFO time="2025-08-14T08:00:26-07:00" level=info msg="received message" error=false event_type=configure message=OK monitor=serial-monitor
time="2025-08-14T08:00:26-07:00" level=info msg="sending command" command="CONFIGURE parity none" monitor=serial-monitor
2025-08-14 08:00:26 2025-08-14T15:00:26.606Z daemon INFO time="2025-08-14T08:00:26-07:00" level=info msg="received message" error=false event_type=configure message=OK monitor=serial-monitor
2025-08-14 08:00:26 2025-08-14T15:00:26.606Z daemon INFO time="2025-08-14T08:00:26-07:00" level=info msg="sending command" command="CONFIGURE rts on" monitor=serial-monitor
2025-08-14 08:00:26 2025-08-14T15:00:26.606Z daemon INFO time="2025-08-14T08:00:26-07:00" level=info msg="received message" error=false event_type=configure message=OK monitor=serial-monitor
time="2025-08-14T08:00:26-07:00" level=info msg="sending command" command="CONFIGURE stop_bits 1" monitor=serial-monitor
2025-08-14 08:00:26 2025-08-14T15:00:26.606Z daemon INFO time="2025-08-14T08:00:26-07:00" level=info msg="received message" error=false event_type=configure message=OK monitor=serial-monitor
2025-08-14 08:00:26 2025-08-14T15:00:26.606Z daemon INFO time="2025-08-14T08:00:26-07:00" level=info msg="sending command" command="OPEN 127.0.0.1:45737 /dev/ttyACM0" monitor=serial-monitor
2025-08-14 08:00:26 2025-08-14T15:00:26.607Z daemon INFO time="2025-08-14T08:00:26-07:00" level=info msg="received message" error=false event_type=open message=OK monitor=serial-monitor
2025-08-14 08:00:26 2025-08-14T15:00:26.607Z daemon INFO time="2025-08-14T08:00:26-07:00" level=info msg="Port /dev/ttyACM0 successfully opened"
2025-08-14 08:00:26 2025-08-14T15:00:26.608Z monitor-service INFO Using port configuration for serial:/dev/ttyACM0: {"settingsList":[{"settingId":"baudrate","value":"115200"},{"settingId":"bits","value":"8"},{"settingId":"dtr","value":"on"},{"settingId":"parity","value":"none"},{"settingId":"rts","value":"on"},{"settingId":"stop_bits","value":"1"}]}
2025-08-14 08:00:26 2025-08-14T15:00:26.608Z monitor-service INFO started monitor to /dev/ttyACM0 using serial
2025-08-14 08:00:26 2025-08-14T15:00:26.614Z monitor-service INFO No port configuration changes have been detected. No need to send configure commands to the running monitor serial:/dev/ttyACM0.
2025-08-14 08:00:26 2025-08-14T15:00:26.616Z monitor-service INFO No port configuration changes have been detected. No need to send configure commands to the running monitor serial:/dev/ttyACM0.
2025-08-14 08:00:26 2025-08-14T15:00:26.616Z monitor-service INFO No port configuration changes have been detected. No need to send configure commands to the running monitor serial:/dev/ttyACM0.
2025-08-14 08:00:26 2025-08-14T15:00:26.626Z monitor-service INFO No port configuration changes have been detected. No need to send configure commands to the running monitor serial:/dev/ttyACM0.
2025-08-14 08:00:28 2025-08-14T15:00:28.633Z root WARN Widget was activated, but did not accept focus after 2000ms: serial-monitor
2025-08-14 08:00:30 2025-08-14T15:00:30.521Z daemon INFO time="2025-08-14T08:00:30-07:00" level=info msg="sending command" command=CLOSE monitor=serial-monitor
2025-08-14 08:00:30 2025-08-14T15:00:30.521Z daemon INFO time="2025-08-14T08:00:30-07:00" level=info msg="received message" error=true event_type=port_closed message="readfrom tcp 127.0.0.1:43526->127.0.0.1:45737: Port has been closed" monitor=serial-monitor
time="2025-08-14T08:00:30-07:00" level=info msg="monitor port has been closed externally" monitor=serial-monitor
2025-08-14 08:00:30 2025-08-14T15:00:30.521Z discovery-log INFO {"eventType":"remove","port":{"matchingBoardsList":[],"port":{"address":"/dev/ttyACM0","label":"","protocol":"serial","protocolLabel":"","propertiesMap":[],"hardwareId":""}},"error":""}
2025-08-14 08:00:30 2025-08-14T15:00:30.522Z daemon INFO time="2025-08-14T08:00:30-07:00" level=info msg="received message" error=true event_type=close message="port already closed" monitor=serial-monitor
time="2025-08-14T08:00:30-07:00" level=info msg="sending command" command=QUIT monitor=serial-monitor
time="2025-08-14T08:00:30-07:00" level=info msg="received message" error=false event_type=quit message=OK monitor=serial-monitor
time="2025-08-14T08:00:30-07:00" level=info msg="Killing monitor process" monitor=serial-monitor
2025-08-14 08:00:30 2025-08-14T15:00:30.522Z daemon INFO time="2025-08-14T08:00:30-07:00" level=error msg="stopped decode loop: EOF" monitor=serial-monitor
2025-08-14 08:00:30 2025-08-14T15:00:30.522Z daemon INFO time="2025-08-14T08:00:30-07:00" level=info msg="Monitor process killed" monitor=serial-monitor
2025-08-14 08:00:30 2025-08-14T15:00:30.523Z monitor-service INFO monitor to /dev/ttyACM0 using serial closed by server
2025-08-14 12:59:53 Arduino IDE 2.3.6
2025-08-14 12:59:53 Checking for frontend application configuration customizations. Module path: /nix/store/2d5i1bzbqbnl4rgnhk8czrw5zmqqjdzv-arduino-ide-2.3.6-extracted/resources/app/lib/backend/electron-main.js, destination 'package.json': /nix/store/2d5i1bzbqbnl4rgnhk8czrw5zmqqjdzv-arduino-ide-2.3.6-extracted/resources/app/package.json
2025-08-14 12:59:53 Setting 'theia.frontend.config.appVersion' application configuration value to: "2.3.6" (type of string)
2025-08-14 12:59:53 Setting 'theia.frontend.config.cliVersion' application configuration value to: "1.2.0" (type of string)
2025-08-14 12:59:53 Setting 'theia.frontend.config.buildDate' application configuration value to: "2025-04-09T11:24:04.835Z" (type of string)
2025-08-14 12:59:53 Frontend application configuration after modifications: {"applicationName":"Arduino IDE","defaultTheme":{"light":"arduino-theme","dark":"arduino-theme-dark"},"defaultIconTheme":"none","electron":{"windowOptions":{},"showWindowEarly":true,"splashScreenOptions":{},"uriScheme":"arduino-ide"},"defaultLocale":"","validatePreferencesSchema":false,"reloadOnReconnect":true,"uriScheme":"theia","preferences":{"window.title":"${rootName}${activeEditorShort}${appName}","files.autoSave":"afterDelay","editor.minimap.enabled":false,"editor.tabSize":2,"editor.scrollBeyondLastLine":false,"editor.quickSuggestions":{"other":false,"comments":false,"strings":false},"editor.maxTokenizationLineLength":500,"editor.bracketPairColorization.enabled":false,"breadcrumbs.enabled":false,"workbench.tree.renderIndentGuides":"none","explorer.compactFolders":false},"appVersion":"2.3.6","cliVersion":"1.2.0","buildDate":"2025-04-09T11:24:04.835Z"}
2025-08-14 12:59:53 Starting backend process. PID: 11196
2025-08-14 12:59:53 Showing main window early
2025-08-14 12:59:54 Using browser-only version of superagent in non-browser environment
2025-08-14 12:59:54 Configuration directory URI: 'file:///home/aaron/.arduinoIDE'
2025-08-14 12:59:54 Configuring to accept webviews on '^.+\.webview\..+$' hostname.
2025-08-14 12:59:54 2025-08-14T19:59:54.256Z root INFO Backend u.initialize: 34.5 ms [Finished 0.663 s after backend start]
2025-08-14 12:59:54 2025-08-14T19:59:54.257Z root INFO Backend Object.initialize: 32.5 ms [Finished 0.663 s after backend start]
2025-08-14 12:59:54 2025-08-14T19:59:54.257Z root INFO Backend a.initialize: 1.4 ms [Finished 0.663 s after backend start]
2025-08-14 12:59:54 2025-08-14T19:59:54.257Z root INFO Backend a.initialize: 1.1 ms [Finished 0.663 s after backend start]
2025-08-14 12:59:54 2025-08-14T19:59:54.257Z root INFO Backend u.initialize: 1.5 ms [Finished 0.663 s after backend start]
2025-08-14 12:59:54 2025-08-14T19:59:54.259Z root INFO Backend l.initialize: 34.5 ms [Finished 0.665 s after backend start]
2025-08-14 12:59:54 2025-08-14T19:59:54.268Z root INFO configured all backend app contributions
2025-08-14 12:59:54 2025-08-14T19:59:54.268Z root INFO Backend l.onStart: 1.8 ms [Finished 0.677 s after backend start]
2025-08-14 12:59:54 2025-08-14T19:59:54.269Z root INFO Backend d.onStart: 0.1 ms [Finished 0.677 s after backend start]
2025-08-14 12:59:54 2025-08-14T19:59:54.269Z root INFO Backend a.onStart: 0.3 ms [Finished 0.677 s after backend start]
2025-08-14 12:59:54 2025-08-14T19:59:54.269Z config INFO >>> Initializing CLI configuration...
2025-08-14 12:59:54 2025-08-14T19:59:54.270Z root INFO Backend x.onStart: 0.3 ms [Finished 0.678 s after backend start]
2025-08-14 12:59:54 2025-08-14T19:59:54.270Z config INFO Loading CLI configuration from /home/aaron/.arduinoIDE/arduino-cli.yaml...
2025-08-14 12:59:54 2025-08-14T19:59:54.270Z daemon INFO Starting daemon from /nix/store/2d5i1bzbqbnl4rgnhk8czrw5zmqqjdzv-arduino-ide-2.3.6-extracted/resources/app/lib/backend/resources/arduino-cli...
2025-08-14 12:59:54 2025-08-14T19:59:54.270Z root INFO Backend w.onStart: 0.5 ms [Finished 0.678 s after backend start]
2025-08-14 12:59:54 2025-08-14T19:59:54.270Z discovery-log INFO start
2025-08-14 12:59:54 2025-08-14T19:59:54.270Z discovery-log INFO start new deferred
2025-08-14 12:59:54 2025-08-14T19:59:54.270Z root INFO Backend v.onStart: 0.2 ms [Finished 0.679 s after backend start]
2025-08-14 12:59:54 2025-08-14T19:59:54.270Z root INFO Backend a.onStart: 0.1 ms [Finished 0.679 s after backend start]
2025-08-14 12:59:54 2025-08-14T19:59:54.274Z root INFO Theia app listening on http://127.0.0.1:36377.
2025-08-14 12:59:54 2025-08-14T19:59:54.274Z root INFO Finished starting backend application: 4.1 ms [Finished 0.683 s after backend start]
2025-08-14 12:59:54 Error: node-loader:
Error: libxkbfile.so.1: cannot open shared object file: No such file or directory
    at 95585 (/nix/store/2d5i1bzbqbnl4rgnhk8czrw5zmqqjdzv-arduino-ide-2.3.6-extracted/resources/app/lib/backend/electron-main.js:8:1529780)
    at __webpack_require__ (/nix/store/2d5i1bzbqbnl4rgnhk8czrw5zmqqjdzv-arduino-ide-2.3.6-extracted/resources/app/lib/backend/electron-main.js:8:1985382)
    at o._init (/nix/store/2d5i1bzbqbnl4rgnhk8czrw5zmqqjdzv-arduino-ide-2.3.6-extracted/resources/app/lib/backend/electron-main.js:5:1319254)
    at o.onDidChangeKeyboardLayout (/nix/store/2d5i1bzbqbnl4rgnhk8czrw5zmqqjdzv-arduino-ide-2.3.6-extracted/resources/app/lib/backend/electron-main.js:5:1319604)
    at t.onDidChangeKeyboardLayout (/nix/store/2d5i1bzbqbnl4rgnhk8czrw5zmqqjdzv-arduino-ide-2.3.6-extracted/resources/app/lib/backend/electron-main.js:5:1319982)
    at a.onStart (/nix/store/2d5i1bzbqbnl4rgnhk8czrw5zmqqjdzv-arduino-ide-2.3.6-extracted/resources/app/lib/backend/electron-main.js:2:205197)
    at A.startContributions (/nix/store/2d5i1bzbqbnl4rgnhk8czrw5zmqqjdzv-arduino-ide-2.3.6-extracted/resources/app/lib/backend/electron-main.js:8:1599586)
    at Object.handler (/nix/store/2d5i1bzbqbnl4rgnhk8czrw5zmqqjdzv-arduino-ide-2.3.6-extracted/resources/app/lib/backend/electron-main.js:2:1217714)
    at process.processTicksAndRejections (node:internal/process/task_queues:95:5)
2025-08-14 12:59:54 Restoring workspace roots: /home/aaron/projects/esp32_ble/master,/home/aaron/projects/esp32_ble/slave
2025-08-14 12:59:54 2025-08-14T19:59:54.275Z root WARN The local plugin referenced by local-dir:/home/aaron/.arduinoIDE/plugins does not exist.
2025-08-14 12:59:54 2025-08-14T19:59:54.275Z root WARN The local plugin referenced by local-dir:/home/aaron/.arduinoIDE/deployedPlugins does not exist.
2025-08-14 12:59:54 2025-08-14T19:59:54.279Z config INFO Loaded CLI configuration: {"board_manager":{"additional_urls":["https://raw.githubusercontent.com/espressif/arduino-esp32/gh-pages/package_esp32_index.json"]},"directories":{"builtin":{"libraries":"/home/aaron/.arduino15/libraries"},"data":"/home/aaron/.arduino15","user":"/home/aaron/Arduino"},"locale":"en"}
2025-08-14 12:59:54 2025-08-14T19:59:54.279Z config INFO 'directories.data' and 'directories.user' are set in the CLI configuration model.
2025-08-14 12:59:54 2025-08-14T19:59:54.279Z config INFO Loaded the CLI configuration.
2025-08-14 12:59:54 2025-08-14T19:59:54.288Z config INFO Mapped the CLI configuration: {"dataDirUri":"file:///home/aaron/.arduino15","sketchDirUri":"file:///home/aaron/Arduino","additionalUrls":["https://raw.githubusercontent.com/espressif/arduino-esp32/gh-pages/package_esp32_index.json"],"network":"none","locale":"en"}
2025-08-14 12:59:54 2025-08-14T19:59:54.288Z config INFO Validating the CLI configuration...
2025-08-14 12:59:54 2025-08-14T19:59:54.288Z config INFO The CLI config is valid.
2025-08-14 12:59:54 2025-08-14T19:59:54.288Z config INFO <<< Initialized the CLI configuration.
2025-08-14 12:59:54 isTempSketch: false. Input was /home/aaron/projects/esp32_ble/master/master.ino
2025-08-14 12:59:54 2025-08-14T19:59:54.306Z daemon INFO time="2025-08-14T12:59:54-07:00" level=info msg="arduino-cli version 1.2.0"
time="2025-08-14T12:59:54-07:00" level=info msg="Using config file: /home/aaron/.arduinoIDE/arduino-cli.yaml"
time="2025-08-14T12:59:54-07:00" level=info msg="Executing `arduino-cli daemon`"
Daemon is now listening on 127.0.0.1:34195
{"IP":"127.0.0.1","Port":"34195"}
2025-08-14 12:59:54 2025-08-14T19:59:54.306Z daemon INFO Daemon is running.
2025-08-14 12:59:54 isTempSketch: false. Input was /home/aaron/projects/esp32_ble/slave/slave.ino
2025-08-14 12:59:54 2025-08-14T19:59:54.334Z root INFO Resolve plugins list: 62.6 ms [Finished 0.742 s after backend start]
2025-08-14 12:59:54 2025-08-14T19:59:54.350Z daemon INFO time="2025-08-14T12:59:54-07:00" level=info msg="Checking signature" index=/home/aaron/.arduino15/package_index.json signatureFile=/home/aaron/.arduino15/package_index.json.sig trusted=true
2025-08-14 12:59:54 2025-08-14T19:59:54.350Z daemon INFO time="2025-08-14T12:59:54-07:00" level=info msg="Missing signature file" index=/home/aaron/.arduino15/package_esp32_index.json
2025-08-14 12:59:54 2025-08-14T19:59:54.350Z daemon INFO time="2025-08-14T12:59:54-07:00" level=info msg="Loading hardware from: /home/aaron/.arduino15/packages"
2025-08-14 12:59:54 2025-08-14T19:59:54.350Z daemon INFO time="2025-08-14T12:59:54-07:00" level=info msg="Loading package arduino from: /home/aaron/.arduino15/packages/arduino/hardware"
2025-08-14 12:59:54 2025-08-14T19:59:54.352Z daemon INFO time="2025-08-14T12:59:54-07:00" level=info msg="Missing signature file" index=/home/aaron/.arduino15/packages/arduino/hardware/avr/1.8.6/installed.json
2025-08-14 12:59:54 2025-08-14T19:59:54.355Z daemon INFO time="2025-08-14T12:59:54-07:00" level=info msg="Adding monitor tool" protocol=serial tool="builtin:serial-monitor"
time="2025-08-14T12:59:54-07:00" level=info msg="Loaded platform" platform="arduino:avr@1.8.6"
time="2025-08-14T12:59:54-07:00" level=info msg="Checking existence of 'tools' path: /home/aaron/.arduino15/packages/arduino/tools"
time="2025-08-14T12:59:54-07:00" level=info msg="Loading tools from dir: /home/aaron/.arduino15/packages/arduino/tools"
time="2025-08-14T12:59:54-07:00" level=info msg="Loaded tool" tool="arduino:arduinoOTA@1.3.0"
time="2025-08-14T12:59:54-07:00" level=info msg="Loaded tool" tool="arduino:avr-gcc@7.3.0-atmel3.6.1-arduino7"
time="2025-08-14T12:59:54-07:00" level=info msg="Loaded tool" tool="arduino:avrdude@6.3.0-arduino17"
time="2025-08-14T12:59:54-07:00" level=info msg="Loaded tool" tool="arduino:dfu-util@0.11.0-arduino5"
time="2025-08-14T12:59:54-07:00" level=info msg="Loading package builtin from: /home/aaron/.arduino15/packages/builtin"
time="2025-08-14T12:59:54-07:00" level=info msg="Checking existence of 'tools' path: /home/aaron/.arduino15/packages/builtin/tools"
time="2025-08-14T12:59:54-07:00" level=info msg="Loading tools from dir: /home/aaron/.arduino15/packages/builtin/tools"
time="2025-08-14T12:59:54-07:00" level=info msg="Loaded tool" tool="builtin:ctags@5.8-arduino11"
time="2025-08-14T12:59:54-07:00" level=info msg="Loaded tool" tool="builtin:dfu-discovery@0.1.2"
time="2025-08-14T12:59:54-07:00" level=info msg="Loaded tool" tool="builtin:mdns-discovery@1.0.9"
time="2025-08-14T12:59:54-07:00" level=info msg="Loaded tool" tool="builtin:serial-discovery@1.4.1"
time="2025-08-14T12:59:54-07:00" level=info msg="Loaded tool" tool="builtin:serial-monitor@0.15.0"
time="2025-08-14T12:59:54-07:00" level=info msg="Loading package esp32 from: /home/aaron/.arduino15/packages/esp32/hardware"
2025-08-14 12:59:54 2025-08-14T19:59:54.355Z daemon INFO time="2025-08-14T12:59:54-07:00" level=info msg="Missing signature file" index=/home/aaron/.arduino15/packages/esp32/hardware/esp32/3.3.0/installed.json
2025-08-14 12:59:54 2025-08-14T19:59:54.588Z daemon INFO time="2025-08-14T12:59:54-07:00" level=info msg="Adding monitor tool" protocol=serial tool="builtin:serial-monitor"
time="2025-08-14T12:59:54-07:00" level=info msg="Loaded platform" platform="esp32:esp32@3.3.0"
time="2025-08-14T12:59:54-07:00" level=info msg="Checking existence of 'tools' path: /home/aaron/.arduino15/packages/esp32/tools"
time="2025-08-14T12:59:54-07:00" level=info msg="Loading tools from dir: /home/aaron/.arduino15/packages/esp32/tools"
time="2025-08-14T12:59:54-07:00" level=info msg="Loaded tool" tool="esp32:esp-rv32@2411"
time="2025-08-14T12:59:54-07:00" level=info msg="Loaded tool" tool="esp32:esp-x32@2411"
time="2025-08-14T12:59:54-07:00" level=info msg="Loaded tool" tool="esp32:esp32-arduino-libs@idf-release_v5.5-b66b5448-v1"
time="2025-08-14T12:59:54-07:00" level=info msg="Loaded tool" tool="esp32:esptool_py@5.0.0"
time="2025-08-14T12:59:54-07:00" level=info msg="Loaded tool" tool="esp32:mklittlefs@3.0.0-gnu12-dc7f933"
time="2025-08-14T12:59:54-07:00" level=info msg="Loaded tool" tool="esp32:mkspiffs@0.2.3"
time="2025-08-14T12:59:54-07:00" level=info msg="Loaded tool" tool="esp32:openocd-esp32@v0.12.0-esp32-20250422"
time="2025-08-14T12:59:54-07:00" level=info msg="Loaded tool" tool="esp32:riscv32-esp-elf-gdb@16.2_20250324"
time="2025-08-14T12:59:54-07:00" level=info msg="Loaded tool" tool="esp32:xtensa-esp-elf-gdb@16.2_20250324"
2025-08-14 12:59:54 2025-08-14T19:59:54.596Z daemon INFO time="2025-08-14T12:59:54-07:00" level=info msg="Adding libraries dir" dir=/home/aaron/.arduino15/packages/arduino/hardware/avr/1.8.6/libraries isSingleLibrary=false location=platform
time="2025-08-14T12:59:54-07:00" level=info msg="Adding libraries dir" dir=/home/aaron/.arduino15/packages/esp32/hardware/esp32/3.3.0/libraries isSingleLibrary=false location=platform
time="2025-08-14T12:59:54-07:00" level=info msg="Loading libraries index file" index=/home/aaron/.arduino15/library_index.json
2025-08-14 12:59:54 2025-08-14T19:59:54.760Z root INFO Deploy plugins list: 489.2 ms [Finished 1.169 s after backend start]
2025-08-14 12:59:54 2025-08-14T19:59:54.928Z daemon INFO time="2025-08-14T12:59:54-07:00" level=info msg="Adding libraries dir" dir=/home/aaron/.arduino15/libraries isSingleLibrary=false location=ide
time="2025-08-14T12:59:54-07:00" level=info msg="Adding libraries dir" dir=/home/aaron/Arduino/libraries isSingleLibrary=false location=user
2025-08-14 12:59:55 2025-08-14T19:59:55.001Z root INFO creating connection for 1
2025-08-14 12:59:55 2025-08-14T19:59:55.024Z discovery-log INFO start resolved watching
2025-08-14 12:59:55 2025-08-14T19:59:55.036Z discovery-log INFO {"eventType":"add","port":{"matchingBoardsList":[{"name":"ESP32 Family Device","fqbn":"esp32:esp32:esp32_family","isHidden":true}],"port":{"address":"/dev/ttyACM0","label":"/dev/ttyACM0","protocol":"serial","protocolLabel":"Serial Port (USB)","propertiesMap":[["pid","0x1001"],["serialNumber","94:A9:90:77:71:34"],["vid","0x303a"]],"hardwareId":"94:A9:90:77:71:34"}},"error":""}
2025-08-14 12:59:55 2025-08-14T19:59:55.036Z discovery-log INFO {"eventType":"add","port":{"matchingBoardsList":[],"port":{"address":"/dev/ttyS0","label":"/dev/ttyS0","protocol":"serial","protocolLabel":"Serial Port","propertiesMap":[],"hardwareId":""}},"error":""}
2025-08-14 12:59:55 2025-08-14T19:59:55.198Z root INFO creating connection for 2
2025-08-14 12:59:55 2025-08-14T19:59:55.936Z root ERROR Error: node-loader:
Error: libxkbfile.so.1: cannot open shared object file: No such file or directory
    at 95585 (/nix/store/2d5i1bzbqbnl4rgnhk8czrw5zmqqjdzv-arduino-ide-2.3.6-extracted/resources/app/lib/backend/main.js:2:6468723)
    at __webpack_require__ (/nix/store/2d5i1bzbqbnl4rgnhk8czrw5zmqqjdzv-arduino-ide-2.3.6-extracted/resources/app/lib/backend/main.js:2:7034640)
    at r._init (/nix/store/2d5i1bzbqbnl4rgnhk8czrw5zmqqjdzv-arduino-ide-2.3.6-extracted/resources/app/lib/backend/main.js:2:4537535)
    at r.getCurrentKeyboardLayout (/nix/store/2d5i1bzbqbnl4rgnhk8czrw5zmqqjdzv-arduino-ide-2.3.6-extracted/resources/app/lib/backend/main.js:2:4537734)
    at t.getCurrentKeyboardLayout (/nix/store/2d5i1bzbqbnl4rgnhk8czrw5zmqqjdzv-arduino-ide-2.3.6-extracted/resources/app/lib/backend/main.js:2:4538141)
    at s.getNativeLayoutSync (/nix/store/2d5i1bzbqbnl4rgnhk8czrw5zmqqjdzv-arduino-ide-2.3.6-extracted/resources/app/lib/backend/main.js:2:1830040)
    at s.getNativeLayout (/nix/store/2d5i1bzbqbnl4rgnhk8czrw5zmqqjdzv-arduino-ide-2.3.6-extracted/resources/app/lib/backend/main.js:2:1829981)
    at u.onRequest (/nix/store/2d5i1bzbqbnl4rgnhk8czrw5zmqqjdzv-arduino-ide-2.3.6-extracted/resources/app/lib/backend/main.js:2:4942964)
    at c.requestHandler (/nix/store/2d5i1bzbqbnl4rgnhk8czrw5zmqqjdzv-arduino-ide-2.3.6-extracted/resources/app/lib/backend/main.js:2:4942783)
    at c.handleRequest (/nix/store/2d5i1bzbqbnl4rgnhk8czrw5zmqqjdzv-arduino-ide-2.3.6-extracted/resources/app/lib/backend/main.js:2:524486)
2025-08-14 12:59:55 2025-08-14T19:59:55.936Z root ERROR TypeError: Cannot read properties of null (reading 'getKeyMap')
    at r.getKeyMap (/nix/store/2d5i1bzbqbnl4rgnhk8czrw5zmqqjdzv-arduino-ide-2.3.6-extracted/resources/app/lib/backend/main.js:2:4537620)
    at t.getKeyMap (/nix/store/2d5i1bzbqbnl4rgnhk8czrw5zmqqjdzv-arduino-ide-2.3.6-extracted/resources/app/lib/backend/main.js:2:4538201)
    at s.getNativeLayoutSync (/nix/store/2d5i1bzbqbnl4rgnhk8czrw5zmqqjdzv-arduino-ide-2.3.6-extracted/resources/app/lib/backend/main.js:2:1830077)
    at s.getNativeLayout (/nix/store/2d5i1bzbqbnl4rgnhk8czrw5zmqqjdzv-arduino-ide-2.3.6-extracted/resources/app/lib/backend/main.js:2:1829981)
    at u.onRequest (/nix/store/2d5i1bzbqbnl4rgnhk8czrw5zmqqjdzv-arduino-ide-2.3.6-extracted/resources/app/lib/backend/main.js:2:4942964)
    at c.requestHandler (/nix/store/2d5i1bzbqbnl4rgnhk8czrw5zmqqjdzv-arduino-ide-2.3.6-extracted/resources/app/lib/backend/main.js:2:4942783)
    at c.handleRequest (/nix/store/2d5i1bzbqbnl4rgnhk8czrw5zmqqjdzv-arduino-ide-2.3.6-extracted/resources/app/lib/backend/main.js:2:524486)
    at c.handleMessage (/nix/store/2d5i1bzbqbnl4rgnhk8czrw5zmqqjdzv-arduino-ide-2.3.6-extracted/resources/app/lib/backend/main.js:2:522388)
    at /nix/store/2d5i1bzbqbnl4rgnhk8czrw5zmqqjdzv-arduino-ide-2.3.6-extracted/resources/app/lib/backend/main.js:2:522022
    at /nix/store/2d5i1bzbqbnl4rgnhk8czrw5zmqqjdzv-arduino-ide-2.3.6-extracted/resources/app/lib/backend/main.js:2:6419737
2025-08-14 12:59:55 2025-08-14T19:59:55.937Z root WARN A command editor.action.toggleStickyScroll is already registered.
2025-08-14 12:59:55 2025-08-14T19:59:55.969Z sketches-service WARN Warning! The request sketch path was different than the response sketch path from the CLI. This could be a potential bug. Request: </home/aaron/projects/esp32_ble/master/master.ino>, response: </home/aaron/projects/esp32_ble/master>.
2025-08-14 12:59:56 Opening channel for service path '/services/electron-window'.
2025-08-14 12:59:56 Opening channel for service path '/services/ide-updater'.
2025-08-14 12:59:56 2025-08-14T19:59:56.080Z root INFO Start frontend contributions: 294.4 ms [Finished 1.754 s after frontend start]
2025-08-14 12:59:56 2025-08-14T19:59:56.080Z root INFO Changed application state from 'init' to 'started_contributions'.
2025-08-14 12:59:56 2025-08-14T19:59:56.080Z root INFO Changed application state from 'started_contributions' to 'attached_shell'.
2025-08-14 12:59:56 2025-08-14T19:59:56.080Z root INFO >>> Restoring the layout state...
2025-08-14 12:59:56 2025-08-14T19:59:56.151Z root INFO [d288d101-e319-4bca-93d1-9c8059970d9a] Waiting for backend deployment: 103.0 ms [Finished 1.851 s after frontend start]
2025-08-14 12:59:56 2025-08-14T19:59:56.340Z root WARN A command editor.action.toggleStickyScroll is already registered.
2025-08-14 12:59:56 2025-08-14T19:59:56.341Z root ERROR TypeError: Cannot read properties of null (reading 'getCurrentKeyboardLayout')
    at r.getCurrentKeyboardLayout (/nix/store/2d5i1bzbqbnl4rgnhk8czrw5zmqqjdzv-arduino-ide-2.3.6-extracted/resources/app/lib/backend/main.js:2:4537759)
    at t.getCurrentKeyboardLayout (/nix/store/2d5i1bzbqbnl4rgnhk8czrw5zmqqjdzv-arduino-ide-2.3.6-extracted/resources/app/lib/backend/main.js:2:4538141)
    at s.getNativeLayoutSync (/nix/store/2d5i1bzbqbnl4rgnhk8czrw5zmqqjdzv-arduino-ide-2.3.6-extracted/resources/app/lib/backend/main.js:2:1830040)
    at s.getNativeLayout (/nix/store/2d5i1bzbqbnl4rgnhk8czrw5zmqqjdzv-arduino-ide-2.3.6-extracted/resources/app/lib/backend/main.js:2:1829981)
    at u.onRequest (/nix/store/2d5i1bzbqbnl4rgnhk8czrw5zmqqjdzv-arduino-ide-2.3.6-extracted/resources/app/lib/backend/main.js:2:4942964)
    at c.requestHandler (/nix/store/2d5i1bzbqbnl4rgnhk8czrw5zmqqjdzv-arduino-ide-2.3.6-extracted/resources/app/lib/backend/main.js:2:4942783)
    at c.handleRequest (/nix/store/2d5i1bzbqbnl4rgnhk8czrw5zmqqjdzv-arduino-ide-2.3.6-extracted/resources/app/lib/backend/main.js:2:524486)
    at c.handleMessage (/nix/store/2d5i1bzbqbnl4rgnhk8czrw5zmqqjdzv-arduino-ide-2.3.6-extracted/resources/app/lib/backend/main.js:2:522388)
    at /nix/store/2d5i1bzbqbnl4rgnhk8czrw5zmqqjdzv-arduino-ide-2.3.6-extracted/resources/app/lib/backend/main.js:2:522022
    at /nix/store/2d5i1bzbqbnl4rgnhk8czrw5zmqqjdzv-arduino-ide-2.3.6-extracted/resources/app/lib/backend/main.js:2:6419737
2025-08-14 12:59:56 2025-08-14T19:59:56.341Z root ERROR TypeError: Cannot read properties of null (reading 'getKeyMap')
    at r.getKeyMap (/nix/store/2d5i1bzbqbnl4rgnhk8czrw5zmqqjdzv-arduino-ide-2.3.6-extracted/resources/app/lib/backend/main.js:2:4537620)
    at t.getKeyMap (/nix/store/2d5i1bzbqbnl4rgnhk8czrw5zmqqjdzv-arduino-ide-2.3.6-extracted/resources/app/lib/backend/main.js:2:4538201)
    at s.getNativeLayoutSync (/nix/store/2d5i1bzbqbnl4rgnhk8czrw5zmqqjdzv-arduino-ide-2.3.6-extracted/resources/app/lib/backend/main.js:2:1830077)
    at s.getNativeLayout (/nix/store/2d5i1bzbqbnl4rgnhk8czrw5zmqqjdzv-arduino-ide-2.3.6-extracted/resources/app/lib/backend/main.js:2:1829981)
    at u.onRequest (/nix/store/2d5i1bzbqbnl4rgnhk8czrw5zmqqjdzv-arduino-ide-2.3.6-extracted/resources/app/lib/backend/main.js:2:4942964)
    at c.requestHandler (/nix/store/2d5i1bzbqbnl4rgnhk8czrw5zmqqjdzv-arduino-ide-2.3.6-extracted/resources/app/lib/backend/main.js:2:4942783)
    at c.handleRequest (/nix/store/2d5i1bzbqbnl4rgnhk8czrw5zmqqjdzv-arduino-ide-2.3.6-extracted/resources/app/lib/backend/main.js:2:524486)
    at c.handleMessage (/nix/store/2d5i1bzbqbnl4rgnhk8czrw5zmqqjdzv-arduino-ide-2.3.6-extracted/resources/app/lib/backend/main.js:2:522388)
    at /nix/store/2d5i1bzbqbnl4rgnhk8czrw5zmqqjdzv-arduino-ide-2.3.6-extracted/resources/app/lib/backend/main.js:2:522022
    at /nix/store/2d5i1bzbqbnl4rgnhk8czrw5zmqqjdzv-arduino-ide-2.3.6-extracted/resources/app/lib/backend/main.js:2:6419737
2025-08-14 12:59:56 2025-08-14T19:59:56.345Z sketches-service WARN Warning! The request sketch path was different than the response sketch path from the CLI. This could be a potential bug. Request: </home/aaron/projects/esp32_ble/slave/slave.ino>, response: </home/aaron/projects/esp32_ble/slave>.
2025-08-14 12:59:56 Opening channel for service path '/services/electron-window'.
2025-08-14 12:59:56 Opening channel for service path '/services/ide-updater'.
2025-08-14 12:59:56 2025-08-14T19:59:56.778Z root INFO [hosted-plugin: 11409] PLUGIN_HOST(11409) starting instance
[Object: null prototype] {}
2025-08-14 12:59:56 2025-08-14T19:59:56.781Z root WARN Frontend keybindings.onStart took longer than the expected maximum 100 milliseconds: 211.8 ms [Finished 2.058 s after frontend start]
2025-08-14 12:59:56 2025-08-14T19:59:56.781Z root INFO Start frontend contributions: 488.6 ms [Finished 2.141 s after frontend start]
2025-08-14 12:59:56 2025-08-14T19:59:56.781Z root INFO Changed application state from 'init' to 'started_contributions'.
2025-08-14 12:59:56 2025-08-14T19:59:56.781Z root INFO Changed application state from 'started_contributions' to 'attached_shell'.
2025-08-14 12:59:56 2025-08-14T19:59:56.781Z root INFO >>> Restoring the layout state...
2025-08-14 12:59:56 2025-08-14T19:59:56.820Z root INFO [844c3c2a-b2c5-4111-a56a-830f10bd3d48] Waiting for backend deployment: 343.1 ms [Finished 2.478 s after frontend start]
2025-08-14 12:59:57 2025-08-14T19:59:57.410Z root INFO [hosted-plugin: 11452] PLUGIN_HOST(11452) starting instance
[Object: null prototype] {}
2025-08-14 12:59:57 2025-08-14T19:59:57.602Z root INFO [d288d101-e319-4bca-93d1-9c8059970d9a] Sync of 23 plugins: 1455.0 ms [Finished 3.306 s after frontend start]
2025-08-14 12:59:57 2025-08-14T19:59:57.629Z root INFO ------- SERIALIZED LAYOUT DATA -------
2025-08-14 12:59:57 2025-08-14T19:59:57.629Z root INFO {"version":5,"mainPanel":{"main":{"type":"tab-area","widgets":[{"constructionOptions":{"factoryId":"code-editor-opener","options":{"counter":0,"kind":"navigatable","uri":"file:///home/aaron/projects/esp32_ble/master/master.ino"}},"innerWidgetState":"{\"cursorState\":[{\"inSelectionMode\":false,\"selectionStart\":{\"lineNumber\":21,\"column\":1},\"position\":{\"lineNumber\":21,\"column\":1}}],\"viewState\":{\"scrollLeft\":0,\"firstPosition\":{\"lineNumber\":232,\"column\":1},\"firstPositionDeltaTop\":-17},\"contributionsState\":{\"editor.contrib.folding\":{\"lineCount\":286,\"provider\":\"indent\",\"foldedImports\":false},\"editor.contrib.wordHighlighter\":false}}"},{"constructionOptions":{"factoryId":"code-editor-opener","options":{"counter":1,"kind":"navigatable","uri":"file:///home/aaron/projects/esp32_ble/master/sd_read_write.h"}},"innerWidgetState":"{\"cursorState\":[{\"inSelectionMode\":false,\"selectionStart\":{\"lineNumber\":1,\"column\":1},\"position\":{\"lineNumber\":1,\"column\":1}}],\"viewState\":{\"scrollLeft\":0,\"firstPosition\":{\"lineNumber\":1,\"column\":1},\"firstPositionDeltaTop\":0},\"contributionsState\":{\"editor.contrib.folding\":{\"lineCount\":18,\"provider\":\"indent\",\"foldedImports\":false},\"editor.contrib.wordHighlighter\":false}}"},{"constructionOptions":{"factoryId":"code-editor-opener","options":{"counter":1,"kind":"navigatable","uri":"file:///home/aaron/projects/esp32_ble/master/sd_read_write.cpp"}},"innerWidgetState":"{\"cursorState\":[{\"inSelectionMode\":false,\"selectionStart\":{\"lineNumber\":1,\"column\":1},\"position\":{\"lineNumber\":1,\"column\":1}}],\"viewState\":{\"scrollLeft\":0,\"firstPosition\":{\"lineNumber\":1,\"column\":1},\"firstPositionDeltaTop\":0},\"contributionsState\":{\"editor.contrib.folding\":{\"lineCount\":154,\"provider\":\"indent\",\"foldedImports\":false},\"editor.contrib.wordHighlighter\":false}}"}],"currentIndex":0}},"mainPanelPinned":[false,false,false],"bottomPanel":{"config":{"main":{"type":"tab-area","widgets":[{"constructionOptions":{"factoryId":"outputView"},"innerWidgetState":"{\"locked\":false}"},{"constructionOptions":{"factoryId":"serial-monitor"}}],"currentIndex":1}},"pinned":[false,false],"size":290,"expanded":true},"leftPanel":{"type":"sidepanel","items":[{"widget":{"constructionOptions":{"factoryId":"arduino-sketchbook-widget"}},"rank":1,"expanded":false,"pinned":false},{"widget":{"constructionOptions":{"factoryId":"boards-list-widget"}},"rank":2,"expanded":false,"pinned":false},{"widget":{"constructionOptions":{"factoryId":"library-list-widget"}},"rank":3,"expanded":false,"pinned":false},{"widget":{"constructionOptions":{"factoryId":"debug"},"innerWidgetState":"{\"parts\":[{\"partId\":\"debug:threads:-1\",\"collapsed\":false,\"hidden\":false,\"relativeSize\":1.384,\"originalContainerId\":\"debug:view-container:-1\",\"originalContainerTitle\":{\"label\":\"debug\",\"iconClass\":\"codicon codicon-debug-alt\",\"closeable\":true},\"widget\":{\"constructionOptions\":{\"factoryId\":\"debug:threads\"},\"innerWidgetState\":\"{}\"}},{\"partId\":\"debug:frames:-1\",\"collapsed\":false,\"hidden\":false,\"relativeSize\":1.384,\"originalContainerId\":\"debug:view-container:-1\",\"originalContainerTitle\":{\"label\":\"debug\",\"iconClass\":\"codicon codicon-debug-alt\",\"closeable\":true},\"widget\":{\"constructionOptions\":{\"factoryId\":\"debug:frames\"},\"innerWidgetState\":\"{}\"}},{\"partId\":\"debug:variables:-1\",\"collapsed\":false,\"hidden\":false,\"relativeSize\":1.384,\"originalContainerId\":\"debug:view-container:-1\",\"originalContainerTitle\":{\"label\":\"debug\",\"iconClass\":\"codicon codicon-debug-alt\",\"closeable\":true},\"widget\":{\"constructionOptions\":{\"factoryId\":\"debug:variables\"},\"innerWidgetState\":\"{}\"}},{\"partId\":\"debug:watch:-1\",\"collapsed\":false,\"hidden\":false,\"relativeSize\":1.384,\"originalContainerId\":\"debug:view-container:-1\",\"originalContainerTitle\":{\"label\":\"debug\",\"iconClass\":\"codicon codicon-debug-alt\",\"closeable\":true},\"widget\":{\"constructionOptions\":{\"factoryId\":\"debug:watch\"},\"innerWidgetState\":\"{}\"}},{\"partId\":\"debug:breakpoints:-1\",\"collapsed\":false,\"hidden\":false,\"relativeSize\":1.384,\"originalContainerId\":\"debug:view-container:-1\",\"originalContainerTitle\":{\"label\":\"debug\",\"iconClass\":\"codicon codicon-debug-alt\",\"closeable\":true},\"widget\":{\"constructionOptions\":{\"factoryId\":\"debug:breakpoints\"},\"innerWidgetState\":\"{}\"}},{\"partId\":\"plugin-view:cortex-debug.peripherals\",\"collapsed\":true,\"hidden\":true,\"originalContainerId\":\"debug:view-container:-1\",\"originalContainerTitle\":{\"label\":\"debug\",\"iconClass\":\"codicon codicon-debug-alt\",\"closeable\":true},\"widget\":{\"constructionOptions\":{\"factoryId\":\"plugin-view\",\"options\":{\"id\":\"plugin-view:cortex-debug.peripherals\",\"viewId\":\"cortex-debug.peripherals\"}},\"innerWidgetState\":\"{\\\"label\\\":\\\"Cortex Peripherals\\\",\\\"widgets\\\":[],\\\"suppressUpdateViewVisibility\\\":false,\\\"currentViewContainerId\\\":\\\"debug\\\"}\"}},{\"partId\":\"plugin-view:cortex-debug.registers\",\"collapsed\":true,\"hidden\":true,\"originalContainerId\":\"debug:view-container:-1\",\"originalContainerTitle\":{\"label\":\"debug\",\"iconClass\":\"codicon codicon-debug-alt\",\"closeable\":true},\"widget\":{\"constructionOptions\":{\"factoryId\":\"plugin-view\",\"options\":{\"id\":\"plugin-view:cortex-debug.registers\",\"viewId\":\"cortex-debug.registers\"}},\"innerWidgetState\":\"{\\\"label\\\":\\\"Cortex Registers\\\",\\\"widgets\\\":[],\\\"suppressUpdateViewVisibility\\\":false,\\\"currentViewContainerId\\\":\\\"debug\\\"}\"}}],\"title\":{\"label\":\"debug\",\"iconClass\":\"codicon codicon-debug-alt\",\"closeable\":true}}"},"rank":4,"expanded":false,"pinned":false},{"widget":{"constructionOptions":{"factoryId":"search-view-container"},"innerWidgetState":"{\"parts\":[{\"partId\":\"search-in-workspace\",\"collapsed\":false,\"hidden\":false,\"originalContainerId\":\"search-view-container\",\"originalContainerTitle\":{\"label\":\"Search\",\"iconClass\":\"codicon codicon-search\",\"closeable\":true},\"widget\":{\"constructionOptions\":{\"factoryId\":\"search-in-workspace\"},\"innerWidgetState\":\"{\\\"matchCaseState\\\":{\\\"className\\\":\\\"codicon codicon-case-sensitive\\\",\\\"enabled\\\":false,\\\"title\\\":\\\"Match Case\\\"},\\\"wholeWordState\\\":{\\\"className\\\":\\\"codicon codicon-whole-word\\\",\\\"enabled\\\":false,\\\"title\\\":\\\"Match Whole Word\\\"},\\\"regExpState\\\":{\\\"className\\\":\\\"codicon codicon-regex\\\",\\\"enabled\\\":false,\\\"title\\\":\\\"Use Regular Expression\\\"},\\\"includeIgnoredState\\\":{\\\"className\\\":\\\"codicon codicon-eye\\\",\\\"enabled\\\":false,\\\"title\\\":\\\"Include Ignored Files\\\"},\\\"showSearchDetails\\\":false,\\\"searchInWorkspaceOptions\\\":{\\\"matchCase\\\":false,\\\"matchWholeWord\\\":false,\\\"useRegExp\\\":false,\\\"multiline\\\":false,\\\"includeIgnored\\\":false,\\\"include\\\":[],\\\"exclude\\\":[],\\\"maxResults\\\":2000},\\\"searchTerm\\\":\\\"\\\",\\\"replaceTerm\\\":\\\"\\\",\\\"showReplaceField\\\":false,\\\"searchHistoryState\\\":{\\\"history\\\":[],\\\"index\\\":0},\\\"replaceHistoryState\\\":{\\\"history\\\":[],\\\"index\\\":0},\\\"includeHistoryState\\\":{\\\"history\\\":[],\\\"index\\\":0},\\\"excludeHistoryState\\\":{\\\"history\\\":[],\\\"index\\\":0}}\"}}],\"title\":{\"label\":\"Search\",\"iconClass\":\"fa fa-arduino-search\",\"closeable\":true}}"},"rank":5,"expanded":false,"pinned":false}],"size":268},"rightPanel":{"type":"sidepanel","items":[]},"activeWidgetId":"serial-monitor"}
2025-08-14 12:59:57 2025-08-14T19:59:57.629Z root INFO ------- END SERIALIZED LAYOUT DATA -------
2025-08-14 12:59:58 2025-08-14T19:59:58.088Z root INFO <<< The layout has been successfully restored.
2025-08-14 12:59:58 2025-08-14T19:59:58.172Z root INFO [844c3c2a-b2c5-4111-a56a-830f10bd3d48] Sync of 23 plugins: 1352.7 ms [Finished 3.831 s after frontend start]
2025-08-14 12:59:58 2025-08-14T19:59:58.200Z root INFO ------- SERIALIZED LAYOUT DATA -------
2025-08-14 12:59:58 2025-08-14T19:59:58.201Z root INFO {"version":5,"mainPanel":{"main":{"type":"tab-area","widgets":[{"constructionOptions":{"factoryId":"code-editor-opener","options":{"counter":0,"kind":"navigatable","uri":"file:///home/aaron/projects/esp32_ble/slave/slave.ino"}},"innerWidgetState":"{\"cursorState\":[{\"inSelectionMode\":false,\"selectionStart\":{\"lineNumber\":42,\"column\":9},\"position\":{\"lineNumber\":42,\"column\":9}}],\"viewState\":{\"scrollLeft\":0,\"firstPosition\":{\"lineNumber\":1,\"column\":1},\"firstPositionDeltaTop\":0},\"contributionsState\":{\"editor.contrib.folding\":{\"lineCount\":295,\"provider\":\"indent\",\"foldedImports\":false},\"editor.contrib.wordHighlighter\":false}}"}],"currentIndex":0}},"mainPanelPinned":[false],"bottomPanel":{"config":{"main":{"type":"tab-area","widgets":[{"constructionOptions":{"factoryId":"outputView"},"innerWidgetState":"{\"locked\":false}"},{"constructionOptions":{"factoryId":"serial-monitor"}}],"currentIndex":0}},"pinned":[false,false],"size":191,"expanded":true},"leftPanel":{"type":"sidepanel","items":[{"widget":{"constructionOptions":{"factoryId":"arduino-sketchbook-widget"}},"rank":1,"expanded":false,"pinned":false},{"widget":{"constructionOptions":{"factoryId":"boards-list-widget"}},"rank":2,"expanded":false,"pinned":false},{"widget":{"constructionOptions":{"factoryId":"library-list-widget"}},"rank":3,"expanded":false,"pinned":false},{"widget":{"constructionOptions":{"factoryId":"debug"},"innerWidgetState":"{\"parts\":[{\"partId\":\"debug:threads:-1\",\"collapsed\":false,\"hidden\":false,\"relativeSize\":1.384,\"originalContainerId\":\"debug:view-container:-1\",\"originalContainerTitle\":{\"label\":\"debug\",\"iconClass\":\"codicon codicon-debug-alt\",\"closeable\":true},\"widget\":{\"constructionOptions\":{\"factoryId\":\"debug:threads\"},\"innerWidgetState\":\"{}\"}},{\"partId\":\"debug:frames:-1\",\"collapsed\":false,\"hidden\":false,\"relativeSize\":1.384,\"originalContainerId\":\"debug:view-container:-1\",\"originalContainerTitle\":{\"label\":\"debug\",\"iconClass\":\"codicon codicon-debug-alt\",\"closeable\":true},\"widget\":{\"constructionOptions\":{\"factoryId\":\"debug:frames\"},\"innerWidgetState\":\"{}\"}},{\"partId\":\"debug:variables:-1\",\"collapsed\":false,\"hidden\":false,\"relativeSize\":1.384,\"originalContainerId\":\"debug:view-container:-1\",\"originalContainerTitle\":{\"label\":\"debug\",\"iconClass\":\"codicon codicon-debug-alt\",\"closeable\":true},\"widget\":{\"constructionOptions\":{\"factoryId\":\"debug:variables\"},\"innerWidgetState\":\"{}\"}},{\"partId\":\"debug:watch:-1\",\"collapsed\":false,\"hidden\":false,\"relativeSize\":1.384,\"originalContainerId\":\"debug:view-container:-1\",\"originalContainerTitle\":{\"label\":\"debug\",\"iconClass\":\"codicon codicon-debug-alt\",\"closeable\":true},\"widget\":{\"constructionOptions\":{\"factoryId\":\"debug:watch\"},\"innerWidgetState\":\"{}\"}},{\"partId\":\"debug:breakpoints:-1\",\"collapsed\":false,\"hidden\":false,\"relativeSize\":1.384,\"originalContainerId\":\"debug:view-container:-1\",\"originalContainerTitle\":{\"label\":\"debug\",\"iconClass\":\"codicon codicon-debug-alt\",\"closeable\":true},\"widget\":{\"constructionOptions\":{\"factoryId\":\"debug:breakpoints\"},\"innerWidgetState\":\"{}\"}},{\"partId\":\"plugin-view:cortex-debug.peripherals\",\"collapsed\":true,\"hidden\":true,\"originalContainerId\":\"debug:view-container:-1\",\"originalContainerTitle\":{\"label\":\"debug\",\"iconClass\":\"codicon codicon-debug-alt\",\"closeable\":true},\"widget\":{\"constructionOptions\":{\"factoryId\":\"plugin-view\",\"options\":{\"id\":\"plugin-view:cortex-debug.peripherals\",\"viewId\":\"cortex-debug.peripherals\"}},\"innerWidgetState\":\"{\\\"label\\\":\\\"Cortex Peripherals\\\",\\\"widgets\\\":[],\\\"suppressUpdateViewVisibility\\\":false,\\\"currentViewContainerId\\\":\\\"debug\\\"}\"}},{\"partId\":\"plugin-view:cortex-debug.registers\",\"collapsed\":true,\"hidden\":true,\"originalContainerId\":\"debug:view-container:-1\",\"originalContainerTitle\":{\"label\":\"debug\",\"iconClass\":\"codicon codicon-debug-alt\",\"closeable\":true},\"widget\":{\"constructionOptions\":{\"factoryId\":\"plugin-view\",\"options\":{\"id\":\"plugin-view:cortex-debug.registers\",\"viewId\":\"cortex-debug.registers\"}},\"innerWidgetState\":\"{\\\"label\\\":\\\"Cortex Registers\\\",\\\"widgets\\\":[],\\\"suppressUpdateViewVisibility\\\":false,\\\"currentViewContainerId\\\":\\\"debug\\\"}\"}}],\"title\":{\"label\":\"debug\",\"iconClass\":\"codicon codicon-debug-alt\",\"closeable\":true}}"},"rank":4,"expanded":false,"pinned":false},{"widget":{"constructionOptions":{"factoryId":"search-view-container"},"innerWidgetState":"{\"parts\":[{\"partId\":\"search-in-workspace\",\"collapsed\":false,\"hidden\":false,\"originalContainerId\":\"search-view-container\",\"originalContainerTitle\":{\"label\":\"Search\",\"iconClass\":\"codicon codicon-search\",\"closeable\":true},\"widget\":{\"constructionOptions\":{\"factoryId\":\"search-in-workspace\"},\"innerWidgetState\":\"{\\\"matchCaseState\\\":{\\\"className\\\":\\\"codicon codicon-case-sensitive\\\",\\\"enabled\\\":false,\\\"title\\\":\\\"Match Case\\\"},\\\"wholeWordState\\\":{\\\"className\\\":\\\"codicon codicon-whole-word\\\",\\\"enabled\\\":false,\\\"title\\\":\\\"Match Whole Word\\\"},\\\"regExpState\\\":{\\\"className\\\":\\\"codicon codicon-regex\\\",\\\"enabled\\\":false,\\\"title\\\":\\\"Use Regular Expression\\\"},\\\"includeIgnoredState\\\":{\\\"className\\\":\\\"codicon codicon-eye\\\",\\\"enabled\\\":false,\\\"title\\\":\\\"Include Ignored Files\\\"},\\\"showSearchDetails\\\":false,\\\"searchInWorkspaceOptions\\\":{\\\"matchCase\\\":false,\\\"matchWholeWord\\\":false,\\\"useRegExp\\\":false,\\\"multiline\\\":false,\\\"includeIgnored\\\":false,\\\"include\\\":[],\\\"exclude\\\":[],\\\"maxResults\\\":2000},\\\"searchTerm\\\":\\\"\\\",\\\"replaceTerm\\\":\\\"\\\",\\\"showReplaceField\\\":false,\\\"searchHistoryState\\\":{\\\"history\\\":[],\\\"index\\\":0},\\\"replaceHistoryState\\\":{\\\"history\\\":[],\\\"index\\\":0},\\\"includeHistoryState\\\":{\\\"history\\\":[],\\\"index\\\":0},\\\"excludeHistoryState\\\":{\\\"history\\\":[],\\\"index\\\":0}}\"}}],\"title\":{\"label\":\"Search\",\"iconClass\":\"fa fa-arduino-search\",\"closeable\":true}}"},"rank":5,"expanded":false,"pinned":false}],"size":268},"rightPanel":{"type":"sidepanel","items":[]}}
2025-08-14 12:59:58 2025-08-14T19:59:58.201Z root INFO ------- END SERIALIZED LAYOUT DATA -------
2025-08-14 12:59:58 2025-08-14T19:59:58.216Z root INFO Initialize the workbench layout: 2013.7 ms [Finished 3.791 s after frontend start]
2025-08-14 12:59:58 2025-08-14T19:59:58.216Z root INFO Changed application state from 'attached_shell' to 'initialized_layout'.
2025-08-14 12:59:58 2025-08-14T19:59:58.218Z root INFO [d288d101-e319-4bca-93d1-9c8059970d9a] Loading plugin contributions
2025-08-14 12:59:58 2025-08-14T19:59:58.218Z root INFO [d288d101-e319-4bca-93d1-9c8059970d9a] Load contributions of 23 plugins: 125.2 ms [Finished 3.918 s after frontend start]
2025-08-14 12:59:58 2025-08-14T19:59:58.264Z root WARN 'cpp' language is remapped from 'source.cpp.embedded.macro' to 'source.cpp' scope
2025-08-14 12:59:58 2025-08-14T19:59:58.264Z root WARN a registered grammar configuration for 'cpp' language is overridden
2025-08-14 12:59:58 2025-08-14T19:59:58.505Z root INFO <<< The layout has been successfully restored.
2025-08-14 12:59:58 2025-08-14T19:59:58.515Z root ERROR [hosted-plugin: 11409] Conflict in settings file Default: Ignoring cortex-debug.armToolchainPath.linux as cortex-debug.armToolchainPath is null
2025-08-14 12:59:58 2025-08-14T19:59:58.515Z root ERROR [hosted-plugin: 11409] Conflict in settings file Default: Ignoring cortex-debug.armToolchainPath.osx as cortex-debug.armToolchainPath is null
Conflict in settings file Default: Ignoring cortex-debug.armToolchainPath.windows as cortex-debug.armToolchainPath is null
Conflict in settings file Default: Ignoring cortex-debug.JLinkGDBServerPath.linux as cortex-debug.JLinkGDBServerPath is null
2025-08-14 12:59:58 2025-08-14T19:59:58.515Z root ERROR [hosted-plugin: 11409] Conflict in settings file Default: Ignoring cortex-debug.JLinkGDBServerPath.osx as cortex-debug.JLinkGDBServerPath is null
Conflict in settings file Default: Ignoring cortex-debug.JLinkGDBServerPath.windows as cortex-debug.JLinkGDBServerPath is null
2025-08-14 12:59:58 2025-08-14T19:59:58.515Z root ERROR [hosted-plugin: 11409] Conflict in settings file Default: Ignoring cortex-debug.openocdPath.linux as cortex-debug.openocdPath is null
2025-08-14 12:59:58 2025-08-14T19:59:58.515Z root ERROR [hosted-plugin: 11409] Conflict in settings file Default: Ignoring cortex-debug.openocdPath.osx as cortex-debug.openocdPath is null
2025-08-14 12:59:58 2025-08-14T19:59:58.515Z root ERROR [hosted-plugin: 11409] Conflict in settings file Default: Ignoring cortex-debug.openocdPath.windows as cortex-debug.openocdPath is null
2025-08-14 12:59:58 2025-08-14T19:59:58.516Z root ERROR [hosted-plugin: 11409] Conflict in settings file Default: Ignoring cortex-debug.pyocdPath.linux as cortex-debug.pyocdPath is null
Conflict in settings file Default: Ignoring cortex-debug.pyocdPath.osx as cortex-debug.pyocdPath is null
2025-08-14 12:59:58 2025-08-14T19:59:58.516Z root ERROR [hosted-plugin: 11409] Conflict in settings file Default: Ignoring cortex-debug.pyocdPath.windows as cortex-debug.pyocdPath is null
Conflict in settings file Default: Ignoring cortex-debug.PEGDBServerPath.linux as cortex-debug.PEGDBServerPath is null
2025-08-14 12:59:58 2025-08-14T19:59:58.516Z root ERROR [hosted-plugin: 11409] Conflict in settings file Default: Ignoring cortex-debug.PEGDBServerPath.osx as cortex-debug.PEGDBServerPath is null
Conflict in settings file Default: Ignoring cortex-debug.PEGDBServerPath.windows as cortex-debug.PEGDBServerPath is null
Conflict in settings file Default: Ignoring cortex-debug.stutilPath.linux as cortex-debug.stutilPath is null
2025-08-14 12:59:58 2025-08-14T19:59:58.516Z root ERROR [hosted-plugin: 11409] Conflict in settings file Default: Ignoring cortex-debug.stutilPath.osx as cortex-debug.stutilPath is null
Conflict in settings file Default: Ignoring cortex-debug.stutilPath.windows as cortex-debug.stutilPath is null
Conflict in settings file Default: Ignoring cortex-debug.stlinkPath.linux as cortex-debug.stlinkPath is null
Conflict in settings file Default: Ignoring cortex-debug.stlinkPath.osx as cortex-debug.stlinkPath is null
Conflict in settings file Default: Ignoring cortex-debug.stlinkPath.windows as cortex-debug.stlinkPath is null
2025-08-14 12:59:58 2025-08-14T19:59:58.516Z root ERROR [hosted-plugin: 11409] Conflict in settings file Default: Ignoring cortex-debug.stm32cubeprogrammer.linux as cortex-debug.stm32cubeprogrammer is null
Conflict in settings file Default: Ignoring cortex-debug.stm32cubeprogrammer.osx as cortex-debug.stm32cubeprogrammer is null
Conflict in settings file Default: Ignoring cortex-debug.stm32cubeprogrammer.windows as cortex-debug.stm32cubeprogrammer is null
2025-08-14 12:59:58 2025-08-14T19:59:58.538Z root INFO [hosted-plugin: 11409] PLUGIN_HOST(11409): PluginManagerExtImpl/init()
2025-08-14 12:59:58 2025-08-14T19:59:58.542Z root INFO [hosted-plugin: 11409] PLUGIN_HOST(11409): initializing(vscode-arduino-api@0.1.2 with /nix/store/2d5i1bzbqbnl4rgnhk8czrw5zmqqjdzv-arduino-ide-2.3.6-extracted/resources/app/lib/backend/plugin-vscode-init)
2025-08-14 12:59:58 2025-08-14T19:59:58.590Z root INFO Initialize the workbench layout: 1999.1 ms [Finished 4.165 s after frontend start]
2025-08-14 12:59:58 2025-08-14T19:59:58.591Z root INFO Changed application state from 'attached_shell' to 'initialized_layout'.
2025-08-14 12:59:58 2025-08-14T19:59:58.592Z root INFO [844c3c2a-b2c5-4111-a56a-830f10bd3d48] Loading plugin contributions
2025-08-14 12:59:58 2025-08-14T19:59:58.593Z root INFO [844c3c2a-b2c5-4111-a56a-830f10bd3d48] Load contributions of 23 plugins: 81.2 ms [Finished 4.248 s after frontend start]
2025-08-14 12:59:58 2025-08-14T19:59:58.635Z root INFO [hosted-plugin: 11409] PLUGIN_HOST(11409): initializing(json-language-features@1.88.1 with /nix/store/2d5i1bzbqbnl4rgnhk8czrw5zmqqjdzv-arduino-ide-2.3.6-extracted/resources/app/lib/backend/plugin-vscode-init)
2025-08-14 12:59:58 2025-08-14T19:59:58.640Z root INFO [hosted-plugin: 11409] PLUGIN_HOST(11409): initializing(cortex-debug@1.5.1 with /nix/store/2d5i1bzbqbnl4rgnhk8czrw5zmqqjdzv-arduino-ide-2.3.6-extracted/resources/app/lib/backend/plugin-vscode-init)
2025-08-14 12:59:58 2025-08-14T19:59:58.640Z root INFO [hosted-plugin: 11409] Debugger contribution has been registered: cortex-debug
2025-08-14 12:59:58 2025-08-14T19:59:58.642Z root INFO [hosted-plugin: 11409] PLUGIN_HOST(11409): initializing(vscode-arduino-tools@0.1.3 with /nix/store/2d5i1bzbqbnl4rgnhk8czrw5zmqqjdzv-arduino-ide-2.3.6-extracted/resources/app/lib/backend/plugin-vscode-init)
2025-08-14 12:59:58 2025-08-14T19:59:58.643Z root WARN 'cpp' language is remapped from 'source.cpp.embedded.macro' to 'source.cpp' scope
2025-08-14 12:59:58 2025-08-14T19:59:58.643Z root WARN a registered grammar configuration for 'cpp' language is overridden
2025-08-14 12:59:58 2025-08-14T19:59:58.644Z root INFO [hosted-plugin: 11409] PLUGIN_HOST(11409): initializing(cpp@1.88.1 with /nix/store/2d5i1bzbqbnl4rgnhk8czrw5zmqqjdzv-arduino-ide-2.3.6-extracted/resources/app/lib/backend/plugin-vscode-init)
2025-08-14 12:59:58 2025-08-14T19:59:58.645Z root INFO [hosted-plugin: 11409] PLUGIN_HOST(11409): initializing(json@1.88.1 with /nix/store/2d5i1bzbqbnl4rgnhk8czrw5zmqqjdzv-arduino-ide-2.3.6-extracted/resources/app/lib/backend/plugin-vscode-init)
2025-08-14 12:59:58 2025-08-14T19:59:58.651Z root INFO [hosted-plugin: 11409] PLUGIN_HOST(11409): initializing(vscode-language-pack-bg@1.48.3 with /nix/store/2d5i1bzbqbnl4rgnhk8czrw5zmqqjdzv-arduino-ide-2.3.6-extracted/resources/app/lib/backend/plugin-vscode-init)
2025-08-14 12:59:58 2025-08-14T19:59:58.652Z root INFO [hosted-plugin: 11409] PLUGIN_HOST(11409): initializing(vscode-language-pack-cs@1.96.0 with /nix/store/2d5i1bzbqbnl4rgnhk8czrw5zmqqjdzv-arduino-ide-2.3.6-extracted/resources/app/lib/backend/plugin-vscode-init)
2025-08-14 12:59:58 2025-08-14T19:59:58.652Z root INFO [hosted-plugin: 11409] PLUGIN_HOST(11409): initializing(vscode-language-pack-de@1.96.0 with /nix/store/2d5i1bzbqbnl4rgnhk8czrw5zmqqjdzv-arduino-ide-2.3.6-extracted/resources/app/lib/backend/plugin-vscode-init)
2025-08-14 12:59:58 2025-08-14T19:59:58.653Z root INFO [hosted-plugin: 11409] PLUGIN_HOST(11409): initializing(vscode-language-pack-es@1.96.0 with /nix/store/2d5i1bzbqbnl4rgnhk8czrw5zmqqjdzv-arduino-ide-2.3.6-extracted/resources/app/lib/backend/plugin-vscode-init)
2025-08-14 12:59:58 2025-08-14T19:59:58.654Z root INFO [hosted-plugin: 11409] PLUGIN_HOST(11409): initializing(vscode-language-pack-fr@1.96.0 with /nix/store/2d5i1bzbqbnl4rgnhk8czrw5zmqqjdzv-arduino-ide-2.3.6-extracted/resources/app/lib/backend/plugin-vscode-init)
2025-08-14 12:59:58 2025-08-14T19:59:58.655Z root INFO [hosted-plugin: 11409] PLUGIN_HOST(11409): initializing(vscode-language-pack-hu@1.48.3 with /nix/store/2d5i1bzbqbnl4rgnhk8czrw5zmqqjdzv-arduino-ide-2.3.6-extracted/resources/app/lib/backend/plugin-vscode-init)
2025-08-14 12:59:58 2025-08-14T19:59:58.656Z root INFO [hosted-plugin: 11409] PLUGIN_HOST(11409): initializing(vscode-language-pack-it@1.96.0 with /nix/store/2d5i1bzbqbnl4rgnhk8czrw5zmqqjdzv-arduino-ide-2.3.6-extracted/resources/app/lib/backend/plugin-vscode-init)
2025-08-14 12:59:58 2025-08-14T19:59:58.656Z root INFO [hosted-plugin: 11409] PLUGIN_HOST(11409): initializing(vscode-language-pack-ja@1.96.0 with /nix/store/2d5i1bzbqbnl4rgnhk8czrw5zmqqjdzv-arduino-ide-2.3.6-extracted/resources/app/lib/backend/plugin-vscode-init)
2025-08-14 12:59:58 2025-08-14T19:59:58.657Z root INFO [hosted-plugin: 11409] PLUGIN_HOST(11409): initializing(vscode-language-pack-ko@1.96.0 with /nix/store/2d5i1bzbqbnl4rgnhk8czrw5zmqqjdzv-arduino-ide-2.3.6-extracted/resources/app/lib/backend/plugin-vscode-init)
2025-08-14 12:59:58 2025-08-14T19:59:58.657Z root INFO [hosted-plugin: 11409] PLUGIN_HOST(11409): initializing(vscode-language-pack-nl@1.48.3 with /nix/store/2d5i1bzbqbnl4rgnhk8czrw5zmqqjdzv-arduino-ide-2.3.6-extracted/resources/app/lib/backend/plugin-vscode-init)
2025-08-14 12:59:58 2025-08-14T19:59:58.658Z root INFO [hosted-plugin: 11409] PLUGIN_HOST(11409): initializing(vscode-language-pack-pl@1.96.0 with /nix/store/2d5i1bzbqbnl4rgnhk8czrw5zmqqjdzv-arduino-ide-2.3.6-extracted/resources/app/lib/backend/plugin-vscode-init)
2025-08-14 12:59:58 2025-08-14T19:59:58.658Z root INFO [hosted-plugin: 11409] PLUGIN_HOST(11409): initializing(vscode-language-pack-pt-BR@1.96.0 with /nix/store/2d5i1bzbqbnl4rgnhk8czrw5zmqqjdzv-arduino-ide-2.3.6-extracted/resources/app/lib/backend/plugin-vscode-init)
2025-08-14 12:59:58 2025-08-14T19:59:58.659Z root INFO [hosted-plugin: 11409] PLUGIN_HOST(11409): initializing(vscode-language-pack-ru@1.96.0 with /nix/store/2d5i1bzbqbnl4rgnhk8czrw5zmqqjdzv-arduino-ide-2.3.6-extracted/resources/app/lib/backend/plugin-vscode-init)
2025-08-14 12:59:58 2025-08-14T19:59:58.659Z root INFO [hosted-plugin: 11409] PLUGIN_HOST(11409): initializing(vscode-language-pack-tr@1.96.0 with /nix/store/2d5i1bzbqbnl4rgnhk8czrw5zmqqjdzv-arduino-ide-2.3.6-extracted/resources/app/lib/backend/plugin-vscode-init)
2025-08-14 12:59:58 2025-08-14T19:59:58.659Z root INFO [hosted-plugin: 11409] PLUGIN_HOST(11409): initializing(vscode-language-pack-uk@1.48.3 with /nix/store/2d5i1bzbqbnl4rgnhk8czrw5zmqqjdzv-arduino-ide-2.3.6-extracted/resources/app/lib/backend/plugin-vscode-init)
2025-08-14 12:59:58 2025-08-14T19:59:58.660Z root INFO [hosted-plugin: 11409] PLUGIN_HOST(11409): initializing(vscode-language-pack-zh-hans@1.96.0 with /nix/store/2d5i1bzbqbnl4rgnhk8czrw5zmqqjdzv-arduino-ide-2.3.6-extracted/resources/app/lib/backend/plugin-vscode-init)
2025-08-14 12:59:58 2025-08-14T19:59:58.660Z root INFO [hosted-plugin: 11409] PLUGIN_HOST(11409): initializing(vscode-language-pack-zh-hant@1.96.0 with /nix/store/2d5i1bzbqbnl4rgnhk8czrw5zmqqjdzv-arduino-ide-2.3.6-extracted/resources/app/lib/backend/plugin-vscode-init)
2025-08-14 12:59:58 2025-08-14T19:59:58.664Z root INFO [hosted-plugin: 11409] PLUGIN_HOST(11409): PluginManagerExtImpl/loadPlugin(/nix/store/2d5i1bzbqbnl4rgnhk8czrw5zmqqjdzv-arduino-ide-2.3.6-extracted/resources/app/plugins/vscode-builtin-json-language-features/extension/client/dist/node/jsonClientMain)
2025-08-14 12:59:58 2025-08-14T19:59:58.724Z root INFO [hosted-plugin: 11409] PLUGIN_HOST(11409): PluginManagerExtImpl/loadPlugin(/nix/store/2d5i1bzbqbnl4rgnhk8czrw5zmqqjdzv-arduino-ide-2.3.6-extracted/resources/app/plugins/vscode-arduino-tools/extension/dist/extension.js)
2025-08-14 12:59:58 2025-08-14T19:59:58.756Z root INFO [hosted-plugin: 11409] PLUGIN_HOST(11409): PluginManagerExtImpl/loadPlugin(/nix/store/2d5i1bzbqbnl4rgnhk8czrw5zmqqjdzv-arduino-ide-2.3.6-extracted/resources/app/plugins/vscode-arduino-api/extension/dist/extension.js)
2025-08-14 12:59:58 2025-08-14T19:59:58.760Z root INFO [hosted-plugin: 11409] calling activation function on VS Code Arduino Tools
2025-08-14 12:59:58 2025-08-14T19:59:58.760Z root INFO [hosted-plugin: 11409] calling activation function on Arduino IDE API for VS Code extensions
2025-08-14 12:59:58 2025-08-14T19:59:58.776Z root INFO [d288d101-e319-4bca-93d1-9c8059970d9a] Starting plugins.
2025-08-14 12:59:58 2025-08-14T19:59:58.812Z root INFO [hosted-plugin: 11409] PLUGIN_HOST(11409): PluginManagerExtImpl/loadPlugin(/nix/store/2d5i1bzbqbnl4rgnhk8czrw5zmqqjdzv-arduino-ide-2.3.6-extracted/resources/app/plugins/cortex-debug/extension/dist/extension.js)
2025-08-14 12:59:58 2025-08-14T19:59:58.846Z root ERROR [hosted-plugin: 11452] Conflict in settings file Default: Ignoring cortex-debug.armToolchainPath.linux as cortex-debug.armToolchainPath is null
2025-08-14 12:59:58 2025-08-14T19:59:58.846Z root ERROR [hosted-plugin: 11452] Conflict in settings file Default: Ignoring cortex-debug.armToolchainPath.osx as cortex-debug.armToolchainPath is null
Conflict in settings file Default: Ignoring cortex-debug.armToolchainPath.windows as cortex-debug.armToolchainPath is null
2025-08-14 12:59:58 2025-08-14T19:59:58.846Z root ERROR [hosted-plugin: 11452] Conflict in settings file Default: Ignoring cortex-debug.JLinkGDBServerPath.linux as cortex-debug.JLinkGDBServerPath is null
2025-08-14 12:59:58 2025-08-14T19:59:58.846Z root ERROR [hosted-plugin: 11452] Conflict in settings file Default: Ignoring cortex-debug.JLinkGDBServerPath.osx as cortex-debug.JLinkGDBServerPath is null
2025-08-14 12:59:58 2025-08-14T19:59:58.846Z root ERROR [hosted-plugin: 11452] Conflict in settings file Default: Ignoring cortex-debug.JLinkGDBServerPath.windows as cortex-debug.JLinkGDBServerPath is null
2025-08-14 12:59:58 2025-08-14T19:59:58.846Z root ERROR [hosted-plugin: 11452] Conflict in settings file Default: Ignoring cortex-debug.openocdPath.linux as cortex-debug.openocdPath is null
2025-08-14 12:59:58 2025-08-14T19:59:58.846Z root ERROR [hosted-plugin: 11452] Conflict in settings file Default: Ignoring cortex-debug.openocdPath.osx as cortex-debug.openocdPath is null
2025-08-14 12:59:58 2025-08-14T19:59:58.846Z root ERROR [hosted-plugin: 11452] Conflict in settings file Default: Ignoring cortex-debug.openocdPath.windows as cortex-debug.openocdPath is null
2025-08-14 12:59:58 2025-08-14T19:59:58.847Z root ERROR [hosted-plugin: 11452] Conflict in settings file Default: Ignoring cortex-debug.pyocdPath.linux as cortex-debug.pyocdPath is null
Conflict in settings file Default: Ignoring cortex-debug.pyocdPath.osx as cortex-debug.pyocdPath is null
2025-08-14 12:59:58 2025-08-14T19:59:58.847Z root ERROR [hosted-plugin: 11452] Conflict in settings file Default: Ignoring cortex-debug.pyocdPath.windows as cortex-debug.pyocdPath is null
Conflict in settings file Default: Ignoring cortex-debug.PEGDBServerPath.linux as cortex-debug.PEGDBServerPath is null
Conflict in settings file Default: Ignoring cortex-debug.PEGDBServerPath.osx as cortex-debug.PEGDBServerPath is null
2025-08-14 12:59:58 2025-08-14T19:59:58.847Z root ERROR [hosted-plugin: 11452] Conflict in settings file Default: Ignoring cortex-debug.PEGDBServerPath.windows as cortex-debug.PEGDBServerPath is null
Conflict in settings file Default: Ignoring cortex-debug.stutilPath.linux as cortex-debug.stutilPath is null
Conflict in settings file Default: Ignoring cortex-debug.stutilPath.osx as cortex-debug.stutilPath is null
Conflict in settings file Default: Ignoring cortex-debug.stutilPath.windows as cortex-debug.stutilPath is null
2025-08-14 12:59:58 2025-08-14T19:59:58.847Z root ERROR [hosted-plugin: 11452] Conflict in settings file Default: Ignoring cortex-debug.stlinkPath.linux as cortex-debug.stlinkPath is null
Conflict in settings file Default: Ignoring cortex-debug.stlinkPath.osx as cortex-debug.stlinkPath is null
Conflict in settings file Default: Ignoring cortex-debug.stlinkPath.windows as cortex-debug.stlinkPath is null
2025-08-14 12:59:58 2025-08-14T19:59:58.847Z root ERROR [hosted-plugin: 11452] Conflict in settings file Default: Ignoring cortex-debug.stm32cubeprogrammer.linux as cortex-debug.stm32cubeprogrammer is null
Conflict in settings file Default: Ignoring cortex-debug.stm32cubeprogrammer.osx as cortex-debug.stm32cubeprogrammer is null
Conflict in settings file Default: Ignoring cortex-debug.stm32cubeprogrammer.windows as cortex-debug.stm32cubeprogrammer is null
2025-08-14 12:59:58 2025-08-14T19:59:58.847Z root INFO [hosted-plugin: 11409] Debug configuration provider has been registered: cortex-debug, trigger: 1
2025-08-14 12:59:58 2025-08-14T19:59:58.847Z root INFO [hosted-plugin: 11409] calling activation function on Cortex-Debug
2025-08-14 12:59:58 2025-08-14T19:59:58.849Z root INFO [hosted-plugin: 11409] GDB server console created
2025-08-14 12:59:58 2025-08-14T19:59:58.886Z root INFO [d288d101-e319-4bca-93d1-9c8059970d9a] Start of 23 plugins: 667.2 ms [Finished 4.590 s after frontend start]
2025-08-14 12:59:58 2025-08-14T19:59:58.980Z root INFO [hosted-plugin: 11452] PLUGIN_HOST(11452): PluginManagerExtImpl/init()
2025-08-14 12:59:58 2025-08-14T19:59:58.984Z root INFO [hosted-plugin: 11452] PLUGIN_HOST(11452): initializing(vscode-arduino-api@0.1.2 with /nix/store/2d5i1bzbqbnl4rgnhk8czrw5zmqqjdzv-arduino-ide-2.3.6-extracted/resources/app/lib/backend/plugin-vscode-init)
2025-08-14 12:59:58 2025-08-14T19:59:58.996Z root INFO [hosted-plugin: 11409] calling activation function on JSON Language Features (built-in)
2025-08-14 12:59:59 2025-08-14T19:59:59.091Z root INFO [hosted-plugin: 11452] PLUGIN_HOST(11452): initializing(json-language-features@1.88.1 with /nix/store/2d5i1bzbqbnl4rgnhk8czrw5zmqqjdzv-arduino-ide-2.3.6-extracted/resources/app/lib/backend/plugin-vscode-init)
2025-08-14 12:59:59 2025-08-14T19:59:59.095Z root INFO [hosted-plugin: 11452] PLUGIN_HOST(11452): initializing(cortex-debug@1.5.1 with /nix/store/2d5i1bzbqbnl4rgnhk8czrw5zmqqjdzv-arduino-ide-2.3.6-extracted/resources/app/lib/backend/plugin-vscode-init)
2025-08-14 12:59:59 2025-08-14T19:59:59.095Z root INFO [hosted-plugin: 11452] Debugger contribution has been registered: cortex-debug
2025-08-14 12:59:59 2025-08-14T19:59:59.097Z root INFO [hosted-plugin: 11452] PLUGIN_HOST(11452): initializing(vscode-arduino-tools@0.1.3 with /nix/store/2d5i1bzbqbnl4rgnhk8czrw5zmqqjdzv-arduino-ide-2.3.6-extracted/resources/app/lib/backend/plugin-vscode-init)
2025-08-14 12:59:59 2025-08-14T19:59:59.099Z root INFO [hosted-plugin: 11452] PLUGIN_HOST(11452): initializing(cpp@1.88.1 with /nix/store/2d5i1bzbqbnl4rgnhk8czrw5zmqqjdzv-arduino-ide-2.3.6-extracted/resources/app/lib/backend/plugin-vscode-init)
2025-08-14 12:59:59 2025-08-14T19:59:59.100Z root INFO [hosted-plugin: 11452] PLUGIN_HOST(11452): initializing(json@1.88.1 with /nix/store/2d5i1bzbqbnl4rgnhk8czrw5zmqqjdzv-arduino-ide-2.3.6-extracted/resources/app/lib/backend/plugin-vscode-init)
2025-08-14 12:59:59 2025-08-14T19:59:59.101Z root INFO [hosted-plugin: 11452] PLUGIN_HOST(11452): initializing(vscode-language-pack-bg@1.48.3 with /nix/store/2d5i1bzbqbnl4rgnhk8czrw5zmqqjdzv-arduino-ide-2.3.6-extracted/resources/app/lib/backend/plugin-vscode-init)
2025-08-14 12:59:59 2025-08-14T19:59:59.105Z root INFO [hosted-plugin: 11452] PLUGIN_HOST(11452): initializing(vscode-language-pack-cs@1.96.0 with /nix/store/2d5i1bzbqbnl4rgnhk8czrw5zmqqjdzv-arduino-ide-2.3.6-extracted/resources/app/lib/backend/plugin-vscode-init)
2025-08-14 12:59:59 2025-08-14T19:59:59.106Z root INFO [hosted-plugin: 11452] PLUGIN_HOST(11452): initializing(vscode-language-pack-de@1.96.0 with /nix/store/2d5i1bzbqbnl4rgnhk8czrw5zmqqjdzv-arduino-ide-2.3.6-extracted/resources/app/lib/backend/plugin-vscode-init)
2025-08-14 12:59:59 2025-08-14T19:59:59.107Z root INFO [hosted-plugin: 11452] PLUGIN_HOST(11452): initializing(vscode-language-pack-es@1.96.0 with /nix/store/2d5i1bzbqbnl4rgnhk8czrw5zmqqjdzv-arduino-ide-2.3.6-extracted/resources/app/lib/backend/plugin-vscode-init)
2025-08-14 12:59:59 2025-08-14T19:59:59.108Z root INFO [hosted-plugin: 11452] PLUGIN_HOST(11452): initializing(vscode-language-pack-fr@1.96.0 with /nix/store/2d5i1bzbqbnl4rgnhk8czrw5zmqqjdzv-arduino-ide-2.3.6-extracted/resources/app/lib/backend/plugin-vscode-init)
2025-08-14 12:59:59 2025-08-14T19:59:59.109Z root INFO [hosted-plugin: 11452] PLUGIN_HOST(11452): initializing(vscode-language-pack-hu@1.48.3 with /nix/store/2d5i1bzbqbnl4rgnhk8czrw5zmqqjdzv-arduino-ide-2.3.6-extracted/resources/app/lib/backend/plugin-vscode-init)
2025-08-14 12:59:59 2025-08-14T19:59:59.110Z root INFO [hosted-plugin: 11452] PLUGIN_HOST(11452): initializing(vscode-language-pack-it@1.96.0 with /nix/store/2d5i1bzbqbnl4rgnhk8czrw5zmqqjdzv-arduino-ide-2.3.6-extracted/resources/app/lib/backend/plugin-vscode-init)
2025-08-14 12:59:59 2025-08-14T19:59:59.110Z root INFO [hosted-plugin: 11452] PLUGIN_HOST(11452): initializing(vscode-language-pack-ja@1.96.0 with /nix/store/2d5i1bzbqbnl4rgnhk8czrw5zmqqjdzv-arduino-ide-2.3.6-extracted/resources/app/lib/backend/plugin-vscode-init)
2025-08-14 12:59:59 2025-08-14T19:59:59.111Z root INFO [hosted-plugin: 11452] PLUGIN_HOST(11452): initializing(vscode-language-pack-ko@1.96.0 with /nix/store/2d5i1bzbqbnl4rgnhk8czrw5zmqqjdzv-arduino-ide-2.3.6-extracted/resources/app/lib/backend/plugin-vscode-init)
2025-08-14 12:59:59 2025-08-14T19:59:59.111Z root INFO [hosted-plugin: 11452] PLUGIN_HOST(11452): initializing(vscode-language-pack-nl@1.48.3 with /nix/store/2d5i1bzbqbnl4rgnhk8czrw5zmqqjdzv-arduino-ide-2.3.6-extracted/resources/app/lib/backend/plugin-vscode-init)
2025-08-14 12:59:59 2025-08-14T19:59:59.112Z root INFO [hosted-plugin: 11452] PLUGIN_HOST(11452): initializing(vscode-language-pack-pl@1.96.0 with /nix/store/2d5i1bzbqbnl4rgnhk8czrw5zmqqjdzv-arduino-ide-2.3.6-extracted/resources/app/lib/backend/plugin-vscode-init)
2025-08-14 12:59:59 2025-08-14T19:59:59.112Z root INFO [hosted-plugin: 11452] PLUGIN_HOST(11452): initializing(vscode-language-pack-pt-BR@1.96.0 with /nix/store/2d5i1bzbqbnl4rgnhk8czrw5zmqqjdzv-arduino-ide-2.3.6-extracted/resources/app/lib/backend/plugin-vscode-init)
2025-08-14 12:59:59 2025-08-14T19:59:59.112Z root INFO [hosted-plugin: 11452] PLUGIN_HOST(11452): initializing(vscode-language-pack-ru@1.96.0 with /nix/store/2d5i1bzbqbnl4rgnhk8czrw5zmqqjdzv-arduino-ide-2.3.6-extracted/resources/app/lib/backend/plugin-vscode-init)
2025-08-14 12:59:59 2025-08-14T19:59:59.113Z root INFO [hosted-plugin: 11452] PLUGIN_HOST(11452): initializing(vscode-language-pack-tr@1.96.0 with /nix/store/2d5i1bzbqbnl4rgnhk8czrw5zmqqjdzv-arduino-ide-2.3.6-extracted/resources/app/lib/backend/plugin-vscode-init)
2025-08-14 12:59:59 2025-08-14T19:59:59.113Z root INFO [hosted-plugin: 11452] PLUGIN_HOST(11452): initializing(vscode-language-pack-uk@1.48.3 with /nix/store/2d5i1bzbqbnl4rgnhk8czrw5zmqqjdzv-arduino-ide-2.3.6-extracted/resources/app/lib/backend/plugin-vscode-init)
2025-08-14 12:59:59 2025-08-14T19:59:59.113Z root INFO [hosted-plugin: 11452] PLUGIN_HOST(11452): initializing(vscode-language-pack-zh-hans@1.96.0 with /nix/store/2d5i1bzbqbnl4rgnhk8czrw5zmqqjdzv-arduino-ide-2.3.6-extracted/resources/app/lib/backend/plugin-vscode-init)
2025-08-14 12:59:59 2025-08-14T19:59:59.114Z root INFO [hosted-plugin: 11452] PLUGIN_HOST(11452): initializing(vscode-language-pack-zh-hant@1.96.0 with /nix/store/2d5i1bzbqbnl4rgnhk8czrw5zmqqjdzv-arduino-ide-2.3.6-extracted/resources/app/lib/backend/plugin-vscode-init)
2025-08-14 12:59:59 2025-08-14T19:59:59.143Z root INFO [hosted-plugin: 11452] PLUGIN_HOST(11452): PluginManagerExtImpl/loadPlugin(/nix/store/2d5i1bzbqbnl4rgnhk8czrw5zmqqjdzv-arduino-ide-2.3.6-extracted/resources/app/plugins/vscode-builtin-json-language-features/extension/client/dist/node/jsonClientMain)
2025-08-14 12:59:59 2025-08-14T19:59:59.209Z root INFO [hosted-plugin: 11452] PLUGIN_HOST(11452): PluginManagerExtImpl/loadPlugin(/nix/store/2d5i1bzbqbnl4rgnhk8czrw5zmqqjdzv-arduino-ide-2.3.6-extracted/resources/app/plugins/vscode-arduino-tools/extension/dist/extension.js)
2025-08-14 12:59:59 2025-08-14T19:59:59.238Z root INFO Frontend application start: 3354.5 ms [Finished 5.647 s after backend start]
2025-08-14 12:59:59 Checking for update
2025-08-14 12:59:59 2025-08-14T19:59:59.294Z root INFO Replace loading indicator with ready workbench UI (animation): 833.7 ms [Finished 4.755 s after frontend start]
2025-08-14 12:59:59 2025-08-14T19:59:59.294Z root INFO Changed application state from 'initialized_layout' to 'ready'.
2025-08-14 12:59:59 2025-08-14T19:59:59.294Z root WARN Linked preference "workbench.colorCustomizations" not found.
2025-08-14 12:59:59 2025-08-14T19:59:59.295Z root INFO [hosted-plugin: 11452] PLUGIN_HOST(11452): PluginManagerExtImpl/loadPlugin(/nix/store/2d5i1bzbqbnl4rgnhk8czrw5zmqqjdzv-arduino-ide-2.3.6-extracted/resources/app/plugins/vscode-arduino-api/extension/dist/extension.js)
calling activation function on VS Code Arduino Tools
calling activation function on Arduino IDE API for VS Code extensions
2025-08-14 12:59:59 2025-08-14T19:59:59.307Z root INFO [844c3c2a-b2c5-4111-a56a-830f10bd3d48] Starting plugins.
2025-08-14 12:59:59 2025-08-14T19:59:59.364Z root INFO [hosted-plugin: 11452] PLUGIN_HOST(11452): PluginManagerExtImpl/loadPlugin(/nix/store/2d5i1bzbqbnl4rgnhk8czrw5zmqqjdzv-arduino-ide-2.3.6-extracted/resources/app/plugins/cortex-debug/extension/dist/extension.js)
2025-08-14 12:59:59 2025-08-14T19:59:59.366Z daemon INFO time="2025-08-14T12:59:59-07:00" level=info msg="Updating index" url="https://downloads.arduino.cc/packages/package_index.tar.bz2"
time="2025-08-14T12:59:59-07:00" level=info msg="Starting download" url="https://downloads.arduino.cc/libraries/library_index.tar.bz2"
time="2025-08-14T12:59:59-07:00" level=info msg="Starting download" url="https://downloads.arduino.cc/packages/package_index.tar.bz2"
2025-08-14 12:59:59 2025-08-14T19:59:59.368Z root INFO core-client-provider [library-index] Downloading index: library_index.tar.bz2

2025-08-14 12:59:59 2025-08-14T19:59:59.369Z root INFO core-client-provider [platform-index] Downloading index: package_index.tar.bz2

2025-08-14 12:59:59 2025-08-14T19:59:59.418Z root INFO [hosted-plugin: 11452] Debug configuration provider has been registered: cortex-debug, trigger: 1
calling activation function on Cortex-Debug
GDB server console created
2025-08-14 12:59:59 2025-08-14T19:59:59.418Z daemon INFO time="2025-08-14T12:59:59-07:00" level=info msg="Starting monitor process" monitor=serial-monitor
time="2025-08-14T12:59:59-07:00" level=info msg="Monitor process started successfully!" monitor=serial-monitor
time="2025-08-14T12:59:59-07:00" level=info msg="sending command" command="HELLO 1 \"arduino-cli 1.2.0\"" monitor=serial-monitor
time="2025-08-14T12:59:59-07:00" level=info msg="received message" error=false event_type=hello message=OK monitor=serial-monitor
time="2025-08-14T12:59:59-07:00" level=info msg="sending command" command=DESCRIBE monitor=serial-monitor
time="2025-08-14T12:59:59-07:00" level=info msg="received message" error=false event_type=describe message=OK monitor=serial-monitor
time="2025-08-14T12:59:59-07:00" level=info msg="sending command" command=QUIT monitor=serial-monitor
time="2025-08-14T12:59:59-07:00" level=info msg="received message" error=false event_type=quit message=OK monitor=serial-monitor
time="2025-08-14T12:59:59-07:00" level=info msg="Killing monitor process" monitor=serial-monitor
time="2025-08-14T12:59:59-07:00" level=error msg="stopped decode loop: EOF" monitor=serial-monitor
time="2025-08-14T12:59:59-07:00" level=info msg="Monitor process killed" monitor=serial-monitor
2025-08-14 12:59:59 2025-08-14T19:59:59.429Z root INFO [844c3c2a-b2c5-4111-a56a-830f10bd3d48] Start of 23 plugins: 833.3 ms [Finished 5.086 s after frontend start]
2025-08-14 12:59:59 2025-08-14T19:59:59.501Z root INFO [hosted-plugin: 11452] calling activation function on JSON Language Features (built-in)
2025-08-14 12:59:59 2025-08-14T19:59:59.695Z daemon INFO time="2025-08-14T12:59:59-07:00" level=info msg="Tool required for debug" tool="arduino:dfu-util@0.11.0-arduino5"
time="2025-08-14T12:59:59-07:00" level=info msg="Tool required for debug" tool="esp32:esp-rv32@2411"
time="2025-08-14T12:59:59-07:00" level=info msg="Tool required for debug" tool="esp32:esp-x32@2411"
time="2025-08-14T12:59:59-07:00" level=info msg="Tool required for debug" tool="esp32:esp32-arduino-libs@idf-release_v5.5-b66b5448-v1"
time="2025-08-14T12:59:59-07:00" level=info msg="Tool required for debug" tool="esp32:esptool_py@5.0.0"
time="2025-08-14T12:59:59-07:00" level=info msg="Tool required for debug" tool="esp32:mklittlefs@3.0.0-gnu12-dc7f933"
time="2025-08-14T12:59:59-07:00" level=info msg="Tool required for debug" tool="esp32:mkspiffs@0.2.3"
time="2025-08-14T12:59:59-07:00" level=info msg="Tool required for debug" tool="esp32:openocd-esp32@v0.12.0-esp32-20250422"
time="2025-08-14T12:59:59-07:00" level=info msg="Tool required for debug" tool="esp32:riscv32-esp-elf-gdb@16.2_20250324"
time="2025-08-14T12:59:59-07:00" level=info msg="Tool required for debug" tool="esp32:xtensa-esp-elf-gdb@16.2_20250324"
time="2025-08-14T12:59:59-07:00" level=info msg="Tool required for debug" tool="arduino:avrdude@6.3.0-arduino17"
time="2025-08-14T12:59:59-07:00" level=info msg="Tool required for debug" tool="builtin:serial-discovery@1.4.1"
time="2025-08-14T12:59:59-07:00" level=info msg="Tool required for debug" tool="arduino:arduinoOTA@1.3.0"
time="2025-08-14T12:59:59-07:00" level=info msg="Tool required for debug" tool="builtin:ctags@5.8-arduino11"
time="2025-08-14T12:59:59-07:00" level=info msg="Tool required for debug" tool="arduino:avr-gcc@7.3.0-atmel3.6.1-arduino7"
time="2025-08-14T12:59:59-07:00" level=info msg="Tool required for debug" tool="builtin:serial-monitor@0.15.0"
time="2025-08-14T12:59:59-07:00" level=info msg="Tool required for debug" tool="builtin:dfu-discovery@0.1.2"
time="2025-08-14T12:59:59-07:00" level=info msg="Tool required for debug" tool="builtin:mdns-discovery@1.0.9"
time="2025-08-14T12:59:59-07:00" level=info msg="Tool required for debug" tool="arduino:dfu-util@0.11.0-arduino5"
time="2025-08-14T12:59:59-07:00" level=info msg="Tool required for debug" tool="esp32:esp-rv32@2411"
time="2025-08-14T12:59:59-07:00" level=info msg="Tool required for debug" tool="esp32:esp-x32@2411"
time="2025-08-14T12:59:59-07:00" level=info msg="Tool required for debug" tool="esp32:esp32-arduino-libs@idf-release_v5.5-b66b5448-v1"
time="2025-08-14T12:59:59-07:00" level=info msg="Tool required for debug" tool="esp32:esptool_py@5.0.0"
time="2025-08-14T12:59:59-07:00" level=info msg="Tool required for debug" tool="esp32:mklittlefs@3.0.0-gnu12-dc7f933"
time="2025-08-14T12:59:59-07:00" level=info msg="Tool required for debug" tool="esp32:mkspiffs@0.2.3"
time="2025-08-14T12:59:59-07:00" level=info msg="Tool required for debug" tool="esp32:openocd-esp32@v0.12.0-esp32-20250422"
time="2025-08-14T12:59:59-07:00" level=info msg="Tool required for debug" tool="esp32:riscv32-esp-elf-gdb@16.2_20250324"
time="2025-08-14T12:59:59-07:00" level=info msg="Tool required for debug" tool="esp32:xtensa-esp-elf-gdb@16.2_20250324"
time="2025-08-14T12:59:59-07:00" level=info msg="Tool required for debug" tool="arduino:arduinoOTA@1.3.0"
time="2025-08-14T12:59:59-07:00" level=info msg="Tool required for debug" tool="builtin:ctags@5.8-arduino11"
time="2025-08-14T12:59:59-07:00" level=info msg="Tool required for debug" tool="arduino:avrdude@6.3.0-arduino17"
time="2025-08-14T12:59:59-07:00" level=info msg="Tool required for debug" tool="builtin:mdns-discovery@1.0.9"
time="2025-08-14T12:59:59-07:00" level=info msg="Tool required for debug" tool="builtin:serial-discovery@1.4.1"
time="2025-08-14T12:59:59-07:00" level=info msg="Tool required for debug" tool="arduino:avr-gcc@7.3.0-atmel3.6.1-arduino7"
time="2025-08-14T12:59:59-07:00" level=info msg="Tool required for debug" tool="builtin:serial-monitor@0.15.0"
time="2025-08-14T12:59:59-07:00" level=info msg="Tool required for debug" tool="builtin:dfu-discovery@0.1.2"
time="2025-08-14T12:59:59-07:00" level=info msg="Tool required for debug" tool="arduino:dfu-util@0.11.0-arduino5"
time="2025-08-14T12:59:59-07:00" level=info msg="Tool required for debug" tool="esp32:esp-rv32@2411"
time="2025-08-14T12:59:59-07:00" level=info msg="Tool required for debug" tool="esp32:esp-x32@2411"
time="2025-08-14T12:59:59-07:00" level=info msg="Tool required for debug" tool="esp32:esp32-arduino-libs@idf-release_v5.5-b66b5448-v1"
time="2025-08-14T12:59:59-07:00" level=info msg="Tool required for debug" tool="esp32:esptool_py@5.0.0"
time="2025-08-14T12:59:59-07:00" level=info msg="Tool required for debug" tool="esp32:mklittlefs@3.0.0-gnu12-dc7f933"
time="2025-08-14T12:59:59-07:00" level=info msg="Tool required for debug" tool="esp32:mkspiffs@0.2.3"
time="2025-08-14T12:59:59-07:00" level=info msg="Tool required for debug" tool="esp32:openocd-esp32@v0.12.0-esp32-20250422"
time="2025-08-14T12:59:59-07:00" level=info msg="Tool required for debug" tool="esp32:riscv32-esp-elf-gdb@16.2_20250324"
time="2025-08-14T12:59:59-07:00" level=info msg="Tool required for debug" tool="esp32:xtensa-esp-elf-gdb@16.2_20250324"
time="2025-08-14T12:59:59-07:00" level=info msg="Tool required for debug" tool="arduino:avrdude@6.3.0-arduino17"
time="2025-08-14T12:59:59-07:00" level=info msg="Tool required for debug" tool="arduino:avr-gcc@7.3.0-atmel3.6.1-arduino7"
time="2025-08-14T12:59:59-07:00" level=info msg="Tool required for debug" tool="builtin:serial-discovery@1.4.1"
time="2025-08-14T12:59:59-07:00" level=info msg="Tool required for debug" tool="builtin:ctags@5.8-arduino11"
time="2025-08-14T12:59:59-07:00" level=info msg="Tool required for debug" tool="builtin:dfu-discovery@0.1.2"
time="2025-08-14T12:59:59-07:00" level=info msg="Tool required for debug" tool="builtin:mdns-discovery@1.0.9"
time="2025-08-14T12:59:59-07:00" level=info msg="Tool required for debug" tool="arduino:arduinoOTA@1.3.0"
time="2025-08-14T12:59:59-07:00" level=info msg="Tool required for debug" tool="builtin:serial-monitor@0.15.0"
time="2025-08-14T12:59:59-07:00" level=info msg="Tool required for debug" tool="arduino:dfu-util@0.11.0-arduino5"
time="2025-08-14T12:59:59-07:00" level=info msg="Tool required for debug" tool="esp32:esp-rv32@2411"
time="2025-08-14T12:59:59-07:00" level=info msg="Tool required for debug" tool="esp32:esp-x32@2411"
time="2025-08-14T12:59:59-07:00" level=info msg="Tool required for debug" tool="esp32:esp32-arduino-libs@idf-release_v5.5-b66b5448-v1"
time="2025-08-14T12:59:59-07:00" level=info msg="Tool required for debug" tool="esp32:esptool_py@5.0.0"
time="2025-08-14T12:59:59-07:00" level=info msg="Tool required for debug" tool="esp32:mklittlefs@3.0.0-gnu12-dc7f933"
time="2025-08-14T12:59:59-07:00" level=info msg="Tool required for debug" tool="esp32:mkspiffs@0.2.3"
time="2025-08-14T12:59:59-07:00" level=info msg="Tool required for debug" tool="esp32:openocd-esp32@v0.12.0-esp32-20250422"
time="2025-08-14T12:59:59-07:00" level=info msg="Tool required for debug" tool="esp32:riscv32-esp-elf-gdb@16.2_20250324"
time="2025-08-14T12:59:59-07:00" level=info msg="Tool required for debug" tool="esp32:xtensa-esp-elf-gdb@16.2_20250324"
time="2025-08-14T12:59:59-07:00" level=info msg="Tool required for debug" tool="arduino:avrdude@6.3.0-arduino17"
time="2025-08-14T12:59:59-07:00" level=info msg="Tool required for debug" tool="builtin:dfu-discovery@0.1.2"
time="2025-08-14T12:59:59-07:00" level=info msg="Tool required for debug" tool="builtin:mdns-discovery@1.0.9"
time="2025-08-14T12:59:59-07:00" level=info msg="Tool required for debug" tool="builtin:serial-discovery@1.4.1"
time="2025-08-14T12:59:59-07:00" level=info msg="Tool required for debug" tool="builtin:serial-monitor@0.15.0"
time="2025-08-14T12:59:59-07:00" level=info msg="Tool required for debug" tool="arduino:avr-gcc@7.3.0-atmel3.6.1-arduino7"
time="2025-08-14T12:59:59-07:00" level=info msg="Tool required for debug" tool="arduino:arduinoOTA@1.3.0"
time="2025-08-14T12:59:59-07:00" level=info msg="Tool required for debug" tool="builtin:ctags@5.8-arduino11"
time="2025-08-14T12:59:59-07:00" level=info msg="Tool required for debug" tool="arduino:dfu-util@0.11.0-arduino5"
time="2025-08-14T12:59:59-07:00" level=info msg="Tool required for debug" tool="esp32:esp-rv32@2411"
time="2025-08-14T12:59:59-07:00" level=info msg="Tool required for debug" tool="esp32:esp-x32@2411"
time="2025-08-14T12:59:59-07:00" level=info msg="Tool required for debug" tool="esp32:esp32-arduino-libs@idf-release_v5.5-b66b5448-v1"
time="2025-08-14T12:59:59-07:00" level=info msg="Tool required for debug" tool="esp32:esptool_py@5.0.0"
time="2025-08-14T12:59:59-07:00" level=info msg="Tool required for debug" tool="esp32:mklittlefs@3.0.0-gnu12-dc7f933"
time="2025-08-14T12:59:59-07:00" level=info msg="Tool required for debug" tool="esp32:mkspiffs@0.2.3"
time="2025-08-14T12:59:59-07:00" level=info msg="Tool required for debug" tool="esp32:openocd-esp32@v0.12.0-esp32-20250422"
time="2025-08-14T12:59:59-07:00" level=info msg="Tool required for debug" tool="esp32:riscv32-esp-elf-gdb@16.2_20250324"
time="2025-08-14T12:59:59-07:00" level=info msg="Tool required for debug" tool="esp32:xtensa-esp-elf-gdb@16.2_20250324"
time="2025-08-14T12:59:59-07:00" level=info msg="Tool required for debug" tool="builtin:ctags@5.8-arduino11"
time="2025-08-14T12:59:59-07:00" level=info msg="Tool required for debug" tool="builtin:serial-discovery@1.4.1"
time="2025-08-14T12:59:59-07:00" level=info msg="Tool required for debug" tool="arduino:avrdude@6.3.0-arduino17"
time="2025-08-14T12:59:59-07:00" level=info msg="Tool required for debug" tool="builtin:mdns-discovery@1.0.9"
time="2025-08-14T12:59:59-07:00" level=info msg="Tool required for debug" tool="builtin:serial-monitor@0.15.0"
time="2025-08-14T12:59:59-07:00" level=info msg="Tool required for debug" tool="arduino:arduinoOTA@1.3.0"
time="2025-08-14T12:59:59-07:00" level=info msg="Tool required for debug" tool="arduino:avr-gcc@7.3.0-atmel3.6.1-arduino7"
time="2025-08-14T12:59:59-07:00" level=info msg="Tool required for debug" tool="builtin:dfu-discovery@0.1.2"
time="2025-08-14T12:59:59-07:00" level=info msg="Tool required for debug" tool="arduino:dfu-util@0.11.0-arduino5"
time="2025-08-14T12:59:59-07:00" level=info msg="Tool required for debug" tool="esp32:esp-rv32@2411"
time="2025-08-14T12:59:59-07:00" level=info msg="Tool required for debug" tool="esp32:esp-x32@2411"
time="2025-08-14T12:59:59-07:00" level=info msg="Tool required for debug" tool="esp32:esp32-arduino-libs@idf-release_v5.5-b66b5448-v1"
time="2025-08-14T12:59:59-07:00" level=info msg="Tool required for debug" tool="esp32:esptool_py@5.0.0"
time="2025-08-14T12:59:59-07:00" level=info msg="Tool required for debug" tool="esp32:mklittlefs@3.0.0-gnu12-dc7f933"
time="2025-08-14T12:59:59-07:00" level=info msg="Tool required for debug" tool="esp32:mkspiffs@0.2.3"
time="2025-08-14T12:59:59-07:00" level=info msg="Tool required for debug" tool="esp32:openocd-esp32@v0.12.0-esp32-20250422"
time="2025-08-14T12:59:59-07:00" level=info msg="Tool required for debug" tool="esp32:riscv32-esp-elf-gdb@16.2_20250324"
time="2025-08-14T12:59:59-07:00" level=info msg="Tool required for debug" tool="esp32:xtensa-esp-elf-gdb@16.2_20250324"
time="2025-08-14T12:59:59-07:00" level=info msg="Tool required for debug" tool="builtin:serial-monitor@0.15.0"
time="2025-08-14T12:59:59-07:00" level=info msg="Tool required for debug" tool="builtin:dfu-discovery@0.1.2"
time="2025-08-14T12:59:59-07:00" level=info msg="Tool required for debug" tool="builtin:mdns-discovery@1.0.9"
time="2025-08-14T12:59:59-07:00" level=info msg="Tool required for debug" tool="arduino:avrdude@6.3.0-arduino17"
time="2025-08-14T12:59:59-07:00" level=info msg="Tool required for debug" tool="arduino:arduinoOTA@1.3.0"
time="2025-08-14T12:59:59-07:00" level=info msg="Tool required for debug" tool="builtin:ctags@5.8-arduino11"
time="2025-08-14T12:59:59-07:00" level=info msg="Tool required for debug" tool="arduino:avr-gcc@7.3.0-atmel3.6.1-arduino7"
time="2025-08-14T12:59:59-07:00" level=info msg="Tool required for debug" tool="builtin:serial-discovery@1.4.1"
time="2025-08-14T12:59:59-07:00" level=info msg="Tool required for debug" tool="arduino:dfu-util@0.11.0-arduino5"
time="2025-08-14T12:59:59-07:00" level=info msg="Tool required for debug" tool="esp32:esp-rv32@2411"
time="2025-08-14T12:59:59-07:00" level=info msg="Tool required for debug" tool="esp32:esp-x32@2411"
time="2025-08-14T12:59:59-07:00" level=info msg="Tool required for debug" tool="esp32:esp32-arduino-libs@idf-release_v5.5-b66b5448-v1"
time="2025-08-14T12:59:59-07:00" level=info msg="Tool required for debug" tool="esp32:esptool_py@5.0.0"
time="2025-08-14T12:59:59-07:00" level=info msg="Tool required for debug" tool="esp32:mklittlefs@3.0.0-gnu12-dc7f933"
time="2025-08-14T12:59:59-07:00" level=info msg="Tool required for debug" tool="esp32:mkspiffs@0.2.3"
time="2025-08-14T12:59:59-07:00" level=info msg="Tool required for debug" tool="esp32:openocd-esp32@v0.12.0-esp32-20250422"
time="2025-08-14T12:59:59-07:00" level=info msg="Tool required for debug" tool="esp32:riscv32-esp-elf-gdb@16.2_20250324"
time="2025-08-14T12:59:59-07:00" level=info msg="Tool required for debug" tool="esp32:xtensa-esp-elf-gdb@16.2_20250324"
time="2025-08-14T12:59:59-07:00" level=info msg="Tool required for debug" tool="builtin:serial-monitor@0.15.0"
time="2025-08-14T12:59:59-07:00" level=info msg="Tool required for debug" tool="builtin:dfu-discovery@0.1.2"
time="2025-08-14T12:59:59-07:00" level=info msg="Tool required for debug" tool="arduino:arduinoOTA@1.3.0"
time="2025-08-14T12:59:59-07:00" level=info msg="Tool required for debug" tool="builtin:mdns-discovery@1.0.9"
time="2025-08-14T12:59:59-07:00" level=info msg="Tool required for debug" tool="builtin:serial-discovery@1.4.1"
time="2025-08-14T12:59:59-07:00" level=info msg="Tool required for debug" tool="builtin:ctags@5.8-arduino11"
time="2025-08-14T12:59:59-07:00" level=info msg="Tool required for debug" tool="arduino:avr-gcc@7.3.0-atmel3.6.1-arduino7"
time="2025-08-14T12:59:59-07:00" level=info msg="Tool required for debug" tool="arduino:avrdude@6.3.0-arduino17"
time="2025-08-14T12:59:59-07:00" level=info msg="Tool required for debug" tool="arduino:dfu-util@0.11.0-arduino5"
time="2025-08-14T12:59:59-07:00" level=info msg="Tool required for debug" tool="esp32:esp-rv32@2411"
time="2025-08-14T12:59:59-07:00" level=info msg="Tool required for debug" tool="esp32:esp-x32@2411"
time="2025-08-14T12:59:59-07:00" level=info msg="Tool required for debug" tool="esp32:esp32-arduino-libs@idf-release_v5.5-b66b5448-v1"
time="2025-08-14T12:59:59-07:00" level=info msg="Tool required for debug" tool="esp32:esptool_py@5.0.0"
time="2025-08-14T12:59:59-07:00" level=info msg="Tool required for debug" tool="esp32:mklittlefs@3.0.0-gnu12-dc7f933"
time="2025-08-14T12:59:59-07:00" level=info msg="Tool required for debug" tool="esp32:mkspiffs@0.2.3"
time="2025-08-14T12:59:59-07:00" level=info msg="Tool required for debug" tool="esp32:openocd-esp32@v0.12.0-esp32-20250422"
time="2025-08-14T12:59:59-07:00" level=info msg="Tool required for debug" tool="esp32:riscv32-esp-elf-gdb@16.2_20250324"
time="2025-08-14T12:59:59-07:00" level=info msg="Tool required for debug" tool="esp32:xtensa-esp-elf-gdb@16.2_20250324"
time="2025-08-14T12:59:59-07:00" level=info msg="Tool required for debug" tool="arduino:avr-gcc@7.3.0-atmel3.6.1-arduino7"
time="2025-08-14T12:59:59-07:00" level=info msg="Tool required for debug" tool="builtin:serial-monitor@0.15.0"
time="2025-08-14T12:59:59-07:00" level=info msg="Tool required for debug" tool="builtin:dfu-discovery@0.1.2"
time="2025-08-14T12:59:59-07:00" level=info msg="Tool required for debug" tool="builtin:serial-discovery@1.4.1"
time="2025-08-14T12:59:59-07:00" level=info msg="Tool required for debug" tool="arduino:arduinoOTA@1.3.0"
time="2025-08-14T12:59:59-07:00" level=info msg="Tool required for debug" tool="builtin:ctags@5.8-arduino11"
time="2025-08-14T12:59:59-07:00" level=info msg="Tool required for debug" tool="arduino:avrdude@6.3.0-arduino17"
time="2025-08-14T12:59:59-07:00" level=info msg="Tool required for debug" tool="builtin:mdns-discovery@1.0.9"
time="2025-08-14T12:59:59-07:00" level=info msg="Tool required for debug" tool="arduino:dfu-util@0.11.0-arduino5"
time="2025-08-14T12:59:59-07:00" level=info msg="Tool required for debug" tool="esp32:esp-rv32@2411"
time="2025-08-14T12:59:59-07:00" level=info msg="Tool required for debug" tool="esp32:esp-x32@2411"
time="2025-08-14T12:59:59-07:00" level=info msg="Tool required for debug" tool="esp32:esp32-arduino-libs@idf-release_v5.5-b66b5448-v1"
time="2025-08-14T12:59:59-07:00" level=info msg="Tool required for debug" tool="esp32:esptool_py@5.0.0"
time="2025-08-14T12:59:59-07:00" level=info msg="Tool required for debug" tool="esp32:mklittlefs@3.0.0-gnu12-dc7f933"
time="2025-08-14T12:59:59-07:00" level=info msg="Tool required for debug" tool="esp32:mkspiffs@0.2.3"
time="2025-08-14T12:59:59-07:00" level=info msg="Tool required for debug" tool="esp32:openocd-esp32@v0.12.0-esp32-20250422"
time="2025-08-14T12:59:59-07:00" level=info msg="Tool required for debug" tool="esp32:riscv32-esp-elf-gdb@16.2_20250324"
time="2025-08-14T12:59:59-07:00" level=info msg="Tool required for debug" tool="esp32:xtensa-esp-elf-gdb@16.2_20250324"
time="2025-08-14T12:59:59-07:00" level=info msg="Tool required for debug" tool="arduino:avr-gcc@7.3.0-atmel3.6.1-arduino7"
time="2025-08-14T12:59:59-07:00" level=info msg="Tool required for debug" tool="builtin:dfu-discovery@0.1.2"
time="2025-08-14T12:59:59-07:00" level=info msg="Tool required for debug" tool="builtin:serial-monitor@0.15.0"
time="2025-08-14T12:59:59-07:00" level=info msg="Tool required for debug" tool="builtin:serial-discovery@1.4.1"
time="2025-08-14T12:59:59-07:00" level=info msg="Tool required for debug" tool="builtin:ctags@5.8-arduino11"
time="2025-08-14T12:59:59-07:00" level=info msg="Tool required for debug" tool="builtin:mdns-discovery@1.0.9"
time="2025-08-14T12:59:59-07:00" level=info msg="Tool required for debug" tool="arduino:arduinoOTA@1.3.0"
time="2025-08-14T12:59:59-07:00" level=info msg="Tool required for debug" tool="arduino:avrdude@6.3.0-arduino17"
time="2025-08-14T12:59:59-07:00" level=info msg="Tool required for debug" tool="arduino:dfu-util@0.11.0-arduino5"
time="2025-08-14T12:59:59-07:00" level=info msg="Tool required for debug" tool="esp32:esp-rv32@2411"
time="2025-08-14T12:59:59-07:00" level=info msg="Tool required for debug" tool="esp32:esp-x32@2411"
time="2025-08-14T12:59:59-07:00" level=info msg="Tool required for debug" tool="esp32:esp32-arduino-libs@idf-release_v5.5-b66b5448-v1"
time="2025-08-14T12:59:59-07:00" level=info msg="Tool required for debug" tool="esp32:esptool_py@5.0.0"
time="2025-08-14T12:59:59-07:00" level=info msg="Tool required for debug" tool="esp32:mklittlefs@3.0.0-gnu12-dc7f933"
time="2025-08-14T12:59:59-07:00" level=info msg="Tool required for debug" tool="esp32:mkspiffs@0.2.3"
time="2025-08-14T12:59:59-07:00" level=info msg="Tool required for debug" tool="esp32:openocd-esp32@v0.12.0-esp32-20250422"
time="2025-08-14T12:59:59-07:00" level=info msg="Tool required for debug" tool="esp32:riscv32-esp-elf-gdb@16.2_20250324"
time="2025-08-14T12:59:59-07:00" level=info msg="Tool required for debug" tool="esp32:xtensa-esp-elf-gdb@16.2_20250324"
time="2025-08-14T12:59:59-07:00" level=info msg="Tool required for debug" tool="arduino:avrdude@6.3.0-arduino17"
time="2025-08-14T12:59:59-07:00" level=info msg="Tool required for debug" tool="builtin:mdns-discovery@1.0.9"
time="2025-08-14T12:59:59-07:00" level=info msg="Tool required for debug" tool="arduino:avr-gcc@7.3.0-atmel3.6.1-arduino7"
time="2025-08-14T12:59:59-07:00" level=info msg="Tool required for debug" tool="arduino:arduinoOTA@1.3.0"
time="2025-08-14T12:59:59-07:00" level=info msg="Tool required for debug" tool="builtin:serial-monitor@0.15.0"
time="2025-08-14T12:59:59-07:00" level=info msg="Tool required for debug" tool="builtin:ctags@5.8-arduino11"
time="2025-08-14T12:59:59-07:00" level=info msg="Tool required for debug" tool="builtin:serial-discovery@1.4.1"
time="2025-08-14T12:59:59-07:00" level=info msg="Tool required for debug" tool="builtin:dfu-discovery@0.1.2"
2025-08-14 12:59:59 2025-08-14T19:59:59.697Z root INFO Starting language server: esp32:esp32:XIAO_ESP32C3:UploadSpeed=921600,CDCOnBoot=default,CPUFreq=160,FlashFreq=80,FlashMode=qio,FlashSize=4M,PartitionScheme=default,DebugLevel=none,EraseFlash=none
2025-08-14 12:59:59 2025-08-14T19:59:59.719Z root INFO Replace loading indicator with ready workbench UI (animation): 844.0 ms [Finished 5.096 s after frontend start]
2025-08-14 12:59:59 2025-08-14T19:59:59.719Z root INFO Changed application state from 'initialized_layout' to 'ready'.
2025-08-14 12:59:59 2025-08-14T19:59:59.719Z root WARN Linked preference "workbench.colorCustomizations" not found.
2025-08-14 12:59:59 2025-08-14T19:59:59.720Z root INFO Frontend application start: 3572.5 ms [Finished 6.107 s after backend start]
2025-08-14 12:59:59 2025-08-14T19:59:59.743Z monitor-service INFO starting monitor
2025-08-14 12:59:59 2025-08-14T19:59:59.746Z daemon INFO time="2025-08-14T12:59:59-07:00" level=info msg="Starting monitor process" monitor=serial-monitor
time="2025-08-14T12:59:59-07:00" level=info msg="Monitor process started successfully!" monitor=serial-monitor
time="2025-08-14T12:59:59-07:00" level=info msg="sending command" command="HELLO 1 \"arduino-cli 1.2.0\"" monitor=serial-monitor
2025-08-14 12:59:59 2025-08-14T19:59:59.940Z daemon INFO time="2025-08-14T12:59:59-07:00" level=info msg="received message" error=false event_type=hello message=OK monitor=serial-monitor
time="2025-08-14T12:59:59-07:00" level=info msg="sending command" command=DESCRIBE monitor=serial-monitor
time="2025-08-14T12:59:59-07:00" level=info msg="received message" error=false event_type=describe message=OK monitor=serial-monitor
time="2025-08-14T12:59:59-07:00" level=info msg="sending command" command=QUIT monitor=serial-monitor
time="2025-08-14T12:59:59-07:00" level=info msg="received message" error=false event_type=quit message=OK monitor=serial-monitor
time="2025-08-14T12:59:59-07:00" level=info msg="Killing monitor process" monitor=serial-monitor
time="2025-08-14T12:59:59-07:00" level=error msg="stopped decode loop: EOF" monitor=serial-monitor
time="2025-08-14T12:59:59-07:00" level=info msg="Monitor process killed" monitor=serial-monitor
time="2025-08-14T12:59:59-07:00" level=info msg="Updating index" url="https://raw.githubusercontent.com/espressif/arduino-esp32/gh-pages/package_esp32_index.json"
time="2025-08-14T12:59:59-07:00" level=info msg="Starting download" url="https://raw.githubusercontent.com/espressif/arduino-esp32/gh-pages/package_esp32_index.json"
2025-08-14 12:59:59 2025-08-14T19:59:59.958Z daemon INFO time="2025-08-14T12:59:59-07:00" level=info msg="Starting monitor process" monitor=serial-monitor
time="2025-08-14T12:59:59-07:00" level=info msg="Monitor process started successfully!" monitor=serial-monitor
time="2025-08-14T12:59:59-07:00" level=info msg="sending command" command="HELLO 1 \"arduino-cli 1.2.0\"" monitor=serial-monitor
2025-08-14 12:59:59 2025-08-14T19:59:59.960Z root INFO core-client-provider [platform-index] Downloading index: package_esp32_index.json

2025-08-14 12:59:59 2025-08-14T19:59:59.960Z daemon INFO time="2025-08-14T12:59:59-07:00" level=info msg="received message" error=false event_type=hello message=OK monitor=serial-monitor
time="2025-08-14T12:59:59-07:00" level=info msg="sending command" command=DESCRIBE monitor=serial-monitor
time="2025-08-14T12:59:59-07:00" level=info msg="received message" error=false event_type=describe message=OK monitor=serial-monitor
time="2025-08-14T12:59:59-07:00" level=info msg="sending command" command="CONFIGURE baudrate 115200" monitor=serial-monitor
time="2025-08-14T12:59:59-07:00" level=info msg="received message" error=false event_type=configure message=OK monitor=serial-monitor
time="2025-08-14T12:59:59-07:00" level=info msg="sending command" command="CONFIGURE bits 8" monitor=serial-monitor
time="2025-08-14T12:59:59-07:00" level=info msg="received message" error=false event_type=configure message=OK monitor=serial-monitor
time="2025-08-14T12:59:59-07:00" level=info msg="sending command" command="CONFIGURE dtr on" monitor=serial-monitor
time="2025-08-14T12:59:59-07:00" level=info msg="received message" error=false event_type=configure message=OK monitor=serial-monitor
time="2025-08-14T12:59:59-07:00" level=info msg="sending command" command="CONFIGURE parity none" monitor=serial-monitor
2025-08-14 12:59:59 2025-08-14T19:59:59.960Z daemon INFO time="2025-08-14T12:59:59-07:00" level=info msg="received message" error=false event_type=configure message=OK monitor=serial-monitor
time="2025-08-14T12:59:59-07:00" level=info msg="sending command" command="CONFIGURE rts on" monitor=serial-monitor
2025-08-14 12:59:59 2025-08-14T19:59:59.961Z daemon INFO time="2025-08-14T12:59:59-07:00" level=info msg="received message" error=false event_type=configure message=OK monitor=serial-monitor
time="2025-08-14T12:59:59-07:00" level=info msg="sending command" command="CONFIGURE stop_bits 1" monitor=serial-monitor
time="2025-08-14T12:59:59-07:00" level=info msg="received message" error=false event_type=configure message=OK monitor=serial-monitor
2025-08-14 12:59:59 2025-08-14T19:59:59.961Z daemon INFO time="2025-08-14T12:59:59-07:00" level=info msg="sending command" command="OPEN 127.0.0.1:36419 /dev/ttyACM0" monitor=serial-monitor
2025-08-14 12:59:59 2025-08-14T19:59:59.962Z daemon INFO time="2025-08-14T12:59:59-07:00" level=info msg="received message" error=false event_type=open message=OK monitor=serial-monitor
time="2025-08-14T12:59:59-07:00" level=info msg="Port /dev/ttyACM0 successfully opened"
2025-08-14 12:59:59 Update for version 2.3.6 is not available (latest version: 2.3.6, downgrade is allowed).
2025-08-14 12:59:59 2025-08-14T19:59:59.964Z monitor-service INFO Using port configuration for serial:/dev/ttyACM0: {"settingsList":[{"settingId":"baudrate","value":"115200"},{"settingId":"bits","value":"8"},{"settingId":"dtr","value":"on"},{"settingId":"parity","value":"none"},{"settingId":"rts","value":"on"},{"settingId":"stop_bits","value":"1"}]}
2025-08-14 12:59:59 2025-08-14T19:59:59.964Z monitor-service INFO started monitor to /dev/ttyACM0 using serial
2025-08-14 12:59:59 2025-08-14T19:59:59.996Z daemon INFO time="2025-08-14T12:59:59-07:00" level=info msg="Adding libraries dir" dir=/home/aaron/.arduino15/libraries isSingleLibrary=false location=ide
time="2025-08-14T12:59:59-07:00" level=info msg="Adding libraries dir" dir=/home/aaron/.arduino15/packages/esp32/hardware/esp32/3.3.0/libraries isSingleLibrary=false location=platform
time="2025-08-14T12:59:59-07:00" level=info msg="Adding libraries dir" dir=/home/aaron/Arduino/libraries isSingleLibrary=false location=user
2025-08-14 13:00:00 2025-08-14T20:00:00.278Z root ERROR ---- !!!SLOW!!! DURATION: search took 984.749 ms. Args: [{"type":"Updatable"}] ----
2025-08-14 13:00:00 2025-08-14T20:00:00.283Z root INFO Starting language server: esp32:esp32:XIAO_ESP32C3:UploadSpeed=921600,CDCOnBoot=default,CPUFreq=160,FlashFreq=80,FlashMode=qio,FlashSize=4M,PartitionScheme=default,DebugLevel=none,EraseFlash=none
2025-08-14 13:00:00 2025-08-14T20:00:00.289Z monitor-service INFO No port configuration changes have been detected. No need to send configure commands to the running monitor serial:/dev/ttyACM0.
2025-08-14 13:00:00 2025-08-14T20:00:00.289Z monitor-service INFO No port configuration changes have been detected. No need to send configure commands to the running monitor serial:/dev/ttyACM0.
2025-08-14 13:00:00 2025-08-14T20:00:00.290Z monitor-service INFO No port configuration changes have been detected. No need to send configure commands to the running monitor serial:/dev/ttyACM0.
2025-08-14 13:00:00 2025-08-14T20:00:00.290Z monitor-service INFO No port configuration changes have been detected. No need to send configure commands to the running monitor serial:/dev/ttyACM0.
2025-08-14 13:00:00 2025-08-14T20:00:00.290Z daemon INFO time="2025-08-14T13:00:00-07:00" level=info msg="Tool required for debug" tool="arduino:dfu-util@0.11.0-arduino5"
time="2025-08-14T13:00:00-07:00" level=info msg="Tool required for debug" tool="esp32:esp-rv32@2411"
time="2025-08-14T13:00:00-07:00" level=info msg="Tool required for debug" tool="esp32:esp-x32@2411"
time="2025-08-14T13:00:00-07:00" level=info msg="Tool required for debug" tool="esp32:esp32-arduino-libs@idf-release_v5.5-b66b5448-v1"
time="2025-08-14T13:00:00-07:00" level=info msg="Tool required for debug" tool="esp32:esptool_py@5.0.0"
time="2025-08-14T13:00:00-07:00" level=info msg="Tool required for debug" tool="esp32:mklittlefs@3.0.0-gnu12-dc7f933"
time="2025-08-14T13:00:00-07:00" level=info msg="Tool required for debug" tool="esp32:mkspiffs@0.2.3"
time="2025-08-14T13:00:00-07:00" level=info msg="Tool required for debug" tool="esp32:openocd-esp32@v0.12.0-esp32-20250422"
time="2025-08-14T13:00:00-07:00" level=info msg="Tool required for debug" tool="esp32:riscv32-esp-elf-gdb@16.2_20250324"
time="2025-08-14T13:00:00-07:00" level=info msg="Tool required for debug" tool="esp32:xtensa-esp-elf-gdb@16.2_20250324"
time="2025-08-14T13:00:00-07:00" level=info msg="Tool required for debug" tool="builtin:serial-monitor@0.15.0"
time="2025-08-14T13:00:00-07:00" level=info msg="Tool required for debug" tool="arduino:arduinoOTA@1.3.0"
time="2025-08-14T13:00:00-07:00" level=info msg="Tool required for debug" tool="builtin:mdns-discovery@1.0.9"
time="2025-08-14T13:00:00-07:00" level=info msg="Tool required for debug" tool="builtin:ctags@5.8-arduino11"
time="2025-08-14T13:00:00-07:00" level=info msg="Tool required for debug" tool="builtin:dfu-discovery@0.1.2"
time="2025-08-14T13:00:00-07:00" level=info msg="Tool required for debug" tool="arduino:avr-gcc@7.3.0-atmel3.6.1-arduino7"
2025-08-14 13:00:00 2025-08-14T20:00:00.291Z daemon INFO time="2025-08-14T13:00:00-07:00" level=info msg="Tool required for debug" tool="builtin:serial-discovery@1.4.1"
time="2025-08-14T13:00:00-07:00" level=info msg="Tool required for debug" tool="arduino:avrdude@6.3.0-arduino17"
2025-08-14 13:00:00 2025-08-14T20:00:00.306Z daemon INFO time="2025-08-14T13:00:00-07:00" level=info msg="Tool required for debug" tool="arduino:dfu-util@0.11.0-arduino5"
2025-08-14 13:00:00 2025-08-14T20:00:00.306Z daemon INFO time="2025-08-14T13:00:00-07:00" level=info msg="Tool required for debug" tool="esp32:esp-rv32@2411"
time="2025-08-14T13:00:00-07:00" level=info msg="Tool required for debug" tool="esp32:esp-x32@2411"
2025-08-14 13:00:00 2025-08-14T20:00:00.306Z daemon INFO time="2025-08-14T13:00:00-07:00" level=info msg="Tool required for debug" tool="esp32:esp32-arduino-libs@idf-release_v5.5-b66b5448-v1"
time="2025-08-14T13:00:00-07:00" level=info msg="Tool required for debug" tool="esp32:esptool_py@5.0.0"
time="2025-08-14T13:00:00-07:00" level=info msg="Tool required for debug" tool="esp32:mklittlefs@3.0.0-gnu12-dc7f933"
time="2025-08-14T13:00:00-07:00" level=info msg="Tool required for debug" tool="esp32:mkspiffs@0.2.3"
2025-08-14 13:00:00 2025-08-14T20:00:00.306Z daemon INFO time="2025-08-14T13:00:00-07:00" level=info msg="Tool required for debug" tool="esp32:openocd-esp32@v0.12.0-esp32-20250422"
2025-08-14 13:00:00 2025-08-14T20:00:00.306Z daemon INFO time="2025-08-14T13:00:00-07:00" level=info msg="Tool required for debug" tool="esp32:riscv32-esp-elf-gdb@16.2_20250324"
2025-08-14 13:00:00 2025-08-14T20:00:00.306Z daemon INFO time="2025-08-14T13:00:00-07:00" level=info msg="Tool required for debug" tool="esp32:xtensa-esp-elf-gdb@16.2_20250324"
time="2025-08-14T13:00:00-07:00" level=info msg="Tool required for debug" tool="builtin:mdns-discovery@1.0.9"
time="2025-08-14T13:00:00-07:00" level=info msg="Tool required for debug" tool="builtin:dfu-discovery@0.1.2"
2025-08-14 13:00:00 2025-08-14T20:00:00.306Z daemon INFO time="2025-08-14T13:00:00-07:00" level=info msg="Tool required for debug" tool="builtin:serial-discovery@1.4.1"
2025-08-14 13:00:00 2025-08-14T20:00:00.306Z daemon INFO time="2025-08-14T13:00:00-07:00" level=info msg="Tool required for debug" tool="arduino:arduinoOTA@1.3.0"
time="2025-08-14T13:00:00-07:00" level=info msg="Tool required for debug" tool="arduino:avrdude@6.3.0-arduino17"
time="2025-08-14T13:00:00-07:00" level=info msg="Tool required for debug" tool="builtin:serial-monitor@0.15.0"
time="2025-08-14T13:00:00-07:00" level=info msg="Tool required for debug" tool="arduino:avr-gcc@7.3.0-atmel3.6.1-arduino7"
time="2025-08-14T13:00:00-07:00" level=info msg="Tool required for debug" tool="builtin:ctags@5.8-arduino11"
2025-08-14 13:00:00 2025-08-14T20:00:00.509Z daemon INFO time="2025-08-14T13:00:00-07:00" level=info msg="Tool required for debug" tool="arduino:dfu-util@0.11.0-arduino5"
time="2025-08-14T13:00:00-07:00" level=info msg="Tool required for debug" tool="esp32:esp-rv32@2411"
time="2025-08-14T13:00:00-07:00" level=info msg="Tool required for debug" tool="esp32:esp-x32@2411"
time="2025-08-14T13:00:00-07:00" level=info msg="Tool required for debug" tool="esp32:esp32-arduino-libs@idf-release_v5.5-b66b5448-v1"
time="2025-08-14T13:00:00-07:00" level=info msg="Tool required for debug" tool="esp32:esptool_py@5.0.0"
time="2025-08-14T13:00:00-07:00" level=info msg="Tool required for debug" tool="esp32:mklittlefs@3.0.0-gnu12-dc7f933"
time="2025-08-14T13:00:00-07:00" level=info msg="Tool required for debug" tool="esp32:mkspiffs@0.2.3"
time="2025-08-14T13:00:00-07:00" level=info msg="Tool required for debug" tool="esp32:openocd-esp32@v0.12.0-esp32-20250422"
time="2025-08-14T13:00:00-07:00" level=info msg="Tool required for debug" tool="esp32:riscv32-esp-elf-gdb@16.2_20250324"
time="2025-08-14T13:00:00-07:00" level=info msg="Tool required for debug" tool="esp32:xtensa-esp-elf-gdb@16.2_20250324"
time="2025-08-14T13:00:00-07:00" level=info msg="Tool required for debug" tool="arduino:avrdude@6.3.0-arduino17"
time="2025-08-14T13:00:00-07:00" level=info msg="Tool required for debug" tool="arduino:arduinoOTA@1.3.0"
time="2025-08-14T13:00:00-07:00" level=info msg="Tool required for debug" tool="builtin:serial-discovery@1.4.1"
time="2025-08-14T13:00:00-07:00" level=info msg="Tool required for debug" tool="builtin:serial-monitor@0.15.0"
time="2025-08-14T13:00:00-07:00" level=info msg="Tool required for debug" tool="builtin:dfu-discovery@0.1.2"
time="2025-08-14T13:00:00-07:00" level=info msg="Tool required for debug" tool="builtin:mdns-discovery@1.0.9"
time="2025-08-14T13:00:00-07:00" level=info msg="Tool required for debug" tool="arduino:avr-gcc@7.3.0-atmel3.6.1-arduino7"
time="2025-08-14T13:00:00-07:00" level=info msg="Tool required for debug" tool="builtin:ctags@5.8-arduino11"
time="2025-08-14T13:00:00-07:00" level=info msg="Tool required for debug" tool="arduino:dfu-util@0.11.0-arduino5"
time="2025-08-14T13:00:00-07:00" level=info msg="Tool required for debug" tool="esp32:esp-rv32@2411"
time="2025-08-14T13:00:00-07:00" level=info msg="Tool required for debug" tool="esp32:esp-x32@2411"
time="2025-08-14T13:00:00-07:00" level=info msg="Tool required for debug" tool="esp32:esp32-arduino-libs@idf-release_v5.5-b66b5448-v1"
time="2025-08-14T13:00:00-07:00" level=info msg="Tool required for debug" tool="esp32:esptool_py@5.0.0"
time="2025-08-14T13:00:00-07:00" level=info msg="Tool required for debug" tool="esp32:mklittlefs@3.0.0-gnu12-dc7f933"
time="2025-08-14T13:00:00-07:00" level=info msg="Tool required for debug" tool="esp32:mkspiffs@0.2.3"
time="2025-08-14T13:00:00-07:00" level=info msg="Tool required for debug" tool="esp32:openocd-esp32@v0.12.0-esp32-20250422"
time="2025-08-14T13:00:00-07:00" level=info msg="Tool required for debug" tool="esp32:riscv32-esp-elf-gdb@16.2_20250324"
time="2025-08-14T13:00:00-07:00" level=info msg="Tool required for debug" tool="esp32:xtensa-esp-elf-gdb@16.2_20250324"
time="2025-08-14T13:00:00-07:00" level=info msg="Tool required for debug" tool="builtin:dfu-discovery@0.1.2"
time="2025-08-14T13:00:00-07:00" level=info msg="Tool required for debug" tool="builtin:mdns-discovery@1.0.9"
time="2025-08-14T13:00:00-07:00" level=info msg="Tool required for debug" tool="builtin:serial-discovery@1.4.1"
time="2025-08-14T13:00:00-07:00" level=info msg="Tool required for debug" tool="arduino:arduinoOTA@1.3.0"
time="2025-08-14T13:00:00-07:00" level=info msg="Tool required for debug" tool="arduino:avrdude@6.3.0-arduino17"
time="2025-08-14T13:00:00-07:00" level=info msg="Tool required for debug" tool="builtin:serial-monitor@0.15.0"
time="2025-08-14T13:00:00-07:00" level=info msg="Tool required for debug" tool="arduino:avr-gcc@7.3.0-atmel3.6.1-arduino7"
time="2025-08-14T13:00:00-07:00" level=info msg="Tool required for debug" tool="builtin:ctags@5.8-arduino11"
time="2025-08-14T13:00:00-07:00" level=info msg="Adding libraries dir" dir=/home/aaron/.arduino15/libraries isSingleLibrary=false location=ide
time="2025-08-14T13:00:00-07:00" level=info msg="Adding libraries dir" dir=/home/aaron/.arduino15/packages/esp32/hardware/esp32/3.3.0/libraries isSingleLibrary=false location=platform
time="2025-08-14T13:00:00-07:00" level=info msg="Adding libraries dir" dir=/home/aaron/Arduino/libraries isSingleLibrary=false location=user
time="2025-08-14T13:00:00-07:00" level=info msg="Tool required for debug" tool="arduino:dfu-util@0.11.0-arduino5"
time="2025-08-14T13:00:00-07:00" level=info msg="Tool required for debug" tool="esp32:esp-rv32@2411"
time="2025-08-14T13:00:00-07:00" level=info msg="Tool required for debug" tool="esp32:esp-x32@2411"
time="2025-08-14T13:00:00-07:00" level=info msg="Tool required for debug" tool="esp32:esp32-arduino-libs@idf-release_v5.5-b66b5448-v1"
time="2025-08-14T13:00:00-07:00" level=info msg="Tool required for debug" tool="esp32:esptool_py@5.0.0"
time="2025-08-14T13:00:00-07:00" level=info msg="Tool required for debug" tool="esp32:mklittlefs@3.0.0-gnu12-dc7f933"
time="2025-08-14T13:00:00-07:00" level=info msg="Tool required for debug" tool="esp32:mkspiffs@0.2.3"
time="2025-08-14T13:00:00-07:00" level=info msg="Tool required for debug" tool="esp32:openocd-esp32@v0.12.0-esp32-20250422"
time="2025-08-14T13:00:00-07:00" level=info msg="Tool required for debug" tool="esp32:riscv32-esp-elf-gdb@16.2_20250324"
time="2025-08-14T13:00:00-07:00" level=info msg="Tool required for debug" tool="esp32:xtensa-esp-elf-gdb@16.2_20250324"
time="2025-08-14T13:00:00-07:00" level=info msg="Tool required for debug" tool="builtin:serial-discovery@1.4.1"
time="2025-08-14T13:00:00-07:00" level=info msg="Tool required for debug" tool="arduino:avr-gcc@7.3.0-atmel3.6.1-arduino7"
time="2025-08-14T13:00:00-07:00" level=info msg="Tool required for debug" tool="builtin:mdns-discovery@1.0.9"
time="2025-08-14T13:00:00-07:00" level=info msg="Tool required for debug" tool="arduino:arduinoOTA@1.3.0"
time="2025-08-14T13:00:00-07:00" level=info msg="Tool required for debug" tool="arduino:avrdude@6.3.0-arduino17"
time="2025-08-14T13:00:00-07:00" level=info msg="Tool required for debug" tool="builtin:ctags@5.8-arduino11"
time="2025-08-14T13:00:00-07:00" level=info msg="Tool required for debug" tool="builtin:serial-monitor@0.15.0"
time="2025-08-14T13:00:00-07:00" level=info msg="Tool required for debug" tool="builtin:dfu-discovery@0.1.2"
time="2025-08-14T13:00:00-07:00" level=info msg="Tool required for debug" tool="arduino:dfu-util@0.11.0-arduino5"
time="2025-08-14T13:00:00-07:00" level=info msg="Tool required for debug" tool="esp32:esp-rv32@2411"
time="2025-08-14T13:00:00-07:00" level=info msg="Tool required for debug" tool="esp32:esp-x32@2411"
time="2025-08-14T13:00:00-07:00" level=info msg="Tool required for debug" tool="esp32:esp32-arduino-libs@idf-release_v5.5-b66b5448-v1"
time="2025-08-14T13:00:00-07:00" level=info msg="Tool required for debug" tool="esp32:esptool_py@5.0.0"
time="2025-08-14T13:00:00-07:00" level=info msg="Tool required for debug" tool="esp32:mklittlefs@3.0.0-gnu12-dc7f933"
time="2025-08-14T13:00:00-07:00" level=info msg="Tool required for debug" tool="esp32:mkspiffs@0.2.3"
time="2025-08-14T13:00:00-07:00" level=info msg="Tool required for debug" tool="esp32:openocd-esp32@v0.12.0-esp32-20250422"
time="2025-08-14T13:00:00-07:00" level=info msg="Tool required for debug" tool="esp32:riscv32-esp-elf-gdb@16.2_20250324"
time="2025-08-14T13:00:00-07:00" level=info msg="Tool required for debug" tool="esp32:xtensa-esp-elf-gdb@16.2_20250324"
time="2025-08-14T13:00:00-07:00" level=info msg="Tool required for debug" tool="builtin:mdns-discovery@1.0.9"
time="2025-08-14T13:00:00-07:00" level=info msg="Tool required for debug" tool="builtin:serial-discovery@1.4.1"
time="2025-08-14T13:00:00-07:00" level=info msg="Tool required for debug" tool="arduino:arduinoOTA@1.3.0"
time="2025-08-14T13:00:00-07:00" level=info msg="Tool required for debug" tool="arduino:avr-gcc@7.3.0-atmel3.6.1-arduino7"
time="2025-08-14T13:00:00-07:00" level=info msg="Tool required for debug" tool="builtin:ctags@5.8-arduino11"
time="2025-08-14T13:00:00-07:00" level=info msg="Tool required for debug" tool="builtin:serial-monitor@0.15.0"
time="2025-08-14T13:00:00-07:00" level=info msg="Tool required for debug" tool="arduino:avrdude@6.3.0-arduino17"
time="2025-08-14T13:00:00-07:00" level=info msg="Tool required for debug" tool="builtin:dfu-discovery@0.1.2"
time="2025-08-14T13:00:00-07:00" level=info msg="Tool required for debug" tool="arduino:dfu-util@0.11.0-arduino5"
time="2025-08-14T13:00:00-07:00" level=info msg="Tool required for debug" tool="esp32:esp-rv32@2411"
time="2025-08-14T13:00:00-07:00" level=info msg="Tool required for debug" tool="esp32:esp-x32@2411"
time="2025-08-14T13:00:00-07:00" level=info msg="Tool required for debug" tool="esp32:esp32-arduino-libs@idf-release_v5.5-b66b5448-v1"
time="2025-08-14T13:00:00-07:00" level=info msg="Tool required for debug" tool="esp32:esptool_py@5.0.0"
time="2025-08-14T13:00:00-07:00" level=info msg="Tool required for debug" tool="esp32:mklittlefs@3.0.0-gnu12-dc7f933"
time="2025-08-14T13:00:00-07:00" level=info msg="Tool required for debug" tool="esp32:mkspiffs@0.2.3"
time="2025-08-14T13:00:00-07:00" level=info msg="Tool required for debug" tool="esp32:openocd-esp32@v0.12.0-esp32-20250422"
time="2025-08-14T13:00:00-07:00" level=info msg="Tool required for debug" tool="esp32:riscv32-esp-elf-gdb@16.2_20250324"
time="2025-08-14T13:00:00-07:00" level=info msg="Tool required for debug" tool="esp32:xtensa-esp-elf-gdb@16.2_20250324"
time="2025-08-14T13:00:00-07:00" level=info msg="Tool required for debug" tool="arduino:arduinoOTA@1.3.0"
time="2025-08-14T13:00:00-07:00" level=info msg="Tool required for debug" tool="builtin:ctags@5.8-arduino11"
time="2025-08-14T13:00:00-07:00" level=info msg="Tool required for debug" tool="builtin:dfu-discovery@0.1.2"
time="2025-08-14T13:00:00-07:00" level=info msg="Tool required for debug" tool="builtin:serial-discovery@1.4.1"
time="2025-08-14T13:00:00-07:00" level=info msg="Tool required for debug" tool="arduino:avr-gcc@7.3.0-atmel3.6.1-arduino7"
time="2025-08-14T13:00:00-07:00" level=info msg="Tool required for debug" tool="builtin:mdns-discovery@1.0.9"
time="2025-08-14T13:00:00-07:00" level=info msg="Tool required for debug" tool="builtin:serial-monitor@0.15.0"
time="2025-08-14T13:00:00-07:00" level=info msg="Tool required for debug" tool="arduino:avrdude@6.3.0-arduino17"
time="2025-08-14T13:00:00-07:00" level=info msg="Tool required for debug" tool="arduino:dfu-util@0.11.0-arduino5"
time="2025-08-14T13:00:00-07:00" level=info msg="Tool required for debug" tool="esp32:esp-rv32@2411"
time="2025-08-14T13:00:00-07:00" level=info msg="Tool required for debug" tool="esp32:esp-x32@2411"
time="2025-08-14T13:00:00-07:00" level=info msg="Tool required for debug" tool="esp32:esp32-arduino-libs@idf-release_v5.5-b66b5448-v1"
time="2025-08-14T13:00:00-07:00" level=info msg="Tool required for debug" tool="esp32:esptool_py@5.0.0"
time="2025-08-14T13:00:00-07:00" level=info msg="Tool required for debug" tool="esp32:mklittlefs@3.0.0-gnu12-dc7f933"
time="2025-08-14T13:00:00-07:00" level=info msg="Tool required for debug" tool="esp32:mkspiffs@0.2.3"
time="2025-08-14T13:00:00-07:00" level=info msg="Tool required for debug" tool="esp32:openocd-esp32@v0.12.0-esp32-20250422"
time="2025-08-14T13:00:00-07:00" level=info msg="Tool required for debug" tool="esp32:riscv32-esp-elf-gdb@16.2_20250324"
time="2025-08-14T13:00:00-07:00" level=info msg="Tool required for debug" tool="esp32:xtensa-esp-elf-gdb@16.2_20250324"
time="2025-08-14T13:00:00-07:00" level=info msg="Tool required for debug" tool="builtin:ctags@5.8-arduino11"
time="2025-08-14T13:00:00-07:00" level=info msg="Tool required for debug" tool="arduino:arduinoOTA@1.3.0"
time="2025-08-14T13:00:00-07:00" level=info msg="Tool required for debug" tool="builtin:serial-discovery@1.4.1"
time="2025-08-14T13:00:00-07:00" level=info msg="Tool required for debug" tool="builtin:dfu-discovery@0.1.2"
time="2025-08-14T13:00:00-07:00" level=info msg="Tool required for debug" tool="arduino:avr-gcc@7.3.0-atmel3.6.1-arduino7"
time="2025-08-14T13:00:00-07:00" level=info msg="Tool required for debug" tool="builtin:mdns-discovery@1.0.9"
time="2025-08-14T13:00:00-07:00" level=info msg="Tool required for debug" tool="arduino:avrdude@6.3.0-arduino17"
time="2025-08-14T13:00:00-07:00" level=info msg="Tool required for debug" tool="builtin:serial-monitor@0.15.0"
time="2025-08-14T13:00:00-07:00" level=info msg="Tool required for debug" tool="arduino:dfu-util@0.11.0-arduino5"
time="2025-08-14T13:00:00-07:00" level=info msg="Tool required for debug" tool="esp32:esp-rv32@2411"
time="2025-08-14T13:00:00-07:00" level=info msg="Tool required for debug" tool="esp32:esp-x32@2411"
time="2025-08-14T13:00:00-07:00" level=info msg="Tool required for debug" tool="esp32:esp32-arduino-libs@idf-release_v5.5-b66b5448-v1"
time="2025-08-14T13:00:00-07:00" level=info msg="Tool required for debug" tool="esp32:esptool_py@5.0.0"
time="2025-08-14T13:00:00-07:00" level=info msg="Tool required for debug" tool="esp32:mklittlefs@3.0.0-gnu12-dc7f933"
time="2025-08-14T13:00:00-07:00" level=info msg="Tool required for debug" tool="esp32:mkspiffs@0.2.3"
time="2025-08-14T13:00:00-07:00" level=info msg="Tool required for debug" tool="esp32:openocd-esp32@v0.12.0-esp32-20250422"
time="2025-08-14T13:00:00-07:00" level=info msg="Tool required for debug" tool="esp32:riscv32-esp-elf-gdb@16.2_20250324"
time="2025-08-14T13:00:00-07:00" level=info msg="Tool required for debug" tool="esp32:xtensa-esp-elf-gdb@16.2_20250324"
time="2025-08-14T13:00:00-07:00" level=info msg="Tool required for debug" tool="builtin:mdns-discovery@1.0.9"
time="2025-08-14T13:00:00-07:00" level=info msg="Tool required for debug" tool="builtin:serial-monitor@0.15.0"
time="2025-08-14T13:00:00-07:00" level=info msg="Tool required for debug" tool="builtin:ctags@5.8-arduino11"
time="2025-08-14T13:00:00-07:00" level=info msg="Tool required for debug" tool="builtin:serial-discovery@1.4.1"
time="2025-08-14T13:00:00-07:00" level=info msg="Tool required for debug" tool="builtin:dfu-discovery@0.1.2"
time="2025-08-14T13:00:00-07:00" level=info msg="Tool required for debug" tool="arduino:avr-gcc@7.3.0-atmel3.6.1-arduino7"
time="2025-08-14T13:00:00-07:00" level=info msg="Tool required for debug" tool="arduino:arduinoOTA@1.3.0"
time="2025-08-14T13:00:00-07:00" level=info msg="Tool required for debug" tool="arduino:avrdude@6.3.0-arduino17"
time="2025-08-14T13:00:00-07:00" level=info msg="Tool required for debug" tool="arduino:dfu-util@0.11.0-arduino5"
time="2025-08-14T13:00:00-07:00" level=info msg="Tool required for debug" tool="esp32:esp-rv32@2411"
time="2025-08-14T13:00:00-07:00" level=info msg="Tool required for debug" tool="esp32:esp-x32@2411"
time="2025-08-14T13:00:00-07:00" level=info msg="Tool required for debug" tool="esp32:esp32-arduino-libs@idf-release_v5.5-b66b5448-v1"
time="2025-08-14T13:00:00-07:00" level=info msg="Tool required for debug" tool="esp32:esptool_py@5.0.0"
time="2025-08-14T13:00:00-07:00" level=info msg="Tool required for debug" tool="esp32:mklittlefs@3.0.0-gnu12-dc7f933"
time="2025-08-14T13:00:00-07:00" level=info msg="Tool required for debug" tool="esp32:mkspiffs@0.2.3"
time="2025-08-14T13:00:00-07:00" level=info msg="Tool required for debug" tool="esp32:openocd-esp32@v0.12.0-esp32-20250422"
time="2025-08-14T13:00:00-07:00" level=info msg="Tool required for debug" tool="esp32:riscv32-esp-elf-gdb@16.2_20250324"
time="2025-08-14T13:00:00-07:00" level=info msg="Tool required for debug" tool="esp32:xtensa-esp-elf-gdb@16.2_20250324"
time="2025-08-14T13:00:00-07:00" level=info msg="Tool required for debug" tool="builtin:ctags@5.8-arduino11"
time="2025-08-14T13:00:00-07:00" level=info msg="Tool required for debug" tool="builtin:dfu-discovery@0.1.2"
time="2025-08-14T13:00:00-07:00" level=info msg="Tool required for debug" tool="builtin:serial-monitor@0.15.0"
time="2025-08-14T13:00:00-07:00" level=info msg="Tool required for debug" tool="arduino:arduinoOTA@1.3.0"
time="2025-08-14T13:00:00-07:00" level=info msg="Tool required for debug" tool="arduino:avr-gcc@7.3.0-atmel3.6.1-arduino7"
time="2025-08-14T13:00:00-07:00" level=info msg="Tool required for debug" tool="arduino:avrdude@6.3.0-arduino17"
time="2025-08-14T13:00:00-07:00" level=info msg="Tool required for debug" tool="builtin:mdns-discovery@1.0.9"
time="2025-08-14T13:00:00-07:00" level=info msg="Tool required for debug" tool="builtin:serial-discovery@1.4.1"
2025-08-14 13:00:01 2025-08-14T20:00:01.106Z daemon INFO time="2025-08-14T13:00:01-07:00" level=info msg="Resolving include SD.h for arch esp32"
time="2025-08-14T13:00:01-07:00" level=info msg="  found better lib" lib=SD prio=6A4
2025-08-14 13:00:01 2025-08-14T20:00:01.106Z daemon INFO time="2025-08-14T13:00:01-07:00" level=info msg="  found better lib" lib=SD prio=6B0
2025-08-14 13:00:01 2025-08-14T20:00:01.516Z daemon INFO time="2025-08-14T13:00:01-07:00" level=info msg="Resolving include TinyGPSPlus.h for arch esp32"
time="2025-08-14T13:00:01-07:00" level=info msg="  found better lib" lib=TinyGPSPlus-ESP32 prio=521
time="2025-08-14T13:00:01-07:00" level=info msg="  discarded" lib=TinyGPSPlusPlus prio=517
2025-08-14 13:00:01 2025-08-14T20:00:01.700Z daemon INFO time="2025-08-14T13:00:01-07:00" level=info msg="Resolving include FS.h for arch esp32"
2025-08-14 13:00:01 2025-08-14T20:00:01.700Z daemon INFO time="2025-08-14T13:00:01-07:00" level=info msg="  found better lib" lib=FS prio=6B0
2025-08-14 13:00:01 2025-08-14T20:00:01.767Z daemon INFO time="2025-08-14T13:00:01-07:00" level=info msg="Checking signature" index=/home/aaron/.arduino15/package_index.json signatureFile=/home/aaron/.arduino15/package_index.json.sig trusted=true
2025-08-14 13:00:01 2025-08-14T20:00:01.775Z daemon INFO time="2025-08-14T13:00:01-07:00" level=info msg="Missing signature file" index=/home/aaron/.arduino15/package_esp32_index.json
2025-08-14 13:00:01 2025-08-14T20:00:01.775Z daemon INFO time="2025-08-14T13:00:01-07:00" level=info msg="Loading hardware from: /home/aaron/.arduino15/packages"
2025-08-14 13:00:01 2025-08-14T20:00:01.775Z daemon INFO time="2025-08-14T13:00:01-07:00" level=info msg="Loading package arduino from: /home/aaron/.arduino15/packages/arduino/hardware"
2025-08-14 13:00:01 2025-08-14T20:00:01.778Z daemon INFO time="2025-08-14T13:00:01-07:00" level=info msg="Missing signature file" index=/home/aaron/.arduino15/packages/arduino/hardware/avr/1.8.6/installed.json
2025-08-14 13:00:01 2025-08-14T20:00:01.782Z daemon INFO time="2025-08-14T13:00:01-07:00" level=info msg="Adding monitor tool" protocol=serial tool="builtin:serial-monitor"
time="2025-08-14T13:00:01-07:00" level=info msg="Loaded platform" platform="arduino:avr@1.8.6"
time="2025-08-14T13:00:01-07:00" level=info msg="Checking existence of 'tools' path: /home/aaron/.arduino15/packages/arduino/tools"
time="2025-08-14T13:00:01-07:00" level=info msg="Loading tools from dir: /home/aaron/.arduino15/packages/arduino/tools"
2025-08-14 13:00:01 2025-08-14T20:00:01.782Z daemon INFO time="2025-08-14T13:00:01-07:00" level=info msg="Loaded tool" tool="arduino:arduinoOTA@1.3.0"
2025-08-14 13:00:01 2025-08-14T20:00:01.782Z daemon INFO time="2025-08-14T13:00:01-07:00" level=info msg="Loaded tool" tool="arduino:avr-gcc@7.3.0-atmel3.6.1-arduino7"
time="2025-08-14T13:00:01-07:00" level=info msg="Loaded tool" tool="arduino:avrdude@6.3.0-arduino17"
time="2025-08-14T13:00:01-07:00" level=info msg="Loaded tool" tool="arduino:dfu-util@0.11.0-arduino5"
2025-08-14 13:00:01 2025-08-14T20:00:01.782Z daemon INFO time="2025-08-14T13:00:01-07:00" level=info msg="Loading package builtin from: /home/aaron/.arduino15/packages/builtin"
time="2025-08-14T13:00:01-07:00" level=info msg="Checking existence of 'tools' path: /home/aaron/.arduino15/packages/builtin/tools"
2025-08-14 13:00:01 2025-08-14T20:00:01.783Z daemon INFO time="2025-08-14T13:00:01-07:00" level=info msg="Loading tools from dir: /home/aaron/.arduino15/packages/builtin/tools"
2025-08-14 13:00:01 2025-08-14T20:00:01.783Z daemon INFO time="2025-08-14T13:00:01-07:00" level=info msg="Loaded tool" tool="builtin:ctags@5.8-arduino11"
2025-08-14 13:00:01 2025-08-14T20:00:01.783Z daemon INFO time="2025-08-14T13:00:01-07:00" level=info msg="Loaded tool" tool="builtin:dfu-discovery@0.1.2"
time="2025-08-14T13:00:01-07:00" level=info msg="Loaded tool" tool="builtin:mdns-discovery@1.0.9"
2025-08-14 13:00:01 2025-08-14T20:00:01.783Z daemon INFO time="2025-08-14T13:00:01-07:00" level=info msg="Loaded tool" tool="builtin:serial-discovery@1.4.1"
2025-08-14 13:00:01 2025-08-14T20:00:01.783Z daemon INFO time="2025-08-14T13:00:01-07:00" level=info msg="Loaded tool" tool="builtin:serial-monitor@0.15.0"
time="2025-08-14T13:00:01-07:00" level=info msg="Loading package esp32 from: /home/aaron/.arduino15/packages/esp32/hardware"
2025-08-14 13:00:01 2025-08-14T20:00:01.785Z daemon INFO time="2025-08-14T13:00:01-07:00" level=info msg="Missing signature file" index=/home/aaron/.arduino15/packages/esp32/hardware/esp32/3.3.0/installed.json
2025-08-14 13:00:01 2025-08-14T20:00:01.931Z daemon INFO time="2025-08-14T13:00:01-07:00" level=info msg="Adding monitor tool" protocol=serial tool="builtin:serial-monitor"
time="2025-08-14T13:00:01-07:00" level=info msg="Loaded platform" platform="esp32:esp32@3.3.0"
time="2025-08-14T13:00:01-07:00" level=info msg="Checking existence of 'tools' path: /home/aaron/.arduino15/packages/esp32/tools"
time="2025-08-14T13:00:01-07:00" level=info msg="Loading tools from dir: /home/aaron/.arduino15/packages/esp32/tools"
time="2025-08-14T13:00:01-07:00" level=info msg="Loaded tool" tool="esp32:esp-rv32@2411"
time="2025-08-14T13:00:01-07:00" level=info msg="Loaded tool" tool="esp32:esp-x32@2411"
time="2025-08-14T13:00:01-07:00" level=info msg="Loaded tool" tool="esp32:esp32-arduino-libs@idf-release_v5.5-b66b5448-v1"
time="2025-08-14T13:00:01-07:00" level=info msg="Loaded tool" tool="esp32:esptool_py@5.0.0"
time="2025-08-14T13:00:01-07:00" level=info msg="Loaded tool" tool="esp32:mklittlefs@3.0.0-gnu12-dc7f933"
time="2025-08-14T13:00:01-07:00" level=info msg="Loaded tool" tool="esp32:mkspiffs@0.2.3"
time="2025-08-14T13:00:01-07:00" level=info msg="Loaded tool" tool="esp32:openocd-esp32@v0.12.0-esp32-20250422"
time="2025-08-14T13:00:01-07:00" level=info msg="Loaded tool" tool="esp32:riscv32-esp-elf-gdb@16.2_20250324"
time="2025-08-14T13:00:01-07:00" level=info msg="Loaded tool" tool="esp32:xtensa-esp-elf-gdb@16.2_20250324"
2025-08-14 13:00:01 2025-08-14T20:00:01.935Z daemon INFO time="2025-08-14T13:00:01-07:00" level=info msg="Discovery event channel closed builtin:serial-discovery. Exiting goroutine."
2025-08-14 13:00:01 2025-08-14T20:00:01.936Z discovery-log INFO {"eventType":"remove","port":{"matchingBoardsList":[],"port":{"address":"/dev/ttyACM0","label":"/dev/ttyACM0","protocol":"serial","protocolLabel":"Serial Port (USB)","propertiesMap":[],"hardwareId":""}},"error":""}
2025-08-14 13:00:01 2025-08-14T20:00:01.936Z discovery-log INFO {"eventType":"remove","port":{"matchingBoardsList":[],"port":{"address":"/dev/ttyS0","label":"/dev/ttyS0","protocol":"serial","protocolLabel":"Serial Port","propertiesMap":[],"hardwareId":""}},"error":""}
2025-08-14 13:00:01 2025-08-14T20:00:01.936Z daemon INFO time="2025-08-14T13:00:01-07:00" level=info msg="Closed and removed discovery builtin:serial-discovery"
time="2025-08-14T13:00:01-07:00" level=error msg="Stopped decode loop: EOF" discovery="builtin:serial-discovery"
time="2025-08-14T13:00:01-07:00" level=info msg="Discovery event channel closed builtin:mdns-discovery. Exiting goroutine."
2025-08-14 13:00:01 2025-08-14T20:00:01.937Z daemon INFO time="2025-08-14T13:00:01-07:00" level=info msg="Closed and removed discovery builtin:mdns-discovery"
2025-08-14 13:00:01 2025-08-14T20:00:01.937Z daemon INFO time="2025-08-14T13:00:01-07:00" level=error msg="Stopped decode loop: EOF" discovery="builtin:mdns-discovery"
2025-08-14 13:00:01 2025-08-14T20:00:01.943Z discovery-log INFO {"eventType":"add","port":{"matchingBoardsList":[{"name":"ESP32 Family Device","fqbn":"esp32:esp32:esp32_family","isHidden":true}],"port":{"address":"/dev/ttyACM0","label":"/dev/ttyACM0","protocol":"serial","protocolLabel":"Serial Port (USB)","propertiesMap":[["pid","0x1001"],["serialNumber","94:A9:90:77:71:34"],["vid","0x303a"]],"hardwareId":"94:A9:90:77:71:34"}},"error":""}
2025-08-14 13:00:01 2025-08-14T20:00:01.944Z discovery-log INFO {"eventType":"add","port":{"matchingBoardsList":[],"port":{"address":"/dev/ttyS0","label":"/dev/ttyS0","protocol":"serial","protocolLabel":"Serial Port","propertiesMap":[],"hardwareId":""}},"error":""}
2025-08-14 13:00:01 2025-08-14T20:00:01.945Z daemon INFO time="2025-08-14T13:00:01-07:00" level=info msg="Adding libraries dir" dir=/home/aaron/.arduino15/packages/arduino/hardware/avr/1.8.6/libraries isSingleLibrary=false location=platform
2025-08-14 13:00:01 2025-08-14T20:00:01.945Z daemon INFO time="2025-08-14T13:00:01-07:00" level=info msg="Adding libraries dir" dir=/home/aaron/.arduino15/packages/esp32/hardware/esp32/3.3.0/libraries isSingleLibrary=false location=platform
time="2025-08-14T13:00:01-07:00" level=info msg="Loading libraries index file" index=/home/aaron/.arduino15/library_index.json
2025-08-14 13:00:02 2025-08-14T20:00:02.129Z daemon INFO time="2025-08-14T13:00:02-07:00" level=info msg="Resolving include WiFi.h for arch esp32"
time="2025-08-14T13:00:02-07:00" level=info msg="  found better lib" lib=WiFi prio=6B0
2025-08-14 13:00:02 2025-08-14T20:00:02.175Z root WARN Widget was activated, but did not accept focus after 2000ms: serial-monitor
2025-08-14 13:00:02 2025-08-14T20:00:02.318Z daemon INFO time="2025-08-14T13:00:02-07:00" level=info msg="Adding libraries dir" dir=/home/aaron/.arduino15/libraries isSingleLibrary=false location=ide
time="2025-08-14T13:00:02-07:00" level=info msg="Adding libraries dir" dir=/home/aaron/Arduino/libraries isSingleLibrary=false location=user
2025-08-14 13:00:02 2025-08-14T20:00:02.554Z daemon INFO time="2025-08-14T13:00:02-07:00" level=info msg="Resolving include SPI.h for arch esp32"
time="2025-08-14T13:00:02-07:00" level=info msg="  found better lib" lib=SPI prio=6B0
2025-08-14 13:00:02 2025-08-14T20:00:02.805Z daemon INFO time="2025-08-14T13:00:02-07:00" level=info msg="Resolving include Network.h for arch esp32"
time="2025-08-14T13:00:02-07:00" level=info msg="  found better lib" lib=Networking prio=64C
2025-08-14 13:00:03 2025-08-14T20:00:03.423Z daemon INFO time="2025-08-14T13:00:03-07:00" level=info msg="Resolving include SD_MMC.h for arch esp32"
time="2025-08-14T13:00:03-07:00" level=info msg="  found better lib" lib=SD_MMC prio=6B0
2025-08-14 13:00:03 2025-08-14T20:00:03.697Z daemon INFO time="2025-08-14T13:00:03-07:00" level=info msg="Resolving include BLEDevice.h for arch esp32"
time="2025-08-14T13:00:03-07:00" level=info msg="  found better lib" lib=BLE prio=3F4
2025-08-14 13:00:04 2025-08-14T20:00:04.213Z daemon INFO time="2025-08-14T13:00:04-07:00" level=info msg="Resolving include WiFi.h for arch esp32"
time="2025-08-14T13:00:04-07:00" level=info msg="  found better lib" lib=WiFi prio=6B0
2025-08-14 13:00:05 2025-08-14T20:00:05.186Z daemon INFO time="2025-08-14T13:00:05-07:00" level=info msg="Resolving include Network.h for arch esp32"
time="2025-08-14T13:00:05-07:00" level=info msg="  found better lib" lib=Networking prio=64C
2025-08-14 13:00:24 2025-08-14T20:00:24.343Z daemon INFO time="2025-08-14T13:00:24-07:00" level=info msg="Adding libraries dir" dir=/home/aaron/.arduino15/libraries isSingleLibrary=false location=ide
time="2025-08-14T13:00:24-07:00" level=info msg="Adding libraries dir" dir=/home/aaron/.arduino15/packages/esp32/hardware/esp32/3.3.0/libraries isSingleLibrary=false location=platform
time="2025-08-14T13:00:24-07:00" level=info msg="Adding libraries dir" dir=/home/aaron/Arduino/libraries isSingleLibrary=false location=user
2025-08-14 13:00:40 2025-08-14T20:00:40.113Z daemon INFO time="2025-08-14T13:00:40-07:00" level=info msg="Adding libraries dir" dir=/home/aaron/.arduino15/libraries isSingleLibrary=false location=ide
time="2025-08-14T13:00:40-07:00" level=info msg="Adding libraries dir" dir=/home/aaron/.arduino15/packages/esp32/hardware/esp32/3.3.0/libraries isSingleLibrary=false location=platform
time="2025-08-14T13:00:40-07:00" level=info msg="Adding libraries dir" dir=/home/aaron/Arduino/libraries isSingleLibrary=false location=user
2025-08-14 13:01:40 2025-08-14T20:01:40.304Z monitor-service INFO No port configuration changes have been detected. No need to send configure commands to the running monitor serial:/dev/ttyACM0.
2025-08-14 13:01:40 2025-08-14T20:01:40.308Z monitor-service INFO No port configuration changes have been detected. No need to send configure commands to the running monitor serial:/dev/ttyACM0.
2025-08-14 13:29:21 2025-08-14T20:29:21.083Z monitor-service INFO Updated the port configuration for serial:/dev/ttyACM0: {"settingsList":[{"settingId":"baudrate","value":"9600"},{"settingId":"bits","value":"8"},{"settingId":"dtr","value":"on"},{"settingId":"parity","value":"none"},{"settingId":"rts","value":"on"},{"settingId":"stop_bits","value":"1"}]}
2025-08-14 13:29:21 2025-08-14T20:29:21.084Z monitor-service INFO Sending monitor request with new port configuration: {"settingsList":[{"settingId":"baudrate","value":"9600"}]}
2025-08-14 13:29:21 2025-08-14T20:29:21.086Z daemon INFO time="2025-08-14T13:29:21-07:00" level=info msg="sending command" command="CONFIGURE baudrate 9600" monitor=serial-monitor
time="2025-08-14T13:29:21-07:00" level=info msg="received message" error=false event_type=configure message=OK monitor=serial-monitor
2025-08-14 13:29:27 2025-08-14T20:29:27.755Z monitor-service INFO No port configuration changes have been detected. No need to send configure commands to the running monitor serial:/dev/ttyACM0.
2025-08-14 13:29:27 2025-08-14T20:29:27.758Z monitor-service INFO No port configuration changes have been detected. No need to send configure commands to the running monitor serial:/dev/ttyACM0.
2025-08-14 13:29:35 2025-08-14T20:29:35.591Z monitor-service INFO Updated the port configuration for serial:/dev/ttyACM0: {"settingsList":[{"settingId":"baudrate","value":"115200"},{"settingId":"bits","value":"8"},{"settingId":"dtr","value":"on"},{"settingId":"parity","value":"none"},{"settingId":"rts","value":"on"},{"settingId":"stop_bits","value":"1"}]}
2025-08-14 13:29:35 2025-08-14T20:29:35.591Z monitor-service INFO Sending monitor request with new port configuration: {"settingsList":[{"settingId":"baudrate","value":"115200"}]}
2025-08-14 13:29:35 2025-08-14T20:29:35.592Z daemon INFO time="2025-08-14T13:29:35-07:00" level=info msg="sending command" command="CONFIGURE baudrate 115200" monitor=serial-monitor
time="2025-08-14T13:29:35-07:00" level=info msg="received message" error=false event_type=configure message=OK monitor=serial-monitor
2025-08-14 13:30:07 2025-08-14T20:30:07.791Z daemon INFO time="2025-08-14T13:30:07-07:00" level=info msg="Adding libraries dir" dir=/home/aaron/.arduino15/libraries isSingleLibrary=false location=ide
2025-08-14 13:30:07 2025-08-14T20:30:07.791Z daemon INFO time="2025-08-14T13:30:07-07:00" level=info msg="Adding libraries dir" dir=/home/aaron/.arduino15/packages/esp32/hardware/esp32/3.3.0/libraries isSingleLibrary=false location=platform
time="2025-08-14T13:30:07-07:00" level=info msg="Adding libraries dir" dir=/home/aaron/Arduino/libraries isSingleLibrary=false location=user
2025-08-14 13:30:08 2025-08-14T20:30:08.919Z daemon INFO time="2025-08-14T13:30:08-07:00" level=info msg="Adding libraries dir" dir=/home/aaron/.arduino15/libraries isSingleLibrary=false location=ide
time="2025-08-14T13:30:08-07:00" level=info msg="Adding libraries dir" dir=/home/aaron/.arduino15/packages/esp32/hardware/esp32/3.3.0/libraries isSingleLibrary=false location=platform
time="2025-08-14T13:30:08-07:00" level=info msg="Adding libraries dir" dir=/home/aaron/Arduino/libraries isSingleLibrary=false location=user
2025-08-14 13:30:10 2025-08-14T20:30:10.109Z daemon INFO time="2025-08-14T13:30:10-07:00" level=info msg="Resolving include TinyGPSPlus.h for arch esp32"
time="2025-08-14T13:30:10-07:00" level=info msg="  found better lib" lib=TinyGPSPlusPlus prio=517
2025-08-14 13:30:10 2025-08-14T20:30:10.109Z daemon INFO time="2025-08-14T13:30:10-07:00" level=info msg="  found better lib" lib=TinyGPSPlus-ESP32 prio=521
2025-08-14 13:30:10 2025-08-14T20:30:10.419Z daemon INFO time="2025-08-14T13:30:10-07:00" level=info msg="Adding libraries dir" dir=/home/aaron/.arduino15/libraries isSingleLibrary=false location=ide
time="2025-08-14T13:30:10-07:00" level=info msg="Adding libraries dir" dir=/home/aaron/.arduino15/packages/esp32/hardware/esp32/3.3.0/libraries isSingleLibrary=false location=platform
2025-08-14 13:30:10 2025-08-14T20:30:10.419Z daemon INFO time="2025-08-14T13:30:10-07:00" level=info msg="Adding libraries dir" dir=/home/aaron/Arduino/libraries isSingleLibrary=false location=user
2025-08-14 13:30:10 2025-08-14T20:30:10.981Z root INFO compiler-errors Current error changed to f;44
2025-08-14 13:30:11 2025-08-14T20:30:10.999Z root INFO compiler-errors Handling selection change in editor file:///home/aaron/projects/esp32_ble/master/master.ino. New (monaco) selection: [2,1 -> 2,1]
2025-08-14 13:30:19 2025-08-14T20:30:19.118Z root ERROR ---- !!!SLOW!!! DURATION: search took 624.044 ms. Args: [{"query":"","type":"All","topic":"All"}] ----
2025-08-14 13:30:22 2025-08-14T20:30:22.060Z root ERROR ---- !!!SLOW!!! DURATION: search took 280.266 ms. Args: [{"query":"tin","type":"All","topic":"All"}] ----
2025-08-14 13:30:22 2025-08-14T20:30:22.798Z root ERROR ---- !!!SLOW!!! DURATION: search took 228.024 ms. Args: [{"query":"tiny","type":"All","topic":"All"}] ----
2025-08-14 13:30:25 2025-08-14T20:30:25.331Z root ERROR ---- !!!SLOW!!! DURATION: search took 222.048 ms. Args: [{"query":"tinyGPS","type":"All","topic":"All"}] ----
2025-08-14 13:30:30 2025-08-14T20:30:30.961Z root INFO >>> Starting library package installation... {
  name: 'TinyGPSPlus',
  exampleUris: [],
  location: 0,
  installedVersion: undefined,
  author: 'Mikal Hart',
  availableVersions: [ '1.0.3' ],
  includes: [],
  description: "NMEA is the standard format GPS devices use to report location, time, altitude, etc. TinyGPSPlus is a compact, resilient library that parses the most common NMEA 'sentences' used: GGA and RMC. It can also be customized to extract data from *any* compliant sentence.",
  moreInfoLink: 'https://github.com/mikalhart/TinyGPSPlus',
  summary: 'TinyGPSPlus provides object-oriented parsing of GPS (NMEA) sentences',
  category: 'Communication',
  types: [ 'Contributed' ],
  index: 2
}
2025-08-14 13:30:30 2025-08-14T20:30:30.965Z discovery-log INFO stop
2025-08-14 13:30:30 2025-08-14T20:30:30.965Z discovery-log INFO >>> Stopping boards watcher...
2025-08-14 13:30:30 2025-08-14T20:30:30.965Z discovery-log INFO Canceling boards watcher...
2025-08-14 13:30:30 2025-08-14T20:30:30.965Z discovery-log INFO disposing requesting cancel
2025-08-14 13:30:30 2025-08-14T20:30:30.965Z discovery-log INFO disposing canceled
2025-08-14 13:30:30 2025-08-14T20:30:30.968Z discovery-log INFO error received
2025-08-14 13:30:30 2025-08-14T20:30:30.968Z discovery-log INFO cancel error received!
2025-08-14 13:30:30 2025-08-14T20:30:30.968Z discovery-log INFO stop received event: either end or cancel
2025-08-14 13:30:30 2025-08-14T20:30:30.968Z discovery-log INFO stop stopped
2025-08-14 13:30:30 2025-08-14T20:30:30.968Z discovery-log INFO received end
2025-08-14 13:30:31 2025-08-14T20:30:31.111Z daemon INFO time="2025-08-14T13:30:31-07:00" level=info msg="Installing library" library=TinyGPSPlus@1.0.3
2025-08-14 13:30:31 2025-08-14T20:30:31.132Z daemon INFO time="2025-08-14T13:30:31-07:00" level=info msg="Checking signature" index=/home/aaron/.arduino15/package_index.json signatureFile=/home/aaron/.arduino15/package_index.json.sig trusted=true
2025-08-14 13:30:31 2025-08-14T20:30:31.136Z daemon INFO time="2025-08-14T13:30:31-07:00" level=info msg="Missing signature file" index=/home/aaron/.arduino15/package_esp32_index.json
2025-08-14 13:30:31 2025-08-14T20:30:31.136Z daemon INFO time="2025-08-14T13:30:31-07:00" level=info msg="Loading hardware from: /home/aaron/.arduino15/packages"
time="2025-08-14T13:30:31-07:00" level=info msg="Loading package arduino from: /home/aaron/.arduino15/packages/arduino/hardware"
2025-08-14 13:30:31 2025-08-14T20:30:31.137Z daemon INFO time="2025-08-14T13:30:31-07:00" level=info msg="Missing signature file" index=/home/aaron/.arduino15/packages/arduino/hardware/avr/1.8.6/installed.json
2025-08-14 13:30:31 2025-08-14T20:30:31.139Z daemon INFO time="2025-08-14T13:30:31-07:00" level=info msg="Adding monitor tool" protocol=serial tool="builtin:serial-monitor"
time="2025-08-14T13:30:31-07:00" level=info msg="Loaded platform" platform="arduino:avr@1.8.6"
time="2025-08-14T13:30:31-07:00" level=info msg="Checking existence of 'tools' path: /home/aaron/.arduino15/packages/arduino/tools"
time="2025-08-14T13:30:31-07:00" level=info msg="Loading tools from dir: /home/aaron/.arduino15/packages/arduino/tools"
2025-08-14 13:30:31 2025-08-14T20:30:31.139Z daemon INFO time="2025-08-14T13:30:31-07:00" level=info msg="Loaded tool" tool="arduino:arduinoOTA@1.3.0"
time="2025-08-14T13:30:31-07:00" level=info msg="Loaded tool" tool="arduino:avr-gcc@7.3.0-atmel3.6.1-arduino7"
time="2025-08-14T13:30:31-07:00" level=info msg="Loaded tool" tool="arduino:avrdude@6.3.0-arduino17"
time="2025-08-14T13:30:31-07:00" level=info msg="Loaded tool" tool="arduino:dfu-util@0.11.0-arduino5"
time="2025-08-14T13:30:31-07:00" level=info msg="Loading package builtin from: /home/aaron/.arduino15/packages/builtin"
2025-08-14 13:30:31 2025-08-14T20:30:31.139Z daemon INFO time="2025-08-14T13:30:31-07:00" level=info msg="Checking existence of 'tools' path: /home/aaron/.arduino15/packages/builtin/tools"
time="2025-08-14T13:30:31-07:00" level=info msg="Loading tools from dir: /home/aaron/.arduino15/packages/builtin/tools"
time="2025-08-14T13:30:31-07:00" level=info msg="Loaded tool" tool="builtin:ctags@5.8-arduino11"
2025-08-14 13:30:31 2025-08-14T20:30:31.139Z daemon INFO time="2025-08-14T13:30:31-07:00" level=info msg="Loaded tool" tool="builtin:dfu-discovery@0.1.2"
time="2025-08-14T13:30:31-07:00" level=info msg="Loaded tool" tool="builtin:mdns-discovery@1.0.9"
time="2025-08-14T13:30:31-07:00" level=info msg="Loaded tool" tool="builtin:serial-discovery@1.4.1"
2025-08-14 13:30:31 2025-08-14T20:30:31.139Z daemon INFO time="2025-08-14T13:30:31-07:00" level=info msg="Loaded tool" tool="builtin:serial-monitor@0.15.0"
time="2025-08-14T13:30:31-07:00" level=info msg="Loading package esp32 from: /home/aaron/.arduino15/packages/esp32/hardware"
2025-08-14 13:30:31 2025-08-14T20:30:31.140Z daemon INFO time="2025-08-14T13:30:31-07:00" level=info msg="Missing signature file" index=/home/aaron/.arduino15/packages/esp32/hardware/esp32/3.3.0/installed.json
2025-08-14 13:30:31 2025-08-14T20:30:31.321Z daemon INFO time="2025-08-14T13:30:31-07:00" level=info msg="Adding monitor tool" protocol=serial tool="builtin:serial-monitor"
time="2025-08-14T13:30:31-07:00" level=info msg="Loaded platform" platform="esp32:esp32@3.3.0"
time="2025-08-14T13:30:31-07:00" level=info msg="Checking existence of 'tools' path: /home/aaron/.arduino15/packages/esp32/tools"
time="2025-08-14T13:30:31-07:00" level=info msg="Loading tools from dir: /home/aaron/.arduino15/packages/esp32/tools"
2025-08-14 13:30:31 2025-08-14T20:30:31.321Z daemon INFO time="2025-08-14T13:30:31-07:00" level=info msg="Loaded tool" tool="esp32:esp-rv32@2411"
time="2025-08-14T13:30:31-07:00" level=info msg="Loaded tool" tool="esp32:esp-x32@2411"
time="2025-08-14T13:30:31-07:00" level=info msg="Loaded tool" tool="esp32:esp32-arduino-libs@idf-release_v5.5-b66b5448-v1"
time="2025-08-14T13:30:31-07:00" level=info msg="Loaded tool" tool="esp32:esptool_py@5.0.0"
time="2025-08-14T13:30:31-07:00" level=info msg="Loaded tool" tool="esp32:mklittlefs@3.0.0-gnu12-dc7f933"
2025-08-14 13:30:31 2025-08-14T20:30:31.321Z daemon INFO time="2025-08-14T13:30:31-07:00" level=info msg="Loaded tool" tool="esp32:mkspiffs@0.2.3"
time="2025-08-14T13:30:31-07:00" level=info msg="Loaded tool" tool="esp32:openocd-esp32@v0.12.0-esp32-20250422"
time="2025-08-14T13:30:31-07:00" level=info msg="Loaded tool" tool="esp32:riscv32-esp-elf-gdb@16.2_20250324"
2025-08-14 13:30:31 2025-08-14T20:30:31.321Z daemon INFO time="2025-08-14T13:30:31-07:00" level=info msg="Loaded tool" tool="esp32:xtensa-esp-elf-gdb@16.2_20250324"
2025-08-14 13:30:31 2025-08-14T20:30:31.326Z daemon INFO time="2025-08-14T13:30:31-07:00" level=info msg="Discovery event channel closed builtin:serial-discovery. Exiting goroutine."
2025-08-14 13:30:31 2025-08-14T20:30:31.327Z daemon INFO time="2025-08-14T13:30:31-07:00" level=info msg="Closed and removed discovery builtin:serial-discovery"
2025-08-14 13:30:31 2025-08-14T20:30:31.327Z daemon INFO time="2025-08-14T13:30:31-07:00" level=error msg="Stopped decode loop: EOF" discovery="builtin:serial-discovery"
2025-08-14 13:30:31 2025-08-14T20:30:31.327Z daemon INFO time="2025-08-14T13:30:31-07:00" level=info msg="Discovery event channel closed builtin:mdns-discovery. Exiting goroutine."
2025-08-14 13:30:31 2025-08-14T20:30:31.329Z daemon INFO time="2025-08-14T13:30:31-07:00" level=info msg="Closed and removed discovery builtin:mdns-discovery"
2025-08-14 13:30:31 2025-08-14T20:30:31.329Z daemon INFO time="2025-08-14T13:30:31-07:00" level=error msg="Stopped decode loop: EOF" discovery="builtin:mdns-discovery"
2025-08-14 13:30:31 2025-08-14T20:30:31.338Z daemon INFO time="2025-08-14T13:30:31-07:00" level=info msg="Adding libraries dir" dir=/home/aaron/.arduino15/packages/esp32/hardware/esp32/3.3.0/libraries isSingleLibrary=false location=platform
2025-08-14 13:30:31 2025-08-14T20:30:31.338Z daemon INFO time="2025-08-14T13:30:31-07:00" level=info msg="Adding libraries dir" dir=/home/aaron/.arduino15/packages/arduino/hardware/avr/1.8.6/libraries isSingleLibrary=false location=platform
time="2025-08-14T13:30:31-07:00" level=info msg="Loading libraries index file" index=/home/aaron/.arduino15/library_index.json
2025-08-14 13:30:31 2025-08-14T20:30:31.749Z daemon INFO time="2025-08-14T13:30:31-07:00" level=info msg="Adding libraries dir" dir=/home/aaron/.arduino15/libraries isSingleLibrary=false location=ide
2025-08-14 13:30:31 2025-08-14T20:30:31.749Z daemon INFO time="2025-08-14T13:30:31-07:00" level=info msg="Adding libraries dir" dir=/home/aaron/Arduino/libraries isSingleLibrary=false location=user
2025-08-14 13:30:31 2025-08-14T20:30:31.810Z discovery-log INFO start
2025-08-14 13:30:31 2025-08-14T20:30:31.810Z discovery-log INFO start new deferred
2025-08-14 13:30:31 2025-08-14T20:30:31.810Z discovery-log INFO start resolved watching
2025-08-14 13:30:31 2025-08-14T20:30:31.813Z discovery-log INFO {"eventType":"add","port":{"matchingBoardsList":[],"port":{"address":"/dev/ttyS0","label":"/dev/ttyS0","protocol":"serial","protocolLabel":"Serial Port","propertiesMap":[],"hardwareId":""}},"error":""}
2025-08-14 13:30:31 2025-08-14T20:30:31.814Z discovery-log INFO {"eventType":"add","port":{"matchingBoardsList":[{"name":"ESP32 Family Device","fqbn":"esp32:esp32:esp32_family","isHidden":true}],"port":{"address":"/dev/ttyACM0","label":"/dev/ttyACM0","protocol":"serial","protocolLabel":"Serial Port (USB)","propertiesMap":[["pid","0x1001"],["serialNumber","94:A9:90:77:71:34"],["vid","0x303a"]],"hardwareId":"94:A9:90:77:71:34"}},"error":""}
2025-08-14 13:30:32 2025-08-14T20:30:32.367Z root ERROR ---- !!!SLOW!!! DURATION: search took 556.708 ms. Args: [{}] ----
2025-08-14 13:30:32 2025-08-14T20:30:32.367Z root INFO <<< Library package installation done. {
  name: 'TinyGPSPlus',
  exampleUris: [],
  location: 0,
  installedVersion: undefined,
  author: 'Mikal Hart',
  availableVersions: [ '1.0.3' ],
  includes: [],
  description: "NMEA is the standard format GPS devices use to report location, time, altitude, etc. TinyGPSPlus is a compact, resilient library that parses the most common NMEA 'sentences' used: GGA and RMC. It can also be customized to extract data from *any* compliant sentence.",
  moreInfoLink: 'https://github.com/mikalhart/TinyGPSPlus',
  summary: 'TinyGPSPlus provides object-oriented parsing of GPS (NMEA) sentences',
  category: 'Communication',
  types: [ 'Contributed' ],
  index: 2
}
2025-08-14 13:30:32 2025-08-14T20:30:32.672Z root INFO Starting language server: esp32:esp32:XIAO_ESP32C3:UploadSpeed=921600,CDCOnBoot=default,CPUFreq=160,FlashFreq=80,FlashMode=qio,FlashSize=4M,PartitionScheme=default,DebugLevel=none,EraseFlash=none
2025-08-14 13:30:32 2025-08-14T20:30:32.707Z daemon INFO time="2025-08-14T13:30:32-07:00" level=info msg="Adding libraries dir" dir=/home/aaron/.arduino15/libraries isSingleLibrary=false location=ide
2025-08-14 13:30:32 2025-08-14T20:30:32.707Z daemon INFO time="2025-08-14T13:30:32-07:00" level=info msg="Adding libraries dir" dir=/home/aaron/.arduino15/packages/esp32/hardware/esp32/3.3.0/libraries isSingleLibrary=false location=platform
time="2025-08-14T13:30:32-07:00" level=info msg="Adding libraries dir" dir=/home/aaron/Arduino/libraries isSingleLibrary=false location=user
2025-08-14 13:30:32 2025-08-14T20:30:32.734Z root ERROR ---- !!!SLOW!!! DURATION: search took 214.227 ms. Args: [{"query":"tinyGPS","type":"All","topic":"All"}] ----
2025-08-14 13:30:32 2025-08-14T20:30:32.736Z root INFO Starting language server: esp32:esp32:XIAO_ESP32C3:UploadSpeed=921600,CDCOnBoot=default,CPUFreq=160,FlashFreq=80,FlashMode=qio,FlashSize=4M,PartitionScheme=default,DebugLevel=none,EraseFlash=none
2025-08-14 13:30:32 2025-08-14T20:30:32.775Z daemon INFO time="2025-08-14T13:30:32-07:00" level=info msg="Adding libraries dir" dir=/home/aaron/.arduino15/libraries isSingleLibrary=false location=ide
time="2025-08-14T13:30:32-07:00" level=info msg="Adding libraries dir" dir=/home/aaron/.arduino15/packages/esp32/hardware/esp32/3.3.0/libraries isSingleLibrary=false location=platform
2025-08-14 13:30:32 2025-08-14T20:30:32.775Z daemon INFO time="2025-08-14T13:30:32-07:00" level=info msg="Adding libraries dir" dir=/home/aaron/Arduino/libraries isSingleLibrary=false location=user
2025-08-14 13:30:33 2025-08-14T20:30:33.213Z root ERROR ---- !!!SLOW!!! DURATION: search took 188.889 ms. Args: [{"query":"tinyGPS","type":"All","topic":"All"}] ----
2025-08-14 13:30:33 2025-08-14T20:30:33.860Z daemon INFO time="2025-08-14T13:30:33-07:00" level=info msg="Resolving include TinyGPSPlus.h for arch esp32"
time="2025-08-14T13:30:33-07:00" level=info msg="  found better lib" lib=TinyGPSPlus-ESP32 prio=521
time="2025-08-14T13:30:33-07:00" level=info msg="  discarded" lib=TinyGPSPlusPlus prio=517
time="2025-08-14T13:30:33-07:00" level=info msg="  found better lib" lib=TinyGPSPlus prio=6A7
2025-08-14 13:30:33 2025-08-14T20:30:33.908Z daemon INFO time="2025-08-14T13:30:33-07:00" level=info msg="Resolving include TinyGPSPlus.h for arch esp32"
time="2025-08-14T13:30:33-07:00" level=info msg="  found better lib" lib=TinyGPSPlus-ESP32 prio=521
time="2025-08-14T13:30:33-07:00" level=info msg="  discarded" lib=TinyGPSPlusPlus prio=517
time="2025-08-14T13:30:33-07:00" level=info msg="  found better lib" lib=TinyGPSPlus prio=6A7
2025-08-14 13:30:34 2025-08-14T20:30:34.493Z daemon INFO time="2025-08-14T13:30:34-07:00" level=info msg="Resolving include WiFi.h for arch esp32"
time="2025-08-14T13:30:34-07:00" level=info msg="  found better lib" lib=WiFi prio=6B0
2025-08-14 13:30:35 2025-08-14T20:30:35.100Z daemon INFO time="2025-08-14T13:30:35-07:00" level=info msg="Resolving include Network.h for arch esp32"
time="2025-08-14T13:30:35-07:00" level=info msg="  found better lib" lib=Networking prio=64C
2025-08-14 13:30:35 2025-08-14T20:30:35.357Z daemon INFO time="2025-08-14T13:30:35-07:00" level=info msg="Adding libraries dir" dir=/home/aaron/.arduino15/libraries isSingleLibrary=false location=ide
time="2025-08-14T13:30:35-07:00" level=info msg="Adding libraries dir" dir=/home/aaron/.arduino15/packages/esp32/hardware/esp32/3.3.0/libraries isSingleLibrary=false location=platform
time="2025-08-14T13:30:35-07:00" level=info msg="Adding libraries dir" dir=/home/aaron/Arduino/libraries isSingleLibrary=false location=user
2025-08-14 13:30:36 2025-08-14T20:30:36.006Z daemon INFO time="2025-08-14T13:30:36-07:00" level=info msg="Resolving include BLEDevice.h for arch esp32"
time="2025-08-14T13:30:36-07:00" level=info msg="  found better lib" lib=BLE prio=3F4
2025-08-14 13:30:37 2025-08-14T20:30:37.122Z daemon INFO time="2025-08-14T13:30:37-07:00" level=info msg="Adding libraries dir" dir=/home/aaron/.arduino15/libraries isSingleLibrary=false location=ide
time="2025-08-14T13:30:37-07:00" level=info msg="Adding libraries dir" dir=/home/aaron/.arduino15/packages/esp32/hardware/esp32/3.3.0/libraries isSingleLibrary=false location=platform
2025-08-14 13:30:37 2025-08-14T20:30:37.122Z daemon INFO time="2025-08-14T13:30:37-07:00" level=info msg="Adding libraries dir" dir=/home/aaron/Arduino/libraries isSingleLibrary=false location=user
2025-08-14 13:30:38 2025-08-14T20:30:38.305Z daemon INFO time="2025-08-14T13:30:38-07:00" level=info msg="Resolving include TinyGPSPlus.h for arch esp32"
time="2025-08-14T13:30:38-07:00" level=info msg="  found better lib" lib=TinyGPSPlus prio=6A7
time="2025-08-14T13:30:38-07:00" level=info msg="  discarded" lib=TinyGPSPlus-ESP32 prio=521
time="2025-08-14T13:30:38-07:00" level=info msg="  discarded" lib=TinyGPSPlusPlus prio=517
2025-08-14 13:30:39 2025-08-14T20:30:39.193Z root INFO compiler-errors Current error changed to f;46
2025-08-14 13:31:07 2025-08-14T20:31:07.569Z root ERROR ---- !!!SLOW!!! DURATION: search took 244.893 ms. Args: [{"query":"sof","type":"All","topic":"All"}] ----
2025-08-14 13:31:10 2025-08-14T20:31:10.253Z root ERROR ---- !!!SLOW!!! DURATION: search took 233.779 ms. Args: [{"query":"software","type":"All","topic":"All"}] ----
2025-08-14 13:31:12 2025-08-14T20:31:12.435Z root ERROR ---- !!!SLOW!!! DURATION: search took 220.088 ms. Args: [{"query":"softwares","type":"All","topic":"All"}] ----
2025-08-14 13:31:12 2025-08-14T20:31:12.848Z daemon INFO time="2025-08-14T13:31:12-07:00" level=info msg="Adding libraries dir" dir=/home/aaron/.arduino15/libraries isSingleLibrary=false location=ide
time="2025-08-14T13:31:12-07:00" level=info msg="Adding libraries dir" dir=/home/aaron/.arduino15/packages/esp32/hardware/esp32/3.3.0/libraries isSingleLibrary=false location=platform
time="2025-08-14T13:31:12-07:00" level=info msg="Adding libraries dir" dir=/home/aaron/Arduino/libraries isSingleLibrary=false location=user
2025-08-14 13:31:13 2025-08-14T20:31:13.311Z root ERROR ---- !!!SLOW!!! DURATION: search took 216.271 ms. Args: [{"query":"softwareser","type":"All","topic":"All"}] ----
2025-08-14 13:31:17 2025-08-14T20:31:17.286Z root ERROR ---- !!!SLOW!!! DURATION: search took 206.153 ms. Args: [{"query":"softwareserial","type":"All","topic":"All"}] ----
2025-08-14 13:33:14 2025-08-14T20:33:14.947Z root INFO compiler-errors Handling selection change in editor file:///home/aaron/projects/esp32_ble/master/master.ino. New (monaco) selection: [10,17 -> 10,17]
2025-08-14 13:33:14 2025-08-14T20:33:14.948Z root INFO compiler-errors New (monaco) selection [10,17 -> 10,17] does not intersect any error locations. Skipping.
2025-08-14 13:33:17 2025-08-14T20:33:17.852Z root INFO compiler-errors Handling selection change in editor file:///home/aaron/projects/esp32_ble/master/master.ino. New (monaco) selection: [2,21 -> 2,21]
2025-08-14 13:33:18 2025-08-14T20:33:18.044Z root INFO compiler-errors Handling selection change in editor file:///home/aaron/projects/esp32_ble/master/master.ino. New (monaco) selection: [2,11 -> 2,25]
2025-08-14 13:33:18 2025-08-14T20:33:18.387Z root INFO compiler-errors Handling selection change in editor file:///home/aaron/projects/esp32_ble/master/master.ino. New (monaco) selection: [2,1 -> 3,1]
2025-08-14 13:33:20 2025-08-14T20:33:20.101Z root INFO compiler-errors Handling selection change in editor file:///home/aaron/projects/esp32_ble/master/master.ino. New (monaco) selection: [2,18 -> 2,18]
2025-08-14 13:33:20 2025-08-14T20:33:20.237Z root INFO compiler-errors Handling selection change in editor file:///home/aaron/projects/esp32_ble/master/master.ino. New (monaco) selection: [2,11 -> 2,25]
2025-08-14 13:34:21 2025-08-14T20:34:21.323Z root ERROR ---- !!!SLOW!!! DURATION: search took 250.583 ms. Args: [{"query":"new","type":"All","topic":"All"}] ----
2025-08-14 13:34:23 2025-08-14T20:34:23.201Z root ERROR ---- !!!SLOW!!! DURATION: search took 218.332 ms. Args: [{"query":"newso","type":"All","topic":"All"}] ----
2025-08-14 13:34:23 2025-08-14T20:34:23.956Z root ERROR ---- !!!SLOW!!! DURATION: search took 206.360 ms. Args: [{"query":"newsoft","type":"All","topic":"All"}] ----
2025-08-14 13:37:44 2025-08-14T20:37:44.752Z daemon INFO time="2025-08-14T13:37:44-07:00" level=info msg="Adding libraries dir" dir=/home/aaron/.arduino15/libraries isSingleLibrary=false location=ide
2025-08-14 13:37:44 2025-08-14T20:37:44.752Z daemon INFO time="2025-08-14T13:37:44-07:00" level=info msg="Adding libraries dir" dir=/home/aaron/.arduino15/packages/esp32/hardware/esp32/3.3.0/libraries isSingleLibrary=false location=platform
time="2025-08-14T13:37:44-07:00" level=info msg="Adding libraries dir" dir=/home/aaron/Arduino/libraries isSingleLibrary=false location=user
2025-08-14 13:37:45 2025-08-14T20:37:45.928Z daemon INFO time="2025-08-14T13:37:45-07:00" level=info msg="Resolving include TinyGPSPlus.h for arch esp32"
time="2025-08-14T13:37:45-07:00" level=info msg="  found better lib" lib=TinyGPSPlus-ESP32 prio=521
time="2025-08-14T13:37:45-07:00" level=info msg="  found better lib" lib=TinyGPSPlus prio=6A7
2025-08-14 13:37:45 2025-08-14T20:37:45.928Z daemon INFO time="2025-08-14T13:37:45-07:00" level=info msg="  discarded" lib=TinyGPSPlusPlus prio=517
2025-08-14 13:37:46 2025-08-14T20:37:46.778Z root INFO compiler-errors Current error changed to f;51
2025-08-14 13:37:46 2025-08-14T20:37:46.794Z root INFO compiler-errors Handling selection change in editor file:///home/aaron/projects/esp32_ble/master/master.ino. New (monaco) selection: [2,1 -> 2,1]
2025-08-14 13:38:22 isTempSketch: false. Input was /home/aaron/projects/esp32_ble/slave
2025-08-14 13:38:22 Marking workspace as a closed sketch. Workspace URI: file:///home/aaron/projects/esp32_ble/slave. Date: 1755203902430.
2025-08-14 13:38:22 isTempSketch: false. Input was /home/aaron/projects/esp32_ble/slave
2025-08-14 13:38:22 Marking workspace as a closed sketch. Workspace URI: file:///home/aaron/projects/esp32_ble/slave. Date: 1755203902438.
2025-08-14 13:38:22 Closing channel on service path '/services/electron-window'.
2025-08-14 13:38:22 Closing channel on service path '/services/ide-updater'.
2025-08-14 13:38:22 2025-08-14T20:38:22.452Z root INFO socked closed
2025-08-14 13:38:22 2025-08-14T20:38:22.452Z root INFO closing connection for 2
2025-08-14 13:38:22 2025-08-14T20:38:22.452Z root INFO Closing channel on service path '/localization-server'.
2025-08-14 13:38:22 2025-08-14T20:38:22.452Z root INFO Closing channel on service path '/os'.
2025-08-14 13:38:22 2025-08-14T20:38:22.452Z root INFO Closing channel on service path '/services/commands'.
2025-08-14 13:38:22 2025-08-14T20:38:22.452Z root INFO Closing channel on service path '/services/keyboard'.
2025-08-14 13:38:22 2025-08-14T20:38:22.452Z root INFO Closing channel on service path '/services/logger'.
2025-08-14 13:38:22 2025-08-14T20:38:22.452Z root INFO Closing channel on service path '/services/messageService'.
2025-08-14 13:38:22 2025-08-14T20:38:22.452Z root INFO Closing channel on service path '/services/ChannelCloseService'.
2025-08-14 13:38:22 2025-08-14T20:38:22.452Z root INFO Closing channel on service path '/services/remote-filesystem'.
2025-08-14 13:38:22 2025-08-14T20:38:22.452Z root INFO Closing channel on service path '/services/envs'.
2025-08-14 13:38:22 2025-08-14T20:38:22.452Z root INFO Closing channel on service path '/services/authentication-service'.
2025-08-14 13:38:22 2025-08-14T20:38:22.452Z root INFO Closing channel on service path '/services/sketches-service'.
2025-08-14 13:38:22 2025-08-14T20:38:22.452Z root INFO Closing channel on service path '/services/config-service'.
2025-08-14 13:38:22 2025-08-14T20:38:22.452Z root INFO Closing channel on service path '/services/workspace'.
2025-08-14 13:38:22 2025-08-14T20:38:22.452Z root INFO Closing channel on service path '/services/notification-service'.
2025-08-14 13:38:22 2025-08-14T20:38:22.452Z root INFO Closing channel on service path '/services/arduino-daemon'.
2025-08-14 13:38:22 2025-08-14T20:38:22.452Z root INFO Closing channel on service path '/services/stopwatch'.
2025-08-14 13:38:22 2025-08-14T20:38:22.452Z root INFO Closing channel on service path '/services/application'.
2025-08-14 13:38:22 2025-08-14T20:38:22.452Z root INFO Closing channel on service path '/services/i18n'.
2025-08-14 13:38:22 2025-08-14T20:38:22.452Z root INFO Closing channel on service path '/services/quickInput'.
2025-08-14 13:38:22 2025-08-14T20:38:22.452Z root INFO Closing channel on service path '/services/debug'.
2025-08-14 13:38:22 2025-08-14T20:38:22.452Z root INFO Closing channel on service path '/services/shell-terminal'.
2025-08-14 13:38:22 2025-08-14T20:38:22.452Z root INFO Closing channel on service path '/services/quickPick'.
2025-08-14 13:38:22 2025-08-14T20:38:22.452Z root INFO Closing channel on service path '/services/task'.
2025-08-14 13:38:22 2025-08-14T20:38:22.452Z root INFO Closing channel on service path '/services/search'.
2025-08-14 13:38:22 2025-08-14T20:38:22.452Z root INFO Closing channel on service path '/services/hostedPlugin'.
2025-08-14 13:38:22 2025-08-14T20:38:22.452Z root INFO Closing channel on service path '/services/plugin-ext'.
2025-08-14 13:38:22 2025-08-14T20:38:22.452Z root INFO Closing channel on service path '/services/plugin-paths'.
2025-08-14 13:38:22 2025-08-14T20:38:22.452Z root INFO Closing channel on service path '/services/cli-preferences'.
2025-08-14 13:38:22 2025-08-14T20:38:22.452Z root INFO Closing channel on service path '/services/boards-service'.
2025-08-14 13:38:22 2025-08-14T20:38:22.452Z root INFO Closing channel on service path '/services/response-service'.
2025-08-14 13:38:22 2025-08-14T20:38:22.452Z root INFO Closing channel on service path '/services/file-system-ext'.
2025-08-14 13:38:22 2025-08-14T20:38:22.452Z root INFO Closing channel on service path '/services/core-service'.
2025-08-14 13:38:22 2025-08-14T20:38:22.452Z root INFO Closing channel on service path '/services/example-service'.
2025-08-14 13:38:22 2025-08-14T20:38:22.452Z root INFO Closing channel on service path '/services/library-service'.
2025-08-14 13:38:22 2025-08-14T20:38:22.452Z root INFO Closing channel on service path '/services/executable-service'.
2025-08-14 13:38:22 2025-08-14T20:38:22.452Z root INFO Closing channel on service path '/services/arduino-firmware-uploader'.
2025-08-14 13:38:22 2025-08-14T20:38:22.452Z root INFO Closing channel on service path '/services/formatter'.
2025-08-14 13:38:22 2025-08-14T20:38:22.452Z root INFO Closing channel on service path '/services/search-in-workspace'.
2025-08-14 13:38:22 2025-08-14T20:38:22.452Z root INFO Closing channel on service path '/services/request-service'.
2025-08-14 13:38:22 2025-08-14T20:38:22.452Z root INFO Closing channel on service path '/services/keyStore'.
2025-08-14 13:38:22 2025-08-14T20:38:22.452Z root INFO Closing channel on service path '/services/languagePackService'.
2025-08-14 13:38:22 2025-08-14T20:38:22.452Z root INFO Closing channel on service path '/services/monitor-manager-proxy'.
2025-08-14 13:38:39 2025-08-14T20:38:39.029Z root ERROR [hosted-plugin: 11409] Conflict in settings file Default: Ignoring cortex-debug.armToolchainPath.linux as cortex-debug.armToolchainPath is null
2025-08-14 13:38:39 2025-08-14T20:38:39.029Z root ERROR [hosted-plugin: 11409] Conflict in settings file Default: Ignoring cortex-debug.armToolchainPath.osx as cortex-debug.armToolchainPath is null
Conflict in settings file Default: Ignoring cortex-debug.armToolchainPath.windows as cortex-debug.armToolchainPath is null
Conflict in settings file Default: Ignoring cortex-debug.JLinkGDBServerPath.linux as cortex-debug.JLinkGDBServerPath is null
Conflict in settings file Default: Ignoring cortex-debug.JLinkGDBServerPath.osx as cortex-debug.JLinkGDBServerPath is null
2025-08-14 13:38:39 2025-08-14T20:38:39.029Z root ERROR [hosted-plugin: 11409] Conflict in settings file Default: Ignoring cortex-debug.JLinkGDBServerPath.windows as cortex-debug.JLinkGDBServerPath is null
Conflict in settings file Default: Ignoring cortex-debug.openocdPath.linux as cortex-debug.openocdPath is null
Conflict in settings file Default: Ignoring cortex-debug.openocdPath.osx as cortex-debug.openocdPath is null
2025-08-14 13:38:39 2025-08-14T20:38:39.029Z root ERROR [hosted-plugin: 11409] Conflict in settings file Default: Ignoring cortex-debug.openocdPath.windows as cortex-debug.openocdPath is null
Conflict in settings file Default: Ignoring cortex-debug.pyocdPath.linux as cortex-debug.pyocdPath is null
Conflict in settings file Default: Ignoring cortex-debug.pyocdPath.osx as cortex-debug.pyocdPath is null
2025-08-14 13:38:39 2025-08-14T20:38:39.029Z root ERROR [hosted-plugin: 11409] Conflict in settings file Default: Ignoring cortex-debug.pyocdPath.windows as cortex-debug.pyocdPath is null
Conflict in settings file Default: Ignoring cortex-debug.PEGDBServerPath.linux as cortex-debug.PEGDBServerPath is null
Conflict in settings file Default: Ignoring cortex-debug.PEGDBServerPath.osx as cortex-debug.PEGDBServerPath is null
2025-08-14 13:38:39 2025-08-14T20:38:39.029Z root ERROR [hosted-plugin: 11409] Conflict in settings file Default: Ignoring cortex-debug.PEGDBServerPath.windows as cortex-debug.PEGDBServerPath is null
Conflict in settings file Default: Ignoring cortex-debug.stutilPath.linux as cortex-debug.stutilPath is null
2025-08-14 13:38:39 2025-08-14T20:38:39.029Z root ERROR [hosted-plugin: 11409] Conflict in settings file Default: Ignoring cortex-debug.stutilPath.osx as cortex-debug.stutilPath is null
Conflict in settings file Default: Ignoring cortex-debug.stutilPath.windows as cortex-debug.stutilPath is null
2025-08-14 13:38:39 2025-08-14T20:38:39.029Z root ERROR [hosted-plugin: 11409] Conflict in settings file Default: Ignoring cortex-debug.stlinkPath.linux as cortex-debug.stlinkPath is null
Conflict in settings file Default: Ignoring cortex-debug.stlinkPath.osx as cortex-debug.stlinkPath is null
Conflict in settings file Default: Ignoring cortex-debug.stlinkPath.windows as cortex-debug.stlinkPath is null
2025-08-14 13:38:39 2025-08-14T20:38:39.029Z root ERROR [hosted-plugin: 11409] Conflict in settings file Default: Ignoring cortex-debug.stm32cubeprogrammer.linux as cortex-debug.stm32cubeprogrammer is null
Conflict in settings file Default: Ignoring cortex-debug.stm32cubeprogrammer.osx as cortex-debug.stm32cubeprogrammer is null
Conflict in settings file Default: Ignoring cortex-debug.stm32cubeprogrammer.windows as cortex-debug.stm32cubeprogrammer is null
2025-08-14 13:40:53 2025-08-14T20:40:53.453Z root INFO compiler-errors Handling selection change in editor file:///home/aaron/projects/esp32_ble/master/master.ino. New (monaco) selection: [15,15 -> 15,15]
2025-08-14 13:40:53 2025-08-14T20:40:53.453Z root INFO compiler-errors New (monaco) selection [15,15 -> 15,15] does not intersect any error locations. Skipping.
2025-08-14 13:40:54 2025-08-14T20:40:54.235Z root INFO compiler-errors Handling selection change in editor file:///home/aaron/projects/esp32_ble/master/master.ino. New (monaco) selection: [1,1 -> 84,2]
2025-08-14 13:43:08 2025-08-14T20:43:08.829Z root INFO compiler-errors Handling selection change in editor file:///home/aaron/projects/esp32_ble/master/master.ino. New (monaco) selection: [21,22 -> 21,22]
2025-08-14 13:43:08 2025-08-14T20:43:08.829Z root INFO compiler-errors New (monaco) selection [21,22 -> 21,22] does not intersect any error locations. Skipping.
2025-08-14 13:43:09 2025-08-14T20:43:09.449Z root INFO compiler-errors Handling selection change in editor file:///home/aaron/projects/esp32_ble/master/master.ino. New (monaco) selection: [1,1 -> 84,2]
2025-08-14 13:43:10 2025-08-14T20:43:10.024Z root INFO compiler-errors decoration range: [2,1 -> 2,1], change range: [1,1 -> 84,2], affects: true
2025-08-14 13:43:10 2025-08-14T20:43:10.025Z root INFO compiler-errors Handling selection change in editor file:///home/aaron/projects/esp32_ble/master/master.ino. New (monaco) selection: [105,1 -> 105,1]
2025-08-14 13:43:10 2025-08-14T20:43:10.025Z root INFO compiler-errors New (monaco) selection [105,1 -> 105,1] does not intersect any error locations. Skipping.
2025-08-14 13:43:10 2025-08-14T20:43:10.025Z root ERROR TypeError: Cannot destructure property 'start' of 'e' as it is undefined.
    at s.shiftLine (file:///nix/store/2d5i1bzbqbnl4rgnhk8czrw5zmqqjdzv-arduino-ide-2.3.6-extracted/resources/app/lib/frontend/bundle.js:2:9535929)
    at s.shiftLine (file:///nix/store/2d5i1bzbqbnl4rgnhk8czrw5zmqqjdzv-arduino-ide-2.3.6-extracted/resources/app/lib/frontend/bundle.js:2:9535958)
    at s.shiftLine (file:///nix/store/2d5i1bzbqbnl4rgnhk8czrw5zmqqjdzv-arduino-ide-2.3.6-extracted/resources/app/lib/frontend/bundle.js:2:9535958)
    at s.handleBefore (file:///nix/store/2d5i1bzbqbnl4rgnhk8czrw5zmqqjdzv-arduino-ide-2.3.6-extracted/resources/app/lib/frontend/bundle.js:2:9535460)
    at s.affects (file:///nix/store/2d5i1bzbqbnl4rgnhk8czrw5zmqqjdzv-arduino-ide-2.3.6-extracted/resources/app/lib/frontend/bundle.js:2:9534376)
    at file:///nix/store/2d5i1bzbqbnl4rgnhk8czrw5zmqqjdzv-arduino-ide-2.3.6-extracted/resources/app/lib/frontend/bundle.js:2:9383590
    at Array.forEach (<anonymous>)
    at n.register (file:///nix/store/2d5i1bzbqbnl4rgnhk8czrw5zmqqjdzv-arduino-ide-2.3.6-extracted/resources/app/lib/frontend/bundle.js:2:9382735)
    at s.onDocumentContentChanged (file:///nix/store/2d5i1bzbqbnl4rgnhk8czrw5zmqqjdzv-arduino-ide-2.3.6-extracted/resources/app/lib/frontend/bundle.js:2:2298537)
    at file:///nix/store/2d5i1bzbqbnl4rgnhk8czrw5zmqqjdzv-arduino-ide-2.3.6-extracted/resources/app/lib/frontend/bundle.js:2:2298111
2025-08-14 13:43:11 2025-08-14T20:43:11.826Z daemon INFO time="2025-08-14T13:43:11-07:00" level=info msg="Adding libraries dir" dir=/home/aaron/.arduino15/libraries isSingleLibrary=false location=ide
2025-08-14 13:43:11 2025-08-14T20:43:11.826Z daemon INFO time="2025-08-14T13:43:11-07:00" level=info msg="Adding libraries dir" dir=/home/aaron/.arduino15/packages/esp32/hardware/esp32/3.3.0/libraries isSingleLibrary=false location=platform
time="2025-08-14T13:43:11-07:00" level=info msg="Adding libraries dir" dir=/home/aaron/Arduino/libraries isSingleLibrary=false location=user
2025-08-14 13:43:12 2025-08-14T20:43:12.044Z daemon INFO time="2025-08-14T13:43:12-07:00" level=info msg="Adding libraries dir" dir=/home/aaron/.arduino15/libraries isSingleLibrary=false location=ide
time="2025-08-14T13:43:12-07:00" level=info msg="Adding libraries dir" dir=/home/aaron/.arduino15/packages/esp32/hardware/esp32/3.3.0/libraries isSingleLibrary=false location=platform
2025-08-14 13:43:12 2025-08-14T20:43:12.044Z daemon INFO time="2025-08-14T13:43:12-07:00" level=info msg="Adding libraries dir" dir=/home/aaron/Arduino/libraries isSingleLibrary=false location=user
2025-08-14 13:43:13 2025-08-14T20:43:13.057Z daemon INFO time="2025-08-14T13:43:13-07:00" level=info msg="Resolving include TinyGPSPlus.h for arch esp32"
time="2025-08-14T13:43:13-07:00" level=info msg="  found better lib" lib=TinyGPSPlusPlus prio=517
time="2025-08-14T13:43:13-07:00" level=info msg="  found better lib" lib=TinyGPSPlus prio=6A7
2025-08-14 13:43:13 2025-08-14T20:43:13.057Z daemon INFO time="2025-08-14T13:43:13-07:00" level=info msg="  discarded" lib=TinyGPSPlus-ESP32 prio=521
2025-08-14 13:43:13 2025-08-14T20:43:13.946Z root INFO compiler-errors Current error changed to f;67
2025-08-14 13:43:13 2025-08-14T20:43:13.980Z root INFO compiler-errors Handling selection change in editor file:///home/aaron/projects/esp32_ble/master/master.ino. New (monaco) selection: [9,2 -> 9,2]
2025-08-14 13:43:18 2025-08-14T20:43:18.767Z root INFO compiler-errors Handling selection change in editor file:///home/aaron/projects/esp32_ble/master/master.ino. New (monaco) selection: [10,7 -> 10,7]
2025-08-14 13:43:18 2025-08-14T20:43:18.767Z root INFO compiler-errors New (monaco) selection [10,7 -> 10,7] does not intersect any error locations. Skipping.
2025-08-14 13:43:19 2025-08-14T20:43:19.036Z root INFO compiler-errors Handling selection change in editor file:///home/aaron/projects/esp32_ble/master/master.ino. New (monaco) selection: [10,6 -> 10,7]
2025-08-14 13:43:19 2025-08-14T20:43:19.037Z root INFO compiler-errors New (monaco) selection [10,6 -> 10,7] does not intersect any error locations. Skipping.
2025-08-14 13:43:19 2025-08-14T20:43:19.085Z root INFO compiler-errors Handling selection change in editor file:///home/aaron/projects/esp32_ble/master/master.ino. New (monaco) selection: [10,5 -> 10,7]
2025-08-14 13:43:19 2025-08-14T20:43:19.085Z root INFO compiler-errors New (monaco) selection [10,5 -> 10,7] does not intersect any error locations. Skipping.
2025-08-14 13:43:19 2025-08-14T20:43:19.116Z root INFO compiler-errors Handling selection change in editor file:///home/aaron/projects/esp32_ble/master/master.ino. New (monaco) selection: [9,5 -> 10,7]
2025-08-14 13:43:19 2025-08-14T20:43:19.117Z root INFO compiler-errors New (monaco) selection [9,5 -> 10,7] does not intersect any error locations. Skipping.
2025-08-14 13:43:19 2025-08-14T20:43:19.135Z root INFO compiler-errors Handling selection change in editor file:///home/aaron/projects/esp32_ble/master/master.ino. New (monaco) selection: [9,4 -> 10,7]
2025-08-14 13:43:19 2025-08-14T20:43:19.136Z root INFO compiler-errors New (monaco) selection [9,4 -> 10,7] does not intersect any error locations. Skipping.
2025-08-14 13:43:19 2025-08-14T20:43:19.332Z root INFO compiler-errors Handling selection change in editor file:///home/aaron/projects/esp32_ble/master/master.ino. New (monaco) selection: [9,3 -> 10,7]
2025-08-14 13:43:19 2025-08-14T20:43:19.333Z root INFO compiler-errors New (monaco) selection [9,3 -> 10,7] does not intersect any error locations. Skipping.
2025-08-14 13:43:19 2025-08-14T20:43:19.432Z root INFO compiler-errors Handling selection change in editor file:///home/aaron/projects/esp32_ble/master/master.ino. New (monaco) selection: [8,3 -> 10,7]
2025-08-14 13:43:19 2025-08-14T20:43:19.482Z root INFO compiler-errors Handling selection change in editor file:///home/aaron/projects/esp32_ble/master/master.ino. New (monaco) selection: [8,2 -> 10,7]
2025-08-14 13:43:19 2025-08-14T20:43:19.582Z root INFO compiler-errors Handling selection change in editor file:///home/aaron/projects/esp32_ble/master/master.ino. New (monaco) selection: [8,1 -> 10,7]
2025-08-14 13:43:20 2025-08-14T20:43:20.750Z root INFO compiler-errors Handling selection change in editor file:///home/aaron/projects/esp32_ble/master/master.ino. New (monaco) selection: [9,1 -> 10,7]
2025-08-14 13:43:22 2025-08-14T20:43:22.217Z root INFO compiler-errors Handling selection change in editor file:///home/aaron/projects/esp32_ble/master/master.ino. New (monaco) selection: [9,3 -> 9,3]
2025-08-14 13:43:22 2025-08-14T20:43:22.689Z root INFO compiler-errors Handling selection change in editor file:///home/aaron/projects/esp32_ble/master/master.ino. New (monaco) selection: [9,2 -> 9,2]
2025-08-14 13:43:22 2025-08-14T20:43:22.835Z root INFO compiler-errors Handling selection change in editor file:///home/aaron/projects/esp32_ble/master/master.ino. New (monaco) selection: [9,2 -> 9,4]
2025-08-14 13:43:22 2025-08-14T20:43:22.868Z root INFO compiler-errors Handling selection change in editor file:///home/aaron/projects/esp32_ble/master/master.ino. New (monaco) selection: [9,2 -> 9,6]
2025-08-14 13:43:22 2025-08-14T20:43:22.884Z root INFO compiler-errors Handling selection change in editor file:///home/aaron/projects/esp32_ble/master/master.ino. New (monaco) selection: [9,2 -> 9,7]
2025-08-14 13:43:22 2025-08-14T20:43:22.900Z root INFO compiler-errors Handling selection change in editor file:///home/aaron/projects/esp32_ble/master/master.ino. New (monaco) selection: [9,2 -> 9,8]
2025-08-14 13:43:22 2025-08-14T20:43:22.917Z root INFO compiler-errors Handling selection change in editor file:///home/aaron/projects/esp32_ble/master/master.ino. New (monaco) selection: [9,2 -> 9,10]
2025-08-14 13:43:22 2025-08-14T20:43:22.934Z root INFO compiler-errors Handling selection change in editor file:///home/aaron/projects/esp32_ble/master/master.ino. New (monaco) selection: [9,2 -> 9,11]
2025-08-14 13:43:22 2025-08-14T20:43:22.951Z root INFO compiler-errors Handling selection change in editor file:///home/aaron/projects/esp32_ble/master/master.ino. New (monaco) selection: [9,2 -> 9,13]
2025-08-14 13:43:22 2025-08-14T20:43:22.968Z root INFO compiler-errors Handling selection change in editor file:///home/aaron/projects/esp32_ble/master/master.ino. New (monaco) selection: [9,2 -> 9,14]
2025-08-14 13:43:22 2025-08-14T20:43:22.984Z root INFO compiler-errors Handling selection change in editor file:///home/aaron/projects/esp32_ble/master/master.ino. New (monaco) selection: [9,2 -> 9,15]
2025-08-14 13:43:23 2025-08-14T20:43:23.000Z root INFO compiler-errors Handling selection change in editor file:///home/aaron/projects/esp32_ble/master/master.ino. New (monaco) selection: [9,2 -> 9,16]
2025-08-14 13:43:23 2025-08-14T20:43:23.034Z root INFO compiler-errors Handling selection change in editor file:///home/aaron/projects/esp32_ble/master/master.ino. New (monaco) selection: [9,2 -> 9,17]
2025-08-14 13:43:23 2025-08-14T20:43:23.151Z root INFO compiler-errors Handling selection change in editor file:///home/aaron/projects/esp32_ble/master/master.ino. New (monaco) selection: [9,2 -> 9,18]
2025-08-14 13:43:23 2025-08-14T20:43:23.168Z root INFO compiler-errors Handling selection change in editor file:///home/aaron/projects/esp32_ble/master/master.ino. New (monaco) selection: [9,2 -> 9,19]
2025-08-14 13:43:23 2025-08-14T20:43:23.184Z root INFO compiler-errors Handling selection change in editor file:///home/aaron/projects/esp32_ble/master/master.ino. New (monaco) selection: [9,2 -> 9,20]
2025-08-14 13:43:23 2025-08-14T20:43:23.200Z root INFO compiler-errors Handling selection change in editor file:///home/aaron/projects/esp32_ble/master/master.ino. New (monaco) selection: [9,2 -> 9,21]
2025-08-14 13:43:23 2025-08-14T20:43:23.234Z root INFO compiler-errors Handling selection change in editor file:///home/aaron/projects/esp32_ble/master/master.ino. New (monaco) selection: [9,2 -> 9,22]
2025-08-14 13:43:23 2025-08-14T20:43:23.251Z root INFO compiler-errors Handling selection change in editor file:///home/aaron/projects/esp32_ble/master/master.ino. New (monaco) selection: [9,2 -> 9,23]
2025-08-14 13:43:23 2025-08-14T20:43:23.267Z root INFO compiler-errors Handling selection change in editor file:///home/aaron/projects/esp32_ble/master/master.ino. New (monaco) selection: [9,2 -> 9,24]
2025-08-14 13:43:23 2025-08-14T20:43:23.284Z root INFO compiler-errors Handling selection change in editor file:///home/aaron/projects/esp32_ble/master/master.ino. New (monaco) selection: [9,2 -> 9,25]
2025-08-14 13:43:23 2025-08-14T20:43:23.301Z root INFO compiler-errors Handling selection change in editor file:///home/aaron/projects/esp32_ble/master/master.ino. New (monaco) selection: [9,2 -> 9,26]
2025-08-14 13:43:23 2025-08-14T20:43:23.318Z root INFO compiler-errors Handling selection change in editor file:///home/aaron/projects/esp32_ble/master/master.ino. New (monaco) selection: [9,2 -> 9,27]
2025-08-14 13:43:23 2025-08-14T20:43:23.434Z root INFO compiler-errors Handling selection change in editor file:///home/aaron/projects/esp32_ble/master/master.ino. New (monaco) selection: [9,2 -> 9,28]
2025-08-14 13:43:23 2025-08-14T20:43:23.467Z root INFO compiler-errors Handling selection change in editor file:///home/aaron/projects/esp32_ble/master/master.ino. New (monaco) selection: [9,2 -> 9,29]
2025-08-14 13:43:23 2025-08-14T20:43:23.501Z root INFO compiler-errors Handling selection change in editor file:///home/aaron/projects/esp32_ble/master/master.ino. New (monaco) selection: [9,2 -> 9,30]
2025-08-14 13:43:24 2025-08-14T20:43:24.295Z root INFO compiler-errors decoration range: [9,2 -> 9,2], change range: [9,2 -> 9,30], affects: true
2025-08-14 13:43:24 2025-08-14T20:43:24.296Z root INFO compiler-errors Handling selection change in editor file:///home/aaron/projects/esp32_ble/master/master.ino. New (monaco) selection: [9,2 -> 9,2]
2025-08-14 13:43:24 2025-08-14T20:43:24.296Z root INFO compiler-errors New (monaco) selection [9,2 -> 9,2] does not intersect any error locations. Skipping.
2025-08-14 13:43:25 2025-08-14T20:43:25.211Z root INFO compiler-errors Handling selection change in editor file:///home/aaron/projects/esp32_ble/master/master.ino. New (monaco) selection: [10,7 -> 10,7]
2025-08-14 13:43:25 2025-08-14T20:43:25.211Z root INFO compiler-errors New (monaco) selection [10,7 -> 10,7] does not intersect any error locations. Skipping.
2025-08-14 13:43:25 2025-08-14T20:43:25.305Z daemon INFO time="2025-08-14T13:43:25-07:00" level=info msg="Adding libraries dir" dir=/home/aaron/.arduino15/libraries isSingleLibrary=false location=ide
time="2025-08-14T13:43:25-07:00" level=info msg="Adding libraries dir" dir=/home/aaron/.arduino15/packages/esp32/hardware/esp32/3.3.0/libraries isSingleLibrary=false location=platform
time="2025-08-14T13:43:25-07:00" level=info msg="Adding libraries dir" dir=/home/aaron/Arduino/libraries isSingleLibrary=false location=user
2025-08-14 13:43:26 2025-08-14T20:43:26.069Z root INFO compiler-errors Handling selection change in editor file:///home/aaron/projects/esp32_ble/master/master.ino. New (monaco) selection: [9,2 -> 9,2]
2025-08-14 13:43:26 2025-08-14T20:43:26.070Z root INFO compiler-errors New (monaco) selection [9,2 -> 9,2] does not intersect any error locations. Skipping.
2025-08-14 13:43:26 2025-08-14T20:43:26.715Z root INFO compiler-errors Handling selection change in editor file:///home/aaron/projects/esp32_ble/master/master.ino. New (monaco) selection: [9,1 -> 9,1]
2025-08-14 13:43:26 2025-08-14T20:43:26.715Z root INFO compiler-errors New (monaco) selection [9,1 -> 9,1] does not intersect any error locations. Skipping.
2025-08-14 13:43:26 2025-08-14T20:43:26.939Z root INFO compiler-errors Handling selection change in editor file:///home/aaron/projects/esp32_ble/master/master.ino. New (monaco) selection: [8,6 -> 8,6]
2025-08-14 13:43:26 2025-08-14T20:43:26.939Z root INFO compiler-errors New (monaco) selection [8,6 -> 8,6] does not intersect any error locations. Skipping.
2025-08-14 13:43:27 2025-08-14T20:43:27.153Z root INFO compiler-errors Handling selection change in editor file:///home/aaron/projects/esp32_ble/master/master.ino. New (monaco) selection: [8,5 -> 8,5]
2025-08-14 13:43:27 2025-08-14T20:43:27.153Z root INFO compiler-errors New (monaco) selection [8,5 -> 8,5] does not intersect any error locations. Skipping.
2025-08-14 13:43:27 2025-08-14T20:43:27.431Z root INFO compiler-errors Handling selection change in editor file:///home/aaron/projects/esp32_ble/master/master.ino. New (monaco) selection: [8,4 -> 8,4]
2025-08-14 13:43:27 2025-08-14T20:43:27.432Z root INFO compiler-errors New (monaco) selection [8,4 -> 8,4] does not intersect any error locations. Skipping.
2025-08-14 13:43:27 2025-08-14T20:43:27.592Z root INFO compiler-errors Handling selection change in editor file:///home/aaron/projects/esp32_ble/master/master.ino. New (monaco) selection: [8,3 -> 8,3]
2025-08-14 13:43:27 2025-08-14T20:43:27.593Z root INFO compiler-errors New (monaco) selection [8,3 -> 8,3] does not intersect any error locations. Skipping.
2025-08-14 13:43:27 2025-08-14T20:43:27.751Z root INFO compiler-errors Handling selection change in editor file:///home/aaron/projects/esp32_ble/master/master.ino. New (monaco) selection: [8,2 -> 8,2]
2025-08-14 13:43:27 2025-08-14T20:43:27.752Z root INFO compiler-errors New (monaco) selection [8,2 -> 8,2] does not intersect any error locations. Skipping.
2025-08-14 13:43:27 2025-08-14T20:43:27.911Z root INFO compiler-errors Handling selection change in editor file:///home/aaron/projects/esp32_ble/master/master.ino. New (monaco) selection: [8,1 -> 8,1]
2025-08-14 13:43:27 2025-08-14T20:43:27.912Z root INFO compiler-errors New (monaco) selection [8,1 -> 8,1] does not intersect any error locations. Skipping.
2025-08-14 13:43:28 2025-08-14T20:43:28.633Z root INFO compiler-errors Handling selection change in editor file:///home/aaron/projects/esp32_ble/master/master.ino. New (monaco) selection: [7,24 -> 7,24]
2025-08-14 13:43:28 2025-08-14T20:43:28.634Z root INFO compiler-errors New (monaco) selection [7,24 -> 7,24] does not intersect any error locations. Skipping.
2025-08-14 13:43:30 2025-08-14T20:43:30.655Z daemon INFO time="2025-08-14T13:43:30-07:00" level=info msg="Adding libraries dir" dir=/home/aaron/.arduino15/libraries isSingleLibrary=false location=ide
time="2025-08-14T13:43:30-07:00" level=info msg="Adding libraries dir" dir=/home/aaron/.arduino15/packages/esp32/hardware/esp32/3.3.0/libraries isSingleLibrary=false location=platform
2025-08-14 13:43:30 2025-08-14T20:43:30.655Z daemon INFO time="2025-08-14T13:43:30-07:00" level=info msg="Adding libraries dir" dir=/home/aaron/Arduino/libraries isSingleLibrary=false location=user
2025-08-14 13:43:30 2025-08-14T20:43:30.900Z daemon INFO time="2025-08-14T13:43:30-07:00" level=info msg="Adding libraries dir" dir=/home/aaron/.arduino15/libraries isSingleLibrary=false location=ide
time="2025-08-14T13:43:30-07:00" level=info msg="Adding libraries dir" dir=/home/aaron/.arduino15/packages/esp32/hardware/esp32/3.3.0/libraries isSingleLibrary=false location=platform
2025-08-14 13:43:30 2025-08-14T20:43:30.900Z daemon INFO time="2025-08-14T13:43:30-07:00" level=info msg="Adding libraries dir" dir=/home/aaron/Arduino/libraries isSingleLibrary=false location=user
2025-08-14 13:43:32 2025-08-14T20:43:32.083Z daemon INFO time="2025-08-14T13:43:32-07:00" level=info msg="Resolving include TinyGPSPlus.h for arch esp32"
time="2025-08-14T13:43:32-07:00" level=info msg="  found better lib" lib=TinyGPSPlusPlus prio=517
time="2025-08-14T13:43:32-07:00" level=info msg="  found better lib" lib=TinyGPSPlus prio=6A7
2025-08-14 13:43:32 2025-08-14T20:43:32.083Z daemon INFO time="2025-08-14T13:43:32-07:00" level=info msg="  discarded" lib=TinyGPSPlus-ESP32 prio=521
2025-08-14 13:43:33 2025-08-14T20:43:33.249Z daemon INFO time="2025-08-14T13:43:33-07:00" level=info msg="Resolving include FS.h for arch esp32"
time="2025-08-14T13:43:33-07:00" level=info msg="  found better lib" lib=FS prio=6B0
2025-08-14 13:43:38 2025-08-14T20:43:38.903Z root INFO compiler-errors Current error changed to f;143
2025-08-14 13:43:38 2025-08-14T20:43:38.922Z root INFO compiler-errors Handling selection change in editor file:///home/aaron/projects/esp32_ble/master/master.ino. New (monaco) selection: [30,3 -> 30,3]
2025-08-14 14:37:16 2025-08-14T21:37:16.708Z root INFO compiler-errors Handling selection change in editor file:///home/aaron/projects/esp32_ble/master/master.ino. New (monaco) selection: [97,28 -> 97,28]
2025-08-14 14:37:16 2025-08-14T21:37:16.709Z root INFO compiler-errors New (monaco) selection [97,28 -> 97,28] does not intersect any error locations. Skipping.
2025-08-14 14:37:17 2025-08-14T21:37:17.578Z root INFO compiler-errors Handling selection change in editor file:///home/aaron/projects/esp32_ble/master/master.ino. New (monaco) selection: [1,1 -> 103,1]
2025-08-14 14:37:33 2025-08-14T21:37:33.747Z root INFO compiler-errors Handling selection change in editor file:///home/aaron/projects/esp32_ble/master/master.ino. New (monaco) selection: [89,20 -> 89,20]
2025-08-14 14:37:33 2025-08-14T21:37:33.747Z root INFO compiler-errors New (monaco) selection [89,20 -> 89,20] does not intersect any error locations. Skipping.
2025-08-14 14:37:34 2025-08-14T21:37:34.969Z root INFO compiler-errors Handling selection change in editor file:///home/aaron/projects/esp32_ble/master/master.ino. New (monaco) selection: [93,29 -> 93,29]
2025-08-14 14:37:34 2025-08-14T21:37:34.969Z root INFO compiler-errors New (monaco) selection [93,29 -> 93,29] does not intersect any error locations. Skipping.
2025-08-14 14:37:35 2025-08-14T21:37:35.505Z root INFO compiler-errors Handling selection change in editor file:///home/aaron/projects/esp32_ble/master/master.ino. New (monaco) selection: [1,1 -> 103,1]
2025-08-14 14:37:36 2025-08-14T21:37:36.259Z root INFO compiler-errors decoration range: [28,25 -> 28,25], change range: [1,1 -> 103,1], affects: true
2025-08-14 14:37:36 2025-08-14T21:37:36.260Z root INFO compiler-errors decoration range: [41,19 -> 41,19], change range: [1,1 -> 103,1], affects: true
2025-08-14 14:37:36 2025-08-14T21:37:36.260Z root INFO compiler-errors decoration range: [48,26 -> 48,26], change range: [1,1 -> 103,1], affects: true
2025-08-14 14:37:36 2025-08-14T21:37:36.260Z root INFO compiler-errors decoration range: [58,1 -> 58,1], change range: [1,1 -> 103,1], affects: true
2025-08-14 14:37:36 2025-08-14T21:37:36.260Z root INFO compiler-errors decoration range: [58,1 -> 58,1], change range: [1,1 -> 103,1], affects: true
2025-08-14 14:37:36 2025-08-14T21:37:36.260Z root INFO compiler-errors decoration range: [58,1 -> 58,1], change range: [1,1 -> 103,1], affects: true
2025-08-14 14:37:36 2025-08-14T21:37:36.260Z root INFO compiler-errors Handling selection change in editor file:///home/aaron/projects/esp32_ble/master/master.ino. New (monaco) selection: [58,1 -> 58,1]
2025-08-14 14:37:36 2025-08-14T21:37:36.261Z root INFO compiler-errors New (monaco) selection [58,1 -> 58,1] does not intersect any error locations. Skipping.
2025-08-14 14:37:37 2025-08-14T21:37:37.302Z daemon INFO time="2025-08-14T14:37:37-07:00" level=info msg="Adding libraries dir" dir=/home/aaron/.arduino15/libraries isSingleLibrary=false location=ide
time="2025-08-14T14:37:37-07:00" level=info msg="Adding libraries dir" dir=/home/aaron/.arduino15/packages/esp32/hardware/esp32/3.3.0/libraries isSingleLibrary=false location=platform
2025-08-14 14:37:37 2025-08-14T21:37:37.302Z daemon INFO time="2025-08-14T14:37:37-07:00" level=info msg="Adding libraries dir" dir=/home/aaron/Arduino/libraries isSingleLibrary=false location=user
2025-08-14 14:37:39 2025-08-14T21:37:39.785Z daemon INFO time="2025-08-14T14:37:39-07:00" level=info msg="Adding libraries dir" dir=/home/aaron/.arduino15/libraries isSingleLibrary=false location=ide
time="2025-08-14T14:37:39-07:00" level=info msg="Adding libraries dir" dir=/home/aaron/.arduino15/packages/esp32/hardware/esp32/3.3.0/libraries isSingleLibrary=false location=platform
time="2025-08-14T14:37:39-07:00" level=info msg="Adding libraries dir" dir=/home/aaron/Arduino/libraries isSingleLibrary=false location=user
2025-08-14 14:37:40 2025-08-14T21:37:40.444Z daemon INFO time="2025-08-14T14:37:40-07:00" level=info msg="Adding libraries dir" dir=/home/aaron/.arduino15/libraries isSingleLibrary=false location=ide
time="2025-08-14T14:37:40-07:00" level=info msg="Adding libraries dir" dir=/home/aaron/.arduino15/packages/esp32/hardware/esp32/3.3.0/libraries isSingleLibrary=false location=platform
2025-08-14 14:37:40 2025-08-14T21:37:40.444Z daemon INFO time="2025-08-14T14:37:40-07:00" level=info msg="Adding libraries dir" dir=/home/aaron/Arduino/libraries isSingleLibrary=false location=user
2025-08-14 14:37:41 2025-08-14T21:37:41.974Z root INFO compiler-errors Current error changed to f;155
2025-08-14 14:37:42 2025-08-14T21:37:41.997Z root INFO compiler-errors Handling selection change in editor file:///home/aaron/projects/esp32_ble/master/master.ino. New (monaco) selection: [9,1 -> 9,1]
2025-08-14 14:39:48 2025-08-14T21:39:48.096Z root INFO compiler-errors Handling selection change in editor file:///home/aaron/projects/esp32_ble/master/master.ino. New (monaco) selection: [14,7 -> 14,7]
2025-08-14 14:39:48 2025-08-14T21:39:48.096Z root INFO compiler-errors New (monaco) selection [14,7 -> 14,7] does not intersect any error locations. Skipping.
2025-08-14 14:39:48 2025-08-14T21:39:48.791Z root INFO compiler-errors Handling selection change in editor file:///home/aaron/projects/esp32_ble/master/master.ino. New (monaco) selection: [1,1 -> 58,1]
2025-08-14 14:39:49 2025-08-14T21:39:49.339Z root INFO compiler-errors decoration range: [8,19 -> 8,19], change range: [1,1 -> 58,1], affects: true
2025-08-14 14:39:49 2025-08-14T21:39:49.340Z root INFO compiler-errors Handling selection change in editor file:///home/aaron/projects/esp32_ble/master/master.ino. New (monaco) selection: [61,1 -> 61,1]
2025-08-14 14:39:49 2025-08-14T21:39:49.340Z root INFO compiler-errors New (monaco) selection [61,1 -> 61,1] does not intersect any error locations. Skipping.
2025-08-14 14:39:51 2025-08-14T21:39:51.281Z daemon INFO time="2025-08-14T14:39:51-07:00" level=info msg="Adding libraries dir" dir=/home/aaron/.arduino15/libraries isSingleLibrary=false location=ide
time="2025-08-14T14:39:51-07:00" level=info msg="Adding libraries dir" dir=/home/aaron/.arduino15/packages/esp32/hardware/esp32/3.3.0/libraries isSingleLibrary=false location=platform
2025-08-14 14:39:51 2025-08-14T21:39:51.281Z daemon INFO time="2025-08-14T14:39:51-07:00" level=info msg="Adding libraries dir" dir=/home/aaron/Arduino/libraries isSingleLibrary=false location=user
2025-08-14 14:39:51 2025-08-14T21:39:51.368Z daemon INFO time="2025-08-14T14:39:51-07:00" level=info msg="Adding libraries dir" dir=/home/aaron/.arduino15/libraries isSingleLibrary=false location=ide
time="2025-08-14T14:39:51-07:00" level=info msg="Adding libraries dir" dir=/home/aaron/.arduino15/packages/esp32/hardware/esp32/3.3.0/libraries isSingleLibrary=false location=platform
time="2025-08-14T14:39:51-07:00" level=info msg="Adding libraries dir" dir=/home/aaron/Arduino/libraries isSingleLibrary=false location=user
2025-08-14 14:39:53 2025-08-14T21:39:53.147Z daemon INFO time="2025-08-14T14:39:53-07:00" level=info msg="Resolving include FS.h for arch esp32"
time="2025-08-14T14:39:53-07:00" level=info msg="  found better lib" lib=FS prio=6B0
2025-08-14 14:40:01 2025-08-14T21:40:01.367Z root INFO Executing 'arduino.languageserver.notifyBuildDidComplete' with "file:///home/aaron/.cache/arduino/sketches/91139254CFB7C901DDF3DDDD3663E877"
2025-08-14 14:40:01 2025-08-14T21:40:01.373Z daemon INFO time="2025-08-14T14:40:01-07:00" level=info msg="sending command" command=CLOSE monitor=serial-monitor
2025-08-14 14:40:01 2025-08-14T21:40:01.373Z daemon INFO time="2025-08-14T14:40:01-07:00" level=info msg="received message" error=false event_type=close message=OK monitor=serial-monitor
time="2025-08-14T14:40:01-07:00" level=info msg="sending command" command=QUIT monitor=serial-monitor
2025-08-14 14:40:01 2025-08-14T21:40:01.373Z daemon INFO time="2025-08-14T14:40:01-07:00" level=info msg="received message" error=false event_type=quit message=OK monitor=serial-monitor
time="2025-08-14T14:40:01-07:00" level=info msg="Killing monitor process" monitor=serial-monitor
2025-08-14 14:40:01 2025-08-14T21:40:01.375Z daemon INFO time="2025-08-14T14:40:01-07:00" level=error msg="stopped decode loop: EOF" monitor=serial-monitor
2025-08-14 14:40:01 2025-08-14T21:40:01.376Z daemon INFO time="2025-08-14T14:40:01-07:00" level=info msg="Monitor process killed" monitor=serial-monitor
2025-08-14 14:40:01 2025-08-14T21:40:01.379Z monitor-service INFO monitor to /dev/ttyACM0 using serial closed by server
2025-08-14 14:40:01 2025-08-14T21:40:01.471Z daemon INFO time="2025-08-14T14:40:01-07:00" level=info msg="Tool required for debug" tool="arduino:dfu-util@0.11.0-arduino5"
time="2025-08-14T14:40:01-07:00" level=info msg="Tool required for debug" tool="esp32:esp-rv32@2411"
time="2025-08-14T14:40:01-07:00" level=info msg="Tool required for debug" tool="esp32:esp-x32@2411"
2025-08-14 14:40:01 2025-08-14T21:40:01.471Z daemon INFO time="2025-08-14T14:40:01-07:00" level=info msg="Tool required for debug" tool="esp32:esp32-arduino-libs@idf-release_v5.5-b66b5448-v1"
time="2025-08-14T14:40:01-07:00" level=info msg="Tool required for debug" tool="esp32:esptool_py@5.0.0"
time="2025-08-14T14:40:01-07:00" level=info msg="Tool required for debug" tool="esp32:mklittlefs@3.0.0-gnu12-dc7f933"
time="2025-08-14T14:40:01-07:00" level=info msg="Tool required for debug" tool="esp32:mkspiffs@0.2.3"
time="2025-08-14T14:40:01-07:00" level=info msg="Tool required for debug" tool="esp32:openocd-esp32@v0.12.0-esp32-20250422"
time="2025-08-14T14:40:01-07:00" level=info msg="Tool required for debug" tool="esp32:riscv32-esp-elf-gdb@16.2_20250324"
time="2025-08-14T14:40:01-07:00" level=info msg="Tool required for debug" tool="esp32:xtensa-esp-elf-gdb@16.2_20250324"
time="2025-08-14T14:40:01-07:00" level=info msg="Tool required for debug" tool="arduino:avrdude@6.3.0-arduino17"
2025-08-14 14:40:01 2025-08-14T21:40:01.471Z daemon INFO time="2025-08-14T14:40:01-07:00" level=info msg="Tool required for debug" tool="builtin:dfu-discovery@0.1.2"
time="2025-08-14T14:40:01-07:00" level=info msg="Tool required for debug" tool="arduino:arduinoOTA@1.3.0"
time="2025-08-14T14:40:01-07:00" level=info msg="Tool required for debug" tool="arduino:avr-gcc@7.3.0-atmel3.6.1-arduino7"
time="2025-08-14T14:40:01-07:00" level=info msg="Tool required for debug" tool="builtin:serial-discovery@1.4.1"
2025-08-14 14:40:01 2025-08-14T21:40:01.471Z daemon INFO time="2025-08-14T14:40:01-07:00" level=info msg="Tool required for debug" tool="builtin:ctags@5.8-arduino11"
time="2025-08-14T14:40:01-07:00" level=info msg="Tool required for debug" tool="builtin:serial-monitor@0.15.0"
time="2025-08-14T14:40:01-07:00" level=info msg="Tool required for debug" tool="builtin:mdns-discovery@1.0.9"
2025-08-14 14:40:01 2025-08-14T21:40:01.479Z daemon INFO time="2025-08-14T14:40:01-07:00" level=info msg="Tool required for debug" tool="arduino:dfu-util@0.11.0-arduino5"
time="2025-08-14T14:40:01-07:00" level=info msg="Tool required for debug" tool="esp32:esp-rv32@2411"
time="2025-08-14T14:40:01-07:00" level=info msg="Tool required for debug" tool="esp32:esp-x32@2411"
time="2025-08-14T14:40:01-07:00" level=info msg="Tool required for debug" tool="esp32:esp32-arduino-libs@idf-release_v5.5-b66b5448-v1"
time="2025-08-14T14:40:01-07:00" level=info msg="Tool required for debug" tool="esp32:esptool_py@5.0.0"
2025-08-14 14:40:01 2025-08-14T21:40:01.479Z daemon INFO time="2025-08-14T14:40:01-07:00" level=info msg="Tool required for debug" tool="esp32:mklittlefs@3.0.0-gnu12-dc7f933"
time="2025-08-14T14:40:01-07:00" level=info msg="Tool required for debug" tool="esp32:mkspiffs@0.2.3"
time="2025-08-14T14:40:01-07:00" level=info msg="Tool required for debug" tool="esp32:openocd-esp32@v0.12.0-esp32-20250422"
time="2025-08-14T14:40:01-07:00" level=info msg="Tool required for debug" tool="esp32:riscv32-esp-elf-gdb@16.2_20250324"
time="2025-08-14T14:40:01-07:00" level=info msg="Tool required for debug" tool="esp32:xtensa-esp-elf-gdb@16.2_20250324"
time="2025-08-14T14:40:01-07:00" level=info msg="Tool required for debug" tool="builtin:mdns-discovery@1.0.9"
time="2025-08-14T14:40:01-07:00" level=info msg="Tool required for debug" tool="builtin:serial-discovery@1.4.1"
time="2025-08-14T14:40:01-07:00" level=info msg="Tool required for debug" tool="arduino:arduinoOTA@1.3.0"
time="2025-08-14T14:40:01-07:00" level=info msg="Tool required for debug" tool="builtin:dfu-discovery@0.1.2"
2025-08-14 14:40:01 2025-08-14T21:40:01.480Z daemon INFO time="2025-08-14T14:40:01-07:00" level=info msg="Tool required for debug" tool="arduino:avrdude@6.3.0-arduino17"
time="2025-08-14T14:40:01-07:00" level=info msg="Tool required for debug" tool="builtin:ctags@5.8-arduino11"
time="2025-08-14T14:40:01-07:00" level=info msg="Tool required for debug" tool="arduino:avr-gcc@7.3.0-atmel3.6.1-arduino7"
2025-08-14 14:40:01 2025-08-14T21:40:01.480Z daemon INFO time="2025-08-14T14:40:01-07:00" level=info msg="Tool required for debug" tool="builtin:serial-monitor@0.15.0"
2025-08-14 14:40:01 2025-08-14T21:40:01.488Z daemon INFO time="2025-08-14T14:40:01-07:00" level=info msg="Tool required for debug" tool="arduino:dfu-util@0.11.0-arduino5"
time="2025-08-14T14:40:01-07:00" level=info msg="Tool required for debug" tool="esp32:esp-rv32@2411"
time="2025-08-14T14:40:01-07:00" level=info msg="Tool required for debug" tool="esp32:esp-x32@2411"
time="2025-08-14T14:40:01-07:00" level=info msg="Tool required for debug" tool="esp32:esp32-arduino-libs@idf-release_v5.5-b66b5448-v1"
2025-08-14 14:40:01 2025-08-14T21:40:01.488Z daemon INFO time="2025-08-14T14:40:01-07:00" level=info msg="Tool required for debug" tool="esp32:esptool_py@5.0.0"
time="2025-08-14T14:40:01-07:00" level=info msg="Tool required for debug" tool="esp32:mklittlefs@3.0.0-gnu12-dc7f933"
time="2025-08-14T14:40:01-07:00" level=info msg="Tool required for debug" tool="esp32:mkspiffs@0.2.3"
time="2025-08-14T14:40:01-07:00" level=info msg="Tool required for debug" tool="esp32:openocd-esp32@v0.12.0-esp32-20250422"
time="2025-08-14T14:40:01-07:00" level=info msg="Tool required for debug" tool="esp32:riscv32-esp-elf-gdb@16.2_20250324"
time="2025-08-14T14:40:01-07:00" level=info msg="Tool required for debug" tool="esp32:xtensa-esp-elf-gdb@16.2_20250324"
time="2025-08-14T14:40:01-07:00" level=info msg="Tool required for debug" tool="builtin:serial-discovery@1.4.1"
2025-08-14 14:40:01 2025-08-14T21:40:01.488Z daemon INFO time="2025-08-14T14:40:01-07:00" level=info msg="Tool required for debug" tool="builtin:ctags@5.8-arduino11"
time="2025-08-14T14:40:01-07:00" level=info msg="Tool required for debug" tool="arduino:avr-gcc@7.3.0-atmel3.6.1-arduino7"
time="2025-08-14T14:40:01-07:00" level=info msg="Tool required for debug" tool="builtin:serial-monitor@0.15.0"
2025-08-14 14:40:01 2025-08-14T21:40:01.488Z daemon INFO time="2025-08-14T14:40:01-07:00" level=info msg="Tool required for debug" tool="builtin:dfu-discovery@0.1.2"
time="2025-08-14T14:40:01-07:00" level=info msg="Tool required for debug" tool="builtin:mdns-discovery@1.0.9"
2025-08-14 14:40:01 2025-08-14T21:40:01.488Z daemon INFO time="2025-08-14T14:40:01-07:00" level=info msg="Tool required for debug" tool="arduino:avrdude@6.3.0-arduino17"
time="2025-08-14T14:40:01-07:00" level=info msg="Tool required for debug" tool="arduino:arduinoOTA@1.3.0"
2025-08-14 14:40:01 2025-08-14T21:40:01.496Z daemon INFO time="2025-08-14T14:40:01-07:00" level=info msg="Tool required for debug" tool="arduino:dfu-util@0.11.0-arduino5"
time="2025-08-14T14:40:01-07:00" level=info msg="Tool required for debug" tool="esp32:esp-rv32@2411"
time="2025-08-14T14:40:01-07:00" level=info msg="Tool required for debug" tool="esp32:esp-x32@2411"
time="2025-08-14T14:40:01-07:00" level=info msg="Tool required for debug" tool="esp32:esp32-arduino-libs@idf-release_v5.5-b66b5448-v1"
2025-08-14 14:40:01 2025-08-14T21:40:01.496Z daemon INFO time="2025-08-14T14:40:01-07:00" level=info msg="Tool required for debug" tool="esp32:esptool_py@5.0.0"
time="2025-08-14T14:40:01-07:00" level=info msg="Tool required for debug" tool="esp32:mklittlefs@3.0.0-gnu12-dc7f933"
time="2025-08-14T14:40:01-07:00" level=info msg="Tool required for debug" tool="esp32:mkspiffs@0.2.3"
time="2025-08-14T14:40:01-07:00" level=info msg="Tool required for debug" tool="esp32:openocd-esp32@v0.12.0-esp32-20250422"
time="2025-08-14T14:40:01-07:00" level=info msg="Tool required for debug" tool="esp32:riscv32-esp-elf-gdb@16.2_20250324"
time="2025-08-14T14:40:01-07:00" level=info msg="Tool required for debug" tool="esp32:xtensa-esp-elf-gdb@16.2_20250324"
time="2025-08-14T14:40:01-07:00" level=info msg="Tool required for debug" tool="builtin:serial-monitor@0.15.0"
2025-08-14 14:40:01 2025-08-14T21:40:01.497Z daemon INFO time="2025-08-14T14:40:01-07:00" level=info msg="Tool required for debug" tool="arduino:avrdude@6.3.0-arduino17"
time="2025-08-14T14:40:01-07:00" level=info msg="Tool required for debug" tool="arduino:arduinoOTA@1.3.0"
time="2025-08-14T14:40:01-07:00" level=info msg="Tool required for debug" tool="builtin:mdns-discovery@1.0.9"
time="2025-08-14T14:40:01-07:00" level=info msg="Tool required for debug" tool="builtin:serial-discovery@1.4.1"
2025-08-14 14:40:01 2025-08-14T21:40:01.497Z daemon INFO time="2025-08-14T14:40:01-07:00" level=info msg="Tool required for debug" tool="builtin:ctags@5.8-arduino11"
time="2025-08-14T14:40:01-07:00" level=info msg="Tool required for debug" tool="arduino:avr-gcc@7.3.0-atmel3.6.1-arduino7"
2025-08-14 14:40:01 2025-08-14T21:40:01.497Z daemon INFO time="2025-08-14T14:40:01-07:00" level=info msg="Tool required for debug" tool="builtin:dfu-discovery@0.1.2"
2025-08-14 14:40:01 2025-08-14T21:40:01.505Z daemon INFO time="2025-08-14T14:40:01-07:00" level=info msg="Tool required for debug" tool="arduino:dfu-util@0.11.0-arduino5"
time="2025-08-14T14:40:01-07:00" level=info msg="Tool required for debug" tool="esp32:esp-rv32@2411"
time="2025-08-14T14:40:01-07:00" level=info msg="Tool required for debug" tool="esp32:esp-x32@2411"
time="2025-08-14T14:40:01-07:00" level=info msg="Tool required for debug" tool="esp32:esp32-arduino-libs@idf-release_v5.5-b66b5448-v1"
2025-08-14 14:40:01 2025-08-14T21:40:01.505Z daemon INFO time="2025-08-14T14:40:01-07:00" level=info msg="Tool required for debug" tool="esp32:esptool_py@5.0.0"
time="2025-08-14T14:40:01-07:00" level=info msg="Tool required for debug" tool="esp32:mklittlefs@3.0.0-gnu12-dc7f933"
time="2025-08-14T14:40:01-07:00" level=info msg="Tool required for debug" tool="esp32:mkspiffs@0.2.3"
time="2025-08-14T14:40:01-07:00" level=info msg="Tool required for debug" tool="esp32:openocd-esp32@v0.12.0-esp32-20250422"
time="2025-08-14T14:40:01-07:00" level=info msg="Tool required for debug" tool="esp32:riscv32-esp-elf-gdb@16.2_20250324"
time="2025-08-14T14:40:01-07:00" level=info msg="Tool required for debug" tool="esp32:xtensa-esp-elf-gdb@16.2_20250324"
time="2025-08-14T14:40:01-07:00" level=info msg="Tool required for debug" tool="arduino:avrdude@6.3.0-arduino17"
time="2025-08-14T14:40:01-07:00" level=info msg="Tool required for debug" tool="builtin:serial-monitor@0.15.0"
2025-08-14 14:40:01 2025-08-14T21:40:01.505Z daemon INFO time="2025-08-14T14:40:01-07:00" level=info msg="Tool required for debug" tool="arduino:arduinoOTA@1.3.0"
time="2025-08-14T14:40:01-07:00" level=info msg="Tool required for debug" tool="arduino:avr-gcc@7.3.0-atmel3.6.1-arduino7"
time="2025-08-14T14:40:01-07:00" level=info msg="Tool required for debug" tool="builtin:ctags@5.8-arduino11"
2025-08-14 14:40:01 2025-08-14T21:40:01.505Z daemon INFO time="2025-08-14T14:40:01-07:00" level=info msg="Tool required for debug" tool="builtin:dfu-discovery@0.1.2"
time="2025-08-14T14:40:01-07:00" level=info msg="Tool required for debug" tool="builtin:mdns-discovery@1.0.9"
2025-08-14 14:40:01 2025-08-14T21:40:01.505Z daemon INFO time="2025-08-14T14:40:01-07:00" level=info msg="Tool required for debug" tool="builtin:serial-discovery@1.4.1"
2025-08-14 14:40:01 2025-08-14T21:40:01.514Z daemon INFO time="2025-08-14T14:40:01-07:00" level=info msg="Tool required for debug" tool="arduino:dfu-util@0.11.0-arduino5"
time="2025-08-14T14:40:01-07:00" level=info msg="Tool required for debug" tool="esp32:esp-rv32@2411"
time="2025-08-14T14:40:01-07:00" level=info msg="Tool required for debug" tool="esp32:esp-x32@2411"
time="2025-08-14T14:40:01-07:00" level=info msg="Tool required for debug" tool="esp32:esp32-arduino-libs@idf-release_v5.5-b66b5448-v1"
time="2025-08-14T14:40:01-07:00" level=info msg="Tool required for debug" tool="esp32:esptool_py@5.0.0"
2025-08-14 14:40:01 2025-08-14T21:40:01.514Z daemon INFO time="2025-08-14T14:40:01-07:00" level=info msg="Tool required for debug" tool="esp32:mklittlefs@3.0.0-gnu12-dc7f933"
time="2025-08-14T14:40:01-07:00" level=info msg="Tool required for debug" tool="esp32:mkspiffs@0.2.3"
time="2025-08-14T14:40:01-07:00" level=info msg="Tool required for debug" tool="esp32:openocd-esp32@v0.12.0-esp32-20250422"
time="2025-08-14T14:40:01-07:00" level=info msg="Tool required for debug" tool="esp32:riscv32-esp-elf-gdb@16.2_20250324"
time="2025-08-14T14:40:01-07:00" level=info msg="Tool required for debug" tool="esp32:xtensa-esp-elf-gdb@16.2_20250324"
time="2025-08-14T14:40:01-07:00" level=info msg="Tool required for debug" tool="arduino:avrdude@6.3.0-arduino17"
time="2025-08-14T14:40:01-07:00" level=info msg="Tool required for debug" tool="builtin:mdns-discovery@1.0.9"
time="2025-08-14T14:40:01-07:00" level=info msg="Tool required for debug" tool="arduino:avr-gcc@7.3.0-atmel3.6.1-arduino7"
time="2025-08-14T14:40:01-07:00" level=info msg="Tool required for debug" tool="builtin:serial-discovery@1.4.1"
2025-08-14 14:40:01 2025-08-14T21:40:01.514Z daemon INFO time="2025-08-14T14:40:01-07:00" level=info msg="Tool required for debug" tool="builtin:serial-monitor@0.15.0"
time="2025-08-14T14:40:01-07:00" level=info msg="Tool required for debug" tool="arduino:arduinoOTA@1.3.0"
time="2025-08-14T14:40:01-07:00" level=info msg="Tool required for debug" tool="builtin:dfu-discovery@0.1.2"
time="2025-08-14T14:40:01-07:00" level=info msg="Tool required for debug" tool="builtin:ctags@5.8-arduino11"
2025-08-14 14:40:01 2025-08-14T21:40:01.521Z daemon INFO time="2025-08-14T14:40:01-07:00" level=info msg="Tool required for debug" tool="arduino:dfu-util@0.11.0-arduino5"
time="2025-08-14T14:40:01-07:00" level=info msg="Tool required for debug" tool="esp32:esp-rv32@2411"
time="2025-08-14T14:40:01-07:00" level=info msg="Tool required for debug" tool="esp32:esp-x32@2411"
time="2025-08-14T14:40:01-07:00" level=info msg="Tool required for debug" tool="esp32:esp32-arduino-libs@idf-release_v5.5-b66b5448-v1"
time="2025-08-14T14:40:01-07:00" level=info msg="Tool required for debug" tool="esp32:esptool_py@5.0.0"
2025-08-14 14:40:01 2025-08-14T21:40:01.521Z daemon INFO time="2025-08-14T14:40:01-07:00" level=info msg="Tool required for debug" tool="esp32:mklittlefs@3.0.0-gnu12-dc7f933"
time="2025-08-14T14:40:01-07:00" level=info msg="Tool required for debug" tool="esp32:mkspiffs@0.2.3"
time="2025-08-14T14:40:01-07:00" level=info msg="Tool required for debug" tool="esp32:openocd-esp32@v0.12.0-esp32-20250422"
time="2025-08-14T14:40:01-07:00" level=info msg="Tool required for debug" tool="esp32:riscv32-esp-elf-gdb@16.2_20250324"
time="2025-08-14T14:40:01-07:00" level=info msg="Tool required for debug" tool="esp32:xtensa-esp-elf-gdb@16.2_20250324"
time="2025-08-14T14:40:01-07:00" level=info msg="Tool required for debug" tool="arduino:arduinoOTA@1.3.0"
time="2025-08-14T14:40:01-07:00" level=info msg="Tool required for debug" tool="builtin:serial-discovery@1.4.1"
time="2025-08-14T14:40:01-07:00" level=info msg="Tool required for debug" tool="arduino:avr-gcc@7.3.0-atmel3.6.1-arduino7"
time="2025-08-14T14:40:01-07:00" level=info msg="Tool required for debug" tool="arduino:avrdude@6.3.0-arduino17"
2025-08-14 14:40:01 2025-08-14T21:40:01.521Z daemon INFO time="2025-08-14T14:40:01-07:00" level=info msg="Tool required for debug" tool="builtin:ctags@5.8-arduino11"
time="2025-08-14T14:40:01-07:00" level=info msg="Tool required for debug" tool="builtin:dfu-discovery@0.1.2"
time="2025-08-14T14:40:01-07:00" level=info msg="Tool required for debug" tool="builtin:mdns-discovery@1.0.9"
time="2025-08-14T14:40:01-07:00" level=info msg="Tool required for debug" tool="builtin:serial-monitor@0.15.0"
2025-08-14 14:40:01 2025-08-14T21:40:01.528Z daemon INFO time="2025-08-14T14:40:01-07:00" level=info msg="Tool required for debug" tool="arduino:dfu-util@0.11.0-arduino5"
time="2025-08-14T14:40:01-07:00" level=info msg="Tool required for debug" tool="esp32:esp-rv32@2411"
time="2025-08-14T14:40:01-07:00" level=info msg="Tool required for debug" tool="esp32:esp-x32@2411"
time="2025-08-14T14:40:01-07:00" level=info msg="Tool required for debug" tool="esp32:esp32-arduino-libs@idf-release_v5.5-b66b5448-v1"
time="2025-08-14T14:40:01-07:00" level=info msg="Tool required for debug" tool="esp32:esptool_py@5.0.0"
2025-08-14 14:40:01 2025-08-14T21:40:01.528Z daemon INFO time="2025-08-14T14:40:01-07:00" level=info msg="Tool required for debug" tool="esp32:mklittlefs@3.0.0-gnu12-dc7f933"
time="2025-08-14T14:40:01-07:00" level=info msg="Tool required for debug" tool="esp32:mkspiffs@0.2.3"
time="2025-08-14T14:40:01-07:00" level=info msg="Tool required for debug" tool="esp32:openocd-esp32@v0.12.0-esp32-20250422"
time="2025-08-14T14:40:01-07:00" level=info msg="Tool required for debug" tool="esp32:riscv32-esp-elf-gdb@16.2_20250324"
time="2025-08-14T14:40:01-07:00" level=info msg="Tool required for debug" tool="esp32:xtensa-esp-elf-gdb@16.2_20250324"
time="2025-08-14T14:40:01-07:00" level=info msg="Tool required for debug" tool="builtin:mdns-discovery@1.0.9"
time="2025-08-14T14:40:01-07:00" level=info msg="Tool required for debug" tool="arduino:avr-gcc@7.3.0-atmel3.6.1-arduino7"
time="2025-08-14T14:40:01-07:00" level=info msg="Tool required for debug" tool="builtin:serial-monitor@0.15.0"
time="2025-08-14T14:40:01-07:00" level=info msg="Tool required for debug" tool="arduino:arduinoOTA@1.3.0"
2025-08-14 14:40:01 2025-08-14T21:40:01.528Z daemon INFO time="2025-08-14T14:40:01-07:00" level=info msg="Tool required for debug" tool="arduino:avrdude@6.3.0-arduino17"
time="2025-08-14T14:40:01-07:00" level=info msg="Tool required for debug" tool="builtin:ctags@5.8-arduino11"
time="2025-08-14T14:40:01-07:00" level=info msg="Tool required for debug" tool="builtin:dfu-discovery@0.1.2"
time="2025-08-14T14:40:01-07:00" level=info msg="Tool required for debug" tool="builtin:serial-discovery@1.4.1"
2025-08-14 14:40:01 2025-08-14T21:40:01.534Z daemon INFO time="2025-08-14T14:40:01-07:00" level=info msg="Tool required for debug" tool="arduino:dfu-util@0.11.0-arduino5"
time="2025-08-14T14:40:01-07:00" level=info msg="Tool required for debug" tool="esp32:esp-rv32@2411"
time="2025-08-14T14:40:01-07:00" level=info msg="Tool required for debug" tool="esp32:esp-x32@2411"
time="2025-08-14T14:40:01-07:00" level=info msg="Tool required for debug" tool="esp32:esp32-arduino-libs@idf-release_v5.5-b66b5448-v1"
time="2025-08-14T14:40:01-07:00" level=info msg="Tool required for debug" tool="esp32:esptool_py@5.0.0"
time="2025-08-14T14:40:01-07:00" level=info msg="Tool required for debug" tool="esp32:mklittlefs@3.0.0-gnu12-dc7f933"
2025-08-14 14:40:01 2025-08-14T21:40:01.534Z daemon INFO time="2025-08-14T14:40:01-07:00" level=info msg="Tool required for debug" tool="esp32:mkspiffs@0.2.3"
time="2025-08-14T14:40:01-07:00" level=info msg="Tool required for debug" tool="esp32:openocd-esp32@v0.12.0-esp32-20250422"
time="2025-08-14T14:40:01-07:00" level=info msg="Tool required for debug" tool="esp32:riscv32-esp-elf-gdb@16.2_20250324"
time="2025-08-14T14:40:01-07:00" level=info msg="Tool required for debug" tool="esp32:xtensa-esp-elf-gdb@16.2_20250324"
time="2025-08-14T14:40:01-07:00" level=info msg="Tool required for debug" tool="arduino:avrdude@6.3.0-arduino17"
time="2025-08-14T14:40:01-07:00" level=info msg="Tool required for debug" tool="builtin:mdns-discovery@1.0.9"
time="2025-08-14T14:40:01-07:00" level=info msg="Tool required for debug" tool="builtin:serial-discovery@1.4.1"
time="2025-08-14T14:40:01-07:00" level=info msg="Tool required for debug" tool="builtin:serial-monitor@0.15.0"
time="2025-08-14T14:40:01-07:00" level=info msg="Tool required for debug" tool="builtin:ctags@5.8-arduino11"
time="2025-08-14T14:40:01-07:00" level=info msg="Tool required for debug" tool="arduino:arduinoOTA@1.3.0"
2025-08-14 14:40:01 2025-08-14T21:40:01.534Z daemon INFO time="2025-08-14T14:40:01-07:00" level=info msg="Tool required for debug" tool="arduino:avr-gcc@7.3.0-atmel3.6.1-arduino7"
time="2025-08-14T14:40:01-07:00" level=info msg="Tool required for debug" tool="builtin:dfu-discovery@0.1.2"
2025-08-14 14:40:01 2025-08-14T21:40:01.539Z daemon INFO time="2025-08-14T14:40:01-07:00" level=info msg="Tool required for debug" tool="arduino:dfu-util@0.11.0-arduino5"
time="2025-08-14T14:40:01-07:00" level=info msg="Tool required for debug" tool="esp32:esp-rv32@2411"
time="2025-08-14T14:40:01-07:00" level=info msg="Tool required for debug" tool="esp32:esp-x32@2411"
time="2025-08-14T14:40:01-07:00" level=info msg="Tool required for debug" tool="esp32:esp32-arduino-libs@idf-release_v5.5-b66b5448-v1"
time="2025-08-14T14:40:01-07:00" level=info msg="Tool required for debug" tool="esp32:esptool_py@5.0.0"
time="2025-08-14T14:40:01-07:00" level=info msg="Tool required for debug" tool="esp32:mklittlefs@3.0.0-gnu12-dc7f933"
time="2025-08-14T14:40:01-07:00" level=info msg="Tool required for debug" tool="esp32:mkspiffs@0.2.3"
2025-08-14 14:40:01 2025-08-14T21:40:01.539Z daemon INFO time="2025-08-14T14:40:01-07:00" level=info msg="Tool required for debug" tool="esp32:openocd-esp32@v0.12.0-esp32-20250422"
time="2025-08-14T14:40:01-07:00" level=info msg="Tool required for debug" tool="esp32:riscv32-esp-elf-gdb@16.2_20250324"
time="2025-08-14T14:40:01-07:00" level=info msg="Tool required for debug" tool="esp32:xtensa-esp-elf-gdb@16.2_20250324"
time="2025-08-14T14:40:01-07:00" level=info msg="Tool required for debug" tool="arduino:avrdude@6.3.0-arduino17"
time="2025-08-14T14:40:01-07:00" level=info msg="Tool required for debug" tool="builtin:ctags@5.8-arduino11"
time="2025-08-14T14:40:01-07:00" level=info msg="Tool required for debug" tool="builtin:mdns-discovery@1.0.9"
time="2025-08-14T14:40:01-07:00" level=info msg="Tool required for debug" tool="arduino:arduinoOTA@1.3.0"
time="2025-08-14T14:40:01-07:00" level=info msg="Tool required for debug" tool="arduino:avr-gcc@7.3.0-atmel3.6.1-arduino7"
time="2025-08-14T14:40:01-07:00" level=info msg="Tool required for debug" tool="builtin:dfu-discovery@0.1.2"
time="2025-08-14T14:40:01-07:00" level=info msg="Tool required for debug" tool="builtin:serial-discovery@1.4.1"
2025-08-14 14:40:01 2025-08-14T21:40:01.539Z daemon INFO time="2025-08-14T14:40:01-07:00" level=info msg="Tool required for debug" tool="builtin:serial-monitor@0.15.0"
2025-08-14 14:40:02 2025-08-14T21:40:02.436Z daemon INFO time="2025-08-14T14:40:02-07:00" level=info msg="Adding libraries dir" dir=/home/aaron/.arduino15/libraries isSingleLibrary=false location=ide
time="2025-08-14T14:40:02-07:00" level=info msg="Adding libraries dir" dir=/home/aaron/.arduino15/packages/esp32/hardware/esp32/3.3.0/libraries isSingleLibrary=false location=platform
time="2025-08-14T14:40:02-07:00" level=info msg="Adding libraries dir" dir=/home/aaron/Arduino/libraries isSingleLibrary=false location=user
2025-08-14 14:40:06 2025-08-14T21:40:06.441Z root INFO Received port after upload [arduino+serial:///dev/ttyACM0, esp32:esp32:XIAO_ESP32C3:UploadSpeed=921600,CDCOnBoot=default,CPUFreq=160,FlashFreq=80,FlashMode=qio,FlashSize=4M,PartitionScheme=default,DebugLevel=none,EraseFlash=none, master]. Before port: {"address":"/dev/ttyACM0","addressLabel":"/dev/ttyACM0","protocol":"serial","protocolLabel":"Serial Port (USB)","properties":{"pid":"0x1001","serialNumber":"94:A9:90:7D:0E:B4","vid":"0x303a"},"hardwareId":"94:A9:90:7D:0E:B4"}, after port: {"address":"/dev/ttyACM0","addressLabel":"/dev/ttyACM0","protocol":"serial","protocolLabel":"Serial Port (USB)","properties":{"pid":"0x1001","serialNumber":"94:A9:90:77:71:34","vid":"0x303a"},"hardwareId":"94:A9:90:77:71:34"}
2025-08-14 14:40:06 2025-08-14T21:40:06.444Z monitor-service INFO starting monitor
2025-08-14 14:40:06 2025-08-14T21:40:06.446Z daemon INFO time="2025-08-14T14:40:06-07:00" level=info msg="Starting monitor process" monitor=serial-monitor
2025-08-14 14:40:06 2025-08-14T21:40:06.447Z daemon INFO time="2025-08-14T14:40:06-07:00" level=info msg="Monitor process started successfully!" monitor=serial-monitor
time="2025-08-14T14:40:06-07:00" level=info msg="sending command" command="HELLO 1 \"arduino-cli 1.2.0\"" monitor=serial-monitor
2025-08-14 14:40:06 2025-08-14T21:40:06.449Z daemon INFO time="2025-08-14T14:40:06-07:00" level=info msg="received message" error=false event_type=hello message=OK monitor=serial-monitor
time="2025-08-14T14:40:06-07:00" level=info msg="sending command" command=DESCRIBE monitor=serial-monitor
2025-08-14 14:40:06 2025-08-14T21:40:06.450Z daemon INFO time="2025-08-14T14:40:06-07:00" level=info msg="received message" error=false event_type=describe message=OK monitor=serial-monitor
2025-08-14 14:40:06 2025-08-14T21:40:06.450Z daemon INFO time="2025-08-14T14:40:06-07:00" level=info msg="sending command" command=QUIT monitor=serial-monitor
2025-08-14 14:40:06 2025-08-14T21:40:06.450Z daemon INFO time="2025-08-14T14:40:06-07:00" level=info msg="received message" error=false event_type=quit message=OK monitor=serial-monitor
2025-08-14 14:40:06 2025-08-14T21:40:06.450Z daemon INFO time="2025-08-14T14:40:06-07:00" level=info msg="Killing monitor process" monitor=serial-monitor
2025-08-14 14:40:06 2025-08-14T21:40:06.450Z daemon INFO time="2025-08-14T14:40:06-07:00" level=error msg="stopped decode loop: EOF" monitor=serial-monitor
time="2025-08-14T14:40:06-07:00" level=info msg="Monitor process killed" monitor=serial-monitor
2025-08-14 14:40:06 2025-08-14T21:40:06.456Z daemon INFO time="2025-08-14T14:40:06-07:00" level=info msg="Starting monitor process" monitor=serial-monitor
time="2025-08-14T14:40:06-07:00" level=info msg="Monitor process started successfully!" monitor=serial-monitor
2025-08-14 14:40:06 2025-08-14T21:40:06.457Z daemon INFO time="2025-08-14T14:40:06-07:00" level=info msg="sending command" command="HELLO 1 \"arduino-cli 1.2.0\"" monitor=serial-monitor
2025-08-14 14:40:06 2025-08-14T21:40:06.459Z daemon INFO time="2025-08-14T14:40:06-07:00" level=info msg="received message" error=false event_type=hello message=OK monitor=serial-monitor
time="2025-08-14T14:40:06-07:00" level=info msg="sending command" command=DESCRIBE monitor=serial-monitor
2025-08-14 14:40:06 2025-08-14T21:40:06.459Z daemon INFO time="2025-08-14T14:40:06-07:00" level=info msg="received message" error=false event_type=describe message=OK monitor=serial-monitor
time="2025-08-14T14:40:06-07:00" level=info msg="sending command" command="CONFIGURE baudrate 115200" monitor=serial-monitor
2025-08-14 14:40:06 2025-08-14T21:40:06.459Z daemon INFO time="2025-08-14T14:40:06-07:00" level=info msg="received message" error=false event_type=configure message=OK monitor=serial-monitor
2025-08-14 14:40:06 2025-08-14T21:40:06.459Z daemon INFO time="2025-08-14T14:40:06-07:00" level=info msg="sending command" command="CONFIGURE bits 8" monitor=serial-monitor
2025-08-14 14:40:06 2025-08-14T21:40:06.459Z daemon INFO time="2025-08-14T14:40:06-07:00" level=info msg="received message" error=false event_type=configure message=OK monitor=serial-monitor
2025-08-14 14:40:06 2025-08-14T21:40:06.459Z daemon INFO time="2025-08-14T14:40:06-07:00" level=info msg="sending command" command="CONFIGURE dtr on" monitor=serial-monitor
2025-08-14 14:40:06 2025-08-14T21:40:06.459Z daemon INFO time="2025-08-14T14:40:06-07:00" level=info msg="received message" error=false event_type=configure message=OK monitor=serial-monitor
2025-08-14 14:40:06 2025-08-14T21:40:06.460Z daemon INFO time="2025-08-14T14:40:06-07:00" level=info msg="sending command" command="CONFIGURE parity none" monitor=serial-monitor
2025-08-14 14:40:06 2025-08-14T21:40:06.460Z daemon INFO time="2025-08-14T14:40:06-07:00" level=info msg="received message" error=false event_type=configure message=OK monitor=serial-monitor
2025-08-14 14:40:06 2025-08-14T21:40:06.460Z daemon INFO time="2025-08-14T14:40:06-07:00" level=info msg="sending command" command="CONFIGURE rts on" monitor=serial-monitor
2025-08-14 14:40:06 2025-08-14T21:40:06.460Z daemon INFO time="2025-08-14T14:40:06-07:00" level=info msg="received message" error=false event_type=configure message=OK monitor=serial-monitor
time="2025-08-14T14:40:06-07:00" level=info msg="sending command" command="CONFIGURE stop_bits 1" monitor=serial-monitor
2025-08-14 14:40:06 2025-08-14T21:40:06.460Z daemon INFO time="2025-08-14T14:40:06-07:00" level=info msg="received message" error=false event_type=configure message=OK monitor=serial-monitor
2025-08-14 14:40:06 2025-08-14T21:40:06.460Z daemon INFO time="2025-08-14T14:40:06-07:00" level=info msg="sending command" command="OPEN 127.0.0.1:44309 /dev/ttyACM0" monitor=serial-monitor
2025-08-14 14:40:06 2025-08-14T21:40:06.460Z daemon INFO time="2025-08-14T14:40:06-07:00" level=info msg="received message" error=false event_type=open message=OK monitor=serial-monitor
2025-08-14 14:40:06 2025-08-14T21:40:06.461Z daemon INFO time="2025-08-14T14:40:06-07:00" level=info msg="Port /dev/ttyACM0 successfully opened"
2025-08-14 14:40:06 2025-08-14T21:40:06.462Z monitor-service INFO Using port configuration for serial:/dev/ttyACM0: {"settingsList":[{"settingId":"baudrate","value":"115200"},{"settingId":"bits","value":"8"},{"settingId":"dtr","value":"on"},{"settingId":"parity","value":"none"},{"settingId":"rts","value":"on"},{"settingId":"stop_bits","value":"1"}]}
2025-08-14 14:40:06 2025-08-14T21:40:06.462Z monitor-service INFO started monitor to /dev/ttyACM0 using serial
2025-08-14 14:40:06 2025-08-14T21:40:06.489Z monitor-service INFO No port configuration changes have been detected. No need to send configure commands to the running monitor serial:/dev/ttyACM0.
2025-08-14 14:40:06 2025-08-14T21:40:06.489Z monitor-service INFO No port configuration changes have been detected. No need to send configure commands to the running monitor serial:/dev/ttyACM0.
2025-08-14 14:42:19 2025-08-14T21:42:19.862Z monitor-service INFO No port configuration changes have been detected. No need to send configure commands to the running monitor serial:/dev/ttyACM0.
2025-08-14 14:44:53 2025-08-14T21:44:53.434Z daemon INFO time="2025-08-14T14:44:53-07:00" level=info msg="Adding libraries dir" dir=/home/aaron/.arduino15/libraries isSingleLibrary=false location=ide
2025-08-14 14:44:53 2025-08-14T21:44:53.435Z daemon INFO time="2025-08-14T14:44:53-07:00" level=info msg="Adding libraries dir" dir=/home/aaron/.arduino15/packages/esp32/hardware/esp32/3.3.0/libraries isSingleLibrary=false location=platform
time="2025-08-14T14:44:53-07:00" level=info msg="Adding libraries dir" dir=/home/aaron/Arduino/libraries isSingleLibrary=false location=user
2025-08-14 14:44:55 2025-08-14T21:44:55.180Z daemon INFO time="2025-08-14T14:44:55-07:00" level=info msg="Adding libraries dir" dir=/home/aaron/.arduino15/libraries isSingleLibrary=false location=ide
time="2025-08-14T14:44:55-07:00" level=info msg="Adding libraries dir" dir=/home/aaron/.arduino15/packages/esp32/hardware/esp32/3.3.0/libraries isSingleLibrary=false location=platform
2025-08-14 14:44:55 2025-08-14T21:44:55.180Z daemon INFO time="2025-08-14T14:44:55-07:00" level=info msg="Adding libraries dir" dir=/home/aaron/Arduino/libraries isSingleLibrary=false location=user
2025-08-14 14:44:55 2025-08-14T21:44:55.949Z daemon INFO time="2025-08-14T14:44:55-07:00" level=info msg="Adding libraries dir" dir=/home/aaron/.arduino15/libraries isSingleLibrary=false location=ide
time="2025-08-14T14:44:55-07:00" level=info msg="Adding libraries dir" dir=/home/aaron/.arduino15/packages/esp32/hardware/esp32/3.3.0/libraries isSingleLibrary=false location=platform
2025-08-14 14:44:55 2025-08-14T21:44:55.950Z daemon INFO time="2025-08-14T14:44:55-07:00" level=info msg="Adding libraries dir" dir=/home/aaron/Arduino/libraries isSingleLibrary=false location=user
2025-08-14 14:44:56 2025-08-14T21:44:56.372Z daemon INFO time="2025-08-14T14:44:56-07:00" level=info msg="Resolving include TinyGPSPlus.h for arch esp32"
time="2025-08-14T14:44:56-07:00" level=info msg="  found better lib" lib=TinyGPSPlus prio=6A7
2025-08-14 14:44:56 2025-08-14T21:44:56.373Z daemon INFO time="2025-08-14T14:44:56-07:00" level=info msg="  discarded" lib=TinyGPSPlus-ESP32 prio=521
time="2025-08-14T14:44:56-07:00" level=info msg="  discarded" lib=TinyGPSPlusPlus prio=517
2025-08-14 14:44:57 2025-08-14T21:44:57.541Z daemon INFO time="2025-08-14T14:44:57-07:00" level=info msg="Resolving include FS.h for arch esp32"
time="2025-08-14T14:44:57-07:00" level=info msg="  found better lib" lib=FS prio=6B0
2025-08-14 14:45:05 2025-08-14T21:45:05.246Z root INFO Executing 'arduino.languageserver.notifyBuildDidComplete' with "file:///home/aaron/.cache/arduino/sketches/91139254CFB7C901DDF3DDDD3663E877"
2025-08-14 14:45:05 2025-08-14T21:45:05.249Z daemon INFO time="2025-08-14T14:45:05-07:00" level=info msg="sending command" command=CLOSE monitor=serial-monitor
2025-08-14 14:45:05 2025-08-14T21:45:05.251Z daemon INFO time="2025-08-14T14:45:05-07:00" level=info msg="received message" error=false event_type=close message=OK monitor=serial-monitor
time="2025-08-14T14:45:05-07:00" level=info msg="sending command" command=QUIT monitor=serial-monitor
2025-08-14 14:45:05 2025-08-14T21:45:05.251Z daemon INFO time="2025-08-14T14:45:05-07:00" level=info msg="received message" error=false event_type=quit message=OK monitor=serial-monitor
time="2025-08-14T14:45:05-07:00" level=info msg="Killing monitor process" monitor=serial-monitor
2025-08-14 14:45:05 2025-08-14T21:45:05.253Z daemon INFO time="2025-08-14T14:45:05-07:00" level=error msg="stopped decode loop: EOF" monitor=serial-monitor
2025-08-14 14:45:05 2025-08-14T21:45:05.253Z daemon INFO time="2025-08-14T14:45:05-07:00" level=info msg="Monitor process killed" monitor=serial-monitor
2025-08-14 14:45:05 2025-08-14T21:45:05.256Z monitor-service INFO monitor to /dev/ttyACM0 using serial closed by server
2025-08-14 14:45:05 2025-08-14T21:45:05.360Z daemon INFO time="2025-08-14T14:45:05-07:00" level=info msg="Tool required for debug" tool="arduino:dfu-util@0.11.0-arduino5"
time="2025-08-14T14:45:05-07:00" level=info msg="Tool required for debug" tool="esp32:esp-rv32@2411"
2025-08-14 14:45:05 2025-08-14T21:45:05.360Z daemon INFO time="2025-08-14T14:45:05-07:00" level=info msg="Tool required for debug" tool="esp32:esp-x32@2411"
time="2025-08-14T14:45:05-07:00" level=info msg="Tool required for debug" tool="esp32:esp32-arduino-libs@idf-release_v5.5-b66b5448-v1"
time="2025-08-14T14:45:05-07:00" level=info msg="Tool required for debug" tool="esp32:esptool_py@5.0.0"
time="2025-08-14T14:45:05-07:00" level=info msg="Tool required for debug" tool="esp32:mklittlefs@3.0.0-gnu12-dc7f933"
time="2025-08-14T14:45:05-07:00" level=info msg="Tool required for debug" tool="esp32:mkspiffs@0.2.3"
time="2025-08-14T14:45:05-07:00" level=info msg="Tool required for debug" tool="esp32:openocd-esp32@v0.12.0-esp32-20250422"
time="2025-08-14T14:45:05-07:00" level=info msg="Tool required for debug" tool="esp32:riscv32-esp-elf-gdb@16.2_20250324"
time="2025-08-14T14:45:05-07:00" level=info msg="Tool required for debug" tool="esp32:xtensa-esp-elf-gdb@16.2_20250324"
2025-08-14 14:45:05 2025-08-14T21:45:05.361Z daemon INFO time="2025-08-14T14:45:05-07:00" level=info msg="Tool required for debug" tool="builtin:ctags@5.8-arduino11"
time="2025-08-14T14:45:05-07:00" level=info msg="Tool required for debug" tool="arduino:avrdude@6.3.0-arduino17"
time="2025-08-14T14:45:05-07:00" level=info msg="Tool required for debug" tool="arduino:avr-gcc@7.3.0-atmel3.6.1-arduino7"
time="2025-08-14T14:45:05-07:00" level=info msg="Tool required for debug" tool="builtin:mdns-discovery@1.0.9"
2025-08-14 14:45:05 2025-08-14T21:45:05.361Z daemon INFO time="2025-08-14T14:45:05-07:00" level=info msg="Tool required for debug" tool="builtin:serial-discovery@1.4.1"
time="2025-08-14T14:45:05-07:00" level=info msg="Tool required for debug" tool="builtin:serial-monitor@0.15.0"
time="2025-08-14T14:45:05-07:00" level=info msg="Tool required for debug" tool="builtin:dfu-discovery@0.1.2"
2025-08-14 14:45:05 2025-08-14T21:45:05.361Z daemon INFO time="2025-08-14T14:45:05-07:00" level=info msg="Tool required for debug" tool="arduino:arduinoOTA@1.3.0"
2025-08-14 14:45:05 2025-08-14T21:45:05.374Z daemon INFO time="2025-08-14T14:45:05-07:00" level=info msg="Tool required for debug" tool="arduino:dfu-util@0.11.0-arduino5"
time="2025-08-14T14:45:05-07:00" level=info msg="Tool required for debug" tool="esp32:esp-rv32@2411"
time="2025-08-14T14:45:05-07:00" level=info msg="Tool required for debug" tool="esp32:esp-x32@2411"
time="2025-08-14T14:45:05-07:00" level=info msg="Tool required for debug" tool="esp32:esp32-arduino-libs@idf-release_v5.5-b66b5448-v1"
2025-08-14 14:45:05 2025-08-14T21:45:05.374Z daemon INFO time="2025-08-14T14:45:05-07:00" level=info msg="Tool required for debug" tool="esp32:esptool_py@5.0.0"
time="2025-08-14T14:45:05-07:00" level=info msg="Tool required for debug" tool="esp32:mklittlefs@3.0.0-gnu12-dc7f933"
time="2025-08-14T14:45:05-07:00" level=info msg="Tool required for debug" tool="esp32:mkspiffs@0.2.3"
time="2025-08-14T14:45:05-07:00" level=info msg="Tool required for debug" tool="esp32:openocd-esp32@v0.12.0-esp32-20250422"
time="2025-08-14T14:45:05-07:00" level=info msg="Tool required for debug" tool="esp32:riscv32-esp-elf-gdb@16.2_20250324"
time="2025-08-14T14:45:05-07:00" level=info msg="Tool required for debug" tool="esp32:xtensa-esp-elf-gdb@16.2_20250324"
time="2025-08-14T14:45:05-07:00" level=info msg="Tool required for debug" tool="builtin:serial-monitor@0.15.0"
2025-08-14 14:45:05 2025-08-14T21:45:05.374Z daemon INFO time="2025-08-14T14:45:05-07:00" level=info msg="Tool required for debug" tool="builtin:serial-discovery@1.4.1"
2025-08-14 14:45:05 2025-08-14T21:45:05.374Z daemon INFO time="2025-08-14T14:45:05-07:00" level=info msg="Tool required for debug" tool="arduino:avr-gcc@7.3.0-atmel3.6.1-arduino7"
time="2025-08-14T14:45:05-07:00" level=info msg="Tool required for debug" tool="arduino:avrdude@6.3.0-arduino17"
2025-08-14 14:45:05 2025-08-14T21:45:05.374Z daemon INFO time="2025-08-14T14:45:05-07:00" level=info msg="Tool required for debug" tool="arduino:arduinoOTA@1.3.0"
time="2025-08-14T14:45:05-07:00" level=info msg="Tool required for debug" tool="builtin:dfu-discovery@0.1.2"
2025-08-14 14:45:05 2025-08-14T21:45:05.374Z daemon INFO time="2025-08-14T14:45:05-07:00" level=info msg="Tool required for debug" tool="builtin:mdns-discovery@1.0.9"
2025-08-14 14:45:05 2025-08-14T21:45:05.374Z daemon INFO time="2025-08-14T14:45:05-07:00" level=info msg="Tool required for debug" tool="builtin:ctags@5.8-arduino11"
2025-08-14 14:45:05 2025-08-14T21:45:05.388Z daemon INFO time="2025-08-14T14:45:05-07:00" level=info msg="Tool required for debug" tool="arduino:dfu-util@0.11.0-arduino5"
time="2025-08-14T14:45:05-07:00" level=info msg="Tool required for debug" tool="esp32:esp-rv32@2411"
time="2025-08-14T14:45:05-07:00" level=info msg="Tool required for debug" tool="esp32:esp-x32@2411"
2025-08-14 14:45:05 2025-08-14T21:45:05.388Z daemon INFO time="2025-08-14T14:45:05-07:00" level=info msg="Tool required for debug" tool="esp32:esp32-arduino-libs@idf-release_v5.5-b66b5448-v1"
time="2025-08-14T14:45:05-07:00" level=info msg="Tool required for debug" tool="esp32:esptool_py@5.0.0"
time="2025-08-14T14:45:05-07:00" level=info msg="Tool required for debug" tool="esp32:mklittlefs@3.0.0-gnu12-dc7f933"
time="2025-08-14T14:45:05-07:00" level=info msg="Tool required for debug" tool="esp32:mkspiffs@0.2.3"
time="2025-08-14T14:45:05-07:00" level=info msg="Tool required for debug" tool="esp32:openocd-esp32@v0.12.0-esp32-20250422"
time="2025-08-14T14:45:05-07:00" level=info msg="Tool required for debug" tool="esp32:riscv32-esp-elf-gdb@16.2_20250324"
time="2025-08-14T14:45:05-07:00" level=info msg="Tool required for debug" tool="esp32:xtensa-esp-elf-gdb@16.2_20250324"
2025-08-14 14:45:05 2025-08-14T21:45:05.388Z daemon INFO time="2025-08-14T14:45:05-07:00" level=info msg="Tool required for debug" tool="arduino:avrdude@6.3.0-arduino17"
time="2025-08-14T14:45:05-07:00" level=info msg="Tool required for debug" tool="builtin:dfu-discovery@0.1.2"
time="2025-08-14T14:45:05-07:00" level=info msg="Tool required for debug" tool="builtin:serial-discovery@1.4.1"
2025-08-14 14:45:05 2025-08-14T21:45:05.388Z daemon INFO time="2025-08-14T14:45:05-07:00" level=info msg="Tool required for debug" tool="builtin:serial-monitor@0.15.0"
2025-08-14 14:45:05 2025-08-14T21:45:05.389Z daemon INFO time="2025-08-14T14:45:05-07:00" level=info msg="Tool required for debug" tool="arduino:avr-gcc@7.3.0-atmel3.6.1-arduino7"
time="2025-08-14T14:45:05-07:00" level=info msg="Tool required for debug" tool="arduino:arduinoOTA@1.3.0"
time="2025-08-14T14:45:05-07:00" level=info msg="Tool required for debug" tool="builtin:mdns-discovery@1.0.9"
2025-08-14 14:45:05 2025-08-14T21:45:05.389Z daemon INFO time="2025-08-14T14:45:05-07:00" level=info msg="Tool required for debug" tool="builtin:ctags@5.8-arduino11"
2025-08-14 14:45:05 2025-08-14T21:45:05.396Z daemon INFO time="2025-08-14T14:45:05-07:00" level=info msg="Tool required for debug" tool="arduino:dfu-util@0.11.0-arduino5"
time="2025-08-14T14:45:05-07:00" level=info msg="Tool required for debug" tool="esp32:esp-rv32@2411"
time="2025-08-14T14:45:05-07:00" level=info msg="Tool required for debug" tool="esp32:esp-x32@2411"
time="2025-08-14T14:45:05-07:00" level=info msg="Tool required for debug" tool="esp32:esp32-arduino-libs@idf-release_v5.5-b66b5448-v1"
2025-08-14 14:45:05 2025-08-14T21:45:05.396Z daemon INFO time="2025-08-14T14:45:05-07:00" level=info msg="Tool required for debug" tool="esp32:esptool_py@5.0.0"
time="2025-08-14T14:45:05-07:00" level=info msg="Tool required for debug" tool="esp32:mklittlefs@3.0.0-gnu12-dc7f933"
time="2025-08-14T14:45:05-07:00" level=info msg="Tool required for debug" tool="esp32:mkspiffs@0.2.3"
time="2025-08-14T14:45:05-07:00" level=info msg="Tool required for debug" tool="esp32:openocd-esp32@v0.12.0-esp32-20250422"
time="2025-08-14T14:45:05-07:00" level=info msg="Tool required for debug" tool="esp32:riscv32-esp-elf-gdb@16.2_20250324"
time="2025-08-14T14:45:05-07:00" level=info msg="Tool required for debug" tool="esp32:xtensa-esp-elf-gdb@16.2_20250324"
time="2025-08-14T14:45:05-07:00" level=info msg="Tool required for debug" tool="arduino:avrdude@6.3.0-arduino17"
time="2025-08-14T14:45:05-07:00" level=info msg="Tool required for debug" tool="builtin:serial-monitor@0.15.0"
time="2025-08-14T14:45:05-07:00" level=info msg="Tool required for debug" tool="builtin:ctags@5.8-arduino11"
time="2025-08-14T14:45:05-07:00" level=info msg="Tool required for debug" tool="builtin:dfu-discovery@0.1.2"
2025-08-14 14:45:05 2025-08-14T21:45:05.396Z daemon INFO time="2025-08-14T14:45:05-07:00" level=info msg="Tool required for debug" tool="builtin:serial-discovery@1.4.1"
time="2025-08-14T14:45:05-07:00" level=info msg="Tool required for debug" tool="arduino:arduinoOTA@1.3.0"
time="2025-08-14T14:45:05-07:00" level=info msg="Tool required for debug" tool="arduino:avr-gcc@7.3.0-atmel3.6.1-arduino7"
time="2025-08-14T14:45:05-07:00" level=info msg="Tool required for debug" tool="builtin:mdns-discovery@1.0.9"
2025-08-14 14:45:05 2025-08-14T21:45:05.402Z daemon INFO time="2025-08-14T14:45:05-07:00" level=info msg="Tool required for debug" tool="arduino:dfu-util@0.11.0-arduino5"
time="2025-08-14T14:45:05-07:00" level=info msg="Tool required for debug" tool="esp32:esp-rv32@2411"
time="2025-08-14T14:45:05-07:00" level=info msg="Tool required for debug" tool="esp32:esp-x32@2411"
time="2025-08-14T14:45:05-07:00" level=info msg="Tool required for debug" tool="esp32:esp32-arduino-libs@idf-release_v5.5-b66b5448-v1"
2025-08-14 14:45:05 2025-08-14T21:45:05.402Z daemon INFO time="2025-08-14T14:45:05-07:00" level=info msg="Tool required for debug" tool="esp32:esptool_py@5.0.0"
time="2025-08-14T14:45:05-07:00" level=info msg="Tool required for debug" tool="esp32:mklittlefs@3.0.0-gnu12-dc7f933"
time="2025-08-14T14:45:05-07:00" level=info msg="Tool required for debug" tool="esp32:mkspiffs@0.2.3"
time="2025-08-14T14:45:05-07:00" level=info msg="Tool required for debug" tool="esp32:openocd-esp32@v0.12.0-esp32-20250422"
time="2025-08-14T14:45:05-07:00" level=info msg="Tool required for debug" tool="esp32:riscv32-esp-elf-gdb@16.2_20250324"
time="2025-08-14T14:45:05-07:00" level=info msg="Tool required for debug" tool="esp32:xtensa-esp-elf-gdb@16.2_20250324"
time="2025-08-14T14:45:05-07:00" level=info msg="Tool required for debug" tool="arduino:avr-gcc@7.3.0-atmel3.6.1-arduino7"
time="2025-08-14T14:45:05-07:00" level=info msg="Tool required for debug" tool="builtin:serial-monitor@0.15.0"
time="2025-08-14T14:45:05-07:00" level=info msg="Tool required for debug" tool="builtin:serial-discovery@1.4.1"
time="2025-08-14T14:45:05-07:00" level=info msg="Tool required for debug" tool="arduino:arduinoOTA@1.3.0"
time="2025-08-14T14:45:05-07:00" level=info msg="Tool required for debug" tool="builtin:mdns-discovery@1.0.9"
2025-08-14 14:45:05 2025-08-14T21:45:05.402Z daemon INFO time="2025-08-14T14:45:05-07:00" level=info msg="Tool required for debug" tool="arduino:avrdude@6.3.0-arduino17"
time="2025-08-14T14:45:05-07:00" level=info msg="Tool required for debug" tool="builtin:dfu-discovery@0.1.2"
time="2025-08-14T14:45:05-07:00" level=info msg="Tool required for debug" tool="builtin:ctags@5.8-arduino11"
2025-08-14 14:45:05 2025-08-14T21:45:05.407Z daemon INFO time="2025-08-14T14:45:05-07:00" level=info msg="Tool required for debug" tool="arduino:dfu-util@0.11.0-arduino5"
time="2025-08-14T14:45:05-07:00" level=info msg="Tool required for debug" tool="esp32:esp-rv32@2411"
time="2025-08-14T14:45:05-07:00" level=info msg="Tool required for debug" tool="esp32:esp-x32@2411"
time="2025-08-14T14:45:05-07:00" level=info msg="Tool required for debug" tool="esp32:esp32-arduino-libs@idf-release_v5.5-b66b5448-v1"
time="2025-08-14T14:45:05-07:00" level=info msg="Tool required for debug" tool="esp32:esptool_py@5.0.0"
2025-08-14 14:45:05 2025-08-14T21:45:05.407Z daemon INFO time="2025-08-14T14:45:05-07:00" level=info msg="Tool required for debug" tool="esp32:mklittlefs@3.0.0-gnu12-dc7f933"
time="2025-08-14T14:45:05-07:00" level=info msg="Tool required for debug" tool="esp32:mkspiffs@0.2.3"
time="2025-08-14T14:45:05-07:00" level=info msg="Tool required for debug" tool="esp32:openocd-esp32@v0.12.0-esp32-20250422"
time="2025-08-14T14:45:05-07:00" level=info msg="Tool required for debug" tool="esp32:riscv32-esp-elf-gdb@16.2_20250324"
time="2025-08-14T14:45:05-07:00" level=info msg="Tool required for debug" tool="esp32:xtensa-esp-elf-gdb@16.2_20250324"
time="2025-08-14T14:45:05-07:00" level=info msg="Tool required for debug" tool="builtin:ctags@5.8-arduino11"
time="2025-08-14T14:45:05-07:00" level=info msg="Tool required for debug" tool="builtin:dfu-discovery@0.1.2"
time="2025-08-14T14:45:05-07:00" level=info msg="Tool required for debug" tool="arduino:avrdude@6.3.0-arduino17"
2025-08-14 14:45:05 2025-08-14T21:45:05.408Z daemon INFO time="2025-08-14T14:45:05-07:00" level=info msg="Tool required for debug" tool="arduino:avr-gcc@7.3.0-atmel3.6.1-arduino7"
time="2025-08-14T14:45:05-07:00" level=info msg="Tool required for debug" tool="builtin:mdns-discovery@1.0.9"
time="2025-08-14T14:45:05-07:00" level=info msg="Tool required for debug" tool="builtin:serial-discovery@1.4.1"
time="2025-08-14T14:45:05-07:00" level=info msg="Tool required for debug" tool="builtin:serial-monitor@0.15.0"
time="2025-08-14T14:45:05-07:00" level=info msg="Tool required for debug" tool="arduino:arduinoOTA@1.3.0"
2025-08-14 14:45:05 2025-08-14T21:45:05.412Z daemon INFO time="2025-08-14T14:45:05-07:00" level=info msg="Tool required for debug" tool="arduino:dfu-util@0.11.0-arduino5"
time="2025-08-14T14:45:05-07:00" level=info msg="Tool required for debug" tool="esp32:esp-rv32@2411"
time="2025-08-14T14:45:05-07:00" level=info msg="Tool required for debug" tool="esp32:esp-x32@2411"
time="2025-08-14T14:45:05-07:00" level=info msg="Tool required for debug" tool="esp32:esp32-arduino-libs@idf-release_v5.5-b66b5448-v1"
2025-08-14 14:45:05 2025-08-14T21:45:05.413Z daemon INFO time="2025-08-14T14:45:05-07:00" level=info msg="Tool required for debug" tool="esp32:esptool_py@5.0.0"
time="2025-08-14T14:45:05-07:00" level=info msg="Tool required for debug" tool="esp32:mklittlefs@3.0.0-gnu12-dc7f933"
time="2025-08-14T14:45:05-07:00" level=info msg="Tool required for debug" tool="esp32:mkspiffs@0.2.3"
time="2025-08-14T14:45:05-07:00" level=info msg="Tool required for debug" tool="esp32:openocd-esp32@v0.12.0-esp32-20250422"
time="2025-08-14T14:45:05-07:00" level=info msg="Tool required for debug" tool="esp32:riscv32-esp-elf-gdb@16.2_20250324"
time="2025-08-14T14:45:05-07:00" level=info msg="Tool required for debug" tool="esp32:xtensa-esp-elf-gdb@16.2_20250324"
time="2025-08-14T14:45:05-07:00" level=info msg="Tool required for debug" tool="builtin:mdns-discovery@1.0.9"
time="2025-08-14T14:45:05-07:00" level=info msg="Tool required for debug" tool="builtin:ctags@5.8-arduino11"
time="2025-08-14T14:45:05-07:00" level=info msg="Tool required for debug" tool="arduino:avrdude@6.3.0-arduino17"
time="2025-08-14T14:45:05-07:00" level=info msg="Tool required for debug" tool="builtin:serial-discovery@1.4.1"
2025-08-14 14:45:05 2025-08-14T21:45:05.413Z daemon INFO time="2025-08-14T14:45:05-07:00" level=info msg="Tool required for debug" tool="builtin:serial-monitor@0.15.0"
time="2025-08-14T14:45:05-07:00" level=info msg="Tool required for debug" tool="arduino:arduinoOTA@1.3.0"
time="2025-08-14T14:45:05-07:00" level=info msg="Tool required for debug" tool="builtin:dfu-discovery@0.1.2"
time="2025-08-14T14:45:05-07:00" level=info msg="Tool required for debug" tool="arduino:avr-gcc@7.3.0-atmel3.6.1-arduino7"
2025-08-14 14:45:05 2025-08-14T21:45:05.417Z daemon INFO time="2025-08-14T14:45:05-07:00" level=info msg="Tool required for debug" tool="arduino:dfu-util@0.11.0-arduino5"
time="2025-08-14T14:45:05-07:00" level=info msg="Tool required for debug" tool="esp32:esp-rv32@2411"
time="2025-08-14T14:45:05-07:00" level=info msg="Tool required for debug" tool="esp32:esp-x32@2411"
time="2025-08-14T14:45:05-07:00" level=info msg="Tool required for debug" tool="esp32:esp32-arduino-libs@idf-release_v5.5-b66b5448-v1"
2025-08-14 14:45:05 2025-08-14T21:45:05.417Z daemon INFO time="2025-08-14T14:45:05-07:00" level=info msg="Tool required for debug" tool="esp32:esptool_py@5.0.0"
time="2025-08-14T14:45:05-07:00" level=info msg="Tool required for debug" tool="esp32:mklittlefs@3.0.0-gnu12-dc7f933"
time="2025-08-14T14:45:05-07:00" level=info msg="Tool required for debug" tool="esp32:mkspiffs@0.2.3"
time="2025-08-14T14:45:05-07:00" level=info msg="Tool required for debug" tool="esp32:openocd-esp32@v0.12.0-esp32-20250422"
time="2025-08-14T14:45:05-07:00" level=info msg="Tool required for debug" tool="esp32:riscv32-esp-elf-gdb@16.2_20250324"
time="2025-08-14T14:45:05-07:00" level=info msg="Tool required for debug" tool="esp32:xtensa-esp-elf-gdb@16.2_20250324"
time="2025-08-14T14:45:05-07:00" level=info msg="Tool required for debug" tool="arduino:arduinoOTA@1.3.0"
time="2025-08-14T14:45:05-07:00" level=info msg="Tool required for debug" tool="arduino:avr-gcc@7.3.0-atmel3.6.1-arduino7"
time="2025-08-14T14:45:05-07:00" level=info msg="Tool required for debug" tool="arduino:avrdude@6.3.0-arduino17"
time="2025-08-14T14:45:05-07:00" level=info msg="Tool required for debug" tool="builtin:serial-monitor@0.15.0"
2025-08-14 14:45:05 2025-08-14T21:45:05.417Z daemon INFO time="2025-08-14T14:45:05-07:00" level=info msg="Tool required for debug" tool="builtin:mdns-discovery@1.0.9"
time="2025-08-14T14:45:05-07:00" level=info msg="Tool required for debug" tool="builtin:serial-discovery@1.4.1"
time="2025-08-14T14:45:05-07:00" level=info msg="Tool required for debug" tool="builtin:ctags@5.8-arduino11"
time="2025-08-14T14:45:05-07:00" level=info msg="Tool required for debug" tool="builtin:dfu-discovery@0.1.2"
2025-08-14 14:45:05 2025-08-14T21:45:05.422Z daemon INFO time="2025-08-14T14:45:05-07:00" level=info msg="Tool required for debug" tool="arduino:dfu-util@0.11.0-arduino5"
time="2025-08-14T14:45:05-07:00" level=info msg="Tool required for debug" tool="esp32:esp-rv32@2411"
time="2025-08-14T14:45:05-07:00" level=info msg="Tool required for debug" tool="esp32:esp-x32@2411"
2025-08-14 14:45:05 2025-08-14T21:45:05.422Z daemon INFO time="2025-08-14T14:45:05-07:00" level=info msg="Tool required for debug" tool="esp32:esp32-arduino-libs@idf-release_v5.5-b66b5448-v1"
time="2025-08-14T14:45:05-07:00" level=info msg="Tool required for debug" tool="esp32:esptool_py@5.0.0"
time="2025-08-14T14:45:05-07:00" level=info msg="Tool required for debug" tool="esp32:mklittlefs@3.0.0-gnu12-dc7f933"
time="2025-08-14T14:45:05-07:00" level=info msg="Tool required for debug" tool="esp32:mkspiffs@0.2.3"
time="2025-08-14T14:45:05-07:00" level=info msg="Tool required for debug" tool="esp32:openocd-esp32@v0.12.0-esp32-20250422"
time="2025-08-14T14:45:05-07:00" level=info msg="Tool required for debug" tool="esp32:riscv32-esp-elf-gdb@16.2_20250324"
time="2025-08-14T14:45:05-07:00" level=info msg="Tool required for debug" tool="esp32:xtensa-esp-elf-gdb@16.2_20250324"
time="2025-08-14T14:45:05-07:00" level=info msg="Tool required for debug" tool="arduino:arduinoOTA@1.3.0"
time="2025-08-14T14:45:05-07:00" level=info msg="Tool required for debug" tool="builtin:ctags@5.8-arduino11"
2025-08-14 14:45:05 2025-08-14T21:45:05.422Z daemon INFO time="2025-08-14T14:45:05-07:00" level=info msg="Tool required for debug" tool="arduino:avrdude@6.3.0-arduino17"
time="2025-08-14T14:45:05-07:00" level=info msg="Tool required for debug" tool="builtin:dfu-discovery@0.1.2"
time="2025-08-14T14:45:05-07:00" level=info msg="Tool required for debug" tool="builtin:mdns-discovery@1.0.9"
time="2025-08-14T14:45:05-07:00" level=info msg="Tool required for debug" tool="builtin:serial-monitor@0.15.0"
time="2025-08-14T14:45:05-07:00" level=info msg="Tool required for debug" tool="arduino:avr-gcc@7.3.0-atmel3.6.1-arduino7"
time="2025-08-14T14:45:05-07:00" level=info msg="Tool required for debug" tool="builtin:serial-discovery@1.4.1"
2025-08-14 14:45:05 2025-08-14T21:45:05.426Z daemon INFO time="2025-08-14T14:45:05-07:00" level=info msg="Tool required for debug" tool="arduino:dfu-util@0.11.0-arduino5"
time="2025-08-14T14:45:05-07:00" level=info msg="Tool required for debug" tool="esp32:esp-rv32@2411"
time="2025-08-14T14:45:05-07:00" level=info msg="Tool required for debug" tool="esp32:esp-x32@2411"
time="2025-08-14T14:45:05-07:00" level=info msg="Tool required for debug" tool="esp32:esp32-arduino-libs@idf-release_v5.5-b66b5448-v1"
2025-08-14 14:45:05 2025-08-14T21:45:05.426Z daemon INFO time="2025-08-14T14:45:05-07:00" level=info msg="Tool required for debug" tool="esp32:esptool_py@5.0.0"
time="2025-08-14T14:45:05-07:00" level=info msg="Tool required for debug" tool="esp32:mklittlefs@3.0.0-gnu12-dc7f933"
time="2025-08-14T14:45:05-07:00" level=info msg="Tool required for debug" tool="esp32:mkspiffs@0.2.3"
time="2025-08-14T14:45:05-07:00" level=info msg="Tool required for debug" tool="esp32:openocd-esp32@v0.12.0-esp32-20250422"
time="2025-08-14T14:45:05-07:00" level=info msg="Tool required for debug" tool="esp32:riscv32-esp-elf-gdb@16.2_20250324"
time="2025-08-14T14:45:05-07:00" level=info msg="Tool required for debug" tool="esp32:xtensa-esp-elf-gdb@16.2_20250324"
time="2025-08-14T14:45:05-07:00" level=info msg="Tool required for debug" tool="arduino:arduinoOTA@1.3.0"
time="2025-08-14T14:45:05-07:00" level=info msg="Tool required for debug" tool="builtin:ctags@5.8-arduino11"
time="2025-08-14T14:45:05-07:00" level=info msg="Tool required for debug" tool="arduino:avrdude@6.3.0-arduino17"
2025-08-14 14:45:05 2025-08-14T21:45:05.426Z daemon INFO time="2025-08-14T14:45:05-07:00" level=info msg="Tool required for debug" tool="builtin:serial-monitor@0.15.0"
time="2025-08-14T14:45:05-07:00" level=info msg="Tool required for debug" tool="builtin:dfu-discovery@0.1.2"
time="2025-08-14T14:45:05-07:00" level=info msg="Tool required for debug" tool="builtin:mdns-discovery@1.0.9"
time="2025-08-14T14:45:05-07:00" level=info msg="Tool required for debug" tool="builtin:serial-discovery@1.4.1"
time="2025-08-14T14:45:05-07:00" level=info msg="Tool required for debug" tool="arduino:avr-gcc@7.3.0-atmel3.6.1-arduino7"
2025-08-14 14:45:06 2025-08-14T21:45:06.322Z daemon INFO time="2025-08-14T14:45:06-07:00" level=info msg="Adding libraries dir" dir=/home/aaron/.arduino15/libraries isSingleLibrary=false location=ide
time="2025-08-14T14:45:06-07:00" level=info msg="Adding libraries dir" dir=/home/aaron/.arduino15/packages/esp32/hardware/esp32/3.3.0/libraries isSingleLibrary=false location=platform
2025-08-14 14:45:06 2025-08-14T21:45:06.322Z daemon INFO time="2025-08-14T14:45:06-07:00" level=info msg="Adding libraries dir" dir=/home/aaron/Arduino/libraries isSingleLibrary=false location=user
2025-08-14 14:45:07 2025-08-14T21:45:07.255Z root WARN Widget was activated, but did not accept focus after 2000ms: serial-monitor
2025-08-14 14:45:10 2025-08-14T21:45:10.443Z root INFO Received port after upload [arduino+serial:///dev/ttyACM0, esp32:esp32:XIAO_ESP32C3:UploadSpeed=921600,CDCOnBoot=default,CPUFreq=160,FlashFreq=80,FlashMode=qio,FlashSize=4M,PartitionScheme=default,DebugLevel=none,EraseFlash=none, master]. Before port: {"address":"/dev/ttyACM0","addressLabel":"/dev/ttyACM0","protocol":"serial","protocolLabel":"Serial Port (USB)","properties":{"pid":"0x1001","serialNumber":"94:A9:90:7D:0E:B4","vid":"0x303a"},"hardwareId":"94:A9:90:7D:0E:B4"}, after port: {"address":"/dev/ttyACM0","addressLabel":"/dev/ttyACM0","protocol":"serial","protocolLabel":"Serial Port (USB)","properties":{"pid":"0x1001","serialNumber":"94:A9:90:77:71:34","vid":"0x303a"},"hardwareId":"94:A9:90:77:71:34"}
2025-08-14 14:45:10 2025-08-14T21:45:10.445Z monitor-service INFO starting monitor
2025-08-14 14:45:10 2025-08-14T21:45:10.447Z daemon INFO time="2025-08-14T14:45:10-07:00" level=info msg="Starting monitor process" monitor=serial-monitor
2025-08-14 14:45:10 2025-08-14T21:45:10.448Z daemon INFO time="2025-08-14T14:45:10-07:00" level=info msg="Monitor process started successfully!" monitor=serial-monitor
time="2025-08-14T14:45:10-07:00" level=info msg="sending command" command="HELLO 1 \"arduino-cli 1.2.0\"" monitor=serial-monitor
2025-08-14 14:45:10 2025-08-14T21:45:10.451Z daemon INFO time="2025-08-14T14:45:10-07:00" level=info msg="received message" error=false event_type=hello message=OK monitor=serial-monitor
time="2025-08-14T14:45:10-07:00" level=info msg="sending command" command=DESCRIBE monitor=serial-monitor
2025-08-14 14:45:10 2025-08-14T21:45:10.451Z daemon INFO time="2025-08-14T14:45:10-07:00" level=info msg="received message" error=false event_type=describe message=OK monitor=serial-monitor
2025-08-14 14:45:10 2025-08-14T21:45:10.451Z daemon INFO time="2025-08-14T14:45:10-07:00" level=info msg="sending command" command=QUIT monitor=serial-monitor
time="2025-08-14T14:45:10-07:00" level=info msg="received message" error=false event_type=quit message=OK monitor=serial-monitor
time="2025-08-14T14:45:10-07:00" level=info msg="Killing monitor process" monitor=serial-monitor
2025-08-14 14:45:10 2025-08-14T21:45:10.452Z daemon INFO time="2025-08-14T14:45:10-07:00" level=error msg="stopped decode loop: EOF" monitor=serial-monitor
time="2025-08-14T14:45:10-07:00" level=info msg="Monitor process killed" monitor=serial-monitor
2025-08-14 14:45:10 2025-08-14T21:45:10.460Z daemon INFO time="2025-08-14T14:45:10-07:00" level=info msg="Starting monitor process" monitor=serial-monitor
time="2025-08-14T14:45:10-07:00" level=info msg="Monitor process started successfully!" monitor=serial-monitor
time="2025-08-14T14:45:10-07:00" level=info msg="sending command" command="HELLO 1 \"arduino-cli 1.2.0\"" monitor=serial-monitor
2025-08-14 14:45:10 2025-08-14T21:45:10.462Z daemon INFO time="2025-08-14T14:45:10-07:00" level=info msg="received message" error=false event_type=hello message=OK monitor=serial-monitor
time="2025-08-14T14:45:10-07:00" level=info msg="sending command" command=DESCRIBE monitor=serial-monitor
2025-08-14 14:45:10 2025-08-14T21:45:10.462Z daemon INFO time="2025-08-14T14:45:10-07:00" level=info msg="received message" error=false event_type=describe message=OK monitor=serial-monitor
2025-08-14 14:45:10 2025-08-14T21:45:10.462Z daemon INFO time="2025-08-14T14:45:10-07:00" level=info msg="sending command" command="CONFIGURE baudrate 115200" monitor=serial-monitor
2025-08-14 14:45:10 2025-08-14T21:45:10.462Z daemon INFO time="2025-08-14T14:45:10-07:00" level=info msg="received message" error=false event_type=configure message=OK monitor=serial-monitor
2025-08-14 14:45:10 2025-08-14T21:45:10.462Z daemon INFO time="2025-08-14T14:45:10-07:00" level=info msg="sending command" command="CONFIGURE bits 8" monitor=serial-monitor
2025-08-14 14:45:10 2025-08-14T21:45:10.463Z daemon INFO time="2025-08-14T14:45:10-07:00" level=info msg="received message" error=false event_type=configure message=OK monitor=serial-monitor
2025-08-14 14:45:10 2025-08-14T21:45:10.463Z daemon INFO time="2025-08-14T14:45:10-07:00" level=info msg="sending command" command="CONFIGURE dtr on" monitor=serial-monitor
2025-08-14 14:45:10 2025-08-14T21:45:10.463Z daemon INFO time="2025-08-14T14:45:10-07:00" level=info msg="received message" error=false event_type=configure message=OK monitor=serial-monitor
2025-08-14 14:45:10 2025-08-14T21:45:10.463Z daemon INFO time="2025-08-14T14:45:10-07:00" level=info msg="sending command" command="CONFIGURE parity none" monitor=serial-monitor
2025-08-14 14:45:10 2025-08-14T21:45:10.463Z daemon INFO time="2025-08-14T14:45:10-07:00" level=info msg="received message" error=false event_type=configure message=OK monitor=serial-monitor
2025-08-14 14:45:10 2025-08-14T21:45:10.463Z daemon INFO time="2025-08-14T14:45:10-07:00" level=info msg="sending command" command="CONFIGURE rts on" monitor=serial-monitor
2025-08-14 14:45:10 2025-08-14T21:45:10.463Z daemon INFO time="2025-08-14T14:45:10-07:00" level=info msg="received message" error=false event_type=configure message=OK monitor=serial-monitor
time="2025-08-14T14:45:10-07:00" level=info msg="sending command" command="CONFIGURE stop_bits 1" monitor=serial-monitor
2025-08-14 14:45:10 2025-08-14T21:45:10.463Z daemon INFO time="2025-08-14T14:45:10-07:00" level=info msg="received message" error=false event_type=configure message=OK monitor=serial-monitor
2025-08-14 14:45:10 2025-08-14T21:45:10.463Z daemon INFO time="2025-08-14T14:45:10-07:00" level=info msg="sending command" command="OPEN 127.0.0.1:35341 /dev/ttyACM0" monitor=serial-monitor
2025-08-14 14:45:10 2025-08-14T21:45:10.464Z daemon INFO time="2025-08-14T14:45:10-07:00" level=info msg="received message" error=false event_type=open message=OK monitor=serial-monitor
2025-08-14 14:45:10 2025-08-14T21:45:10.464Z daemon INFO time="2025-08-14T14:45:10-07:00" level=info msg="Port /dev/ttyACM0 successfully opened"
2025-08-14 14:45:10 2025-08-14T21:45:10.465Z monitor-service INFO Using port configuration for serial:/dev/ttyACM0: {"settingsList":[{"settingId":"baudrate","value":"115200"},{"settingId":"bits","value":"8"},{"settingId":"dtr","value":"on"},{"settingId":"parity","value":"none"},{"settingId":"rts","value":"on"},{"settingId":"stop_bits","value":"1"}]}
2025-08-14 14:45:10 2025-08-14T21:45:10.465Z monitor-service INFO started monitor to /dev/ttyACM0 using serial
2025-08-14 14:45:10 2025-08-14T21:45:10.475Z monitor-service INFO No port configuration changes have been detected. No need to send configure commands to the running monitor serial:/dev/ttyACM0.
2025-08-14 14:45:10 2025-08-14T21:45:10.488Z monitor-service INFO No port configuration changes have been detected. No need to send configure commands to the running monitor serial:/dev/ttyACM0.
2025-08-14 14:45:37 2025-08-14T21:45:37.628Z daemon INFO time="2025-08-14T14:45:37-07:00" level=info msg="received message" error=true event_type=port_closed message="readfrom tcp 127.0.0.1:42726->127.0.0.1:35341: Port has been closed" monitor=serial-monitor
time="2025-08-14T14:45:37-07:00" level=info msg="monitor port has been closed externally" monitor=serial-monitor
time="2025-08-14T14:45:37-07:00" level=info msg="sending command" command=CLOSE monitor=serial-monitor
2025-08-14 14:45:37 2025-08-14T21:45:37.629Z discovery-log INFO {"eventType":"remove","port":{"matchingBoardsList":[],"port":{"address":"/dev/ttyACM0","label":"","protocol":"serial","protocolLabel":"","propertiesMap":[],"hardwareId":""}},"error":""}
2025-08-14 14:45:37 2025-08-14T21:45:37.630Z daemon INFO time="2025-08-14T14:45:37-07:00" level=info msg="received message" error=true event_type=close message="port already closed" monitor=serial-monitor
time="2025-08-14T14:45:37-07:00" level=info msg="sending command" command=QUIT monitor=serial-monitor
time="2025-08-14T14:45:37-07:00" level=info msg="received message" error=false event_type=quit message=OK monitor=serial-monitor
time="2025-08-14T14:45:37-07:00" level=info msg="Killing monitor process" monitor=serial-monitor
time="2025-08-14T14:45:37-07:00" level=error msg="stopped decode loop: EOF" monitor=serial-monitor
time="2025-08-14T14:45:37-07:00" level=info msg="Monitor process killed" monitor=serial-monitor
2025-08-14 14:45:37 2025-08-14T21:45:37.630Z monitor-service INFO monitor to /dev/ttyACM0 using serial closed by server
2025-08-14 14:45:38 2025-08-14T21:45:38.168Z discovery-log INFO {"eventType":"add","port":{"matchingBoardsList":[{"name":"ESP32 Family Device","fqbn":"esp32:esp32:esp32_family","isHidden":true}],"port":{"address":"/dev/ttyACM0","label":"/dev/ttyACM0","protocol":"serial","protocolLabel":"Serial Port (USB)","propertiesMap":[["pid","0x1001"],["serialNumber","94:A9:90:77:71:34"],["vid","0x303a"]],"hardwareId":"94:A9:90:77:71:34"}},"error":""}
2025-08-14 14:45:38 2025-08-14T21:45:38.404Z monitor-service INFO starting monitor
2025-08-14 14:45:38 2025-08-14T21:45:38.406Z daemon INFO time="2025-08-14T14:45:38-07:00" level=info msg="Starting monitor process" monitor=serial-monitor
2025-08-14 14:45:38 2025-08-14T21:45:38.407Z daemon INFO time="2025-08-14T14:45:38-07:00" level=info msg="Monitor process started successfully!" monitor=serial-monitor
time="2025-08-14T14:45:38-07:00" level=info msg="sending command" command="HELLO 1 \"arduino-cli 1.2.0\"" monitor=serial-monitor
2025-08-14 14:45:38 2025-08-14T21:45:38.411Z daemon INFO time="2025-08-14T14:45:38-07:00" level=info msg="received message" error=false event_type=hello message=OK monitor=serial-monitor
time="2025-08-14T14:45:38-07:00" level=info msg="sending command" command=DESCRIBE monitor=serial-monitor
2025-08-14 14:45:38 2025-08-14T21:45:38.411Z daemon INFO time="2025-08-14T14:45:38-07:00" level=info msg="received message" error=false event_type=describe message=OK monitor=serial-monitor
2025-08-14 14:45:38 2025-08-14T21:45:38.411Z daemon INFO time="2025-08-14T14:45:38-07:00" level=info msg="sending command" command=QUIT monitor=serial-monitor
2025-08-14 14:45:38 2025-08-14T21:45:38.411Z daemon INFO time="2025-08-14T14:45:38-07:00" level=info msg="received message" error=false event_type=quit message=OK monitor=serial-monitor
time="2025-08-14T14:45:38-07:00" level=info msg="Killing monitor process" monitor=serial-monitor
2025-08-14 14:45:38 2025-08-14T21:45:38.412Z daemon INFO time="2025-08-14T14:45:38-07:00" level=error msg="stopped decode loop: read |0: file already closed" monitor=serial-monitor
time="2025-08-14T14:45:38-07:00" level=info msg="Monitor process killed" monitor=serial-monitor
2025-08-14 14:45:38 2025-08-14T21:45:38.417Z daemon INFO time="2025-08-14T14:45:38-07:00" level=info msg="Starting monitor process" monitor=serial-monitor
time="2025-08-14T14:45:38-07:00" level=info msg="Monitor process started successfully!" monitor=serial-monitor
time="2025-08-14T14:45:38-07:00" level=info msg="sending command" command="HELLO 1 \"arduino-cli 1.2.0\"" monitor=serial-monitor
2025-08-14 14:45:38 2025-08-14T21:45:38.419Z daemon INFO time="2025-08-14T14:45:38-07:00" level=info msg="received message" error=false event_type=hello message=OK monitor=serial-monitor
time="2025-08-14T14:45:38-07:00" level=info msg="sending command" command=DESCRIBE monitor=serial-monitor
2025-08-14 14:45:38 2025-08-14T21:45:38.420Z daemon INFO time="2025-08-14T14:45:38-07:00" level=info msg="received message" error=false event_type=describe message=OK monitor=serial-monitor
2025-08-14 14:45:38 2025-08-14T21:45:38.420Z daemon INFO time="2025-08-14T14:45:38-07:00" level=info msg="sending command" command="CONFIGURE baudrate 115200" monitor=serial-monitor
2025-08-14 14:45:38 2025-08-14T21:45:38.420Z daemon INFO time="2025-08-14T14:45:38-07:00" level=info msg="received message" error=false event_type=configure message=OK monitor=serial-monitor
2025-08-14 14:45:38 2025-08-14T21:45:38.420Z daemon INFO time="2025-08-14T14:45:38-07:00" level=info msg="sending command" command="CONFIGURE bits 8" monitor=serial-monitor
2025-08-14 14:45:38 2025-08-14T21:45:38.420Z daemon INFO time="2025-08-14T14:45:38-07:00" level=info msg="received message" error=false event_type=configure message=OK monitor=serial-monitor
2025-08-14 14:45:38 2025-08-14T21:45:38.420Z daemon INFO time="2025-08-14T14:45:38-07:00" level=info msg="sending command" command="CONFIGURE dtr on" monitor=serial-monitor
2025-08-14 14:45:38 2025-08-14T21:45:38.420Z daemon INFO time="2025-08-14T14:45:38-07:00" level=info msg="received message" error=false event_type=configure message=OK monitor=serial-monitor
2025-08-14 14:45:38 2025-08-14T21:45:38.420Z daemon INFO time="2025-08-14T14:45:38-07:00" level=info msg="sending command" command="CONFIGURE parity none" monitor=serial-monitor
2025-08-14 14:45:38 2025-08-14T21:45:38.420Z daemon INFO time="2025-08-14T14:45:38-07:00" level=info msg="received message" error=false event_type=configure message=OK monitor=serial-monitor
2025-08-14 14:45:38 2025-08-14T21:45:38.420Z daemon INFO time="2025-08-14T14:45:38-07:00" level=info msg="sending command" command="CONFIGURE rts on" monitor=serial-monitor
2025-08-14 14:45:38 2025-08-14T21:45:38.420Z daemon INFO time="2025-08-14T14:45:38-07:00" level=info msg="received message" error=false event_type=configure message=OK monitor=serial-monitor
2025-08-14 14:45:38 2025-08-14T21:45:38.420Z daemon INFO time="2025-08-14T14:45:38-07:00" level=info msg="sending command" command="CONFIGURE stop_bits 1" monitor=serial-monitor
2025-08-14 14:45:38 2025-08-14T21:45:38.420Z daemon INFO time="2025-08-14T14:45:38-07:00" level=info msg="received message" error=false event_type=configure message=OK monitor=serial-monitor
2025-08-14 14:45:38 2025-08-14T21:45:38.420Z daemon INFO time="2025-08-14T14:45:38-07:00" level=info msg="sending command" command="OPEN 127.0.0.1:36951 /dev/ttyACM0" monitor=serial-monitor
2025-08-14 14:45:38 2025-08-14T21:45:38.421Z daemon INFO time="2025-08-14T14:45:38-07:00" level=info msg="received message" error=false event_type=open message=OK monitor=serial-monitor
2025-08-14 14:45:38 2025-08-14T21:45:38.421Z daemon INFO time="2025-08-14T14:45:38-07:00" level=info msg="Port /dev/ttyACM0 successfully opened"
2025-08-14 14:45:38 2025-08-14T21:45:38.422Z monitor-service INFO Using port configuration for serial:/dev/ttyACM0: {"settingsList":[{"settingId":"baudrate","value":"115200"},{"settingId":"bits","value":"8"},{"settingId":"dtr","value":"on"},{"settingId":"parity","value":"none"},{"settingId":"rts","value":"on"},{"settingId":"stop_bits","value":"1"}]}
2025-08-14 14:45:38 2025-08-14T21:45:38.422Z monitor-service INFO started monitor to /dev/ttyACM0 using serial
2025-08-14 14:45:38 2025-08-14T21:45:38.454Z monitor-service INFO No port configuration changes have been detected. No need to send configure commands to the running monitor serial:/dev/ttyACM0.
2025-08-14 14:45:38 2025-08-14T21:45:38.466Z monitor-service INFO No port configuration changes have been detected. No need to send configure commands to the running monitor serial:/dev/ttyACM0.
2025-08-14 14:45:54 2025-08-14T21:45:54.987Z monitor-service INFO Updated the port configuration for serial:/dev/ttyACM0: {"settingsList":[{"settingId":"baudrate","value":"9600"},{"settingId":"bits","value":"8"},{"settingId":"dtr","value":"on"},{"settingId":"parity","value":"none"},{"settingId":"rts","value":"on"},{"settingId":"stop_bits","value":"1"}]}
2025-08-14 14:45:54 2025-08-14T21:45:54.988Z monitor-service INFO Sending monitor request with new port configuration: {"settingsList":[{"settingId":"baudrate","value":"9600"}]}
2025-08-14 14:45:54 2025-08-14T21:45:54.989Z daemon INFO time="2025-08-14T14:45:54-07:00" level=info msg="sending command" command="CONFIGURE baudrate 9600" monitor=serial-monitor
time="2025-08-14T14:45:54-07:00" level=info msg="received message" error=false event_type=configure message=OK monitor=serial-monitor
2025-08-14 14:46:10 2025-08-14T21:46:10.080Z monitor-service INFO Updated the port configuration for serial:/dev/ttyACM0: {"settingsList":[{"settingId":"baudrate","value":"115200"},{"settingId":"bits","value":"8"},{"settingId":"dtr","value":"on"},{"settingId":"parity","value":"none"},{"settingId":"rts","value":"on"},{"settingId":"stop_bits","value":"1"}]}
2025-08-14 14:46:10 2025-08-14T21:46:10.080Z monitor-service INFO Sending monitor request with new port configuration: {"settingsList":[{"settingId":"baudrate","value":"115200"}]}
2025-08-14 14:46:10 2025-08-14T21:46:10.081Z daemon INFO time="2025-08-14T14:46:10-07:00" level=info msg="sending command" command="CONFIGURE baudrate 115200" monitor=serial-monitor
time="2025-08-14T14:46:10-07:00" level=info msg="received message" error=false event_type=configure message=OK monitor=serial-monitor
2025-08-14 14:46:28 2025-08-14T21:46:28.535Z daemon INFO time="2025-08-14T14:46:28-07:00" level=info msg="Adding libraries dir" dir=/home/aaron/.arduino15/libraries isSingleLibrary=false location=ide
time="2025-08-14T14:46:28-07:00" level=info msg="Adding libraries dir" dir=/home/aaron/.arduino15/packages/esp32/hardware/esp32/3.3.0/libraries isSingleLibrary=false location=platform
time="2025-08-14T14:46:28-07:00" level=info msg="Adding libraries dir" dir=/home/aaron/Arduino/libraries isSingleLibrary=false location=user
2025-08-14 14:46:31 2025-08-14T21:46:31.823Z daemon INFO time="2025-08-14T14:46:31-07:00" level=info msg="Adding libraries dir" dir=/home/aaron/.arduino15/libraries isSingleLibrary=false location=ide
time="2025-08-14T14:46:31-07:00" level=info msg="Adding libraries dir" dir=/home/aaron/.arduino15/packages/esp32/hardware/esp32/3.3.0/libraries isSingleLibrary=false location=platform
2025-08-14 14:46:31 2025-08-14T21:46:31.823Z daemon INFO time="2025-08-14T14:46:31-07:00" level=info msg="Adding libraries dir" dir=/home/aaron/Arduino/libraries isSingleLibrary=false location=user
2025-08-14 14:46:34 2025-08-14T21:46:34.402Z daemon INFO time="2025-08-14T14:46:34-07:00" level=info msg="Adding libraries dir" dir=/home/aaron/.arduino15/libraries isSingleLibrary=false location=ide
time="2025-08-14T14:46:34-07:00" level=info msg="Adding libraries dir" dir=/home/aaron/.arduino15/packages/esp32/hardware/esp32/3.3.0/libraries isSingleLibrary=false location=platform
2025-08-14 14:46:34 2025-08-14T21:46:34.402Z daemon INFO time="2025-08-14T14:46:34-07:00" level=info msg="Adding libraries dir" dir=/home/aaron/Arduino/libraries isSingleLibrary=false location=user
2025-08-14 14:46:47 2025-08-14T21:46:47.918Z monitor-service INFO No port configuration changes have been detected. No need to send configure commands to the running monitor serial:/dev/ttyACM0.
2025-08-14 14:46:48 2025-08-14T21:46:48.273Z monitor-service INFO No port configuration changes have been detected. No need to send configure commands to the running monitor serial:/dev/ttyACM0.
2025-08-14 14:46:56 2025-08-14T21:46:56.637Z monitor-service INFO No port configuration changes have been detected. No need to send configure commands to the running monitor serial:/dev/ttyACM0.
2025-08-14 14:46:59 2025-08-14T21:46:59.273Z monitor-service INFO No port configuration changes have been detected. No need to send configure commands to the running monitor serial:/dev/ttyACM0.
2025-08-14 14:48:57 2025-08-14T21:48:57.589Z monitor-service INFO No port configuration changes have been detected. No need to send configure commands to the running monitor serial:/dev/ttyACM0.
