2025-08-07 09:15:42 Arduino IDE 2.3.6
2025-08-07 09:15:42 Checking for frontend application configuration customizations. Module path: /nix/store/2d5i1bzbqbnl4rgnhk8czrw5zmqqjdzv-arduino-ide-2.3.6-extracted/resources/app/lib/backend/electron-main.js, destination 'package.json': /nix/store/2d5i1bzbqbnl4rgnhk8czrw5zmqqjdzv-arduino-ide-2.3.6-extracted/resources/app/package.json
2025-08-07 09:15:42 Setting 'theia.frontend.config.appVersion' application configuration value to: "2.3.6" (type of string)
2025-08-07 09:15:42 Setting 'theia.frontend.config.cliVersion' application configuration value to: "1.2.0" (type of string)
2025-08-07 09:15:42 Setting 'theia.frontend.config.buildDate' application configuration value to: "2025-04-09T11:24:04.835Z" (type of string)
2025-08-07 09:15:42 Frontend application configuration after modifications: {"applicationName":"Arduino IDE","defaultTheme":{"light":"arduino-theme","dark":"arduino-theme-dark"},"defaultIconTheme":"none","electron":{"windowOptions":{},"showWindowEarly":true,"splashScreenOptions":{},"uriScheme":"arduino-ide"},"defaultLocale":"","validatePreferencesSchema":false,"reloadOnReconnect":true,"uriScheme":"theia","preferences":{"window.title":"${rootName}${activeEditorShort}${appName}","files.autoSave":"afterDelay","editor.minimap.enabled":false,"editor.tabSize":2,"editor.scrollBeyondLastLine":false,"editor.quickSuggestions":{"other":false,"comments":false,"strings":false},"editor.maxTokenizationLineLength":500,"editor.bracketPairColorization.enabled":false,"breadcrumbs.enabled":false,"workbench.tree.renderIndentGuides":"none","explorer.compactFolders":false},"appVersion":"2.3.6","cliVersion":"1.2.0","buildDate":"2025-04-09T11:24:04.835Z"}
2025-08-07 09:15:42 Starting backend process. PID: 6387
2025-08-07 09:15:43 Showing main window early
2025-08-07 09:15:43 Using browser-only version of superagent in non-browser environment
2025-08-07 09:15:43 Configuration directory URI: 'file:///home/aaron/.arduinoIDE'
2025-08-07 09:15:43 Configuring to accept webviews on '^.+\.webview\..+$' hostname.
2025-08-07 09:15:43 2025-08-07T16:15:43.657Z root INFO Backend u.initialize: 39.7 ms [Finished 0.734 s after backend start]
2025-08-07 09:15:43 2025-08-07T16:15:43.660Z root INFO Backend Object.initialize: 37.5 ms [Finished 0.734 s after backend start]
2025-08-07 09:15:43 2025-08-07T16:15:43.660Z root INFO Backend a.initialize: 1.6 ms [Finished 0.734 s after backend start]
2025-08-07 09:15:43 2025-08-07T16:15:43.660Z root INFO Backend a.initialize: 1.3 ms [Finished 0.734 s after backend start]
2025-08-07 09:15:43 2025-08-07T16:15:43.660Z root INFO Backend u.initialize: 2.1 ms [Finished 0.735 s after backend start]
2025-08-07 09:15:43 2025-08-07T16:15:43.663Z root INFO Backend l.initialize: 39.7 ms [Finished 0.736 s after backend start]
2025-08-07 09:15:43 2025-08-07T16:15:43.671Z root INFO configured all backend app contributions
2025-08-07 09:15:43 2025-08-07T16:15:43.671Z root INFO Backend l.onStart: 1.7 ms [Finished 0.750 s after backend start]
2025-08-07 09:15:43 2025-08-07T16:15:43.672Z root INFO Backend d.onStart: 0.1 ms [Finished 0.751 s after backend start]
2025-08-07 09:15:43 2025-08-07T16:15:43.673Z root INFO Backend a.onStart: 0.3 ms [Finished 0.751 s after backend start]
2025-08-07 09:15:43 2025-08-07T16:15:43.673Z config INFO >>> Initializing CLI configuration...
2025-08-07 09:15:43 2025-08-07T16:15:43.673Z root INFO Backend x.onStart: 0.3 ms [Finished 0.751 s after backend start]
2025-08-07 09:15:43 2025-08-07T16:15:43.673Z config INFO Loading CLI configuration from /home/aaron/.arduinoIDE/arduino-cli.yaml...
2025-08-07 09:15:43 2025-08-07T16:15:43.673Z daemon INFO Starting daemon from /nix/store/2d5i1bzbqbnl4rgnhk8czrw5zmqqjdzv-arduino-ide-2.3.6-extracted/resources/app/lib/backend/resources/arduino-cli...
2025-08-07 09:15:43 2025-08-07T16:15:43.673Z root INFO Backend w.onStart: 0.5 ms [Finished 0.752 s after backend start]
2025-08-07 09:15:43 2025-08-07T16:15:43.673Z discovery-log INFO start
2025-08-07 09:15:43 2025-08-07T16:15:43.673Z discovery-log INFO start new deferred
2025-08-07 09:15:43 2025-08-07T16:15:43.673Z root INFO Backend v.onStart: 0.3 ms [Finished 0.752 s after backend start]
2025-08-07 09:15:43 2025-08-07T16:15:43.673Z root INFO Backend a.onStart: 0.1 ms [Finished 0.753 s after backend start]
2025-08-07 09:15:43 2025-08-07T16:15:43.677Z root INFO Theia app listening on http://127.0.0.1:41517.
2025-08-07 09:15:43 2025-08-07T16:15:43.677Z root INFO Finished starting backend application: 4.2 ms [Finished 0.757 s after backend start]
2025-08-07 09:15:43 Error: node-loader:
Error: libxkbfile.so.1: cannot open shared object file: No such file or directory
    at 95585 (/nix/store/2d5i1bzbqbnl4rgnhk8czrw5zmqqjdzv-arduino-ide-2.3.6-extracted/resources/app/lib/backend/electron-main.js:8:1529780)
    at __webpack_require__ (/nix/store/2d5i1bzbqbnl4rgnhk8czrw5zmqqjdzv-arduino-ide-2.3.6-extracted/resources/app/lib/backend/electron-main.js:8:1985382)
    at o._init (/nix/store/2d5i1bzbqbnl4rgnhk8czrw5zmqqjdzv-arduino-ide-2.3.6-extracted/resources/app/lib/backend/electron-main.js:5:1319254)
    at o.onDidChangeKeyboardLayout (/nix/store/2d5i1bzbqbnl4rgnhk8czrw5zmqqjdzv-arduino-ide-2.3.6-extracted/resources/app/lib/backend/electron-main.js:5:1319604)
    at t.onDidChangeKeyboardLayout (/nix/store/2d5i1bzbqbnl4rgnhk8czrw5zmqqjdzv-arduino-ide-2.3.6-extracted/resources/app/lib/backend/electron-main.js:5:1319982)
    at a.onStart (/nix/store/2d5i1bzbqbnl4rgnhk8czrw5zmqqjdzv-arduino-ide-2.3.6-extracted/resources/app/lib/backend/electron-main.js:2:205197)
    at A.startContributions (/nix/store/2d5i1bzbqbnl4rgnhk8czrw5zmqqjdzv-arduino-ide-2.3.6-extracted/resources/app/lib/backend/electron-main.js:8:1599586)
    at Object.handler (/nix/store/2d5i1bzbqbnl4rgnhk8czrw5zmqqjdzv-arduino-ide-2.3.6-extracted/resources/app/lib/backend/electron-main.js:2:1217714)
    at process.processTicksAndRejections (node:internal/process/task_queues:95:5)
2025-08-07 09:15:43 Restoring workspace roots: /home/aaron/projects/esp32_ble/slave
2025-08-07 09:15:43 2025-08-07T16:15:43.678Z root WARN The local plugin referenced by local-dir:/home/aaron/.arduinoIDE/plugins does not exist.
2025-08-07 09:15:43 2025-08-07T16:15:43.678Z root WARN The local plugin referenced by local-dir:/home/aaron/.arduinoIDE/deployedPlugins does not exist.
2025-08-07 09:15:43 2025-08-07T16:15:43.683Z config INFO Loaded CLI configuration: {"board_manager":{"additional_urls":["https://raw.githubusercontent.com/espressif/arduino-esp32/gh-pages/package_esp32_index.json"]},"directories":{"builtin":{"libraries":"/home/aaron/.arduino15/libraries"},"data":"/home/aaron/.arduino15","user":"/home/aaron/Arduino"},"locale":"en"}
2025-08-07 09:15:43 2025-08-07T16:15:43.683Z config INFO 'directories.data' and 'directories.user' are set in the CLI configuration model.
2025-08-07 09:15:43 2025-08-07T16:15:43.683Z config INFO Loaded the CLI configuration.
2025-08-07 09:15:43 2025-08-07T16:15:43.692Z config INFO Mapped the CLI configuration: {"dataDirUri":"file:///home/aaron/.arduino15","sketchDirUri":"file:///home/aaron/Arduino","additionalUrls":["https://raw.githubusercontent.com/espressif/arduino-esp32/gh-pages/package_esp32_index.json"],"network":"none","locale":"en"}
2025-08-07 09:15:43 2025-08-07T16:15:43.692Z config INFO Validating the CLI configuration...
2025-08-07 09:15:43 2025-08-07T16:15:43.693Z config INFO The CLI config is valid.
2025-08-07 09:15:43 2025-08-07T16:15:43.693Z config INFO <<< Initialized the CLI configuration.
2025-08-07 09:15:43 isTempSketch: false. Input was /home/aaron/projects/esp32_ble/slave/slave.ino
2025-08-07 09:15:43 2025-08-07T16:15:43.729Z root INFO Resolve plugins list: 54.7 ms [Finished 0.809 s after backend start]
2025-08-07 09:15:43 2025-08-07T16:15:43.871Z daemon INFO time="2025-08-07T09:15:43-07:00" level=info msg="arduino-cli version 1.2.0"
time="2025-08-07T09:15:43-07:00" level=info msg="Using config file: /home/aaron/.arduinoIDE/arduino-cli.yaml"
time="2025-08-07T09:15:43-07:00" level=info msg="Executing `arduino-cli daemon`"
Daemon is now listening on 127.0.0.1:33897
{"IP":"127.0.0.1","Port":"33897"}
2025-08-07 09:15:43 2025-08-07T16:15:43.871Z daemon INFO Daemon is running.
2025-08-07 09:15:43 2025-08-07T16:15:43.952Z daemon INFO time="2025-08-07T09:15:43-07:00" level=info msg="Checking signature" index=/home/aaron/.arduino15/package_index.json signatureFile=/home/aaron/.arduino15/package_index.json.sig trusted=true
2025-08-07 09:15:43 2025-08-07T16:15:43.966Z daemon INFO time="2025-08-07T09:15:43-07:00" level=info msg="Missing signature file" index=/home/aaron/.arduino15/package_esp32_index.json
time="2025-08-07T09:15:43-07:00" level=info msg="Loading hardware from: /home/aaron/.arduino15/packages"
time="2025-08-07T09:15:43-07:00" level=info msg="Loading package arduino from: /home/aaron/.arduino15/packages/arduino/hardware"
time="2025-08-07T09:15:43-07:00" level=info msg="Missing signature file" index=/home/aaron/.arduino15/packages/arduino/hardware/avr/1.8.6/installed.json
2025-08-07 09:15:43 2025-08-07T16:15:43.975Z daemon INFO time="2025-08-07T09:15:43-07:00" level=info msg="Adding monitor tool" protocol=serial tool="builtin:serial-monitor"
time="2025-08-07T09:15:43-07:00" level=info msg="Loaded platform" platform="arduino:avr@1.8.6"
time="2025-08-07T09:15:43-07:00" level=info msg="Checking existence of 'tools' path: /home/aaron/.arduino15/packages/arduino/tools"
time="2025-08-07T09:15:43-07:00" level=info msg="Loading tools from dir: /home/aaron/.arduino15/packages/arduino/tools"
time="2025-08-07T09:15:43-07:00" level=info msg="Loaded tool" tool="arduino:arduinoOTA@1.3.0"
time="2025-08-07T09:15:43-07:00" level=info msg="Loaded tool" tool="arduino:avr-gcc@7.3.0-atmel3.6.1-arduino7"
time="2025-08-07T09:15:43-07:00" level=info msg="Loaded tool" tool="arduino:avrdude@6.3.0-arduino17"
time="2025-08-07T09:15:43-07:00" level=info msg="Loaded tool" tool="arduino:dfu-util@0.11.0-arduino5"
time="2025-08-07T09:15:43-07:00" level=info msg="Loading package builtin from: /home/aaron/.arduino15/packages/builtin"
time="2025-08-07T09:15:43-07:00" level=info msg="Checking existence of 'tools' path: /home/aaron/.arduino15/packages/builtin/tools"
time="2025-08-07T09:15:43-07:00" level=info msg="Loading tools from dir: /home/aaron/.arduino15/packages/builtin/tools"
time="2025-08-07T09:15:43-07:00" level=info msg="Loaded tool" tool="builtin:ctags@5.8-arduino11"
time="2025-08-07T09:15:43-07:00" level=info msg="Loaded tool" tool="builtin:dfu-discovery@0.1.2"
time="2025-08-07T09:15:43-07:00" level=info msg="Loaded tool" tool="builtin:mdns-discovery@1.0.9"
time="2025-08-07T09:15:43-07:00" level=info msg="Loaded tool" tool="builtin:serial-discovery@1.4.1"
time="2025-08-07T09:15:43-07:00" level=info msg="Loaded tool" tool="builtin:serial-monitor@0.15.0"
time="2025-08-07T09:15:43-07:00" level=info msg="Loading package esp32 from: /home/aaron/.arduino15/packages/esp32/hardware"
2025-08-07 09:15:43 2025-08-07T16:15:43.979Z daemon INFO time="2025-08-07T09:15:43-07:00" level=info msg="Missing signature file" index=/home/aaron/.arduino15/packages/esp32/hardware/esp32/3.3.0/installed.json
2025-08-07 09:15:44 2025-08-07T16:15:44.186Z daemon INFO time="2025-08-07T09:15:44-07:00" level=info msg="Adding monitor tool" protocol=serial tool="builtin:serial-monitor"
time="2025-08-07T09:15:44-07:00" level=info msg="Loaded platform" platform="esp32:esp32@3.3.0"
time="2025-08-07T09:15:44-07:00" level=info msg="Checking existence of 'tools' path: /home/aaron/.arduino15/packages/esp32/tools"
time="2025-08-07T09:15:44-07:00" level=info msg="Loading tools from dir: /home/aaron/.arduino15/packages/esp32/tools"
time="2025-08-07T09:15:44-07:00" level=info msg="Loaded tool" tool="esp32:esp-rv32@2411"
2025-08-07 09:15:44 2025-08-07T16:15:44.187Z daemon INFO time="2025-08-07T09:15:44-07:00" level=info msg="Loaded tool" tool="esp32:esp-x32@2411"
time="2025-08-07T09:15:44-07:00" level=info msg="Loaded tool" tool="esp32:esp32-arduino-libs@idf-release_v5.5-b66b5448-v1"
time="2025-08-07T09:15:44-07:00" level=info msg="Loaded tool" tool="esp32:esptool_py@5.0.0"
time="2025-08-07T09:15:44-07:00" level=info msg="Loaded tool" tool="esp32:mklittlefs@3.0.0-gnu12-dc7f933"
time="2025-08-07T09:15:44-07:00" level=info msg="Loaded tool" tool="esp32:mkspiffs@0.2.3"
2025-08-07 09:15:44 2025-08-07T16:15:44.187Z daemon INFO time="2025-08-07T09:15:44-07:00" level=info msg="Loaded tool" tool="esp32:openocd-esp32@v0.12.0-esp32-20250422"
2025-08-07 09:15:44 2025-08-07T16:15:44.189Z daemon INFO time="2025-08-07T09:15:44-07:00" level=info msg="Loaded tool" tool="esp32:riscv32-esp-elf-gdb@16.2_20250324"
2025-08-07 09:15:44 2025-08-07T16:15:44.189Z daemon INFO time="2025-08-07T09:15:44-07:00" level=info msg="Loaded tool" tool="esp32:xtensa-esp-elf-gdb@16.2_20250324"
2025-08-07 09:15:44 2025-08-07T16:15:44.195Z daemon INFO time="2025-08-07T09:15:44-07:00" level=info msg="Adding libraries dir" dir=/home/aaron/.arduino15/packages/arduino/hardware/avr/1.8.6/libraries isSingleLibrary=false location=platform
2025-08-07 09:15:44 2025-08-07T16:15:44.196Z daemon INFO time="2025-08-07T09:15:44-07:00" level=info msg="Adding libraries dir" dir=/home/aaron/.arduino15/packages/esp32/hardware/esp32/3.3.0/libraries isSingleLibrary=false location=platform
2025-08-07 09:15:44 2025-08-07T16:15:44.196Z daemon INFO time="2025-08-07T09:15:44-07:00" level=info msg="Loading libraries index file" index=/home/aaron/.arduino15/library_index.json
2025-08-07 09:15:44 2025-08-07T16:15:44.574Z root INFO Deploy plugins list: 899.2 ms [Finished 1.653 s after backend start]
2025-08-07 09:15:44 2025-08-07T16:15:44.646Z daemon INFO time="2025-08-07T09:15:44-07:00" level=info msg="Adding libraries dir" dir=/home/aaron/.arduino15/libraries isSingleLibrary=false location=ide
2025-08-07 09:15:44 2025-08-07T16:15:44.646Z daemon INFO time="2025-08-07T09:15:44-07:00" level=info msg="Adding libraries dir" dir=/home/aaron/Arduino/libraries isSingleLibrary=false location=user
2025-08-07 09:15:44 2025-08-07T16:15:44.670Z root INFO creating connection for 1
2025-08-07 09:15:44 2025-08-07T16:15:44.816Z discovery-log INFO start resolved watching
2025-08-07 09:15:44 2025-08-07T16:15:44.848Z discovery-log INFO {"eventType":"add","port":{"matchingBoardsList":[],"port":{"address":"/dev/ttyS0","label":"/dev/ttyS0","protocol":"serial","protocolLabel":"Serial Port","propertiesMap":[],"hardwareId":""}},"error":""}
2025-08-07 09:15:45 2025-08-07T16:15:45.741Z root ERROR Error: node-loader:
Error: libxkbfile.so.1: cannot open shared object file: No such file or directory
    at 95585 (/nix/store/2d5i1bzbqbnl4rgnhk8czrw5zmqqjdzv-arduino-ide-2.3.6-extracted/resources/app/lib/backend/main.js:2:6468723)
    at __webpack_require__ (/nix/store/2d5i1bzbqbnl4rgnhk8czrw5zmqqjdzv-arduino-ide-2.3.6-extracted/resources/app/lib/backend/main.js:2:7034640)
    at r._init (/nix/store/2d5i1bzbqbnl4rgnhk8czrw5zmqqjdzv-arduino-ide-2.3.6-extracted/resources/app/lib/backend/main.js:2:4537535)
    at r.getCurrentKeyboardLayout (/nix/store/2d5i1bzbqbnl4rgnhk8czrw5zmqqjdzv-arduino-ide-2.3.6-extracted/resources/app/lib/backend/main.js:2:4537734)
    at t.getCurrentKeyboardLayout (/nix/store/2d5i1bzbqbnl4rgnhk8czrw5zmqqjdzv-arduino-ide-2.3.6-extracted/resources/app/lib/backend/main.js:2:4538141)
    at s.getNativeLayoutSync (/nix/store/2d5i1bzbqbnl4rgnhk8czrw5zmqqjdzv-arduino-ide-2.3.6-extracted/resources/app/lib/backend/main.js:2:1830040)
    at s.getNativeLayout (/nix/store/2d5i1bzbqbnl4rgnhk8czrw5zmqqjdzv-arduino-ide-2.3.6-extracted/resources/app/lib/backend/main.js:2:1829981)
    at u.onRequest (/nix/store/2d5i1bzbqbnl4rgnhk8czrw5zmqqjdzv-arduino-ide-2.3.6-extracted/resources/app/lib/backend/main.js:2:4942964)
    at c.requestHandler (/nix/store/2d5i1bzbqbnl4rgnhk8czrw5zmqqjdzv-arduino-ide-2.3.6-extracted/resources/app/lib/backend/main.js:2:4942783)
    at c.handleRequest (/nix/store/2d5i1bzbqbnl4rgnhk8czrw5zmqqjdzv-arduino-ide-2.3.6-extracted/resources/app/lib/backend/main.js:2:524486)
2025-08-07 09:15:45 2025-08-07T16:15:45.742Z root ERROR TypeError: Cannot read properties of null (reading 'getKeyMap')
    at r.getKeyMap (/nix/store/2d5i1bzbqbnl4rgnhk8czrw5zmqqjdzv-arduino-ide-2.3.6-extracted/resources/app/lib/backend/main.js:2:4537620)
    at t.getKeyMap (/nix/store/2d5i1bzbqbnl4rgnhk8czrw5zmqqjdzv-arduino-ide-2.3.6-extracted/resources/app/lib/backend/main.js:2:4538201)
    at s.getNativeLayoutSync (/nix/store/2d5i1bzbqbnl4rgnhk8czrw5zmqqjdzv-arduino-ide-2.3.6-extracted/resources/app/lib/backend/main.js:2:1830077)
    at s.getNativeLayout (/nix/store/2d5i1bzbqbnl4rgnhk8czrw5zmqqjdzv-arduino-ide-2.3.6-extracted/resources/app/lib/backend/main.js:2:1829981)
    at u.onRequest (/nix/store/2d5i1bzbqbnl4rgnhk8czrw5zmqqjdzv-arduino-ide-2.3.6-extracted/resources/app/lib/backend/main.js:2:4942964)
    at c.requestHandler (/nix/store/2d5i1bzbqbnl4rgnhk8czrw5zmqqjdzv-arduino-ide-2.3.6-extracted/resources/app/lib/backend/main.js:2:4942783)
    at c.handleRequest (/nix/store/2d5i1bzbqbnl4rgnhk8czrw5zmqqjdzv-arduino-ide-2.3.6-extracted/resources/app/lib/backend/main.js:2:524486)
    at c.handleMessage (/nix/store/2d5i1bzbqbnl4rgnhk8czrw5zmqqjdzv-arduino-ide-2.3.6-extracted/resources/app/lib/backend/main.js:2:522388)
    at /nix/store/2d5i1bzbqbnl4rgnhk8czrw5zmqqjdzv-arduino-ide-2.3.6-extracted/resources/app/lib/backend/main.js:2:522022
    at /nix/store/2d5i1bzbqbnl4rgnhk8czrw5zmqqjdzv-arduino-ide-2.3.6-extracted/resources/app/lib/backend/main.js:2:6419737
2025-08-07 09:15:45 2025-08-07T16:15:45.743Z root WARN A command editor.action.toggleStickyScroll is already registered.
2025-08-07 09:15:45 2025-08-07T16:15:45.776Z sketches-service WARN Warning! The request sketch path was different than the response sketch path from the CLI. This could be a potential bug. Request: </home/aaron/projects/esp32_ble/slave/slave.ino>, response: </home/aaron/projects/esp32_ble/slave>.
2025-08-07 09:15:45 Opening channel for service path '/services/electron-window'.
2025-08-07 09:15:45 Opening channel for service path '/services/ide-updater'.
2025-08-07 09:15:45 2025-08-07T16:15:45.891Z root INFO Start frontend contributions: 329.1 ms [Finished 2.165 s after frontend start]
2025-08-07 09:15:45 2025-08-07T16:15:45.891Z root INFO Changed application state from 'init' to 'started_contributions'.
2025-08-07 09:15:45 2025-08-07T16:15:45.902Z root INFO Changed application state from 'started_contributions' to 'attached_shell'.
2025-08-07 09:15:45 2025-08-07T16:15:45.902Z root INFO >>> Restoring the layout state...
2025-08-07 09:15:45 2025-08-07T16:15:45.997Z root INFO [dbb225d5-8eb1-4575-9982-627710d2ed25] Waiting for backend deployment: 128.3 ms [Finished 2.287 s after frontend start]
2025-08-07 09:15:46 2025-08-07T16:15:46.218Z root INFO [hosted-plugin: 6619] PLUGIN_HOST(6619) starting instance
2025-08-07 09:15:46 2025-08-07T16:15:46.228Z root INFO [hosted-plugin: 6619] [Object: null prototype] {}
2025-08-07 09:15:47 2025-08-07T16:15:47.497Z root INFO [dbb225d5-8eb1-4575-9982-627710d2ed25] Sync of 23 plugins: 1509.7 ms [Finished 3.797 s after frontend start]
2025-08-07 09:15:47 2025-08-07T16:15:47.528Z root INFO ------- SERIALIZED LAYOUT DATA -------
2025-08-07 09:15:47 2025-08-07T16:15:47.528Z root INFO {"version":5,"mainPanel":{"main":{"type":"tab-area","widgets":[{"constructionOptions":{"factoryId":"code-editor-opener","options":{"counter":0,"kind":"navigatable","uri":"file:///home/aaron/projects/esp32_ble/slave/slave.ino"}},"innerWidgetState":"{\"cursorState\":[{\"inSelectionMode\":false,\"selectionStart\":{\"lineNumber\":24,\"column\":4},\"position\":{\"lineNumber\":24,\"column\":4}}],\"viewState\":{\"scrollLeft\":0,\"firstPosition\":{\"lineNumber\":77,\"column\":1},\"firstPositionDeltaTop\":-14},\"contributionsState\":{\"editor.contrib.folding\":{\"lineCount\":103,\"provider\":\"indent\",\"foldedImports\":false},\"editor.contrib.wordHighlighter\":false}}"}],"currentIndex":0}},"mainPanelPinned":[false],"bottomPanel":{"config":{"main":{"type":"tab-area","widgets":[{"constructionOptions":{"factoryId":"outputView"},"innerWidgetState":"{\"locked\":false}"},{"constructionOptions":{"factoryId":"serial-monitor"}}],"currentIndex":1}},"pinned":[false,false],"size":386,"expanded":true},"leftPanel":{"type":"sidepanel","items":[{"widget":{"constructionOptions":{"factoryId":"arduino-sketchbook-widget"}},"rank":1,"expanded":false,"pinned":false},{"widget":{"constructionOptions":{"factoryId":"boards-list-widget"}},"rank":2,"expanded":true,"pinned":false},{"widget":{"constructionOptions":{"factoryId":"library-list-widget"}},"rank":3,"expanded":false,"pinned":false},{"widget":{"constructionOptions":{"factoryId":"debug"},"innerWidgetState":"{\"parts\":[{\"partId\":\"debug:threads:-1\",\"collapsed\":false,\"hidden\":false,\"relativeSize\":1.384,\"originalContainerId\":\"debug:view-container:-1\",\"originalContainerTitle\":{\"label\":\"debug\",\"iconClass\":\"codicon codicon-debug-alt\",\"closeable\":true},\"widget\":{\"constructionOptions\":{\"factoryId\":\"debug:threads\"},\"innerWidgetState\":\"{}\"}},{\"partId\":\"debug:frames:-1\",\"collapsed\":false,\"hidden\":false,\"relativeSize\":1.384,\"originalContainerId\":\"debug:view-container:-1\",\"originalContainerTitle\":{\"label\":\"debug\",\"iconClass\":\"codicon codicon-debug-alt\",\"closeable\":true},\"widget\":{\"constructionOptions\":{\"factoryId\":\"debug:frames\"},\"innerWidgetState\":\"{}\"}},{\"partId\":\"debug:variables:-1\",\"collapsed\":false,\"hidden\":false,\"relativeSize\":1.384,\"originalContainerId\":\"debug:view-container:-1\",\"originalContainerTitle\":{\"label\":\"debug\",\"iconClass\":\"codicon codicon-debug-alt\",\"closeable\":true},\"widget\":{\"constructionOptions\":{\"factoryId\":\"debug:variables\"},\"innerWidgetState\":\"{}\"}},{\"partId\":\"debug:watch:-1\",\"collapsed\":false,\"hidden\":false,\"relativeSize\":1.384,\"originalContainerId\":\"debug:view-container:-1\",\"originalContainerTitle\":{\"label\":\"debug\",\"iconClass\":\"codicon codicon-debug-alt\",\"closeable\":true},\"widget\":{\"constructionOptions\":{\"factoryId\":\"debug:watch\"},\"innerWidgetState\":\"{}\"}},{\"partId\":\"debug:breakpoints:-1\",\"collapsed\":false,\"hidden\":false,\"relativeSize\":1.384,\"originalContainerId\":\"debug:view-container:-1\",\"originalContainerTitle\":{\"label\":\"debug\",\"iconClass\":\"codicon codicon-debug-alt\",\"closeable\":true},\"widget\":{\"constructionOptions\":{\"factoryId\":\"debug:breakpoints\"},\"innerWidgetState\":\"{}\"}},{\"partId\":\"plugin-view:cortex-debug.peripherals\",\"collapsed\":true,\"hidden\":true,\"originalContainerId\":\"debug:view-container:-1\",\"originalContainerTitle\":{\"label\":\"debug\",\"iconClass\":\"codicon codicon-debug-alt\",\"closeable\":true},\"widget\":{\"constructionOptions\":{\"factoryId\":\"plugin-view\",\"options\":{\"id\":\"plugin-view:cortex-debug.peripherals\",\"viewId\":\"cortex-debug.peripherals\"}},\"innerWidgetState\":\"{\\\"label\\\":\\\"Cortex Peripherals\\\",\\\"widgets\\\":[],\\\"suppressUpdateViewVisibility\\\":false,\\\"currentViewContainerId\\\":\\\"debug\\\"}\"}},{\"partId\":\"plugin-view:cortex-debug.registers\",\"collapsed\":true,\"hidden\":true,\"originalContainerId\":\"debug:view-container:-1\",\"originalContainerTitle\":{\"label\":\"debug\",\"iconClass\":\"codicon codicon-debug-alt\",\"closeable\":true},\"widget\":{\"constructionOptions\":{\"factoryId\":\"plugin-view\",\"options\":{\"id\":\"plugin-view:cortex-debug.registers\",\"viewId\":\"cortex-debug.registers\"}},\"innerWidgetState\":\"{\\\"label\\\":\\\"Cortex Registers\\\",\\\"widgets\\\":[],\\\"suppressUpdateViewVisibility\\\":false,\\\"currentViewContainerId\\\":\\\"debug\\\"}\"}}],\"title\":{\"label\":\"debug\",\"iconClass\":\"codicon codicon-debug-alt\",\"closeable\":true}}"},"rank":4,"expanded":false,"pinned":false},{"widget":{"constructionOptions":{"factoryId":"search-view-container"},"innerWidgetState":"{\"parts\":[{\"partId\":\"search-in-workspace\",\"collapsed\":false,\"hidden\":false,\"originalContainerId\":\"search-view-container\",\"originalContainerTitle\":{\"label\":\"Search\",\"iconClass\":\"codicon codicon-search\",\"closeable\":true},\"widget\":{\"constructionOptions\":{\"factoryId\":\"search-in-workspace\"},\"innerWidgetState\":\"{\\\"matchCaseState\\\":{\\\"className\\\":\\\"codicon codicon-case-sensitive\\\",\\\"enabled\\\":false,\\\"title\\\":\\\"Match Case\\\"},\\\"wholeWordState\\\":{\\\"className\\\":\\\"codicon codicon-whole-word\\\",\\\"enabled\\\":false,\\\"title\\\":\\\"Match Whole Word\\\"},\\\"regExpState\\\":{\\\"className\\\":\\\"codicon codicon-regex\\\",\\\"enabled\\\":false,\\\"title\\\":\\\"Use Regular Expression\\\"},\\\"includeIgnoredState\\\":{\\\"className\\\":\\\"codicon codicon-eye\\\",\\\"enabled\\\":false,\\\"title\\\":\\\"Include Ignored Files\\\"},\\\"showSearchDetails\\\":false,\\\"searchInWorkspaceOptions\\\":{\\\"matchCase\\\":false,\\\"matchWholeWord\\\":false,\\\"useRegExp\\\":false,\\\"multiline\\\":false,\\\"includeIgnored\\\":false,\\\"include\\\":[],\\\"exclude\\\":[],\\\"maxResults\\\":2000},\\\"searchTerm\\\":\\\"\\\",\\\"replaceTerm\\\":\\\"\\\",\\\"showReplaceField\\\":false,\\\"searchHistoryState\\\":{\\\"history\\\":[],\\\"index\\\":0},\\\"replaceHistoryState\\\":{\\\"history\\\":[],\\\"index\\\":0},\\\"includeHistoryState\\\":{\\\"history\\\":[],\\\"index\\\":0},\\\"excludeHistoryState\\\":{\\\"history\\\":[],\\\"index\\\":0}}\"}}],\"title\":{\"label\":\"Search\",\"iconClass\":\"fa fa-arduino-search\",\"closeable\":true}}"},"rank":5,"expanded":false,"pinned":false}],"size":268},"rightPanel":{"type":"sidepanel","items":[]}}
2025-08-07 09:15:47 2025-08-07T16:15:47.528Z root INFO ------- END SERIALIZED LAYOUT DATA -------
2025-08-07 09:15:48 2025-08-07T16:15:48.038Z root INFO <<< The layout has been successfully restored.
2025-08-07 09:15:48 2025-08-07T16:15:48.134Z root INFO Initialize the workbench layout: 2135.7 ms [Finished 4.338 s after frontend start]
2025-08-07 09:15:48 2025-08-07T16:15:48.135Z root INFO Changed application state from 'attached_shell' to 'initialized_layout'.
2025-08-07 09:15:48 2025-08-07T16:15:48.137Z root INFO [dbb225d5-8eb1-4575-9982-627710d2ed25] Loading plugin contributions
2025-08-07 09:15:48 2025-08-07T16:15:48.137Z root INFO [dbb225d5-8eb1-4575-9982-627710d2ed25] Load contributions of 23 plugins: 92.1 ms [Finished 4.432 s after frontend start]
2025-08-07 09:15:48 2025-08-07T16:15:48.205Z root WARN 'cpp' language is remapped from 'source.cpp.embedded.macro' to 'source.cpp' scope
2025-08-07 09:15:48 2025-08-07T16:15:48.205Z root WARN a registered grammar configuration for 'cpp' language is overridden
2025-08-07 09:15:48 2025-08-07T16:15:48.582Z root ERROR [hosted-plugin: 6619] Conflict in settings file Default: Ignoring cortex-debug.armToolchainPath.linux as cortex-debug.armToolchainPath is null
Conflict in settings file Default: Ignoring cortex-debug.armToolchainPath.osx as cortex-debug.armToolchainPath is null
Conflict in settings file Default: Ignoring cortex-debug.armToolchainPath.windows as cortex-debug.armToolchainPath is null
Conflict in settings file Default: Ignoring cortex-debug.JLinkGDBServerPath.linux as cortex-debug.JLinkGDBServerPath is null
Conflict in settings file Default: Ignoring cortex-debug.JLinkGDBServerPath.osx as cortex-debug.JLinkGDBServerPath is null
Conflict in settings file Default: Ignoring cortex-debug.JLinkGDBServerPath.windows as cortex-debug.JLinkGDBServerPath is null
Conflict in settings file Default: Ignoring cortex-debug.openocdPath.linux as cortex-debug.openocdPath is null
Conflict in settings file Default: Ignoring cortex-debug.openocdPath.osx as cortex-debug.openocdPath is null
Conflict in settings file Default: Ignoring cortex-debug.openocdPath.windows as cortex-debug.openocdPath is null
Conflict in settings file Default: Ignoring cortex-debug.pyocdPath.linux as cortex-debug.pyocdPath is null
Conflict in settings file Default: Ignoring cortex-debug.pyocdPath.osx as cortex-debug.pyocdPath is null
Conflict in settings file Default: Ignoring cortex-debug.pyocdPath.windows as cortex-debug.pyocdPath is null
Conflict in settings file Default: Ignoring cortex-debug.PEGDBServerPath.linux as cortex-debug.PEGDBServerPath is null
Conflict in settings file Default: Ignoring cortex-debug.PEGDBServerPath.osx as cortex-debug.PEGDBServerPath is null
Conflict in settings file Default: Ignoring cortex-debug.PEGDBServerPath.windows as cortex-debug.PEGDBServerPath is null
Conflict in settings file Default: Ignoring cortex-debug.stutilPath.linux as cortex-debug.stutilPath is null
Conflict in settings file Default: Ignoring cortex-debug.stutilPath.osx as cortex-debug.stutilPath is null
Conflict in settings file Default: Ignoring cortex-debug.stutilPath.windows as cortex-debug.stutilPath is null
Conflict in settings file Default: Ignoring cortex-debug.stlinkPath.linux as cortex-debug.stlinkPath is null
Conflict in settings file Default: Ignoring cortex-debug.stlinkPath.osx as cortex-debug.stlinkPath is null
Conflict in settings file Default: Ignoring cortex-debug.stlinkPath.windows as cortex-debug.stlinkPath is null
Conflict in settings file Default: Ignoring cortex-debug.stm32cubeprogrammer.linux as cortex-debug.stm32cubeprogrammer is null
Conflict in settings file Default: Ignoring cortex-debug.stm32cubeprogrammer.osx as cortex-debug.stm32cubeprogrammer is null
Conflict in settings file Default: Ignoring cortex-debug.stm32cubeprogrammer.windows as cortex-debug.stm32cubeprogrammer is null
2025-08-07 09:15:48 2025-08-07T16:15:48.653Z root INFO [hosted-plugin: 6619] PLUGIN_HOST(6619): PluginManagerExtImpl/init()
2025-08-07 09:15:48 2025-08-07T16:15:48.657Z root INFO [hosted-plugin: 6619] PLUGIN_HOST(6619): initializing(vscode-arduino-api@0.1.2 with /nix/store/2d5i1bzbqbnl4rgnhk8czrw5zmqqjdzv-arduino-ide-2.3.6-extracted/resources/app/lib/backend/plugin-vscode-init)
2025-08-07 09:15:48 2025-08-07T16:15:48.728Z root INFO [hosted-plugin: 6619] PLUGIN_HOST(6619): initializing(json-language-features@1.88.1 with /nix/store/2d5i1bzbqbnl4rgnhk8czrw5zmqqjdzv-arduino-ide-2.3.6-extracted/resources/app/lib/backend/plugin-vscode-init)
2025-08-07 09:15:48 2025-08-07T16:15:48.734Z root INFO [hosted-plugin: 6619] PLUGIN_HOST(6619): initializing(cortex-debug@1.5.1 with /nix/store/2d5i1bzbqbnl4rgnhk8czrw5zmqqjdzv-arduino-ide-2.3.6-extracted/resources/app/lib/backend/plugin-vscode-init)
2025-08-07 09:15:48 2025-08-07T16:15:48.734Z root INFO [hosted-plugin: 6619] Debugger contribution has been registered: cortex-debug
2025-08-07 09:15:48 2025-08-07T16:15:48.736Z root INFO [hosted-plugin: 6619] PLUGIN_HOST(6619): initializing(vscode-arduino-tools@0.1.3 with /nix/store/2d5i1bzbqbnl4rgnhk8czrw5zmqqjdzv-arduino-ide-2.3.6-extracted/resources/app/lib/backend/plugin-vscode-init)
2025-08-07 09:15:48 2025-08-07T16:15:48.738Z root INFO [hosted-plugin: 6619] PLUGIN_HOST(6619): initializing(cpp@1.88.1 with /nix/store/2d5i1bzbqbnl4rgnhk8czrw5zmqqjdzv-arduino-ide-2.3.6-extracted/resources/app/lib/backend/plugin-vscode-init)
2025-08-07 09:15:48 2025-08-07T16:15:48.740Z root INFO [hosted-plugin: 6619] PLUGIN_HOST(6619): initializing(json@1.88.1 with /nix/store/2d5i1bzbqbnl4rgnhk8czrw5zmqqjdzv-arduino-ide-2.3.6-extracted/resources/app/lib/backend/plugin-vscode-init)
2025-08-07 09:15:48 2025-08-07T16:15:48.745Z root INFO [hosted-plugin: 6619] PLUGIN_HOST(6619): initializing(vscode-language-pack-bg@1.48.3 with /nix/store/2d5i1bzbqbnl4rgnhk8czrw5zmqqjdzv-arduino-ide-2.3.6-extracted/resources/app/lib/backend/plugin-vscode-init)
2025-08-07 09:15:48 2025-08-07T16:15:48.745Z root INFO [hosted-plugin: 6619] PLUGIN_HOST(6619): initializing(vscode-language-pack-cs@1.96.0 with /nix/store/2d5i1bzbqbnl4rgnhk8czrw5zmqqjdzv-arduino-ide-2.3.6-extracted/resources/app/lib/backend/plugin-vscode-init)
2025-08-07 09:15:48 2025-08-07T16:15:48.746Z root INFO [hosted-plugin: 6619] PLUGIN_HOST(6619): initializing(vscode-language-pack-de@1.96.0 with /nix/store/2d5i1bzbqbnl4rgnhk8czrw5zmqqjdzv-arduino-ide-2.3.6-extracted/resources/app/lib/backend/plugin-vscode-init)
2025-08-07 09:15:48 2025-08-07T16:15:48.747Z root INFO [hosted-plugin: 6619] PLUGIN_HOST(6619): initializing(vscode-language-pack-es@1.96.0 with /nix/store/2d5i1bzbqbnl4rgnhk8czrw5zmqqjdzv-arduino-ide-2.3.6-extracted/resources/app/lib/backend/plugin-vscode-init)
2025-08-07 09:15:48 2025-08-07T16:15:48.748Z root INFO [hosted-plugin: 6619] PLUGIN_HOST(6619): initializing(vscode-language-pack-fr@1.96.0 with /nix/store/2d5i1bzbqbnl4rgnhk8czrw5zmqqjdzv-arduino-ide-2.3.6-extracted/resources/app/lib/backend/plugin-vscode-init)
2025-08-07 09:15:48 2025-08-07T16:15:48.749Z root INFO [hosted-plugin: 6619] PLUGIN_HOST(6619): initializing(vscode-language-pack-hu@1.48.3 with /nix/store/2d5i1bzbqbnl4rgnhk8czrw5zmqqjdzv-arduino-ide-2.3.6-extracted/resources/app/lib/backend/plugin-vscode-init)
2025-08-07 09:15:48 2025-08-07T16:15:48.750Z root INFO [hosted-plugin: 6619] PLUGIN_HOST(6619): initializing(vscode-language-pack-it@1.96.0 with /nix/store/2d5i1bzbqbnl4rgnhk8czrw5zmqqjdzv-arduino-ide-2.3.6-extracted/resources/app/lib/backend/plugin-vscode-init)
2025-08-07 09:15:48 2025-08-07T16:15:48.750Z root INFO [hosted-plugin: 6619] PLUGIN_HOST(6619): initializing(vscode-language-pack-ja@1.96.0 with /nix/store/2d5i1bzbqbnl4rgnhk8czrw5zmqqjdzv-arduino-ide-2.3.6-extracted/resources/app/lib/backend/plugin-vscode-init)
2025-08-07 09:15:48 2025-08-07T16:15:48.750Z root INFO [hosted-plugin: 6619] PLUGIN_HOST(6619): initializing(vscode-language-pack-ko@1.96.0 with /nix/store/2d5i1bzbqbnl4rgnhk8czrw5zmqqjdzv-arduino-ide-2.3.6-extracted/resources/app/lib/backend/plugin-vscode-init)
2025-08-07 09:15:48 2025-08-07T16:15:48.751Z root INFO [hosted-plugin: 6619] PLUGIN_HOST(6619): initializing(vscode-language-pack-nl@1.48.3 with /nix/store/2d5i1bzbqbnl4rgnhk8czrw5zmqqjdzv-arduino-ide-2.3.6-extracted/resources/app/lib/backend/plugin-vscode-init)
2025-08-07 09:15:48 2025-08-07T16:15:48.751Z root INFO [hosted-plugin: 6619] PLUGIN_HOST(6619): initializing(vscode-language-pack-pl@1.96.0 with /nix/store/2d5i1bzbqbnl4rgnhk8czrw5zmqqjdzv-arduino-ide-2.3.6-extracted/resources/app/lib/backend/plugin-vscode-init)
2025-08-07 09:15:48 2025-08-07T16:15:48.752Z root INFO [hosted-plugin: 6619] PLUGIN_HOST(6619): initializing(vscode-language-pack-pt-BR@1.96.0 with /nix/store/2d5i1bzbqbnl4rgnhk8czrw5zmqqjdzv-arduino-ide-2.3.6-extracted/resources/app/lib/backend/plugin-vscode-init)
2025-08-07 09:15:48 2025-08-07T16:15:48.752Z root INFO [hosted-plugin: 6619] PLUGIN_HOST(6619): initializing(vscode-language-pack-ru@1.96.0 with /nix/store/2d5i1bzbqbnl4rgnhk8czrw5zmqqjdzv-arduino-ide-2.3.6-extracted/resources/app/lib/backend/plugin-vscode-init)
2025-08-07 09:15:48 2025-08-07T16:15:48.752Z root INFO [hosted-plugin: 6619] PLUGIN_HOST(6619): initializing(vscode-language-pack-tr@1.96.0 with /nix/store/2d5i1bzbqbnl4rgnhk8czrw5zmqqjdzv-arduino-ide-2.3.6-extracted/resources/app/lib/backend/plugin-vscode-init)
2025-08-07 09:15:48 2025-08-07T16:15:48.753Z root INFO [hosted-plugin: 6619] PLUGIN_HOST(6619): initializing(vscode-language-pack-uk@1.48.3 with /nix/store/2d5i1bzbqbnl4rgnhk8czrw5zmqqjdzv-arduino-ide-2.3.6-extracted/resources/app/lib/backend/plugin-vscode-init)
2025-08-07 09:15:48 2025-08-07T16:15:48.753Z root INFO [hosted-plugin: 6619] PLUGIN_HOST(6619): initializing(vscode-language-pack-zh-hans@1.96.0 with /nix/store/2d5i1bzbqbnl4rgnhk8czrw5zmqqjdzv-arduino-ide-2.3.6-extracted/resources/app/lib/backend/plugin-vscode-init)
2025-08-07 09:15:48 2025-08-07T16:15:48.753Z root INFO [hosted-plugin: 6619] PLUGIN_HOST(6619): initializing(vscode-language-pack-zh-hant@1.96.0 with /nix/store/2d5i1bzbqbnl4rgnhk8czrw5zmqqjdzv-arduino-ide-2.3.6-extracted/resources/app/lib/backend/plugin-vscode-init)
2025-08-07 09:15:48 2025-08-07T16:15:48.763Z root INFO [hosted-plugin: 6619] PLUGIN_HOST(6619): PluginManagerExtImpl/loadPlugin(/nix/store/2d5i1bzbqbnl4rgnhk8czrw5zmqqjdzv-arduino-ide-2.3.6-extracted/resources/app/plugins/vscode-builtin-json-language-features/extension/client/dist/node/jsonClientMain)
2025-08-07 09:15:48 2025-08-07T16:15:48.830Z root INFO [hosted-plugin: 6619] PLUGIN_HOST(6619): PluginManagerExtImpl/loadPlugin(/nix/store/2d5i1bzbqbnl4rgnhk8czrw5zmqqjdzv-arduino-ide-2.3.6-extracted/resources/app/plugins/vscode-arduino-tools/extension/dist/extension.js)
2025-08-07 09:15:48 2025-08-07T16:15:48.861Z root INFO [hosted-plugin: 6619] PLUGIN_HOST(6619): PluginManagerExtImpl/loadPlugin(/nix/store/2d5i1bzbqbnl4rgnhk8czrw5zmqqjdzv-arduino-ide-2.3.6-extracted/resources/app/plugins/vscode-arduino-api/extension/dist/extension.js)
2025-08-07 09:15:48 2025-08-07T16:15:48.865Z root INFO [hosted-plugin: 6619] calling activation function on VS Code Arduino Tools
calling activation function on Arduino IDE API for VS Code extensions
2025-08-07 09:15:48 2025-08-07T16:15:48.869Z root INFO [dbb225d5-8eb1-4575-9982-627710d2ed25] Starting plugins.
2025-08-07 09:15:48 2025-08-07T16:15:48.911Z root INFO [hosted-plugin: 6619] PLUGIN_HOST(6619): PluginManagerExtImpl/loadPlugin(/nix/store/2d5i1bzbqbnl4rgnhk8czrw5zmqqjdzv-arduino-ide-2.3.6-extracted/resources/app/plugins/cortex-debug/extension/dist/extension.js)
2025-08-07 09:15:48 2025-08-07T16:15:48.950Z root INFO [hosted-plugin: 6619] Debug configuration provider has been registered: cortex-debug, trigger: 1
2025-08-07 09:15:48 2025-08-07T16:15:48.950Z root INFO [hosted-plugin: 6619] calling activation function on Cortex-Debug
2025-08-07 09:15:48 2025-08-07T16:15:48.952Z root INFO [hosted-plugin: 6619] GDB server console created
2025-08-07 09:15:48 2025-08-07T16:15:48.962Z root INFO [dbb225d5-8eb1-4575-9982-627710d2ed25] Start of 23 plugins: 825.2 ms [Finished 5.262 s after frontend start]
2025-08-07 09:15:49 2025-08-07T16:15:49.113Z root INFO [hosted-plugin: 6619] calling activation function on JSON Language Features (built-in)
2025-08-07 09:15:49 2025-08-07T16:15:49.216Z root INFO Frontend application start: 3532.7 ms [Finished 6.296 s after backend start]
2025-08-07 09:15:49 Checking for update
2025-08-07 09:15:49 2025-08-07T16:15:49.268Z root INFO Replace loading indicator with ready workbench UI (animation): 839.4 ms [Finished 5.275 s after frontend start]
2025-08-07 09:15:49 2025-08-07T16:15:49.273Z root INFO Changed application state from 'initialized_layout' to 'ready'.
2025-08-07 09:15:49 2025-08-07T16:15:49.273Z root WARN Linked preference "workbench.colorCustomizations" not found.
2025-08-07 09:15:49 2025-08-07T16:15:49.349Z daemon INFO time="2025-08-07T09:15:49-07:00" level=info msg="Starting download" url="https://downloads.arduino.cc/libraries/library_index.tar.bz2"
time="2025-08-07T09:15:49-07:00" level=info msg="Updating index" url="https://downloads.arduino.cc/packages/package_index.tar.bz2"
time="2025-08-07T09:15:49-07:00" level=info msg="Starting download" url="https://downloads.arduino.cc/packages/package_index.tar.bz2"
2025-08-07 09:15:49 2025-08-07T16:15:49.351Z root INFO core-client-provider [library-index] Downloading index: library_index.tar.bz2

2025-08-07 09:15:49 2025-08-07T16:15:49.352Z root INFO core-client-provider [platform-index] Downloading index: package_index.tar.bz2

2025-08-07 09:15:49 2025-08-07T16:15:49.488Z root INFO Starting language server: esp32:esp32:esp32doit-devkit-v1:UploadSpeed=921600,FlashFreq=80,DebugLevel=none,EraseFlash=none
2025-08-07 09:15:49 2025-08-07T16:15:49.489Z daemon INFO time="2025-08-07T09:15:49-07:00" level=info msg="Tool required for debug" tool="arduino:dfu-util@0.11.0-arduino5"
2025-08-07 09:15:49 2025-08-07T16:15:49.489Z daemon INFO time="2025-08-07T09:15:49-07:00" level=info msg="Tool required for debug" tool="esp32:esp-rv32@2411"
time="2025-08-07T09:15:49-07:00" level=info msg="Tool required for debug" tool="esp32:esp-x32@2411"
time="2025-08-07T09:15:49-07:00" level=info msg="Tool required for debug" tool="esp32:esp32-arduino-libs@idf-release_v5.5-b66b5448-v1"
time="2025-08-07T09:15:49-07:00" level=info msg="Tool required for debug" tool="esp32:esptool_py@5.0.0"
time="2025-08-07T09:15:49-07:00" level=info msg="Tool required for debug" tool="esp32:mklittlefs@3.0.0-gnu12-dc7f933"
time="2025-08-07T09:15:49-07:00" level=info msg="Tool required for debug" tool="esp32:mkspiffs@0.2.3"
time="2025-08-07T09:15:49-07:00" level=info msg="Tool required for debug" tool="esp32:openocd-esp32@v0.12.0-esp32-20250422"
time="2025-08-07T09:15:49-07:00" level=info msg="Tool required for debug" tool="esp32:riscv32-esp-elf-gdb@16.2_20250324"
time="2025-08-07T09:15:49-07:00" level=info msg="Tool required for debug" tool="esp32:xtensa-esp-elf-gdb@16.2_20250324"
time="2025-08-07T09:15:49-07:00" level=info msg="Tool required for debug" tool="builtin:mdns-discovery@1.0.9"
time="2025-08-07T09:15:49-07:00" level=info msg="Tool required for debug" tool="arduino:avr-gcc@7.3.0-atmel3.6.1-arduino7"
time="2025-08-07T09:15:49-07:00" level=info msg="Tool required for debug" tool="builtin:dfu-discovery@0.1.2"
2025-08-07 09:15:49 2025-08-07T16:15:49.489Z daemon INFO time="2025-08-07T09:15:49-07:00" level=info msg="Tool required for debug" tool="builtin:ctags@5.8-arduino11"
time="2025-08-07T09:15:49-07:00" level=info msg="Tool required for debug" tool="arduino:avrdude@6.3.0-arduino17"
2025-08-07 09:15:49 2025-08-07T16:15:49.489Z daemon INFO time="2025-08-07T09:15:49-07:00" level=info msg="Tool required for debug" tool="arduino:arduinoOTA@1.3.0"
time="2025-08-07T09:15:49-07:00" level=info msg="Tool required for debug" tool="builtin:serial-discovery@1.4.1"
time="2025-08-07T09:15:49-07:00" level=info msg="Tool required for debug" tool="builtin:serial-monitor@0.15.0"
2025-08-07 09:15:49 2025-08-07T16:15:49.493Z daemon INFO time="2025-08-07T09:15:49-07:00" level=info msg="Tool required for debug" tool="arduino:dfu-util@0.11.0-arduino5"
time="2025-08-07T09:15:49-07:00" level=info msg="Tool required for debug" tool="esp32:esp-rv32@2411"
time="2025-08-07T09:15:49-07:00" level=info msg="Tool required for debug" tool="esp32:esp-x32@2411"
time="2025-08-07T09:15:49-07:00" level=info msg="Tool required for debug" tool="esp32:esp32-arduino-libs@idf-release_v5.5-b66b5448-v1"
time="2025-08-07T09:15:49-07:00" level=info msg="Tool required for debug" tool="esp32:esptool_py@5.0.0"
2025-08-07 09:15:49 2025-08-07T16:15:49.493Z daemon INFO time="2025-08-07T09:15:49-07:00" level=info msg="Tool required for debug" tool="esp32:mklittlefs@3.0.0-gnu12-dc7f933"
time="2025-08-07T09:15:49-07:00" level=info msg="Tool required for debug" tool="esp32:mkspiffs@0.2.3"
time="2025-08-07T09:15:49-07:00" level=info msg="Tool required for debug" tool="esp32:openocd-esp32@v0.12.0-esp32-20250422"
time="2025-08-07T09:15:49-07:00" level=info msg="Tool required for debug" tool="esp32:riscv32-esp-elf-gdb@16.2_20250324"
time="2025-08-07T09:15:49-07:00" level=info msg="Tool required for debug" tool="esp32:xtensa-esp-elf-gdb@16.2_20250324"
time="2025-08-07T09:15:49-07:00" level=info msg="Tool required for debug" tool="arduino:avr-gcc@7.3.0-atmel3.6.1-arduino7"
time="2025-08-07T09:15:49-07:00" level=info msg="Tool required for debug" tool="arduino:arduinoOTA@1.3.0"
time="2025-08-07T09:15:49-07:00" level=info msg="Tool required for debug" tool="builtin:mdns-discovery@1.0.9"
time="2025-08-07T09:15:49-07:00" level=info msg="Tool required for debug" tool="builtin:ctags@5.8-arduino11"
time="2025-08-07T09:15:49-07:00" level=info msg="Tool required for debug" tool="builtin:dfu-discovery@0.1.2"
time="2025-08-07T09:15:49-07:00" level=info msg="Tool required for debug" tool="builtin:serial-discovery@1.4.1"
2025-08-07 09:15:49 2025-08-07T16:15:49.493Z daemon INFO time="2025-08-07T09:15:49-07:00" level=info msg="Tool required for debug" tool="builtin:serial-monitor@0.15.0"
time="2025-08-07T09:15:49-07:00" level=info msg="Tool required for debug" tool="arduino:avrdude@6.3.0-arduino17"
2025-08-07 09:15:49 2025-08-07T16:15:49.497Z daemon INFO time="2025-08-07T09:15:49-07:00" level=info msg="Tool required for debug" tool="arduino:dfu-util@0.11.0-arduino5"
2025-08-07 09:15:49 2025-08-07T16:15:49.497Z daemon INFO time="2025-08-07T09:15:49-07:00" level=info msg="Tool required for debug" tool="esp32:esp-rv32@2411"
time="2025-08-07T09:15:49-07:00" level=info msg="Tool required for debug" tool="esp32:esp-x32@2411"
time="2025-08-07T09:15:49-07:00" level=info msg="Tool required for debug" tool="esp32:esp32-arduino-libs@idf-release_v5.5-b66b5448-v1"
time="2025-08-07T09:15:49-07:00" level=info msg="Tool required for debug" tool="esp32:esptool_py@5.0.0"
2025-08-07 09:15:49 2025-08-07T16:15:49.497Z daemon INFO time="2025-08-07T09:15:49-07:00" level=info msg="Tool required for debug" tool="esp32:mklittlefs@3.0.0-gnu12-dc7f933"
time="2025-08-07T09:15:49-07:00" level=info msg="Tool required for debug" tool="esp32:mkspiffs@0.2.3"
time="2025-08-07T09:15:49-07:00" level=info msg="Tool required for debug" tool="esp32:openocd-esp32@v0.12.0-esp32-20250422"
time="2025-08-07T09:15:49-07:00" level=info msg="Tool required for debug" tool="esp32:riscv32-esp-elf-gdb@16.2_20250324"
time="2025-08-07T09:15:49-07:00" level=info msg="Tool required for debug" tool="esp32:xtensa-esp-elf-gdb@16.2_20250324"
time="2025-08-07T09:15:49-07:00" level=info msg="Tool required for debug" tool="builtin:ctags@5.8-arduino11"
time="2025-08-07T09:15:49-07:00" level=info msg="Tool required for debug" tool="arduino:avrdude@6.3.0-arduino17"
time="2025-08-07T09:15:49-07:00" level=info msg="Tool required for debug" tool="arduino:arduinoOTA@1.3.0"
time="2025-08-07T09:15:49-07:00" level=info msg="Tool required for debug" tool="builtin:mdns-discovery@1.0.9"
time="2025-08-07T09:15:49-07:00" level=info msg="Tool required for debug" tool="arduino:avr-gcc@7.3.0-atmel3.6.1-arduino7"
time="2025-08-07T09:15:49-07:00" level=info msg="Tool required for debug" tool="builtin:serial-discovery@1.4.1"
time="2025-08-07T09:15:49-07:00" level=info msg="Tool required for debug" tool="builtin:serial-monitor@0.15.0"
2025-08-07 09:15:49 2025-08-07T16:15:49.497Z daemon INFO time="2025-08-07T09:15:49-07:00" level=info msg="Tool required for debug" tool="builtin:dfu-discovery@0.1.2"
2025-08-07 09:15:49 2025-08-07T16:15:49.680Z daemon INFO time="2025-08-07T09:15:49-07:00" level=info msg="Tool required for debug" tool="arduino:dfu-util@0.11.0-arduino5"
time="2025-08-07T09:15:49-07:00" level=info msg="Tool required for debug" tool="esp32:esp-rv32@2411"
time="2025-08-07T09:15:49-07:00" level=info msg="Tool required for debug" tool="esp32:esp-x32@2411"
time="2025-08-07T09:15:49-07:00" level=info msg="Tool required for debug" tool="esp32:esp32-arduino-libs@idf-release_v5.5-b66b5448-v1"
time="2025-08-07T09:15:49-07:00" level=info msg="Tool required for debug" tool="esp32:esptool_py@5.0.0"
time="2025-08-07T09:15:49-07:00" level=info msg="Tool required for debug" tool="esp32:mklittlefs@3.0.0-gnu12-dc7f933"
time="2025-08-07T09:15:49-07:00" level=info msg="Tool required for debug" tool="esp32:mkspiffs@0.2.3"
time="2025-08-07T09:15:49-07:00" level=info msg="Tool required for debug" tool="esp32:openocd-esp32@v0.12.0-esp32-20250422"
time="2025-08-07T09:15:49-07:00" level=info msg="Tool required for debug" tool="esp32:riscv32-esp-elf-gdb@16.2_20250324"
time="2025-08-07T09:15:49-07:00" level=info msg="Tool required for debug" tool="esp32:xtensa-esp-elf-gdb@16.2_20250324"
time="2025-08-07T09:15:49-07:00" level=info msg="Tool required for debug" tool="arduino:avrdude@6.3.0-arduino17"
time="2025-08-07T09:15:49-07:00" level=info msg="Tool required for debug" tool="builtin:ctags@5.8-arduino11"
time="2025-08-07T09:15:49-07:00" level=info msg="Tool required for debug" tool="builtin:dfu-discovery@0.1.2"
time="2025-08-07T09:15:49-07:00" level=info msg="Tool required for debug" tool="builtin:serial-monitor@0.15.0"
time="2025-08-07T09:15:49-07:00" level=info msg="Tool required for debug" tool="arduino:arduinoOTA@1.3.0"
time="2025-08-07T09:15:49-07:00" level=info msg="Tool required for debug" tool="arduino:avr-gcc@7.3.0-atmel3.6.1-arduino7"
time="2025-08-07T09:15:49-07:00" level=info msg="Tool required for debug" tool="builtin:mdns-discovery@1.0.9"
time="2025-08-07T09:15:49-07:00" level=info msg="Tool required for debug" tool="builtin:serial-discovery@1.4.1"
time="2025-08-07T09:15:49-07:00" level=info msg="Tool required for debug" tool="arduino:dfu-util@0.11.0-arduino5"
time="2025-08-07T09:15:49-07:00" level=info msg="Tool required for debug" tool="esp32:esp-rv32@2411"
time="2025-08-07T09:15:49-07:00" level=info msg="Tool required for debug" tool="esp32:esp-x32@2411"
time="2025-08-07T09:15:49-07:00" level=info msg="Tool required for debug" tool="esp32:esp32-arduino-libs@idf-release_v5.5-b66b5448-v1"
time="2025-08-07T09:15:49-07:00" level=info msg="Tool required for debug" tool="esp32:esptool_py@5.0.0"
time="2025-08-07T09:15:49-07:00" level=info msg="Tool required for debug" tool="esp32:mklittlefs@3.0.0-gnu12-dc7f933"
time="2025-08-07T09:15:49-07:00" level=info msg="Tool required for debug" tool="esp32:mkspiffs@0.2.3"
time="2025-08-07T09:15:49-07:00" level=info msg="Tool required for debug" tool="esp32:openocd-esp32@v0.12.0-esp32-20250422"
time="2025-08-07T09:15:49-07:00" level=info msg="Tool required for debug" tool="esp32:riscv32-esp-elf-gdb@16.2_20250324"
time="2025-08-07T09:15:49-07:00" level=info msg="Tool required for debug" tool="esp32:xtensa-esp-elf-gdb@16.2_20250324"
time="2025-08-07T09:15:49-07:00" level=info msg="Tool required for debug" tool="arduino:avr-gcc@7.3.0-atmel3.6.1-arduino7"
time="2025-08-07T09:15:49-07:00" level=info msg="Tool required for debug" tool="builtin:ctags@5.8-arduino11"
time="2025-08-07T09:15:49-07:00" level=info msg="Tool required for debug" tool="builtin:mdns-discovery@1.0.9"
time="2025-08-07T09:15:49-07:00" level=info msg="Tool required for debug" tool="builtin:serial-monitor@0.15.0"
time="2025-08-07T09:15:49-07:00" level=info msg="Tool required for debug" tool="arduino:avrdude@6.3.0-arduino17"
time="2025-08-07T09:15:49-07:00" level=info msg="Tool required for debug" tool="builtin:dfu-discovery@0.1.2"
time="2025-08-07T09:15:49-07:00" level=info msg="Tool required for debug" tool="builtin:serial-discovery@1.4.1"
time="2025-08-07T09:15:49-07:00" level=info msg="Tool required for debug" tool="arduino:arduinoOTA@1.3.0"
2025-08-07 09:15:49 2025-08-07T16:15:49.872Z daemon INFO time="2025-08-07T09:15:49-07:00" level=info msg="Updating index" url="https://raw.githubusercontent.com/espressif/arduino-esp32/gh-pages/package_esp32_index.json"
time="2025-08-07T09:15:49-07:00" level=info msg="Starting download" url="https://raw.githubusercontent.com/espressif/arduino-esp32/gh-pages/package_esp32_index.json"
2025-08-07 09:15:49 2025-08-07T16:15:49.873Z root INFO core-client-provider [platform-index] Downloading index: package_esp32_index.json

2025-08-07 09:15:50 Update for version 2.3.6 is not available (latest version: 2.3.6, downgrade is allowed).
2025-08-07 09:15:50 2025-08-07T16:15:50.120Z root ERROR ---- !!!SLOW!!! DURATION: search took 847.475 ms. Args: [{"type":"Updatable"}] ----
2025-08-07 09:15:50 2025-08-07T16:15:50.121Z daemon INFO time="2025-08-07T09:15:49-07:00" level=info msg="Adding libraries dir" dir=/home/aaron/.arduino15/libraries isSingleLibrary=false location=ide
time="2025-08-07T09:15:49-07:00" level=info msg="Adding libraries dir" dir=/home/aaron/.arduino15/packages/esp32/hardware/esp32/3.3.0/libraries isSingleLibrary=false location=platform
time="2025-08-07T09:15:49-07:00" level=info msg="Adding libraries dir" dir=/home/aaron/Arduino/libraries isSingleLibrary=false location=user
2025-08-07 09:15:51 2025-08-07T16:15:51.637Z daemon INFO time="2025-08-07T09:15:51-07:00" level=info msg="Checking signature" index=/home/aaron/.arduino15/package_index.json signatureFile=/home/aaron/.arduino15/package_index.json.sig trusted=true
2025-08-07 09:15:51 2025-08-07T16:15:51.644Z daemon INFO time="2025-08-07T09:15:51-07:00" level=info msg="Missing signature file" index=/home/aaron/.arduino15/package_esp32_index.json
2025-08-07 09:15:51 2025-08-07T16:15:51.644Z daemon INFO time="2025-08-07T09:15:51-07:00" level=info msg="Loading hardware from: /home/aaron/.arduino15/packages"
2025-08-07 09:15:51 2025-08-07T16:15:51.644Z daemon INFO time="2025-08-07T09:15:51-07:00" level=info msg="Loading package arduino from: /home/aaron/.arduino15/packages/arduino/hardware"
2025-08-07 09:15:51 2025-08-07T16:15:51.647Z daemon INFO time="2025-08-07T09:15:51-07:00" level=info msg="Missing signature file" index=/home/aaron/.arduino15/packages/arduino/hardware/avr/1.8.6/installed.json
2025-08-07 09:15:51 2025-08-07T16:15:51.650Z daemon INFO time="2025-08-07T09:15:51-07:00" level=info msg="Adding monitor tool" protocol=serial tool="builtin:serial-monitor"
time="2025-08-07T09:15:51-07:00" level=info msg="Loaded platform" platform="arduino:avr@1.8.6"
time="2025-08-07T09:15:51-07:00" level=info msg="Checking existence of 'tools' path: /home/aaron/.arduino15/packages/arduino/tools"
time="2025-08-07T09:15:51-07:00" level=info msg="Loading tools from dir: /home/aaron/.arduino15/packages/arduino/tools"
2025-08-07 09:15:51 2025-08-07T16:15:51.651Z daemon INFO time="2025-08-07T09:15:51-07:00" level=info msg="Loaded tool" tool="arduino:arduinoOTA@1.3.0"
2025-08-07 09:15:51 2025-08-07T16:15:51.651Z daemon INFO time="2025-08-07T09:15:51-07:00" level=info msg="Loaded tool" tool="arduino:avr-gcc@7.3.0-atmel3.6.1-arduino7"
time="2025-08-07T09:15:51-07:00" level=info msg="Loaded tool" tool="arduino:avrdude@6.3.0-arduino17"
2025-08-07 09:15:51 2025-08-07T16:15:51.651Z daemon INFO time="2025-08-07T09:15:51-07:00" level=info msg="Loaded tool" tool="arduino:dfu-util@0.11.0-arduino5"
time="2025-08-07T09:15:51-07:00" level=info msg="Loading package builtin from: /home/aaron/.arduino15/packages/builtin"
2025-08-07 09:15:51 2025-08-07T16:15:51.651Z daemon INFO time="2025-08-07T09:15:51-07:00" level=info msg="Checking existence of 'tools' path: /home/aaron/.arduino15/packages/builtin/tools"
time="2025-08-07T09:15:51-07:00" level=info msg="Loading tools from dir: /home/aaron/.arduino15/packages/builtin/tools"
2025-08-07 09:15:51 2025-08-07T16:15:51.651Z daemon INFO time="2025-08-07T09:15:51-07:00" level=info msg="Loaded tool" tool="builtin:ctags@5.8-arduino11"
time="2025-08-07T09:15:51-07:00" level=info msg="Loaded tool" tool="builtin:dfu-discovery@0.1.2"
2025-08-07 09:15:51 2025-08-07T16:15:51.651Z daemon INFO time="2025-08-07T09:15:51-07:00" level=info msg="Loaded tool" tool="builtin:mdns-discovery@1.0.9"
2025-08-07 09:15:51 2025-08-07T16:15:51.651Z daemon INFO time="2025-08-07T09:15:51-07:00" level=info msg="Loaded tool" tool="builtin:serial-discovery@1.4.1"
time="2025-08-07T09:15:51-07:00" level=info msg="Loaded tool" tool="builtin:serial-monitor@0.15.0"
2025-08-07 09:15:51 2025-08-07T16:15:51.651Z daemon INFO time="2025-08-07T09:15:51-07:00" level=info msg="Loading package esp32 from: /home/aaron/.arduino15/packages/esp32/hardware"
2025-08-07 09:15:51 2025-08-07T16:15:51.653Z daemon INFO time="2025-08-07T09:15:51-07:00" level=info msg="Missing signature file" index=/home/aaron/.arduino15/packages/esp32/hardware/esp32/3.3.0/installed.json
2025-08-07 09:15:51 2025-08-07T16:15:51.689Z daemon INFO time="2025-08-07T09:15:51-07:00" level=info msg="Resolving include TinyGPSPlus.h for arch esp32"
time="2025-08-07T09:15:51-07:00" level=info msg="  found better lib" lib=TinyGPSPlus-ESP32 prio=521
time="2025-08-07T09:15:51-07:00" level=info msg="  discarded" lib=TinyGPSPlusPlus prio=517
2025-08-07 09:15:51 2025-08-07T16:15:51.801Z daemon INFO time="2025-08-07T09:15:51-07:00" level=info msg="Adding monitor tool" protocol=serial tool="builtin:serial-monitor"
time="2025-08-07T09:15:51-07:00" level=info msg="Loaded platform" platform="esp32:esp32@3.3.0"
time="2025-08-07T09:15:51-07:00" level=info msg="Checking existence of 'tools' path: /home/aaron/.arduino15/packages/esp32/tools"
time="2025-08-07T09:15:51-07:00" level=info msg="Loading tools from dir: /home/aaron/.arduino15/packages/esp32/tools"
2025-08-07 09:15:51 2025-08-07T16:15:51.801Z daemon INFO time="2025-08-07T09:15:51-07:00" level=info msg="Loaded tool" tool="esp32:esp-rv32@2411"
time="2025-08-07T09:15:51-07:00" level=info msg="Loaded tool" tool="esp32:esp-x32@2411"
time="2025-08-07T09:15:51-07:00" level=info msg="Loaded tool" tool="esp32:esp32-arduino-libs@idf-release_v5.5-b66b5448-v1"
time="2025-08-07T09:15:51-07:00" level=info msg="Loaded tool" tool="esp32:esptool_py@5.0.0"
time="2025-08-07T09:15:51-07:00" level=info msg="Loaded tool" tool="esp32:mklittlefs@3.0.0-gnu12-dc7f933"
time="2025-08-07T09:15:51-07:00" level=info msg="Loaded tool" tool="esp32:mkspiffs@0.2.3"
time="2025-08-07T09:15:51-07:00" level=info msg="Loaded tool" tool="esp32:openocd-esp32@v0.12.0-esp32-20250422"
2025-08-07 09:15:51 2025-08-07T16:15:51.801Z daemon INFO time="2025-08-07T09:15:51-07:00" level=info msg="Loaded tool" tool="esp32:riscv32-esp-elf-gdb@16.2_20250324"
time="2025-08-07T09:15:51-07:00" level=info msg="Loaded tool" tool="esp32:xtensa-esp-elf-gdb@16.2_20250324"
2025-08-07 09:15:51 2025-08-07T16:15:51.806Z daemon INFO time="2025-08-07T09:15:51-07:00" level=info msg="Discovery event channel closed builtin:serial-discovery. Exiting goroutine."
2025-08-07 09:15:51 2025-08-07T16:15:51.807Z discovery-log INFO {"eventType":"remove","port":{"matchingBoardsList":[],"port":{"address":"/dev/ttyS0","label":"/dev/ttyS0","protocol":"serial","protocolLabel":"Serial Port","propertiesMap":[],"hardwareId":""}},"error":""}
2025-08-07 09:15:51 2025-08-07T16:15:51.807Z daemon INFO time="2025-08-07T09:15:51-07:00" level=info msg="Closed and removed discovery builtin:serial-discovery"
time="2025-08-07T09:15:51-07:00" level=error msg="Stopped decode loop: EOF" discovery="builtin:serial-discovery"
time="2025-08-07T09:15:51-07:00" level=info msg="Discovery event channel closed builtin:mdns-discovery. Exiting goroutine."
2025-08-07 09:15:51 2025-08-07T16:15:51.808Z daemon INFO time="2025-08-07T09:15:51-07:00" level=info msg="Closed and removed discovery builtin:mdns-discovery"
2025-08-07 09:15:51 2025-08-07T16:15:51.808Z daemon INFO time="2025-08-07T09:15:51-07:00" level=error msg="Stopped decode loop: EOF" discovery="builtin:mdns-discovery"
2025-08-07 09:15:51 2025-08-07T16:15:51.813Z discovery-log INFO {"eventType":"add","port":{"matchingBoardsList":[],"port":{"address":"/dev/ttyS0","label":"/dev/ttyS0","protocol":"serial","protocolLabel":"Serial Port","propertiesMap":[],"hardwareId":""}},"error":""}
2025-08-07 09:15:51 2025-08-07T16:15:51.817Z daemon INFO time="2025-08-07T09:15:51-07:00" level=info msg="Adding libraries dir" dir=/home/aaron/.arduino15/packages/esp32/hardware/esp32/3.3.0/libraries isSingleLibrary=false location=platform
2025-08-07 09:15:51 2025-08-07T16:15:51.818Z daemon INFO time="2025-08-07T09:15:51-07:00" level=info msg="Adding libraries dir" dir=/home/aaron/.arduino15/packages/arduino/hardware/avr/1.8.6/libraries isSingleLibrary=false location=platform
2025-08-07 09:15:51 2025-08-07T16:15:51.818Z daemon INFO time="2025-08-07T09:15:51-07:00" level=info msg="Loading libraries index file" index=/home/aaron/.arduino15/library_index.json
2025-08-07 09:15:52 2025-08-07T16:15:52.205Z daemon INFO time="2025-08-07T09:15:52-07:00" level=info msg="Adding libraries dir" dir=/home/aaron/.arduino15/libraries isSingleLibrary=false location=ide
time="2025-08-07T09:15:52-07:00" level=info msg="Adding libraries dir" dir=/home/aaron/Arduino/libraries isSingleLibrary=false location=user
2025-08-07 09:15:52 2025-08-07T16:15:52.392Z daemon INFO time="2025-08-07T09:15:52-07:00" level=info msg="Resolving include WiFi.h for arch esp32"
2025-08-07 09:15:52 2025-08-07T16:15:52.392Z daemon INFO time="2025-08-07T09:15:52-07:00" level=info msg="  found better lib" lib=WiFi prio=6B0
2025-08-07 09:15:53 2025-08-07T16:15:53.038Z daemon INFO time="2025-08-07T09:15:53-07:00" level=info msg="Resolving include Network.h for arch esp32"
time="2025-08-07T09:15:53-07:00" level=info msg="  found better lib" lib=Networking prio=64C
2025-08-07 09:16:06 2025-08-07T16:16:06.753Z discovery-log INFO {"eventType":"add","port":{"matchingBoardsList":[{"name":"ESP32 Family Device","fqbn":"esp32:esp32:esp32_family","isHidden":true}],"port":{"address":"/dev/ttyACM0","label":"/dev/ttyACM0","protocol":"serial","protocolLabel":"Serial Port (USB)","propertiesMap":[["pid","0x1001"],["serialNumber","30:ED:A0:AD:83:34"],["vid","0x303a"]],"hardwareId":"30:ED:A0:AD:83:34"}},"error":""}
2025-08-07 09:16:08 2025-08-07T16:16:08.550Z daemon INFO time="2025-08-07T09:16:08-07:00" level=info msg="Adding libraries dir" dir=/home/aaron/.arduino15/libraries isSingleLibrary=false location=ide
time="2025-08-07T09:16:08-07:00" level=info msg="Adding libraries dir" dir=/home/aaron/.arduino15/packages/esp32/hardware/esp32/3.3.0/libraries isSingleLibrary=false location=platform
time="2025-08-07T09:16:08-07:00" level=info msg="Adding libraries dir" dir=/home/aaron/Arduino/libraries isSingleLibrary=false location=user
2025-08-07 09:16:14 2025-08-07T16:16:14.409Z discovery-log INFO {"eventType":"remove","port":{"matchingBoardsList":[],"port":{"address":"/dev/ttyACM0","label":"","protocol":"serial","protocolLabel":"","propertiesMap":[],"hardwareId":""}},"error":""}
2025-08-07 09:16:15 2025-08-07T16:16:15.160Z discovery-log INFO {"eventType":"add","port":{"matchingBoardsList":[{"name":"ESP32 Family Device","fqbn":"esp32:esp32:esp32_family","isHidden":true}],"port":{"address":"/dev/ttyACM0","label":"/dev/ttyACM0","protocol":"serial","protocolLabel":"Serial Port (USB)","propertiesMap":[["pid","0x1001"],["serialNumber","30:ED:A0:AD:83:34"],["vid","0x303a"]],"hardwareId":"30:ED:A0:AD:83:34"}},"error":""}
2025-08-07 09:16:53 2025-08-07T16:16:53.959Z discovery-log INFO {"eventType":"remove","port":{"matchingBoardsList":[],"port":{"address":"/dev/ttyACM0","label":"","protocol":"serial","protocolLabel":"","propertiesMap":[],"hardwareId":""}},"error":""}
2025-08-07 09:16:57 isTempSketch: false. Input was /home/aaron/projects/esp32_ble/slave
2025-08-07 09:16:57 Marking workspace as a closed sketch. Workspace URI: file:///home/aaron/projects/esp32_ble/slave. Date: 1754583417338.
2025-08-07 09:16:57 isTempSketch: false. Input was /home/aaron/projects/esp32_ble/slave
2025-08-07 09:16:57 Marking workspace as a closed sketch. Workspace URI: file:///home/aaron/projects/esp32_ble/slave. Date: 1754583417344.
2025-08-07 09:16:57 Closing channel on service path '/services/electron-window'.
2025-08-07 09:16:57 Closing channel on service path '/services/ide-updater'.
2025-08-07 09:16:57 Storing the sketch as a workspace root: </home/aaron/projects/esp32_ble/slave>.
2025-08-07 09:16:57 Skipped storing sketch as workspace root. Already visited: </home/aaron/projects/esp32_ble/slave>.
2025-08-07 09:16:57 Stored workspaces roots: /home/aaron/projects/esp32_ble/slave
2025-08-07 09:16:57 No sketches were scheduled for deletion.
2025-08-07 09:16:57 2025-08-07T16:16:57.360Z root INFO socked closed
2025-08-07 09:16:57 2025-08-07T16:16:57.360Z root INFO closing connection for 1
2025-08-07 09:16:57 2025-08-07T16:16:57.360Z root INFO Closing channel on service path '/localization-server'.
2025-08-07 09:16:57 2025-08-07T16:16:57.360Z root INFO Closing channel on service path '/os'.
2025-08-07 09:16:57 2025-08-07T16:16:57.360Z root INFO Closing channel on service path '/services/commands'.
2025-08-07 09:16:57 2025-08-07T16:16:57.360Z root INFO Closing channel on service path '/services/keyboard'.
2025-08-07 09:16:57 2025-08-07T16:16:57.361Z root INFO Closing channel on service path '/services/logger'.
2025-08-07 09:16:57 2025-08-07T16:16:57.361Z root INFO Closing channel on service path '/services/messageService'.
2025-08-07 09:16:57 2025-08-07T16:16:57.361Z root INFO Closing channel on service path '/services/ChannelCloseService'.
2025-08-07 09:16:57 2025-08-07T16:16:57.361Z root INFO Closing channel on service path '/services/remote-filesystem'.
2025-08-07 09:16:57 2025-08-07T16:16:57.361Z root INFO Closing channel on service path '/services/envs'.
2025-08-07 09:16:57 2025-08-07T16:16:57.361Z root INFO Closing channel on service path '/services/authentication-service'.
2025-08-07 09:16:57 2025-08-07T16:16:57.361Z root INFO Closing channel on service path '/services/sketches-service'.
2025-08-07 09:16:57 2025-08-07T16:16:57.361Z root INFO Closing channel on service path '/services/config-service'.
2025-08-07 09:16:57 2025-08-07T16:16:57.361Z root INFO Closing channel on service path '/services/workspace'.
2025-08-07 09:16:57 2025-08-07T16:16:57.361Z root INFO Closing channel on service path '/services/notification-service'.
2025-08-07 09:16:57 2025-08-07T16:16:57.361Z root INFO Closing channel on service path '/services/arduino-daemon'.
2025-08-07 09:16:57 2025-08-07T16:16:57.361Z root INFO Closing channel on service path '/services/stopwatch'.
2025-08-07 09:16:57 2025-08-07T16:16:57.361Z root INFO Closing channel on service path '/services/application'.
2025-08-07 09:16:57 2025-08-07T16:16:57.361Z root INFO Closing channel on service path '/services/i18n'.
2025-08-07 09:16:57 2025-08-07T16:16:57.361Z root INFO Closing channel on service path '/services/quickInput'.
2025-08-07 09:16:57 2025-08-07T16:16:57.361Z root INFO Closing channel on service path '/services/debug'.
2025-08-07 09:16:57 2025-08-07T16:16:57.361Z root INFO Closing channel on service path '/services/shell-terminal'.
2025-08-07 09:16:57 2025-08-07T16:16:57.361Z root INFO Closing channel on service path '/services/quickPick'.
2025-08-07 09:16:57 2025-08-07T16:16:57.361Z root INFO Closing channel on service path '/services/task'.
2025-08-07 09:16:57 2025-08-07T16:16:57.361Z root INFO Closing channel on service path '/services/search'.
2025-08-07 09:16:57 2025-08-07T16:16:57.361Z root INFO Closing channel on service path '/services/hostedPlugin'.
2025-08-07 09:16:57 2025-08-07T16:16:57.361Z root INFO Closing channel on service path '/services/plugin-ext'.
2025-08-07 09:16:57 2025-08-07T16:16:57.361Z root INFO Closing channel on service path '/services/plugin-paths'.
2025-08-07 09:16:57 2025-08-07T16:16:57.361Z root INFO Closing channel on service path '/services/cli-preferences'.
2025-08-07 09:16:57 2025-08-07T16:16:57.361Z root INFO Closing channel on service path '/services/boards-service'.
2025-08-07 09:16:57 2025-08-07T16:16:57.361Z root INFO Closing channel on service path '/services/response-service'.
2025-08-07 09:16:57 2025-08-07T16:16:57.361Z root INFO Closing channel on service path '/services/file-system-ext'.
2025-08-07 09:16:57 2025-08-07T16:16:57.361Z root INFO Closing channel on service path '/services/core-service'.
2025-08-07 09:16:57 2025-08-07T16:16:57.361Z root INFO Closing channel on service path '/services/example-service'.
2025-08-07 09:16:57 2025-08-07T16:16:57.361Z root INFO Closing channel on service path '/services/library-service'.
2025-08-07 09:16:57 2025-08-07T16:16:57.361Z root INFO Closing channel on service path '/services/executable-service'.
2025-08-07 09:16:57 2025-08-07T16:16:57.361Z root INFO Closing channel on service path '/services/arduino-firmware-uploader'.
2025-08-07 09:16:57 2025-08-07T16:16:57.361Z root INFO Closing channel on service path '/services/formatter'.
2025-08-07 09:16:57 2025-08-07T16:16:57.361Z root INFO Closing channel on service path '/services/search-in-workspace'.
2025-08-07 09:16:57 2025-08-07T16:16:57.361Z root INFO Closing channel on service path '/services/request-service'.
2025-08-07 09:16:57 2025-08-07T16:16:57.361Z root INFO Closing channel on service path '/services/keyStore'.
2025-08-07 09:16:57 2025-08-07T16:16:57.361Z root INFO Closing channel on service path '/services/languagePackService'.
2025-08-07 15:32:25 Arduino IDE 2.3.6
2025-08-07 15:32:25 Checking for frontend application configuration customizations. Module path: /nix/store/2d5i1bzbqbnl4rgnhk8czrw5zmqqjdzv-arduino-ide-2.3.6-extracted/resources/app/lib/backend/electron-main.js, destination 'package.json': /nix/store/2d5i1bzbqbnl4rgnhk8czrw5zmqqjdzv-arduino-ide-2.3.6-extracted/resources/app/package.json
2025-08-07 15:32:25 Setting 'theia.frontend.config.appVersion' application configuration value to: "2.3.6" (type of string)
2025-08-07 15:32:25 Setting 'theia.frontend.config.cliVersion' application configuration value to: "1.2.0" (type of string)
2025-08-07 15:32:25 Setting 'theia.frontend.config.buildDate' application configuration value to: "2025-04-09T11:24:04.835Z" (type of string)
2025-08-07 15:32:25 Frontend application configuration after modifications: {"applicationName":"Arduino IDE","defaultTheme":{"light":"arduino-theme","dark":"arduino-theme-dark"},"defaultIconTheme":"none","electron":{"windowOptions":{},"showWindowEarly":true,"splashScreenOptions":{},"uriScheme":"arduino-ide"},"defaultLocale":"","validatePreferencesSchema":false,"reloadOnReconnect":true,"uriScheme":"theia","preferences":{"window.title":"${rootName}${activeEditorShort}${appName}","files.autoSave":"afterDelay","editor.minimap.enabled":false,"editor.tabSize":2,"editor.scrollBeyondLastLine":false,"editor.quickSuggestions":{"other":false,"comments":false,"strings":false},"editor.maxTokenizationLineLength":500,"editor.bracketPairColorization.enabled":false,"breadcrumbs.enabled":false,"workbench.tree.renderIndentGuides":"none","explorer.compactFolders":false},"appVersion":"2.3.6","cliVersion":"1.2.0","buildDate":"2025-04-09T11:24:04.835Z"}
2025-08-07 15:32:25 Starting backend process. PID: 18254
2025-08-07 15:32:25 Showing main window early
2025-08-07 15:32:26 Using browser-only version of superagent in non-browser environment
2025-08-07 15:32:26 Configuration directory URI: 'file:///home/aaron/.arduinoIDE'
2025-08-07 15:32:26 Configuring to accept webviews on '^.+\.webview\..+$' hostname.
2025-08-07 15:32:26 2025-08-07T22:32:26.576Z root INFO Backend u.initialize: 39.0 ms [Finished 0.704 s after backend start]
2025-08-07 15:32:26 2025-08-07T22:32:26.577Z root INFO Backend Object.initialize: 36.5 ms [Finished 0.704 s after backend start]
2025-08-07 15:32:26 2025-08-07T22:32:26.577Z root INFO Backend a.initialize: 1.5 ms [Finished 0.704 s after backend start]
2025-08-07 15:32:26 2025-08-07T22:32:26.577Z root INFO Backend a.initialize: 1.2 ms [Finished 0.704 s after backend start]
2025-08-07 15:32:26 2025-08-07T22:32:26.577Z root INFO Backend u.initialize: 1.5 ms [Finished 0.704 s after backend start]
2025-08-07 15:32:26 2025-08-07T22:32:26.579Z root INFO Backend l.initialize: 38.1 ms [Finished 0.705 s after backend start]
2025-08-07 15:32:26 2025-08-07T22:32:26.588Z root INFO configured all backend app contributions
2025-08-07 15:32:26 2025-08-07T22:32:26.588Z root INFO Backend l.onStart: 1.5 ms [Finished 0.717 s after backend start]
2025-08-07 15:32:26 2025-08-07T22:32:26.589Z root INFO Backend d.onStart: 0.1 ms [Finished 0.717 s after backend start]
2025-08-07 15:32:26 2025-08-07T22:32:26.589Z root INFO Backend a.onStart: 0.4 ms [Finished 0.718 s after backend start]
2025-08-07 15:32:26 2025-08-07T22:32:26.589Z config INFO >>> Initializing CLI configuration...
2025-08-07 15:32:26 2025-08-07T22:32:26.589Z root INFO Backend x.onStart: 0.4 ms [Finished 0.718 s after backend start]
2025-08-07 15:32:26 2025-08-07T22:32:26.589Z config INFO Loading CLI configuration from /home/aaron/.arduinoIDE/arduino-cli.yaml...
2025-08-07 15:32:26 2025-08-07T22:32:26.590Z daemon INFO Starting daemon from /nix/store/2d5i1bzbqbnl4rgnhk8czrw5zmqqjdzv-arduino-ide-2.3.6-extracted/resources/app/lib/backend/resources/arduino-cli...
2025-08-07 15:32:26 2025-08-07T22:32:26.590Z root INFO Backend w.onStart: 0.4 ms [Finished 0.719 s after backend start]
2025-08-07 15:32:26 2025-08-07T22:32:26.590Z discovery-log INFO start
2025-08-07 15:32:26 2025-08-07T22:32:26.590Z discovery-log INFO start new deferred
2025-08-07 15:32:26 2025-08-07T22:32:26.590Z root INFO Backend v.onStart: 0.2 ms [Finished 0.719 s after backend start]
2025-08-07 15:32:26 2025-08-07T22:32:26.590Z root INFO Backend a.onStart: 0.1 ms [Finished 0.719 s after backend start]
2025-08-07 15:32:26 2025-08-07T22:32:26.594Z root INFO Theia app listening on http://127.0.0.1:44975.
2025-08-07 15:32:26 2025-08-07T22:32:26.594Z root INFO Finished starting backend application: 4.1 ms [Finished 0.723 s after backend start]
2025-08-07 15:32:26 Error: node-loader:
Error: libxkbfile.so.1: cannot open shared object file: No such file or directory
    at 95585 (/nix/store/2d5i1bzbqbnl4rgnhk8czrw5zmqqjdzv-arduino-ide-2.3.6-extracted/resources/app/lib/backend/electron-main.js:8:1529780)
    at __webpack_require__ (/nix/store/2d5i1bzbqbnl4rgnhk8czrw5zmqqjdzv-arduino-ide-2.3.6-extracted/resources/app/lib/backend/electron-main.js:8:1985382)
    at o._init (/nix/store/2d5i1bzbqbnl4rgnhk8czrw5zmqqjdzv-arduino-ide-2.3.6-extracted/resources/app/lib/backend/electron-main.js:5:1319254)
    at o.onDidChangeKeyboardLayout (/nix/store/2d5i1bzbqbnl4rgnhk8czrw5zmqqjdzv-arduino-ide-2.3.6-extracted/resources/app/lib/backend/electron-main.js:5:1319604)
    at t.onDidChangeKeyboardLayout (/nix/store/2d5i1bzbqbnl4rgnhk8czrw5zmqqjdzv-arduino-ide-2.3.6-extracted/resources/app/lib/backend/electron-main.js:5:1319982)
    at a.onStart (/nix/store/2d5i1bzbqbnl4rgnhk8czrw5zmqqjdzv-arduino-ide-2.3.6-extracted/resources/app/lib/backend/electron-main.js:2:205197)
    at A.startContributions (/nix/store/2d5i1bzbqbnl4rgnhk8czrw5zmqqjdzv-arduino-ide-2.3.6-extracted/resources/app/lib/backend/electron-main.js:8:1599586)
    at Object.handler (/nix/store/2d5i1bzbqbnl4rgnhk8czrw5zmqqjdzv-arduino-ide-2.3.6-extracted/resources/app/lib/backend/electron-main.js:2:1217714)
    at process.processTicksAndRejections (node:internal/process/task_queues:95:5)
2025-08-07 15:32:26 Restoring workspace roots: /home/aaron/projects/esp32_ble/slave
2025-08-07 15:32:26 2025-08-07T22:32:26.595Z root WARN The local plugin referenced by local-dir:/home/aaron/.arduinoIDE/plugins does not exist.
2025-08-07 15:32:26 2025-08-07T22:32:26.595Z root WARN The local plugin referenced by local-dir:/home/aaron/.arduinoIDE/deployedPlugins does not exist.
2025-08-07 15:32:26 2025-08-07T22:32:26.599Z config INFO Loaded CLI configuration: {"board_manager":{"additional_urls":["https://raw.githubusercontent.com/espressif/arduino-esp32/gh-pages/package_esp32_index.json"]},"directories":{"builtin":{"libraries":"/home/aaron/.arduino15/libraries"},"data":"/home/aaron/.arduino15","user":"/home/aaron/Arduino"},"locale":"en"}
2025-08-07 15:32:26 2025-08-07T22:32:26.599Z config INFO 'directories.data' and 'directories.user' are set in the CLI configuration model.
2025-08-07 15:32:26 2025-08-07T22:32:26.599Z config INFO Loaded the CLI configuration.
2025-08-07 15:32:26 2025-08-07T22:32:26.608Z config INFO Mapped the CLI configuration: {"dataDirUri":"file:///home/aaron/.arduino15","sketchDirUri":"file:///home/aaron/Arduino","additionalUrls":["https://raw.githubusercontent.com/espressif/arduino-esp32/gh-pages/package_esp32_index.json"],"network":"none","locale":"en"}
2025-08-07 15:32:26 2025-08-07T22:32:26.608Z config INFO Validating the CLI configuration...
2025-08-07 15:32:26 2025-08-07T22:32:26.609Z config INFO The CLI config is valid.
2025-08-07 15:32:26 2025-08-07T22:32:26.609Z config INFO <<< Initialized the CLI configuration.
2025-08-07 15:32:26 isTempSketch: false. Input was /home/aaron/projects/esp32_ble/slave/slave.ino
2025-08-07 15:32:26 2025-08-07T22:32:26.628Z daemon INFO time="2025-08-07T15:32:26-07:00" level=info msg="arduino-cli version 1.2.0"
time="2025-08-07T15:32:26-07:00" level=info msg="Using config file: /home/aaron/.arduinoIDE/arduino-cli.yaml"
time="2025-08-07T15:32:26-07:00" level=info msg="Executing `arduino-cli daemon`"
Daemon is now listening on 127.0.0.1:41365
{"IP":"127.0.0.1","Port":"41365"}
2025-08-07 15:32:26 2025-08-07T22:32:26.628Z daemon INFO Daemon is running.
2025-08-07 15:32:26 2025-08-07T22:32:26.657Z root INFO Resolve plugins list: 65.3 ms [Finished 0.786 s after backend start]
2025-08-07 15:32:26 2025-08-07T22:32:26.684Z daemon INFO time="2025-08-07T15:32:26-07:00" level=info msg="Checking signature" index=/home/aaron/.arduino15/package_index.json signatureFile=/home/aaron/.arduino15/package_index.json.sig trusted=true
2025-08-07 15:32:26 2025-08-07T22:32:26.689Z daemon INFO time="2025-08-07T15:32:26-07:00" level=info msg="Missing signature file" index=/home/aaron/.arduino15/package_esp32_index.json
2025-08-07 15:32:26 2025-08-07T22:32:26.689Z daemon INFO time="2025-08-07T15:32:26-07:00" level=info msg="Loading hardware from: /home/aaron/.arduino15/packages"
2025-08-07 15:32:26 2025-08-07T22:32:26.689Z daemon INFO time="2025-08-07T15:32:26-07:00" level=info msg="Loading package arduino from: /home/aaron/.arduino15/packages/arduino/hardware"
2025-08-07 15:32:26 2025-08-07T22:32:26.691Z daemon INFO time="2025-08-07T15:32:26-07:00" level=info msg="Missing signature file" index=/home/aaron/.arduino15/packages/arduino/hardware/avr/1.8.6/installed.json
2025-08-07 15:32:26 2025-08-07T22:32:26.694Z daemon INFO time="2025-08-07T15:32:26-07:00" level=info msg="Adding monitor tool" protocol=serial tool="builtin:serial-monitor"
time="2025-08-07T15:32:26-07:00" level=info msg="Loaded platform" platform="arduino:avr@1.8.6"
2025-08-07 15:32:26 2025-08-07T22:32:26.694Z daemon INFO time="2025-08-07T15:32:26-07:00" level=info msg="Checking existence of 'tools' path: /home/aaron/.arduino15/packages/arduino/tools"
time="2025-08-07T15:32:26-07:00" level=info msg="Loading tools from dir: /home/aaron/.arduino15/packages/arduino/tools"
time="2025-08-07T15:32:26-07:00" level=info msg="Loaded tool" tool="arduino:arduinoOTA@1.3.0"
2025-08-07 15:32:26 2025-08-07T22:32:26.694Z daemon INFO time="2025-08-07T15:32:26-07:00" level=info msg="Loaded tool" tool="arduino:avr-gcc@7.3.0-atmel3.6.1-arduino7"
time="2025-08-07T15:32:26-07:00" level=info msg="Loaded tool" tool="arduino:avrdude@6.3.0-arduino17"
2025-08-07 15:32:26 2025-08-07T22:32:26.694Z daemon INFO time="2025-08-07T15:32:26-07:00" level=info msg="Loaded tool" tool="arduino:dfu-util@0.11.0-arduino5"
time="2025-08-07T15:32:26-07:00" level=info msg="Loading package builtin from: /home/aaron/.arduino15/packages/builtin"
2025-08-07 15:32:26 2025-08-07T22:32:26.694Z daemon INFO time="2025-08-07T15:32:26-07:00" level=info msg="Checking existence of 'tools' path: /home/aaron/.arduino15/packages/builtin/tools"
time="2025-08-07T15:32:26-07:00" level=info msg="Loading tools from dir: /home/aaron/.arduino15/packages/builtin/tools"
2025-08-07 15:32:26 2025-08-07T22:32:26.694Z daemon INFO time="2025-08-07T15:32:26-07:00" level=info msg="Loaded tool" tool="builtin:ctags@5.8-arduino11"
2025-08-07 15:32:26 2025-08-07T22:32:26.694Z daemon INFO time="2025-08-07T15:32:26-07:00" level=info msg="Loaded tool" tool="builtin:dfu-discovery@0.1.2"
time="2025-08-07T15:32:26-07:00" level=info msg="Loaded tool" tool="builtin:mdns-discovery@1.0.9"
2025-08-07 15:32:26 2025-08-07T22:32:26.694Z daemon INFO time="2025-08-07T15:32:26-07:00" level=info msg="Loaded tool" tool="builtin:serial-discovery@1.4.1"
2025-08-07 15:32:26 2025-08-07T22:32:26.694Z daemon INFO time="2025-08-07T15:32:26-07:00" level=info msg="Loaded tool" tool="builtin:serial-monitor@0.15.0"
time="2025-08-07T15:32:26-07:00" level=info msg="Loading package esp32 from: /home/aaron/.arduino15/packages/esp32/hardware"
2025-08-07 15:32:26 2025-08-07T22:32:26.696Z daemon INFO time="2025-08-07T15:32:26-07:00" level=info msg="Missing signature file" index=/home/aaron/.arduino15/packages/esp32/hardware/esp32/3.3.0/installed.json
2025-08-07 15:32:26 2025-08-07T22:32:26.896Z daemon INFO time="2025-08-07T15:32:26-07:00" level=info msg="Adding monitor tool" protocol=serial tool="builtin:serial-monitor"
time="2025-08-07T15:32:26-07:00" level=info msg="Loaded platform" platform="esp32:esp32@3.3.0"
time="2025-08-07T15:32:26-07:00" level=info msg="Checking existence of 'tools' path: /home/aaron/.arduino15/packages/esp32/tools"
time="2025-08-07T15:32:26-07:00" level=info msg="Loading tools from dir: /home/aaron/.arduino15/packages/esp32/tools"
time="2025-08-07T15:32:26-07:00" level=info msg="Loaded tool" tool="esp32:esp-rv32@2411"
time="2025-08-07T15:32:26-07:00" level=info msg="Loaded tool" tool="esp32:esp-x32@2411"
time="2025-08-07T15:32:26-07:00" level=info msg="Loaded tool" tool="esp32:esp32-arduino-libs@idf-release_v5.5-b66b5448-v1"
time="2025-08-07T15:32:26-07:00" level=info msg="Loaded tool" tool="esp32:esptool_py@5.0.0"
time="2025-08-07T15:32:26-07:00" level=info msg="Loaded tool" tool="esp32:mklittlefs@3.0.0-gnu12-dc7f933"
time="2025-08-07T15:32:26-07:00" level=info msg="Loaded tool" tool="esp32:mkspiffs@0.2.3"
time="2025-08-07T15:32:26-07:00" level=info msg="Loaded tool" tool="esp32:openocd-esp32@v0.12.0-esp32-20250422"
time="2025-08-07T15:32:26-07:00" level=info msg="Loaded tool" tool="esp32:riscv32-esp-elf-gdb@16.2_20250324"
time="2025-08-07T15:32:26-07:00" level=info msg="Loaded tool" tool="esp32:xtensa-esp-elf-gdb@16.2_20250324"
time="2025-08-07T15:32:26-07:00" level=info msg="Adding libraries dir" dir=/home/aaron/.arduino15/packages/esp32/hardware/esp32/3.3.0/libraries isSingleLibrary=false location=platform
time="2025-08-07T15:32:26-07:00" level=info msg="Adding libraries dir" dir=/home/aaron/.arduino15/packages/arduino/hardware/avr/1.8.6/libraries isSingleLibrary=false location=platform
time="2025-08-07T15:32:26-07:00" level=info msg="Loading libraries index file" index=/home/aaron/.arduino15/library_index.json
2025-08-07 15:32:27 2025-08-07T22:32:27.103Z root INFO Deploy plugins list: 512.3 ms [Finished 1.233 s after backend start]
2025-08-07 15:32:27 2025-08-07T22:32:27.230Z daemon INFO time="2025-08-07T15:32:27-07:00" level=info msg="Adding libraries dir" dir=/home/aaron/.arduino15/libraries isSingleLibrary=false location=ide
time="2025-08-07T15:32:27-07:00" level=info msg="Adding libraries dir" dir=/home/aaron/Arduino/libraries isSingleLibrary=false location=user
2025-08-07 15:32:27 2025-08-07T22:32:27.276Z discovery-log INFO start resolved watching
2025-08-07 15:32:27 2025-08-07T22:32:27.286Z discovery-log INFO {"eventType":"add","port":{"matchingBoardsList":[],"port":{"address":"/dev/ttyS0","label":"/dev/ttyS0","protocol":"serial","protocolLabel":"Serial Port","propertiesMap":[],"hardwareId":""}},"error":""}
2025-08-07 15:32:27 2025-08-07T22:32:27.440Z root INFO creating connection for 1
2025-08-07 15:32:28 2025-08-07T22:32:28.467Z root ERROR Error: node-loader:
Error: libxkbfile.so.1: cannot open shared object file: No such file or directory
    at 95585 (/nix/store/2d5i1bzbqbnl4rgnhk8czrw5zmqqjdzv-arduino-ide-2.3.6-extracted/resources/app/lib/backend/main.js:2:6468723)
    at __webpack_require__ (/nix/store/2d5i1bzbqbnl4rgnhk8czrw5zmqqjdzv-arduino-ide-2.3.6-extracted/resources/app/lib/backend/main.js:2:7034640)
    at r._init (/nix/store/2d5i1bzbqbnl4rgnhk8czrw5zmqqjdzv-arduino-ide-2.3.6-extracted/resources/app/lib/backend/main.js:2:4537535)
    at r.getCurrentKeyboardLayout (/nix/store/2d5i1bzbqbnl4rgnhk8czrw5zmqqjdzv-arduino-ide-2.3.6-extracted/resources/app/lib/backend/main.js:2:4537734)
    at t.getCurrentKeyboardLayout (/nix/store/2d5i1bzbqbnl4rgnhk8czrw5zmqqjdzv-arduino-ide-2.3.6-extracted/resources/app/lib/backend/main.js:2:4538141)
    at s.getNativeLayoutSync (/nix/store/2d5i1bzbqbnl4rgnhk8czrw5zmqqjdzv-arduino-ide-2.3.6-extracted/resources/app/lib/backend/main.js:2:1830040)
    at s.getNativeLayout (/nix/store/2d5i1bzbqbnl4rgnhk8czrw5zmqqjdzv-arduino-ide-2.3.6-extracted/resources/app/lib/backend/main.js:2:1829981)
    at u.onRequest (/nix/store/2d5i1bzbqbnl4rgnhk8czrw5zmqqjdzv-arduino-ide-2.3.6-extracted/resources/app/lib/backend/main.js:2:4942964)
    at c.requestHandler (/nix/store/2d5i1bzbqbnl4rgnhk8czrw5zmqqjdzv-arduino-ide-2.3.6-extracted/resources/app/lib/backend/main.js:2:4942783)
    at c.handleRequest (/nix/store/2d5i1bzbqbnl4rgnhk8czrw5zmqqjdzv-arduino-ide-2.3.6-extracted/resources/app/lib/backend/main.js:2:524486)
2025-08-07 15:32:28 2025-08-07T22:32:28.467Z root ERROR TypeError: Cannot read properties of null (reading 'getKeyMap')
    at r.getKeyMap (/nix/store/2d5i1bzbqbnl4rgnhk8czrw5zmqqjdzv-arduino-ide-2.3.6-extracted/resources/app/lib/backend/main.js:2:4537620)
    at t.getKeyMap (/nix/store/2d5i1bzbqbnl4rgnhk8czrw5zmqqjdzv-arduino-ide-2.3.6-extracted/resources/app/lib/backend/main.js:2:4538201)
    at s.getNativeLayoutSync (/nix/store/2d5i1bzbqbnl4rgnhk8czrw5zmqqjdzv-arduino-ide-2.3.6-extracted/resources/app/lib/backend/main.js:2:1830077)
    at s.getNativeLayout (/nix/store/2d5i1bzbqbnl4rgnhk8czrw5zmqqjdzv-arduino-ide-2.3.6-extracted/resources/app/lib/backend/main.js:2:1829981)
    at u.onRequest (/nix/store/2d5i1bzbqbnl4rgnhk8czrw5zmqqjdzv-arduino-ide-2.3.6-extracted/resources/app/lib/backend/main.js:2:4942964)
    at c.requestHandler (/nix/store/2d5i1bzbqbnl4rgnhk8czrw5zmqqjdzv-arduino-ide-2.3.6-extracted/resources/app/lib/backend/main.js:2:4942783)
    at c.handleRequest (/nix/store/2d5i1bzbqbnl4rgnhk8czrw5zmqqjdzv-arduino-ide-2.3.6-extracted/resources/app/lib/backend/main.js:2:524486)
    at c.handleMessage (/nix/store/2d5i1bzbqbnl4rgnhk8czrw5zmqqjdzv-arduino-ide-2.3.6-extracted/resources/app/lib/backend/main.js:2:522388)
    at /nix/store/2d5i1bzbqbnl4rgnhk8czrw5zmqqjdzv-arduino-ide-2.3.6-extracted/resources/app/lib/backend/main.js:2:522022
    at /nix/store/2d5i1bzbqbnl4rgnhk8czrw5zmqqjdzv-arduino-ide-2.3.6-extracted/resources/app/lib/backend/main.js:2:6419737
2025-08-07 15:32:28 2025-08-07T22:32:28.468Z root WARN A command editor.action.toggleStickyScroll is already registered.
2025-08-07 15:32:28 2025-08-07T22:32:28.501Z sketches-service WARN Warning! The request sketch path was different than the response sketch path from the CLI. This could be a potential bug. Request: </home/aaron/projects/esp32_ble/slave/slave.ino>, response: </home/aaron/projects/esp32_ble/slave>.
2025-08-07 15:32:28 Opening channel for service path '/services/electron-window'.
2025-08-07 15:32:28 Opening channel for service path '/services/ide-updater'.
2025-08-07 15:32:28 2025-08-07T22:32:28.599Z root INFO Start frontend contributions: 306.1 ms [Finished 1.963 s after frontend start]
2025-08-07 15:32:28 2025-08-07T22:32:28.599Z root INFO Changed application state from 'init' to 'started_contributions'.
2025-08-07 15:32:28 2025-08-07T22:32:28.608Z root INFO Changed application state from 'started_contributions' to 'attached_shell'.
2025-08-07 15:32:28 2025-08-07T22:32:28.608Z root INFO >>> Restoring the layout state...
2025-08-07 15:32:28 2025-08-07T22:32:28.690Z root INFO [32a1888e-8de9-43be-85d7-5d86e3d4b3a8] Waiting for backend deployment: 107.5 ms [Finished 2.065 s after frontend start]
2025-08-07 15:32:29 2025-08-07T22:32:29.339Z root INFO [hosted-plugin: 18461] PLUGIN_HOST(18461) starting instance
[Object: null prototype] {}
2025-08-07 15:32:30 2025-08-07T22:32:30.087Z root INFO [32a1888e-8de9-43be-85d7-5d86e3d4b3a8] Sync of 23 plugins: 1404.9 ms [Finished 3.470 s after frontend start]
2025-08-07 15:32:30 2025-08-07T22:32:30.116Z root INFO ------- SERIALIZED LAYOUT DATA -------
2025-08-07 15:32:30 2025-08-07T22:32:30.116Z root INFO {"version":5,"mainPanel":{"main":{"type":"tab-area","widgets":[{"constructionOptions":{"factoryId":"code-editor-opener","options":{"counter":0,"kind":"navigatable","uri":"file:///home/aaron/projects/esp32_ble/slave/slave.ino"}},"innerWidgetState":"{\"cursorState\":[{\"inSelectionMode\":false,\"selectionStart\":{\"lineNumber\":89,\"column\":1},\"position\":{\"lineNumber\":89,\"column\":1}}],\"viewState\":{\"scrollLeft\":0,\"firstPosition\":{\"lineNumber\":77,\"column\":1},\"firstPositionDeltaTop\":-14},\"contributionsState\":{\"editor.contrib.folding\":{\"lineCount\":103,\"provider\":\"indent\",\"foldedImports\":false},\"editor.contrib.wordHighlighter\":false}}"}],"currentIndex":0}},"mainPanelPinned":[false],"bottomPanel":{"config":{"main":{"type":"tab-area","widgets":[{"constructionOptions":{"factoryId":"outputView"},"innerWidgetState":"{\"locked\":false}"},{"constructionOptions":{"factoryId":"serial-monitor"}}],"currentIndex":1}},"pinned":[false,false],"size":386,"expanded":true},"leftPanel":{"type":"sidepanel","items":[{"widget":{"constructionOptions":{"factoryId":"arduino-sketchbook-widget"}},"rank":1,"expanded":false,"pinned":false},{"widget":{"constructionOptions":{"factoryId":"boards-list-widget"}},"rank":2,"expanded":true,"pinned":false},{"widget":{"constructionOptions":{"factoryId":"library-list-widget"}},"rank":3,"expanded":false,"pinned":false},{"widget":{"constructionOptions":{"factoryId":"debug"},"innerWidgetState":"{\"parts\":[{\"partId\":\"debug:threads:-1\",\"collapsed\":false,\"hidden\":false,\"relativeSize\":1.384,\"originalContainerId\":\"debug:view-container:-1\",\"originalContainerTitle\":{\"label\":\"debug\",\"iconClass\":\"codicon codicon-debug-alt\",\"closeable\":true},\"widget\":{\"constructionOptions\":{\"factoryId\":\"debug:threads\"},\"innerWidgetState\":\"{}\"}},{\"partId\":\"debug:frames:-1\",\"collapsed\":false,\"hidden\":false,\"relativeSize\":1.384,\"originalContainerId\":\"debug:view-container:-1\",\"originalContainerTitle\":{\"label\":\"debug\",\"iconClass\":\"codicon codicon-debug-alt\",\"closeable\":true},\"widget\":{\"constructionOptions\":{\"factoryId\":\"debug:frames\"},\"innerWidgetState\":\"{}\"}},{\"partId\":\"debug:variables:-1\",\"collapsed\":false,\"hidden\":false,\"relativeSize\":1.384,\"originalContainerId\":\"debug:view-container:-1\",\"originalContainerTitle\":{\"label\":\"debug\",\"iconClass\":\"codicon codicon-debug-alt\",\"closeable\":true},\"widget\":{\"constructionOptions\":{\"factoryId\":\"debug:variables\"},\"innerWidgetState\":\"{}\"}},{\"partId\":\"debug:watch:-1\",\"collapsed\":false,\"hidden\":false,\"relativeSize\":1.384,\"originalContainerId\":\"debug:view-container:-1\",\"originalContainerTitle\":{\"label\":\"debug\",\"iconClass\":\"codicon codicon-debug-alt\",\"closeable\":true},\"widget\":{\"constructionOptions\":{\"factoryId\":\"debug:watch\"},\"innerWidgetState\":\"{}\"}},{\"partId\":\"debug:breakpoints:-1\",\"collapsed\":false,\"hidden\":false,\"relativeSize\":1.384,\"originalContainerId\":\"debug:view-container:-1\",\"originalContainerTitle\":{\"label\":\"debug\",\"iconClass\":\"codicon codicon-debug-alt\",\"closeable\":true},\"widget\":{\"constructionOptions\":{\"factoryId\":\"debug:breakpoints\"},\"innerWidgetState\":\"{}\"}},{\"partId\":\"plugin-view:cortex-debug.peripherals\",\"collapsed\":true,\"hidden\":true,\"originalContainerId\":\"debug:view-container:-1\",\"originalContainerTitle\":{\"label\":\"debug\",\"iconClass\":\"codicon codicon-debug-alt\",\"closeable\":true},\"widget\":{\"constructionOptions\":{\"factoryId\":\"plugin-view\",\"options\":{\"id\":\"plugin-view:cortex-debug.peripherals\",\"viewId\":\"cortex-debug.peripherals\"}},\"innerWidgetState\":\"{\\\"label\\\":\\\"Cortex Peripherals\\\",\\\"widgets\\\":[],\\\"suppressUpdateViewVisibility\\\":false,\\\"currentViewContainerId\\\":\\\"debug\\\"}\"}},{\"partId\":\"plugin-view:cortex-debug.registers\",\"collapsed\":true,\"hidden\":true,\"originalContainerId\":\"debug:view-container:-1\",\"originalContainerTitle\":{\"label\":\"debug\",\"iconClass\":\"codicon codicon-debug-alt\",\"closeable\":true},\"widget\":{\"constructionOptions\":{\"factoryId\":\"plugin-view\",\"options\":{\"id\":\"plugin-view:cortex-debug.registers\",\"viewId\":\"cortex-debug.registers\"}},\"innerWidgetState\":\"{\\\"label\\\":\\\"Cortex Registers\\\",\\\"widgets\\\":[],\\\"suppressUpdateViewVisibility\\\":false,\\\"currentViewContainerId\\\":\\\"debug\\\"}\"}}],\"title\":{\"label\":\"debug\",\"iconClass\":\"codicon codicon-debug-alt\",\"closeable\":true}}"},"rank":4,"expanded":false,"pinned":false},{"widget":{"constructionOptions":{"factoryId":"search-view-container"},"innerWidgetState":"{\"parts\":[{\"partId\":\"search-in-workspace\",\"collapsed\":false,\"hidden\":false,\"originalContainerId\":\"search-view-container\",\"originalContainerTitle\":{\"label\":\"Search\",\"iconClass\":\"codicon codicon-search\",\"closeable\":true},\"widget\":{\"constructionOptions\":{\"factoryId\":\"search-in-workspace\"},\"innerWidgetState\":\"{\\\"matchCaseState\\\":{\\\"className\\\":\\\"codicon codicon-case-sensitive\\\",\\\"enabled\\\":false,\\\"title\\\":\\\"Match Case\\\"},\\\"wholeWordState\\\":{\\\"className\\\":\\\"codicon codicon-whole-word\\\",\\\"enabled\\\":false,\\\"title\\\":\\\"Match Whole Word\\\"},\\\"regExpState\\\":{\\\"className\\\":\\\"codicon codicon-regex\\\",\\\"enabled\\\":false,\\\"title\\\":\\\"Use Regular Expression\\\"},\\\"includeIgnoredState\\\":{\\\"className\\\":\\\"codicon codicon-eye\\\",\\\"enabled\\\":false,\\\"title\\\":\\\"Include Ignored Files\\\"},\\\"showSearchDetails\\\":false,\\\"searchInWorkspaceOptions\\\":{\\\"matchCase\\\":false,\\\"matchWholeWord\\\":false,\\\"useRegExp\\\":false,\\\"multiline\\\":false,\\\"includeIgnored\\\":false,\\\"include\\\":[],\\\"exclude\\\":[],\\\"maxResults\\\":2000},\\\"searchTerm\\\":\\\"\\\",\\\"replaceTerm\\\":\\\"\\\",\\\"showReplaceField\\\":false,\\\"searchHistoryState\\\":{\\\"history\\\":[],\\\"index\\\":0},\\\"replaceHistoryState\\\":{\\\"history\\\":[],\\\"index\\\":0},\\\"includeHistoryState\\\":{\\\"history\\\":[],\\\"index\\\":0},\\\"excludeHistoryState\\\":{\\\"history\\\":[],\\\"index\\\":0}}\"}}],\"title\":{\"label\":\"Search\",\"iconClass\":\"fa fa-arduino-search\",\"closeable\":true}}"},"rank":5,"expanded":false,"pinned":false}],"size":268},"rightPanel":{"type":"sidepanel","items":[]},"activeWidgetId":"code-editor-opener:file:///home/aaron/projects/esp32_ble/slave/slave.ino:0"}
2025-08-07 15:32:30 2025-08-07T22:32:30.118Z root INFO ------- END SERIALIZED LAYOUT DATA -------
2025-08-07 15:32:30 2025-08-07T22:32:30.522Z root INFO <<< The layout has been successfully restored.
2025-08-07 15:32:30 2025-08-07T22:32:30.607Z root INFO Initialize the workbench layout: 1913.2 ms [Finished 3.903 s after frontend start]
2025-08-07 15:32:30 2025-08-07T22:32:30.607Z root INFO Changed application state from 'attached_shell' to 'initialized_layout'.
2025-08-07 15:32:30 2025-08-07T22:32:30.610Z root INFO [32a1888e-8de9-43be-85d7-5d86e3d4b3a8] Loading plugin contributions
2025-08-07 15:32:30 2025-08-07T22:32:30.610Z root INFO [32a1888e-8de9-43be-85d7-5d86e3d4b3a8] Load contributions of 23 plugins: 81.1 ms [Finished 3.986 s after frontend start]
2025-08-07 15:32:30 2025-08-07T22:32:30.666Z root WARN 'cpp' language is remapped from 'source.cpp.embedded.macro' to 'source.cpp' scope
2025-08-07 15:32:30 2025-08-07T22:32:30.666Z root WARN a registered grammar configuration for 'cpp' language is overridden
2025-08-07 15:32:30 2025-08-07T22:32:30.934Z root ERROR [hosted-plugin: 18461] Conflict in settings file Default: Ignoring cortex-debug.armToolchainPath.linux as cortex-debug.armToolchainPath is null
Conflict in settings file Default: Ignoring cortex-debug.armToolchainPath.osx as cortex-debug.armToolchainPath is null
2025-08-07 15:32:30 2025-08-07T22:32:30.935Z root ERROR [hosted-plugin: 18461] Conflict in settings file Default: Ignoring cortex-debug.armToolchainPath.windows as cortex-debug.armToolchainPath is null
Conflict in settings file Default: Ignoring cortex-debug.JLinkGDBServerPath.linux as cortex-debug.JLinkGDBServerPath is null
Conflict in settings file Default: Ignoring cortex-debug.JLinkGDBServerPath.osx as cortex-debug.JLinkGDBServerPath is null
Conflict in settings file Default: Ignoring cortex-debug.JLinkGDBServerPath.windows as cortex-debug.JLinkGDBServerPath is null
Conflict in settings file Default: Ignoring cortex-debug.openocdPath.linux as cortex-debug.openocdPath is null
Conflict in settings file Default: Ignoring cortex-debug.openocdPath.osx as cortex-debug.openocdPath is null
Conflict in settings file Default: Ignoring cortex-debug.openocdPath.windows as cortex-debug.openocdPath is null
Conflict in settings file Default: Ignoring cortex-debug.pyocdPath.linux as cortex-debug.pyocdPath is null
Conflict in settings file Default: Ignoring cortex-debug.pyocdPath.osx as cortex-debug.pyocdPath is null
Conflict in settings file Default: Ignoring cortex-debug.pyocdPath.windows as cortex-debug.pyocdPath is null
Conflict in settings file Default: Ignoring cortex-debug.PEGDBServerPath.linux as cortex-debug.PEGDBServerPath is null
2025-08-07 15:32:30 2025-08-07T22:32:30.935Z root ERROR [hosted-plugin: 18461] Conflict in settings file Default: Ignoring cortex-debug.PEGDBServerPath.osx as cortex-debug.PEGDBServerPath is null
Conflict in settings file Default: Ignoring cortex-debug.PEGDBServerPath.windows as cortex-debug.PEGDBServerPath is null
Conflict in settings file Default: Ignoring cortex-debug.stutilPath.linux as cortex-debug.stutilPath is null
Conflict in settings file Default: Ignoring cortex-debug.stutilPath.osx as cortex-debug.stutilPath is null
Conflict in settings file Default: Ignoring cortex-debug.stutilPath.windows as cortex-debug.stutilPath is null
Conflict in settings file Default: Ignoring cortex-debug.stlinkPath.linux as cortex-debug.stlinkPath is null
Conflict in settings file Default: Ignoring cortex-debug.stlinkPath.osx as cortex-debug.stlinkPath is null
Conflict in settings file Default: Ignoring cortex-debug.stlinkPath.windows as cortex-debug.stlinkPath is null
Conflict in settings file Default: Ignoring cortex-debug.stm32cubeprogrammer.linux as cortex-debug.stm32cubeprogrammer is null
Conflict in settings file Default: Ignoring cortex-debug.stm32cubeprogrammer.osx as cortex-debug.stm32cubeprogrammer is null
Conflict in settings file Default: Ignoring cortex-debug.stm32cubeprogrammer.windows as cortex-debug.stm32cubeprogrammer is null
2025-08-07 15:32:30 2025-08-07T22:32:30.946Z root INFO [hosted-plugin: 18461] PLUGIN_HOST(18461): PluginManagerExtImpl/init()
2025-08-07 15:32:30 2025-08-07T22:32:30.948Z root INFO [hosted-plugin: 18461] PLUGIN_HOST(18461): initializing(vscode-arduino-api@0.1.2 with /nix/store/2d5i1bzbqbnl4rgnhk8czrw5zmqqjdzv-arduino-ide-2.3.6-extracted/resources/app/lib/backend/plugin-vscode-init)
2025-08-07 15:32:31 2025-08-07T22:32:31.059Z root INFO [hosted-plugin: 18461] PLUGIN_HOST(18461): initializing(json-language-features@1.88.1 with /nix/store/2d5i1bzbqbnl4rgnhk8czrw5zmqqjdzv-arduino-ide-2.3.6-extracted/resources/app/lib/backend/plugin-vscode-init)
PLUGIN_HOST(18461): initializing(cortex-debug@1.5.1 with /nix/store/2d5i1bzbqbnl4rgnhk8czrw5zmqqjdzv-arduino-ide-2.3.6-extracted/resources/app/lib/backend/plugin-vscode-init)
Debugger contribution has been registered: cortex-debug
PLUGIN_HOST(18461): initializing(vscode-arduino-tools@0.1.3 with /nix/store/2d5i1bzbqbnl4rgnhk8czrw5zmqqjdzv-arduino-ide-2.3.6-extracted/resources/app/lib/backend/plugin-vscode-init)
PLUGIN_HOST(18461): initializing(cpp@1.88.1 with /nix/store/2d5i1bzbqbnl4rgnhk8czrw5zmqqjdzv-arduino-ide-2.3.6-extracted/resources/app/lib/backend/plugin-vscode-init)
PLUGIN_HOST(18461): initializing(json@1.88.1 with /nix/store/2d5i1bzbqbnl4rgnhk8czrw5zmqqjdzv-arduino-ide-2.3.6-extracted/resources/app/lib/backend/plugin-vscode-init)
PLUGIN_HOST(18461): initializing(vscode-language-pack-bg@1.48.3 with /nix/store/2d5i1bzbqbnl4rgnhk8czrw5zmqqjdzv-arduino-ide-2.3.6-extracted/resources/app/lib/backend/plugin-vscode-init)
PLUGIN_HOST(18461): initializing(vscode-language-pack-cs@1.96.0 with /nix/store/2d5i1bzbqbnl4rgnhk8czrw5zmqqjdzv-arduino-ide-2.3.6-extracted/resources/app/lib/backend/plugin-vscode-init)
PLUGIN_HOST(18461): initializing(vscode-language-pack-de@1.96.0 with /nix/store/2d5i1bzbqbnl4rgnhk8czrw5zmqqjdzv-arduino-ide-2.3.6-extracted/resources/app/lib/backend/plugin-vscode-init)
PLUGIN_HOST(18461): initializing(vscode-language-pack-es@1.96.0 with /nix/store/2d5i1bzbqbnl4rgnhk8czrw5zmqqjdzv-arduino-ide-2.3.6-extracted/resources/app/lib/backend/plugin-vscode-init)
PLUGIN_HOST(18461): initializing(vscode-language-pack-fr@1.96.0 with /nix/store/2d5i1bzbqbnl4rgnhk8czrw5zmqqjdzv-arduino-ide-2.3.6-extracted/resources/app/lib/backend/plugin-vscode-init)
PLUGIN_HOST(18461): initializing(vscode-language-pack-hu@1.48.3 with /nix/store/2d5i1bzbqbnl4rgnhk8czrw5zmqqjdzv-arduino-ide-2.3.6-extracted/resources/app/lib/backend/plugin-vscode-init)
PLUGIN_HOST(18461): initializing(vscode-language-pack-it@1.96.0 with /nix/store/2d5i1bzbqbnl4rgnhk8czrw5zmqqjdzv-arduino-ide-2.3.6-extracted/resources/app/lib/backend/plugin-vscode-init)
PLUGIN_HOST(18461): initializing(vscode-language-pack-ja@1.96.0 with /nix/store/2d5i1bzbqbnl4rgnhk8czrw5zmqqjdzv-arduino-ide-2.3.6-extracted/resources/app/lib/backend/plugin-vscode-init)
PLUGIN_HOST(18461): initializing(vscode-language-pack-ko@1.96.0 with /nix/store/2d5i1bzbqbnl4rgnhk8czrw5zmqqjdzv-arduino-ide-2.3.6-extracted/resources/app/lib/backend/plugin-vscode-init)
PLUGIN_HOST(18461): initializing(vscode-language-pack-nl@1.48.3 with /nix/store/2d5i1bzbqbnl4rgnhk8czrw5zmqqjdzv-arduino-ide-2.3.6-extracted/resources/app/lib/backend/plugin-vscode-init)
PLUGIN_HOST(18461): initializing(vscode-language-pack-pl@1.96.0 with /nix/store/2d5i1bzbqbnl4rgnhk8czrw5zmqqjdzv-arduino-ide-2.3.6-extracted/resources/app/lib/backend/plugin-vscode-init)
PLUGIN_HOST(18461): initializing(vscode-language-pack-pt-BR@1.96.0 with /nix/store/2d5i1bzbqbnl4rgnhk8czrw5zmqqjdzv-arduino-ide-2.3.6-extracted/resources/app/lib/backend/plugin-vscode-init)
PLUGIN_HOST(18461): initializing(vscode-language-pack-ru@1.96.0 with /nix/store/2d5i1bzbqbnl4rgnhk8czrw5zmqqjdzv-arduino-ide-2.3.6-extracted/resources/app/lib/backend/plugin-vscode-init)
PLUGIN_HOST(18461): initializing(vscode-language-pack-tr@1.96.0 with /nix/store/2d5i1bzbqbnl4rgnhk8czrw5zmqqjdzv-arduino-ide-2.3.6-extracted/resources/app/lib/backend/plugin-vscode-init)
PLUGIN_HOST(18461): initializing(vscode-language-pack-uk@1.48.3 with /nix/store/2d5i1bzbqbnl4rgnhk8czrw5zmqqjdzv-arduino-ide-2.3.6-extracted/resources/app/lib/backend/plugin-vscode-init)
PLUGIN_HOST(18461): initializing(vscode-language-pack-zh-hans@1.96.0 with /nix/store/2d5i1bzbqbnl4rgnhk8czrw5zmqqjdzv-arduino-ide-2.3.6-extracted/resources/app/lib/backend/plugin-vscode-init)
PLUGIN_HOST(18461): initializing(vscode-language-pack-zh-hant@1.96.0 with /nix/store/2d5i1bzbqbnl4rgnhk8czrw5zmqqjdzv-arduino-ide-2.3.6-extracted/resources/app/lib/backend/plugin-vscode-init)
2025-08-07 15:32:31 2025-08-07T22:32:31.095Z root INFO [hosted-plugin: 18461] PLUGIN_HOST(18461): PluginManagerExtImpl/loadPlugin(/nix/store/2d5i1bzbqbnl4rgnhk8czrw5zmqqjdzv-arduino-ide-2.3.6-extracted/resources/app/plugins/vscode-builtin-json-language-features/extension/client/dist/node/jsonClientMain)
2025-08-07 15:32:31 2025-08-07T22:32:31.155Z root INFO [hosted-plugin: 18461] PLUGIN_HOST(18461): PluginManagerExtImpl/loadPlugin(/nix/store/2d5i1bzbqbnl4rgnhk8czrw5zmqqjdzv-arduino-ide-2.3.6-extracted/resources/app/plugins/vscode-arduino-tools/extension/dist/extension.js)
2025-08-07 15:32:31 2025-08-07T22:32:31.183Z root INFO [hosted-plugin: 18461] PLUGIN_HOST(18461): PluginManagerExtImpl/loadPlugin(/nix/store/2d5i1bzbqbnl4rgnhk8czrw5zmqqjdzv-arduino-ide-2.3.6-extracted/resources/app/plugins/vscode-arduino-api/extension/dist/extension.js)
2025-08-07 15:32:31 2025-08-07T22:32:31.186Z root INFO [hosted-plugin: 18461] calling activation function on VS Code Arduino Tools
calling activation function on Arduino IDE API for VS Code extensions
2025-08-07 15:32:31 2025-08-07T22:32:31.205Z root INFO [32a1888e-8de9-43be-85d7-5d86e3d4b3a8] Starting plugins.
2025-08-07 15:32:31 2025-08-07T22:32:31.230Z root INFO [hosted-plugin: 18461] PLUGIN_HOST(18461): PluginManagerExtImpl/loadPlugin(/nix/store/2d5i1bzbqbnl4rgnhk8czrw5zmqqjdzv-arduino-ide-2.3.6-extracted/resources/app/plugins/cortex-debug/extension/dist/extension.js)
2025-08-07 15:32:31 2025-08-07T22:32:31.266Z root INFO [hosted-plugin: 18461] Debug configuration provider has been registered: cortex-debug, trigger: 1
2025-08-07 15:32:31 2025-08-07T22:32:31.266Z root INFO [hosted-plugin: 18461] calling activation function on Cortex-Debug
2025-08-07 15:32:31 2025-08-07T22:32:31.268Z root INFO [hosted-plugin: 18461] GDB server console created
2025-08-07 15:32:31 2025-08-07T22:32:31.274Z root INFO [32a1888e-8de9-43be-85d7-5d86e3d4b3a8] Start of 23 plugins: 666.6 ms [Finished 4.657 s after frontend start]
2025-08-07 15:32:31 2025-08-07T22:32:31.432Z root INFO [hosted-plugin: 18461] calling activation function on JSON Language Features (built-in)
2025-08-07 15:32:31 2025-08-07T22:32:31.689Z root INFO Frontend application start: 3271.7 ms [Finished 5.817 s after backend start]
2025-08-07 15:32:31 Checking for update
2025-08-07 15:32:31 2025-08-07T22:32:31.738Z root INFO Replace loading indicator with ready workbench UI (animation): 849.0 ms [Finished 4.838 s after frontend start]
2025-08-07 15:32:31 2025-08-07T22:32:31.738Z root INFO Changed application state from 'initialized_layout' to 'ready'.
2025-08-07 15:32:31 2025-08-07T22:32:31.738Z root WARN Linked preference "workbench.colorCustomizations" not found.
2025-08-07 15:32:31 2025-08-07T22:32:31.809Z daemon INFO time="2025-08-07T15:32:31-07:00" level=info msg="Updating index" url="https://downloads.arduino.cc/packages/package_index.tar.bz2"
time="2025-08-07T15:32:31-07:00" level=info msg="Starting download" url="https://downloads.arduino.cc/libraries/library_index.tar.bz2"
time="2025-08-07T15:32:31-07:00" level=info msg="Starting download" url="https://downloads.arduino.cc/packages/package_index.tar.bz2"
2025-08-07 15:32:31 2025-08-07T22:32:31.812Z root INFO core-client-provider [library-index] Downloading index: library_index.tar.bz2

2025-08-07 15:32:31 2025-08-07T22:32:31.813Z root INFO core-client-provider [platform-index] Downloading index: package_index.tar.bz2

2025-08-07 15:32:31 2025-08-07T22:32:31.919Z daemon INFO time="2025-08-07T15:32:31-07:00" level=info msg="Tool required for debug" tool="arduino:dfu-util@0.11.0-arduino5"
time="2025-08-07T15:32:31-07:00" level=info msg="Tool required for debug" tool="esp32:esp-rv32@2411"
time="2025-08-07T15:32:31-07:00" level=info msg="Tool required for debug" tool="esp32:esp-x32@2411"
time="2025-08-07T15:32:31-07:00" level=info msg="Tool required for debug" tool="esp32:esp32-arduino-libs@idf-release_v5.5-b66b5448-v1"
time="2025-08-07T15:32:31-07:00" level=info msg="Tool required for debug" tool="esp32:esptool_py@5.0.0"
2025-08-07 15:32:31 2025-08-07T22:32:31.919Z daemon INFO time="2025-08-07T15:32:31-07:00" level=info msg="Tool required for debug" tool="esp32:mklittlefs@3.0.0-gnu12-dc7f933"
time="2025-08-07T15:32:31-07:00" level=info msg="Tool required for debug" tool="esp32:mkspiffs@0.2.3"
time="2025-08-07T15:32:31-07:00" level=info msg="Tool required for debug" tool="esp32:openocd-esp32@v0.12.0-esp32-20250422"
time="2025-08-07T15:32:31-07:00" level=info msg="Tool required for debug" tool="esp32:riscv32-esp-elf-gdb@16.2_20250324"
time="2025-08-07T15:32:31-07:00" level=info msg="Tool required for debug" tool="esp32:xtensa-esp-elf-gdb@16.2_20250324"
time="2025-08-07T15:32:31-07:00" level=info msg="Tool required for debug" tool="builtin:ctags@5.8-arduino11"
time="2025-08-07T15:32:31-07:00" level=info msg="Tool required for debug" tool="builtin:mdns-discovery@1.0.9"
time="2025-08-07T15:32:31-07:00" level=info msg="Tool required for debug" tool="arduino:avr-gcc@7.3.0-atmel3.6.1-arduino7"
time="2025-08-07T15:32:31-07:00" level=info msg="Tool required for debug" tool="builtin:serial-discovery@1.4.1"
2025-08-07 15:32:31 2025-08-07T22:32:31.919Z daemon INFO time="2025-08-07T15:32:31-07:00" level=info msg="Tool required for debug" tool="builtin:dfu-discovery@0.1.2"
time="2025-08-07T15:32:31-07:00" level=info msg="Tool required for debug" tool="arduino:avrdude@6.3.0-arduino17"
2025-08-07 15:32:31 2025-08-07T22:32:31.919Z daemon INFO time="2025-08-07T15:32:31-07:00" level=info msg="Tool required for debug" tool="arduino:arduinoOTA@1.3.0"
time="2025-08-07T15:32:31-07:00" level=info msg="Tool required for debug" tool="builtin:serial-monitor@0.15.0"
2025-08-07 15:32:31 2025-08-07T22:32:31.923Z root INFO Starting language server: esp32:esp32:esp32doit-devkit-v1:UploadSpeed=921600,FlashFreq=80,DebugLevel=none,EraseFlash=none
2025-08-07 15:32:31 2025-08-07T22:32:31.927Z daemon INFO time="2025-08-07T15:32:31-07:00" level=info msg="Tool required for debug" tool="arduino:dfu-util@0.11.0-arduino5"
time="2025-08-07T15:32:31-07:00" level=info msg="Tool required for debug" tool="esp32:esp-rv32@2411"
time="2025-08-07T15:32:31-07:00" level=info msg="Tool required for debug" tool="esp32:esp-x32@2411"
time="2025-08-07T15:32:31-07:00" level=info msg="Tool required for debug" tool="esp32:esp32-arduino-libs@idf-release_v5.5-b66b5448-v1"
time="2025-08-07T15:32:31-07:00" level=info msg="Tool required for debug" tool="esp32:esptool_py@5.0.0"
time="2025-08-07T15:32:31-07:00" level=info msg="Tool required for debug" tool="esp32:mklittlefs@3.0.0-gnu12-dc7f933"
time="2025-08-07T15:32:31-07:00" level=info msg="Tool required for debug" tool="esp32:mkspiffs@0.2.3"
time="2025-08-07T15:32:31-07:00" level=info msg="Tool required for debug" tool="esp32:openocd-esp32@v0.12.0-esp32-20250422"
time="2025-08-07T15:32:31-07:00" level=info msg="Tool required for debug" tool="esp32:riscv32-esp-elf-gdb@16.2_20250324"
time="2025-08-07T15:32:31-07:00" level=info msg="Tool required for debug" tool="esp32:xtensa-esp-elf-gdb@16.2_20250324"
time="2025-08-07T15:32:31-07:00" level=info msg="Tool required for debug" tool="builtin:serial-discovery@1.4.1"
time="2025-08-07T15:32:31-07:00" level=info msg="Tool required for debug" tool="arduino:avr-gcc@7.3.0-atmel3.6.1-arduino7"
time="2025-08-07T15:32:31-07:00" level=info msg="Tool required for debug" tool="builtin:dfu-discovery@0.1.2"
time="2025-08-07T15:32:31-07:00" level=info msg="Tool required for debug" tool="builtin:ctags@5.8-arduino11"
time="2025-08-07T15:32:31-07:00" level=info msg="Tool required for debug" tool="arduino:avrdude@6.3.0-arduino17"
time="2025-08-07T15:32:31-07:00" level=info msg="Tool required for debug" tool="builtin:serial-monitor@0.15.0"
time="2025-08-07T15:32:31-07:00" level=info msg="Tool required for debug" tool="builtin:mdns-discovery@1.0.9"
time="2025-08-07T15:32:31-07:00" level=info msg="Tool required for debug" tool="arduino:arduinoOTA@1.3.0"
2025-08-07 15:32:31 2025-08-07T22:32:31.939Z daemon INFO time="2025-08-07T15:32:31-07:00" level=info msg="Tool required for debug" tool="arduino:dfu-util@0.11.0-arduino5"
time="2025-08-07T15:32:31-07:00" level=info msg="Tool required for debug" tool="esp32:esp-rv32@2411"
time="2025-08-07T15:32:31-07:00" level=info msg="Tool required for debug" tool="esp32:esp-x32@2411"
time="2025-08-07T15:32:31-07:00" level=info msg="Tool required for debug" tool="esp32:esp32-arduino-libs@idf-release_v5.5-b66b5448-v1"
time="2025-08-07T15:32:31-07:00" level=info msg="Tool required for debug" tool="esp32:esptool_py@5.0.0"
time="2025-08-07T15:32:31-07:00" level=info msg="Tool required for debug" tool="esp32:mklittlefs@3.0.0-gnu12-dc7f933"
time="2025-08-07T15:32:31-07:00" level=info msg="Tool required for debug" tool="esp32:mkspiffs@0.2.3"
time="2025-08-07T15:32:31-07:00" level=info msg="Tool required for debug" tool="esp32:openocd-esp32@v0.12.0-esp32-20250422"
time="2025-08-07T15:32:31-07:00" level=info msg="Tool required for debug" tool="esp32:riscv32-esp-elf-gdb@16.2_20250324"
time="2025-08-07T15:32:31-07:00" level=info msg="Tool required for debug" tool="esp32:xtensa-esp-elf-gdb@16.2_20250324"
time="2025-08-07T15:32:31-07:00" level=info msg="Tool required for debug" tool="arduino:avr-gcc@7.3.0-atmel3.6.1-arduino7"
time="2025-08-07T15:32:31-07:00" level=info msg="Tool required for debug" tool="builtin:dfu-discovery@0.1.2"
time="2025-08-07T15:32:31-07:00" level=info msg="Tool required for debug" tool="builtin:serial-discovery@1.4.1"
time="2025-08-07T15:32:31-07:00" level=info msg="Tool required for debug" tool="builtin:mdns-discovery@1.0.9"
time="2025-08-07T15:32:31-07:00" level=info msg="Tool required for debug" tool="builtin:serial-monitor@0.15.0"
time="2025-08-07T15:32:31-07:00" level=info msg="Tool required for debug" tool="arduino:avrdude@6.3.0-arduino17"
time="2025-08-07T15:32:31-07:00" level=info msg="Tool required for debug" tool="builtin:ctags@5.8-arduino11"
time="2025-08-07T15:32:31-07:00" level=info msg="Tool required for debug" tool="arduino:arduinoOTA@1.3.0"
2025-08-07 15:32:31 2025-08-07T22:32:31.947Z daemon INFO time="2025-08-07T15:32:31-07:00" level=info msg="Tool required for debug" tool="arduino:dfu-util@0.11.0-arduino5"
time="2025-08-07T15:32:31-07:00" level=info msg="Tool required for debug" tool="esp32:esp-rv32@2411"
time="2025-08-07T15:32:31-07:00" level=info msg="Tool required for debug" tool="esp32:esp-x32@2411"
time="2025-08-07T15:32:31-07:00" level=info msg="Tool required for debug" tool="esp32:esp32-arduino-libs@idf-release_v5.5-b66b5448-v1"
time="2025-08-07T15:32:31-07:00" level=info msg="Tool required for debug" tool="esp32:esptool_py@5.0.0"
time="2025-08-07T15:32:31-07:00" level=info msg="Tool required for debug" tool="esp32:mklittlefs@3.0.0-gnu12-dc7f933"
time="2025-08-07T15:32:31-07:00" level=info msg="Tool required for debug" tool="esp32:mkspiffs@0.2.3"
time="2025-08-07T15:32:31-07:00" level=info msg="Tool required for debug" tool="esp32:openocd-esp32@v0.12.0-esp32-20250422"
time="2025-08-07T15:32:31-07:00" level=info msg="Tool required for debug" tool="esp32:riscv32-esp-elf-gdb@16.2_20250324"
time="2025-08-07T15:32:31-07:00" level=info msg="Tool required for debug" tool="esp32:xtensa-esp-elf-gdb@16.2_20250324"
time="2025-08-07T15:32:31-07:00" level=info msg="Tool required for debug" tool="builtin:ctags@5.8-arduino11"
time="2025-08-07T15:32:31-07:00" level=info msg="Tool required for debug" tool="arduino:avr-gcc@7.3.0-atmel3.6.1-arduino7"
time="2025-08-07T15:32:31-07:00" level=info msg="Tool required for debug" tool="builtin:mdns-discovery@1.0.9"
time="2025-08-07T15:32:31-07:00" level=info msg="Tool required for debug" tool="builtin:serial-monitor@0.15.0"
time="2025-08-07T15:32:31-07:00" level=info msg="Tool required for debug" tool="arduino:avrdude@6.3.0-arduino17"
time="2025-08-07T15:32:31-07:00" level=info msg="Tool required for debug" tool="arduino:arduinoOTA@1.3.0"
time="2025-08-07T15:32:31-07:00" level=info msg="Tool required for debug" tool="builtin:dfu-discovery@0.1.2"
time="2025-08-07T15:32:31-07:00" level=info msg="Tool required for debug" tool="builtin:serial-discovery@1.4.1"
2025-08-07 15:32:31 2025-08-07T22:32:31.951Z daemon INFO time="2025-08-07T15:32:31-07:00" level=info msg="Tool required for debug" tool="arduino:dfu-util@0.11.0-arduino5"
time="2025-08-07T15:32:31-07:00" level=info msg="Tool required for debug" tool="esp32:esp-rv32@2411"
time="2025-08-07T15:32:31-07:00" level=info msg="Tool required for debug" tool="esp32:esp-x32@2411"
time="2025-08-07T15:32:31-07:00" level=info msg="Tool required for debug" tool="esp32:esp32-arduino-libs@idf-release_v5.5-b66b5448-v1"
time="2025-08-07T15:32:31-07:00" level=info msg="Tool required for debug" tool="esp32:esptool_py@5.0.0"
time="2025-08-07T15:32:31-07:00" level=info msg="Tool required for debug" tool="esp32:mklittlefs@3.0.0-gnu12-dc7f933"
time="2025-08-07T15:32:31-07:00" level=info msg="Tool required for debug" tool="esp32:mkspiffs@0.2.3"
time="2025-08-07T15:32:31-07:00" level=info msg="Tool required for debug" tool="esp32:openocd-esp32@v0.12.0-esp32-20250422"
time="2025-08-07T15:32:31-07:00" level=info msg="Tool required for debug" tool="esp32:riscv32-esp-elf-gdb@16.2_20250324"
time="2025-08-07T15:32:31-07:00" level=info msg="Tool required for debug" tool="esp32:xtensa-esp-elf-gdb@16.2_20250324"
time="2025-08-07T15:32:31-07:00" level=info msg="Tool required for debug" tool="builtin:serial-monitor@0.15.0"
time="2025-08-07T15:32:31-07:00" level=info msg="Tool required for debug" tool="arduino:avrdude@6.3.0-arduino17"
time="2025-08-07T15:32:31-07:00" level=info msg="Tool required for debug" tool="builtin:ctags@5.8-arduino11"
time="2025-08-07T15:32:31-07:00" level=info msg="Tool required for debug" tool="arduino:avr-gcc@7.3.0-atmel3.6.1-arduino7"
time="2025-08-07T15:32:31-07:00" level=info msg="Tool required for debug" tool="builtin:serial-discovery@1.4.1"
time="2025-08-07T15:32:31-07:00" level=info msg="Tool required for debug" tool="builtin:dfu-discovery@0.1.2"
time="2025-08-07T15:32:31-07:00" level=info msg="Tool required for debug" tool="builtin:mdns-discovery@1.0.9"
time="2025-08-07T15:32:31-07:00" level=info msg="Tool required for debug" tool="arduino:arduinoOTA@1.3.0"
2025-08-07 15:32:32 2025-08-07T22:32:32.140Z daemon INFO time="2025-08-07T15:32:31-07:00" level=info msg="Adding libraries dir" dir=/home/aaron/.arduino15/libraries isSingleLibrary=false location=ide
time="2025-08-07T15:32:31-07:00" level=info msg="Adding libraries dir" dir=/home/aaron/.arduino15/packages/esp32/hardware/esp32/3.3.0/libraries isSingleLibrary=false location=platform
time="2025-08-07T15:32:31-07:00" level=info msg="Adding libraries dir" dir=/home/aaron/Arduino/libraries isSingleLibrary=false location=user
2025-08-07 15:32:32 2025-08-07T22:32:32.313Z daemon INFO time="2025-08-07T15:32:32-07:00" level=info msg="Updating index" url="https://raw.githubusercontent.com/espressif/arduino-esp32/gh-pages/package_esp32_index.json"
time="2025-08-07T15:32:32-07:00" level=info msg="Starting download" url="https://raw.githubusercontent.com/espressif/arduino-esp32/gh-pages/package_esp32_index.json"
2025-08-07 15:32:32 2025-08-07T22:32:32.314Z root INFO core-client-provider [platform-index] Downloading index: package_esp32_index.json

2025-08-07 15:32:32 2025-08-07T22:32:32.598Z root ERROR ---- !!!SLOW!!! DURATION: search took 855.107 ms. Args: [{"type":"Updatable"}] ----
2025-08-07 15:32:32 Update for version 2.3.6 is not available (latest version: 2.3.6, downgrade is allowed).
2025-08-07 15:32:33 2025-08-07T22:32:33.182Z daemon INFO time="2025-08-07T15:32:33-07:00" level=info msg="Resolving include TinyGPSPlus.h for arch esp32"
time="2025-08-07T15:32:33-07:00" level=info msg="  found better lib" lib=TinyGPSPlus-ESP32 prio=521
time="2025-08-07T15:32:33-07:00" level=info msg="  discarded" lib=TinyGPSPlusPlus prio=517
2025-08-07 15:32:33 2025-08-07T22:32:33.766Z daemon INFO time="2025-08-07T15:32:33-07:00" level=info msg="Resolving include WiFi.h for arch esp32"
2025-08-07 15:32:33 2025-08-07T22:32:33.766Z daemon INFO time="2025-08-07T15:32:33-07:00" level=info msg="  found better lib" lib=WiFi prio=6B0
2025-08-07 15:32:34 2025-08-07T22:32:34.313Z daemon INFO time="2025-08-07T15:32:34-07:00" level=info msg="Checking signature" index=/home/aaron/.arduino15/package_index.json signatureFile=/home/aaron/.arduino15/package_index.json.sig trusted=true
2025-08-07 15:32:34 2025-08-07T22:32:34.321Z daemon INFO time="2025-08-07T15:32:34-07:00" level=info msg="Missing signature file" index=/home/aaron/.arduino15/package_esp32_index.json
2025-08-07 15:32:34 2025-08-07T22:32:34.321Z daemon INFO time="2025-08-07T15:32:34-07:00" level=info msg="Loading hardware from: /home/aaron/.arduino15/packages"
2025-08-07 15:32:34 2025-08-07T22:32:34.321Z daemon INFO time="2025-08-07T15:32:34-07:00" level=info msg="Loading package arduino from: /home/aaron/.arduino15/packages/arduino/hardware"
2025-08-07 15:32:34 2025-08-07T22:32:34.324Z daemon INFO time="2025-08-07T15:32:34-07:00" level=info msg="Missing signature file" index=/home/aaron/.arduino15/packages/arduino/hardware/avr/1.8.6/installed.json
2025-08-07 15:32:34 2025-08-07T22:32:34.325Z daemon INFO time="2025-08-07T15:32:34-07:00" level=info msg="Resolving include Network.h for arch esp32"
time="2025-08-07T15:32:34-07:00" level=info msg="  found better lib" lib=Networking prio=64C
2025-08-07 15:32:34 2025-08-07T22:32:34.328Z daemon INFO time="2025-08-07T15:32:34-07:00" level=info msg="Adding monitor tool" protocol=serial tool="builtin:serial-monitor"
time="2025-08-07T15:32:34-07:00" level=info msg="Loaded platform" platform="arduino:avr@1.8.6"
2025-08-07 15:32:34 2025-08-07T22:32:34.328Z daemon INFO time="2025-08-07T15:32:34-07:00" level=info msg="Checking existence of 'tools' path: /home/aaron/.arduino15/packages/arduino/tools"
time="2025-08-07T15:32:34-07:00" level=info msg="Loading tools from dir: /home/aaron/.arduino15/packages/arduino/tools"
2025-08-07 15:32:34 2025-08-07T22:32:34.328Z daemon INFO time="2025-08-07T15:32:34-07:00" level=info msg="Loaded tool" tool="arduino:arduinoOTA@1.3.0"
2025-08-07 15:32:34 2025-08-07T22:32:34.328Z daemon INFO time="2025-08-07T15:32:34-07:00" level=info msg="Loaded tool" tool="arduino:avr-gcc@7.3.0-atmel3.6.1-arduino7"
2025-08-07 15:32:34 2025-08-07T22:32:34.328Z daemon INFO time="2025-08-07T15:32:34-07:00" level=info msg="Loaded tool" tool="arduino:avrdude@6.3.0-arduino17"
2025-08-07 15:32:34 2025-08-07T22:32:34.328Z daemon INFO time="2025-08-07T15:32:34-07:00" level=info msg="Loaded tool" tool="arduino:dfu-util@0.11.0-arduino5"
2025-08-07 15:32:34 2025-08-07T22:32:34.328Z daemon INFO time="2025-08-07T15:32:34-07:00" level=info msg="Loading package builtin from: /home/aaron/.arduino15/packages/builtin"
2025-08-07 15:32:34 2025-08-07T22:32:34.328Z daemon INFO time="2025-08-07T15:32:34-07:00" level=info msg="Checking existence of 'tools' path: /home/aaron/.arduino15/packages/builtin/tools"
2025-08-07 15:32:34 2025-08-07T22:32:34.328Z daemon INFO time="2025-08-07T15:32:34-07:00" level=info msg="Loading tools from dir: /home/aaron/.arduino15/packages/builtin/tools"
2025-08-07 15:32:34 2025-08-07T22:32:34.329Z daemon INFO time="2025-08-07T15:32:34-07:00" level=info msg="Loaded tool" tool="builtin:ctags@5.8-arduino11"
2025-08-07 15:32:34 2025-08-07T22:32:34.329Z daemon INFO time="2025-08-07T15:32:34-07:00" level=info msg="Loaded tool" tool="builtin:dfu-discovery@0.1.2"
2025-08-07 15:32:34 2025-08-07T22:32:34.329Z daemon INFO time="2025-08-07T15:32:34-07:00" level=info msg="Loaded tool" tool="builtin:mdns-discovery@1.0.9"
time="2025-08-07T15:32:34-07:00" level=info msg="Loaded tool" tool="builtin:serial-discovery@1.4.1"
time="2025-08-07T15:32:34-07:00" level=info msg="Loaded tool" tool="builtin:serial-monitor@0.15.0"
2025-08-07 15:32:34 2025-08-07T22:32:34.329Z daemon INFO time="2025-08-07T15:32:34-07:00" level=info msg="Loading package esp32 from: /home/aaron/.arduino15/packages/esp32/hardware"
2025-08-07 15:32:34 2025-08-07T22:32:34.332Z daemon INFO time="2025-08-07T15:32:34-07:00" level=info msg="Missing signature file" index=/home/aaron/.arduino15/packages/esp32/hardware/esp32/3.3.0/installed.json
2025-08-07 15:32:34 2025-08-07T22:32:34.489Z daemon INFO time="2025-08-07T15:32:34-07:00" level=info msg="Adding monitor tool" protocol=serial tool="builtin:serial-monitor"
time="2025-08-07T15:32:34-07:00" level=info msg="Loaded platform" platform="esp32:esp32@3.3.0"
time="2025-08-07T15:32:34-07:00" level=info msg="Checking existence of 'tools' path: /home/aaron/.arduino15/packages/esp32/tools"
time="2025-08-07T15:32:34-07:00" level=info msg="Loading tools from dir: /home/aaron/.arduino15/packages/esp32/tools"
2025-08-07 15:32:34 2025-08-07T22:32:34.489Z daemon INFO time="2025-08-07T15:32:34-07:00" level=info msg="Loaded tool" tool="esp32:esp-rv32@2411"
time="2025-08-07T15:32:34-07:00" level=info msg="Loaded tool" tool="esp32:esp-x32@2411"
time="2025-08-07T15:32:34-07:00" level=info msg="Loaded tool" tool="esp32:esp32-arduino-libs@idf-release_v5.5-b66b5448-v1"
time="2025-08-07T15:32:34-07:00" level=info msg="Loaded tool" tool="esp32:esptool_py@5.0.0"
time="2025-08-07T15:32:34-07:00" level=info msg="Loaded tool" tool="esp32:mklittlefs@3.0.0-gnu12-dc7f933"
time="2025-08-07T15:32:34-07:00" level=info msg="Loaded tool" tool="esp32:mkspiffs@0.2.3"
time="2025-08-07T15:32:34-07:00" level=info msg="Loaded tool" tool="esp32:openocd-esp32@v0.12.0-esp32-20250422"
time="2025-08-07T15:32:34-07:00" level=info msg="Loaded tool" tool="esp32:riscv32-esp-elf-gdb@16.2_20250324"
time="2025-08-07T15:32:34-07:00" level=info msg="Loaded tool" tool="esp32:xtensa-esp-elf-gdb@16.2_20250324"
2025-08-07 15:32:34 2025-08-07T22:32:34.493Z daemon INFO time="2025-08-07T15:32:34-07:00" level=info msg="Discovery event channel closed builtin:serial-discovery. Exiting goroutine."
2025-08-07 15:32:34 2025-08-07T22:32:34.494Z discovery-log INFO {"eventType":"remove","port":{"matchingBoardsList":[],"port":{"address":"/dev/ttyS0","label":"/dev/ttyS0","protocol":"serial","protocolLabel":"Serial Port","propertiesMap":[],"hardwareId":""}},"error":""}
2025-08-07 15:32:34 2025-08-07T22:32:34.494Z daemon INFO time="2025-08-07T15:32:34-07:00" level=info msg="Closed and removed discovery builtin:serial-discovery"
time="2025-08-07T15:32:34-07:00" level=error msg="Stopped decode loop: EOF" discovery="builtin:serial-discovery"
time="2025-08-07T15:32:34-07:00" level=info msg="Discovery event channel closed builtin:mdns-discovery. Exiting goroutine."
2025-08-07 15:32:34 2025-08-07T22:32:34.495Z daemon INFO time="2025-08-07T15:32:34-07:00" level=info msg="Closed and removed discovery builtin:mdns-discovery"
2025-08-07 15:32:34 2025-08-07T22:32:34.495Z daemon INFO time="2025-08-07T15:32:34-07:00" level=error msg="Stopped decode loop: EOF" discovery="builtin:mdns-discovery"
2025-08-07 15:32:34 2025-08-07T22:32:34.499Z discovery-log INFO {"eventType":"add","port":{"matchingBoardsList":[],"port":{"address":"/dev/ttyS0","label":"/dev/ttyS0","protocol":"serial","protocolLabel":"Serial Port","propertiesMap":[],"hardwareId":""}},"error":""}
2025-08-07 15:32:34 2025-08-07T22:32:34.503Z daemon INFO time="2025-08-07T15:32:34-07:00" level=info msg="Adding libraries dir" dir=/home/aaron/.arduino15/packages/esp32/hardware/esp32/3.3.0/libraries isSingleLibrary=false location=platform
2025-08-07 15:32:34 2025-08-07T22:32:34.503Z daemon INFO time="2025-08-07T15:32:34-07:00" level=info msg="Adding libraries dir" dir=/home/aaron/.arduino15/packages/arduino/hardware/avr/1.8.6/libraries isSingleLibrary=false location=platform
time="2025-08-07T15:32:34-07:00" level=info msg="Loading libraries index file" index=/home/aaron/.arduino15/library_index.json
2025-08-07 15:32:34 2025-08-07T22:32:34.893Z daemon INFO time="2025-08-07T15:32:34-07:00" level=info msg="Adding libraries dir" dir=/home/aaron/.arduino15/libraries isSingleLibrary=false location=ide
time="2025-08-07T15:32:34-07:00" level=info msg="Adding libraries dir" dir=/home/aaron/Arduino/libraries isSingleLibrary=false location=user
2025-08-07 15:32:49 2025-08-07T22:32:49.483Z daemon INFO time="2025-08-07T15:32:49-07:00" level=info msg="Adding libraries dir" dir=/home/aaron/.arduino15/libraries isSingleLibrary=false location=ide
time="2025-08-07T15:32:49-07:00" level=info msg="Adding libraries dir" dir=/home/aaron/.arduino15/packages/esp32/hardware/esp32/3.3.0/libraries isSingleLibrary=false location=platform
time="2025-08-07T15:32:49-07:00" level=info msg="Adding libraries dir" dir=/home/aaron/Arduino/libraries isSingleLibrary=false location=user
2025-08-07 15:33:39 2025-08-07T22:33:39.510Z root INFO creating connection for 2
2025-08-07 15:33:40 2025-08-07T22:33:40.473Z root ERROR TypeError: Cannot read properties of null (reading 'getCurrentKeyboardLayout')
    at r.getCurrentKeyboardLayout (/nix/store/2d5i1bzbqbnl4rgnhk8czrw5zmqqjdzv-arduino-ide-2.3.6-extracted/resources/app/lib/backend/main.js:2:4537759)
    at t.getCurrentKeyboardLayout (/nix/store/2d5i1bzbqbnl4rgnhk8czrw5zmqqjdzv-arduino-ide-2.3.6-extracted/resources/app/lib/backend/main.js:2:4538141)
    at s.getNativeLayoutSync (/nix/store/2d5i1bzbqbnl4rgnhk8czrw5zmqqjdzv-arduino-ide-2.3.6-extracted/resources/app/lib/backend/main.js:2:1830040)
    at s.getNativeLayout (/nix/store/2d5i1bzbqbnl4rgnhk8czrw5zmqqjdzv-arduino-ide-2.3.6-extracted/resources/app/lib/backend/main.js:2:1829981)
    at u.onRequest (/nix/store/2d5i1bzbqbnl4rgnhk8czrw5zmqqjdzv-arduino-ide-2.3.6-extracted/resources/app/lib/backend/main.js:2:4942964)
    at c.requestHandler (/nix/store/2d5i1bzbqbnl4rgnhk8czrw5zmqqjdzv-arduino-ide-2.3.6-extracted/resources/app/lib/backend/main.js:2:4942783)
    at c.handleRequest (/nix/store/2d5i1bzbqbnl4rgnhk8czrw5zmqqjdzv-arduino-ide-2.3.6-extracted/resources/app/lib/backend/main.js:2:524486)
    at c.handleMessage (/nix/store/2d5i1bzbqbnl4rgnhk8czrw5zmqqjdzv-arduino-ide-2.3.6-extracted/resources/app/lib/backend/main.js:2:522388)
    at /nix/store/2d5i1bzbqbnl4rgnhk8czrw5zmqqjdzv-arduino-ide-2.3.6-extracted/resources/app/lib/backend/main.js:2:522022
    at /nix/store/2d5i1bzbqbnl4rgnhk8czrw5zmqqjdzv-arduino-ide-2.3.6-extracted/resources/app/lib/backend/main.js:2:6419737
2025-08-07 15:33:40 2025-08-07T22:33:40.473Z root ERROR TypeError: Cannot read properties of null (reading 'getKeyMap')
    at r.getKeyMap (/nix/store/2d5i1bzbqbnl4rgnhk8czrw5zmqqjdzv-arduino-ide-2.3.6-extracted/resources/app/lib/backend/main.js:2:4537620)
    at t.getKeyMap (/nix/store/2d5i1bzbqbnl4rgnhk8czrw5zmqqjdzv-arduino-ide-2.3.6-extracted/resources/app/lib/backend/main.js:2:4538201)
    at s.getNativeLayoutSync (/nix/store/2d5i1bzbqbnl4rgnhk8czrw5zmqqjdzv-arduino-ide-2.3.6-extracted/resources/app/lib/backend/main.js:2:1830077)
    at s.getNativeLayout (/nix/store/2d5i1bzbqbnl4rgnhk8czrw5zmqqjdzv-arduino-ide-2.3.6-extracted/resources/app/lib/backend/main.js:2:1829981)
    at u.onRequest (/nix/store/2d5i1bzbqbnl4rgnhk8czrw5zmqqjdzv-arduino-ide-2.3.6-extracted/resources/app/lib/backend/main.js:2:4942964)
    at c.requestHandler (/nix/store/2d5i1bzbqbnl4rgnhk8czrw5zmqqjdzv-arduino-ide-2.3.6-extracted/resources/app/lib/backend/main.js:2:4942783)
    at c.handleRequest (/nix/store/2d5i1bzbqbnl4rgnhk8czrw5zmqqjdzv-arduino-ide-2.3.6-extracted/resources/app/lib/backend/main.js:2:524486)
    at c.handleMessage (/nix/store/2d5i1bzbqbnl4rgnhk8czrw5zmqqjdzv-arduino-ide-2.3.6-extracted/resources/app/lib/backend/main.js:2:522388)
    at /nix/store/2d5i1bzbqbnl4rgnhk8czrw5zmqqjdzv-arduino-ide-2.3.6-extracted/resources/app/lib/backend/main.js:2:522022
    at /nix/store/2d5i1bzbqbnl4rgnhk8czrw5zmqqjdzv-arduino-ide-2.3.6-extracted/resources/app/lib/backend/main.js:2:6419737
2025-08-07 15:33:40 2025-08-07T22:33:40.474Z root WARN A command editor.action.toggleStickyScroll is already registered.
2025-08-07 15:33:40 Opening channel for service path '/services/electron-window'.
2025-08-07 15:33:40 Opening channel for service path '/services/ide-updater'.
2025-08-07 15:33:40 2025-08-07T22:33:40.608Z root INFO Start frontend contributions: 302.3 ms [Finished 1.821 s after frontend start]
2025-08-07 15:33:40 2025-08-07T22:33:40.609Z root INFO Changed application state from 'init' to 'started_contributions'.
2025-08-07 15:33:40 2025-08-07T22:33:40.622Z root INFO Changed application state from 'started_contributions' to 'attached_shell'.
2025-08-07 15:33:40 2025-08-07T22:33:40.622Z root INFO >>> Restoring the layout state...
2025-08-07 15:33:40 2025-08-07T22:33:40.713Z root INFO [fc9a6c9e-17b9-468d-8279-882f67ff9c77] Waiting for backend deployment: 127.3 ms [Finished 1.940 s after frontend start]
2025-08-07 15:33:40 2025-08-07T22:33:40.966Z root INFO <<< Nothing to restore.
2025-08-07 15:33:40 2025-08-07T22:33:40.966Z root INFO Initialize the workbench layout: 168.9 ms [Finished 2.020 s after frontend start]
2025-08-07 15:33:40 2025-08-07T22:33:40.966Z root INFO Changed application state from 'attached_shell' to 'initialized_layout'.
2025-08-07 15:33:41 2025-08-07T22:33:41.393Z root INFO [hosted-plugin: 18727] PLUGIN_HOST(18727) starting instance
[Object: null prototype] {}
2025-08-07 15:33:42 2025-08-07T22:33:42.174Z root INFO [fc9a6c9e-17b9-468d-8279-882f67ff9c77] Sync of 23 plugins: 1421.2 ms [Finished 3.361 s after frontend start]
2025-08-07 15:33:42 2025-08-07T22:33:42.175Z root INFO [fc9a6c9e-17b9-468d-8279-882f67ff9c77] Loading plugin contributions
2025-08-07 15:33:42 2025-08-07T22:33:42.175Z root INFO [fc9a6c9e-17b9-468d-8279-882f67ff9c77] Load contributions of 23 plugins: 39.7 ms [Finished 3.401 s after frontend start]
2025-08-07 15:33:42 2025-08-07T22:33:42.206Z root WARN 'cpp' language is remapped from 'source.cpp.embedded.macro' to 'source.cpp' scope
2025-08-07 15:33:42 2025-08-07T22:33:42.206Z root WARN a registered grammar configuration for 'cpp' language is overridden
2025-08-07 15:33:42 2025-08-07T22:33:42.451Z root INFO Frontend application start: 2014.6 ms [Finished 76.564 s after backend start]
2025-08-07 15:33:42 2025-08-07T22:33:42.471Z root INFO Replace loading indicator with ready workbench UI (animation): 1430.3 ms [Finished 3.462 s after frontend start]
2025-08-07 15:33:42 2025-08-07T22:33:42.471Z root INFO Changed application state from 'initialized_layout' to 'ready'.
2025-08-07 15:33:42 2025-08-07T22:33:42.471Z root WARN Linked preference "workbench.colorCustomizations" not found.
2025-08-07 15:33:42 2025-08-07T22:33:42.499Z root INFO Executing startup tasks:
2025-08-07 15:33:42 2025-08-07T22:33:42.499Z root INFO  - 'arduino-use-inherited-boards-data' , args: [{"fqbn":"esp32:esp32:esp32doit-devkit-v1","data":{"configOptions":[{"label":"Upload Speed","option":"UploadSpeed","values":[{"value":"921600","label":"921600","selected":true},{"value":"115200","label":"115200","selected":false},{"value":"230400","label":"230400","selected":false},{"value":"460800","label":"460800","selected":false}]},{"label":"Flash Frequency","option":"FlashFreq","values":[{"value":"80","label":"80MHz","selected":true},{"value":"40","label":"40MHz","selected":false}]},{"label":"Core Debug Level","option":"DebugLevel","values":[{"value":"none","label":"None","selected":true},{"value":"error","label":"Error","selected":false},{"value":"warn","label":"Warn","selected":false},{"value":"info","label":"Info","selected":false},{"value":"debug","label":"Debug","selected":false}]},{"label":"Erase All Flash Before Sketch Upload","option":"EraseFlash","values":[{"value":"none","label":"Disabled","selected":true},{"value":"all","label":"Enabled","selected":false}]}],"programmers":[{"id":"esptool","name":"Esptool","platform":"esp32:esp32@3.3.0"}]}}]
2025-08-07 15:33:42 2025-08-07T22:33:42.500Z root INFO  - 'arduino-use-inherited-boards-config' , args: [{"selectedBoard":{"name":"DOIT ESP32 DEVKIT V1","fqbn":"esp32:esp32:esp32doit-devkit-v1"},"selectedPort":{"protocol":"serial","address":"/dev/ttyUSB0"}},{"arduino+serial:///dev/ttyACM0":{"name":"DOIT ESP32 DEVKIT V1","fqbn":"esp32:esp32:esp32doit-devkit-v1"},"arduino+serial:///dev/ttyUSB0":{"name":"DOIT ESP32 DEVKIT V1","fqbn":"esp32:esp32:esp32doit-devkit-v1"}}]
2025-08-07 15:33:42 2025-08-07T22:33:42.843Z daemon INFO time="2025-08-07T15:33:42-07:00" level=info msg="Tool required for debug" tool="arduino:dfu-util@0.11.0-arduino5"
time="2025-08-07T15:33:42-07:00" level=info msg="Tool required for debug" tool="esp32:esp-rv32@2411"
time="2025-08-07T15:33:42-07:00" level=info msg="Tool required for debug" tool="esp32:esp-x32@2411"
time="2025-08-07T15:33:42-07:00" level=info msg="Tool required for debug" tool="esp32:esp32-arduino-libs@idf-release_v5.5-b66b5448-v1"
time="2025-08-07T15:33:42-07:00" level=info msg="Tool required for debug" tool="esp32:esptool_py@5.0.0"
time="2025-08-07T15:33:42-07:00" level=info msg="Tool required for debug" tool="esp32:mklittlefs@3.0.0-gnu12-dc7f933"
time="2025-08-07T15:33:42-07:00" level=info msg="Tool required for debug" tool="esp32:mkspiffs@0.2.3"
time="2025-08-07T15:33:42-07:00" level=info msg="Tool required for debug" tool="esp32:openocd-esp32@v0.12.0-esp32-20250422"
time="2025-08-07T15:33:42-07:00" level=info msg="Tool required for debug" tool="esp32:riscv32-esp-elf-gdb@16.2_20250324"
time="2025-08-07T15:33:42-07:00" level=info msg="Tool required for debug" tool="esp32:xtensa-esp-elf-gdb@16.2_20250324"
time="2025-08-07T15:33:42-07:00" level=info msg="Tool required for debug" tool="arduino:avrdude@6.3.0-arduino17"
time="2025-08-07T15:33:42-07:00" level=info msg="Tool required for debug" tool="builtin:serial-discovery@1.4.1"
time="2025-08-07T15:33:42-07:00" level=info msg="Tool required for debug" tool="builtin:ctags@5.8-arduino11"
time="2025-08-07T15:33:42-07:00" level=info msg="Tool required for debug" tool="arduino:arduinoOTA@1.3.0"
2025-08-07 15:33:42 2025-08-07T22:33:42.843Z daemon INFO time="2025-08-07T15:33:42-07:00" level=info msg="Tool required for debug" tool="builtin:dfu-discovery@0.1.2"
time="2025-08-07T15:33:42-07:00" level=info msg="Tool required for debug" tool="builtin:mdns-discovery@1.0.9"
time="2025-08-07T15:33:42-07:00" level=info msg="Tool required for debug" tool="builtin:serial-monitor@0.15.0"
time="2025-08-07T15:33:42-07:00" level=info msg="Tool required for debug" tool="arduino:avr-gcc@7.3.0-atmel3.6.1-arduino7"
2025-08-07 15:33:42 2025-08-07T22:33:42.843Z daemon INFO time="2025-08-07T15:33:42-07:00" level=info msg="Tool required for debug" tool="arduino:dfu-util@0.11.0-arduino5"
time="2025-08-07T15:33:42-07:00" level=info msg="Tool required for debug" tool="esp32:esp-rv32@2411"
time="2025-08-07T15:33:42-07:00" level=info msg="Tool required for debug" tool="esp32:esp-x32@2411"
2025-08-07 15:33:42 2025-08-07T22:33:42.843Z daemon INFO time="2025-08-07T15:33:42-07:00" level=info msg="Tool required for debug" tool="esp32:esp32-arduino-libs@idf-release_v5.5-b66b5448-v1"
time="2025-08-07T15:33:42-07:00" level=info msg="Tool required for debug" tool="esp32:esptool_py@5.0.0"
2025-08-07 15:33:42 2025-08-07T22:33:42.843Z daemon INFO time="2025-08-07T15:33:42-07:00" level=info msg="Tool required for debug" tool="esp32:mklittlefs@3.0.0-gnu12-dc7f933"
time="2025-08-07T15:33:42-07:00" level=info msg="Tool required for debug" tool="esp32:mkspiffs@0.2.3"
2025-08-07 15:33:42 2025-08-07T22:33:42.843Z daemon INFO time="2025-08-07T15:33:42-07:00" level=info msg="Tool required for debug" tool="esp32:openocd-esp32@v0.12.0-esp32-20250422"
time="2025-08-07T15:33:42-07:00" level=info msg="Tool required for debug" tool="esp32:riscv32-esp-elf-gdb@16.2_20250324"
time="2025-08-07T15:33:42-07:00" level=info msg="Tool required for debug" tool="esp32:xtensa-esp-elf-gdb@16.2_20250324"
2025-08-07 15:33:42 2025-08-07T22:33:42.843Z daemon INFO time="2025-08-07T15:33:42-07:00" level=info msg="Tool required for debug" tool="arduino:arduinoOTA@1.3.0"
time="2025-08-07T15:33:42-07:00" level=info msg="Tool required for debug" tool="builtin:dfu-discovery@0.1.2"
2025-08-07 15:33:42 2025-08-07T22:33:42.844Z daemon INFO time="2025-08-07T15:33:42-07:00" level=info msg="Tool required for debug" tool="builtin:serial-discovery@1.4.1"
time="2025-08-07T15:33:42-07:00" level=info msg="Tool required for debug" tool="builtin:serial-monitor@0.15.0"
time="2025-08-07T15:33:42-07:00" level=info msg="Tool required for debug" tool="builtin:mdns-discovery@1.0.9"
time="2025-08-07T15:33:42-07:00" level=info msg="Tool required for debug" tool="arduino:avr-gcc@7.3.0-atmel3.6.1-arduino7"
time="2025-08-07T15:33:42-07:00" level=info msg="Tool required for debug" tool="builtin:ctags@5.8-arduino11"
time="2025-08-07T15:33:42-07:00" level=info msg="Tool required for debug" tool="arduino:avrdude@6.3.0-arduino17"
2025-08-07 15:33:42 2025-08-07T22:33:42.854Z daemon INFO time="2025-08-07T15:33:42-07:00" level=info msg="Tool required for debug" tool="arduino:dfu-util@0.11.0-arduino5"
time="2025-08-07T15:33:42-07:00" level=info msg="Tool required for debug" tool="esp32:esp-rv32@2411"
time="2025-08-07T15:33:42-07:00" level=info msg="Tool required for debug" tool="esp32:esp-x32@2411"
time="2025-08-07T15:33:42-07:00" level=info msg="Tool required for debug" tool="esp32:esp32-arduino-libs@idf-release_v5.5-b66b5448-v1"
time="2025-08-07T15:33:42-07:00" level=info msg="Tool required for debug" tool="esp32:esptool_py@5.0.0"
time="2025-08-07T15:33:42-07:00" level=info msg="Tool required for debug" tool="esp32:mklittlefs@3.0.0-gnu12-dc7f933"
time="2025-08-07T15:33:42-07:00" level=info msg="Tool required for debug" tool="esp32:mkspiffs@0.2.3"
time="2025-08-07T15:33:42-07:00" level=info msg="Tool required for debug" tool="esp32:openocd-esp32@v0.12.0-esp32-20250422"
time="2025-08-07T15:33:42-07:00" level=info msg="Tool required for debug" tool="esp32:riscv32-esp-elf-gdb@16.2_20250324"
time="2025-08-07T15:33:42-07:00" level=info msg="Tool required for debug" tool="esp32:xtensa-esp-elf-gdb@16.2_20250324"
time="2025-08-07T15:33:42-07:00" level=info msg="Tool required for debug" tool="arduino:avr-gcc@7.3.0-atmel3.6.1-arduino7"
time="2025-08-07T15:33:42-07:00" level=info msg="Tool required for debug" tool="builtin:ctags@5.8-arduino11"
time="2025-08-07T15:33:42-07:00" level=info msg="Tool required for debug" tool="arduino:avrdude@6.3.0-arduino17"
time="2025-08-07T15:33:42-07:00" level=info msg="Tool required for debug" tool="arduino:arduinoOTA@1.3.0"
time="2025-08-07T15:33:42-07:00" level=info msg="Tool required for debug" tool="builtin:dfu-discovery@0.1.2"
time="2025-08-07T15:33:42-07:00" level=info msg="Tool required for debug" tool="builtin:serial-discovery@1.4.1"
time="2025-08-07T15:33:42-07:00" level=info msg="Tool required for debug" tool="builtin:serial-monitor@0.15.0"
time="2025-08-07T15:33:42-07:00" level=info msg="Tool required for debug" tool="builtin:mdns-discovery@1.0.9"
time="2025-08-07T15:33:42-07:00" level=info msg="Tool required for debug" tool="arduino:dfu-util@0.11.0-arduino5"
time="2025-08-07T15:33:42-07:00" level=info msg="Tool required for debug" tool="esp32:esp-rv32@2411"
time="2025-08-07T15:33:42-07:00" level=info msg="Tool required for debug" tool="esp32:esp-x32@2411"
time="2025-08-07T15:33:42-07:00" level=info msg="Tool required for debug" tool="esp32:esp32-arduino-libs@idf-release_v5.5-b66b5448-v1"
time="2025-08-07T15:33:42-07:00" level=info msg="Tool required for debug" tool="esp32:esptool_py@5.0.0"
time="2025-08-07T15:33:42-07:00" level=info msg="Tool required for debug" tool="esp32:mklittlefs@3.0.0-gnu12-dc7f933"
time="2025-08-07T15:33:42-07:00" level=info msg="Tool required for debug" tool="esp32:mkspiffs@0.2.3"
time="2025-08-07T15:33:42-07:00" level=info msg="Tool required for debug" tool="esp32:openocd-esp32@v0.12.0-esp32-20250422"
time="2025-08-07T15:33:42-07:00" level=info msg="Tool required for debug" tool="esp32:riscv32-esp-elf-gdb@16.2_20250324"
time="2025-08-07T15:33:42-07:00" level=info msg="Tool required for debug" tool="esp32:xtensa-esp-elf-gdb@16.2_20250324"
time="2025-08-07T15:33:42-07:00" level=info msg="Tool required for debug" tool="builtin:mdns-discovery@1.0.9"
time="2025-08-07T15:33:42-07:00" level=info msg="Tool required for debug" tool="arduino:avr-gcc@7.3.0-atmel3.6.1-arduino7"
time="2025-08-07T15:33:42-07:00" level=info msg="Tool required for debug" tool="arduino:avrdude@6.3.0-arduino17"
time="2025-08-07T15:33:42-07:00" level=info msg="Tool required for debug" tool="arduino:arduinoOTA@1.3.0"
time="2025-08-07T15:33:42-07:00" level=info msg="Tool required for debug" tool="builtin:dfu-discovery@0.1.2"
time="2025-08-07T15:33:42-07:00" level=info msg="Tool required for debug" tool="builtin:ctags@5.8-arduino11"
time="2025-08-07T15:33:42-07:00" level=info msg="Tool required for debug" tool="builtin:serial-discovery@1.4.1"
time="2025-08-07T15:33:42-07:00" level=info msg="Tool required for debug" tool="builtin:serial-monitor@0.15.0"
2025-08-07 15:33:42 2025-08-07T22:33:42.855Z daemon INFO time="2025-08-07T15:33:42-07:00" level=info msg="Tool required for debug" tool="arduino:dfu-util@0.11.0-arduino5"
time="2025-08-07T15:33:42-07:00" level=info msg="Tool required for debug" tool="esp32:esp-rv32@2411"
time="2025-08-07T15:33:42-07:00" level=info msg="Tool required for debug" tool="esp32:esp-x32@2411"
time="2025-08-07T15:33:42-07:00" level=info msg="Tool required for debug" tool="esp32:esp32-arduino-libs@idf-release_v5.5-b66b5448-v1"
time="2025-08-07T15:33:42-07:00" level=info msg="Tool required for debug" tool="esp32:esptool_py@5.0.0"
time="2025-08-07T15:33:42-07:00" level=info msg="Tool required for debug" tool="esp32:mklittlefs@3.0.0-gnu12-dc7f933"
time="2025-08-07T15:33:42-07:00" level=info msg="Tool required for debug" tool="esp32:mkspiffs@0.2.3"
time="2025-08-07T15:33:42-07:00" level=info msg="Tool required for debug" tool="esp32:openocd-esp32@v0.12.0-esp32-20250422"
time="2025-08-07T15:33:42-07:00" level=info msg="Tool required for debug" tool="esp32:riscv32-esp-elf-gdb@16.2_20250324"
2025-08-07 15:33:42 2025-08-07T22:33:42.855Z daemon INFO time="2025-08-07T15:33:42-07:00" level=info msg="Tool required for debug" tool="esp32:xtensa-esp-elf-gdb@16.2_20250324"
time="2025-08-07T15:33:42-07:00" level=info msg="Tool required for debug" tool="builtin:serial-monitor@0.15.0"
2025-08-07 15:33:42 2025-08-07T22:33:42.855Z daemon INFO time="2025-08-07T15:33:42-07:00" level=info msg="Tool required for debug" tool="arduino:arduinoOTA@1.3.0"
2025-08-07 15:33:42 2025-08-07T22:33:42.855Z daemon INFO time="2025-08-07T15:33:42-07:00" level=info msg="Tool required for debug" tool="arduino:avrdude@6.3.0-arduino17"
time="2025-08-07T15:33:42-07:00" level=info msg="Tool required for debug" tool="builtin:ctags@5.8-arduino11"
2025-08-07 15:33:42 2025-08-07T22:33:42.857Z daemon INFO time="2025-08-07T15:33:42-07:00" level=info msg="Tool required for debug" tool="builtin:serial-discovery@1.4.1"
time="2025-08-07T15:33:42-07:00" level=info msg="Tool required for debug" tool="builtin:mdns-discovery@1.0.9"
time="2025-08-07T15:33:42-07:00" level=info msg="Tool required for debug" tool="arduino:avr-gcc@7.3.0-atmel3.6.1-arduino7"
time="2025-08-07T15:33:42-07:00" level=info msg="Tool required for debug" tool="builtin:dfu-discovery@0.1.2"
time="2025-08-07T15:33:42-07:00" level=info msg="Tool required for debug" tool="arduino:dfu-util@0.11.0-arduino5"
time="2025-08-07T15:33:42-07:00" level=info msg="Tool required for debug" tool="esp32:esp-rv32@2411"
time="2025-08-07T15:33:42-07:00" level=info msg="Tool required for debug" tool="esp32:esp-x32@2411"
time="2025-08-07T15:33:42-07:00" level=info msg="Tool required for debug" tool="esp32:esp32-arduino-libs@idf-release_v5.5-b66b5448-v1"
time="2025-08-07T15:33:42-07:00" level=info msg="Tool required for debug" tool="esp32:esptool_py@5.0.0"
time="2025-08-07T15:33:42-07:00" level=info msg="Tool required for debug" tool="esp32:mklittlefs@3.0.0-gnu12-dc7f933"
time="2025-08-07T15:33:42-07:00" level=info msg="Tool required for debug" tool="esp32:mkspiffs@0.2.3"
time="2025-08-07T15:33:42-07:00" level=info msg="Tool required for debug" tool="esp32:openocd-esp32@v0.12.0-esp32-20250422"
time="2025-08-07T15:33:42-07:00" level=info msg="Tool required for debug" tool="esp32:riscv32-esp-elf-gdb@16.2_20250324"
time="2025-08-07T15:33:42-07:00" level=info msg="Tool required for debug" tool="esp32:xtensa-esp-elf-gdb@16.2_20250324"
time="2025-08-07T15:33:42-07:00" level=info msg="Tool required for debug" tool="builtin:dfu-discovery@0.1.2"
time="2025-08-07T15:33:42-07:00" level=info msg="Tool required for debug" tool="builtin:ctags@5.8-arduino11"
time="2025-08-07T15:33:42-07:00" level=info msg="Tool required for debug" tool="arduino:avr-gcc@7.3.0-atmel3.6.1-arduino7"
time="2025-08-07T15:33:42-07:00" level=info msg="Tool required for debug" tool="builtin:mdns-discovery@1.0.9"
time="2025-08-07T15:33:42-07:00" level=info msg="Tool required for debug" tool="builtin:serial-discovery@1.4.1"
time="2025-08-07T15:33:42-07:00" level=info msg="Tool required for debug" tool="builtin:serial-monitor@0.15.0"
time="2025-08-07T15:33:42-07:00" level=info msg="Tool required for debug" tool="arduino:arduinoOTA@1.3.0"
time="2025-08-07T15:33:42-07:00" level=info msg="Tool required for debug" tool="arduino:avrdude@6.3.0-arduino17"
2025-08-07 15:33:42 2025-08-07T22:33:42.867Z daemon INFO time="2025-08-07T15:33:42-07:00" level=info msg="Tool required for debug" tool="arduino:dfu-util@0.11.0-arduino5"
time="2025-08-07T15:33:42-07:00" level=info msg="Tool required for debug" tool="esp32:esp-rv32@2411"
time="2025-08-07T15:33:42-07:00" level=info msg="Tool required for debug" tool="esp32:esp-x32@2411"
time="2025-08-07T15:33:42-07:00" level=info msg="Tool required for debug" tool="esp32:esp32-arduino-libs@idf-release_v5.5-b66b5448-v1"
time="2025-08-07T15:33:42-07:00" level=info msg="Tool required for debug" tool="esp32:esptool_py@5.0.0"
time="2025-08-07T15:33:42-07:00" level=info msg="Tool required for debug" tool="esp32:mklittlefs@3.0.0-gnu12-dc7f933"
time="2025-08-07T15:33:42-07:00" level=info msg="Tool required for debug" tool="esp32:mkspiffs@0.2.3"
time="2025-08-07T15:33:42-07:00" level=info msg="Tool required for debug" tool="esp32:openocd-esp32@v0.12.0-esp32-20250422"
time="2025-08-07T15:33:42-07:00" level=info msg="Tool required for debug" tool="esp32:riscv32-esp-elf-gdb@16.2_20250324"
time="2025-08-07T15:33:42-07:00" level=info msg="Tool required for debug" tool="esp32:xtensa-esp-elf-gdb@16.2_20250324"
time="2025-08-07T15:33:42-07:00" level=info msg="Tool required for debug" tool="arduino:avrdude@6.3.0-arduino17"
time="2025-08-07T15:33:42-07:00" level=info msg="Tool required for debug" tool="builtin:dfu-discovery@0.1.2"
time="2025-08-07T15:33:42-07:00" level=info msg="Tool required for debug" tool="builtin:serial-discovery@1.4.1"
time="2025-08-07T15:33:42-07:00" level=info msg="Tool required for debug" tool="arduino:arduinoOTA@1.3.0"
time="2025-08-07T15:33:42-07:00" level=info msg="Tool required for debug" tool="arduino:avr-gcc@7.3.0-atmel3.6.1-arduino7"
time="2025-08-07T15:33:42-07:00" level=info msg="Tool required for debug" tool="builtin:mdns-discovery@1.0.9"
time="2025-08-07T15:33:42-07:00" level=info msg="Tool required for debug" tool="builtin:ctags@5.8-arduino11"
time="2025-08-07T15:33:42-07:00" level=info msg="Tool required for debug" tool="builtin:serial-monitor@0.15.0"
time="2025-08-07T15:33:42-07:00" level=info msg="Tool required for debug" tool="arduino:dfu-util@0.11.0-arduino5"
time="2025-08-07T15:33:42-07:00" level=info msg="Tool required for debug" tool="esp32:esp-rv32@2411"
time="2025-08-07T15:33:42-07:00" level=info msg="Tool required for debug" tool="esp32:esp-x32@2411"
time="2025-08-07T15:33:42-07:00" level=info msg="Tool required for debug" tool="esp32:esp32-arduino-libs@idf-release_v5.5-b66b5448-v1"
time="2025-08-07T15:33:42-07:00" level=info msg="Tool required for debug" tool="esp32:esptool_py@5.0.0"
time="2025-08-07T15:33:42-07:00" level=info msg="Tool required for debug" tool="esp32:mklittlefs@3.0.0-gnu12-dc7f933"
time="2025-08-07T15:33:42-07:00" level=info msg="Tool required for debug" tool="esp32:mkspiffs@0.2.3"
time="2025-08-07T15:33:42-07:00" level=info msg="Tool required for debug" tool="esp32:openocd-esp32@v0.12.0-esp32-20250422"
time="2025-08-07T15:33:42-07:00" level=info msg="Tool required for debug" tool="esp32:riscv32-esp-elf-gdb@16.2_20250324"
time="2025-08-07T15:33:42-07:00" level=info msg="Tool required for debug" tool="esp32:xtensa-esp-elf-gdb@16.2_20250324"
time="2025-08-07T15:33:42-07:00" level=info msg="Tool required for debug" tool="builtin:ctags@5.8-arduino11"
time="2025-08-07T15:33:42-07:00" level=info msg="Tool required for debug" tool="arduino:arduinoOTA@1.3.0"
time="2025-08-07T15:33:42-07:00" level=info msg="Tool required for debug" tool="arduino:avr-gcc@7.3.0-atmel3.6.1-arduino7"
time="2025-08-07T15:33:42-07:00" level=info msg="Tool required for debug" tool="arduino:avrdude@6.3.0-arduino17"
time="2025-08-07T15:33:42-07:00" level=info msg="Tool required for debug" tool="builtin:serial-discovery@1.4.1"
time="2025-08-07T15:33:42-07:00" level=info msg="Tool required for debug" tool="builtin:dfu-discovery@0.1.2"
time="2025-08-07T15:33:42-07:00" level=info msg="Tool required for debug" tool="builtin:mdns-discovery@1.0.9"
time="2025-08-07T15:33:42-07:00" level=info msg="Tool required for debug" tool="builtin:serial-monitor@0.15.0"
time="2025-08-07T15:33:42-07:00" level=info msg="Tool required for debug" tool="arduino:dfu-util@0.11.0-arduino5"
time="2025-08-07T15:33:42-07:00" level=info msg="Tool required for debug" tool="esp32:esp-rv32@2411"
time="2025-08-07T15:33:42-07:00" level=info msg="Tool required for debug" tool="esp32:esp-x32@2411"
time="2025-08-07T15:33:42-07:00" level=info msg="Tool required for debug" tool="esp32:esp32-arduino-libs@idf-release_v5.5-b66b5448-v1"
time="2025-08-07T15:33:42-07:00" level=info msg="Tool required for debug" tool="esp32:esptool_py@5.0.0"
time="2025-08-07T15:33:42-07:00" level=info msg="Tool required for debug" tool="esp32:mklittlefs@3.0.0-gnu12-dc7f933"
time="2025-08-07T15:33:42-07:00" level=info msg="Tool required for debug" tool="esp32:mkspiffs@0.2.3"
time="2025-08-07T15:33:42-07:00" level=info msg="Tool required for debug" tool="esp32:openocd-esp32@v0.12.0-esp32-20250422"
time="2025-08-07T15:33:42-07:00" level=info msg="Tool required for debug" tool="esp32:riscv32-esp-elf-gdb@16.2_20250324"
time="2025-08-07T15:33:42-07:00" level=info msg="Tool required for debug" tool="esp32:xtensa-esp-elf-gdb@16.2_20250324"
time="2025-08-07T15:33:42-07:00" level=info msg="Tool required for debug" tool="builtin:serial-monitor@0.15.0"
time="2025-08-07T15:33:42-07:00" level=info msg="Tool required for debug" tool="arduino:avrdude@6.3.0-arduino17"
time="2025-08-07T15:33:42-07:00" level=info msg="Tool required for debug" tool="arduino:arduinoOTA@1.3.0"
time="2025-08-07T15:33:42-07:00" level=info msg="Tool required for debug" tool="builtin:dfu-discovery@0.1.2"
time="2025-08-07T15:33:42-07:00" level=info msg="Tool required for debug" tool="builtin:ctags@5.8-arduino11"
time="2025-08-07T15:33:42-07:00" level=info msg="Tool required for debug" tool="arduino:avr-gcc@7.3.0-atmel3.6.1-arduino7"
time="2025-08-07T15:33:42-07:00" level=info msg="Tool required for debug" tool="builtin:mdns-discovery@1.0.9"
time="2025-08-07T15:33:42-07:00" level=info msg="Tool required for debug" tool="builtin:serial-discovery@1.4.1"
2025-08-07 15:33:42 2025-08-07T22:33:42.867Z daemon INFO time="2025-08-07T15:33:42-07:00" level=info msg="Tool required for debug" tool="arduino:dfu-util@0.11.0-arduino5"
time="2025-08-07T15:33:42-07:00" level=info msg="Tool required for debug" tool="esp32:esp-rv32@2411"
time="2025-08-07T15:33:42-07:00" level=info msg="Tool required for debug" tool="esp32:esp-x32@2411"
2025-08-07 15:33:42 2025-08-07T22:33:42.867Z daemon INFO time="2025-08-07T15:33:42-07:00" level=info msg="Tool required for debug" tool="esp32:esp32-arduino-libs@idf-release_v5.5-b66b5448-v1"
time="2025-08-07T15:33:42-07:00" level=info msg="Tool required for debug" tool="esp32:esptool_py@5.0.0"
time="2025-08-07T15:33:42-07:00" level=info msg="Tool required for debug" tool="esp32:mklittlefs@3.0.0-gnu12-dc7f933"
2025-08-07 15:33:42 2025-08-07T22:33:42.868Z daemon INFO time="2025-08-07T15:33:42-07:00" level=info msg="Tool required for debug" tool="esp32:mkspiffs@0.2.3"
time="2025-08-07T15:33:42-07:00" level=info msg="Tool required for debug" tool="esp32:openocd-esp32@v0.12.0-esp32-20250422"
time="2025-08-07T15:33:42-07:00" level=info msg="Tool required for debug" tool="esp32:riscv32-esp-elf-gdb@16.2_20250324"
time="2025-08-07T15:33:42-07:00" level=info msg="Tool required for debug" tool="esp32:xtensa-esp-elf-gdb@16.2_20250324"
time="2025-08-07T15:33:42-07:00" level=info msg="Tool required for debug" tool="builtin:serial-monitor@0.15.0"
time="2025-08-07T15:33:42-07:00" level=info msg="Tool required for debug" tool="arduino:arduinoOTA@1.3.0"
time="2025-08-07T15:33:42-07:00" level=info msg="Tool required for debug" tool="builtin:ctags@5.8-arduino11"
2025-08-07 15:33:42 2025-08-07T22:33:42.868Z daemon INFO time="2025-08-07T15:33:42-07:00" level=info msg="Tool required for debug" tool="builtin:mdns-discovery@1.0.9"
time="2025-08-07T15:33:42-07:00" level=info msg="Tool required for debug" tool="arduino:avrdude@6.3.0-arduino17"
time="2025-08-07T15:33:42-07:00" level=info msg="Tool required for debug" tool="builtin:dfu-discovery@0.1.2"
time="2025-08-07T15:33:42-07:00" level=info msg="Tool required for debug" tool="builtin:serial-discovery@1.4.1"
time="2025-08-07T15:33:42-07:00" level=info msg="Tool required for debug" tool="arduino:avr-gcc@7.3.0-atmel3.6.1-arduino7"
2025-08-07 15:33:43 2025-08-07T22:33:43.242Z daemon INFO time="2025-08-07T15:33:43-07:00" level=info msg="Tool required for debug" tool="arduino:dfu-util@0.11.0-arduino5"
time="2025-08-07T15:33:43-07:00" level=info msg="Tool required for debug" tool="esp32:esp-rv32@2411"
time="2025-08-07T15:33:43-07:00" level=info msg="Tool required for debug" tool="esp32:esp-x32@2411"
time="2025-08-07T15:33:43-07:00" level=info msg="Tool required for debug" tool="esp32:esp32-arduino-libs@idf-release_v5.5-b66b5448-v1"
time="2025-08-07T15:33:43-07:00" level=info msg="Tool required for debug" tool="esp32:esptool_py@5.0.0"
time="2025-08-07T15:33:43-07:00" level=info msg="Tool required for debug" tool="esp32:mklittlefs@3.0.0-gnu12-dc7f933"
time="2025-08-07T15:33:43-07:00" level=info msg="Tool required for debug" tool="esp32:mkspiffs@0.2.3"
time="2025-08-07T15:33:43-07:00" level=info msg="Tool required for debug" tool="esp32:openocd-esp32@v0.12.0-esp32-20250422"
time="2025-08-07T15:33:43-07:00" level=info msg="Tool required for debug" tool="esp32:riscv32-esp-elf-gdb@16.2_20250324"
time="2025-08-07T15:33:43-07:00" level=info msg="Tool required for debug" tool="esp32:xtensa-esp-elf-gdb@16.2_20250324"
time="2025-08-07T15:33:43-07:00" level=info msg="Tool required for debug" tool="builtin:mdns-discovery@1.0.9"
time="2025-08-07T15:33:43-07:00" level=info msg="Tool required for debug" tool="builtin:serial-discovery@1.4.1"
time="2025-08-07T15:33:43-07:00" level=info msg="Tool required for debug" tool="arduino:avrdude@6.3.0-arduino17"
time="2025-08-07T15:33:43-07:00" level=info msg="Tool required for debug" tool="builtin:dfu-discovery@0.1.2"
time="2025-08-07T15:33:43-07:00" level=info msg="Tool required for debug" tool="builtin:serial-monitor@0.15.0"
time="2025-08-07T15:33:43-07:00" level=info msg="Tool required for debug" tool="arduino:arduinoOTA@1.3.0"
time="2025-08-07T15:33:43-07:00" level=info msg="Tool required for debug" tool="builtin:ctags@5.8-arduino11"
time="2025-08-07T15:33:43-07:00" level=info msg="Tool required for debug" tool="arduino:avr-gcc@7.3.0-atmel3.6.1-arduino7"
2025-08-07 15:33:43 2025-08-07T22:33:43.247Z daemon INFO time="2025-08-07T15:33:43-07:00" level=info msg="Tool required for debug" tool="arduino:dfu-util@0.11.0-arduino5"
time="2025-08-07T15:33:43-07:00" level=info msg="Tool required for debug" tool="esp32:esp-rv32@2411"
time="2025-08-07T15:33:43-07:00" level=info msg="Tool required for debug" tool="esp32:esp-x32@2411"
time="2025-08-07T15:33:43-07:00" level=info msg="Tool required for debug" tool="esp32:esp32-arduino-libs@idf-release_v5.5-b66b5448-v1"
time="2025-08-07T15:33:43-07:00" level=info msg="Tool required for debug" tool="esp32:esptool_py@5.0.0"
2025-08-07 15:33:43 2025-08-07T22:33:43.247Z daemon INFO time="2025-08-07T15:33:43-07:00" level=info msg="Tool required for debug" tool="esp32:mklittlefs@3.0.0-gnu12-dc7f933"
time="2025-08-07T15:33:43-07:00" level=info msg="Tool required for debug" tool="esp32:mkspiffs@0.2.3"
time="2025-08-07T15:33:43-07:00" level=info msg="Tool required for debug" tool="esp32:openocd-esp32@v0.12.0-esp32-20250422"
time="2025-08-07T15:33:43-07:00" level=info msg="Tool required for debug" tool="esp32:riscv32-esp-elf-gdb@16.2_20250324"
time="2025-08-07T15:33:43-07:00" level=info msg="Tool required for debug" tool="esp32:xtensa-esp-elf-gdb@16.2_20250324"
time="2025-08-07T15:33:43-07:00" level=info msg="Tool required for debug" tool="builtin:serial-discovery@1.4.1"
time="2025-08-07T15:33:43-07:00" level=info msg="Tool required for debug" tool="builtin:serial-monitor@0.15.0"
2025-08-07 15:33:43 2025-08-07T22:33:43.247Z daemon INFO time="2025-08-07T15:33:43-07:00" level=info msg="Tool required for debug" tool="builtin:ctags@5.8-arduino11"
time="2025-08-07T15:33:43-07:00" level=info msg="Tool required for debug" tool="arduino:arduinoOTA@1.3.0"
time="2025-08-07T15:33:43-07:00" level=info msg="Tool required for debug" tool="arduino:avrdude@6.3.0-arduino17"
time="2025-08-07T15:33:43-07:00" level=info msg="Tool required for debug" tool="builtin:mdns-discovery@1.0.9"
2025-08-07 15:33:43 2025-08-07T22:33:43.247Z daemon INFO time="2025-08-07T15:33:43-07:00" level=info msg="Tool required for debug" tool="arduino:avr-gcc@7.3.0-atmel3.6.1-arduino7"
time="2025-08-07T15:33:43-07:00" level=info msg="Tool required for debug" tool="builtin:dfu-discovery@0.1.2"
2025-08-07 15:33:43 2025-08-07T22:33:43.252Z daemon INFO time="2025-08-07T15:33:43-07:00" level=info msg="Tool required for debug" tool="arduino:dfu-util@0.11.0-arduino5"
time="2025-08-07T15:33:43-07:00" level=info msg="Tool required for debug" tool="esp32:esp-rv32@2411"
time="2025-08-07T15:33:43-07:00" level=info msg="Tool required for debug" tool="esp32:esp-x32@2411"
2025-08-07 15:33:43 2025-08-07T22:33:43.252Z daemon INFO time="2025-08-07T15:33:43-07:00" level=info msg="Tool required for debug" tool="esp32:esp32-arduino-libs@idf-release_v5.5-b66b5448-v1"
time="2025-08-07T15:33:43-07:00" level=info msg="Tool required for debug" tool="esp32:esptool_py@5.0.0"
time="2025-08-07T15:33:43-07:00" level=info msg="Tool required for debug" tool="esp32:mklittlefs@3.0.0-gnu12-dc7f933"
time="2025-08-07T15:33:43-07:00" level=info msg="Tool required for debug" tool="esp32:mkspiffs@0.2.3"
2025-08-07 15:33:43 2025-08-07T22:33:43.252Z daemon INFO time="2025-08-07T15:33:43-07:00" level=info msg="Tool required for debug" tool="esp32:openocd-esp32@v0.12.0-esp32-20250422"
time="2025-08-07T15:33:43-07:00" level=info msg="Tool required for debug" tool="esp32:riscv32-esp-elf-gdb@16.2_20250324"
2025-08-07 15:33:43 2025-08-07T22:33:43.252Z daemon INFO time="2025-08-07T15:33:43-07:00" level=info msg="Tool required for debug" tool="esp32:xtensa-esp-elf-gdb@16.2_20250324"
time="2025-08-07T15:33:43-07:00" level=info msg="Tool required for debug" tool="arduino:arduinoOTA@1.3.0"
time="2025-08-07T15:33:43-07:00" level=info msg="Tool required for debug" tool="builtin:ctags@5.8-arduino11"
2025-08-07 15:33:43 2025-08-07T22:33:43.252Z daemon INFO time="2025-08-07T15:33:43-07:00" level=info msg="Tool required for debug" tool="builtin:mdns-discovery@1.0.9"
2025-08-07 15:33:43 2025-08-07T22:33:43.252Z daemon INFO time="2025-08-07T15:33:43-07:00" level=info msg="Tool required for debug" tool="arduino:avrdude@6.3.0-arduino17"
2025-08-07 15:33:43 2025-08-07T22:33:43.252Z daemon INFO time="2025-08-07T15:33:43-07:00" level=info msg="Tool required for debug" tool="builtin:dfu-discovery@0.1.2"
2025-08-07 15:33:43 2025-08-07T22:33:43.253Z daemon INFO time="2025-08-07T15:33:43-07:00" level=info msg="Tool required for debug" tool="builtin:serial-discovery@1.4.1"
time="2025-08-07T15:33:43-07:00" level=info msg="Tool required for debug" tool="arduino:avr-gcc@7.3.0-atmel3.6.1-arduino7"
2025-08-07 15:33:43 2025-08-07T22:33:43.253Z daemon INFO time="2025-08-07T15:33:43-07:00" level=info msg="Tool required for debug" tool="builtin:serial-monitor@0.15.0"
2025-08-07 15:33:43 2025-08-07T22:33:43.257Z daemon INFO time="2025-08-07T15:33:43-07:00" level=info msg="Tool required for debug" tool="arduino:dfu-util@0.11.0-arduino5"
time="2025-08-07T15:33:43-07:00" level=info msg="Tool required for debug" tool="esp32:esp-rv32@2411"
time="2025-08-07T15:33:43-07:00" level=info msg="Tool required for debug" tool="esp32:esp-x32@2411"
time="2025-08-07T15:33:43-07:00" level=info msg="Tool required for debug" tool="esp32:esp32-arduino-libs@idf-release_v5.5-b66b5448-v1"
time="2025-08-07T15:33:43-07:00" level=info msg="Tool required for debug" tool="esp32:esptool_py@5.0.0"
2025-08-07 15:33:43 2025-08-07T22:33:43.257Z daemon INFO time="2025-08-07T15:33:43-07:00" level=info msg="Tool required for debug" tool="esp32:mklittlefs@3.0.0-gnu12-dc7f933"
time="2025-08-07T15:33:43-07:00" level=info msg="Tool required for debug" tool="esp32:mkspiffs@0.2.3"
time="2025-08-07T15:33:43-07:00" level=info msg="Tool required for debug" tool="esp32:openocd-esp32@v0.12.0-esp32-20250422"
time="2025-08-07T15:33:43-07:00" level=info msg="Tool required for debug" tool="esp32:riscv32-esp-elf-gdb@16.2_20250324"
time="2025-08-07T15:33:43-07:00" level=info msg="Tool required for debug" tool="esp32:xtensa-esp-elf-gdb@16.2_20250324"
time="2025-08-07T15:33:43-07:00" level=info msg="Tool required for debug" tool="arduino:avrdude@6.3.0-arduino17"
time="2025-08-07T15:33:43-07:00" level=info msg="Tool required for debug" tool="builtin:dfu-discovery@0.1.2"
time="2025-08-07T15:33:43-07:00" level=info msg="Tool required for debug" tool="arduino:arduinoOTA@1.3.0"
time="2025-08-07T15:33:43-07:00" level=info msg="Tool required for debug" tool="builtin:ctags@5.8-arduino11"
time="2025-08-07T15:33:43-07:00" level=info msg="Tool required for debug" tool="builtin:mdns-discovery@1.0.9"
2025-08-07 15:33:43 2025-08-07T22:33:43.257Z daemon INFO time="2025-08-07T15:33:43-07:00" level=info msg="Tool required for debug" tool="builtin:serial-discovery@1.4.1"
time="2025-08-07T15:33:43-07:00" level=info msg="Tool required for debug" tool="arduino:avr-gcc@7.3.0-atmel3.6.1-arduino7"
time="2025-08-07T15:33:43-07:00" level=info msg="Tool required for debug" tool="builtin:serial-monitor@0.15.0"
2025-08-07 15:33:43 2025-08-07T22:33:43.261Z daemon INFO time="2025-08-07T15:33:43-07:00" level=info msg="Tool required for debug" tool="arduino:dfu-util@0.11.0-arduino5"
time="2025-08-07T15:33:43-07:00" level=info msg="Tool required for debug" tool="esp32:esp-rv32@2411"
time="2025-08-07T15:33:43-07:00" level=info msg="Tool required for debug" tool="esp32:esp-x32@2411"
time="2025-08-07T15:33:43-07:00" level=info msg="Tool required for debug" tool="esp32:esp32-arduino-libs@idf-release_v5.5-b66b5448-v1"
2025-08-07 15:33:43 2025-08-07T22:33:43.261Z daemon INFO time="2025-08-07T15:33:43-07:00" level=info msg="Tool required for debug" tool="esp32:esptool_py@5.0.0"
time="2025-08-07T15:33:43-07:00" level=info msg="Tool required for debug" tool="esp32:mklittlefs@3.0.0-gnu12-dc7f933"
time="2025-08-07T15:33:43-07:00" level=info msg="Tool required for debug" tool="esp32:mkspiffs@0.2.3"
time="2025-08-07T15:33:43-07:00" level=info msg="Tool required for debug" tool="esp32:openocd-esp32@v0.12.0-esp32-20250422"
time="2025-08-07T15:33:43-07:00" level=info msg="Tool required for debug" tool="esp32:riscv32-esp-elf-gdb@16.2_20250324"
2025-08-07 15:33:43 2025-08-07T22:33:43.261Z daemon INFO time="2025-08-07T15:33:43-07:00" level=info msg="Tool required for debug" tool="esp32:xtensa-esp-elf-gdb@16.2_20250324"
time="2025-08-07T15:33:43-07:00" level=info msg="Tool required for debug" tool="arduino:arduinoOTA@1.3.0"
time="2025-08-07T15:33:43-07:00" level=info msg="Tool required for debug" tool="arduino:avr-gcc@7.3.0-atmel3.6.1-arduino7"
2025-08-07 15:33:43 2025-08-07T22:33:43.261Z daemon INFO time="2025-08-07T15:33:43-07:00" level=info msg="Tool required for debug" tool="builtin:serial-monitor@0.15.0"
time="2025-08-07T15:33:43-07:00" level=info msg="Tool required for debug" tool="arduino:avrdude@6.3.0-arduino17"
time="2025-08-07T15:33:43-07:00" level=info msg="Tool required for debug" tool="builtin:dfu-discovery@0.1.2"
2025-08-07 15:33:43 2025-08-07T22:33:43.261Z daemon INFO time="2025-08-07T15:33:43-07:00" level=info msg="Tool required for debug" tool="builtin:mdns-discovery@1.0.9"
2025-08-07 15:33:43 2025-08-07T22:33:43.262Z daemon INFO time="2025-08-07T15:33:43-07:00" level=info msg="Tool required for debug" tool="builtin:serial-discovery@1.4.1"
time="2025-08-07T15:33:43-07:00" level=info msg="Tool required for debug" tool="builtin:ctags@5.8-arduino11"
2025-08-07 15:33:43 2025-08-07T22:33:43.317Z root ERROR [hosted-plugin: 18727] Conflict in settings file Default: Ignoring cortex-debug.armToolchainPath.linux as cortex-debug.armToolchainPath is null
2025-08-07 15:33:43 2025-08-07T22:33:43.317Z root ERROR [hosted-plugin: 18727] Conflict in settings file Default: Ignoring cortex-debug.armToolchainPath.osx as cortex-debug.armToolchainPath is null
Conflict in settings file Default: Ignoring cortex-debug.armToolchainPath.windows as cortex-debug.armToolchainPath is null
2025-08-07 15:33:43 2025-08-07T22:33:43.317Z root ERROR [hosted-plugin: 18727] Conflict in settings file Default: Ignoring cortex-debug.JLinkGDBServerPath.linux as cortex-debug.JLinkGDBServerPath is null
Conflict in settings file Default: Ignoring cortex-debug.JLinkGDBServerPath.osx as cortex-debug.JLinkGDBServerPath is null
2025-08-07 15:33:43 2025-08-07T22:33:43.317Z root ERROR [hosted-plugin: 18727] Conflict in settings file Default: Ignoring cortex-debug.JLinkGDBServerPath.windows as cortex-debug.JLinkGDBServerPath is null
2025-08-07 15:33:43 2025-08-07T22:33:43.317Z root ERROR [hosted-plugin: 18727] Conflict in settings file Default: Ignoring cortex-debug.openocdPath.linux as cortex-debug.openocdPath is null
2025-08-07 15:33:43 2025-08-07T22:33:43.318Z root ERROR [hosted-plugin: 18727] Conflict in settings file Default: Ignoring cortex-debug.openocdPath.osx as cortex-debug.openocdPath is null
Conflict in settings file Default: Ignoring cortex-debug.openocdPath.windows as cortex-debug.openocdPath is null
Conflict in settings file Default: Ignoring cortex-debug.pyocdPath.linux as cortex-debug.pyocdPath is null
Conflict in settings file Default: Ignoring cortex-debug.pyocdPath.osx as cortex-debug.pyocdPath is null
2025-08-07 15:33:43 2025-08-07T22:33:43.318Z root ERROR [hosted-plugin: 18727] Conflict in settings file Default: Ignoring cortex-debug.pyocdPath.windows as cortex-debug.pyocdPath is null
Conflict in settings file Default: Ignoring cortex-debug.PEGDBServerPath.linux as cortex-debug.PEGDBServerPath is null
Conflict in settings file Default: Ignoring cortex-debug.PEGDBServerPath.osx as cortex-debug.PEGDBServerPath is null
2025-08-07 15:33:43 2025-08-07T22:33:43.318Z root ERROR [hosted-plugin: 18727] Conflict in settings file Default: Ignoring cortex-debug.PEGDBServerPath.windows as cortex-debug.PEGDBServerPath is null
Conflict in settings file Default: Ignoring cortex-debug.stutilPath.linux as cortex-debug.stutilPath is null
Conflict in settings file Default: Ignoring cortex-debug.stutilPath.osx as cortex-debug.stutilPath is null
Conflict in settings file Default: Ignoring cortex-debug.stutilPath.windows as cortex-debug.stutilPath is null
Conflict in settings file Default: Ignoring cortex-debug.stlinkPath.linux as cortex-debug.stlinkPath is null
Conflict in settings file Default: Ignoring cortex-debug.stlinkPath.osx as cortex-debug.stlinkPath is null
Conflict in settings file Default: Ignoring cortex-debug.stlinkPath.windows as cortex-debug.stlinkPath is null
Conflict in settings file Default: Ignoring cortex-debug.stm32cubeprogrammer.linux as cortex-debug.stm32cubeprogrammer is null
Conflict in settings file Default: Ignoring cortex-debug.stm32cubeprogrammer.osx as cortex-debug.stm32cubeprogrammer is null
Conflict in settings file Default: Ignoring cortex-debug.stm32cubeprogrammer.windows as cortex-debug.stm32cubeprogrammer is null
2025-08-07 15:33:43 2025-08-07T22:33:43.376Z root INFO [hosted-plugin: 18727] PLUGIN_HOST(18727): PluginManagerExtImpl/init()
2025-08-07 15:33:43 2025-08-07T22:33:43.382Z root INFO [hosted-plugin: 18727] PLUGIN_HOST(18727): initializing(vscode-arduino-api@0.1.2 with /nix/store/2d5i1bzbqbnl4rgnhk8czrw5zmqqjdzv-arduino-ide-2.3.6-extracted/resources/app/lib/backend/plugin-vscode-init)
2025-08-07 15:33:43 2025-08-07T22:33:43.495Z root INFO [hosted-plugin: 18727] PLUGIN_HOST(18727): initializing(json-language-features@1.88.1 with /nix/store/2d5i1bzbqbnl4rgnhk8czrw5zmqqjdzv-arduino-ide-2.3.6-extracted/resources/app/lib/backend/plugin-vscode-init)
2025-08-07 15:33:43 2025-08-07T22:33:43.502Z root INFO [hosted-plugin: 18727] PLUGIN_HOST(18727): initializing(cortex-debug@1.5.1 with /nix/store/2d5i1bzbqbnl4rgnhk8czrw5zmqqjdzv-arduino-ide-2.3.6-extracted/resources/app/lib/backend/plugin-vscode-init)
2025-08-07 15:33:43 2025-08-07T22:33:43.502Z root INFO [hosted-plugin: 18727] Debugger contribution has been registered: cortex-debug
2025-08-07 15:33:43 2025-08-07T22:33:43.505Z root INFO [hosted-plugin: 18727] PLUGIN_HOST(18727): initializing(vscode-arduino-tools@0.1.3 with /nix/store/2d5i1bzbqbnl4rgnhk8czrw5zmqqjdzv-arduino-ide-2.3.6-extracted/resources/app/lib/backend/plugin-vscode-init)
2025-08-07 15:33:43 2025-08-07T22:33:43.506Z root INFO [hosted-plugin: 18727] PLUGIN_HOST(18727): initializing(cpp@1.88.1 with /nix/store/2d5i1bzbqbnl4rgnhk8czrw5zmqqjdzv-arduino-ide-2.3.6-extracted/resources/app/lib/backend/plugin-vscode-init)
2025-08-07 15:33:43 2025-08-07T22:33:43.508Z root INFO [hosted-plugin: 18727] PLUGIN_HOST(18727): initializing(json@1.88.1 with /nix/store/2d5i1bzbqbnl4rgnhk8czrw5zmqqjdzv-arduino-ide-2.3.6-extracted/resources/app/lib/backend/plugin-vscode-init)
2025-08-07 15:33:43 2025-08-07T22:33:43.514Z root INFO [hosted-plugin: 18727] PLUGIN_HOST(18727): initializing(vscode-language-pack-bg@1.48.3 with /nix/store/2d5i1bzbqbnl4rgnhk8czrw5zmqqjdzv-arduino-ide-2.3.6-extracted/resources/app/lib/backend/plugin-vscode-init)
2025-08-07 15:33:43 2025-08-07T22:33:43.515Z root INFO [hosted-plugin: 18727] PLUGIN_HOST(18727): initializing(vscode-language-pack-cs@1.96.0 with /nix/store/2d5i1bzbqbnl4rgnhk8czrw5zmqqjdzv-arduino-ide-2.3.6-extracted/resources/app/lib/backend/plugin-vscode-init)
2025-08-07 15:33:43 2025-08-07T22:33:43.516Z root INFO [hosted-plugin: 18727] PLUGIN_HOST(18727): initializing(vscode-language-pack-de@1.96.0 with /nix/store/2d5i1bzbqbnl4rgnhk8czrw5zmqqjdzv-arduino-ide-2.3.6-extracted/resources/app/lib/backend/plugin-vscode-init)
2025-08-07 15:33:43 2025-08-07T22:33:43.517Z root INFO [hosted-plugin: 18727] PLUGIN_HOST(18727): initializing(vscode-language-pack-es@1.96.0 with /nix/store/2d5i1bzbqbnl4rgnhk8czrw5zmqqjdzv-arduino-ide-2.3.6-extracted/resources/app/lib/backend/plugin-vscode-init)
2025-08-07 15:33:43 2025-08-07T22:33:43.517Z root INFO [hosted-plugin: 18727] PLUGIN_HOST(18727): initializing(vscode-language-pack-fr@1.96.0 with /nix/store/2d5i1bzbqbnl4rgnhk8czrw5zmqqjdzv-arduino-ide-2.3.6-extracted/resources/app/lib/backend/plugin-vscode-init)
2025-08-07 15:33:43 2025-08-07T22:33:43.518Z root INFO [hosted-plugin: 18727] PLUGIN_HOST(18727): initializing(vscode-language-pack-hu@1.48.3 with /nix/store/2d5i1bzbqbnl4rgnhk8czrw5zmqqjdzv-arduino-ide-2.3.6-extracted/resources/app/lib/backend/plugin-vscode-init)
2025-08-07 15:33:43 2025-08-07T22:33:43.518Z root INFO [hosted-plugin: 18727] PLUGIN_HOST(18727): initializing(vscode-language-pack-it@1.96.0 with /nix/store/2d5i1bzbqbnl4rgnhk8czrw5zmqqjdzv-arduino-ide-2.3.6-extracted/resources/app/lib/backend/plugin-vscode-init)
2025-08-07 15:33:43 2025-08-07T22:33:43.519Z root INFO [hosted-plugin: 18727] PLUGIN_HOST(18727): initializing(vscode-language-pack-ja@1.96.0 with /nix/store/2d5i1bzbqbnl4rgnhk8czrw5zmqqjdzv-arduino-ide-2.3.6-extracted/resources/app/lib/backend/plugin-vscode-init)
2025-08-07 15:33:43 2025-08-07T22:33:43.519Z root INFO [hosted-plugin: 18727] PLUGIN_HOST(18727): initializing(vscode-language-pack-ko@1.96.0 with /nix/store/2d5i1bzbqbnl4rgnhk8czrw5zmqqjdzv-arduino-ide-2.3.6-extracted/resources/app/lib/backend/plugin-vscode-init)
2025-08-07 15:33:43 2025-08-07T22:33:43.520Z root INFO [hosted-plugin: 18727] PLUGIN_HOST(18727): initializing(vscode-language-pack-nl@1.48.3 with /nix/store/2d5i1bzbqbnl4rgnhk8czrw5zmqqjdzv-arduino-ide-2.3.6-extracted/resources/app/lib/backend/plugin-vscode-init)
2025-08-07 15:33:43 2025-08-07T22:33:43.520Z root INFO [hosted-plugin: 18727] PLUGIN_HOST(18727): initializing(vscode-language-pack-pl@1.96.0 with /nix/store/2d5i1bzbqbnl4rgnhk8czrw5zmqqjdzv-arduino-ide-2.3.6-extracted/resources/app/lib/backend/plugin-vscode-init)
2025-08-07 15:33:43 2025-08-07T22:33:43.520Z root INFO [hosted-plugin: 18727] PLUGIN_HOST(18727): initializing(vscode-language-pack-pt-BR@1.96.0 with /nix/store/2d5i1bzbqbnl4rgnhk8czrw5zmqqjdzv-arduino-ide-2.3.6-extracted/resources/app/lib/backend/plugin-vscode-init)
2025-08-07 15:33:43 2025-08-07T22:33:43.521Z root INFO [hosted-plugin: 18727] PLUGIN_HOST(18727): initializing(vscode-language-pack-ru@1.96.0 with /nix/store/2d5i1bzbqbnl4rgnhk8czrw5zmqqjdzv-arduino-ide-2.3.6-extracted/resources/app/lib/backend/plugin-vscode-init)
2025-08-07 15:33:43 2025-08-07T22:33:43.521Z root INFO [hosted-plugin: 18727] PLUGIN_HOST(18727): initializing(vscode-language-pack-tr@1.96.0 with /nix/store/2d5i1bzbqbnl4rgnhk8czrw5zmqqjdzv-arduino-ide-2.3.6-extracted/resources/app/lib/backend/plugin-vscode-init)
2025-08-07 15:33:43 2025-08-07T22:33:43.521Z root INFO [hosted-plugin: 18727] PLUGIN_HOST(18727): initializing(vscode-language-pack-uk@1.48.3 with /nix/store/2d5i1bzbqbnl4rgnhk8czrw5zmqqjdzv-arduino-ide-2.3.6-extracted/resources/app/lib/backend/plugin-vscode-init)
2025-08-07 15:33:43 2025-08-07T22:33:43.522Z root INFO [hosted-plugin: 18727] PLUGIN_HOST(18727): initializing(vscode-language-pack-zh-hans@1.96.0 with /nix/store/2d5i1bzbqbnl4rgnhk8czrw5zmqqjdzv-arduino-ide-2.3.6-extracted/resources/app/lib/backend/plugin-vscode-init)
2025-08-07 15:33:43 2025-08-07T22:33:43.522Z root INFO [hosted-plugin: 18727] PLUGIN_HOST(18727): initializing(vscode-language-pack-zh-hant@1.96.0 with /nix/store/2d5i1bzbqbnl4rgnhk8czrw5zmqqjdzv-arduino-ide-2.3.6-extracted/resources/app/lib/backend/plugin-vscode-init)
2025-08-07 15:33:43 2025-08-07T22:33:43.544Z root INFO [hosted-plugin: 18727] PLUGIN_HOST(18727): PluginManagerExtImpl/loadPlugin(/nix/store/2d5i1bzbqbnl4rgnhk8czrw5zmqqjdzv-arduino-ide-2.3.6-extracted/resources/app/plugins/vscode-builtin-json-language-features/extension/client/dist/node/jsonClientMain)
2025-08-07 15:33:43 2025-08-07T22:33:43.604Z root INFO [hosted-plugin: 18727] PLUGIN_HOST(18727): PluginManagerExtImpl/loadPlugin(/nix/store/2d5i1bzbqbnl4rgnhk8czrw5zmqqjdzv-arduino-ide-2.3.6-extracted/resources/app/plugins/vscode-arduino-api/extension/dist/extension.js)
2025-08-07 15:33:43 2025-08-07T22:33:43.607Z root INFO [hosted-plugin: 18727] calling activation function on Arduino IDE API for VS Code extensions
2025-08-07 15:33:43 2025-08-07T22:33:43.650Z root INFO [fc9a6c9e-17b9-468d-8279-882f67ff9c77] Starting plugins.
2025-08-07 15:33:43 2025-08-07T22:33:43.655Z root INFO [hosted-plugin: 18727] PLUGIN_HOST(18727): PluginManagerExtImpl/loadPlugin(/nix/store/2d5i1bzbqbnl4rgnhk8czrw5zmqqjdzv-arduino-ide-2.3.6-extracted/resources/app/plugins/cortex-debug/extension/dist/extension.js)
2025-08-07 15:33:43 2025-08-07T22:33:43.691Z root INFO [hosted-plugin: 18727] Debug configuration provider has been registered: cortex-debug, trigger: 1
2025-08-07 15:33:43 2025-08-07T22:33:43.691Z root INFO [hosted-plugin: 18727] calling activation function on Cortex-Debug
2025-08-07 15:33:43 2025-08-07T22:33:43.694Z root INFO [hosted-plugin: 18727] GDB server console created
2025-08-07 15:33:43 2025-08-07T22:33:43.718Z root INFO [fc9a6c9e-17b9-468d-8279-882f67ff9c77] Start of 23 plugins: 1530.5 ms [Finished 4.944 s after frontend start]
2025-08-07 15:33:43 2025-08-07T22:33:43.783Z root INFO Starting language server: esp32:esp32:esp32doit-devkit-v1:UploadSpeed=921600,FlashFreq=80,DebugLevel=none,EraseFlash=none
2025-08-07 15:33:43 2025-08-07T22:33:43.834Z root INFO [hosted-plugin: 18727] PLUGIN_HOST(18727): PluginManagerExtImpl/loadPlugin(/nix/store/2d5i1bzbqbnl4rgnhk8czrw5zmqqjdzv-arduino-ide-2.3.6-extracted/resources/app/plugins/vscode-arduino-tools/extension/dist/extension.js)
2025-08-07 15:33:43 2025-08-07T22:33:43.874Z root INFO [hosted-plugin: 18727] calling activation function on VS Code Arduino Tools
2025-08-07 15:33:43 2025-08-07T22:33:43.888Z root INFO [hosted-plugin: 18727] calling activation function on JSON Language Features (built-in)
2025-08-07 15:33:43 2025-08-07T22:33:43.921Z daemon INFO time="2025-08-07T15:33:43-07:00" level=info msg="Adding libraries dir" dir=/home/aaron/.arduino15/libraries isSingleLibrary=false location=ide
time="2025-08-07T15:33:43-07:00" level=info msg="Adding libraries dir" dir=/home/aaron/.arduino15/packages/esp32/hardware/esp32/3.3.0/libraries isSingleLibrary=false location=platform
time="2025-08-07T15:33:43-07:00" level=info msg="Adding libraries dir" dir=/home/aaron/Arduino/libraries isSingleLibrary=false location=user
2025-08-07 15:33:45 2025-08-07T22:33:45.040Z daemon INFO time="2025-08-07T15:33:45-07:00" level=info msg="Resolving include BluetoothSerial.h for arch esp32"
time="2025-08-07T15:33:45-07:00" level=info msg="  found better lib" lib=BluetoothSerial prio=6B0
2025-08-07 15:33:45 2025-08-07T22:33:45.758Z daemon INFO time="2025-08-07T15:33:45-07:00" level=info msg="Resolving include Wire.h for arch esp32"
time="2025-08-07T15:33:45-07:00" level=info msg="  found better lib" lib=Wire prio=6B0
2025-08-07 15:33:47 2025-08-07T22:33:47.488Z daemon INFO time="2025-08-07T15:33:47-07:00" level=info msg="Adding libraries dir" dir=/home/aaron/.arduino15/libraries isSingleLibrary=false location=ide
time="2025-08-07T15:33:47-07:00" level=info msg="Adding libraries dir" dir=/home/aaron/.arduino15/packages/esp32/hardware/esp32/3.3.0/libraries isSingleLibrary=false location=platform
time="2025-08-07T15:33:47-07:00" level=info msg="Adding libraries dir" dir=/home/aaron/Arduino/libraries isSingleLibrary=false location=user
2025-08-07 15:35:48 2025-08-07T22:35:48.071Z root ERROR ---- !!!SLOW!!! DURATION: search took 559.751 ms. Args: [{"query":"","type":"All","topic":"All"}] ----
2025-08-07 16:10:59 isTempSketch: false. Input was /home/aaron/projects/esp32_ble/master
2025-08-07 16:10:59 Marking workspace as a closed sketch. Workspace URI: file:///home/aaron/projects/esp32_ble/master. Date: 1754608259520.
2025-08-07 16:10:59 isTempSketch: false. Input was /home/aaron/projects/esp32_ble/master
2025-08-07 16:10:59 Marking workspace as a closed sketch. Workspace URI: file:///home/aaron/projects/esp32_ble/master. Date: 1754608259525.
2025-08-07 16:10:59 Closing channel on service path '/services/electron-window'.
2025-08-07 16:10:59 Closing channel on service path '/services/ide-updater'.
2025-08-07 16:10:59 2025-08-07T23:10:59.537Z root INFO socked closed
2025-08-07 16:10:59 2025-08-07T23:10:59.537Z root INFO closing connection for 2
2025-08-07 16:10:59 2025-08-07T23:10:59.537Z root INFO Closing channel on service path '/localization-server'.
2025-08-07 16:10:59 2025-08-07T23:10:59.537Z root INFO Closing channel on service path '/os'.
2025-08-07 16:10:59 2025-08-07T23:10:59.537Z root INFO Closing channel on service path '/services/commands'.
2025-08-07 16:10:59 2025-08-07T23:10:59.537Z root INFO Closing channel on service path '/services/keyboard'.
2025-08-07 16:10:59 2025-08-07T23:10:59.537Z root INFO Closing channel on service path '/services/logger'.
2025-08-07 16:10:59 2025-08-07T23:10:59.537Z root INFO Closing channel on service path '/services/messageService'.
2025-08-07 16:10:59 2025-08-07T23:10:59.537Z root INFO Closing channel on service path '/services/ChannelCloseService'.
2025-08-07 16:10:59 2025-08-07T23:10:59.537Z root INFO Closing channel on service path '/services/remote-filesystem'.
2025-08-07 16:10:59 2025-08-07T23:10:59.537Z root INFO Closing channel on service path '/services/envs'.
2025-08-07 16:10:59 2025-08-07T23:10:59.537Z root INFO Closing channel on service path '/services/authentication-service'.
2025-08-07 16:10:59 2025-08-07T23:10:59.537Z root INFO Closing channel on service path '/services/sketches-service'.
2025-08-07 16:10:59 2025-08-07T23:10:59.537Z root INFO Closing channel on service path '/services/config-service'.
2025-08-07 16:10:59 2025-08-07T23:10:59.537Z root INFO Closing channel on service path '/services/workspace'.
2025-08-07 16:10:59 2025-08-07T23:10:59.537Z root INFO Closing channel on service path '/services/notification-service'.
2025-08-07 16:10:59 2025-08-07T23:10:59.537Z root INFO Closing channel on service path '/services/arduino-daemon'.
2025-08-07 16:10:59 2025-08-07T23:10:59.537Z root INFO Closing channel on service path '/services/stopwatch'.
2025-08-07 16:10:59 2025-08-07T23:10:59.537Z root INFO Closing channel on service path '/services/application'.
2025-08-07 16:10:59 2025-08-07T23:10:59.537Z root INFO Closing channel on service path '/services/i18n'.
2025-08-07 16:10:59 2025-08-07T23:10:59.538Z root INFO Closing channel on service path '/services/quickInput'.
2025-08-07 16:10:59 2025-08-07T23:10:59.538Z root INFO Closing channel on service path '/services/debug'.
2025-08-07 16:10:59 2025-08-07T23:10:59.538Z root INFO Closing channel on service path '/services/shell-terminal'.
2025-08-07 16:10:59 2025-08-07T23:10:59.538Z root INFO Closing channel on service path '/services/quickPick'.
2025-08-07 16:10:59 2025-08-07T23:10:59.538Z root INFO Closing channel on service path '/services/task'.
2025-08-07 16:10:59 2025-08-07T23:10:59.538Z root INFO Closing channel on service path '/services/search'.
2025-08-07 16:10:59 2025-08-07T23:10:59.538Z root INFO Closing channel on service path '/services/hostedPlugin'.
2025-08-07 16:10:59 2025-08-07T23:10:59.538Z root INFO Closing channel on service path '/services/plugin-ext'.
2025-08-07 16:10:59 2025-08-07T23:10:59.538Z root INFO Closing channel on service path '/services/plugin-paths'.
2025-08-07 16:10:59 2025-08-07T23:10:59.538Z root INFO Closing channel on service path '/services/cli-preferences'.
2025-08-07 16:10:59 2025-08-07T23:10:59.538Z root INFO Closing channel on service path '/services/boards-service'.
2025-08-07 16:10:59 2025-08-07T23:10:59.538Z root INFO Closing channel on service path '/services/response-service'.
2025-08-07 16:10:59 2025-08-07T23:10:59.538Z root INFO Closing channel on service path '/services/file-system-ext'.
2025-08-07 16:10:59 2025-08-07T23:10:59.538Z root INFO Closing channel on service path '/services/core-service'.
2025-08-07 16:10:59 2025-08-07T23:10:59.538Z root INFO Closing channel on service path '/services/example-service'.
2025-08-07 16:10:59 2025-08-07T23:10:59.538Z root INFO Closing channel on service path '/services/library-service'.
2025-08-07 16:10:59 2025-08-07T23:10:59.538Z root INFO Closing channel on service path '/services/executable-service'.
2025-08-07 16:10:59 2025-08-07T23:10:59.538Z root INFO Closing channel on service path '/services/arduino-firmware-uploader'.
2025-08-07 16:10:59 2025-08-07T23:10:59.538Z root INFO Closing channel on service path '/services/formatter'.
2025-08-07 16:10:59 2025-08-07T23:10:59.538Z root INFO Closing channel on service path '/services/search-in-workspace'.
2025-08-07 16:10:59 2025-08-07T23:10:59.538Z root INFO Closing channel on service path '/services/request-service'.
2025-08-07 16:10:59 2025-08-07T23:10:59.538Z root INFO Closing channel on service path '/services/keyStore'.
2025-08-07 16:10:59 2025-08-07T23:10:59.538Z root INFO Closing channel on service path '/services/languagePackService'.
2025-08-07 16:30:05 2025-08-07T23:30:05.927Z discovery-log INFO {"eventType":"add","port":{"matchingBoardsList":[],"port":{"address":"/dev/ttyACM0","label":"/dev/ttyACM0","protocol":"serial","protocolLabel":"Serial Port (USB)","propertiesMap":[["pid","0x01a7"],["serialNumber",""],["vid","0x1546"]],"hardwareId":""}},"error":""}
2025-08-07 17:23:13 2025-08-08T00:23:13.537Z root INFO creating connection for 3
2025-08-07 17:23:14 2025-08-08T00:23:14.473Z root ERROR TypeError: Cannot read properties of null (reading 'getCurrentKeyboardLayout')
    at r.getCurrentKeyboardLayout (/nix/store/2d5i1bzbqbnl4rgnhk8czrw5zmqqjdzv-arduino-ide-2.3.6-extracted/resources/app/lib/backend/main.js:2:4537759)
    at t.getCurrentKeyboardLayout (/nix/store/2d5i1bzbqbnl4rgnhk8czrw5zmqqjdzv-arduino-ide-2.3.6-extracted/resources/app/lib/backend/main.js:2:4538141)
    at s.getNativeLayoutSync (/nix/store/2d5i1bzbqbnl4rgnhk8czrw5zmqqjdzv-arduino-ide-2.3.6-extracted/resources/app/lib/backend/main.js:2:1830040)
    at s.getNativeLayout (/nix/store/2d5i1bzbqbnl4rgnhk8czrw5zmqqjdzv-arduino-ide-2.3.6-extracted/resources/app/lib/backend/main.js:2:1829981)
    at u.onRequest (/nix/store/2d5i1bzbqbnl4rgnhk8czrw5zmqqjdzv-arduino-ide-2.3.6-extracted/resources/app/lib/backend/main.js:2:4942964)
    at c.requestHandler (/nix/store/2d5i1bzbqbnl4rgnhk8czrw5zmqqjdzv-arduino-ide-2.3.6-extracted/resources/app/lib/backend/main.js:2:4942783)
    at c.handleRequest (/nix/store/2d5i1bzbqbnl4rgnhk8czrw5zmqqjdzv-arduino-ide-2.3.6-extracted/resources/app/lib/backend/main.js:2:524486)
    at c.handleMessage (/nix/store/2d5i1bzbqbnl4rgnhk8czrw5zmqqjdzv-arduino-ide-2.3.6-extracted/resources/app/lib/backend/main.js:2:522388)
    at /nix/store/2d5i1bzbqbnl4rgnhk8czrw5zmqqjdzv-arduino-ide-2.3.6-extracted/resources/app/lib/backend/main.js:2:522022
    at /nix/store/2d5i1bzbqbnl4rgnhk8czrw5zmqqjdzv-arduino-ide-2.3.6-extracted/resources/app/lib/backend/main.js:2:6419737
2025-08-07 17:23:14 2025-08-08T00:23:14.473Z root ERROR TypeError: Cannot read properties of null (reading 'getKeyMap')
    at r.getKeyMap (/nix/store/2d5i1bzbqbnl4rgnhk8czrw5zmqqjdzv-arduino-ide-2.3.6-extracted/resources/app/lib/backend/main.js:2:4537620)
    at t.getKeyMap (/nix/store/2d5i1bzbqbnl4rgnhk8czrw5zmqqjdzv-arduino-ide-2.3.6-extracted/resources/app/lib/backend/main.js:2:4538201)
    at s.getNativeLayoutSync (/nix/store/2d5i1bzbqbnl4rgnhk8czrw5zmqqjdzv-arduino-ide-2.3.6-extracted/resources/app/lib/backend/main.js:2:1830077)
    at s.getNativeLayout (/nix/store/2d5i1bzbqbnl4rgnhk8czrw5zmqqjdzv-arduino-ide-2.3.6-extracted/resources/app/lib/backend/main.js:2:1829981)
    at u.onRequest (/nix/store/2d5i1bzbqbnl4rgnhk8czrw5zmqqjdzv-arduino-ide-2.3.6-extracted/resources/app/lib/backend/main.js:2:4942964)
    at c.requestHandler (/nix/store/2d5i1bzbqbnl4rgnhk8czrw5zmqqjdzv-arduino-ide-2.3.6-extracted/resources/app/lib/backend/main.js:2:4942783)
    at c.handleRequest (/nix/store/2d5i1bzbqbnl4rgnhk8czrw5zmqqjdzv-arduino-ide-2.3.6-extracted/resources/app/lib/backend/main.js:2:524486)
    at c.handleMessage (/nix/store/2d5i1bzbqbnl4rgnhk8czrw5zmqqjdzv-arduino-ide-2.3.6-extracted/resources/app/lib/backend/main.js:2:522388)
    at /nix/store/2d5i1bzbqbnl4rgnhk8czrw5zmqqjdzv-arduino-ide-2.3.6-extracted/resources/app/lib/backend/main.js:2:522022
    at /nix/store/2d5i1bzbqbnl4rgnhk8czrw5zmqqjdzv-arduino-ide-2.3.6-extracted/resources/app/lib/backend/main.js:2:6419737
2025-08-07 17:23:14 2025-08-08T00:23:14.473Z root WARN A command editor.action.toggleStickyScroll is already registered.
2025-08-07 17:23:14 Opening channel for service path '/services/electron-window'.
2025-08-07 17:23:14 Opening channel for service path '/services/ide-updater'.
2025-08-07 17:23:14 2025-08-08T00:23:14.591Z root INFO Start frontend contributions: 279.6 ms [Finished 1.771 s after frontend start]
2025-08-07 17:23:14 2025-08-08T00:23:14.591Z root INFO Changed application state from 'init' to 'started_contributions'.
2025-08-07 17:23:14 2025-08-08T00:23:14.607Z root INFO Changed application state from 'started_contributions' to 'attached_shell'.
2025-08-07 17:23:14 2025-08-08T00:23:14.608Z root INFO >>> Restoring the layout state...
2025-08-07 17:23:14 2025-08-08T00:23:14.647Z root INFO [b7b0bb7a-f633-4c66-b9a0-f014af0625f8] Waiting for backend deployment: 73.8 ms [Finished 1.840 s after frontend start]
2025-08-07 17:23:14 2025-08-08T00:23:14.906Z root INFO ------- SERIALIZED LAYOUT DATA -------
2025-08-07 17:23:14 2025-08-08T00:23:14.906Z root INFO {"version":5,"mainPanel":{"main":{"type":"tab-area","widgets":[{"constructionOptions":{"factoryId":"code-editor-opener","options":{"counter":0,"kind":"navigatable","uri":"file:///home/aaron/projects/esp32_ble/master/master.ino"}},"innerWidgetState":"{\"cursorState\":[{\"inSelectionMode\":false,\"selectionStart\":{\"lineNumber\":1,\"column\":1},\"position\":{\"lineNumber\":1,\"column\":1}}],\"viewState\":{\"scrollLeft\":0,\"firstPosition\":{\"lineNumber\":121,\"column\":1},\"firstPositionDeltaTop\":-4},\"contributionsState\":{\"editor.contrib.folding\":{\"lineCount\":250,\"provider\":\"indent\",\"foldedImports\":false},\"editor.contrib.wordHighlighter\":false}}"}],"currentIndex":0}},"mainPanelPinned":[false],"bottomPanel":{"config":{"main":null},"pinned":[],"expanded":false},"leftPanel":{"type":"sidepanel","items":[{"widget":{"constructionOptions":{"factoryId":"arduino-sketchbook-widget"}},"rank":1,"expanded":false,"pinned":false},{"widget":{"constructionOptions":{"factoryId":"boards-list-widget"}},"rank":2,"expanded":false,"pinned":false},{"widget":{"constructionOptions":{"factoryId":"library-list-widget"}},"rank":3,"expanded":false,"pinned":false},{"widget":{"constructionOptions":{"factoryId":"debug"},"innerWidgetState":"{\"parts\":[{\"widget\":{\"constructionOptions\":{\"factoryId\":\"debug:threads\"},\"innerWidgetState\":\"{}\"},\"partId\":\"debug:threads:-1\",\"collapsed\":false,\"hidden\":false,\"relativeSize\":1.384,\"originalContainerId\":\"debug:view-container:-1\",\"originalContainerTitle\":{\"label\":\"debug\",\"iconClass\":\"codicon codicon-debug-alt\",\"closeable\":true}},{\"widget\":{\"constructionOptions\":{\"factoryId\":\"debug:frames\"},\"innerWidgetState\":\"{}\"},\"partId\":\"debug:frames:-1\",\"collapsed\":false,\"hidden\":false,\"relativeSize\":1.384,\"originalContainerId\":\"debug:view-container:-1\",\"originalContainerTitle\":{\"label\":\"debug\",\"iconClass\":\"codicon codicon-debug-alt\",\"closeable\":true}},{\"widget\":{\"constructionOptions\":{\"factoryId\":\"debug:variables\"},\"innerWidgetState\":\"{}\"},\"partId\":\"debug:variables:-1\",\"collapsed\":false,\"hidden\":false,\"relativeSize\":1.384,\"originalContainerId\":\"debug:view-container:-1\",\"originalContainerTitle\":{\"label\":\"debug\",\"iconClass\":\"codicon codicon-debug-alt\",\"closeable\":true}},{\"widget\":{\"constructionOptions\":{\"factoryId\":\"debug:watch\"},\"innerWidgetState\":\"{}\"},\"partId\":\"debug:watch:-1\",\"collapsed\":false,\"hidden\":false,\"relativeSize\":1.384,\"originalContainerId\":\"debug:view-container:-1\",\"originalContainerTitle\":{\"label\":\"debug\",\"iconClass\":\"codicon codicon-debug-alt\",\"closeable\":true}},{\"widget\":{\"constructionOptions\":{\"factoryId\":\"debug:breakpoints\"},\"innerWidgetState\":\"{}\"},\"partId\":\"debug:breakpoints:-1\",\"collapsed\":false,\"hidden\":false,\"relativeSize\":1.384,\"originalContainerId\":\"debug:view-container:-1\",\"originalContainerTitle\":{\"label\":\"debug\",\"iconClass\":\"codicon codicon-debug-alt\",\"closeable\":true}},{\"widget\":{\"constructionOptions\":{\"factoryId\":\"plugin-view\",\"options\":{\"id\":\"plugin-view:cortex-debug.peripherals\",\"viewId\":\"cortex-debug.peripherals\"}},\"innerWidgetState\":\"{\\\"label\\\":\\\"Cortex Peripherals\\\",\\\"widgets\\\":[],\\\"suppressUpdateViewVisibility\\\":false,\\\"currentViewContainerId\\\":\\\"debug\\\"}\"},\"partId\":\"plugin-view:cortex-debug.peripherals\",\"collapsed\":true,\"hidden\":true,\"originalContainerId\":\"debug:view-container:-1\",\"originalContainerTitle\":{\"label\":\"debug\",\"iconClass\":\"codicon codicon-debug-alt\",\"closeable\":true}},{\"widget\":{\"constructionOptions\":{\"factoryId\":\"plugin-view\",\"options\":{\"id\":\"plugin-view:cortex-debug.registers\",\"viewId\":\"cortex-debug.registers\"}},\"innerWidgetState\":\"{\\\"label\\\":\\\"Cortex Registers\\\",\\\"widgets\\\":[],\\\"suppressUpdateViewVisibility\\\":false,\\\"currentViewContainerId\\\":\\\"debug\\\"}\"},\"partId\":\"plugin-view:cortex-debug.registers\",\"collapsed\":true,\"hidden\":true,\"originalContainerId\":\"debug:view-container:-1\",\"originalContainerTitle\":{\"label\":\"debug\",\"iconClass\":\"codicon codicon-debug-alt\",\"closeable\":true}}],\"title\":{\"label\":\"debug\",\"iconClass\":\"codicon codicon-debug-alt\",\"closeable\":true}}"},"rank":4,"expanded":false,"pinned":false},{"widget":{"constructionOptions":{"factoryId":"search-view-container"},"innerWidgetState":"{\"parts\":[{\"widget\":{\"constructionOptions\":{\"factoryId\":\"search-in-workspace\"},\"innerWidgetState\":\"{\\\"matchCaseState\\\":{\\\"className\\\":\\\"codicon codicon-case-sensitive\\\",\\\"enabled\\\":false,\\\"title\\\":\\\"Match Case\\\"},\\\"wholeWordState\\\":{\\\"className\\\":\\\"codicon codicon-whole-word\\\",\\\"enabled\\\":false,\\\"title\\\":\\\"Match Whole Word\\\"},\\\"regExpState\\\":{\\\"className\\\":\\\"codicon codicon-regex\\\",\\\"enabled\\\":false,\\\"title\\\":\\\"Use Regular Expression\\\"},\\\"includeIgnoredState\\\":{\\\"className\\\":\\\"codicon codicon-eye\\\",\\\"enabled\\\":false,\\\"title\\\":\\\"Include Ignored Files\\\"},\\\"showSearchDetails\\\":false,\\\"searchInWorkspaceOptions\\\":{\\\"matchCase\\\":false,\\\"matchWholeWord\\\":false,\\\"useRegExp\\\":false,\\\"multiline\\\":false,\\\"includeIgnored\\\":false,\\\"include\\\":[],\\\"exclude\\\":[],\\\"maxResults\\\":2000},\\\"searchTerm\\\":\\\"\\\",\\\"replaceTerm\\\":\\\"\\\",\\\"showReplaceField\\\":false,\\\"searchHistoryState\\\":{\\\"history\\\":[],\\\"index\\\":0},\\\"replaceHistoryState\\\":{\\\"history\\\":[],\\\"index\\\":0},\\\"includeHistoryState\\\":{\\\"history\\\":[],\\\"index\\\":0},\\\"excludeHistoryState\\\":{\\\"history\\\":[],\\\"index\\\":0}}\"},\"partId\":\"search-in-workspace\",\"collapsed\":false,\"hidden\":false,\"originalContainerId\":\"search-view-container\",\"originalContainerTitle\":{\"label\":\"Search\",\"iconClass\":\"codicon codicon-search\",\"closeable\":true}}],\"title\":{\"label\":\"Search\",\"iconClass\":\"fa fa-arduino-search\",\"closeable\":true}}"},"rank":5,"expanded":false,"pinned":false}],"size":268},"rightPanel":{"type":"sidepanel","items":[]}}
2025-08-07 17:23:14 2025-08-08T00:23:14.907Z root INFO ------- END SERIALIZED LAYOUT DATA -------
2025-08-07 17:23:15 2025-08-08T00:23:15.339Z root INFO [hosted-plugin: 31954] PLUGIN_HOST(31954) starting instance
[Object: null prototype] {}
2025-08-07 17:23:16 2025-08-08T00:23:16.133Z root INFO [b7b0bb7a-f633-4c66-b9a0-f014af0625f8] Sync of 23 plugins: 1486.5 ms [Finished 3.326 s after frontend start]
2025-08-07 17:23:16 2025-08-08T00:23:16.316Z root INFO <<< The layout has been successfully restored.
2025-08-07 17:23:16 2025-08-08T00:23:16.397Z root INFO Initialize the workbench layout: 1709.6 ms [Finished 3.511 s after frontend start]
2025-08-07 17:23:16 2025-08-08T00:23:16.398Z root INFO Changed application state from 'attached_shell' to 'initialized_layout'.
2025-08-07 17:23:16 2025-08-08T00:23:16.399Z root INFO [b7b0bb7a-f633-4c66-b9a0-f014af0625f8] Loading plugin contributions
2025-08-07 17:23:16 2025-08-08T00:23:16.399Z root INFO [b7b0bb7a-f633-4c66-b9a0-f014af0625f8] Load contributions of 23 plugins: 76.4 ms [Finished 3.589 s after frontend start]
2025-08-07 17:23:16 2025-08-08T00:23:16.514Z root WARN 'cpp' language is remapped from 'source.cpp.embedded.macro' to 'source.cpp' scope
2025-08-07 17:23:16 2025-08-08T00:23:16.514Z root WARN a registered grammar configuration for 'cpp' language is overridden
2025-08-07 17:23:16 2025-08-08T00:23:16.801Z root ERROR [hosted-plugin: 31954] Conflict in settings file Default: Ignoring cortex-debug.armToolchainPath.linux as cortex-debug.armToolchainPath is null
2025-08-07 17:23:16 2025-08-08T00:23:16.801Z root ERROR [hosted-plugin: 31954] Conflict in settings file Default: Ignoring cortex-debug.armToolchainPath.osx as cortex-debug.armToolchainPath is null
Conflict in settings file Default: Ignoring cortex-debug.armToolchainPath.windows as cortex-debug.armToolchainPath is null
2025-08-07 17:23:16 2025-08-08T00:23:16.801Z root ERROR [hosted-plugin: 31954] Conflict in settings file Default: Ignoring cortex-debug.JLinkGDBServerPath.linux as cortex-debug.JLinkGDBServerPath is null
2025-08-07 17:23:16 2025-08-08T00:23:16.802Z root ERROR [hosted-plugin: 31954] Conflict in settings file Default: Ignoring cortex-debug.JLinkGDBServerPath.osx as cortex-debug.JLinkGDBServerPath is null
2025-08-07 17:23:16 2025-08-08T00:23:16.802Z root ERROR [hosted-plugin: 31954] Conflict in settings file Default: Ignoring cortex-debug.JLinkGDBServerPath.windows as cortex-debug.JLinkGDBServerPath is null
2025-08-07 17:23:16 2025-08-08T00:23:16.802Z root ERROR [hosted-plugin: 31954] Conflict in settings file Default: Ignoring cortex-debug.openocdPath.linux as cortex-debug.openocdPath is null
2025-08-07 17:23:16 2025-08-08T00:23:16.802Z root ERROR [hosted-plugin: 31954] Conflict in settings file Default: Ignoring cortex-debug.openocdPath.osx as cortex-debug.openocdPath is null
2025-08-07 17:23:16 2025-08-08T00:23:16.802Z root ERROR [hosted-plugin: 31954] Conflict in settings file Default: Ignoring cortex-debug.openocdPath.windows as cortex-debug.openocdPath is null
2025-08-07 17:23:16 2025-08-08T00:23:16.802Z root ERROR [hosted-plugin: 31954] Conflict in settings file Default: Ignoring cortex-debug.pyocdPath.linux as cortex-debug.pyocdPath is null
2025-08-07 17:23:16 2025-08-08T00:23:16.802Z root ERROR [hosted-plugin: 31954] Conflict in settings file Default: Ignoring cortex-debug.pyocdPath.osx as cortex-debug.pyocdPath is null
Conflict in settings file Default: Ignoring cortex-debug.pyocdPath.windows as cortex-debug.pyocdPath is null
2025-08-07 17:23:16 2025-08-08T00:23:16.802Z root ERROR [hosted-plugin: 31954] Conflict in settings file Default: Ignoring cortex-debug.PEGDBServerPath.linux as cortex-debug.PEGDBServerPath is null
Conflict in settings file Default: Ignoring cortex-debug.PEGDBServerPath.osx as cortex-debug.PEGDBServerPath is null
Conflict in settings file Default: Ignoring cortex-debug.PEGDBServerPath.windows as cortex-debug.PEGDBServerPath is null
2025-08-07 17:23:16 2025-08-08T00:23:16.802Z root ERROR [hosted-plugin: 31954] Conflict in settings file Default: Ignoring cortex-debug.stutilPath.linux as cortex-debug.stutilPath is null
Conflict in settings file Default: Ignoring cortex-debug.stutilPath.osx as cortex-debug.stutilPath is null
Conflict in settings file Default: Ignoring cortex-debug.stutilPath.windows as cortex-debug.stutilPath is null
2025-08-07 17:23:16 2025-08-08T00:23:16.802Z root ERROR [hosted-plugin: 31954] Conflict in settings file Default: Ignoring cortex-debug.stlinkPath.linux as cortex-debug.stlinkPath is null
Conflict in settings file Default: Ignoring cortex-debug.stlinkPath.osx as cortex-debug.stlinkPath is null
Conflict in settings file Default: Ignoring cortex-debug.stlinkPath.windows as cortex-debug.stlinkPath is null
2025-08-07 17:23:16 2025-08-08T00:23:16.802Z root ERROR [hosted-plugin: 31954] Conflict in settings file Default: Ignoring cortex-debug.stm32cubeprogrammer.linux as cortex-debug.stm32cubeprogrammer is null
Conflict in settings file Default: Ignoring cortex-debug.stm32cubeprogrammer.osx as cortex-debug.stm32cubeprogrammer is null
2025-08-07 17:23:16 2025-08-08T00:23:16.802Z root ERROR [hosted-plugin: 31954] Conflict in settings file Default: Ignoring cortex-debug.stm32cubeprogrammer.windows as cortex-debug.stm32cubeprogrammer is null
2025-08-07 17:23:16 2025-08-08T00:23:16.837Z root INFO [hosted-plugin: 31954] PLUGIN_HOST(31954): PluginManagerExtImpl/init()
2025-08-07 17:23:16 2025-08-08T00:23:16.841Z root INFO [hosted-plugin: 31954] PLUGIN_HOST(31954): initializing(vscode-arduino-api@0.1.2 with /nix/store/2d5i1bzbqbnl4rgnhk8czrw5zmqqjdzv-arduino-ide-2.3.6-extracted/resources/app/lib/backend/plugin-vscode-init)
2025-08-07 17:23:16 2025-08-08T00:23:16.938Z root INFO [hosted-plugin: 31954] PLUGIN_HOST(31954): initializing(json-language-features@1.88.1 with /nix/store/2d5i1bzbqbnl4rgnhk8czrw5zmqqjdzv-arduino-ide-2.3.6-extracted/resources/app/lib/backend/plugin-vscode-init)
2025-08-07 17:23:16 2025-08-08T00:23:16.942Z root INFO [hosted-plugin: 31954] PLUGIN_HOST(31954): initializing(cortex-debug@1.5.1 with /nix/store/2d5i1bzbqbnl4rgnhk8czrw5zmqqjdzv-arduino-ide-2.3.6-extracted/resources/app/lib/backend/plugin-vscode-init)
2025-08-07 17:23:16 2025-08-08T00:23:16.943Z root INFO [hosted-plugin: 31954] Debugger contribution has been registered: cortex-debug
2025-08-07 17:23:16 2025-08-08T00:23:16.945Z root INFO [hosted-plugin: 31954] PLUGIN_HOST(31954): initializing(vscode-arduino-tools@0.1.3 with /nix/store/2d5i1bzbqbnl4rgnhk8czrw5zmqqjdzv-arduino-ide-2.3.6-extracted/resources/app/lib/backend/plugin-vscode-init)
2025-08-07 17:23:16 2025-08-08T00:23:16.947Z root INFO [hosted-plugin: 31954] PLUGIN_HOST(31954): initializing(cpp@1.88.1 with /nix/store/2d5i1bzbqbnl4rgnhk8czrw5zmqqjdzv-arduino-ide-2.3.6-extracted/resources/app/lib/backend/plugin-vscode-init)
2025-08-07 17:23:16 2025-08-08T00:23:16.948Z root INFO [hosted-plugin: 31954] PLUGIN_HOST(31954): initializing(json@1.88.1 with /nix/store/2d5i1bzbqbnl4rgnhk8czrw5zmqqjdzv-arduino-ide-2.3.6-extracted/resources/app/lib/backend/plugin-vscode-init)
2025-08-07 17:23:16 2025-08-08T00:23:16.954Z root INFO [hosted-plugin: 31954] PLUGIN_HOST(31954): initializing(vscode-language-pack-bg@1.48.3 with /nix/store/2d5i1bzbqbnl4rgnhk8czrw5zmqqjdzv-arduino-ide-2.3.6-extracted/resources/app/lib/backend/plugin-vscode-init)
2025-08-07 17:23:16 2025-08-08T00:23:16.955Z root INFO [hosted-plugin: 31954] PLUGIN_HOST(31954): initializing(vscode-language-pack-cs@1.96.0 with /nix/store/2d5i1bzbqbnl4rgnhk8czrw5zmqqjdzv-arduino-ide-2.3.6-extracted/resources/app/lib/backend/plugin-vscode-init)
2025-08-07 17:23:16 2025-08-08T00:23:16.956Z root INFO [hosted-plugin: 31954] PLUGIN_HOST(31954): initializing(vscode-language-pack-de@1.96.0 with /nix/store/2d5i1bzbqbnl4rgnhk8czrw5zmqqjdzv-arduino-ide-2.3.6-extracted/resources/app/lib/backend/plugin-vscode-init)
2025-08-07 17:23:16 2025-08-08T00:23:16.957Z root INFO [hosted-plugin: 31954] PLUGIN_HOST(31954): initializing(vscode-language-pack-es@1.96.0 with /nix/store/2d5i1bzbqbnl4rgnhk8czrw5zmqqjdzv-arduino-ide-2.3.6-extracted/resources/app/lib/backend/plugin-vscode-init)
2025-08-07 17:23:16 2025-08-08T00:23:16.958Z root INFO [hosted-plugin: 31954] PLUGIN_HOST(31954): initializing(vscode-language-pack-fr@1.96.0 with /nix/store/2d5i1bzbqbnl4rgnhk8czrw5zmqqjdzv-arduino-ide-2.3.6-extracted/resources/app/lib/backend/plugin-vscode-init)
2025-08-07 17:23:16 2025-08-08T00:23:16.958Z root INFO [hosted-plugin: 31954] PLUGIN_HOST(31954): initializing(vscode-language-pack-hu@1.48.3 with /nix/store/2d5i1bzbqbnl4rgnhk8czrw5zmqqjdzv-arduino-ide-2.3.6-extracted/resources/app/lib/backend/plugin-vscode-init)
2025-08-07 17:23:16 2025-08-08T00:23:16.959Z root INFO [hosted-plugin: 31954] PLUGIN_HOST(31954): initializing(vscode-language-pack-it@1.96.0 with /nix/store/2d5i1bzbqbnl4rgnhk8czrw5zmqqjdzv-arduino-ide-2.3.6-extracted/resources/app/lib/backend/plugin-vscode-init)
2025-08-07 17:23:16 2025-08-08T00:23:16.960Z root INFO [hosted-plugin: 31954] PLUGIN_HOST(31954): initializing(vscode-language-pack-ja@1.96.0 with /nix/store/2d5i1bzbqbnl4rgnhk8czrw5zmqqjdzv-arduino-ide-2.3.6-extracted/resources/app/lib/backend/plugin-vscode-init)
2025-08-07 17:23:16 2025-08-08T00:23:16.960Z root INFO [hosted-plugin: 31954] PLUGIN_HOST(31954): initializing(vscode-language-pack-ko@1.96.0 with /nix/store/2d5i1bzbqbnl4rgnhk8czrw5zmqqjdzv-arduino-ide-2.3.6-extracted/resources/app/lib/backend/plugin-vscode-init)
2025-08-07 17:23:16 2025-08-08T00:23:16.961Z root INFO [hosted-plugin: 31954] PLUGIN_HOST(31954): initializing(vscode-language-pack-nl@1.48.3 with /nix/store/2d5i1bzbqbnl4rgnhk8czrw5zmqqjdzv-arduino-ide-2.3.6-extracted/resources/app/lib/backend/plugin-vscode-init)
2025-08-07 17:23:16 2025-08-08T00:23:16.961Z root INFO [hosted-plugin: 31954] PLUGIN_HOST(31954): initializing(vscode-language-pack-pl@1.96.0 with /nix/store/2d5i1bzbqbnl4rgnhk8czrw5zmqqjdzv-arduino-ide-2.3.6-extracted/resources/app/lib/backend/plugin-vscode-init)
2025-08-07 17:23:16 2025-08-08T00:23:16.962Z root INFO [hosted-plugin: 31954] PLUGIN_HOST(31954): initializing(vscode-language-pack-pt-BR@1.96.0 with /nix/store/2d5i1bzbqbnl4rgnhk8czrw5zmqqjdzv-arduino-ide-2.3.6-extracted/resources/app/lib/backend/plugin-vscode-init)
2025-08-07 17:23:16 2025-08-08T00:23:16.962Z root INFO [hosted-plugin: 31954] PLUGIN_HOST(31954): initializing(vscode-language-pack-ru@1.96.0 with /nix/store/2d5i1bzbqbnl4rgnhk8czrw5zmqqjdzv-arduino-ide-2.3.6-extracted/resources/app/lib/backend/plugin-vscode-init)
2025-08-07 17:23:16 2025-08-08T00:23:16.962Z root INFO [hosted-plugin: 31954] PLUGIN_HOST(31954): initializing(vscode-language-pack-tr@1.96.0 with /nix/store/2d5i1bzbqbnl4rgnhk8czrw5zmqqjdzv-arduino-ide-2.3.6-extracted/resources/app/lib/backend/plugin-vscode-init)
2025-08-07 17:23:16 2025-08-08T00:23:16.963Z root INFO [hosted-plugin: 31954] PLUGIN_HOST(31954): initializing(vscode-language-pack-uk@1.48.3 with /nix/store/2d5i1bzbqbnl4rgnhk8czrw5zmqqjdzv-arduino-ide-2.3.6-extracted/resources/app/lib/backend/plugin-vscode-init)
2025-08-07 17:23:16 2025-08-08T00:23:16.963Z root INFO [hosted-plugin: 31954] PLUGIN_HOST(31954): initializing(vscode-language-pack-zh-hans@1.96.0 with /nix/store/2d5i1bzbqbnl4rgnhk8czrw5zmqqjdzv-arduino-ide-2.3.6-extracted/resources/app/lib/backend/plugin-vscode-init)
2025-08-07 17:23:16 2025-08-08T00:23:16.964Z root INFO [hosted-plugin: 31954] PLUGIN_HOST(31954): initializing(vscode-language-pack-zh-hant@1.96.0 with /nix/store/2d5i1bzbqbnl4rgnhk8czrw5zmqqjdzv-arduino-ide-2.3.6-extracted/resources/app/lib/backend/plugin-vscode-init)
2025-08-07 17:23:16 2025-08-08T00:23:16.991Z root INFO [hosted-plugin: 31954] PLUGIN_HOST(31954): PluginManagerExtImpl/loadPlugin(/nix/store/2d5i1bzbqbnl4rgnhk8czrw5zmqqjdzv-arduino-ide-2.3.6-extracted/resources/app/plugins/vscode-builtin-json-language-features/extension/client/dist/node/jsonClientMain)
2025-08-07 17:23:17 2025-08-08T00:23:17.053Z root INFO [hosted-plugin: 31954] PLUGIN_HOST(31954): PluginManagerExtImpl/loadPlugin(/nix/store/2d5i1bzbqbnl4rgnhk8czrw5zmqqjdzv-arduino-ide-2.3.6-extracted/resources/app/plugins/vscode-arduino-tools/extension/dist/extension.js)
2025-08-07 17:23:17 2025-08-08T00:23:17.081Z root INFO [hosted-plugin: 31954] PLUGIN_HOST(31954): PluginManagerExtImpl/loadPlugin(/nix/store/2d5i1bzbqbnl4rgnhk8czrw5zmqqjdzv-arduino-ide-2.3.6-extracted/resources/app/plugins/vscode-arduino-api/extension/dist/extension.js)
2025-08-07 17:23:17 2025-08-08T00:23:17.085Z root INFO [hosted-plugin: 31954] calling activation function on VS Code Arduino Tools
calling activation function on Arduino IDE API for VS Code extensions
2025-08-07 17:23:17 2025-08-08T00:23:17.105Z root INFO [b7b0bb7a-f633-4c66-b9a0-f014af0625f8] Starting plugins.
2025-08-07 17:23:17 2025-08-08T00:23:17.130Z root INFO [hosted-plugin: 31954] PLUGIN_HOST(31954): PluginManagerExtImpl/loadPlugin(/nix/store/2d5i1bzbqbnl4rgnhk8czrw5zmqqjdzv-arduino-ide-2.3.6-extracted/resources/app/plugins/cortex-debug/extension/dist/extension.js)
2025-08-07 17:23:17 2025-08-08T00:23:17.166Z root INFO [hosted-plugin: 31954] Debug configuration provider has been registered: cortex-debug, trigger: 1
2025-08-07 17:23:17 2025-08-08T00:23:17.166Z root INFO [hosted-plugin: 31954] calling activation function on Cortex-Debug
2025-08-07 17:23:17 2025-08-08T00:23:17.170Z root INFO [hosted-plugin: 31954] GDB server console created
2025-08-07 17:23:17 2025-08-08T00:23:17.187Z root INFO [b7b0bb7a-f633-4c66-b9a0-f014af0625f8] Start of 23 plugins: 787.1 ms [Finished 4.380 s after frontend start]
2025-08-07 17:23:17 2025-08-08T00:23:17.351Z root INFO [hosted-plugin: 31954] calling activation function on JSON Language Features (built-in)
2025-08-07 17:23:17 2025-08-08T00:23:17.456Z root INFO Frontend application start: 3029.3 ms [Finished 6651.585 s after backend start]
2025-08-07 17:23:17 2025-08-08T00:23:17.492Z root INFO Replace loading indicator with ready workbench UI (animation): 861.8 ms [Finished 4.454 s after frontend start]
2025-08-07 17:23:17 2025-08-08T00:23:17.497Z root INFO Changed application state from 'initialized_layout' to 'ready'.
2025-08-07 17:23:17 2025-08-08T00:23:17.497Z root WARN Linked preference "workbench.colorCustomizations" not found.
2025-08-07 17:23:17 2025-08-08T00:23:17.500Z root INFO Executing startup tasks:
2025-08-07 17:23:17 2025-08-08T00:23:17.500Z root INFO  - 'arduino-use-inherited-boards-data' , args: [{"fqbn":"esp32:esp32:esp32doit-devkit-v1","data":{"configOptions":[{"label":"Upload Speed","option":"UploadSpeed","values":[{"value":"921600","label":"921600","selected":true},{"value":"115200","label":"115200","selected":false},{"value":"230400","label":"230400","selected":false},{"value":"460800","label":"460800","selected":false}]},{"label":"Flash Frequency","option":"FlashFreq","values":[{"value":"80","label":"80MHz","selected":true},{"value":"40","label":"40MHz","selected":false}]},{"label":"Core Debug Level","option":"DebugLevel","values":[{"value":"none","label":"None","selected":true},{"value":"error","label":"Error","selected":false},{"value":"warn","label":"Warn","selected":false},{"value":"info","label":"Info","selected":false},{"value":"debug","label":"Debug","selected":false}]},{"label":"Erase All Flash Before Sketch Upload","option":"EraseFlash","values":[{"value":"none","label":"Disabled","selected":true},{"value":"all","label":"Enabled","selected":false}]}],"programmers":[{"id":"esptool","name":"Esptool","platform":"esp32:esp32@3.3.0"}]}}]
2025-08-07 17:23:17 2025-08-08T00:23:17.500Z root INFO  - 'arduino-use-inherited-boards-config' , args: [{"selectedBoard":{"name":"DOIT ESP32 DEVKIT V1","fqbn":"esp32:esp32:esp32doit-devkit-v1"},"selectedPort":{"protocol":"serial","address":"/dev/ttyUSB0"}},{"arduino+serial:///dev/ttyACM0":{"name":"DOIT ESP32 DEVKIT V1","fqbn":"esp32:esp32:esp32doit-devkit-v1"},"arduino+serial:///dev/ttyUSB0":{"name":"DOIT ESP32 DEVKIT V1","fqbn":"esp32:esp32:esp32doit-devkit-v1"}}]
2025-08-07 17:23:17 2025-08-08T00:23:17.729Z daemon INFO time="2025-08-07T17:23:17-07:00" level=info msg="Tool required for debug" tool="arduino:dfu-util@0.11.0-arduino5"
2025-08-07 17:23:17 2025-08-08T00:23:17.729Z daemon INFO time="2025-08-07T17:23:17-07:00" level=info msg="Tool required for debug" tool="esp32:esp-rv32@2411"
time="2025-08-07T17:23:17-07:00" level=info msg="Tool required for debug" tool="esp32:esp-x32@2411"
time="2025-08-07T17:23:17-07:00" level=info msg="Tool required for debug" tool="esp32:esp32-arduino-libs@idf-release_v5.5-b66b5448-v1"
time="2025-08-07T17:23:17-07:00" level=info msg="Tool required for debug" tool="esp32:esptool_py@5.0.0"
time="2025-08-07T17:23:17-07:00" level=info msg="Tool required for debug" tool="esp32:mklittlefs@3.0.0-gnu12-dc7f933"
time="2025-08-07T17:23:17-07:00" level=info msg="Tool required for debug" tool="esp32:mkspiffs@0.2.3"
time="2025-08-07T17:23:17-07:00" level=info msg="Tool required for debug" tool="esp32:openocd-esp32@v0.12.0-esp32-20250422"
time="2025-08-07T17:23:17-07:00" level=info msg="Tool required for debug" tool="esp32:riscv32-esp-elf-gdb@16.2_20250324"
time="2025-08-07T17:23:17-07:00" level=info msg="Tool required for debug" tool="esp32:xtensa-esp-elf-gdb@16.2_20250324"
time="2025-08-07T17:23:17-07:00" level=info msg="Tool required for debug" tool="builtin:mdns-discovery@1.0.9"
time="2025-08-07T17:23:17-07:00" level=info msg="Tool required for debug" tool="arduino:arduinoOTA@1.3.0"
2025-08-07 17:23:17 2025-08-08T00:23:17.729Z daemon INFO time="2025-08-07T17:23:17-07:00" level=info msg="Tool required for debug" tool="builtin:ctags@5.8-arduino11"
time="2025-08-07T17:23:17-07:00" level=info msg="Tool required for debug" tool="builtin:dfu-discovery@0.1.2"
time="2025-08-07T17:23:17-07:00" level=info msg="Tool required for debug" tool="arduino:avr-gcc@7.3.0-atmel3.6.1-arduino7"
time="2025-08-07T17:23:17-07:00" level=info msg="Tool required for debug" tool="arduino:avrdude@6.3.0-arduino17"
time="2025-08-07T17:23:17-07:00" level=info msg="Tool required for debug" tool="builtin:serial-discovery@1.4.1"
time="2025-08-07T17:23:17-07:00" level=info msg="Tool required for debug" tool="builtin:serial-monitor@0.15.0"
time="2025-08-07T17:23:17-07:00" level=info msg="Tool required for debug" tool="arduino:dfu-util@0.11.0-arduino5"
2025-08-07 17:23:17 2025-08-08T00:23:17.730Z daemon INFO time="2025-08-07T17:23:17-07:00" level=info msg="Tool required for debug" tool="esp32:esp-rv32@2411"
2025-08-07 17:23:17 2025-08-08T00:23:17.730Z daemon INFO time="2025-08-07T17:23:17-07:00" level=info msg="Tool required for debug" tool="esp32:esp-x32@2411"
time="2025-08-07T17:23:17-07:00" level=info msg="Tool required for debug" tool="esp32:esp32-arduino-libs@idf-release_v5.5-b66b5448-v1"
2025-08-07 17:23:17 2025-08-08T00:23:17.730Z daemon INFO time="2025-08-07T17:23:17-07:00" level=info msg="Tool required for debug" tool="esp32:esptool_py@5.0.0"
time="2025-08-07T17:23:17-07:00" level=info msg="Tool required for debug" tool="esp32:mklittlefs@3.0.0-gnu12-dc7f933"
time="2025-08-07T17:23:17-07:00" level=info msg="Tool required for debug" tool="esp32:mkspiffs@0.2.3"
time="2025-08-07T17:23:17-07:00" level=info msg="Tool required for debug" tool="esp32:openocd-esp32@v0.12.0-esp32-20250422"
time="2025-08-07T17:23:17-07:00" level=info msg="Tool required for debug" tool="esp32:riscv32-esp-elf-gdb@16.2_20250324"
2025-08-07 17:23:17 2025-08-08T00:23:17.730Z daemon INFO time="2025-08-07T17:23:17-07:00" level=info msg="Tool required for debug" tool="esp32:xtensa-esp-elf-gdb@16.2_20250324"
time="2025-08-07T17:23:17-07:00" level=info msg="Tool required for debug" tool="arduino:arduinoOTA@1.3.0"
2025-08-07 17:23:17 2025-08-08T00:23:17.730Z daemon INFO time="2025-08-07T17:23:17-07:00" level=info msg="Tool required for debug" tool="builtin:ctags@5.8-arduino11"
2025-08-07 17:23:17 2025-08-08T00:23:17.730Z daemon INFO time="2025-08-07T17:23:17-07:00" level=info msg="Tool required for debug" tool="builtin:mdns-discovery@1.0.9"
2025-08-07 17:23:17 2025-08-08T00:23:17.730Z daemon INFO time="2025-08-07T17:23:17-07:00" level=info msg="Tool required for debug" tool="builtin:serial-discovery@1.4.1"
time="2025-08-07T17:23:17-07:00" level=info msg="Tool required for debug" tool="arduino:avrdude@6.3.0-arduino17"
time="2025-08-07T17:23:17-07:00" level=info msg="Tool required for debug" tool="builtin:dfu-discovery@0.1.2"
time="2025-08-07T17:23:17-07:00" level=info msg="Tool required for debug" tool="arduino:avr-gcc@7.3.0-atmel3.6.1-arduino7"
time="2025-08-07T17:23:17-07:00" level=info msg="Tool required for debug" tool="builtin:serial-monitor@0.15.0"
2025-08-07 17:23:17 2025-08-08T00:23:17.733Z daemon INFO time="2025-08-07T17:23:17-07:00" level=info msg="Tool required for debug" tool="arduino:dfu-util@0.11.0-arduino5"
time="2025-08-07T17:23:17-07:00" level=info msg="Tool required for debug" tool="esp32:esp-rv32@2411"
time="2025-08-07T17:23:17-07:00" level=info msg="Tool required for debug" tool="esp32:esp-x32@2411"
time="2025-08-07T17:23:17-07:00" level=info msg="Tool required for debug" tool="esp32:esp32-arduino-libs@idf-release_v5.5-b66b5448-v1"
time="2025-08-07T17:23:17-07:00" level=info msg="Tool required for debug" tool="esp32:esptool_py@5.0.0"
time="2025-08-07T17:23:17-07:00" level=info msg="Tool required for debug" tool="esp32:mklittlefs@3.0.0-gnu12-dc7f933"
time="2025-08-07T17:23:17-07:00" level=info msg="Tool required for debug" tool="esp32:mkspiffs@0.2.3"
time="2025-08-07T17:23:17-07:00" level=info msg="Tool required for debug" tool="esp32:openocd-esp32@v0.12.0-esp32-20250422"
time="2025-08-07T17:23:17-07:00" level=info msg="Tool required for debug" tool="esp32:riscv32-esp-elf-gdb@16.2_20250324"
time="2025-08-07T17:23:17-07:00" level=info msg="Tool required for debug" tool="esp32:xtensa-esp-elf-gdb@16.2_20250324"
time="2025-08-07T17:23:17-07:00" level=info msg="Tool required for debug" tool="builtin:serial-discovery@1.4.1"
time="2025-08-07T17:23:17-07:00" level=info msg="Tool required for debug" tool="arduino:avrdude@6.3.0-arduino17"
time="2025-08-07T17:23:17-07:00" level=info msg="Tool required for debug" tool="builtin:ctags@5.8-arduino11"
time="2025-08-07T17:23:17-07:00" level=info msg="Tool required for debug" tool="builtin:dfu-discovery@0.1.2"
time="2025-08-07T17:23:17-07:00" level=info msg="Tool required for debug" tool="arduino:avr-gcc@7.3.0-atmel3.6.1-arduino7"
time="2025-08-07T17:23:17-07:00" level=info msg="Tool required for debug" tool="builtin:serial-monitor@0.15.0"
time="2025-08-07T17:23:17-07:00" level=info msg="Tool required for debug" tool="arduino:arduinoOTA@1.3.0"
time="2025-08-07T17:23:17-07:00" level=info msg="Tool required for debug" tool="builtin:mdns-discovery@1.0.9"
2025-08-07 17:23:17 2025-08-08T00:23:17.735Z root INFO Starting language server: esp32:esp32:esp32doit-devkit-v1:UploadSpeed=921600,FlashFreq=80,DebugLevel=none,EraseFlash=none
2025-08-07 17:23:17 2025-08-08T00:23:17.736Z daemon INFO time="2025-08-07T17:23:17-07:00" level=info msg="Tool required for debug" tool="arduino:dfu-util@0.11.0-arduino5"
time="2025-08-07T17:23:17-07:00" level=info msg="Tool required for debug" tool="esp32:esp-rv32@2411"
time="2025-08-07T17:23:17-07:00" level=info msg="Tool required for debug" tool="esp32:esp-x32@2411"
2025-08-07 17:23:17 2025-08-08T00:23:17.736Z daemon INFO time="2025-08-07T17:23:17-07:00" level=info msg="Tool required for debug" tool="esp32:esp32-arduino-libs@idf-release_v5.5-b66b5448-v1"
time="2025-08-07T17:23:17-07:00" level=info msg="Tool required for debug" tool="esp32:esptool_py@5.0.0"
time="2025-08-07T17:23:17-07:00" level=info msg="Tool required for debug" tool="esp32:mklittlefs@3.0.0-gnu12-dc7f933"
time="2025-08-07T17:23:17-07:00" level=info msg="Tool required for debug" tool="esp32:mkspiffs@0.2.3"
time="2025-08-07T17:23:17-07:00" level=info msg="Tool required for debug" tool="esp32:openocd-esp32@v0.12.0-esp32-20250422"
time="2025-08-07T17:23:17-07:00" level=info msg="Tool required for debug" tool="esp32:riscv32-esp-elf-gdb@16.2_20250324"
time="2025-08-07T17:23:17-07:00" level=info msg="Tool required for debug" tool="esp32:xtensa-esp-elf-gdb@16.2_20250324"
2025-08-07 17:23:17 2025-08-08T00:23:17.736Z daemon INFO time="2025-08-07T17:23:17-07:00" level=info msg="Tool required for debug" tool="builtin:serial-monitor@0.15.0"
time="2025-08-07T17:23:17-07:00" level=info msg="Tool required for debug" tool="arduino:avr-gcc@7.3.0-atmel3.6.1-arduino7"
time="2025-08-07T17:23:17-07:00" level=info msg="Tool required for debug" tool="builtin:dfu-discovery@0.1.2"
time="2025-08-07T17:23:17-07:00" level=info msg="Tool required for debug" tool="builtin:ctags@5.8-arduino11"
time="2025-08-07T17:23:17-07:00" level=info msg="Tool required for debug" tool="builtin:mdns-discovery@1.0.9"
time="2025-08-07T17:23:17-07:00" level=info msg="Tool required for debug" tool="arduino:avrdude@6.3.0-arduino17"
time="2025-08-07T17:23:17-07:00" level=info msg="Tool required for debug" tool="arduino:arduinoOTA@1.3.0"
time="2025-08-07T17:23:17-07:00" level=info msg="Tool required for debug" tool="builtin:serial-discovery@1.4.1"
2025-08-07 17:23:17 2025-08-08T00:23:17.737Z daemon INFO time="2025-08-07T17:23:17-07:00" level=info msg="Tool required for debug" tool="arduino:dfu-util@0.11.0-arduino5"
time="2025-08-07T17:23:17-07:00" level=info msg="Tool required for debug" tool="esp32:esp-rv32@2411"
time="2025-08-07T17:23:17-07:00" level=info msg="Tool required for debug" tool="esp32:esp-x32@2411"
time="2025-08-07T17:23:17-07:00" level=info msg="Tool required for debug" tool="esp32:esp32-arduino-libs@idf-release_v5.5-b66b5448-v1"
2025-08-07 17:23:17 2025-08-08T00:23:17.737Z daemon INFO time="2025-08-07T17:23:17-07:00" level=info msg="Tool required for debug" tool="esp32:esptool_py@5.0.0"
time="2025-08-07T17:23:17-07:00" level=info msg="Tool required for debug" tool="esp32:mklittlefs@3.0.0-gnu12-dc7f933"
time="2025-08-07T17:23:17-07:00" level=info msg="Tool required for debug" tool="esp32:mkspiffs@0.2.3"
time="2025-08-07T17:23:17-07:00" level=info msg="Tool required for debug" tool="esp32:openocd-esp32@v0.12.0-esp32-20250422"
2025-08-07 17:23:17 2025-08-08T00:23:17.737Z daemon INFO time="2025-08-07T17:23:17-07:00" level=info msg="Tool required for debug" tool="esp32:riscv32-esp-elf-gdb@16.2_20250324"
time="2025-08-07T17:23:17-07:00" level=info msg="Tool required for debug" tool="esp32:xtensa-esp-elf-gdb@16.2_20250324"
time="2025-08-07T17:23:17-07:00" level=info msg="Tool required for debug" tool="arduino:arduinoOTA@1.3.0"
time="2025-08-07T17:23:17-07:00" level=info msg="Tool required for debug" tool="builtin:serial-monitor@0.15.0"
time="2025-08-07T17:23:17-07:00" level=info msg="Tool required for debug" tool="builtin:ctags@5.8-arduino11"
2025-08-07 17:23:17 2025-08-08T00:23:17.737Z daemon INFO time="2025-08-07T17:23:17-07:00" level=info msg="Tool required for debug" tool="builtin:dfu-discovery@0.1.2"
time="2025-08-07T17:23:17-07:00" level=info msg="Tool required for debug" tool="builtin:mdns-discovery@1.0.9"
time="2025-08-07T17:23:17-07:00" level=info msg="Tool required for debug" tool="builtin:serial-discovery@1.4.1"
time="2025-08-07T17:23:17-07:00" level=info msg="Tool required for debug" tool="arduino:avrdude@6.3.0-arduino17"
time="2025-08-07T17:23:17-07:00" level=info msg="Tool required for debug" tool="arduino:avr-gcc@7.3.0-atmel3.6.1-arduino7"
2025-08-07 17:23:17 2025-08-08T00:23:17.922Z daemon INFO time="2025-08-07T17:23:17-07:00" level=info msg="Tool required for debug" tool="arduino:dfu-util@0.11.0-arduino5"
time="2025-08-07T17:23:17-07:00" level=info msg="Tool required for debug" tool="esp32:esp-rv32@2411"
time="2025-08-07T17:23:17-07:00" level=info msg="Tool required for debug" tool="esp32:esp-x32@2411"
time="2025-08-07T17:23:17-07:00" level=info msg="Tool required for debug" tool="esp32:esp32-arduino-libs@idf-release_v5.5-b66b5448-v1"
time="2025-08-07T17:23:17-07:00" level=info msg="Tool required for debug" tool="arduino:dfu-util@0.11.0-arduino5"
time="2025-08-07T17:23:17-07:00" level=info msg="Tool required for debug" tool="esp32:esp-rv32@2411"
time="2025-08-07T17:23:17-07:00" level=info msg="Tool required for debug" tool="esp32:esp-x32@2411"
time="2025-08-07T17:23:17-07:00" level=info msg="Tool required for debug" tool="esp32:esp32-arduino-libs@idf-release_v5.5-b66b5448-v1"
time="2025-08-07T17:23:17-07:00" level=info msg="Tool required for debug" tool="esp32:esptool_py@5.0.0"
time="2025-08-07T17:23:17-07:00" level=info msg="Tool required for debug" tool="esp32:mklittlefs@3.0.0-gnu12-dc7f933"
time="2025-08-07T17:23:17-07:00" level=info msg="Tool required for debug" tool="esp32:mkspiffs@0.2.3"
time="2025-08-07T17:23:17-07:00" level=info msg="Tool required for debug" tool="esp32:openocd-esp32@v0.12.0-esp32-20250422"
time="2025-08-07T17:23:17-07:00" level=info msg="Tool required for debug" tool="esp32:esptool_py@5.0.0"
time="2025-08-07T17:23:17-07:00" level=info msg="Tool required for debug" tool="esp32:mklittlefs@3.0.0-gnu12-dc7f933"
time="2025-08-07T17:23:17-07:00" level=info msg="Tool required for debug" tool="esp32:mkspiffs@0.2.3"
time="2025-08-07T17:23:17-07:00" level=info msg="Tool required for debug" tool="esp32:openocd-esp32@v0.12.0-esp32-20250422"
time="2025-08-07T17:23:17-07:00" level=info msg="Tool required for debug" tool="esp32:riscv32-esp-elf-gdb@16.2_20250324"
time="2025-08-07T17:23:17-07:00" level=info msg="Tool required for debug" tool="esp32:xtensa-esp-elf-gdb@16.2_20250324"
time="2025-08-07T17:23:17-07:00" level=info msg="Tool required for debug" tool="arduino:arduinoOTA@1.3.0"
time="2025-08-07T17:23:17-07:00" level=info msg="Tool required for debug" tool="arduino:avrdude@6.3.0-arduino17"
time="2025-08-07T17:23:17-07:00" level=info msg="Tool required for debug" tool="builtin:dfu-discovery@0.1.2"
time="2025-08-07T17:23:17-07:00" level=info msg="Tool required for debug" tool="builtin:mdns-discovery@1.0.9"
time="2025-08-07T17:23:17-07:00" level=info msg="Tool required for debug" tool="esp32:riscv32-esp-elf-gdb@16.2_20250324"
time="2025-08-07T17:23:17-07:00" level=info msg="Tool required for debug" tool="esp32:xtensa-esp-elf-gdb@16.2_20250324"
time="2025-08-07T17:23:17-07:00" level=info msg="Tool required for debug" tool="builtin:serial-monitor@0.15.0"
time="2025-08-07T17:23:17-07:00" level=info msg="Tool required for debug" tool="builtin:ctags@5.8-arduino11"
time="2025-08-07T17:23:17-07:00" level=info msg="Tool required for debug" tool="builtin:mdns-discovery@1.0.9"
time="2025-08-07T17:23:17-07:00" level=info msg="Tool required for debug" tool="builtin:serial-discovery@1.4.1"
time="2025-08-07T17:23:17-07:00" level=info msg="Tool required for debug" tool="arduino:avr-gcc@7.3.0-atmel3.6.1-arduino7"
time="2025-08-07T17:23:17-07:00" level=info msg="Tool required for debug" tool="arduino:avrdude@6.3.0-arduino17"
time="2025-08-07T17:23:17-07:00" level=info msg="Tool required for debug" tool="arduino:arduinoOTA@1.3.0"
time="2025-08-07T17:23:17-07:00" level=info msg="Tool required for debug" tool="builtin:dfu-discovery@0.1.2"
time="2025-08-07T17:23:17-07:00" level=info msg="Tool required for debug" tool="builtin:ctags@5.8-arduino11"
time="2025-08-07T17:23:17-07:00" level=info msg="Tool required for debug" tool="builtin:serial-discovery@1.4.1"
time="2025-08-07T17:23:17-07:00" level=info msg="Tool required for debug" tool="builtin:serial-monitor@0.15.0"
time="2025-08-07T17:23:17-07:00" level=info msg="Tool required for debug" tool="arduino:avr-gcc@7.3.0-atmel3.6.1-arduino7"
time="2025-08-07T17:23:17-07:00" level=info msg="Tool required for debug" tool="arduino:dfu-util@0.11.0-arduino5"
time="2025-08-07T17:23:17-07:00" level=info msg="Tool required for debug" tool="esp32:esp-rv32@2411"
time="2025-08-07T17:23:17-07:00" level=info msg="Tool required for debug" tool="esp32:esp-x32@2411"
time="2025-08-07T17:23:17-07:00" level=info msg="Tool required for debug" tool="esp32:esp32-arduino-libs@idf-release_v5.5-b66b5448-v1"
time="2025-08-07T17:23:17-07:00" level=info msg="Tool required for debug" tool="esp32:esptool_py@5.0.0"
time="2025-08-07T17:23:17-07:00" level=info msg="Tool required for debug" tool="esp32:mklittlefs@3.0.0-gnu12-dc7f933"
time="2025-08-07T17:23:17-07:00" level=info msg="Tool required for debug" tool="esp32:mkspiffs@0.2.3"
time="2025-08-07T17:23:17-07:00" level=info msg="Tool required for debug" tool="esp32:openocd-esp32@v0.12.0-esp32-20250422"
time="2025-08-07T17:23:17-07:00" level=info msg="Tool required for debug" tool="esp32:riscv32-esp-elf-gdb@16.2_20250324"
time="2025-08-07T17:23:17-07:00" level=info msg="Tool required for debug" tool="esp32:xtensa-esp-elf-gdb@16.2_20250324"
time="2025-08-07T17:23:17-07:00" level=info msg="Tool required for debug" tool="arduino:avr-gcc@7.3.0-atmel3.6.1-arduino7"
time="2025-08-07T17:23:17-07:00" level=info msg="Tool required for debug" tool="builtin:dfu-discovery@0.1.2"
time="2025-08-07T17:23:17-07:00" level=info msg="Tool required for debug" tool="builtin:serial-discovery@1.4.1"
time="2025-08-07T17:23:17-07:00" level=info msg="Tool required for debug" tool="arduino:avrdude@6.3.0-arduino17"
time="2025-08-07T17:23:17-07:00" level=info msg="Tool required for debug" tool="builtin:mdns-discovery@1.0.9"
time="2025-08-07T17:23:17-07:00" level=info msg="Tool required for debug" tool="builtin:serial-monitor@0.15.0"
time="2025-08-07T17:23:17-07:00" level=info msg="Tool required for debug" tool="arduino:arduinoOTA@1.3.0"
time="2025-08-07T17:23:17-07:00" level=info msg="Tool required for debug" tool="builtin:ctags@5.8-arduino11"
time="2025-08-07T17:23:17-07:00" level=info msg="Tool required for debug" tool="arduino:dfu-util@0.11.0-arduino5"
time="2025-08-07T17:23:17-07:00" level=info msg="Tool required for debug" tool="esp32:esp-rv32@2411"
time="2025-08-07T17:23:17-07:00" level=info msg="Tool required for debug" tool="esp32:esp-x32@2411"
time="2025-08-07T17:23:17-07:00" level=info msg="Tool required for debug" tool="esp32:esp32-arduino-libs@idf-release_v5.5-b66b5448-v1"
time="2025-08-07T17:23:17-07:00" level=info msg="Tool required for debug" tool="esp32:esptool_py@5.0.0"
time="2025-08-07T17:23:17-07:00" level=info msg="Tool required for debug" tool="esp32:mklittlefs@3.0.0-gnu12-dc7f933"
time="2025-08-07T17:23:17-07:00" level=info msg="Tool required for debug" tool="esp32:mkspiffs@0.2.3"
time="2025-08-07T17:23:17-07:00" level=info msg="Tool required for debug" tool="esp32:openocd-esp32@v0.12.0-esp32-20250422"
time="2025-08-07T17:23:17-07:00" level=info msg="Tool required for debug" tool="esp32:riscv32-esp-elf-gdb@16.2_20250324"
time="2025-08-07T17:23:17-07:00" level=info msg="Tool required for debug" tool="esp32:xtensa-esp-elf-gdb@16.2_20250324"
time="2025-08-07T17:23:17-07:00" level=info msg="Tool required for debug" tool="arduino:avrdude@6.3.0-arduino17"
time="2025-08-07T17:23:17-07:00" level=info msg="Tool required for debug" tool="builtin:mdns-discovery@1.0.9"
time="2025-08-07T17:23:17-07:00" level=info msg="Tool required for debug" tool="builtin:dfu-discovery@0.1.2"
time="2025-08-07T17:23:17-07:00" level=info msg="Tool required for debug" tool="arduino:arduinoOTA@1.3.0"
time="2025-08-07T17:23:17-07:00" level=info msg="Tool required for debug" tool="builtin:serial-monitor@0.15.0"
time="2025-08-07T17:23:17-07:00" level=info msg="Tool required for debug" tool="arduino:avr-gcc@7.3.0-atmel3.6.1-arduino7"
time="2025-08-07T17:23:17-07:00" level=info msg="Tool required for debug" tool="builtin:serial-discovery@1.4.1"
time="2025-08-07T17:23:17-07:00" level=info msg="Tool required for debug" tool="builtin:ctags@5.8-arduino11"
time="2025-08-07T17:23:17-07:00" level=info msg="Tool required for debug" tool="arduino:dfu-util@0.11.0-arduino5"
time="2025-08-07T17:23:17-07:00" level=info msg="Tool required for debug" tool="esp32:esp-rv32@2411"
time="2025-08-07T17:23:17-07:00" level=info msg="Tool required for debug" tool="esp32:esp-x32@2411"
time="2025-08-07T17:23:17-07:00" level=info msg="Tool required for debug" tool="esp32:esp32-arduino-libs@idf-release_v5.5-b66b5448-v1"
time="2025-08-07T17:23:17-07:00" level=info msg="Tool required for debug" tool="esp32:esptool_py@5.0.0"
time="2025-08-07T17:23:17-07:00" level=info msg="Tool required for debug" tool="esp32:mklittlefs@3.0.0-gnu12-dc7f933"
time="2025-08-07T17:23:17-07:00" level=info msg="Tool required for debug" tool="esp32:mkspiffs@0.2.3"
time="2025-08-07T17:23:17-07:00" level=info msg="Tool required for debug" tool="esp32:openocd-esp32@v0.12.0-esp32-20250422"
time="2025-08-07T17:23:17-07:00" level=info msg="Tool required for debug" tool="esp32:riscv32-esp-elf-gdb@16.2_20250324"
time="2025-08-07T17:23:17-07:00" level=info msg="Tool required for debug" tool="esp32:xtensa-esp-elf-gdb@16.2_20250324"
time="2025-08-07T17:23:17-07:00" level=info msg="Tool required for debug" tool="arduino:avr-gcc@7.3.0-atmel3.6.1-arduino7"
time="2025-08-07T17:23:17-07:00" level=info msg="Tool required for debug" tool="arduino:avrdude@6.3.0-arduino17"
time="2025-08-07T17:23:17-07:00" level=info msg="Tool required for debug" tool="builtin:dfu-discovery@0.1.2"
time="2025-08-07T17:23:17-07:00" level=info msg="Tool required for debug" tool="builtin:mdns-discovery@1.0.9"
time="2025-08-07T17:23:17-07:00" level=info msg="Tool required for debug" tool="builtin:serial-discovery@1.4.1"
time="2025-08-07T17:23:17-07:00" level=info msg="Tool required for debug" tool="builtin:serial-monitor@0.15.0"
time="2025-08-07T17:23:17-07:00" level=info msg="Tool required for debug" tool="builtin:ctags@5.8-arduino11"
time="2025-08-07T17:23:17-07:00" level=info msg="Tool required for debug" tool="arduino:arduinoOTA@1.3.0"
time="2025-08-07T17:23:17-07:00" level=info msg="Tool required for debug" tool="arduino:dfu-util@0.11.0-arduino5"
time="2025-08-07T17:23:17-07:00" level=info msg="Tool required for debug" tool="esp32:esp-rv32@2411"
time="2025-08-07T17:23:17-07:00" level=info msg="Tool required for debug" tool="esp32:esp-x32@2411"
time="2025-08-07T17:23:17-07:00" level=info msg="Tool required for debug" tool="esp32:esp32-arduino-libs@idf-release_v5.5-b66b5448-v1"
time="2025-08-07T17:23:17-07:00" level=info msg="Tool required for debug" tool="esp32:esptool_py@5.0.0"
time="2025-08-07T17:23:17-07:00" level=info msg="Tool required for debug" tool="esp32:mklittlefs@3.0.0-gnu12-dc7f933"
time="2025-08-07T17:23:17-07:00" level=info msg="Tool required for debug" tool="esp32:mkspiffs@0.2.3"
time="2025-08-07T17:23:17-07:00" level=info msg="Tool required for debug" tool="esp32:openocd-esp32@v0.12.0-esp32-20250422"
time="2025-08-07T17:23:17-07:00" level=info msg="Tool required for debug" tool="esp32:riscv32-esp-elf-gdb@16.2_20250324"
time="2025-08-07T17:23:17-07:00" level=info msg="Tool required for debug" tool="esp32:xtensa-esp-elf-gdb@16.2_20250324"
time="2025-08-07T17:23:17-07:00" level=info msg="Tool required for debug" tool="arduino:avrdude@6.3.0-arduino17"
time="2025-08-07T17:23:17-07:00" level=info msg="Tool required for debug" tool="arduino:arduinoOTA@1.3.0"
time="2025-08-07T17:23:17-07:00" level=info msg="Tool required for debug" tool="builtin:ctags@5.8-arduino11"
time="2025-08-07T17:23:17-07:00" level=info msg="Tool required for debug" tool="builtin:dfu-discovery@0.1.2"
time="2025-08-07T17:23:17-07:00" level=info msg="Tool required for debug" tool="arduino:avr-gcc@7.3.0-atmel3.6.1-arduino7"
time="2025-08-07T17:23:17-07:00" level=info msg="Tool required for debug" tool="builtin:mdns-discovery@1.0.9"
time="2025-08-07T17:23:17-07:00" level=info msg="Tool required for debug" tool="builtin:serial-discovery@1.4.1"
time="2025-08-07T17:23:17-07:00" level=info msg="Tool required for debug" tool="builtin:serial-monitor@0.15.0"
time="2025-08-07T17:23:17-07:00" level=info msg="Tool required for debug" tool="arduino:dfu-util@0.11.0-arduino5"
time="2025-08-07T17:23:17-07:00" level=info msg="Tool required for debug" tool="esp32:esp-rv32@2411"
time="2025-08-07T17:23:17-07:00" level=info msg="Tool required for debug" tool="esp32:esp-x32@2411"
time="2025-08-07T17:23:17-07:00" level=info msg="Tool required for debug" tool="esp32:esp32-arduino-libs@idf-release_v5.5-b66b5448-v1"
time="2025-08-07T17:23:17-07:00" level=info msg="Tool required for debug" tool="esp32:esptool_py@5.0.0"
time="2025-08-07T17:23:17-07:00" level=info msg="Tool required for debug" tool="esp32:mklittlefs@3.0.0-gnu12-dc7f933"
time="2025-08-07T17:23:17-07:00" level=info msg="Tool required for debug" tool="esp32:mkspiffs@0.2.3"
time="2025-08-07T17:23:17-07:00" level=info msg="Tool required for debug" tool="esp32:openocd-esp32@v0.12.0-esp32-20250422"
time="2025-08-07T17:23:17-07:00" level=info msg="Tool required for debug" tool="esp32:riscv32-esp-elf-gdb@16.2_20250324"
time="2025-08-07T17:23:17-07:00" level=info msg="Tool required for debug" tool="esp32:xtensa-esp-elf-gdb@16.2_20250324"
time="2025-08-07T17:23:17-07:00" level=info msg="Tool required for debug" tool="builtin:ctags@5.8-arduino11"
time="2025-08-07T17:23:17-07:00" level=info msg="Tool required for debug" tool="builtin:serial-discovery@1.4.1"
time="2025-08-07T17:23:17-07:00" level=info msg="Tool required for debug" tool="arduino:avrdude@6.3.0-arduino17"
time="2025-08-07T17:23:17-07:00" level=info msg="Tool required for debug" tool="builtin:serial-monitor@0.15.0"
time="2025-08-07T17:23:17-07:00" level=info msg="Tool required for debug" tool="arduino:arduinoOTA@1.3.0"
time="2025-08-07T17:23:17-07:00" level=info msg="Tool required for debug" tool="builtin:dfu-discovery@0.1.2"
time="2025-08-07T17:23:17-07:00" level=info msg="Tool required for debug" tool="builtin:mdns-discovery@1.0.9"
time="2025-08-07T17:23:17-07:00" level=info msg="Tool required for debug" tool="arduino:avr-gcc@7.3.0-atmel3.6.1-arduino7"
time="2025-08-07T17:23:17-07:00" level=info msg="Tool required for debug" tool="arduino:dfu-util@0.11.0-arduino5"
time="2025-08-07T17:23:17-07:00" level=info msg="Tool required for debug" tool="esp32:esp-rv32@2411"
time="2025-08-07T17:23:17-07:00" level=info msg="Tool required for debug" tool="esp32:esp-x32@2411"
time="2025-08-07T17:23:17-07:00" level=info msg="Tool required for debug" tool="esp32:esp32-arduino-libs@idf-release_v5.5-b66b5448-v1"
time="2025-08-07T17:23:17-07:00" level=info msg="Tool required for debug" tool="esp32:esptool_py@5.0.0"
time="2025-08-07T17:23:17-07:00" level=info msg="Tool required for debug" tool="esp32:mklittlefs@3.0.0-gnu12-dc7f933"
time="2025-08-07T17:23:17-07:00" level=info msg="Tool required for debug" tool="esp32:mkspiffs@0.2.3"
time="2025-08-07T17:23:17-07:00" level=info msg="Tool required for debug" tool="esp32:openocd-esp32@v0.12.0-esp32-20250422"
time="2025-08-07T17:23:17-07:00" level=info msg="Tool required for debug" tool="esp32:riscv32-esp-elf-gdb@16.2_20250324"
time="2025-08-07T17:23:17-07:00" level=info msg="Tool required for debug" tool="esp32:xtensa-esp-elf-gdb@16.2_20250324"
time="2025-08-07T17:23:17-07:00" level=info msg="Tool required for debug" tool="arduino:arduinoOTA@1.3.0"
time="2025-08-07T17:23:17-07:00" level=info msg="Tool required for debug" tool="arduino:avrdude@6.3.0-arduino17"
time="2025-08-07T17:23:17-07:00" level=info msg="Tool required for debug" tool="builtin:ctags@5.8-arduino11"
time="2025-08-07T17:23:17-07:00" level=info msg="Tool required for debug" tool="builtin:serial-discovery@1.4.1"
time="2025-08-07T17:23:17-07:00" level=info msg="Tool required for debug" tool="builtin:serial-monitor@0.15.0"
time="2025-08-07T17:23:17-07:00" level=info msg="Tool required for debug" tool="builtin:dfu-discovery@0.1.2"
time="2025-08-07T17:23:17-07:00" level=info msg="Tool required for debug" tool="arduino:avr-gcc@7.3.0-atmel3.6.1-arduino7"
time="2025-08-07T17:23:17-07:00" level=info msg="Tool required for debug" tool="builtin:mdns-discovery@1.0.9"
time="2025-08-07T17:23:17-07:00" level=info msg="Tool required for debug" tool="arduino:dfu-util@0.11.0-arduino5"
time="2025-08-07T17:23:17-07:00" level=info msg="Tool required for debug" tool="esp32:esp-rv32@2411"
time="2025-08-07T17:23:17-07:00" level=info msg="Tool required for debug" tool="esp32:esp-x32@2411"
time="2025-08-07T17:23:17-07:00" level=info msg="Tool required for debug" tool="esp32:esp32-arduino-libs@idf-release_v5.5-b66b5448-v1"
time="2025-08-07T17:23:17-07:00" level=info msg="Tool required for debug" tool="esp32:esptool_py@5.0.0"
time="2025-08-07T17:23:17-07:00" level=info msg="Tool required for debug" tool="esp32:mklittlefs@3.0.0-gnu12-dc7f933"
time="2025-08-07T17:23:17-07:00" level=info msg="Tool required for debug" tool="esp32:mkspiffs@0.2.3"
time="2025-08-07T17:23:17-07:00" level=info msg="Tool required for debug" tool="esp32:openocd-esp32@v0.12.0-esp32-20250422"
time="2025-08-07T17:23:17-07:00" level=info msg="Tool required for debug" tool="esp32:riscv32-esp-elf-gdb@16.2_20250324"
time="2025-08-07T17:23:17-07:00" level=info msg="Tool required for debug" tool="esp32:xtensa-esp-elf-gdb@16.2_20250324"
time="2025-08-07T17:23:17-07:00" level=info msg="Tool required for debug" tool="builtin:ctags@5.8-arduino11"
time="2025-08-07T17:23:17-07:00" level=info msg="Tool required for debug" tool="builtin:mdns-discovery@1.0.9"
time="2025-08-07T17:23:17-07:00" level=info msg="Tool required for debug" tool="builtin:serial-monitor@0.15.0"
time="2025-08-07T17:23:17-07:00" level=info msg="Tool required for debug" tool="arduino:avrdude@6.3.0-arduino17"
time="2025-08-07T17:23:17-07:00" level=info msg="Tool required for debug" tool="arduino:avr-gcc@7.3.0-atmel3.6.1-arduino7"
time="2025-08-07T17:23:17-07:00" level=info msg="Tool required for debug" tool="builtin:serial-discovery@1.4.1"
time="2025-08-07T17:23:17-07:00" level=info msg="Tool required for debug" tool="arduino:arduinoOTA@1.3.0"
time="2025-08-07T17:23:17-07:00" level=info msg="Tool required for debug" tool="builtin:dfu-discovery@0.1.2"
time="2025-08-07T17:23:17-07:00" level=info msg="Tool required for debug" tool="arduino:dfu-util@0.11.0-arduino5"
time="2025-08-07T17:23:17-07:00" level=info msg="Tool required for debug" tool="esp32:esp-rv32@2411"
time="2025-08-07T17:23:17-07:00" level=info msg="Tool required for debug" tool="esp32:esp-x32@2411"
time="2025-08-07T17:23:17-07:00" level=info msg="Tool required for debug" tool="esp32:esp32-arduino-libs@idf-release_v5.5-b66b5448-v1"
time="2025-08-07T17:23:17-07:00" level=info msg="Tool required for debug" tool="esp32:esptool_py@5.0.0"
time="2025-08-07T17:23:17-07:00" level=info msg="Tool required for debug" tool="esp32:mklittlefs@3.0.0-gnu12-dc7f933"
time="2025-08-07T17:23:17-07:00" level=info msg="Tool required for debug" tool="esp32:mkspiffs@0.2.3"
time="2025-08-07T17:23:17-07:00" level=info msg="Tool required for debug" tool="esp32:openocd-esp32@v0.12.0-esp32-20250422"
time="2025-08-07T17:23:17-07:00" level=info msg="Tool required for debug" tool="esp32:riscv32-esp-elf-gdb@16.2_20250324"
time="2025-08-07T17:23:17-07:00" level=info msg="Tool required for debug" tool="esp32:xtensa-esp-elf-gdb@16.2_20250324"
time="2025-08-07T17:23:17-07:00" level=info msg="Tool required for debug" tool="arduino:arduinoOTA@1.3.0"
time="2025-08-07T17:23:17-07:00" level=info msg="Tool required for debug" tool="arduino:avrdude@6.3.0-arduino17"
time="2025-08-07T17:23:17-07:00" level=info msg="Tool required for debug" tool="builtin:serial-discovery@1.4.1"
time="2025-08-07T17:23:17-07:00" level=info msg="Tool required for debug" tool="builtin:ctags@5.8-arduino11"
time="2025-08-07T17:23:17-07:00" level=info msg="Tool required for debug" tool="builtin:mdns-discovery@1.0.9"
time="2025-08-07T17:23:17-07:00" level=info msg="Tool required for debug" tool="builtin:serial-monitor@0.15.0"
time="2025-08-07T17:23:17-07:00" level=info msg="Tool required for debug" tool="arduino:avr-gcc@7.3.0-atmel3.6.1-arduino7"
time="2025-08-07T17:23:17-07:00" level=info msg="Tool required for debug" tool="builtin:dfu-discovery@0.1.2"
2025-08-07 17:23:18 2025-08-08T00:23:18.177Z daemon INFO time="2025-08-07T17:23:18-07:00" level=info msg="Adding libraries dir" dir=/home/aaron/.arduino15/libraries isSingleLibrary=false location=ide
time="2025-08-07T17:23:18-07:00" level=info msg="Adding libraries dir" dir=/home/aaron/.arduino15/packages/esp32/hardware/esp32/3.3.0/libraries isSingleLibrary=false location=platform
time="2025-08-07T17:23:18-07:00" level=info msg="Adding libraries dir" dir=/home/aaron/Arduino/libraries isSingleLibrary=false location=user
2025-08-07 17:23:19 2025-08-08T00:23:19.401Z daemon INFO time="2025-08-07T17:23:19-07:00" level=info msg="Resolving include BluetoothSerial.h for arch esp32"
time="2025-08-07T17:23:19-07:00" level=info msg="  found better lib" lib=BluetoothSerial prio=6B0
2025-08-07 17:23:20 2025-08-08T00:23:20.257Z daemon INFO time="2025-08-07T17:23:20-07:00" level=info msg="Resolving include Wire.h for arch esp32"
time="2025-08-07T17:23:20-07:00" level=info msg="  found better lib" lib=Wire prio=6B0
2025-08-07 17:23:22 2025-08-08T00:23:22.244Z daemon INFO time="2025-08-07T17:23:22-07:00" level=info msg="Adding libraries dir" dir=/home/aaron/.arduino15/libraries isSingleLibrary=false location=ide
time="2025-08-07T17:23:22-07:00" level=info msg="Adding libraries dir" dir=/home/aaron/.arduino15/packages/esp32/hardware/esp32/3.3.0/libraries isSingleLibrary=false location=platform
2025-08-07 17:23:22 2025-08-08T00:23:22.244Z daemon INFO time="2025-08-07T17:23:22-07:00" level=info msg="Adding libraries dir" dir=/home/aaron/Arduino/libraries isSingleLibrary=false location=user
2025-08-07 17:41:48 2025-08-08T00:41:48.562Z discovery-log INFO {"eventType":"remove","port":{"matchingBoardsList":[],"port":{"address":"/dev/ttyACM0","label":"","protocol":"serial","protocolLabel":"","propertiesMap":[],"hardwareId":""}},"error":""}
2025-08-07 17:42:06 2025-08-08T00:42:06.659Z discovery-log INFO {"eventType":"add","port":{"matchingBoardsList":[],"port":{"address":"/dev/ttyUSB0","label":"/dev/ttyUSB0","protocol":"serial","protocolLabel":"Serial Port (USB)","propertiesMap":[["pid","0x7523"],["serialNumber",""],["vid","0x1a86"]],"hardwareId":""}},"error":""}
2025-08-07 17:42:06 2025-08-08T00:42:06.947Z daemon INFO time="2025-08-07T17:42:06-07:00" level=info msg="Starting monitor process" monitor=serial-monitor
2025-08-07 17:42:06 2025-08-08T00:42:06.958Z daemon INFO time="2025-08-07T17:42:06-07:00" level=info msg="Monitor process started successfully!" monitor=serial-monitor
time="2025-08-07T17:42:06-07:00" level=info msg="sending command" command="HELLO 1 \"arduino-cli 1.2.0\"" monitor=serial-monitor
2025-08-07 17:42:06 2025-08-08T00:42:06.960Z monitor-service INFO starting monitor
2025-08-07 17:42:06 2025-08-08T00:42:06.961Z daemon INFO time="2025-08-07T17:42:06-07:00" level=info msg="Starting monitor process" monitor=serial-monitor
2025-08-07 17:42:06 2025-08-08T00:42:06.962Z daemon INFO time="2025-08-07T17:42:06-07:00" level=info msg="Monitor process started successfully!" monitor=serial-monitor
time="2025-08-07T17:42:06-07:00" level=info msg="sending command" command="HELLO 1 \"arduino-cli 1.2.0\"" monitor=serial-monitor
2025-08-07 17:42:06 2025-08-08T00:42:06.987Z daemon INFO time="2025-08-07T17:42:06-07:00" level=info msg="received message" error=false event_type=hello message=OK monitor=serial-monitor
time="2025-08-07T17:42:06-07:00" level=info msg="sending command" command=DESCRIBE monitor=serial-monitor
time="2025-08-07T17:42:06-07:00" level=info msg="received message" error=false event_type=hello message=OK monitor=serial-monitor
2025-08-07 17:42:06 2025-08-08T00:42:06.987Z daemon INFO time="2025-08-07T17:42:06-07:00" level=info msg="sending command" command=DESCRIBE monitor=serial-monitor
time="2025-08-07T17:42:06-07:00" level=info msg="received message" error=false event_type=describe message=OK monitor=serial-monitor
time="2025-08-07T17:42:06-07:00" level=info msg="sending command" command=QUIT monitor=serial-monitor
2025-08-07 17:42:06 2025-08-08T00:42:06.987Z daemon INFO time="2025-08-07T17:42:06-07:00" level=info msg="received message" error=false event_type=quit message=OK monitor=serial-monitor
time="2025-08-07T17:42:06-07:00" level=info msg="Killing monitor process" monitor=serial-monitor
2025-08-07 17:42:06 2025-08-08T00:42:06.987Z daemon INFO time="2025-08-07T17:42:06-07:00" level=info msg="received message" error=false event_type=describe message=OK monitor=serial-monitor
time="2025-08-07T17:42:06-07:00" level=info msg="sending command" command=QUIT monitor=serial-monitor
time="2025-08-07T17:42:06-07:00" level=info msg="received message" error=false event_type=quit message=OK monitor=serial-monitor
time="2025-08-07T17:42:06-07:00" level=info msg="Killing monitor process" monitor=serial-monitor
2025-08-07 17:42:06 2025-08-08T00:42:06.988Z daemon INFO time="2025-08-07T17:42:06-07:00" level=error msg="stopped decode loop: EOF" monitor=serial-monitor
time="2025-08-07T17:42:06-07:00" level=info msg="Monitor process killed" monitor=serial-monitor
2025-08-07 17:42:06 2025-08-08T00:42:06.988Z daemon INFO time="2025-08-07T17:42:06-07:00" level=error msg="stopped decode loop: EOF" monitor=serial-monitor
2025-08-07 17:42:06 2025-08-08T00:42:06.988Z daemon INFO time="2025-08-07T17:42:06-07:00" level=info msg="Monitor process killed" monitor=serial-monitor
2025-08-07 17:42:06 2025-08-08T00:42:06.998Z daemon INFO time="2025-08-07T17:42:06-07:00" level=info msg="Starting monitor process" monitor=serial-monitor
time="2025-08-07T17:42:06-07:00" level=info msg="Monitor process started successfully!" monitor=serial-monitor
time="2025-08-07T17:42:06-07:00" level=info msg="sending command" command="HELLO 1 \"arduino-cli 1.2.0\"" monitor=serial-monitor
2025-08-07 17:42:07 2025-08-08T00:42:06.999Z daemon INFO time="2025-08-07T17:42:06-07:00" level=info msg="received message" error=false event_type=hello message=OK monitor=serial-monitor
time="2025-08-07T17:42:06-07:00" level=info msg="sending command" command=DESCRIBE monitor=serial-monitor
2025-08-07 17:42:07 2025-08-08T00:42:07.000Z daemon INFO time="2025-08-07T17:42:07-07:00" level=info msg="received message" error=false event_type=describe message=OK monitor=serial-monitor
time="2025-08-07T17:42:07-07:00" level=info msg="sending command" command="CONFIGURE stop_bits 1" monitor=serial-monitor
2025-08-07 17:42:07 2025-08-08T00:42:07.000Z daemon INFO time="2025-08-07T17:42:07-07:00" level=info msg="received message" error=false event_type=configure message=OK monitor=serial-monitor
2025-08-07 17:42:07 2025-08-08T00:42:07.000Z daemon INFO time="2025-08-07T17:42:07-07:00" level=info msg="sending command" command="CONFIGURE baudrate 115200" monitor=serial-monitor
time="2025-08-07T17:42:07-07:00" level=info msg="received message" error=false event_type=configure message=OK monitor=serial-monitor
2025-08-07 17:42:07 2025-08-08T00:42:07.000Z daemon INFO time="2025-08-07T17:42:07-07:00" level=info msg="sending command" command="CONFIGURE bits 8" monitor=serial-monitor
time="2025-08-07T17:42:07-07:00" level=info msg="received message" error=false event_type=configure message=OK monitor=serial-monitor
2025-08-07 17:42:07 2025-08-08T00:42:07.000Z daemon INFO time="2025-08-07T17:42:07-07:00" level=info msg="sending command" command="CONFIGURE dtr off" monitor=serial-monitor
2025-08-07 17:42:07 2025-08-08T00:42:07.000Z daemon INFO time="2025-08-07T17:42:07-07:00" level=info msg="received message" error=false event_type=configure message=OK monitor=serial-monitor
time="2025-08-07T17:42:07-07:00" level=info msg="sending command" command="CONFIGURE parity none" monitor=serial-monitor
2025-08-07 17:42:07 2025-08-08T00:42:07.000Z daemon INFO time="2025-08-07T17:42:07-07:00" level=info msg="received message" error=false event_type=configure message=OK monitor=serial-monitor
time="2025-08-07T17:42:07-07:00" level=info msg="sending command" command="CONFIGURE rts off" monitor=serial-monitor
2025-08-07 17:42:07 2025-08-08T00:42:07.000Z daemon INFO time="2025-08-07T17:42:07-07:00" level=info msg="received message" error=false event_type=configure message=OK monitor=serial-monitor
2025-08-07 17:42:07 2025-08-08T00:42:07.000Z daemon INFO time="2025-08-07T17:42:07-07:00" level=info msg="sending command" command="OPEN 127.0.0.1:33683 /dev/ttyUSB0" monitor=serial-monitor
2025-08-07 17:42:07 2025-08-08T00:42:07.001Z daemon INFO time="2025-08-07T17:42:07-07:00" level=info msg="received message" error=false event_type=open message=OK monitor=serial-monitor
2025-08-07 17:42:07 2025-08-08T00:42:07.002Z daemon INFO time="2025-08-07T17:42:07-07:00" level=info msg="Port /dev/ttyUSB0 successfully opened"
2025-08-07 17:42:07 2025-08-08T00:42:07.004Z monitor-service INFO Using port configuration for serial:/dev/ttyUSB0: {"settingsList":[{"settingId":"stop_bits","value":"1"},{"settingId":"baudrate","value":"115200"},{"settingId":"bits","value":"8"},{"settingId":"dtr","value":"off"},{"settingId":"parity","value":"none"},{"settingId":"rts","value":"off"}]}
2025-08-07 17:42:07 2025-08-08T00:42:07.004Z monitor-service INFO started monitor to /dev/ttyUSB0 using serial
2025-08-07 17:42:07 2025-08-08T00:42:07.030Z monitor-service INFO No port configuration changes have been detected. No need to send configure commands to the running monitor serial:/dev/ttyUSB0.
2025-08-07 17:44:49 2025-08-08T00:44:49.874Z daemon INFO time="2025-08-07T17:44:49-07:00" level=info msg="sending command" command=CLOSE monitor=serial-monitor
2025-08-07 17:44:49 2025-08-08T00:44:49.874Z daemon INFO time="2025-08-07T17:44:49-07:00" level=info msg="received message" error=true event_type=port_closed message="readfrom tcp 127.0.0.1:59578->127.0.0.1:33683: Port has been closed" monitor=serial-monitor
time="2025-08-07T17:44:49-07:00" level=info msg="monitor port has been closed externally" monitor=serial-monitor
time="2025-08-07T17:44:49-07:00" level=info msg="received message" error=true event_type=close message="port already closed" monitor=serial-monitor
time="2025-08-07T17:44:49-07:00" level=info msg="sending command" command=QUIT monitor=serial-monitor
2025-08-07 17:44:49 2025-08-08T00:44:49.875Z discovery-log INFO {"eventType":"remove","port":{"matchingBoardsList":[],"port":{"address":"/dev/ttyUSB0","label":"","protocol":"serial","protocolLabel":"","propertiesMap":[],"hardwareId":""}},"error":""}
2025-08-07 17:44:49 2025-08-08T00:44:49.875Z daemon INFO time="2025-08-07T17:44:49-07:00" level=info msg="received message" error=false event_type=quit message=OK monitor=serial-monitor
time="2025-08-07T17:44:49-07:00" level=info msg="Killing monitor process" monitor=serial-monitor
2025-08-07 17:44:49 2025-08-08T00:44:49.875Z daemon INFO time="2025-08-07T17:44:49-07:00" level=error msg="stopped decode loop: EOF" monitor=serial-monitor
time="2025-08-07T17:44:49-07:00" level=info msg="Monitor process killed" monitor=serial-monitor
2025-08-07 17:44:49 2025-08-08T00:44:49.877Z monitor-service INFO monitor to /dev/ttyUSB0 using serial closed by server
2025-08-07 18:09:02 isTempSketch: false. Input was /home/aaron/projects/esp32_ble/slave
2025-08-07 18:09:02 Marking workspace as a closed sketch. Workspace URI: file:///home/aaron/projects/esp32_ble/slave. Date: 1754615342274.
2025-08-07 18:09:02 isTempSketch: false. Input was /home/aaron/projects/esp32_ble/slave
2025-08-07 18:09:02 Marking workspace as a closed sketch. Workspace URI: file:///home/aaron/projects/esp32_ble/slave. Date: 1754615342278.
2025-08-07 18:09:02 Closing channel on service path '/services/electron-window'.
2025-08-07 18:09:02 Closing channel on service path '/services/ide-updater'.
2025-08-07 18:09:02 2025-08-08T01:09:02.291Z root INFO socked closed
2025-08-07 18:09:02 2025-08-08T01:09:02.291Z root INFO closing connection for 1
2025-08-07 18:09:02 2025-08-08T01:09:02.291Z root INFO Closing channel on service path '/localization-server'.
2025-08-07 18:09:02 2025-08-08T01:09:02.291Z root INFO Closing channel on service path '/os'.
2025-08-07 18:09:02 2025-08-08T01:09:02.291Z root INFO Closing channel on service path '/services/commands'.
2025-08-07 18:09:02 2025-08-08T01:09:02.291Z root INFO Closing channel on service path '/services/keyboard'.
2025-08-07 18:09:02 2025-08-08T01:09:02.291Z root INFO Closing channel on service path '/services/logger'.
2025-08-07 18:09:02 2025-08-08T01:09:02.291Z root INFO Closing channel on service path '/services/messageService'.
2025-08-07 18:09:02 2025-08-08T01:09:02.291Z root INFO Closing channel on service path '/services/ChannelCloseService'.
2025-08-07 18:09:02 2025-08-08T01:09:02.291Z root INFO Closing channel on service path '/services/remote-filesystem'.
2025-08-07 18:09:02 2025-08-08T01:09:02.291Z root INFO Closing channel on service path '/services/envs'.
2025-08-07 18:09:02 2025-08-08T01:09:02.291Z root INFO Closing channel on service path '/services/authentication-service'.
2025-08-07 18:09:02 2025-08-08T01:09:02.291Z root INFO Closing channel on service path '/services/sketches-service'.
2025-08-07 18:09:02 2025-08-08T01:09:02.291Z root INFO Closing channel on service path '/services/config-service'.
2025-08-07 18:09:02 2025-08-08T01:09:02.291Z root INFO Closing channel on service path '/services/workspace'.
2025-08-07 18:09:02 2025-08-08T01:09:02.291Z root INFO Closing channel on service path '/services/notification-service'.
2025-08-07 18:09:02 2025-08-08T01:09:02.291Z root INFO Closing channel on service path '/services/arduino-daemon'.
2025-08-07 18:09:02 2025-08-08T01:09:02.291Z root INFO Closing channel on service path '/services/stopwatch'.
2025-08-07 18:09:02 2025-08-08T01:09:02.291Z root INFO Closing channel on service path '/services/application'.
2025-08-07 18:09:02 2025-08-08T01:09:02.291Z root INFO Closing channel on service path '/services/i18n'.
2025-08-07 18:09:02 2025-08-08T01:09:02.291Z root INFO Closing channel on service path '/services/quickInput'.
2025-08-07 18:09:02 2025-08-08T01:09:02.291Z root INFO Closing channel on service path '/services/debug'.
2025-08-07 18:09:02 2025-08-08T01:09:02.291Z root INFO Closing channel on service path '/services/shell-terminal'.
2025-08-07 18:09:02 2025-08-08T01:09:02.291Z root INFO Closing channel on service path '/services/quickPick'.
2025-08-07 18:09:02 2025-08-08T01:09:02.291Z root INFO Closing channel on service path '/services/task'.
2025-08-07 18:09:02 2025-08-08T01:09:02.291Z root INFO Closing channel on service path '/services/search'.
2025-08-07 18:09:02 2025-08-08T01:09:02.291Z root INFO Closing channel on service path '/services/hostedPlugin'.
2025-08-07 18:09:02 2025-08-08T01:09:02.291Z root INFO Closing channel on service path '/services/plugin-ext'.
2025-08-07 18:09:02 2025-08-08T01:09:02.291Z root INFO Closing channel on service path '/services/plugin-paths'.
2025-08-07 18:09:02 2025-08-08T01:09:02.291Z root INFO Closing channel on service path '/services/cli-preferences'.
2025-08-07 18:09:02 2025-08-08T01:09:02.291Z root INFO Closing channel on service path '/services/boards-service'.
2025-08-07 18:09:02 2025-08-08T01:09:02.291Z root INFO Closing channel on service path '/services/response-service'.
2025-08-07 18:09:02 2025-08-08T01:09:02.291Z root INFO Closing channel on service path '/services/file-system-ext'.
2025-08-07 18:09:02 2025-08-08T01:09:02.291Z root INFO Closing channel on service path '/services/core-service'.
2025-08-07 18:09:02 2025-08-08T01:09:02.292Z root INFO Closing channel on service path '/services/example-service'.
2025-08-07 18:09:02 2025-08-08T01:09:02.292Z root INFO Closing channel on service path '/services/library-service'.
2025-08-07 18:09:02 2025-08-08T01:09:02.292Z root INFO Closing channel on service path '/services/executable-service'.
2025-08-07 18:09:02 2025-08-08T01:09:02.292Z root INFO Closing channel on service path '/services/arduino-firmware-uploader'.
2025-08-07 18:09:02 2025-08-08T01:09:02.292Z root INFO Closing channel on service path '/services/formatter'.
2025-08-07 18:09:02 2025-08-08T01:09:02.292Z root INFO Closing channel on service path '/services/search-in-workspace'.
2025-08-07 18:09:02 2025-08-08T01:09:02.292Z root INFO Closing channel on service path '/services/request-service'.
2025-08-07 18:09:02 2025-08-08T01:09:02.292Z root INFO Closing channel on service path '/services/keyStore'.
2025-08-07 18:09:02 2025-08-08T01:09:02.292Z root INFO Closing channel on service path '/services/languagePackService'.
2025-08-07 18:09:02 2025-08-08T01:09:02.292Z root INFO Closing channel on service path '/services/monitor-manager-proxy'.
2025-08-07 18:09:02 2025-08-08T01:09:02.350Z monitor-service WARN monitor to /dev/ttyUSB0 using serial already stopped
2025-08-07 18:38:24 isTempSketch: false. Input was /home/aaron/projects/esp32_ble/master
2025-08-07 18:38:24 Marking workspace as a closed sketch. Workspace URI: file:///home/aaron/projects/esp32_ble/master. Date: 1754617104701.
2025-08-07 18:38:24 isTempSketch: false. Input was /home/aaron/projects/esp32_ble/master
2025-08-07 18:38:24 Marking workspace as a closed sketch. Workspace URI: file:///home/aaron/projects/esp32_ble/master. Date: 1754617104706.
2025-08-07 18:38:24 2025-08-08T01:38:24.716Z root INFO socked closed
2025-08-07 18:38:24 2025-08-08T01:38:24.716Z root INFO closing connection for 3
2025-08-07 18:38:24 2025-08-08T01:38:24.716Z root INFO Closing channel on service path '/localization-server'.
2025-08-07 18:38:24 2025-08-08T01:38:24.716Z root INFO Closing channel on service path '/os'.
2025-08-07 18:38:24 2025-08-08T01:38:24.716Z root INFO Closing channel on service path '/services/commands'.
2025-08-07 18:38:24 2025-08-08T01:38:24.716Z root INFO Closing channel on service path '/services/keyboard'.
2025-08-07 18:38:24 2025-08-08T01:38:24.716Z root INFO Closing channel on service path '/services/logger'.
2025-08-07 18:38:24 2025-08-08T01:38:24.716Z root INFO Closing channel on service path '/services/messageService'.
2025-08-07 18:38:24 2025-08-08T01:38:24.716Z root INFO Closing channel on service path '/services/ChannelCloseService'.
2025-08-07 18:38:24 2025-08-08T01:38:24.716Z root INFO Closing channel on service path '/services/remote-filesystem'.
2025-08-07 18:38:24 2025-08-08T01:38:24.716Z root INFO Closing channel on service path '/services/envs'.
2025-08-07 18:38:24 2025-08-08T01:38:24.716Z root INFO Closing channel on service path '/services/authentication-service'.
2025-08-07 18:38:24 2025-08-08T01:38:24.716Z root INFO Closing channel on service path '/services/sketches-service'.
2025-08-07 18:38:24 2025-08-08T01:38:24.716Z root INFO Closing channel on service path '/services/config-service'.
2025-08-07 18:38:24 2025-08-08T01:38:24.716Z root INFO Closing channel on service path '/services/workspace'.
2025-08-07 18:38:24 2025-08-08T01:38:24.716Z root INFO Closing channel on service path '/services/notification-service'.
2025-08-07 18:38:24 2025-08-08T01:38:24.716Z root INFO Closing channel on service path '/services/arduino-daemon'.
2025-08-07 18:38:24 2025-08-08T01:38:24.716Z root INFO Closing channel on service path '/services/stopwatch'.
2025-08-07 18:38:24 2025-08-08T01:38:24.716Z root INFO Closing channel on service path '/services/application'.
2025-08-07 18:38:24 2025-08-08T01:38:24.716Z root INFO Closing channel on service path '/services/i18n'.
2025-08-07 18:38:24 2025-08-08T01:38:24.716Z root INFO Closing channel on service path '/services/quickInput'.
2025-08-07 18:38:24 2025-08-08T01:38:24.716Z root INFO Closing channel on service path '/services/debug'.
2025-08-07 18:38:24 2025-08-08T01:38:24.716Z root INFO Closing channel on service path '/services/shell-terminal'.
2025-08-07 18:38:24 2025-08-08T01:38:24.716Z root INFO Closing channel on service path '/services/quickPick'.
2025-08-07 18:38:24 2025-08-08T01:38:24.716Z root INFO Closing channel on service path '/services/task'.
2025-08-07 18:38:24 2025-08-08T01:38:24.716Z root INFO Closing channel on service path '/services/search'.
2025-08-07 18:38:24 2025-08-08T01:38:24.716Z root INFO Closing channel on service path '/services/hostedPlugin'.
2025-08-07 18:38:24 2025-08-08T01:38:24.716Z root INFO Closing channel on service path '/services/plugin-ext'.
2025-08-07 18:38:24 2025-08-08T01:38:24.716Z root INFO Closing channel on service path '/services/plugin-paths'.
2025-08-07 18:38:24 2025-08-08T01:38:24.716Z root INFO Closing channel on service path '/services/cli-preferences'.
2025-08-07 18:38:24 2025-08-08T01:38:24.716Z root INFO Closing channel on service path '/services/boards-service'.
2025-08-07 18:38:24 2025-08-08T01:38:24.716Z root INFO Closing channel on service path '/services/response-service'.
2025-08-07 18:38:24 2025-08-08T01:38:24.716Z root INFO Closing channel on service path '/services/file-system-ext'.
2025-08-07 18:38:24 2025-08-08T01:38:24.716Z root INFO Closing channel on service path '/services/core-service'.
2025-08-07 18:38:24 2025-08-08T01:38:24.717Z root INFO Closing channel on service path '/services/example-service'.
2025-08-07 18:38:24 2025-08-08T01:38:24.717Z root INFO Closing channel on service path '/services/library-service'.
2025-08-07 18:38:24 2025-08-08T01:38:24.717Z root INFO Closing channel on service path '/services/executable-service'.
2025-08-07 18:38:24 2025-08-08T01:38:24.717Z root INFO Closing channel on service path '/services/arduino-firmware-uploader'.
2025-08-07 18:38:24 2025-08-08T01:38:24.717Z root INFO Closing channel on service path '/services/formatter'.
2025-08-07 18:38:24 2025-08-08T01:38:24.717Z root INFO Closing channel on service path '/services/search-in-workspace'.
2025-08-07 18:38:24 2025-08-08T01:38:24.717Z root INFO Closing channel on service path '/services/request-service'.
2025-08-07 18:38:24 2025-08-08T01:38:24.717Z root INFO Closing channel on service path '/services/keyStore'.
2025-08-07 18:38:24 2025-08-08T01:38:24.717Z root INFO Closing channel on service path '/services/languagePackService'.
2025-08-07 18:38:24 Closing channel on service path '/services/electron-window'.
2025-08-07 18:38:24 Closing channel on service path '/services/ide-updater'.
2025-08-07 18:38:24 Skipped storing sketch as workspace root. Expected minimum threshold: <1754617103735>. Was: <1754608259520>.
2025-08-07 18:38:24 Skipped storing sketch as workspace root. Expected minimum threshold: <1754617103735>. Was: <1754608259525>.
2025-08-07 18:38:24 Skipped storing sketch as workspace root. Expected minimum threshold: <1754617103735>. Was: <1754615342274>.
2025-08-07 18:38:24 Skipped storing sketch as workspace root. Expected minimum threshold: <1754617103735>. Was: <1754615342278>.
2025-08-07 18:38:24 Storing the sketch as a workspace root: </home/aaron/projects/esp32_ble/master>.
2025-08-07 18:38:24 Skipped storing sketch as workspace root. Already visited: </home/aaron/projects/esp32_ble/master>.
2025-08-07 18:38:24 Stored workspaces roots: /home/aaron/projects/esp32_ble/master
2025-08-07 18:38:24 No sketches were scheduled for deletion.
2025-08-07 19:08:57 Arduino IDE 2.3.6
2025-08-07 19:08:57 Checking for frontend application configuration customizations. Module path: /nix/store/2d5i1bzbqbnl4rgnhk8czrw5zmqqjdzv-arduino-ide-2.3.6-extracted/resources/app/lib/backend/electron-main.js, destination 'package.json': /nix/store/2d5i1bzbqbnl4rgnhk8czrw5zmqqjdzv-arduino-ide-2.3.6-extracted/resources/app/package.json
2025-08-07 19:08:57 Setting 'theia.frontend.config.appVersion' application configuration value to: "2.3.6" (type of string)
2025-08-07 19:08:57 Setting 'theia.frontend.config.cliVersion' application configuration value to: "1.2.0" (type of string)
2025-08-07 19:08:57 Setting 'theia.frontend.config.buildDate' application configuration value to: "2025-04-09T11:24:04.835Z" (type of string)
2025-08-07 19:08:57 Frontend application configuration after modifications: {"applicationName":"Arduino IDE","defaultTheme":{"light":"arduino-theme","dark":"arduino-theme-dark"},"defaultIconTheme":"none","electron":{"windowOptions":{},"showWindowEarly":true,"splashScreenOptions":{},"uriScheme":"arduino-ide"},"defaultLocale":"","validatePreferencesSchema":false,"reloadOnReconnect":true,"uriScheme":"theia","preferences":{"window.title":"${rootName}${activeEditorShort}${appName}","files.autoSave":"afterDelay","editor.minimap.enabled":false,"editor.tabSize":2,"editor.scrollBeyondLastLine":false,"editor.quickSuggestions":{"other":false,"comments":false,"strings":false},"editor.maxTokenizationLineLength":500,"editor.bracketPairColorization.enabled":false,"breadcrumbs.enabled":false,"workbench.tree.renderIndentGuides":"none","explorer.compactFolders":false},"appVersion":"2.3.6","cliVersion":"1.2.0","buildDate":"2025-04-09T11:24:04.835Z"}
2025-08-07 19:08:57 Starting backend process. PID: 42888
2025-08-07 19:08:58 Showing main window early
2025-08-07 19:08:58 Using browser-only version of superagent in non-browser environment
2025-08-07 19:08:58 Configuration directory URI: 'file:///home/aaron/.arduinoIDE'
2025-08-07 19:08:58 Configuring to accept webviews on '^.+\.webview\..+$' hostname.
2025-08-07 19:08:58 2025-08-08T02:08:58.572Z root INFO Backend u.initialize: 34.9 ms [Finished 0.644 s after backend start]
2025-08-07 19:08:58 2025-08-08T02:08:58.572Z root INFO Backend Object.initialize: 33.0 ms [Finished 0.644 s after backend start]
2025-08-07 19:08:58 2025-08-08T02:08:58.572Z root INFO Backend a.initialize: 1.6 ms [Finished 0.644 s after backend start]
2025-08-07 19:08:58 2025-08-08T02:08:58.572Z root INFO Backend a.initialize: 1.2 ms [Finished 0.644 s after backend start]
2025-08-07 19:08:58 2025-08-08T02:08:58.572Z root INFO Backend u.initialize: 1.6 ms [Finished 0.645 s after backend start]
2025-08-07 19:08:58 2025-08-08T02:08:58.575Z root INFO Backend l.initialize: 35.1 ms [Finished 0.646 s after backend start]
2025-08-07 19:08:58 2025-08-08T02:08:58.582Z root INFO configured all backend app contributions
2025-08-07 19:08:58 2025-08-08T02:08:58.583Z root INFO Backend l.onStart: 1.4 ms [Finished 0.657 s after backend start]
2025-08-07 19:08:58 2025-08-08T02:08:58.583Z root INFO Backend d.onStart: 0.1 ms [Finished 0.657 s after backend start]
2025-08-07 19:08:58 2025-08-08T02:08:58.584Z root INFO Backend a.onStart: 0.4 ms [Finished 0.658 s after backend start]
2025-08-07 19:08:58 2025-08-08T02:08:58.584Z config INFO >>> Initializing CLI configuration...
2025-08-07 19:08:58 2025-08-08T02:08:58.584Z root INFO Backend x.onStart: 0.3 ms [Finished 0.658 s after backend start]
2025-08-07 19:08:58 2025-08-08T02:08:58.584Z config INFO Loading CLI configuration from /home/aaron/.arduinoIDE/arduino-cli.yaml...
2025-08-07 19:08:58 2025-08-08T02:08:58.584Z daemon INFO Starting daemon from /nix/store/2d5i1bzbqbnl4rgnhk8czrw5zmqqjdzv-arduino-ide-2.3.6-extracted/resources/app/lib/backend/resources/arduino-cli...
2025-08-07 19:08:58 2025-08-08T02:08:58.584Z root INFO Backend w.onStart: 0.4 ms [Finished 0.659 s after backend start]
2025-08-07 19:08:58 2025-08-08T02:08:58.584Z discovery-log INFO start
2025-08-07 19:08:58 2025-08-08T02:08:58.584Z discovery-log INFO start new deferred
2025-08-07 19:08:58 2025-08-08T02:08:58.584Z root INFO Backend v.onStart: 0.3 ms [Finished 0.659 s after backend start]
2025-08-07 19:08:58 2025-08-08T02:08:58.584Z root INFO Backend a.onStart: 0.1 ms [Finished 0.659 s after backend start]
2025-08-07 19:08:58 2025-08-08T02:08:58.589Z root INFO Theia app listening on http://127.0.0.1:36363.
2025-08-07 19:08:58 2025-08-08T02:08:58.589Z root INFO Finished starting backend application: 4.2 ms [Finished 0.664 s after backend start]
2025-08-07 19:08:58 Error: node-loader:
Error: libxkbfile.so.1: cannot open shared object file: No such file or directory
    at 95585 (/nix/store/2d5i1bzbqbnl4rgnhk8czrw5zmqqjdzv-arduino-ide-2.3.6-extracted/resources/app/lib/backend/electron-main.js:8:1529780)
    at __webpack_require__ (/nix/store/2d5i1bzbqbnl4rgnhk8czrw5zmqqjdzv-arduino-ide-2.3.6-extracted/resources/app/lib/backend/electron-main.js:8:1985382)
    at o._init (/nix/store/2d5i1bzbqbnl4rgnhk8czrw5zmqqjdzv-arduino-ide-2.3.6-extracted/resources/app/lib/backend/electron-main.js:5:1319254)
    at o.onDidChangeKeyboardLayout (/nix/store/2d5i1bzbqbnl4rgnhk8czrw5zmqqjdzv-arduino-ide-2.3.6-extracted/resources/app/lib/backend/electron-main.js:5:1319604)
    at t.onDidChangeKeyboardLayout (/nix/store/2d5i1bzbqbnl4rgnhk8czrw5zmqqjdzv-arduino-ide-2.3.6-extracted/resources/app/lib/backend/electron-main.js:5:1319982)
    at a.onStart (/nix/store/2d5i1bzbqbnl4rgnhk8czrw5zmqqjdzv-arduino-ide-2.3.6-extracted/resources/app/lib/backend/electron-main.js:2:205197)
    at A.startContributions (/nix/store/2d5i1bzbqbnl4rgnhk8czrw5zmqqjdzv-arduino-ide-2.3.6-extracted/resources/app/lib/backend/electron-main.js:8:1599586)
    at Object.handler (/nix/store/2d5i1bzbqbnl4rgnhk8czrw5zmqqjdzv-arduino-ide-2.3.6-extracted/resources/app/lib/backend/electron-main.js:2:1217714)
    at process.processTicksAndRejections (node:internal/process/task_queues:95:5)
2025-08-07 19:08:58 Restoring workspace roots: /home/aaron/projects/esp32_ble/master
2025-08-07 19:08:58 2025-08-08T02:08:58.590Z root WARN The local plugin referenced by local-dir:/home/aaron/.arduinoIDE/plugins does not exist.
2025-08-07 19:08:58 2025-08-08T02:08:58.590Z root WARN The local plugin referenced by local-dir:/home/aaron/.arduinoIDE/deployedPlugins does not exist.
2025-08-07 19:08:58 2025-08-08T02:08:58.594Z config INFO Loaded CLI configuration: {"board_manager":{"additional_urls":["https://raw.githubusercontent.com/espressif/arduino-esp32/gh-pages/package_esp32_index.json"]},"directories":{"builtin":{"libraries":"/home/aaron/.arduino15/libraries"},"data":"/home/aaron/.arduino15","user":"/home/aaron/Arduino"},"locale":"en"}
2025-08-07 19:08:58 2025-08-08T02:08:58.594Z config INFO 'directories.data' and 'directories.user' are set in the CLI configuration model.
2025-08-07 19:08:58 2025-08-08T02:08:58.594Z config INFO Loaded the CLI configuration.
2025-08-07 19:08:58 2025-08-08T02:08:58.603Z config INFO Mapped the CLI configuration: {"dataDirUri":"file:///home/aaron/.arduino15","sketchDirUri":"file:///home/aaron/Arduino","additionalUrls":["https://raw.githubusercontent.com/espressif/arduino-esp32/gh-pages/package_esp32_index.json"],"network":"none","locale":"en"}
2025-08-07 19:08:58 2025-08-08T02:08:58.603Z config INFO Validating the CLI configuration...
2025-08-07 19:08:58 2025-08-08T02:08:58.603Z config INFO The CLI config is valid.
2025-08-07 19:08:58 2025-08-08T02:08:58.603Z config INFO <<< Initialized the CLI configuration.
2025-08-07 19:08:58 isTempSketch: false. Input was /home/aaron/projects/esp32_ble/master/master.ino
2025-08-07 19:08:58 2025-08-08T02:08:58.611Z daemon INFO time="2025-08-07T19:08:58-07:00" level=info msg="arduino-cli version 1.2.0"
time="2025-08-07T19:08:58-07:00" level=info msg="Using config file: /home/aaron/.arduinoIDE/arduino-cli.yaml"
time="2025-08-07T19:08:58-07:00" level=info msg="Executing `arduino-cli daemon`"
2025-08-07 19:08:58 2025-08-08T02:08:58.622Z daemon INFO Daemon is now listening on 127.0.0.1:43741
{"IP":"127.0.0.1","Port":"43741"}
2025-08-07 19:08:58 2025-08-08T02:08:58.622Z daemon INFO Daemon is running.
2025-08-07 19:08:58 2025-08-08T02:08:58.652Z root INFO Resolve plugins list: 66.5 ms [Finished 0.727 s after backend start]
2025-08-07 19:08:58 2025-08-08T02:08:58.668Z daemon INFO time="2025-08-07T19:08:58-07:00" level=info msg="Checking signature" index=/home/aaron/.arduino15/package_index.json signatureFile=/home/aaron/.arduino15/package_index.json.sig trusted=true
2025-08-07 19:08:58 2025-08-08T02:08:58.673Z daemon INFO time="2025-08-07T19:08:58-07:00" level=info msg="Missing signature file" index=/home/aaron/.arduino15/package_esp32_index.json
2025-08-07 19:08:58 2025-08-08T02:08:58.674Z daemon INFO time="2025-08-07T19:08:58-07:00" level=info msg="Loading hardware from: /home/aaron/.arduino15/packages"
2025-08-07 19:08:58 2025-08-08T02:08:58.675Z daemon INFO time="2025-08-07T19:08:58-07:00" level=info msg="Loading package arduino from: /home/aaron/.arduino15/packages/arduino/hardware"
2025-08-07 19:08:58 2025-08-08T02:08:58.675Z daemon INFO time="2025-08-07T19:08:58-07:00" level=info msg="Missing signature file" index=/home/aaron/.arduino15/packages/arduino/hardware/avr/1.8.6/installed.json
2025-08-07 19:08:58 2025-08-08T02:08:58.680Z daemon INFO time="2025-08-07T19:08:58-07:00" level=info msg="Adding monitor tool" protocol=serial tool="builtin:serial-monitor"
time="2025-08-07T19:08:58-07:00" level=info msg="Loaded platform" platform="arduino:avr@1.8.6"
time="2025-08-07T19:08:58-07:00" level=info msg="Checking existence of 'tools' path: /home/aaron/.arduino15/packages/arduino/tools"
time="2025-08-07T19:08:58-07:00" level=info msg="Loading tools from dir: /home/aaron/.arduino15/packages/arduino/tools"
time="2025-08-07T19:08:58-07:00" level=info msg="Loaded tool" tool="arduino:arduinoOTA@1.3.0"
time="2025-08-07T19:08:58-07:00" level=info msg="Loaded tool" tool="arduino:avr-gcc@7.3.0-atmel3.6.1-arduino7"
time="2025-08-07T19:08:58-07:00" level=info msg="Loaded tool" tool="arduino:avrdude@6.3.0-arduino17"
time="2025-08-07T19:08:58-07:00" level=info msg="Loaded tool" tool="arduino:dfu-util@0.11.0-arduino5"
time="2025-08-07T19:08:58-07:00" level=info msg="Loading package builtin from: /home/aaron/.arduino15/packages/builtin"
time="2025-08-07T19:08:58-07:00" level=info msg="Checking existence of 'tools' path: /home/aaron/.arduino15/packages/builtin/tools"
time="2025-08-07T19:08:58-07:00" level=info msg="Loading tools from dir: /home/aaron/.arduino15/packages/builtin/tools"
time="2025-08-07T19:08:58-07:00" level=info msg="Loaded tool" tool="builtin:ctags@5.8-arduino11"
time="2025-08-07T19:08:58-07:00" level=info msg="Loaded tool" tool="builtin:dfu-discovery@0.1.2"
time="2025-08-07T19:08:58-07:00" level=info msg="Loaded tool" tool="builtin:mdns-discovery@1.0.9"
time="2025-08-07T19:08:58-07:00" level=info msg="Loaded tool" tool="builtin:serial-discovery@1.4.1"
time="2025-08-07T19:08:58-07:00" level=info msg="Loaded tool" tool="builtin:serial-monitor@0.15.0"
time="2025-08-07T19:08:58-07:00" level=info msg="Loading package esp32 from: /home/aaron/.arduino15/packages/esp32/hardware"
2025-08-07 19:08:58 2025-08-08T02:08:58.680Z daemon INFO time="2025-08-07T19:08:58-07:00" level=info msg="Missing signature file" index=/home/aaron/.arduino15/packages/esp32/hardware/esp32/3.3.0/installed.json
2025-08-07 19:08:58 2025-08-08T02:08:58.944Z daemon INFO time="2025-08-07T19:08:58-07:00" level=info msg="Adding monitor tool" protocol=serial tool="builtin:serial-monitor"
time="2025-08-07T19:08:58-07:00" level=info msg="Loaded platform" platform="esp32:esp32@3.3.0"
time="2025-08-07T19:08:58-07:00" level=info msg="Checking existence of 'tools' path: /home/aaron/.arduino15/packages/esp32/tools"
time="2025-08-07T19:08:58-07:00" level=info msg="Loading tools from dir: /home/aaron/.arduino15/packages/esp32/tools"
time="2025-08-07T19:08:58-07:00" level=info msg="Loaded tool" tool="esp32:esp-rv32@2411"
time="2025-08-07T19:08:58-07:00" level=info msg="Loaded tool" tool="esp32:esp-x32@2411"
time="2025-08-07T19:08:58-07:00" level=info msg="Loaded tool" tool="esp32:esp32-arduino-libs@idf-release_v5.5-b66b5448-v1"
time="2025-08-07T19:08:58-07:00" level=info msg="Loaded tool" tool="esp32:esptool_py@5.0.0"
time="2025-08-07T19:08:58-07:00" level=info msg="Loaded tool" tool="esp32:mklittlefs@3.0.0-gnu12-dc7f933"
time="2025-08-07T19:08:58-07:00" level=info msg="Loaded tool" tool="esp32:mkspiffs@0.2.3"
time="2025-08-07T19:08:58-07:00" level=info msg="Loaded tool" tool="esp32:openocd-esp32@v0.12.0-esp32-20250422"
time="2025-08-07T19:08:58-07:00" level=info msg="Loaded tool" tool="esp32:riscv32-esp-elf-gdb@16.2_20250324"
time="2025-08-07T19:08:58-07:00" level=info msg="Loaded tool" tool="esp32:xtensa-esp-elf-gdb@16.2_20250324"
2025-08-07 19:08:58 2025-08-08T02:08:58.947Z daemon INFO time="2025-08-07T19:08:58-07:00" level=info msg="Adding libraries dir" dir=/home/aaron/.arduino15/packages/esp32/hardware/esp32/3.3.0/libraries isSingleLibrary=false location=platform
time="2025-08-07T19:08:58-07:00" level=info msg="Adding libraries dir" dir=/home/aaron/.arduino15/packages/arduino/hardware/avr/1.8.6/libraries isSingleLibrary=false location=platform
time="2025-08-07T19:08:58-07:00" level=info msg="Loading libraries index file" index=/home/aaron/.arduino15/library_index.json
2025-08-07 19:08:59 2025-08-08T02:08:59.140Z root INFO Deploy plugins list: 554.0 ms [Finished 1.215 s after backend start]
2025-08-07 19:08:59 2025-08-08T02:08:59.259Z daemon INFO time="2025-08-07T19:08:59-07:00" level=info msg="Adding libraries dir" dir=/home/aaron/.arduino15/libraries isSingleLibrary=false location=ide
time="2025-08-07T19:08:59-07:00" level=info msg="Adding libraries dir" dir=/home/aaron/Arduino/libraries isSingleLibrary=false location=user
2025-08-07 19:08:59 2025-08-08T02:08:59.303Z discovery-log INFO start resolved watching
2025-08-07 19:08:59 2025-08-08T02:08:59.321Z discovery-log INFO {"eventType":"add","port":{"matchingBoardsList":[{"name":"ESP32 Family Device","fqbn":"esp32:esp32:esp32_family","isHidden":true}],"port":{"address":"/dev/ttyACM1","label":"/dev/ttyACM1","protocol":"serial","protocolLabel":"Serial Port (USB)","propertiesMap":[["pid","0x1001"],["serialNumber","30:ED:A0:AD:83:34"],["vid","0x303a"]],"hardwareId":"30:ED:A0:AD:83:34"}},"error":""}
2025-08-07 19:08:59 2025-08-08T02:08:59.322Z discovery-log INFO {"eventType":"add","port":{"matchingBoardsList":[],"port":{"address":"/dev/ttyS0","label":"/dev/ttyS0","protocol":"serial","protocolLabel":"Serial Port","propertiesMap":[],"hardwareId":""}},"error":""}
2025-08-07 19:08:59 2025-08-08T02:08:59.342Z root INFO creating connection for 1
2025-08-07 19:09:00 2025-08-08T02:09:00.370Z root ERROR Error: node-loader:
Error: libxkbfile.so.1: cannot open shared object file: No such file or directory
    at 95585 (/nix/store/2d5i1bzbqbnl4rgnhk8czrw5zmqqjdzv-arduino-ide-2.3.6-extracted/resources/app/lib/backend/main.js:2:6468723)
    at __webpack_require__ (/nix/store/2d5i1bzbqbnl4rgnhk8czrw5zmqqjdzv-arduino-ide-2.3.6-extracted/resources/app/lib/backend/main.js:2:7034640)
    at r._init (/nix/store/2d5i1bzbqbnl4rgnhk8czrw5zmqqjdzv-arduino-ide-2.3.6-extracted/resources/app/lib/backend/main.js:2:4537535)
    at r.getCurrentKeyboardLayout (/nix/store/2d5i1bzbqbnl4rgnhk8czrw5zmqqjdzv-arduino-ide-2.3.6-extracted/resources/app/lib/backend/main.js:2:4537734)
    at t.getCurrentKeyboardLayout (/nix/store/2d5i1bzbqbnl4rgnhk8czrw5zmqqjdzv-arduino-ide-2.3.6-extracted/resources/app/lib/backend/main.js:2:4538141)
    at s.getNativeLayoutSync (/nix/store/2d5i1bzbqbnl4rgnhk8czrw5zmqqjdzv-arduino-ide-2.3.6-extracted/resources/app/lib/backend/main.js:2:1830040)
    at s.getNativeLayout (/nix/store/2d5i1bzbqbnl4rgnhk8czrw5zmqqjdzv-arduino-ide-2.3.6-extracted/resources/app/lib/backend/main.js:2:1829981)
    at u.onRequest (/nix/store/2d5i1bzbqbnl4rgnhk8czrw5zmqqjdzv-arduino-ide-2.3.6-extracted/resources/app/lib/backend/main.js:2:4942964)
    at c.requestHandler (/nix/store/2d5i1bzbqbnl4rgnhk8czrw5zmqqjdzv-arduino-ide-2.3.6-extracted/resources/app/lib/backend/main.js:2:4942783)
    at c.handleRequest (/nix/store/2d5i1bzbqbnl4rgnhk8czrw5zmqqjdzv-arduino-ide-2.3.6-extracted/resources/app/lib/backend/main.js:2:524486)
2025-08-07 19:09:00 2025-08-08T02:09:00.370Z root ERROR TypeError: Cannot read properties of null (reading 'getKeyMap')
    at r.getKeyMap (/nix/store/2d5i1bzbqbnl4rgnhk8czrw5zmqqjdzv-arduino-ide-2.3.6-extracted/resources/app/lib/backend/main.js:2:4537620)
    at t.getKeyMap (/nix/store/2d5i1bzbqbnl4rgnhk8czrw5zmqqjdzv-arduino-ide-2.3.6-extracted/resources/app/lib/backend/main.js:2:4538201)
    at s.getNativeLayoutSync (/nix/store/2d5i1bzbqbnl4rgnhk8czrw5zmqqjdzv-arduino-ide-2.3.6-extracted/resources/app/lib/backend/main.js:2:1830077)
    at s.getNativeLayout (/nix/store/2d5i1bzbqbnl4rgnhk8czrw5zmqqjdzv-arduino-ide-2.3.6-extracted/resources/app/lib/backend/main.js:2:1829981)
    at u.onRequest (/nix/store/2d5i1bzbqbnl4rgnhk8czrw5zmqqjdzv-arduino-ide-2.3.6-extracted/resources/app/lib/backend/main.js:2:4942964)
    at c.requestHandler (/nix/store/2d5i1bzbqbnl4rgnhk8czrw5zmqqjdzv-arduino-ide-2.3.6-extracted/resources/app/lib/backend/main.js:2:4942783)
    at c.handleRequest (/nix/store/2d5i1bzbqbnl4rgnhk8czrw5zmqqjdzv-arduino-ide-2.3.6-extracted/resources/app/lib/backend/main.js:2:524486)
    at c.handleMessage (/nix/store/2d5i1bzbqbnl4rgnhk8czrw5zmqqjdzv-arduino-ide-2.3.6-extracted/resources/app/lib/backend/main.js:2:522388)
    at /nix/store/2d5i1bzbqbnl4rgnhk8czrw5zmqqjdzv-arduino-ide-2.3.6-extracted/resources/app/lib/backend/main.js:2:522022
    at /nix/store/2d5i1bzbqbnl4rgnhk8czrw5zmqqjdzv-arduino-ide-2.3.6-extracted/resources/app/lib/backend/main.js:2:6419737
2025-08-07 19:09:00 2025-08-08T02:09:00.371Z root WARN A command editor.action.toggleStickyScroll is already registered.
2025-08-07 19:09:00 2025-08-08T02:09:00.395Z sketches-service WARN Warning! The request sketch path was different than the response sketch path from the CLI. This could be a potential bug. Request: </home/aaron/projects/esp32_ble/master/master.ino>, response: </home/aaron/projects/esp32_ble/master>.
2025-08-07 19:09:00 Opening channel for service path '/services/electron-window'.
2025-08-07 19:09:00 Opening channel for service path '/services/ide-updater'.
2025-08-07 19:09:00 2025-08-08T02:09:00.504Z root INFO Start frontend contributions: 314.1 ms [Finished 1.877 s after frontend start]
2025-08-07 19:09:00 2025-08-08T02:09:00.504Z root INFO Changed application state from 'init' to 'started_contributions'.
2025-08-07 19:09:00 2025-08-08T02:09:00.512Z root INFO Changed application state from 'started_contributions' to 'attached_shell'.
2025-08-07 19:09:00 2025-08-08T02:09:00.513Z root INFO >>> Restoring the layout state...
2025-08-07 19:09:00 2025-08-08T02:09:00.556Z root INFO [07d5a219-7eee-472a-a113-b63230c474c7] Waiting for backend deployment: 67.3 ms [Finished 1.939 s after frontend start]
2025-08-07 19:09:01 2025-08-08T02:09:01.186Z root INFO [hosted-plugin: 43147] PLUGIN_HOST(43147) starting instance
[Object: null prototype] {}
2025-08-07 19:09:01 2025-08-08T02:09:01.983Z root INFO [07d5a219-7eee-472a-a113-b63230c474c7] Sync of 23 plugins: 1433.2 ms [Finished 3.372 s after frontend start]
2025-08-07 19:09:02 2025-08-08T02:09:02.008Z root INFO ------- SERIALIZED LAYOUT DATA -------
2025-08-07 19:09:02 2025-08-08T02:09:02.008Z root INFO {"version":5,"mainPanel":{"main":{"type":"tab-area","widgets":[{"constructionOptions":{"factoryId":"code-editor-opener","options":{"counter":0,"kind":"navigatable","uri":"file:///home/aaron/projects/esp32_ble/master/master.ino"}},"innerWidgetState":"{\"cursorState\":[{\"inSelectionMode\":false,\"selectionStart\":{\"lineNumber\":17,\"column\":1},\"position\":{\"lineNumber\":17,\"column\":1}}],\"viewState\":{\"scrollLeft\":0,\"firstPosition\":{\"lineNumber\":59,\"column\":1},\"firstPositionDeltaTop\":-17},\"contributionsState\":{\"editor.contrib.folding\":{\"lineCount\":250,\"provider\":\"indent\",\"foldedImports\":false},\"editor.contrib.wordHighlighter\":false}}"}],"currentIndex":0}},"mainPanelPinned":[false],"bottomPanel":{"config":{"main":null},"pinned":[],"expanded":false},"leftPanel":{"type":"sidepanel","items":[{"widget":{"constructionOptions":{"factoryId":"arduino-sketchbook-widget"}},"rank":1,"expanded":false,"pinned":false},{"widget":{"constructionOptions":{"factoryId":"boards-list-widget"}},"rank":2,"expanded":false,"pinned":false},{"widget":{"constructionOptions":{"factoryId":"library-list-widget"}},"rank":3,"expanded":false,"pinned":false},{"widget":{"constructionOptions":{"factoryId":"debug"},"innerWidgetState":"{\"parts\":[{\"partId\":\"debug:threads:-1\",\"collapsed\":false,\"hidden\":false,\"relativeSize\":1.384,\"originalContainerId\":\"debug:view-container:-1\",\"originalContainerTitle\":{\"label\":\"debug\",\"iconClass\":\"codicon codicon-debug-alt\",\"closeable\":true},\"widget\":{\"constructionOptions\":{\"factoryId\":\"debug:threads\"},\"innerWidgetState\":\"{}\"}},{\"partId\":\"debug:frames:-1\",\"collapsed\":false,\"hidden\":false,\"relativeSize\":1.384,\"originalContainerId\":\"debug:view-container:-1\",\"originalContainerTitle\":{\"label\":\"debug\",\"iconClass\":\"codicon codicon-debug-alt\",\"closeable\":true},\"widget\":{\"constructionOptions\":{\"factoryId\":\"debug:frames\"},\"innerWidgetState\":\"{}\"}},{\"partId\":\"debug:variables:-1\",\"collapsed\":false,\"hidden\":false,\"relativeSize\":1.384,\"originalContainerId\":\"debug:view-container:-1\",\"originalContainerTitle\":{\"label\":\"debug\",\"iconClass\":\"codicon codicon-debug-alt\",\"closeable\":true},\"widget\":{\"constructionOptions\":{\"factoryId\":\"debug:variables\"},\"innerWidgetState\":\"{}\"}},{\"partId\":\"debug:watch:-1\",\"collapsed\":false,\"hidden\":false,\"relativeSize\":1.384,\"originalContainerId\":\"debug:view-container:-1\",\"originalContainerTitle\":{\"label\":\"debug\",\"iconClass\":\"codicon codicon-debug-alt\",\"closeable\":true},\"widget\":{\"constructionOptions\":{\"factoryId\":\"debug:watch\"},\"innerWidgetState\":\"{}\"}},{\"partId\":\"debug:breakpoints:-1\",\"collapsed\":false,\"hidden\":false,\"relativeSize\":1.384,\"originalContainerId\":\"debug:view-container:-1\",\"originalContainerTitle\":{\"label\":\"debug\",\"iconClass\":\"codicon codicon-debug-alt\",\"closeable\":true},\"widget\":{\"constructionOptions\":{\"factoryId\":\"debug:breakpoints\"},\"innerWidgetState\":\"{}\"}},{\"partId\":\"plugin-view:cortex-debug.peripherals\",\"collapsed\":true,\"hidden\":true,\"originalContainerId\":\"debug:view-container:-1\",\"originalContainerTitle\":{\"label\":\"debug\",\"iconClass\":\"codicon codicon-debug-alt\",\"closeable\":true},\"widget\":{\"constructionOptions\":{\"factoryId\":\"plugin-view\",\"options\":{\"id\":\"plugin-view:cortex-debug.peripherals\",\"viewId\":\"cortex-debug.peripherals\"}},\"innerWidgetState\":\"{\\\"label\\\":\\\"Cortex Peripherals\\\",\\\"widgets\\\":[],\\\"suppressUpdateViewVisibility\\\":false,\\\"currentViewContainerId\\\":\\\"debug\\\"}\"}},{\"partId\":\"plugin-view:cortex-debug.registers\",\"collapsed\":true,\"hidden\":true,\"originalContainerId\":\"debug:view-container:-1\",\"originalContainerTitle\":{\"label\":\"debug\",\"iconClass\":\"codicon codicon-debug-alt\",\"closeable\":true},\"widget\":{\"constructionOptions\":{\"factoryId\":\"plugin-view\",\"options\":{\"id\":\"plugin-view:cortex-debug.registers\",\"viewId\":\"cortex-debug.registers\"}},\"innerWidgetState\":\"{\\\"label\\\":\\\"Cortex Registers\\\",\\\"widgets\\\":[],\\\"suppressUpdateViewVisibility\\\":false,\\\"currentViewContainerId\\\":\\\"debug\\\"}\"}}],\"title\":{\"label\":\"debug\",\"iconClass\":\"codicon codicon-debug-alt\",\"closeable\":true}}"},"rank":4,"expanded":false,"pinned":false},{"widget":{"constructionOptions":{"factoryId":"search-view-container"},"innerWidgetState":"{\"parts\":[{\"partId\":\"search-in-workspace\",\"collapsed\":false,\"hidden\":false,\"originalContainerId\":\"search-view-container\",\"originalContainerTitle\":{\"label\":\"Search\",\"iconClass\":\"codicon codicon-search\",\"closeable\":true},\"widget\":{\"constructionOptions\":{\"factoryId\":\"search-in-workspace\"},\"innerWidgetState\":\"{\\\"matchCaseState\\\":{\\\"className\\\":\\\"codicon codicon-case-sensitive\\\",\\\"enabled\\\":false,\\\"title\\\":\\\"Match Case\\\"},\\\"wholeWordState\\\":{\\\"className\\\":\\\"codicon codicon-whole-word\\\",\\\"enabled\\\":false,\\\"title\\\":\\\"Match Whole Word\\\"},\\\"regExpState\\\":{\\\"className\\\":\\\"codicon codicon-regex\\\",\\\"enabled\\\":false,\\\"title\\\":\\\"Use Regular Expression\\\"},\\\"includeIgnoredState\\\":{\\\"className\\\":\\\"codicon codicon-eye\\\",\\\"enabled\\\":false,\\\"title\\\":\\\"Include Ignored Files\\\"},\\\"showSearchDetails\\\":false,\\\"searchInWorkspaceOptions\\\":{\\\"matchCase\\\":false,\\\"matchWholeWord\\\":false,\\\"useRegExp\\\":false,\\\"multiline\\\":false,\\\"includeIgnored\\\":false,\\\"include\\\":[],\\\"exclude\\\":[],\\\"maxResults\\\":2000},\\\"searchTerm\\\":\\\"\\\",\\\"replaceTerm\\\":\\\"\\\",\\\"showReplaceField\\\":false,\\\"searchHistoryState\\\":{\\\"history\\\":[],\\\"index\\\":0},\\\"replaceHistoryState\\\":{\\\"history\\\":[],\\\"index\\\":0},\\\"includeHistoryState\\\":{\\\"history\\\":[],\\\"index\\\":0},\\\"excludeHistoryState\\\":{\\\"history\\\":[],\\\"index\\\":0}}\"}}],\"title\":{\"label\":\"Search\",\"iconClass\":\"fa fa-arduino-search\",\"closeable\":true}}"},"rank":5,"expanded":false,"pinned":false}],"size":268},"rightPanel":{"type":"sidepanel","items":[]},"activeWidgetId":"code-editor-opener:file:///home/aaron/projects/esp32_ble/master/master.ino:0"}
2025-08-07 19:09:02 2025-08-08T02:09:02.009Z root INFO ------- END SERIALIZED LAYOUT DATA -------
2025-08-07 19:09:02 2025-08-08T02:09:02.302Z root INFO <<< The layout has been successfully restored.
2025-08-07 19:09:02 2025-08-08T02:09:02.387Z root INFO Initialize the workbench layout: 1790.4 ms [Finished 3.692 s after frontend start]
2025-08-07 19:09:02 2025-08-08T02:09:02.388Z root INFO Changed application state from 'attached_shell' to 'initialized_layout'.
2025-08-07 19:09:02 2025-08-08T02:09:02.389Z root INFO [07d5a219-7eee-472a-a113-b63230c474c7] Loading plugin contributions
2025-08-07 19:09:02 2025-08-08T02:09:02.389Z root INFO [07d5a219-7eee-472a-a113-b63230c474c7] Load contributions of 23 plugins: 81.9 ms [Finished 3.775 s after frontend start]
2025-08-07 19:09:02 2025-08-08T02:09:02.490Z root WARN 'cpp' language is remapped from 'source.cpp.embedded.macro' to 'source.cpp' scope
2025-08-07 19:09:02 2025-08-08T02:09:02.490Z root WARN a registered grammar configuration for 'cpp' language is overridden
2025-08-07 19:09:02 2025-08-08T02:09:02.782Z root ERROR [hosted-plugin: 43147] Conflict in settings file Default: Ignoring cortex-debug.armToolchainPath.linux as cortex-debug.armToolchainPath is null
2025-08-07 19:09:02 2025-08-08T02:09:02.783Z root ERROR [hosted-plugin: 43147] Conflict in settings file Default: Ignoring cortex-debug.armToolchainPath.osx as cortex-debug.armToolchainPath is null
Conflict in settings file Default: Ignoring cortex-debug.armToolchainPath.windows as cortex-debug.armToolchainPath is null
2025-08-07 19:09:02 2025-08-08T02:09:02.783Z root ERROR [hosted-plugin: 43147] Conflict in settings file Default: Ignoring cortex-debug.JLinkGDBServerPath.linux as cortex-debug.JLinkGDBServerPath is null
2025-08-07 19:09:02 2025-08-08T02:09:02.783Z root ERROR [hosted-plugin: 43147] Conflict in settings file Default: Ignoring cortex-debug.JLinkGDBServerPath.osx as cortex-debug.JLinkGDBServerPath is null
2025-08-07 19:09:02 2025-08-08T02:09:02.783Z root ERROR [hosted-plugin: 43147] Conflict in settings file Default: Ignoring cortex-debug.JLinkGDBServerPath.windows as cortex-debug.JLinkGDBServerPath is null
2025-08-07 19:09:02 2025-08-08T02:09:02.783Z root ERROR [hosted-plugin: 43147] Conflict in settings file Default: Ignoring cortex-debug.openocdPath.linux as cortex-debug.openocdPath is null
2025-08-07 19:09:02 2025-08-08T02:09:02.783Z root ERROR [hosted-plugin: 43147] Conflict in settings file Default: Ignoring cortex-debug.openocdPath.osx as cortex-debug.openocdPath is null
2025-08-07 19:09:02 2025-08-08T02:09:02.783Z root ERROR [hosted-plugin: 43147] Conflict in settings file Default: Ignoring cortex-debug.openocdPath.windows as cortex-debug.openocdPath is null
2025-08-07 19:09:02 2025-08-08T02:09:02.783Z root ERROR [hosted-plugin: 43147] Conflict in settings file Default: Ignoring cortex-debug.pyocdPath.linux as cortex-debug.pyocdPath is null
2025-08-07 19:09:02 2025-08-08T02:09:02.784Z root ERROR [hosted-plugin: 43147] Conflict in settings file Default: Ignoring cortex-debug.pyocdPath.osx as cortex-debug.pyocdPath is null
2025-08-07 19:09:02 2025-08-08T02:09:02.784Z root ERROR [hosted-plugin: 43147] Conflict in settings file Default: Ignoring cortex-debug.pyocdPath.windows as cortex-debug.pyocdPath is null
2025-08-07 19:09:02 2025-08-08T02:09:02.784Z root ERROR [hosted-plugin: 43147] Conflict in settings file Default: Ignoring cortex-debug.PEGDBServerPath.linux as cortex-debug.PEGDBServerPath is null
2025-08-07 19:09:02 2025-08-08T02:09:02.784Z root ERROR [hosted-plugin: 43147] Conflict in settings file Default: Ignoring cortex-debug.PEGDBServerPath.osx as cortex-debug.PEGDBServerPath is null
2025-08-07 19:09:02 2025-08-08T02:09:02.784Z root ERROR [hosted-plugin: 43147] Conflict in settings file Default: Ignoring cortex-debug.PEGDBServerPath.windows as cortex-debug.PEGDBServerPath is null
2025-08-07 19:09:02 2025-08-08T02:09:02.784Z root ERROR [hosted-plugin: 43147] Conflict in settings file Default: Ignoring cortex-debug.stutilPath.linux as cortex-debug.stutilPath is null
2025-08-07 19:09:02 2025-08-08T02:09:02.784Z root ERROR [hosted-plugin: 43147] Conflict in settings file Default: Ignoring cortex-debug.stutilPath.osx as cortex-debug.stutilPath is null
2025-08-07 19:09:02 2025-08-08T02:09:02.784Z root ERROR [hosted-plugin: 43147] Conflict in settings file Default: Ignoring cortex-debug.stutilPath.windows as cortex-debug.stutilPath is null
Conflict in settings file Default: Ignoring cortex-debug.stlinkPath.linux as cortex-debug.stlinkPath is null
2025-08-07 19:09:02 2025-08-08T02:09:02.784Z root ERROR [hosted-plugin: 43147] Conflict in settings file Default: Ignoring cortex-debug.stlinkPath.osx as cortex-debug.stlinkPath is null
2025-08-07 19:09:02 2025-08-08T02:09:02.784Z root ERROR [hosted-plugin: 43147] Conflict in settings file Default: Ignoring cortex-debug.stlinkPath.windows as cortex-debug.stlinkPath is null
2025-08-07 19:09:02 2025-08-08T02:09:02.784Z root ERROR [hosted-plugin: 43147] Conflict in settings file Default: Ignoring cortex-debug.stm32cubeprogrammer.linux as cortex-debug.stm32cubeprogrammer is null
2025-08-07 19:09:02 2025-08-08T02:09:02.784Z root ERROR [hosted-plugin: 43147] Conflict in settings file Default: Ignoring cortex-debug.stm32cubeprogrammer.osx as cortex-debug.stm32cubeprogrammer is null
2025-08-07 19:09:02 2025-08-08T02:09:02.784Z root ERROR [hosted-plugin: 43147] Conflict in settings file Default: Ignoring cortex-debug.stm32cubeprogrammer.windows as cortex-debug.stm32cubeprogrammer is null
2025-08-07 19:09:02 2025-08-08T02:09:02.803Z root INFO [hosted-plugin: 43147] PLUGIN_HOST(43147): PluginManagerExtImpl/init()
2025-08-07 19:09:02 2025-08-08T02:09:02.807Z root INFO [hosted-plugin: 43147] PLUGIN_HOST(43147): initializing(vscode-arduino-api@0.1.2 with /nix/store/2d5i1bzbqbnl4rgnhk8czrw5zmqqjdzv-arduino-ide-2.3.6-extracted/resources/app/lib/backend/plugin-vscode-init)
2025-08-07 19:09:02 2025-08-08T02:09:02.896Z root INFO [hosted-plugin: 43147] PLUGIN_HOST(43147): initializing(json-language-features@1.88.1 with /nix/store/2d5i1bzbqbnl4rgnhk8czrw5zmqqjdzv-arduino-ide-2.3.6-extracted/resources/app/lib/backend/plugin-vscode-init)
2025-08-07 19:09:02 2025-08-08T02:09:02.912Z root INFO [hosted-plugin: 43147] PLUGIN_HOST(43147): initializing(cortex-debug@1.5.1 with /nix/store/2d5i1bzbqbnl4rgnhk8czrw5zmqqjdzv-arduino-ide-2.3.6-extracted/resources/app/lib/backend/plugin-vscode-init)
2025-08-07 19:09:02 2025-08-08T02:09:02.912Z root INFO [hosted-plugin: 43147] Debugger contribution has been registered: cortex-debug
2025-08-07 19:09:02 2025-08-08T02:09:02.913Z root INFO [hosted-plugin: 43147] PLUGIN_HOST(43147): initializing(vscode-arduino-tools@0.1.3 with /nix/store/2d5i1bzbqbnl4rgnhk8czrw5zmqqjdzv-arduino-ide-2.3.6-extracted/resources/app/lib/backend/plugin-vscode-init)
2025-08-07 19:09:02 2025-08-08T02:09:02.914Z root INFO [hosted-plugin: 43147] PLUGIN_HOST(43147): initializing(cpp@1.88.1 with /nix/store/2d5i1bzbqbnl4rgnhk8czrw5zmqqjdzv-arduino-ide-2.3.6-extracted/resources/app/lib/backend/plugin-vscode-init)
2025-08-07 19:09:02 2025-08-08T02:09:02.914Z root INFO [hosted-plugin: 43147] PLUGIN_HOST(43147): initializing(json@1.88.1 with /nix/store/2d5i1bzbqbnl4rgnhk8czrw5zmqqjdzv-arduino-ide-2.3.6-extracted/resources/app/lib/backend/plugin-vscode-init)
2025-08-07 19:09:02 2025-08-08T02:09:02.916Z root INFO [hosted-plugin: 43147] PLUGIN_HOST(43147): initializing(vscode-language-pack-bg@1.48.3 with /nix/store/2d5i1bzbqbnl4rgnhk8czrw5zmqqjdzv-arduino-ide-2.3.6-extracted/resources/app/lib/backend/plugin-vscode-init)
2025-08-07 19:09:02 2025-08-08T02:09:02.917Z root INFO [hosted-plugin: 43147] PLUGIN_HOST(43147): initializing(vscode-language-pack-cs@1.96.0 with /nix/store/2d5i1bzbqbnl4rgnhk8czrw5zmqqjdzv-arduino-ide-2.3.6-extracted/resources/app/lib/backend/plugin-vscode-init)
2025-08-07 19:09:02 2025-08-08T02:09:02.918Z root INFO [hosted-plugin: 43147] PLUGIN_HOST(43147): initializing(vscode-language-pack-de@1.96.0 with /nix/store/2d5i1bzbqbnl4rgnhk8czrw5zmqqjdzv-arduino-ide-2.3.6-extracted/resources/app/lib/backend/plugin-vscode-init)
2025-08-07 19:09:02 2025-08-08T02:09:02.919Z root INFO [hosted-plugin: 43147] PLUGIN_HOST(43147): initializing(vscode-language-pack-es@1.96.0 with /nix/store/2d5i1bzbqbnl4rgnhk8czrw5zmqqjdzv-arduino-ide-2.3.6-extracted/resources/app/lib/backend/plugin-vscode-init)
2025-08-07 19:09:02 2025-08-08T02:09:02.920Z root INFO [hosted-plugin: 43147] PLUGIN_HOST(43147): initializing(vscode-language-pack-fr@1.96.0 with /nix/store/2d5i1bzbqbnl4rgnhk8czrw5zmqqjdzv-arduino-ide-2.3.6-extracted/resources/app/lib/backend/plugin-vscode-init)
2025-08-07 19:09:02 2025-08-08T02:09:02.920Z root INFO [hosted-plugin: 43147] PLUGIN_HOST(43147): initializing(vscode-language-pack-hu@1.48.3 with /nix/store/2d5i1bzbqbnl4rgnhk8czrw5zmqqjdzv-arduino-ide-2.3.6-extracted/resources/app/lib/backend/plugin-vscode-init)
2025-08-07 19:09:02 2025-08-08T02:09:02.921Z root INFO [hosted-plugin: 43147] PLUGIN_HOST(43147): initializing(vscode-language-pack-it@1.96.0 with /nix/store/2d5i1bzbqbnl4rgnhk8czrw5zmqqjdzv-arduino-ide-2.3.6-extracted/resources/app/lib/backend/plugin-vscode-init)
2025-08-07 19:09:02 2025-08-08T02:09:02.921Z root INFO [hosted-plugin: 43147] PLUGIN_HOST(43147): initializing(vscode-language-pack-ja@1.96.0 with /nix/store/2d5i1bzbqbnl4rgnhk8czrw5zmqqjdzv-arduino-ide-2.3.6-extracted/resources/app/lib/backend/plugin-vscode-init)
2025-08-07 19:09:02 2025-08-08T02:09:02.922Z root INFO [hosted-plugin: 43147] PLUGIN_HOST(43147): initializing(vscode-language-pack-ko@1.96.0 with /nix/store/2d5i1bzbqbnl4rgnhk8czrw5zmqqjdzv-arduino-ide-2.3.6-extracted/resources/app/lib/backend/plugin-vscode-init)
2025-08-07 19:09:02 2025-08-08T02:09:02.922Z root INFO [hosted-plugin: 43147] PLUGIN_HOST(43147): initializing(vscode-language-pack-nl@1.48.3 with /nix/store/2d5i1bzbqbnl4rgnhk8czrw5zmqqjdzv-arduino-ide-2.3.6-extracted/resources/app/lib/backend/plugin-vscode-init)
2025-08-07 19:09:02 2025-08-08T02:09:02.923Z root INFO [hosted-plugin: 43147] PLUGIN_HOST(43147): initializing(vscode-language-pack-pl@1.96.0 with /nix/store/2d5i1bzbqbnl4rgnhk8czrw5zmqqjdzv-arduino-ide-2.3.6-extracted/resources/app/lib/backend/plugin-vscode-init)
2025-08-07 19:09:02 2025-08-08T02:09:02.923Z root INFO [hosted-plugin: 43147] PLUGIN_HOST(43147): initializing(vscode-language-pack-pt-BR@1.96.0 with /nix/store/2d5i1bzbqbnl4rgnhk8czrw5zmqqjdzv-arduino-ide-2.3.6-extracted/resources/app/lib/backend/plugin-vscode-init)
2025-08-07 19:09:02 2025-08-08T02:09:02.923Z root INFO [hosted-plugin: 43147] PLUGIN_HOST(43147): initializing(vscode-language-pack-ru@1.96.0 with /nix/store/2d5i1bzbqbnl4rgnhk8czrw5zmqqjdzv-arduino-ide-2.3.6-extracted/resources/app/lib/backend/plugin-vscode-init)
2025-08-07 19:09:02 2025-08-08T02:09:02.924Z root INFO [hosted-plugin: 43147] PLUGIN_HOST(43147): initializing(vscode-language-pack-tr@1.96.0 with /nix/store/2d5i1bzbqbnl4rgnhk8czrw5zmqqjdzv-arduino-ide-2.3.6-extracted/resources/app/lib/backend/plugin-vscode-init)
2025-08-07 19:09:02 2025-08-08T02:09:02.924Z root INFO [hosted-plugin: 43147] PLUGIN_HOST(43147): initializing(vscode-language-pack-uk@1.48.3 with /nix/store/2d5i1bzbqbnl4rgnhk8czrw5zmqqjdzv-arduino-ide-2.3.6-extracted/resources/app/lib/backend/plugin-vscode-init)
2025-08-07 19:09:02 2025-08-08T02:09:02.924Z root INFO [hosted-plugin: 43147] PLUGIN_HOST(43147): initializing(vscode-language-pack-zh-hans@1.96.0 with /nix/store/2d5i1bzbqbnl4rgnhk8czrw5zmqqjdzv-arduino-ide-2.3.6-extracted/resources/app/lib/backend/plugin-vscode-init)
2025-08-07 19:09:02 2025-08-08T02:09:02.925Z root INFO [hosted-plugin: 43147] PLUGIN_HOST(43147): initializing(vscode-language-pack-zh-hant@1.96.0 with /nix/store/2d5i1bzbqbnl4rgnhk8czrw5zmqqjdzv-arduino-ide-2.3.6-extracted/resources/app/lib/backend/plugin-vscode-init)
2025-08-07 19:09:02 2025-08-08T02:09:02.931Z root INFO [hosted-plugin: 43147] PLUGIN_HOST(43147): PluginManagerExtImpl/loadPlugin(/nix/store/2d5i1bzbqbnl4rgnhk8czrw5zmqqjdzv-arduino-ide-2.3.6-extracted/resources/app/plugins/vscode-builtin-json-language-features/extension/client/dist/node/jsonClientMain)
2025-08-07 19:09:02 2025-08-08T02:09:02.992Z root INFO [hosted-plugin: 43147] PLUGIN_HOST(43147): PluginManagerExtImpl/loadPlugin(/nix/store/2d5i1bzbqbnl4rgnhk8czrw5zmqqjdzv-arduino-ide-2.3.6-extracted/resources/app/plugins/vscode-arduino-tools/extension/dist/extension.js)
2025-08-07 19:09:03 2025-08-08T02:09:03.021Z root INFO [hosted-plugin: 43147] PLUGIN_HOST(43147): PluginManagerExtImpl/loadPlugin(/nix/store/2d5i1bzbqbnl4rgnhk8czrw5zmqqjdzv-arduino-ide-2.3.6-extracted/resources/app/plugins/vscode-arduino-api/extension/dist/extension.js)
2025-08-07 19:09:03 2025-08-08T02:09:03.025Z root INFO [hosted-plugin: 43147] calling activation function on VS Code Arduino Tools
2025-08-07 19:09:03 2025-08-08T02:09:03.025Z root INFO [hosted-plugin: 43147] calling activation function on Arduino IDE API for VS Code extensions
2025-08-07 19:09:03 2025-08-08T02:09:03.044Z root INFO [07d5a219-7eee-472a-a113-b63230c474c7] Starting plugins.
2025-08-07 19:09:03 2025-08-08T02:09:03.072Z root INFO [hosted-plugin: 43147] PLUGIN_HOST(43147): PluginManagerExtImpl/loadPlugin(/nix/store/2d5i1bzbqbnl4rgnhk8czrw5zmqqjdzv-arduino-ide-2.3.6-extracted/resources/app/plugins/cortex-debug/extension/dist/extension.js)
2025-08-07 19:09:03 2025-08-08T02:09:03.109Z root INFO [hosted-plugin: 43147] Debug configuration provider has been registered: cortex-debug, trigger: 1
2025-08-07 19:09:03 2025-08-08T02:09:03.109Z root INFO [hosted-plugin: 43147] calling activation function on Cortex-Debug
2025-08-07 19:09:03 2025-08-08T02:09:03.111Z root INFO [hosted-plugin: 43147] GDB server console created
2025-08-07 19:09:03 2025-08-08T02:09:03.123Z root INFO [07d5a219-7eee-472a-a113-b63230c474c7] Start of 23 plugins: 732.3 ms [Finished 4.511 s after frontend start]
2025-08-07 19:09:03 2025-08-08T02:09:03.273Z root INFO [hosted-plugin: 43147] calling activation function on JSON Language Features (built-in)
2025-08-07 19:09:03 2025-08-08T02:09:03.492Z root INFO Frontend application start: 3179.0 ms [Finished 5.566 s after backend start]
2025-08-07 19:09:03 Checking for update
2025-08-07 19:09:03 2025-08-08T02:09:03.541Z root INFO Replace loading indicator with ready workbench UI (animation): 882.6 ms [Finished 4.661 s after frontend start]
2025-08-07 19:09:03 2025-08-08T02:09:03.541Z root INFO Changed application state from 'initialized_layout' to 'ready'.
2025-08-07 19:09:03 2025-08-08T02:09:03.541Z root WARN Linked preference "workbench.colorCustomizations" not found.
2025-08-07 19:09:03 2025-08-08T02:09:03.763Z root INFO Starting language server: esp32:esp32:esp32doit-devkit-v1:UploadSpeed=921600,FlashFreq=80,DebugLevel=none,EraseFlash=none
2025-08-07 19:09:03 2025-08-08T02:09:03.775Z daemon INFO time="2025-08-07T19:09:03-07:00" level=info msg="Tool required for debug" tool="arduino:dfu-util@0.11.0-arduino5"
time="2025-08-07T19:09:03-07:00" level=info msg="Tool required for debug" tool="esp32:esp-rv32@2411"
time="2025-08-07T19:09:03-07:00" level=info msg="Tool required for debug" tool="esp32:esp-x32@2411"
time="2025-08-07T19:09:03-07:00" level=info msg="Tool required for debug" tool="esp32:esp32-arduino-libs@idf-release_v5.5-b66b5448-v1"
time="2025-08-07T19:09:03-07:00" level=info msg="Tool required for debug" tool="esp32:esptool_py@5.0.0"
time="2025-08-07T19:09:03-07:00" level=info msg="Tool required for debug" tool="esp32:mklittlefs@3.0.0-gnu12-dc7f933"
time="2025-08-07T19:09:03-07:00" level=info msg="Tool required for debug" tool="esp32:mkspiffs@0.2.3"
time="2025-08-07T19:09:03-07:00" level=info msg="Tool required for debug" tool="esp32:openocd-esp32@v0.12.0-esp32-20250422"
time="2025-08-07T19:09:03-07:00" level=info msg="Tool required for debug" tool="esp32:riscv32-esp-elf-gdb@16.2_20250324"
time="2025-08-07T19:09:03-07:00" level=info msg="Tool required for debug" tool="esp32:xtensa-esp-elf-gdb@16.2_20250324"
time="2025-08-07T19:09:03-07:00" level=info msg="Tool required for debug" tool="arduino:avr-gcc@7.3.0-atmel3.6.1-arduino7"
time="2025-08-07T19:09:03-07:00" level=info msg="Tool required for debug" tool="arduino:avrdude@6.3.0-arduino17"
time="2025-08-07T19:09:03-07:00" level=info msg="Tool required for debug" tool="builtin:dfu-discovery@0.1.2"
time="2025-08-07T19:09:03-07:00" level=info msg="Tool required for debug" tool="builtin:mdns-discovery@1.0.9"
time="2025-08-07T19:09:03-07:00" level=info msg="Tool required for debug" tool="arduino:arduinoOTA@1.3.0"
time="2025-08-07T19:09:03-07:00" level=info msg="Tool required for debug" tool="builtin:serial-monitor@0.15.0"
time="2025-08-07T19:09:03-07:00" level=info msg="Tool required for debug" tool="builtin:ctags@5.8-arduino11"
time="2025-08-07T19:09:03-07:00" level=info msg="Tool required for debug" tool="builtin:serial-discovery@1.4.1"
2025-08-07 19:09:03 2025-08-08T02:09:03.780Z daemon INFO time="2025-08-07T19:09:03-07:00" level=info msg="Tool required for debug" tool="arduino:dfu-util@0.11.0-arduino5"
time="2025-08-07T19:09:03-07:00" level=info msg="Tool required for debug" tool="esp32:esp-rv32@2411"
time="2025-08-07T19:09:03-07:00" level=info msg="Tool required for debug" tool="esp32:esp-x32@2411"
time="2025-08-07T19:09:03-07:00" level=info msg="Tool required for debug" tool="esp32:esp32-arduino-libs@idf-release_v5.5-b66b5448-v1"
time="2025-08-07T19:09:03-07:00" level=info msg="Tool required for debug" tool="esp32:esptool_py@5.0.0"
time="2025-08-07T19:09:03-07:00" level=info msg="Tool required for debug" tool="esp32:mklittlefs@3.0.0-gnu12-dc7f933"
time="2025-08-07T19:09:03-07:00" level=info msg="Tool required for debug" tool="esp32:mkspiffs@0.2.3"
time="2025-08-07T19:09:03-07:00" level=info msg="Tool required for debug" tool="esp32:openocd-esp32@v0.12.0-esp32-20250422"
time="2025-08-07T19:09:03-07:00" level=info msg="Tool required for debug" tool="esp32:riscv32-esp-elf-gdb@16.2_20250324"
time="2025-08-07T19:09:03-07:00" level=info msg="Tool required for debug" tool="esp32:xtensa-esp-elf-gdb@16.2_20250324"
time="2025-08-07T19:09:03-07:00" level=info msg="Tool required for debug" tool="builtin:mdns-discovery@1.0.9"
time="2025-08-07T19:09:03-07:00" level=info msg="Tool required for debug" tool="arduino:avr-gcc@7.3.0-atmel3.6.1-arduino7"
time="2025-08-07T19:09:03-07:00" level=info msg="Tool required for debug" tool="arduino:avrdude@6.3.0-arduino17"
time="2025-08-07T19:09:03-07:00" level=info msg="Tool required for debug" tool="builtin:ctags@5.8-arduino11"
time="2025-08-07T19:09:03-07:00" level=info msg="Tool required for debug" tool="builtin:serial-discovery@1.4.1"
time="2025-08-07T19:09:03-07:00" level=info msg="Tool required for debug" tool="builtin:serial-monitor@0.15.0"
2025-08-07 19:09:03 2025-08-08T02:09:03.780Z daemon INFO time="2025-08-07T19:09:03-07:00" level=info msg="Tool required for debug" tool="arduino:arduinoOTA@1.3.0"
time="2025-08-07T19:09:03-07:00" level=info msg="Tool required for debug" tool="builtin:dfu-discovery@0.1.2"
2025-08-07 19:09:03 2025-08-08T02:09:03.785Z daemon INFO time="2025-08-07T19:09:03-07:00" level=info msg="Tool required for debug" tool="arduino:dfu-util@0.11.0-arduino5"
time="2025-08-07T19:09:03-07:00" level=info msg="Tool required for debug" tool="esp32:esp-rv32@2411"
time="2025-08-07T19:09:03-07:00" level=info msg="Tool required for debug" tool="esp32:esp-x32@2411"
time="2025-08-07T19:09:03-07:00" level=info msg="Tool required for debug" tool="esp32:esp32-arduino-libs@idf-release_v5.5-b66b5448-v1"
time="2025-08-07T19:09:03-07:00" level=info msg="Tool required for debug" tool="esp32:esptool_py@5.0.0"
time="2025-08-07T19:09:03-07:00" level=info msg="Tool required for debug" tool="esp32:mklittlefs@3.0.0-gnu12-dc7f933"
2025-08-07 19:09:03 2025-08-08T02:09:03.786Z daemon INFO time="2025-08-07T19:09:03-07:00" level=info msg="Tool required for debug" tool="esp32:mkspiffs@0.2.3"
time="2025-08-07T19:09:03-07:00" level=info msg="Tool required for debug" tool="esp32:openocd-esp32@v0.12.0-esp32-20250422"
time="2025-08-07T19:09:03-07:00" level=info msg="Tool required for debug" tool="esp32:riscv32-esp-elf-gdb@16.2_20250324"
time="2025-08-07T19:09:03-07:00" level=info msg="Tool required for debug" tool="esp32:xtensa-esp-elf-gdb@16.2_20250324"
time="2025-08-07T19:09:03-07:00" level=info msg="Tool required for debug" tool="arduino:arduinoOTA@1.3.0"
time="2025-08-07T19:09:03-07:00" level=info msg="Tool required for debug" tool="builtin:mdns-discovery@1.0.9"
time="2025-08-07T19:09:03-07:00" level=info msg="Tool required for debug" tool="builtin:serial-monitor@0.15.0"
time="2025-08-07T19:09:03-07:00" level=info msg="Tool required for debug" tool="arduino:avr-gcc@7.3.0-atmel3.6.1-arduino7"
time="2025-08-07T19:09:03-07:00" level=info msg="Tool required for debug" tool="arduino:avrdude@6.3.0-arduino17"
time="2025-08-07T19:09:03-07:00" level=info msg="Tool required for debug" tool="builtin:dfu-discovery@0.1.2"
time="2025-08-07T19:09:03-07:00" level=info msg="Tool required for debug" tool="builtin:serial-discovery@1.4.1"
time="2025-08-07T19:09:03-07:00" level=info msg="Tool required for debug" tool="builtin:ctags@5.8-arduino11"
2025-08-07 19:09:03 2025-08-08T02:09:03.792Z daemon INFO time="2025-08-07T19:09:03-07:00" level=info msg="Tool required for debug" tool="arduino:dfu-util@0.11.0-arduino5"
time="2025-08-07T19:09:03-07:00" level=info msg="Tool required for debug" tool="esp32:esp-rv32@2411"
time="2025-08-07T19:09:03-07:00" level=info msg="Tool required for debug" tool="esp32:esp-x32@2411"
time="2025-08-07T19:09:03-07:00" level=info msg="Tool required for debug" tool="esp32:esp32-arduino-libs@idf-release_v5.5-b66b5448-v1"
time="2025-08-07T19:09:03-07:00" level=info msg="Tool required for debug" tool="esp32:esptool_py@5.0.0"
time="2025-08-07T19:09:03-07:00" level=info msg="Tool required for debug" tool="esp32:mklittlefs@3.0.0-gnu12-dc7f933"
time="2025-08-07T19:09:03-07:00" level=info msg="Tool required for debug" tool="esp32:mkspiffs@0.2.3"
time="2025-08-07T19:09:03-07:00" level=info msg="Tool required for debug" tool="esp32:openocd-esp32@v0.12.0-esp32-20250422"
time="2025-08-07T19:09:03-07:00" level=info msg="Tool required for debug" tool="esp32:riscv32-esp-elf-gdb@16.2_20250324"
time="2025-08-07T19:09:03-07:00" level=info msg="Tool required for debug" tool="esp32:xtensa-esp-elf-gdb@16.2_20250324"
time="2025-08-07T19:09:03-07:00" level=info msg="Tool required for debug" tool="builtin:dfu-discovery@0.1.2"
time="2025-08-07T19:09:03-07:00" level=info msg="Tool required for debug" tool="builtin:serial-monitor@0.15.0"
time="2025-08-07T19:09:03-07:00" level=info msg="Tool required for debug" tool="arduino:avr-gcc@7.3.0-atmel3.6.1-arduino7"
time="2025-08-07T19:09:03-07:00" level=info msg="Tool required for debug" tool="builtin:mdns-discovery@1.0.9"
time="2025-08-07T19:09:03-07:00" level=info msg="Tool required for debug" tool="arduino:arduinoOTA@1.3.0"
time="2025-08-07T19:09:03-07:00" level=info msg="Tool required for debug" tool="arduino:avrdude@6.3.0-arduino17"
time="2025-08-07T19:09:03-07:00" level=info msg="Tool required for debug" tool="builtin:ctags@5.8-arduino11"
time="2025-08-07T19:09:03-07:00" level=info msg="Tool required for debug" tool="builtin:serial-discovery@1.4.1"
2025-08-07 19:09:03 2025-08-08T02:09:03.796Z daemon INFO time="2025-08-07T19:09:03-07:00" level=info msg="Tool required for debug" tool="arduino:dfu-util@0.11.0-arduino5"
time="2025-08-07T19:09:03-07:00" level=info msg="Tool required for debug" tool="esp32:esp-rv32@2411"
time="2025-08-07T19:09:03-07:00" level=info msg="Tool required for debug" tool="esp32:esp-x32@2411"
time="2025-08-07T19:09:03-07:00" level=info msg="Tool required for debug" tool="esp32:esp32-arduino-libs@idf-release_v5.5-b66b5448-v1"
time="2025-08-07T19:09:03-07:00" level=info msg="Tool required for debug" tool="esp32:esptool_py@5.0.0"
time="2025-08-07T19:09:03-07:00" level=info msg="Tool required for debug" tool="esp32:mklittlefs@3.0.0-gnu12-dc7f933"
time="2025-08-07T19:09:03-07:00" level=info msg="Tool required for debug" tool="esp32:mkspiffs@0.2.3"
time="2025-08-07T19:09:03-07:00" level=info msg="Tool required for debug" tool="esp32:openocd-esp32@v0.12.0-esp32-20250422"
time="2025-08-07T19:09:03-07:00" level=info msg="Tool required for debug" tool="esp32:riscv32-esp-elf-gdb@16.2_20250324"
time="2025-08-07T19:09:03-07:00" level=info msg="Tool required for debug" tool="esp32:xtensa-esp-elf-gdb@16.2_20250324"
time="2025-08-07T19:09:03-07:00" level=info msg="Tool required for debug" tool="builtin:dfu-discovery@0.1.2"
time="2025-08-07T19:09:03-07:00" level=info msg="Tool required for debug" tool="builtin:mdns-discovery@1.0.9"
time="2025-08-07T19:09:03-07:00" level=info msg="Tool required for debug" tool="arduino:avrdude@6.3.0-arduino17"
2025-08-07 19:09:03 2025-08-08T02:09:03.797Z daemon INFO time="2025-08-07T19:09:03-07:00" level=info msg="Tool required for debug" tool="builtin:serial-monitor@0.15.0"
time="2025-08-07T19:09:03-07:00" level=info msg="Tool required for debug" tool="arduino:avr-gcc@7.3.0-atmel3.6.1-arduino7"
time="2025-08-07T19:09:03-07:00" level=info msg="Tool required for debug" tool="builtin:ctags@5.8-arduino11"
time="2025-08-07T19:09:03-07:00" level=info msg="Tool required for debug" tool="builtin:serial-discovery@1.4.1"
time="2025-08-07T19:09:03-07:00" level=info msg="Tool required for debug" tool="arduino:arduinoOTA@1.3.0"
2025-08-07 19:09:03 2025-08-08T02:09:03.812Z daemon INFO time="2025-08-07T19:09:03-07:00" level=info msg="Adding libraries dir" dir=/home/aaron/.arduino15/libraries isSingleLibrary=false location=ide
time="2025-08-07T19:09:03-07:00" level=info msg="Adding libraries dir" dir=/home/aaron/.arduino15/packages/esp32/hardware/esp32/3.3.0/libraries isSingleLibrary=false location=platform
2025-08-07 19:09:03 2025-08-08T02:09:03.812Z daemon INFO time="2025-08-07T19:09:03-07:00" level=info msg="Adding libraries dir" dir=/home/aaron/Arduino/libraries isSingleLibrary=false location=user
2025-08-07 19:09:04 2025-08-08T02:09:04.395Z root ERROR ---- !!!SLOW!!! DURATION: search took 849.262 ms. Args: [{"type":"Updatable"}] ----
2025-08-07 19:09:04 Update for version 2.3.6 is not available (latest version: 2.3.6, downgrade is allowed).
2025-08-07 19:09:05 2025-08-08T02:09:05.020Z daemon INFO time="2025-08-07T19:09:05-07:00" level=info msg="Resolving include BluetoothSerial.h for arch esp32"
time="2025-08-07T19:09:05-07:00" level=info msg="  found better lib" lib=BluetoothSerial prio=6B0
2025-08-07 19:09:05 2025-08-08T02:09:05.763Z daemon INFO time="2025-08-07T19:09:05-07:00" level=info msg="Resolving include Wire.h for arch esp32"
time="2025-08-07T19:09:05-07:00" level=info msg="  found better lib" lib=Wire prio=6B0
2025-08-07 19:09:06 2025-08-08T02:09:06.941Z daemon INFO time="2025-08-07T19:09:06-07:00" level=info msg="Tool required for debug" tool="arduino:dfu-util@0.11.0-arduino5"
time="2025-08-07T19:09:06-07:00" level=info msg="Tool required for debug" tool="esp32:esp-rv32@2411"
time="2025-08-07T19:09:06-07:00" level=info msg="Tool required for debug" tool="esp32:esp-x32@2411"
time="2025-08-07T19:09:06-07:00" level=info msg="Tool required for debug" tool="esp32:esp32-arduino-libs@idf-release_v5.5-b66b5448-v1"
2025-08-07 19:09:06 2025-08-08T02:09:06.941Z daemon INFO time="2025-08-07T19:09:06-07:00" level=info msg="Tool required for debug" tool="esp32:esptool_py@5.0.0"
time="2025-08-07T19:09:06-07:00" level=info msg="Tool required for debug" tool="esp32:mklittlefs@3.0.0-gnu12-dc7f933"
time="2025-08-07T19:09:06-07:00" level=info msg="Tool required for debug" tool="esp32:mkspiffs@0.2.3"
time="2025-08-07T19:09:06-07:00" level=info msg="Tool required for debug" tool="esp32:openocd-esp32@v0.12.0-esp32-20250422"
time="2025-08-07T19:09:06-07:00" level=info msg="Tool required for debug" tool="esp32:riscv32-esp-elf-gdb@16.2_20250324"
time="2025-08-07T19:09:06-07:00" level=info msg="Tool required for debug" tool="esp32:xtensa-esp-elf-gdb@16.2_20250324"
time="2025-08-07T19:09:06-07:00" level=info msg="Tool required for debug" tool="builtin:ctags@5.8-arduino11"
time="2025-08-07T19:09:06-07:00" level=info msg="Tool required for debug" tool="builtin:mdns-discovery@1.0.9"
time="2025-08-07T19:09:06-07:00" level=info msg="Tool required for debug" tool="arduino:arduinoOTA@1.3.0"
2025-08-07 19:09:06 2025-08-08T02:09:06.942Z daemon INFO time="2025-08-07T19:09:06-07:00" level=info msg="Tool required for debug" tool="arduino:avrdude@6.3.0-arduino17"
time="2025-08-07T19:09:06-07:00" level=info msg="Tool required for debug" tool="builtin:serial-discovery@1.4.1"
time="2025-08-07T19:09:06-07:00" level=info msg="Tool required for debug" tool="builtin:serial-monitor@0.15.0"
time="2025-08-07T19:09:06-07:00" level=info msg="Tool required for debug" tool="builtin:dfu-discovery@0.1.2"
2025-08-07 19:09:06 2025-08-08T02:09:06.942Z daemon INFO time="2025-08-07T19:09:06-07:00" level=info msg="Tool required for debug" tool="arduino:avr-gcc@7.3.0-atmel3.6.1-arduino7"
2025-08-07 19:09:07 2025-08-08T02:09:06.995Z root INFO Starting language server: esp32:esp32:esp32_family
2025-08-07 19:09:07 2025-08-08T02:09:07.583Z daemon INFO time="2025-08-07T19:09:07-07:00" level=info msg="Adding libraries dir" dir=/home/aaron/.arduino15/libraries isSingleLibrary=false location=ide
time="2025-08-07T19:09:07-07:00" level=info msg="Adding libraries dir" dir=/home/aaron/.arduino15/packages/esp32/hardware/esp32/3.3.0/libraries isSingleLibrary=false location=platform
2025-08-07 19:09:07 2025-08-08T02:09:07.583Z daemon INFO time="2025-08-07T19:09:07-07:00" level=info msg="Adding libraries dir" dir=/home/aaron/Arduino/libraries isSingleLibrary=false location=user
2025-08-07 19:09:10 2025-08-08T02:09:10.907Z daemon INFO time="2025-08-07T19:09:10-07:00" level=info msg="Adding libraries dir" dir=/home/aaron/.arduino15/libraries isSingleLibrary=false location=ide
time="2025-08-07T19:09:10-07:00" level=info msg="Adding libraries dir" dir=/home/aaron/.arduino15/packages/esp32/hardware/esp32/3.3.0/libraries isSingleLibrary=false location=platform
2025-08-07 19:09:10 2025-08-08T02:09:10.907Z daemon INFO time="2025-08-07T19:09:10-07:00" level=info msg="Adding libraries dir" dir=/home/aaron/Arduino/libraries isSingleLibrary=false location=user
2025-08-07 19:09:11 2025-08-08T02:09:11.129Z daemon INFO time="2025-08-07T19:09:11-07:00" level=info msg="Adding libraries dir" dir=/home/aaron/.arduino15/libraries isSingleLibrary=false location=ide
2025-08-07 19:09:11 2025-08-08T02:09:11.129Z daemon INFO time="2025-08-07T19:09:11-07:00" level=info msg="Adding libraries dir" dir=/home/aaron/.arduino15/packages/esp32/hardware/esp32/3.3.0/libraries isSingleLibrary=false location=platform
time="2025-08-07T19:09:11-07:00" level=info msg="Adding libraries dir" dir=/home/aaron/Arduino/libraries isSingleLibrary=false location=user
2025-08-07 19:09:11 2025-08-08T02:09:11.327Z daemon INFO time="2025-08-07T19:09:11-07:00" level=info msg="Adding libraries dir" dir=/home/aaron/.arduino15/libraries isSingleLibrary=false location=ide
time="2025-08-07T19:09:11-07:00" level=info msg="Adding libraries dir" dir=/home/aaron/.arduino15/packages/esp32/hardware/esp32/3.3.0/libraries isSingleLibrary=false location=platform
2025-08-07 19:09:11 2025-08-08T02:09:11.327Z daemon INFO time="2025-08-07T19:09:11-07:00" level=info msg="Adding libraries dir" dir=/home/aaron/Arduino/libraries isSingleLibrary=false location=user
2025-08-07 19:09:11 2025-08-08T02:09:11.522Z daemon INFO time="2025-08-07T19:09:11-07:00" level=info msg="Adding libraries dir" dir=/home/aaron/.arduino15/libraries isSingleLibrary=false location=ide
2025-08-07 19:09:11 2025-08-08T02:09:11.522Z daemon INFO time="2025-08-07T19:09:11-07:00" level=info msg="Adding libraries dir" dir=/home/aaron/.arduino15/packages/esp32/hardware/esp32/3.3.0/libraries isSingleLibrary=false location=platform
time="2025-08-07T19:09:11-07:00" level=info msg="Adding libraries dir" dir=/home/aaron/Arduino/libraries isSingleLibrary=false location=user
2025-08-07 19:09:11 2025-08-08T02:09:11.917Z daemon INFO time="2025-08-07T19:09:11-07:00" level=info msg="Adding libraries dir" dir=/home/aaron/.arduino15/libraries isSingleLibrary=false location=ide
time="2025-08-07T19:09:11-07:00" level=info msg="Adding libraries dir" dir=/home/aaron/.arduino15/packages/esp32/hardware/esp32/3.3.0/libraries isSingleLibrary=false location=platform
time="2025-08-07T19:09:11-07:00" level=info msg="Adding libraries dir" dir=/home/aaron/Arduino/libraries isSingleLibrary=false location=user
2025-08-07 19:09:36 2025-08-08T02:09:36.371Z root INFO Starting language server: esp32:esp32:waveshare_esp32_s3_lcd_147:UploadSpeed=921600,USBMode=hwcdc,CDCOnBoot=default,MSCOnBoot=default,DFUOnBoot=default,UploadMode=default,CPUFreq=240,FlashMode=qio,PartitionScheme=app3M_fat9M_16MB,DebugLevel=none,PSRAM=enabled,LoopCore=1,EventsCore=1,EraseFlash=none,JTAGAdapter=default,ZigbeeMode=default
2025-08-07 19:09:36 2025-08-08T02:09:36.377Z daemon INFO time="2025-08-07T19:09:36-07:00" level=info msg="Tool required for debug" tool="arduino:dfu-util@0.11.0-arduino5"
time="2025-08-07T19:09:36-07:00" level=info msg="Tool required for debug" tool="esp32:esp-rv32@2411"
time="2025-08-07T19:09:36-07:00" level=info msg="Tool required for debug" tool="esp32:esp-x32@2411"
2025-08-07 19:09:36 2025-08-08T02:09:36.377Z daemon INFO time="2025-08-07T19:09:36-07:00" level=info msg="Tool required for debug" tool="esp32:esp32-arduino-libs@idf-release_v5.5-b66b5448-v1"
time="2025-08-07T19:09:36-07:00" level=info msg="Tool required for debug" tool="esp32:esptool_py@5.0.0"
time="2025-08-07T19:09:36-07:00" level=info msg="Tool required for debug" tool="esp32:mklittlefs@3.0.0-gnu12-dc7f933"
time="2025-08-07T19:09:36-07:00" level=info msg="Tool required for debug" tool="esp32:mkspiffs@0.2.3"
time="2025-08-07T19:09:36-07:00" level=info msg="Tool required for debug" tool="esp32:openocd-esp32@v0.12.0-esp32-20250422"
time="2025-08-07T19:09:36-07:00" level=info msg="Tool required for debug" tool="esp32:riscv32-esp-elf-gdb@16.2_20250324"
time="2025-08-07T19:09:36-07:00" level=info msg="Tool required for debug" tool="esp32:xtensa-esp-elf-gdb@16.2_20250324"
time="2025-08-07T19:09:36-07:00" level=info msg="Tool required for debug" tool="arduino:avr-gcc@7.3.0-atmel3.6.1-arduino7"
time="2025-08-07T19:09:36-07:00" level=info msg="Tool required for debug" tool="arduino:arduinoOTA@1.3.0"
time="2025-08-07T19:09:36-07:00" level=info msg="Tool required for debug" tool="builtin:mdns-discovery@1.0.9"
time="2025-08-07T19:09:36-07:00" level=info msg="Tool required for debug" tool="builtin:serial-discovery@1.4.1"
time="2025-08-07T19:09:36-07:00" level=info msg="Tool required for debug" tool="builtin:serial-monitor@0.15.0"
2025-08-07 19:09:36 2025-08-08T02:09:36.377Z daemon INFO time="2025-08-07T19:09:36-07:00" level=info msg="Tool required for debug" tool="arduino:avrdude@6.3.0-arduino17"
time="2025-08-07T19:09:36-07:00" level=info msg="Tool required for debug" tool="builtin:ctags@5.8-arduino11"
time="2025-08-07T19:09:36-07:00" level=info msg="Tool required for debug" tool="builtin:dfu-discovery@0.1.2"
2025-08-07 19:09:36 2025-08-08T02:09:36.388Z daemon INFO time="2025-08-07T19:09:36-07:00" level=info msg="Tool required for debug" tool="arduino:dfu-util@0.11.0-arduino5"
time="2025-08-07T19:09:36-07:00" level=info msg="Tool required for debug" tool="esp32:esp-rv32@2411"
time="2025-08-07T19:09:36-07:00" level=info msg="Tool required for debug" tool="esp32:esp-x32@2411"
time="2025-08-07T19:09:36-07:00" level=info msg="Tool required for debug" tool="esp32:esp32-arduino-libs@idf-release_v5.5-b66b5448-v1"
time="2025-08-07T19:09:36-07:00" level=info msg="Tool required for debug" tool="esp32:esptool_py@5.0.0"
time="2025-08-07T19:09:36-07:00" level=info msg="Tool required for debug" tool="esp32:mklittlefs@3.0.0-gnu12-dc7f933"
time="2025-08-07T19:09:36-07:00" level=info msg="Tool required for debug" tool="esp32:mkspiffs@0.2.3"
time="2025-08-07T19:09:36-07:00" level=info msg="Tool required for debug" tool="esp32:openocd-esp32@v0.12.0-esp32-20250422"
time="2025-08-07T19:09:36-07:00" level=info msg="Tool required for debug" tool="esp32:riscv32-esp-elf-gdb@16.2_20250324"
time="2025-08-07T19:09:36-07:00" level=info msg="Tool required for debug" tool="esp32:xtensa-esp-elf-gdb@16.2_20250324"
time="2025-08-07T19:09:36-07:00" level=info msg="Tool required for debug" tool="builtin:dfu-discovery@0.1.2"
time="2025-08-07T19:09:36-07:00" level=info msg="Tool required for debug" tool="builtin:ctags@5.8-arduino11"
time="2025-08-07T19:09:36-07:00" level=info msg="Tool required for debug" tool="arduino:arduinoOTA@1.3.0"
time="2025-08-07T19:09:36-07:00" level=info msg="Tool required for debug" tool="arduino:avr-gcc@7.3.0-atmel3.6.1-arduino7"
time="2025-08-07T19:09:36-07:00" level=info msg="Tool required for debug" tool="arduino:avrdude@6.3.0-arduino17"
time="2025-08-07T19:09:36-07:00" level=info msg="Tool required for debug" tool="builtin:mdns-discovery@1.0.9"
time="2025-08-07T19:09:36-07:00" level=info msg="Tool required for debug" tool="builtin:serial-discovery@1.4.1"
time="2025-08-07T19:09:36-07:00" level=info msg="Tool required for debug" tool="builtin:serial-monitor@0.15.0"
2025-08-07 19:09:36 2025-08-08T02:09:36.390Z daemon INFO time="2025-08-07T19:09:36-07:00" level=info msg="Tool required for debug" tool="arduino:dfu-util@0.11.0-arduino5"
time="2025-08-07T19:09:36-07:00" level=info msg="Tool required for debug" tool="esp32:esp-rv32@2411"
time="2025-08-07T19:09:36-07:00" level=info msg="Tool required for debug" tool="esp32:esp-x32@2411"
2025-08-07 19:09:36 2025-08-08T02:09:36.390Z daemon INFO time="2025-08-07T19:09:36-07:00" level=info msg="Tool required for debug" tool="esp32:esp32-arduino-libs@idf-release_v5.5-b66b5448-v1"
time="2025-08-07T19:09:36-07:00" level=info msg="Tool required for debug" tool="esp32:esptool_py@5.0.0"
time="2025-08-07T19:09:36-07:00" level=info msg="Tool required for debug" tool="esp32:mklittlefs@3.0.0-gnu12-dc7f933"
time="2025-08-07T19:09:36-07:00" level=info msg="Tool required for debug" tool="esp32:mkspiffs@0.2.3"
time="2025-08-07T19:09:36-07:00" level=info msg="Tool required for debug" tool="esp32:openocd-esp32@v0.12.0-esp32-20250422"
time="2025-08-07T19:09:36-07:00" level=info msg="Tool required for debug" tool="esp32:riscv32-esp-elf-gdb@16.2_20250324"
time="2025-08-07T19:09:36-07:00" level=info msg="Tool required for debug" tool="esp32:xtensa-esp-elf-gdb@16.2_20250324"
2025-08-07 19:09:36 2025-08-08T02:09:36.390Z daemon INFO time="2025-08-07T19:09:36-07:00" level=info msg="Tool required for debug" tool="arduino:avrdude@6.3.0-arduino17"
time="2025-08-07T19:09:36-07:00" level=info msg="Tool required for debug" tool="builtin:ctags@5.8-arduino11"
2025-08-07 19:09:36 2025-08-08T02:09:36.391Z daemon INFO time="2025-08-07T19:09:36-07:00" level=info msg="Tool required for debug" tool="arduino:avr-gcc@7.3.0-atmel3.6.1-arduino7"
time="2025-08-07T19:09:36-07:00" level=info msg="Tool required for debug" tool="builtin:serial-discovery@1.4.1"
time="2025-08-07T19:09:36-07:00" level=info msg="Tool required for debug" tool="builtin:serial-monitor@0.15.0"
2025-08-07 19:09:36 2025-08-08T02:09:36.391Z daemon INFO time="2025-08-07T19:09:36-07:00" level=info msg="Tool required for debug" tool="builtin:mdns-discovery@1.0.9"
time="2025-08-07T19:09:36-07:00" level=info msg="Tool required for debug" tool="builtin:dfu-discovery@0.1.2"
time="2025-08-07T19:09:36-07:00" level=info msg="Tool required for debug" tool="arduino:arduinoOTA@1.3.0"
2025-08-07 19:09:36 2025-08-08T02:09:36.399Z daemon INFO time="2025-08-07T19:09:36-07:00" level=info msg="Tool required for debug" tool="arduino:dfu-util@0.11.0-arduino5"
time="2025-08-07T19:09:36-07:00" level=info msg="Tool required for debug" tool="esp32:esp-rv32@2411"
time="2025-08-07T19:09:36-07:00" level=info msg="Tool required for debug" tool="esp32:esp-x32@2411"
2025-08-07 19:09:36 2025-08-08T02:09:36.399Z daemon INFO time="2025-08-07T19:09:36-07:00" level=info msg="Tool required for debug" tool="esp32:esp32-arduino-libs@idf-release_v5.5-b66b5448-v1"
time="2025-08-07T19:09:36-07:00" level=info msg="Tool required for debug" tool="esp32:esptool_py@5.0.0"
time="2025-08-07T19:09:36-07:00" level=info msg="Tool required for debug" tool="esp32:mklittlefs@3.0.0-gnu12-dc7f933"
time="2025-08-07T19:09:36-07:00" level=info msg="Tool required for debug" tool="esp32:mkspiffs@0.2.3"
time="2025-08-07T19:09:36-07:00" level=info msg="Tool required for debug" tool="esp32:openocd-esp32@v0.12.0-esp32-20250422"
time="2025-08-07T19:09:36-07:00" level=info msg="Tool required for debug" tool="esp32:riscv32-esp-elf-gdb@16.2_20250324"
time="2025-08-07T19:09:36-07:00" level=info msg="Tool required for debug" tool="esp32:xtensa-esp-elf-gdb@16.2_20250324"
time="2025-08-07T19:09:36-07:00" level=info msg="Tool required for debug" tool="builtin:serial-monitor@0.15.0"
time="2025-08-07T19:09:36-07:00" level=info msg="Tool required for debug" tool="builtin:ctags@5.8-arduino11"
time="2025-08-07T19:09:36-07:00" level=info msg="Tool required for debug" tool="builtin:dfu-discovery@0.1.2"
2025-08-07 19:09:36 2025-08-08T02:09:36.399Z daemon INFO time="2025-08-07T19:09:36-07:00" level=info msg="Tool required for debug" tool="arduino:arduinoOTA@1.3.0"
time="2025-08-07T19:09:36-07:00" level=info msg="Tool required for debug" tool="arduino:avrdude@6.3.0-arduino17"
2025-08-07 19:09:36 2025-08-08T02:09:36.399Z daemon INFO time="2025-08-07T19:09:36-07:00" level=info msg="Tool required for debug" tool="builtin:mdns-discovery@1.0.9"
time="2025-08-07T19:09:36-07:00" level=info msg="Tool required for debug" tool="arduino:avr-gcc@7.3.0-atmel3.6.1-arduino7"
2025-08-07 19:09:36 2025-08-08T02:09:36.399Z daemon INFO time="2025-08-07T19:09:36-07:00" level=info msg="Tool required for debug" tool="builtin:serial-discovery@1.4.1"
2025-08-07 19:09:36 2025-08-08T02:09:36.406Z daemon INFO time="2025-08-07T19:09:36-07:00" level=info msg="Tool required for debug" tool="arduino:dfu-util@0.11.0-arduino5"
time="2025-08-07T19:09:36-07:00" level=info msg="Tool required for debug" tool="esp32:esp-rv32@2411"
time="2025-08-07T19:09:36-07:00" level=info msg="Tool required for debug" tool="esp32:esp-x32@2411"
time="2025-08-07T19:09:36-07:00" level=info msg="Tool required for debug" tool="esp32:esp32-arduino-libs@idf-release_v5.5-b66b5448-v1"
2025-08-07 19:09:36 2025-08-08T02:09:36.406Z daemon INFO time="2025-08-07T19:09:36-07:00" level=info msg="Tool required for debug" tool="esp32:esptool_py@5.0.0"
time="2025-08-07T19:09:36-07:00" level=info msg="Tool required for debug" tool="esp32:mklittlefs@3.0.0-gnu12-dc7f933"
time="2025-08-07T19:09:36-07:00" level=info msg="Tool required for debug" tool="esp32:mkspiffs@0.2.3"
time="2025-08-07T19:09:36-07:00" level=info msg="Tool required for debug" tool="esp32:openocd-esp32@v0.12.0-esp32-20250422"
time="2025-08-07T19:09:36-07:00" level=info msg="Tool required for debug" tool="esp32:riscv32-esp-elf-gdb@16.2_20250324"
time="2025-08-07T19:09:36-07:00" level=info msg="Tool required for debug" tool="esp32:xtensa-esp-elf-gdb@16.2_20250324"
2025-08-07 19:09:36 2025-08-08T02:09:36.406Z daemon INFO time="2025-08-07T19:09:36-07:00" level=info msg="Tool required for debug" tool="builtin:serial-monitor@0.15.0"
time="2025-08-07T19:09:36-07:00" level=info msg="Tool required for debug" tool="arduino:arduinoOTA@1.3.0"
time="2025-08-07T19:09:36-07:00" level=info msg="Tool required for debug" tool="arduino:avrdude@6.3.0-arduino17"
2025-08-07 19:09:36 2025-08-08T02:09:36.406Z daemon INFO time="2025-08-07T19:09:36-07:00" level=info msg="Tool required for debug" tool="builtin:dfu-discovery@0.1.2"
time="2025-08-07T19:09:36-07:00" level=info msg="Tool required for debug" tool="builtin:mdns-discovery@1.0.9"
2025-08-07 19:09:36 2025-08-08T02:09:36.406Z daemon INFO time="2025-08-07T19:09:36-07:00" level=info msg="Tool required for debug" tool="arduino:avr-gcc@7.3.0-atmel3.6.1-arduino7"
time="2025-08-07T19:09:36-07:00" level=info msg="Tool required for debug" tool="builtin:ctags@5.8-arduino11"
2025-08-07 19:09:36 2025-08-08T02:09:36.406Z daemon INFO time="2025-08-07T19:09:36-07:00" level=info msg="Tool required for debug" tool="builtin:serial-discovery@1.4.1"
2025-08-07 19:09:36 2025-08-08T02:09:36.413Z daemon INFO time="2025-08-07T19:09:36-07:00" level=info msg="Adding libraries dir" dir=/home/aaron/.arduino15/libraries isSingleLibrary=false location=ide
time="2025-08-07T19:09:36-07:00" level=info msg="Adding libraries dir" dir=/home/aaron/.arduino15/packages/esp32/hardware/esp32/3.3.0/libraries isSingleLibrary=false location=platform
time="2025-08-07T19:09:36-07:00" level=info msg="Adding libraries dir" dir=/home/aaron/Arduino/libraries isSingleLibrary=false location=user
2025-08-07 19:09:36 2025-08-08T02:09:36.413Z daemon INFO time="2025-08-07T19:09:36-07:00" level=info msg="Tool required for debug" tool="arduino:dfu-util@0.11.0-arduino5"
time="2025-08-07T19:09:36-07:00" level=info msg="Tool required for debug" tool="esp32:esp-rv32@2411"
time="2025-08-07T19:09:36-07:00" level=info msg="Tool required for debug" tool="esp32:esp-x32@2411"
time="2025-08-07T19:09:36-07:00" level=info msg="Tool required for debug" tool="esp32:esp32-arduino-libs@idf-release_v5.5-b66b5448-v1"
time="2025-08-07T19:09:36-07:00" level=info msg="Tool required for debug" tool="esp32:esptool_py@5.0.0"
time="2025-08-07T19:09:36-07:00" level=info msg="Tool required for debug" tool="esp32:mklittlefs@3.0.0-gnu12-dc7f933"
time="2025-08-07T19:09:36-07:00" level=info msg="Tool required for debug" tool="esp32:mkspiffs@0.2.3"
time="2025-08-07T19:09:36-07:00" level=info msg="Tool required for debug" tool="esp32:openocd-esp32@v0.12.0-esp32-20250422"
time="2025-08-07T19:09:36-07:00" level=info msg="Tool required for debug" tool="esp32:riscv32-esp-elf-gdb@16.2_20250324"
2025-08-07 19:09:36 2025-08-08T02:09:36.414Z daemon INFO time="2025-08-07T19:09:36-07:00" level=info msg="Tool required for debug" tool="esp32:xtensa-esp-elf-gdb@16.2_20250324"
time="2025-08-07T19:09:36-07:00" level=info msg="Tool required for debug" tool="builtin:mdns-discovery@1.0.9"
time="2025-08-07T19:09:36-07:00" level=info msg="Tool required for debug" tool="arduino:arduinoOTA@1.3.0"
time="2025-08-07T19:09:36-07:00" level=info msg="Tool required for debug" tool="builtin:serial-monitor@0.15.0"
2025-08-07 19:09:36 2025-08-08T02:09:36.414Z daemon INFO time="2025-08-07T19:09:36-07:00" level=info msg="Tool required for debug" tool="arduino:avr-gcc@7.3.0-atmel3.6.1-arduino7"
time="2025-08-07T19:09:36-07:00" level=info msg="Tool required for debug" tool="builtin:ctags@5.8-arduino11"
time="2025-08-07T19:09:36-07:00" level=info msg="Tool required for debug" tool="arduino:avrdude@6.3.0-arduino17"
2025-08-07 19:09:36 2025-08-08T02:09:36.414Z daemon INFO time="2025-08-07T19:09:36-07:00" level=info msg="Tool required for debug" tool="builtin:dfu-discovery@0.1.2"
time="2025-08-07T19:09:36-07:00" level=info msg="Tool required for debug" tool="builtin:serial-discovery@1.4.1"
2025-08-07 19:09:36 2025-08-08T02:09:36.421Z daemon INFO time="2025-08-07T19:09:36-07:00" level=info msg="Tool required for debug" tool="arduino:dfu-util@0.11.0-arduino5"
time="2025-08-07T19:09:36-07:00" level=info msg="Tool required for debug" tool="esp32:esp-rv32@2411"
time="2025-08-07T19:09:36-07:00" level=info msg="Tool required for debug" tool="esp32:esp-x32@2411"
time="2025-08-07T19:09:36-07:00" level=info msg="Tool required for debug" tool="esp32:esp32-arduino-libs@idf-release_v5.5-b66b5448-v1"
time="2025-08-07T19:09:36-07:00" level=info msg="Tool required for debug" tool="esp32:esptool_py@5.0.0"
2025-08-07 19:09:36 2025-08-08T02:09:36.421Z daemon INFO time="2025-08-07T19:09:36-07:00" level=info msg="Tool required for debug" tool="esp32:mklittlefs@3.0.0-gnu12-dc7f933"
time="2025-08-07T19:09:36-07:00" level=info msg="Tool required for debug" tool="esp32:mkspiffs@0.2.3"
time="2025-08-07T19:09:36-07:00" level=info msg="Tool required for debug" tool="esp32:openocd-esp32@v0.12.0-esp32-20250422"
time="2025-08-07T19:09:36-07:00" level=info msg="Tool required for debug" tool="esp32:riscv32-esp-elf-gdb@16.2_20250324"
time="2025-08-07T19:09:36-07:00" level=info msg="Tool required for debug" tool="esp32:xtensa-esp-elf-gdb@16.2_20250324"
time="2025-08-07T19:09:36-07:00" level=info msg="Tool required for debug" tool="builtin:serial-discovery@1.4.1"
time="2025-08-07T19:09:36-07:00" level=info msg="Tool required for debug" tool="builtin:dfu-discovery@0.1.2"
time="2025-08-07T19:09:36-07:00" level=info msg="Tool required for debug" tool="builtin:mdns-discovery@1.0.9"
2025-08-07 19:09:36 2025-08-08T02:09:36.421Z daemon INFO time="2025-08-07T19:09:36-07:00" level=info msg="Tool required for debug" tool="arduino:arduinoOTA@1.3.0"
time="2025-08-07T19:09:36-07:00" level=info msg="Tool required for debug" tool="arduino:avrdude@6.3.0-arduino17"
time="2025-08-07T19:09:36-07:00" level=info msg="Tool required for debug" tool="builtin:serial-monitor@0.15.0"
time="2025-08-07T19:09:36-07:00" level=info msg="Tool required for debug" tool="builtin:ctags@5.8-arduino11"
2025-08-07 19:09:36 2025-08-08T02:09:36.421Z daemon INFO time="2025-08-07T19:09:36-07:00" level=info msg="Tool required for debug" tool="arduino:avr-gcc@7.3.0-atmel3.6.1-arduino7"
2025-08-07 19:09:36 2025-08-08T02:09:36.429Z daemon INFO time="2025-08-07T19:09:36-07:00" level=info msg="Tool required for debug" tool="arduino:dfu-util@0.11.0-arduino5"
time="2025-08-07T19:09:36-07:00" level=info msg="Tool required for debug" tool="esp32:esp-rv32@2411"
time="2025-08-07T19:09:36-07:00" level=info msg="Tool required for debug" tool="esp32:esp-x32@2411"
time="2025-08-07T19:09:36-07:00" level=info msg="Tool required for debug" tool="esp32:esp32-arduino-libs@idf-release_v5.5-b66b5448-v1"
2025-08-07 19:09:36 2025-08-08T02:09:36.429Z daemon INFO time="2025-08-07T19:09:36-07:00" level=info msg="Tool required for debug" tool="esp32:esptool_py@5.0.0"
time="2025-08-07T19:09:36-07:00" level=info msg="Tool required for debug" tool="esp32:mklittlefs@3.0.0-gnu12-dc7f933"
time="2025-08-07T19:09:36-07:00" level=info msg="Tool required for debug" tool="esp32:mkspiffs@0.2.3"
time="2025-08-07T19:09:36-07:00" level=info msg="Tool required for debug" tool="esp32:openocd-esp32@v0.12.0-esp32-20250422"
time="2025-08-07T19:09:36-07:00" level=info msg="Tool required for debug" tool="esp32:riscv32-esp-elf-gdb@16.2_20250324"
time="2025-08-07T19:09:36-07:00" level=info msg="Tool required for debug" tool="esp32:xtensa-esp-elf-gdb@16.2_20250324"
time="2025-08-07T19:09:36-07:00" level=info msg="Tool required for debug" tool="builtin:ctags@5.8-arduino11"
time="2025-08-07T19:09:36-07:00" level=info msg="Tool required for debug" tool="arduino:arduinoOTA@1.3.0"
time="2025-08-07T19:09:36-07:00" level=info msg="Tool required for debug" tool="builtin:dfu-discovery@0.1.2"
2025-08-07 19:09:36 2025-08-08T02:09:36.429Z daemon INFO time="2025-08-07T19:09:36-07:00" level=info msg="Tool required for debug" tool="builtin:serial-discovery@1.4.1"
time="2025-08-07T19:09:36-07:00" level=info msg="Tool required for debug" tool="builtin:serial-monitor@0.15.0"
time="2025-08-07T19:09:36-07:00" level=info msg="Tool required for debug" tool="builtin:mdns-discovery@1.0.9"
2025-08-07 19:09:36 2025-08-08T02:09:36.429Z daemon INFO time="2025-08-07T19:09:36-07:00" level=info msg="Tool required for debug" tool="arduino:avrdude@6.3.0-arduino17"
time="2025-08-07T19:09:36-07:00" level=info msg="Tool required for debug" tool="arduino:avr-gcc@7.3.0-atmel3.6.1-arduino7"
2025-08-07 19:09:36 2025-08-08T02:09:36.435Z daemon INFO time="2025-08-07T19:09:36-07:00" level=info msg="Tool required for debug" tool="arduino:dfu-util@0.11.0-arduino5"
time="2025-08-07T19:09:36-07:00" level=info msg="Tool required for debug" tool="esp32:esp-rv32@2411"
time="2025-08-07T19:09:36-07:00" level=info msg="Tool required for debug" tool="esp32:esp-x32@2411"
time="2025-08-07T19:09:36-07:00" level=info msg="Tool required for debug" tool="esp32:esp32-arduino-libs@idf-release_v5.5-b66b5448-v1"
time="2025-08-07T19:09:36-07:00" level=info msg="Tool required for debug" tool="esp32:esptool_py@5.0.0"
2025-08-07 19:09:36 2025-08-08T02:09:36.435Z daemon INFO time="2025-08-07T19:09:36-07:00" level=info msg="Tool required for debug" tool="esp32:mklittlefs@3.0.0-gnu12-dc7f933"
time="2025-08-07T19:09:36-07:00" level=info msg="Tool required for debug" tool="esp32:mkspiffs@0.2.3"
time="2025-08-07T19:09:36-07:00" level=info msg="Tool required for debug" tool="esp32:openocd-esp32@v0.12.0-esp32-20250422"
time="2025-08-07T19:09:36-07:00" level=info msg="Tool required for debug" tool="esp32:riscv32-esp-elf-gdb@16.2_20250324"
time="2025-08-07T19:09:36-07:00" level=info msg="Tool required for debug" tool="esp32:xtensa-esp-elf-gdb@16.2_20250324"
time="2025-08-07T19:09:36-07:00" level=info msg="Tool required for debug" tool="builtin:serial-monitor@0.15.0"
time="2025-08-07T19:09:36-07:00" level=info msg="Tool required for debug" tool="builtin:dfu-discovery@0.1.2"
2025-08-07 19:09:36 2025-08-08T02:09:36.435Z daemon INFO time="2025-08-07T19:09:36-07:00" level=info msg="Tool required for debug" tool="builtin:mdns-discovery@1.0.9"
time="2025-08-07T19:09:36-07:00" level=info msg="Tool required for debug" tool="arduino:arduinoOTA@1.3.0"
time="2025-08-07T19:09:36-07:00" level=info msg="Tool required for debug" tool="arduino:avrdude@6.3.0-arduino17"
time="2025-08-07T19:09:36-07:00" level=info msg="Tool required for debug" tool="builtin:ctags@5.8-arduino11"
2025-08-07 19:09:36 2025-08-08T02:09:36.435Z daemon INFO time="2025-08-07T19:09:36-07:00" level=info msg="Tool required for debug" tool="builtin:serial-discovery@1.4.1"
time="2025-08-07T19:09:36-07:00" level=info msg="Tool required for debug" tool="arduino:avr-gcc@7.3.0-atmel3.6.1-arduino7"
2025-08-07 19:09:36 2025-08-08T02:09:36.441Z daemon INFO time="2025-08-07T19:09:36-07:00" level=info msg="Tool required for debug" tool="arduino:dfu-util@0.11.0-arduino5"
time="2025-08-07T19:09:36-07:00" level=info msg="Tool required for debug" tool="esp32:esp-rv32@2411"
time="2025-08-07T19:09:36-07:00" level=info msg="Tool required for debug" tool="esp32:esp-x32@2411"
time="2025-08-07T19:09:36-07:00" level=info msg="Tool required for debug" tool="esp32:esp32-arduino-libs@idf-release_v5.5-b66b5448-v1"
2025-08-07 19:09:36 2025-08-08T02:09:36.441Z daemon INFO time="2025-08-07T19:09:36-07:00" level=info msg="Tool required for debug" tool="esp32:esptool_py@5.0.0"
time="2025-08-07T19:09:36-07:00" level=info msg="Tool required for debug" tool="esp32:mklittlefs@3.0.0-gnu12-dc7f933"
time="2025-08-07T19:09:36-07:00" level=info msg="Tool required for debug" tool="esp32:mkspiffs@0.2.3"
time="2025-08-07T19:09:36-07:00" level=info msg="Tool required for debug" tool="esp32:openocd-esp32@v0.12.0-esp32-20250422"
time="2025-08-07T19:09:36-07:00" level=info msg="Tool required for debug" tool="esp32:riscv32-esp-elf-gdb@16.2_20250324"
time="2025-08-07T19:09:36-07:00" level=info msg="Tool required for debug" tool="esp32:xtensa-esp-elf-gdb@16.2_20250324"
time="2025-08-07T19:09:36-07:00" level=info msg="Tool required for debug" tool="arduino:arduinoOTA@1.3.0"
2025-08-07 19:09:36 2025-08-08T02:09:36.442Z daemon INFO time="2025-08-07T19:09:36-07:00" level=info msg="Tool required for debug" tool="builtin:mdns-discovery@1.0.9"
time="2025-08-07T19:09:36-07:00" level=info msg="Tool required for debug" tool="builtin:ctags@5.8-arduino11"
time="2025-08-07T19:09:36-07:00" level=info msg="Tool required for debug" tool="arduino:avrdude@6.3.0-arduino17"
time="2025-08-07T19:09:36-07:00" level=info msg="Tool required for debug" tool="builtin:serial-discovery@1.4.1"
time="2025-08-07T19:09:36-07:00" level=info msg="Tool required for debug" tool="arduino:avr-gcc@7.3.0-atmel3.6.1-arduino7"
time="2025-08-07T19:09:36-07:00" level=info msg="Tool required for debug" tool="builtin:serial-monitor@0.15.0"
time="2025-08-07T19:09:36-07:00" level=info msg="Tool required for debug" tool="builtin:dfu-discovery@0.1.2"
2025-08-07 19:09:36 2025-08-08T02:09:36.447Z daemon INFO time="2025-08-07T19:09:36-07:00" level=info msg="Tool required for debug" tool="arduino:dfu-util@0.11.0-arduino5"
time="2025-08-07T19:09:36-07:00" level=info msg="Tool required for debug" tool="esp32:esp-rv32@2411"
time="2025-08-07T19:09:36-07:00" level=info msg="Tool required for debug" tool="esp32:esp-x32@2411"
time="2025-08-07T19:09:36-07:00" level=info msg="Tool required for debug" tool="esp32:esp32-arduino-libs@idf-release_v5.5-b66b5448-v1"
2025-08-07 19:09:36 2025-08-08T02:09:36.447Z daemon INFO time="2025-08-07T19:09:36-07:00" level=info msg="Tool required for debug" tool="esp32:esptool_py@5.0.0"
time="2025-08-07T19:09:36-07:00" level=info msg="Tool required for debug" tool="esp32:mklittlefs@3.0.0-gnu12-dc7f933"
time="2025-08-07T19:09:36-07:00" level=info msg="Tool required for debug" tool="esp32:mkspiffs@0.2.3"
time="2025-08-07T19:09:36-07:00" level=info msg="Tool required for debug" tool="esp32:openocd-esp32@v0.12.0-esp32-20250422"
time="2025-08-07T19:09:36-07:00" level=info msg="Tool required for debug" tool="esp32:riscv32-esp-elf-gdb@16.2_20250324"
time="2025-08-07T19:09:36-07:00" level=info msg="Tool required for debug" tool="esp32:xtensa-esp-elf-gdb@16.2_20250324"
time="2025-08-07T19:09:36-07:00" level=info msg="Tool required for debug" tool="builtin:mdns-discovery@1.0.9"
time="2025-08-07T19:09:36-07:00" level=info msg="Tool required for debug" tool="arduino:avrdude@6.3.0-arduino17"
2025-08-07 19:09:36 2025-08-08T02:09:36.447Z daemon INFO time="2025-08-07T19:09:36-07:00" level=info msg="Tool required for debug" tool="builtin:serial-monitor@0.15.0"
time="2025-08-07T19:09:36-07:00" level=info msg="Tool required for debug" tool="builtin:serial-discovery@1.4.1"
time="2025-08-07T19:09:36-07:00" level=info msg="Tool required for debug" tool="builtin:ctags@5.8-arduino11"
time="2025-08-07T19:09:36-07:00" level=info msg="Tool required for debug" tool="arduino:arduinoOTA@1.3.0"
time="2025-08-07T19:09:36-07:00" level=info msg="Tool required for debug" tool="arduino:avr-gcc@7.3.0-atmel3.6.1-arduino7"
2025-08-07 19:09:36 2025-08-08T02:09:36.447Z daemon INFO time="2025-08-07T19:09:36-07:00" level=info msg="Tool required for debug" tool="builtin:dfu-discovery@0.1.2"
2025-08-07 19:09:36 2025-08-08T02:09:36.452Z daemon INFO time="2025-08-07T19:09:36-07:00" level=info msg="Tool required for debug" tool="arduino:dfu-util@0.11.0-arduino5"
time="2025-08-07T19:09:36-07:00" level=info msg="Tool required for debug" tool="esp32:esp-rv32@2411"
time="2025-08-07T19:09:36-07:00" level=info msg="Tool required for debug" tool="esp32:esp-x32@2411"
time="2025-08-07T19:09:36-07:00" level=info msg="Tool required for debug" tool="esp32:esp32-arduino-libs@idf-release_v5.5-b66b5448-v1"
time="2025-08-07T19:09:36-07:00" level=info msg="Tool required for debug" tool="esp32:esptool_py@5.0.0"
time="2025-08-07T19:09:36-07:00" level=info msg="Tool required for debug" tool="esp32:mklittlefs@3.0.0-gnu12-dc7f933"
2025-08-07 19:09:36 2025-08-08T02:09:36.452Z daemon INFO time="2025-08-07T19:09:36-07:00" level=info msg="Tool required for debug" tool="esp32:mkspiffs@0.2.3"
time="2025-08-07T19:09:36-07:00" level=info msg="Tool required for debug" tool="esp32:openocd-esp32@v0.12.0-esp32-20250422"
time="2025-08-07T19:09:36-07:00" level=info msg="Tool required for debug" tool="esp32:riscv32-esp-elf-gdb@16.2_20250324"
time="2025-08-07T19:09:36-07:00" level=info msg="Tool required for debug" tool="esp32:xtensa-esp-elf-gdb@16.2_20250324"
time="2025-08-07T19:09:36-07:00" level=info msg="Tool required for debug" tool="arduino:arduinoOTA@1.3.0"
time="2025-08-07T19:09:36-07:00" level=info msg="Tool required for debug" tool="arduino:avrdude@6.3.0-arduino17"
time="2025-08-07T19:09:36-07:00" level=info msg="Tool required for debug" tool="builtin:dfu-discovery@0.1.2"
time="2025-08-07T19:09:36-07:00" level=info msg="Tool required for debug" tool="arduino:avr-gcc@7.3.0-atmel3.6.1-arduino7"
time="2025-08-07T19:09:36-07:00" level=info msg="Tool required for debug" tool="builtin:serial-monitor@0.15.0"
2025-08-07 19:09:36 2025-08-08T02:09:36.452Z daemon INFO time="2025-08-07T19:09:36-07:00" level=info msg="Tool required for debug" tool="builtin:mdns-discovery@1.0.9"
time="2025-08-07T19:09:36-07:00" level=info msg="Tool required for debug" tool="builtin:serial-discovery@1.4.1"
time="2025-08-07T19:09:36-07:00" level=info msg="Tool required for debug" tool="builtin:ctags@5.8-arduino11"
2025-08-07 19:09:36 2025-08-08T02:09:36.456Z daemon INFO time="2025-08-07T19:09:36-07:00" level=info msg="Tool required for debug" tool="arduino:dfu-util@0.11.0-arduino5"
time="2025-08-07T19:09:36-07:00" level=info msg="Tool required for debug" tool="esp32:esp-rv32@2411"
time="2025-08-07T19:09:36-07:00" level=info msg="Tool required for debug" tool="esp32:esp-x32@2411"
time="2025-08-07T19:09:36-07:00" level=info msg="Tool required for debug" tool="esp32:esp32-arduino-libs@idf-release_v5.5-b66b5448-v1"
time="2025-08-07T19:09:36-07:00" level=info msg="Tool required for debug" tool="esp32:esptool_py@5.0.0"
time="2025-08-07T19:09:36-07:00" level=info msg="Tool required for debug" tool="esp32:mklittlefs@3.0.0-gnu12-dc7f933"
2025-08-07 19:09:36 2025-08-08T02:09:36.457Z daemon INFO time="2025-08-07T19:09:36-07:00" level=info msg="Tool required for debug" tool="esp32:mkspiffs@0.2.3"
time="2025-08-07T19:09:36-07:00" level=info msg="Tool required for debug" tool="esp32:openocd-esp32@v0.12.0-esp32-20250422"
time="2025-08-07T19:09:36-07:00" level=info msg="Tool required for debug" tool="esp32:riscv32-esp-elf-gdb@16.2_20250324"
time="2025-08-07T19:09:36-07:00" level=info msg="Tool required for debug" tool="esp32:xtensa-esp-elf-gdb@16.2_20250324"
time="2025-08-07T19:09:36-07:00" level=info msg="Tool required for debug" tool="arduino:avr-gcc@7.3.0-atmel3.6.1-arduino7"
time="2025-08-07T19:09:36-07:00" level=info msg="Tool required for debug" tool="builtin:ctags@5.8-arduino11"
time="2025-08-07T19:09:36-07:00" level=info msg="Tool required for debug" tool="builtin:mdns-discovery@1.0.9"
time="2025-08-07T19:09:36-07:00" level=info msg="Tool required for debug" tool="builtin:dfu-discovery@0.1.2"
time="2025-08-07T19:09:36-07:00" level=info msg="Tool required for debug" tool="arduino:arduinoOTA@1.3.0"
time="2025-08-07T19:09:36-07:00" level=info msg="Tool required for debug" tool="arduino:avrdude@6.3.0-arduino17"
time="2025-08-07T19:09:36-07:00" level=info msg="Tool required for debug" tool="builtin:serial-discovery@1.4.1"
time="2025-08-07T19:09:36-07:00" level=info msg="Tool required for debug" tool="builtin:serial-monitor@0.15.0"
2025-08-07 19:09:36 2025-08-08T02:09:36.461Z daemon INFO time="2025-08-07T19:09:36-07:00" level=info msg="Tool required for debug" tool="arduino:dfu-util@0.11.0-arduino5"
time="2025-08-07T19:09:36-07:00" level=info msg="Tool required for debug" tool="esp32:esp-rv32@2411"
time="2025-08-07T19:09:36-07:00" level=info msg="Tool required for debug" tool="esp32:esp-x32@2411"
time="2025-08-07T19:09:36-07:00" level=info msg="Tool required for debug" tool="esp32:esp32-arduino-libs@idf-release_v5.5-b66b5448-v1"
time="2025-08-07T19:09:36-07:00" level=info msg="Tool required for debug" tool="esp32:esptool_py@5.0.0"
time="2025-08-07T19:09:36-07:00" level=info msg="Tool required for debug" tool="esp32:mklittlefs@3.0.0-gnu12-dc7f933"
time="2025-08-07T19:09:36-07:00" level=info msg="Tool required for debug" tool="esp32:mkspiffs@0.2.3"
2025-08-07 19:09:36 2025-08-08T02:09:36.461Z daemon INFO time="2025-08-07T19:09:36-07:00" level=info msg="Tool required for debug" tool="esp32:openocd-esp32@v0.12.0-esp32-20250422"
time="2025-08-07T19:09:36-07:00" level=info msg="Tool required for debug" tool="esp32:riscv32-esp-elf-gdb@16.2_20250324"
time="2025-08-07T19:09:36-07:00" level=info msg="Tool required for debug" tool="esp32:xtensa-esp-elf-gdb@16.2_20250324"
time="2025-08-07T19:09:36-07:00" level=info msg="Tool required for debug" tool="builtin:serial-discovery@1.4.1"
time="2025-08-07T19:09:36-07:00" level=info msg="Tool required for debug" tool="arduino:avr-gcc@7.3.0-atmel3.6.1-arduino7"
time="2025-08-07T19:09:36-07:00" level=info msg="Tool required for debug" tool="builtin:mdns-discovery@1.0.9"
time="2025-08-07T19:09:36-07:00" level=info msg="Tool required for debug" tool="builtin:ctags@5.8-arduino11"
time="2025-08-07T19:09:36-07:00" level=info msg="Tool required for debug" tool="builtin:dfu-discovery@0.1.2"
time="2025-08-07T19:09:36-07:00" level=info msg="Tool required for debug" tool="arduino:arduinoOTA@1.3.0"
time="2025-08-07T19:09:36-07:00" level=info msg="Tool required for debug" tool="arduino:avrdude@6.3.0-arduino17"
time="2025-08-07T19:09:36-07:00" level=info msg="Tool required for debug" tool="builtin:serial-monitor@0.15.0"
2025-08-07 19:09:36 2025-08-08T02:09:36.465Z daemon INFO time="2025-08-07T19:09:36-07:00" level=info msg="Tool required for debug" tool="arduino:dfu-util@0.11.0-arduino5"
time="2025-08-07T19:09:36-07:00" level=info msg="Tool required for debug" tool="esp32:esp-rv32@2411"
time="2025-08-07T19:09:36-07:00" level=info msg="Tool required for debug" tool="esp32:esp-x32@2411"
time="2025-08-07T19:09:36-07:00" level=info msg="Tool required for debug" tool="esp32:esp32-arduino-libs@idf-release_v5.5-b66b5448-v1"
time="2025-08-07T19:09:36-07:00" level=info msg="Tool required for debug" tool="esp32:esptool_py@5.0.0"
time="2025-08-07T19:09:36-07:00" level=info msg="Tool required for debug" tool="esp32:mklittlefs@3.0.0-gnu12-dc7f933"
time="2025-08-07T19:09:36-07:00" level=info msg="Tool required for debug" tool="esp32:mkspiffs@0.2.3"
2025-08-07 19:09:36 2025-08-08T02:09:36.465Z daemon INFO time="2025-08-07T19:09:36-07:00" level=info msg="Tool required for debug" tool="esp32:openocd-esp32@v0.12.0-esp32-20250422"
time="2025-08-07T19:09:36-07:00" level=info msg="Tool required for debug" tool="esp32:riscv32-esp-elf-gdb@16.2_20250324"
time="2025-08-07T19:09:36-07:00" level=info msg="Tool required for debug" tool="esp32:xtensa-esp-elf-gdb@16.2_20250324"
time="2025-08-07T19:09:36-07:00" level=info msg="Tool required for debug" tool="builtin:serial-monitor@0.15.0"
time="2025-08-07T19:09:36-07:00" level=info msg="Tool required for debug" tool="arduino:arduinoOTA@1.3.0"
time="2025-08-07T19:09:36-07:00" level=info msg="Tool required for debug" tool="builtin:serial-discovery@1.4.1"
time="2025-08-07T19:09:36-07:00" level=info msg="Tool required for debug" tool="builtin:ctags@5.8-arduino11"
time="2025-08-07T19:09:36-07:00" level=info msg="Tool required for debug" tool="arduino:avrdude@6.3.0-arduino17"
time="2025-08-07T19:09:36-07:00" level=info msg="Tool required for debug" tool="builtin:dfu-discovery@0.1.2"
time="2025-08-07T19:09:36-07:00" level=info msg="Tool required for debug" tool="builtin:mdns-discovery@1.0.9"
2025-08-07 19:09:36 2025-08-08T02:09:36.465Z daemon INFO time="2025-08-07T19:09:36-07:00" level=info msg="Tool required for debug" tool="arduino:avr-gcc@7.3.0-atmel3.6.1-arduino7"
2025-08-07 19:09:36 2025-08-08T02:09:36.469Z daemon INFO time="2025-08-07T19:09:36-07:00" level=info msg="Tool required for debug" tool="arduino:dfu-util@0.11.0-arduino5"
time="2025-08-07T19:09:36-07:00" level=info msg="Tool required for debug" tool="esp32:esp-rv32@2411"
time="2025-08-07T19:09:36-07:00" level=info msg="Tool required for debug" tool="esp32:esp-x32@2411"
time="2025-08-07T19:09:36-07:00" level=info msg="Tool required for debug" tool="esp32:esp32-arduino-libs@idf-release_v5.5-b66b5448-v1"
time="2025-08-07T19:09:36-07:00" level=info msg="Tool required for debug" tool="esp32:esptool_py@5.0.0"
time="2025-08-07T19:09:36-07:00" level=info msg="Tool required for debug" tool="esp32:mklittlefs@3.0.0-gnu12-dc7f933"
time="2025-08-07T19:09:36-07:00" level=info msg="Tool required for debug" tool="esp32:mkspiffs@0.2.3"
time="2025-08-07T19:09:36-07:00" level=info msg="Tool required for debug" tool="esp32:openocd-esp32@v0.12.0-esp32-20250422"
2025-08-07 19:09:36 2025-08-08T02:09:36.469Z daemon INFO time="2025-08-07T19:09:36-07:00" level=info msg="Tool required for debug" tool="esp32:riscv32-esp-elf-gdb@16.2_20250324"
time="2025-08-07T19:09:36-07:00" level=info msg="Tool required for debug" tool="esp32:xtensa-esp-elf-gdb@16.2_20250324"
time="2025-08-07T19:09:36-07:00" level=info msg="Tool required for debug" tool="builtin:mdns-discovery@1.0.9"
time="2025-08-07T19:09:36-07:00" level=info msg="Tool required for debug" tool="arduino:avrdude@6.3.0-arduino17"
time="2025-08-07T19:09:36-07:00" level=info msg="Tool required for debug" tool="builtin:serial-monitor@0.15.0"
time="2025-08-07T19:09:36-07:00" level=info msg="Tool required for debug" tool="builtin:ctags@5.8-arduino11"
time="2025-08-07T19:09:36-07:00" level=info msg="Tool required for debug" tool="arduino:arduinoOTA@1.3.0"
time="2025-08-07T19:09:36-07:00" level=info msg="Tool required for debug" tool="arduino:avr-gcc@7.3.0-atmel3.6.1-arduino7"
time="2025-08-07T19:09:36-07:00" level=info msg="Tool required for debug" tool="builtin:dfu-discovery@0.1.2"
time="2025-08-07T19:09:36-07:00" level=info msg="Tool required for debug" tool="builtin:serial-discovery@1.4.1"
2025-08-07 19:09:36 2025-08-08T02:09:36.481Z daemon INFO time="2025-08-07T19:09:36-07:00" level=info msg="Tool required for debug" tool="arduino:dfu-util@0.11.0-arduino5"
time="2025-08-07T19:09:36-07:00" level=info msg="Tool required for debug" tool="esp32:esp-rv32@2411"
time="2025-08-07T19:09:36-07:00" level=info msg="Tool required for debug" tool="esp32:esp-x32@2411"
time="2025-08-07T19:09:36-07:00" level=info msg="Tool required for debug" tool="esp32:esp32-arduino-libs@idf-release_v5.5-b66b5448-v1"
time="2025-08-07T19:09:36-07:00" level=info msg="Tool required for debug" tool="esp32:esptool_py@5.0.0"
time="2025-08-07T19:09:36-07:00" level=info msg="Tool required for debug" tool="esp32:mklittlefs@3.0.0-gnu12-dc7f933"
2025-08-07 19:09:36 2025-08-08T02:09:36.481Z daemon INFO time="2025-08-07T19:09:36-07:00" level=info msg="Tool required for debug" tool="esp32:mkspiffs@0.2.3"
time="2025-08-07T19:09:36-07:00" level=info msg="Tool required for debug" tool="esp32:openocd-esp32@v0.12.0-esp32-20250422"
time="2025-08-07T19:09:36-07:00" level=info msg="Tool required for debug" tool="esp32:riscv32-esp-elf-gdb@16.2_20250324"
time="2025-08-07T19:09:36-07:00" level=info msg="Tool required for debug" tool="esp32:xtensa-esp-elf-gdb@16.2_20250324"
time="2025-08-07T19:09:36-07:00" level=info msg="Tool required for debug" tool="arduino:avrdude@6.3.0-arduino17"
time="2025-08-07T19:09:36-07:00" level=info msg="Tool required for debug" tool="builtin:dfu-discovery@0.1.2"
time="2025-08-07T19:09:36-07:00" level=info msg="Tool required for debug" tool="builtin:mdns-discovery@1.0.9"
time="2025-08-07T19:09:36-07:00" level=info msg="Tool required for debug" tool="arduino:arduinoOTA@1.3.0"
time="2025-08-07T19:09:36-07:00" level=info msg="Tool required for debug" tool="arduino:avr-gcc@7.3.0-atmel3.6.1-arduino7"
time="2025-08-07T19:09:36-07:00" level=info msg="Tool required for debug" tool="builtin:serial-discovery@1.4.1"
time="2025-08-07T19:09:36-07:00" level=info msg="Tool required for debug" tool="builtin:ctags@5.8-arduino11"
time="2025-08-07T19:09:36-07:00" level=info msg="Tool required for debug" tool="builtin:serial-monitor@0.15.0"
2025-08-07 19:09:37 2025-08-08T02:09:37.901Z daemon INFO time="2025-08-07T19:09:37-07:00" level=info msg="Resolving include BluetoothSerial.h for arch esp32"
time="2025-08-07T19:09:37-07:00" level=info msg="  found better lib" lib=BluetoothSerial prio=6B0
2025-08-07 19:09:38 2025-08-08T02:09:37.944Z daemon INFO time="2025-08-07T19:09:37-07:00" level=info msg="Adding libraries dir" dir=/home/aaron/.arduino15/libraries isSingleLibrary=false location=ide
time="2025-08-07T19:09:37-07:00" level=info msg="Adding libraries dir" dir=/home/aaron/.arduino15/packages/esp32/hardware/esp32/3.3.0/libraries isSingleLibrary=false location=platform
2025-08-07 19:09:38 2025-08-08T02:09:37.944Z daemon INFO time="2025-08-07T19:09:37-07:00" level=info msg="Adding libraries dir" dir=/home/aaron/Arduino/libraries isSingleLibrary=false location=user
2025-08-07 19:09:38 2025-08-08T02:09:38.607Z daemon INFO time="2025-08-07T19:09:38-07:00" level=info msg="Resolving include Wire.h for arch esp32"
time="2025-08-07T19:09:38-07:00" level=info msg="  found better lib" lib=Wire prio=6B0
2025-08-07 19:09:39 2025-08-08T02:09:39.179Z daemon INFO time="2025-08-07T19:09:39-07:00" level=info msg="Resolving include BluetoothSerial.h for arch esp32"
time="2025-08-07T19:09:39-07:00" level=info msg="  found better lib" lib=BluetoothSerial prio=6B0
2025-08-07 19:09:39 2025-08-08T02:09:39.820Z daemon INFO time="2025-08-07T19:09:39-07:00" level=info msg="Resolving include Wire.h for arch esp32"
time="2025-08-07T19:09:39-07:00" level=info msg="  found better lib" lib=Wire prio=6B0
2025-08-07 19:09:40 2025-08-08T02:09:40.221Z daemon INFO time="2025-08-07T19:09:40-07:00" level=info msg="Adding libraries dir" dir=/home/aaron/.arduino15/libraries isSingleLibrary=false location=ide
time="2025-08-07T19:09:40-07:00" level=info msg="Adding libraries dir" dir=/home/aaron/.arduino15/packages/esp32/hardware/esp32/3.3.0/libraries isSingleLibrary=false location=platform
time="2025-08-07T19:09:40-07:00" level=info msg="Adding libraries dir" dir=/home/aaron/Arduino/libraries isSingleLibrary=false location=user
2025-08-07 19:09:40 2025-08-08T02:09:40.763Z root INFO compiler-errors Current error changed to d;34
2025-08-07 19:09:42 2025-08-08T02:09:42.970Z root INFO compiler-errors Handling selection change in editor file:///home/aaron/projects/esp32_ble/master/master.ino. New (monaco) selection: [4,1 -> 4,1]
2025-08-07 19:10:12 2025-08-08T02:10:12.578Z root ERROR ---- !!!SLOW!!! DURATION: search took 583.266 ms. Args: [{"query":"","type":"All","topic":"All"}] ----
2025-08-07 19:11:24 2025-08-08T02:11:24.292Z root INFO Starting language server: esp32:esp32:esp32s3box:USBMode=hwcdc,MSCOnBoot=default,DFUOnBoot=default,PartitionScheme=app3M_fat9M_16MB,DebugLevel=none,EraseFlash=none
2025-08-07 19:11:24 2025-08-08T02:11:24.308Z daemon INFO time="2025-08-07T19:11:24-07:00" level=info msg="Tool required for debug" tool="arduino:dfu-util@0.11.0-arduino5"
time="2025-08-07T19:11:24-07:00" level=info msg="Tool required for debug" tool="esp32:esp-rv32@2411"
2025-08-07 19:11:24 2025-08-08T02:11:24.308Z daemon INFO time="2025-08-07T19:11:24-07:00" level=info msg="Tool required for debug" tool="esp32:esp-x32@2411"
time="2025-08-07T19:11:24-07:00" level=info msg="Tool required for debug" tool="esp32:esp32-arduino-libs@idf-release_v5.5-b66b5448-v1"
time="2025-08-07T19:11:24-07:00" level=info msg="Tool required for debug" tool="esp32:esptool_py@5.0.0"
time="2025-08-07T19:11:24-07:00" level=info msg="Tool required for debug" tool="esp32:mklittlefs@3.0.0-gnu12-dc7f933"
time="2025-08-07T19:11:24-07:00" level=info msg="Tool required for debug" tool="esp32:mkspiffs@0.2.3"
time="2025-08-07T19:11:24-07:00" level=info msg="Tool required for debug" tool="esp32:openocd-esp32@v0.12.0-esp32-20250422"
time="2025-08-07T19:11:24-07:00" level=info msg="Tool required for debug" tool="esp32:riscv32-esp-elf-gdb@16.2_20250324"
2025-08-07 19:11:24 2025-08-08T02:11:24.308Z daemon INFO time="2025-08-07T19:11:24-07:00" level=info msg="Tool required for debug" tool="esp32:xtensa-esp-elf-gdb@16.2_20250324"
time="2025-08-07T19:11:24-07:00" level=info msg="Tool required for debug" tool="arduino:avrdude@6.3.0-arduino17"
time="2025-08-07T19:11:24-07:00" level=info msg="Tool required for debug" tool="builtin:mdns-discovery@1.0.9"
time="2025-08-07T19:11:24-07:00" level=info msg="Tool required for debug" tool="builtin:serial-monitor@0.15.0"
2025-08-07 19:11:24 2025-08-08T02:11:24.308Z daemon INFO time="2025-08-07T19:11:24-07:00" level=info msg="Tool required for debug" tool="arduino:avr-gcc@7.3.0-atmel3.6.1-arduino7"
time="2025-08-07T19:11:24-07:00" level=info msg="Tool required for debug" tool="arduino:arduinoOTA@1.3.0"
time="2025-08-07T19:11:24-07:00" level=info msg="Tool required for debug" tool="builtin:ctags@5.8-arduino11"
2025-08-07 19:11:24 2025-08-08T02:11:24.308Z daemon INFO time="2025-08-07T19:11:24-07:00" level=info msg="Tool required for debug" tool="builtin:dfu-discovery@0.1.2"
time="2025-08-07T19:11:24-07:00" level=info msg="Tool required for debug" tool="builtin:serial-discovery@1.4.1"
2025-08-07 19:11:24 2025-08-08T02:11:24.314Z daemon INFO time="2025-08-07T19:11:24-07:00" level=info msg="Tool required for debug" tool="arduino:dfu-util@0.11.0-arduino5"
time="2025-08-07T19:11:24-07:00" level=info msg="Tool required for debug" tool="esp32:esp-rv32@2411"
2025-08-07 19:11:24 2025-08-08T02:11:24.314Z daemon INFO time="2025-08-07T19:11:24-07:00" level=info msg="Tool required for debug" tool="esp32:esp-x32@2411"
time="2025-08-07T19:11:24-07:00" level=info msg="Tool required for debug" tool="esp32:esp32-arduino-libs@idf-release_v5.5-b66b5448-v1"
time="2025-08-07T19:11:24-07:00" level=info msg="Tool required for debug" tool="esp32:esptool_py@5.0.0"
time="2025-08-07T19:11:24-07:00" level=info msg="Tool required for debug" tool="esp32:mklittlefs@3.0.0-gnu12-dc7f933"
time="2025-08-07T19:11:24-07:00" level=info msg="Tool required for debug" tool="esp32:mkspiffs@0.2.3"
2025-08-07 19:11:24 2025-08-08T02:11:24.314Z daemon INFO time="2025-08-07T19:11:24-07:00" level=info msg="Tool required for debug" tool="esp32:openocd-esp32@v0.12.0-esp32-20250422"
time="2025-08-07T19:11:24-07:00" level=info msg="Tool required for debug" tool="esp32:riscv32-esp-elf-gdb@16.2_20250324"
time="2025-08-07T19:11:24-07:00" level=info msg="Tool required for debug" tool="esp32:xtensa-esp-elf-gdb@16.2_20250324"
time="2025-08-07T19:11:24-07:00" level=info msg="Tool required for debug" tool="builtin:mdns-discovery@1.0.9"
2025-08-07 19:11:24 2025-08-08T02:11:24.315Z daemon INFO time="2025-08-07T19:11:24-07:00" level=info msg="Tool required for debug" tool="builtin:serial-discovery@1.4.1"
time="2025-08-07T19:11:24-07:00" level=info msg="Tool required for debug" tool="builtin:serial-monitor@0.15.0"
time="2025-08-07T19:11:24-07:00" level=info msg="Tool required for debug" tool="builtin:ctags@5.8-arduino11"
2025-08-07 19:11:24 2025-08-08T02:11:24.315Z daemon INFO time="2025-08-07T19:11:24-07:00" level=info msg="Tool required for debug" tool="arduino:arduinoOTA@1.3.0"
time="2025-08-07T19:11:24-07:00" level=info msg="Tool required for debug" tool="builtin:dfu-discovery@0.1.2"
2025-08-07 19:11:24 2025-08-08T02:11:24.315Z daemon INFO time="2025-08-07T19:11:24-07:00" level=info msg="Tool required for debug" tool="arduino:avr-gcc@7.3.0-atmel3.6.1-arduino7"
time="2025-08-07T19:11:24-07:00" level=info msg="Tool required for debug" tool="arduino:avrdude@6.3.0-arduino17"
2025-08-07 19:11:24 2025-08-08T02:11:24.320Z daemon INFO time="2025-08-07T19:11:24-07:00" level=info msg="Tool required for debug" tool="arduino:dfu-util@0.11.0-arduino5"
time="2025-08-07T19:11:24-07:00" level=info msg="Tool required for debug" tool="esp32:esp-rv32@2411"
2025-08-07 19:11:24 2025-08-08T02:11:24.320Z daemon INFO time="2025-08-07T19:11:24-07:00" level=info msg="Tool required for debug" tool="esp32:esp-x32@2411"
time="2025-08-07T19:11:24-07:00" level=info msg="Tool required for debug" tool="esp32:esp32-arduino-libs@idf-release_v5.5-b66b5448-v1"
time="2025-08-07T19:11:24-07:00" level=info msg="Tool required for debug" tool="esp32:esptool_py@5.0.0"
time="2025-08-07T19:11:24-07:00" level=info msg="Tool required for debug" tool="esp32:mklittlefs@3.0.0-gnu12-dc7f933"
2025-08-07 19:11:24 2025-08-08T02:11:24.320Z daemon INFO time="2025-08-07T19:11:24-07:00" level=info msg="Tool required for debug" tool="esp32:mkspiffs@0.2.3"
time="2025-08-07T19:11:24-07:00" level=info msg="Tool required for debug" tool="esp32:openocd-esp32@v0.12.0-esp32-20250422"
time="2025-08-07T19:11:24-07:00" level=info msg="Tool required for debug" tool="esp32:riscv32-esp-elf-gdb@16.2_20250324"
time="2025-08-07T19:11:24-07:00" level=info msg="Tool required for debug" tool="esp32:xtensa-esp-elf-gdb@16.2_20250324"
2025-08-07 19:11:24 2025-08-08T02:11:24.320Z daemon INFO time="2025-08-07T19:11:24-07:00" level=info msg="Tool required for debug" tool="builtin:serial-discovery@1.4.1"
time="2025-08-07T19:11:24-07:00" level=info msg="Tool required for debug" tool="builtin:mdns-discovery@1.0.9"
2025-08-07 19:11:24 2025-08-08T02:11:24.320Z daemon INFO time="2025-08-07T19:11:24-07:00" level=info msg="Tool required for debug" tool="arduino:avrdude@6.3.0-arduino17"
time="2025-08-07T19:11:24-07:00" level=info msg="Tool required for debug" tool="arduino:avr-gcc@7.3.0-atmel3.6.1-arduino7"
time="2025-08-07T19:11:24-07:00" level=info msg="Tool required for debug" tool="arduino:arduinoOTA@1.3.0"
2025-08-07 19:11:24 2025-08-08T02:11:24.320Z daemon INFO time="2025-08-07T19:11:24-07:00" level=info msg="Tool required for debug" tool="builtin:serial-monitor@0.15.0"
time="2025-08-07T19:11:24-07:00" level=info msg="Tool required for debug" tool="builtin:ctags@5.8-arduino11"
2025-08-07 19:11:24 2025-08-08T02:11:24.320Z daemon INFO time="2025-08-07T19:11:24-07:00" level=info msg="Tool required for debug" tool="builtin:dfu-discovery@0.1.2"
2025-08-07 19:11:24 2025-08-08T02:11:24.326Z daemon INFO time="2025-08-07T19:11:24-07:00" level=info msg="Tool required for debug" tool="arduino:dfu-util@0.11.0-arduino5"
time="2025-08-07T19:11:24-07:00" level=info msg="Tool required for debug" tool="esp32:esp-rv32@2411"
2025-08-07 19:11:24 2025-08-08T02:11:24.326Z daemon INFO time="2025-08-07T19:11:24-07:00" level=info msg="Tool required for debug" tool="esp32:esp-x32@2411"
time="2025-08-07T19:11:24-07:00" level=info msg="Tool required for debug" tool="esp32:esp32-arduino-libs@idf-release_v5.5-b66b5448-v1"
2025-08-07 19:11:24 2025-08-08T02:11:24.326Z daemon INFO time="2025-08-07T19:11:24-07:00" level=info msg="Tool required for debug" tool="esp32:esptool_py@5.0.0"
time="2025-08-07T19:11:24-07:00" level=info msg="Tool required for debug" tool="esp32:mklittlefs@3.0.0-gnu12-dc7f933"
time="2025-08-07T19:11:24-07:00" level=info msg="Tool required for debug" tool="esp32:mkspiffs@0.2.3"
2025-08-07 19:11:24 2025-08-08T02:11:24.326Z daemon INFO time="2025-08-07T19:11:24-07:00" level=info msg="Tool required for debug" tool="esp32:openocd-esp32@v0.12.0-esp32-20250422"
time="2025-08-07T19:11:24-07:00" level=info msg="Tool required for debug" tool="esp32:riscv32-esp-elf-gdb@16.2_20250324"
time="2025-08-07T19:11:24-07:00" level=info msg="Tool required for debug" tool="esp32:xtensa-esp-elf-gdb@16.2_20250324"
2025-08-07 19:11:24 2025-08-08T02:11:24.326Z daemon INFO time="2025-08-07T19:11:24-07:00" level=info msg="Tool required for debug" tool="builtin:dfu-discovery@0.1.2"
time="2025-08-07T19:11:24-07:00" level=info msg="Tool required for debug" tool="arduino:avr-gcc@7.3.0-atmel3.6.1-arduino7"
2025-08-07 19:11:24 2025-08-08T02:11:24.326Z daemon INFO time="2025-08-07T19:11:24-07:00" level=info msg="Tool required for debug" tool="builtin:mdns-discovery@1.0.9"
time="2025-08-07T19:11:24-07:00" level=info msg="Tool required for debug" tool="builtin:ctags@5.8-arduino11"
2025-08-07 19:11:24 2025-08-08T02:11:24.326Z daemon INFO time="2025-08-07T19:11:24-07:00" level=info msg="Tool required for debug" tool="arduino:avrdude@6.3.0-arduino17"
2025-08-07 19:11:24 2025-08-08T02:11:24.326Z daemon INFO time="2025-08-07T19:11:24-07:00" level=info msg="Tool required for debug" tool="arduino:arduinoOTA@1.3.0"
time="2025-08-07T19:11:24-07:00" level=info msg="Tool required for debug" tool="builtin:serial-discovery@1.4.1"
2025-08-07 19:11:24 2025-08-08T02:11:24.326Z daemon INFO time="2025-08-07T19:11:24-07:00" level=info msg="Tool required for debug" tool="builtin:serial-monitor@0.15.0"
2025-08-07 19:11:24 2025-08-08T02:11:24.334Z daemon INFO time="2025-08-07T19:11:24-07:00" level=info msg="Tool required for debug" tool="arduino:dfu-util@0.11.0-arduino5"
time="2025-08-07T19:11:24-07:00" level=info msg="Tool required for debug" tool="esp32:esp-rv32@2411"
time="2025-08-07T19:11:24-07:00" level=info msg="Tool required for debug" tool="esp32:esp-x32@2411"
time="2025-08-07T19:11:24-07:00" level=info msg="Tool required for debug" tool="esp32:esp32-arduino-libs@idf-release_v5.5-b66b5448-v1"
time="2025-08-07T19:11:24-07:00" level=info msg="Tool required for debug" tool="esp32:esptool_py@5.0.0"
time="2025-08-07T19:11:24-07:00" level=info msg="Tool required for debug" tool="esp32:mklittlefs@3.0.0-gnu12-dc7f933"
time="2025-08-07T19:11:24-07:00" level=info msg="Tool required for debug" tool="esp32:mkspiffs@0.2.3"
time="2025-08-07T19:11:24-07:00" level=info msg="Tool required for debug" tool="esp32:openocd-esp32@v0.12.0-esp32-20250422"
time="2025-08-07T19:11:24-07:00" level=info msg="Tool required for debug" tool="esp32:riscv32-esp-elf-gdb@16.2_20250324"
time="2025-08-07T19:11:24-07:00" level=info msg="Tool required for debug" tool="esp32:xtensa-esp-elf-gdb@16.2_20250324"
time="2025-08-07T19:11:24-07:00" level=info msg="Tool required for debug" tool="arduino:avrdude@6.3.0-arduino17"
time="2025-08-07T19:11:24-07:00" level=info msg="Tool required for debug" tool="builtin:dfu-discovery@0.1.2"
time="2025-08-07T19:11:24-07:00" level=info msg="Tool required for debug" tool="builtin:serial-monitor@0.15.0"
time="2025-08-07T19:11:24-07:00" level=info msg="Tool required for debug" tool="builtin:ctags@5.8-arduino11"
time="2025-08-07T19:11:24-07:00" level=info msg="Tool required for debug" tool="builtin:mdns-discovery@1.0.9"
time="2025-08-07T19:11:24-07:00" level=info msg="Tool required for debug" tool="arduino:arduinoOTA@1.3.0"
time="2025-08-07T19:11:24-07:00" level=info msg="Tool required for debug" tool="arduino:avr-gcc@7.3.0-atmel3.6.1-arduino7"
time="2025-08-07T19:11:24-07:00" level=info msg="Tool required for debug" tool="builtin:serial-discovery@1.4.1"
2025-08-07 19:11:24 2025-08-08T02:11:24.337Z daemon INFO time="2025-08-07T19:11:24-07:00" level=info msg="Tool required for debug" tool="arduino:dfu-util@0.11.0-arduino5"
time="2025-08-07T19:11:24-07:00" level=info msg="Tool required for debug" tool="esp32:esp-rv32@2411"
2025-08-07 19:11:24 2025-08-08T02:11:24.337Z daemon INFO time="2025-08-07T19:11:24-07:00" level=info msg="Tool required for debug" tool="esp32:esp-x32@2411"
time="2025-08-07T19:11:24-07:00" level=info msg="Tool required for debug" tool="esp32:esp32-arduino-libs@idf-release_v5.5-b66b5448-v1"
time="2025-08-07T19:11:24-07:00" level=info msg="Tool required for debug" tool="esp32:esptool_py@5.0.0"
time="2025-08-07T19:11:24-07:00" level=info msg="Tool required for debug" tool="esp32:mklittlefs@3.0.0-gnu12-dc7f933"
time="2025-08-07T19:11:24-07:00" level=info msg="Tool required for debug" tool="esp32:mkspiffs@0.2.3"
time="2025-08-07T19:11:24-07:00" level=info msg="Tool required for debug" tool="esp32:openocd-esp32@v0.12.0-esp32-20250422"
time="2025-08-07T19:11:24-07:00" level=info msg="Tool required for debug" tool="esp32:riscv32-esp-elf-gdb@16.2_20250324"
time="2025-08-07T19:11:24-07:00" level=info msg="Tool required for debug" tool="esp32:xtensa-esp-elf-gdb@16.2_20250324"
time="2025-08-07T19:11:24-07:00" level=info msg="Tool required for debug" tool="arduino:avrdude@6.3.0-arduino17"
2025-08-07 19:11:24 2025-08-08T02:11:24.337Z daemon INFO time="2025-08-07T19:11:24-07:00" level=info msg="Tool required for debug" tool="builtin:serial-discovery@1.4.1"
time="2025-08-07T19:11:24-07:00" level=info msg="Tool required for debug" tool="builtin:ctags@5.8-arduino11"
time="2025-08-07T19:11:24-07:00" level=info msg="Tool required for debug" tool="arduino:avr-gcc@7.3.0-atmel3.6.1-arduino7"
time="2025-08-07T19:11:24-07:00" level=info msg="Tool required for debug" tool="arduino:arduinoOTA@1.3.0"
2025-08-07 19:11:24 2025-08-08T02:11:24.337Z daemon INFO time="2025-08-07T19:11:24-07:00" level=info msg="Tool required for debug" tool="builtin:serial-monitor@0.15.0"
time="2025-08-07T19:11:24-07:00" level=info msg="Tool required for debug" tool="builtin:dfu-discovery@0.1.2"
2025-08-07 19:11:24 2025-08-08T02:11:24.337Z daemon INFO time="2025-08-07T19:11:24-07:00" level=info msg="Tool required for debug" tool="builtin:mdns-discovery@1.0.9"
2025-08-07 19:11:24 2025-08-08T02:11:24.342Z daemon INFO time="2025-08-07T19:11:24-07:00" level=info msg="Tool required for debug" tool="arduino:dfu-util@0.11.0-arduino5"
time="2025-08-07T19:11:24-07:00" level=info msg="Tool required for debug" tool="esp32:esp-rv32@2411"
2025-08-07 19:11:24 2025-08-08T02:11:24.342Z daemon INFO time="2025-08-07T19:11:24-07:00" level=info msg="Tool required for debug" tool="esp32:esp-x32@2411"
time="2025-08-07T19:11:24-07:00" level=info msg="Tool required for debug" tool="esp32:esp32-arduino-libs@idf-release_v5.5-b66b5448-v1"
time="2025-08-07T19:11:24-07:00" level=info msg="Tool required for debug" tool="esp32:esptool_py@5.0.0"
time="2025-08-07T19:11:24-07:00" level=info msg="Tool required for debug" tool="esp32:mklittlefs@3.0.0-gnu12-dc7f933"
time="2025-08-07T19:11:24-07:00" level=info msg="Tool required for debug" tool="esp32:mkspiffs@0.2.3"
2025-08-07 19:11:24 2025-08-08T02:11:24.342Z daemon INFO time="2025-08-07T19:11:24-07:00" level=info msg="Tool required for debug" tool="esp32:openocd-esp32@v0.12.0-esp32-20250422"
time="2025-08-07T19:11:24-07:00" level=info msg="Tool required for debug" tool="esp32:riscv32-esp-elf-gdb@16.2_20250324"
time="2025-08-07T19:11:24-07:00" level=info msg="Tool required for debug" tool="esp32:xtensa-esp-elf-gdb@16.2_20250324"
time="2025-08-07T19:11:24-07:00" level=info msg="Tool required for debug" tool="arduino:avr-gcc@7.3.0-atmel3.6.1-arduino7"
2025-08-07 19:11:24 2025-08-08T02:11:24.343Z daemon INFO time="2025-08-07T19:11:24-07:00" level=info msg="Tool required for debug" tool="arduino:avrdude@6.3.0-arduino17"
time="2025-08-07T19:11:24-07:00" level=info msg="Tool required for debug" tool="builtin:dfu-discovery@0.1.2"
2025-08-07 19:11:24 2025-08-08T02:11:24.343Z daemon INFO time="2025-08-07T19:11:24-07:00" level=info msg="Tool required for debug" tool="arduino:arduinoOTA@1.3.0"
time="2025-08-07T19:11:24-07:00" level=info msg="Tool required for debug" tool="builtin:ctags@5.8-arduino11"
time="2025-08-07T19:11:24-07:00" level=info msg="Tool required for debug" tool="builtin:mdns-discovery@1.0.9"
2025-08-07 19:11:24 2025-08-08T02:11:24.343Z daemon INFO time="2025-08-07T19:11:24-07:00" level=info msg="Tool required for debug" tool="builtin:serial-discovery@1.4.1"
time="2025-08-07T19:11:24-07:00" level=info msg="Tool required for debug" tool="builtin:serial-monitor@0.15.0"
2025-08-07 19:11:24 2025-08-08T02:11:24.449Z daemon INFO time="2025-08-07T19:11:24-07:00" level=info msg="Adding libraries dir" dir=/home/aaron/.arduino15/libraries isSingleLibrary=false location=ide
time="2025-08-07T19:11:24-07:00" level=info msg="Adding libraries dir" dir=/home/aaron/.arduino15/packages/esp32/hardware/esp32/3.3.0/libraries isSingleLibrary=false location=platform
time="2025-08-07T19:11:24-07:00" level=info msg="Adding libraries dir" dir=/home/aaron/Arduino/libraries isSingleLibrary=false location=user
2025-08-07 19:11:25 2025-08-08T02:11:25.735Z daemon INFO time="2025-08-07T19:11:25-07:00" level=info msg="Resolving include BluetoothSerial.h for arch esp32"
time="2025-08-07T19:11:25-07:00" level=info msg="  found better lib" lib=BluetoothSerial prio=6B0
2025-08-07 19:11:26 2025-08-08T02:11:26.360Z daemon INFO time="2025-08-07T19:11:26-07:00" level=info msg="Resolving include Wire.h for arch esp32"
time="2025-08-07T19:11:26-07:00" level=info msg="  found better lib" lib=Wire prio=6B0
2025-08-07 19:11:27 2025-08-08T02:11:27.961Z daemon INFO time="2025-08-07T19:11:27-07:00" level=info msg="Adding libraries dir" dir=/home/aaron/.arduino15/libraries isSingleLibrary=false location=ide
time="2025-08-07T19:11:27-07:00" level=info msg="Adding libraries dir" dir=/home/aaron/.arduino15/packages/esp32/hardware/esp32/3.3.0/libraries isSingleLibrary=false location=platform
time="2025-08-07T19:11:27-07:00" level=info msg="Adding libraries dir" dir=/home/aaron/Arduino/libraries isSingleLibrary=false location=user
2025-08-07 19:12:04 2025-08-08T02:12:04.068Z daemon INFO time="2025-08-07T19:12:04-07:00" level=info msg="Tool required for debug" tool="arduino:dfu-util@0.11.0-arduino5"
time="2025-08-07T19:12:04-07:00" level=info msg="Tool required for debug" tool="esp32:esp-rv32@2411"
time="2025-08-07T19:12:04-07:00" level=info msg="Tool required for debug" tool="esp32:esp-x32@2411"
time="2025-08-07T19:12:04-07:00" level=info msg="Tool required for debug" tool="esp32:esp32-arduino-libs@idf-release_v5.5-b66b5448-v1"
2025-08-07 19:12:04 2025-08-08T02:12:04.068Z daemon INFO time="2025-08-07T19:12:04-07:00" level=info msg="Tool required for debug" tool="esp32:esptool_py@5.0.0"
time="2025-08-07T19:12:04-07:00" level=info msg="Tool required for debug" tool="esp32:mklittlefs@3.0.0-gnu12-dc7f933"
time="2025-08-07T19:12:04-07:00" level=info msg="Tool required for debug" tool="esp32:mkspiffs@0.2.3"
time="2025-08-07T19:12:04-07:00" level=info msg="Tool required for debug" tool="esp32:openocd-esp32@v0.12.0-esp32-20250422"
time="2025-08-07T19:12:04-07:00" level=info msg="Tool required for debug" tool="esp32:riscv32-esp-elf-gdb@16.2_20250324"
time="2025-08-07T19:12:04-07:00" level=info msg="Tool required for debug" tool="esp32:xtensa-esp-elf-gdb@16.2_20250324"
time="2025-08-07T19:12:04-07:00" level=info msg="Tool required for debug" tool="builtin:dfu-discovery@0.1.2"
time="2025-08-07T19:12:04-07:00" level=info msg="Tool required for debug" tool="builtin:serial-discovery@1.4.1"
time="2025-08-07T19:12:04-07:00" level=info msg="Tool required for debug" tool="arduino:avrdude@6.3.0-arduino17"
time="2025-08-07T19:12:04-07:00" level=info msg="Tool required for debug" tool="builtin:ctags@5.8-arduino11"
time="2025-08-07T19:12:04-07:00" level=info msg="Tool required for debug" tool="builtin:mdns-discovery@1.0.9"
2025-08-07 19:12:04 2025-08-08T02:12:04.068Z daemon INFO time="2025-08-07T19:12:04-07:00" level=info msg="Tool required for debug" tool="arduino:arduinoOTA@1.3.0"
time="2025-08-07T19:12:04-07:00" level=info msg="Tool required for debug" tool="arduino:avr-gcc@7.3.0-atmel3.6.1-arduino7"
time="2025-08-07T19:12:04-07:00" level=info msg="Tool required for debug" tool="builtin:serial-monitor@0.15.0"
2025-08-07 19:12:04 2025-08-08T02:12:04.074Z root INFO Starting language server: esp32:esp32:waveshare_esp32_s3_lcd_147:UploadSpeed=921600,USBMode=hwcdc,CDCOnBoot=default,MSCOnBoot=default,DFUOnBoot=default,UploadMode=default,CPUFreq=240,FlashMode=qio,PartitionScheme=app3M_fat9M_16MB,DebugLevel=none,PSRAM=enabled,LoopCore=1,EventsCore=1,EraseFlash=none,JTAGAdapter=default,ZigbeeMode=default
2025-08-07 19:12:04 2025-08-08T02:12:04.074Z daemon INFO time="2025-08-07T19:12:04-07:00" level=info msg="Tool required for debug" tool="arduino:dfu-util@0.11.0-arduino5"
time="2025-08-07T19:12:04-07:00" level=info msg="Tool required for debug" tool="esp32:esp-rv32@2411"
time="2025-08-07T19:12:04-07:00" level=info msg="Tool required for debug" tool="esp32:esp-x32@2411"
time="2025-08-07T19:12:04-07:00" level=info msg="Tool required for debug" tool="esp32:esp32-arduino-libs@idf-release_v5.5-b66b5448-v1"
time="2025-08-07T19:12:04-07:00" level=info msg="Tool required for debug" tool="esp32:esptool_py@5.0.0"
time="2025-08-07T19:12:04-07:00" level=info msg="Tool required for debug" tool="esp32:mklittlefs@3.0.0-gnu12-dc7f933"
time="2025-08-07T19:12:04-07:00" level=info msg="Tool required for debug" tool="esp32:mkspiffs@0.2.3"
time="2025-08-07T19:12:04-07:00" level=info msg="Tool required for debug" tool="esp32:openocd-esp32@v0.12.0-esp32-20250422"
time="2025-08-07T19:12:04-07:00" level=info msg="Tool required for debug" tool="esp32:riscv32-esp-elf-gdb@16.2_20250324"
time="2025-08-07T19:12:04-07:00" level=info msg="Tool required for debug" tool="esp32:xtensa-esp-elf-gdb@16.2_20250324"
time="2025-08-07T19:12:04-07:00" level=info msg="Tool required for debug" tool="arduino:avr-gcc@7.3.0-atmel3.6.1-arduino7"
time="2025-08-07T19:12:04-07:00" level=info msg="Tool required for debug" tool="builtin:mdns-discovery@1.0.9"
time="2025-08-07T19:12:04-07:00" level=info msg="Tool required for debug" tool="builtin:serial-discovery@1.4.1"
time="2025-08-07T19:12:04-07:00" level=info msg="Tool required for debug" tool="builtin:serial-monitor@0.15.0"
time="2025-08-07T19:12:04-07:00" level=info msg="Tool required for debug" tool="builtin:dfu-discovery@0.1.2"
time="2025-08-07T19:12:04-07:00" level=info msg="Tool required for debug" tool="builtin:ctags@5.8-arduino11"
time="2025-08-07T19:12:04-07:00" level=info msg="Tool required for debug" tool="arduino:avrdude@6.3.0-arduino17"
time="2025-08-07T19:12:04-07:00" level=info msg="Tool required for debug" tool="arduino:arduinoOTA@1.3.0"
2025-08-07 19:12:04 2025-08-08T02:12:04.079Z daemon INFO time="2025-08-07T19:12:04-07:00" level=info msg="Tool required for debug" tool="arduino:dfu-util@0.11.0-arduino5"
time="2025-08-07T19:12:04-07:00" level=info msg="Tool required for debug" tool="esp32:esp-rv32@2411"
2025-08-07 19:12:04 2025-08-08T02:12:04.079Z daemon INFO time="2025-08-07T19:12:04-07:00" level=info msg="Tool required for debug" tool="esp32:esp-x32@2411"
time="2025-08-07T19:12:04-07:00" level=info msg="Tool required for debug" tool="esp32:esp32-arduino-libs@idf-release_v5.5-b66b5448-v1"
time="2025-08-07T19:12:04-07:00" level=info msg="Tool required for debug" tool="esp32:esptool_py@5.0.0"
time="2025-08-07T19:12:04-07:00" level=info msg="Tool required for debug" tool="esp32:mklittlefs@3.0.0-gnu12-dc7f933"
time="2025-08-07T19:12:04-07:00" level=info msg="Tool required for debug" tool="esp32:mkspiffs@0.2.3"
time="2025-08-07T19:12:04-07:00" level=info msg="Tool required for debug" tool="esp32:openocd-esp32@v0.12.0-esp32-20250422"
time="2025-08-07T19:12:04-07:00" level=info msg="Tool required for debug" tool="esp32:riscv32-esp-elf-gdb@16.2_20250324"
time="2025-08-07T19:12:04-07:00" level=info msg="Tool required for debug" tool="esp32:xtensa-esp-elf-gdb@16.2_20250324"
time="2025-08-07T19:12:04-07:00" level=info msg="Tool required for debug" tool="arduino:avr-gcc@7.3.0-atmel3.6.1-arduino7"
time="2025-08-07T19:12:04-07:00" level=info msg="Tool required for debug" tool="arduino:avrdude@6.3.0-arduino17"
2025-08-07 19:12:04 2025-08-08T02:12:04.079Z daemon INFO time="2025-08-07T19:12:04-07:00" level=info msg="Tool required for debug" tool="builtin:serial-monitor@0.15.0"
time="2025-08-07T19:12:04-07:00" level=info msg="Tool required for debug" tool="builtin:serial-discovery@1.4.1"
time="2025-08-07T19:12:04-07:00" level=info msg="Tool required for debug" tool="builtin:dfu-discovery@0.1.2"
time="2025-08-07T19:12:04-07:00" level=info msg="Tool required for debug" tool="arduino:arduinoOTA@1.3.0"
2025-08-07 19:12:04 2025-08-08T02:12:04.080Z daemon INFO time="2025-08-07T19:12:04-07:00" level=info msg="Tool required for debug" tool="builtin:mdns-discovery@1.0.9"
time="2025-08-07T19:12:04-07:00" level=info msg="Tool required for debug" tool="builtin:ctags@5.8-arduino11"
2025-08-07 19:12:04 2025-08-08T02:12:04.085Z daemon INFO time="2025-08-07T19:12:04-07:00" level=info msg="Tool required for debug" tool="arduino:dfu-util@0.11.0-arduino5"
time="2025-08-07T19:12:04-07:00" level=info msg="Tool required for debug" tool="esp32:esp-rv32@2411"
time="2025-08-07T19:12:04-07:00" level=info msg="Tool required for debug" tool="esp32:esp-x32@2411"
time="2025-08-07T19:12:04-07:00" level=info msg="Tool required for debug" tool="esp32:esp32-arduino-libs@idf-release_v5.5-b66b5448-v1"
2025-08-07 19:12:04 2025-08-08T02:12:04.085Z daemon INFO time="2025-08-07T19:12:04-07:00" level=info msg="Tool required for debug" tool="esp32:esptool_py@5.0.0"
time="2025-08-07T19:12:04-07:00" level=info msg="Tool required for debug" tool="esp32:mklittlefs@3.0.0-gnu12-dc7f933"
time="2025-08-07T19:12:04-07:00" level=info msg="Tool required for debug" tool="esp32:mkspiffs@0.2.3"
time="2025-08-07T19:12:04-07:00" level=info msg="Tool required for debug" tool="esp32:openocd-esp32@v0.12.0-esp32-20250422"
time="2025-08-07T19:12:04-07:00" level=info msg="Tool required for debug" tool="esp32:riscv32-esp-elf-gdb@16.2_20250324"
time="2025-08-07T19:12:04-07:00" level=info msg="Tool required for debug" tool="esp32:xtensa-esp-elf-gdb@16.2_20250324"
2025-08-07 19:12:04 2025-08-08T02:12:04.085Z daemon INFO time="2025-08-07T19:12:04-07:00" level=info msg="Tool required for debug" tool="arduino:arduinoOTA@1.3.0"
time="2025-08-07T19:12:04-07:00" level=info msg="Tool required for debug" tool="arduino:avrdude@6.3.0-arduino17"
time="2025-08-07T19:12:04-07:00" level=info msg="Tool required for debug" tool="builtin:serial-monitor@0.15.0"
2025-08-07 19:12:04 2025-08-08T02:12:04.086Z daemon INFO time="2025-08-07T19:12:04-07:00" level=info msg="Tool required for debug" tool="builtin:ctags@5.8-arduino11"
time="2025-08-07T19:12:04-07:00" level=info msg="Tool required for debug" tool="builtin:serial-discovery@1.4.1"
2025-08-07 19:12:04 2025-08-08T02:12:04.086Z daemon INFO time="2025-08-07T19:12:04-07:00" level=info msg="Tool required for debug" tool="arduino:avr-gcc@7.3.0-atmel3.6.1-arduino7"
2025-08-07 19:12:04 2025-08-08T02:12:04.086Z daemon INFO time="2025-08-07T19:12:04-07:00" level=info msg="Tool required for debug" tool="builtin:dfu-discovery@0.1.2"
time="2025-08-07T19:12:04-07:00" level=info msg="Tool required for debug" tool="builtin:mdns-discovery@1.0.9"
2025-08-07 19:12:04 2025-08-08T02:12:04.091Z daemon INFO time="2025-08-07T19:12:04-07:00" level=info msg="Tool required for debug" tool="arduino:dfu-util@0.11.0-arduino5"
time="2025-08-07T19:12:04-07:00" level=info msg="Tool required for debug" tool="esp32:esp-rv32@2411"
time="2025-08-07T19:12:04-07:00" level=info msg="Tool required for debug" tool="esp32:esp-x32@2411"
time="2025-08-07T19:12:04-07:00" level=info msg="Tool required for debug" tool="esp32:esp32-arduino-libs@idf-release_v5.5-b66b5448-v1"
2025-08-07 19:12:04 2025-08-08T02:12:04.091Z daemon INFO time="2025-08-07T19:12:04-07:00" level=info msg="Tool required for debug" tool="esp32:esptool_py@5.0.0"
time="2025-08-07T19:12:04-07:00" level=info msg="Tool required for debug" tool="esp32:mklittlefs@3.0.0-gnu12-dc7f933"
time="2025-08-07T19:12:04-07:00" level=info msg="Tool required for debug" tool="esp32:mkspiffs@0.2.3"
time="2025-08-07T19:12:04-07:00" level=info msg="Tool required for debug" tool="esp32:openocd-esp32@v0.12.0-esp32-20250422"
time="2025-08-07T19:12:04-07:00" level=info msg="Tool required for debug" tool="esp32:riscv32-esp-elf-gdb@16.2_20250324"
time="2025-08-07T19:12:04-07:00" level=info msg="Tool required for debug" tool="esp32:xtensa-esp-elf-gdb@16.2_20250324"
time="2025-08-07T19:12:04-07:00" level=info msg="Tool required for debug" tool="arduino:avr-gcc@7.3.0-atmel3.6.1-arduino7"
2025-08-07 19:12:04 2025-08-08T02:12:04.091Z daemon INFO time="2025-08-07T19:12:04-07:00" level=info msg="Tool required for debug" tool="builtin:serial-monitor@0.15.0"
time="2025-08-07T19:12:04-07:00" level=info msg="Tool required for debug" tool="builtin:mdns-discovery@1.0.9"
2025-08-07 19:12:04 2025-08-08T02:12:04.091Z daemon INFO time="2025-08-07T19:12:04-07:00" level=info msg="Tool required for debug" tool="arduino:avrdude@6.3.0-arduino17"
time="2025-08-07T19:12:04-07:00" level=info msg="Tool required for debug" tool="builtin:serial-discovery@1.4.1"
2025-08-07 19:12:04 2025-08-08T02:12:04.091Z daemon INFO time="2025-08-07T19:12:04-07:00" level=info msg="Tool required for debug" tool="builtin:ctags@5.8-arduino11"
time="2025-08-07T19:12:04-07:00" level=info msg="Tool required for debug" tool="arduino:arduinoOTA@1.3.0"
2025-08-07 19:12:04 2025-08-08T02:12:04.091Z daemon INFO time="2025-08-07T19:12:04-07:00" level=info msg="Tool required for debug" tool="builtin:dfu-discovery@0.1.2"
2025-08-07 19:12:04 2025-08-08T02:12:04.096Z daemon INFO time="2025-08-07T19:12:04-07:00" level=info msg="Tool required for debug" tool="arduino:dfu-util@0.11.0-arduino5"
time="2025-08-07T19:12:04-07:00" level=info msg="Tool required for debug" tool="esp32:esp-rv32@2411"
time="2025-08-07T19:12:04-07:00" level=info msg="Tool required for debug" tool="esp32:esp-x32@2411"
2025-08-07 19:12:04 2025-08-08T02:12:04.096Z daemon INFO time="2025-08-07T19:12:04-07:00" level=info msg="Tool required for debug" tool="esp32:esp32-arduino-libs@idf-release_v5.5-b66b5448-v1"
time="2025-08-07T19:12:04-07:00" level=info msg="Tool required for debug" tool="esp32:esptool_py@5.0.0"
time="2025-08-07T19:12:04-07:00" level=info msg="Tool required for debug" tool="esp32:mklittlefs@3.0.0-gnu12-dc7f933"
time="2025-08-07T19:12:04-07:00" level=info msg="Tool required for debug" tool="esp32:mkspiffs@0.2.3"
time="2025-08-07T19:12:04-07:00" level=info msg="Tool required for debug" tool="esp32:openocd-esp32@v0.12.0-esp32-20250422"
time="2025-08-07T19:12:04-07:00" level=info msg="Tool required for debug" tool="esp32:riscv32-esp-elf-gdb@16.2_20250324"
2025-08-07 19:12:04 2025-08-08T02:12:04.096Z daemon INFO time="2025-08-07T19:12:04-07:00" level=info msg="Tool required for debug" tool="esp32:xtensa-esp-elf-gdb@16.2_20250324"
time="2025-08-07T19:12:04-07:00" level=info msg="Tool required for debug" tool="builtin:dfu-discovery@0.1.2"
time="2025-08-07T19:12:04-07:00" level=info msg="Tool required for debug" tool="arduino:avrdude@6.3.0-arduino17"
2025-08-07 19:12:04 2025-08-08T02:12:04.096Z daemon INFO time="2025-08-07T19:12:04-07:00" level=info msg="Tool required for debug" tool="builtin:serial-monitor@0.15.0"
time="2025-08-07T19:12:04-07:00" level=info msg="Tool required for debug" tool="builtin:serial-discovery@1.4.1"
2025-08-07 19:12:04 2025-08-08T02:12:04.096Z daemon INFO time="2025-08-07T19:12:04-07:00" level=info msg="Tool required for debug" tool="builtin:ctags@5.8-arduino11"
time="2025-08-07T19:12:04-07:00" level=info msg="Tool required for debug" tool="arduino:avr-gcc@7.3.0-atmel3.6.1-arduino7"
2025-08-07 19:12:04 2025-08-08T02:12:04.097Z daemon INFO time="2025-08-07T19:12:04-07:00" level=info msg="Tool required for debug" tool="arduino:arduinoOTA@1.3.0"
time="2025-08-07T19:12:04-07:00" level=info msg="Tool required for debug" tool="builtin:mdns-discovery@1.0.9"
2025-08-07 19:12:04 2025-08-08T02:12:04.100Z daemon INFO time="2025-08-07T19:12:04-07:00" level=info msg="Adding libraries dir" dir=/home/aaron/.arduino15/libraries isSingleLibrary=false location=ide
time="2025-08-07T19:12:04-07:00" level=info msg="Adding libraries dir" dir=/home/aaron/.arduino15/packages/esp32/hardware/esp32/3.3.0/libraries isSingleLibrary=false location=platform
2025-08-07 19:12:04 2025-08-08T02:12:04.100Z daemon INFO time="2025-08-07T19:12:04-07:00" level=info msg="Adding libraries dir" dir=/home/aaron/Arduino/libraries isSingleLibrary=false location=user
2025-08-07 19:12:04 2025-08-08T02:12:04.102Z daemon INFO time="2025-08-07T19:12:04-07:00" level=info msg="Tool required for debug" tool="arduino:dfu-util@0.11.0-arduino5"
2025-08-07 19:12:04 2025-08-08T02:12:04.102Z daemon INFO time="2025-08-07T19:12:04-07:00" level=info msg="Tool required for debug" tool="esp32:esp-rv32@2411"
time="2025-08-07T19:12:04-07:00" level=info msg="Tool required for debug" tool="esp32:esp-x32@2411"
time="2025-08-07T19:12:04-07:00" level=info msg="Tool required for debug" tool="esp32:esp32-arduino-libs@idf-release_v5.5-b66b5448-v1"
time="2025-08-07T19:12:04-07:00" level=info msg="Tool required for debug" tool="esp32:esptool_py@5.0.0"
2025-08-07 19:12:04 2025-08-08T02:12:04.102Z daemon INFO time="2025-08-07T19:12:04-07:00" level=info msg="Tool required for debug" tool="esp32:mklittlefs@3.0.0-gnu12-dc7f933"
time="2025-08-07T19:12:04-07:00" level=info msg="Tool required for debug" tool="esp32:mkspiffs@0.2.3"
time="2025-08-07T19:12:04-07:00" level=info msg="Tool required for debug" tool="esp32:openocd-esp32@v0.12.0-esp32-20250422"
2025-08-07 19:12:04 2025-08-08T02:12:04.102Z daemon INFO time="2025-08-07T19:12:04-07:00" level=info msg="Tool required for debug" tool="esp32:riscv32-esp-elf-gdb@16.2_20250324"
time="2025-08-07T19:12:04-07:00" level=info msg="Tool required for debug" tool="esp32:xtensa-esp-elf-gdb@16.2_20250324"
time="2025-08-07T19:12:04-07:00" level=info msg="Tool required for debug" tool="arduino:avrdude@6.3.0-arduino17"
2025-08-07 19:12:04 2025-08-08T02:12:04.102Z daemon INFO time="2025-08-07T19:12:04-07:00" level=info msg="Tool required for debug" tool="arduino:avr-gcc@7.3.0-atmel3.6.1-arduino7"
time="2025-08-07T19:12:04-07:00" level=info msg="Tool required for debug" tool="builtin:mdns-discovery@1.0.9"
2025-08-07 19:12:04 2025-08-08T02:12:04.102Z daemon INFO time="2025-08-07T19:12:04-07:00" level=info msg="Tool required for debug" tool="builtin:serial-discovery@1.4.1"
time="2025-08-07T19:12:04-07:00" level=info msg="Tool required for debug" tool="builtin:serial-monitor@0.15.0"
2025-08-07 19:12:04 2025-08-08T02:12:04.102Z daemon INFO time="2025-08-07T19:12:04-07:00" level=info msg="Tool required for debug" tool="arduino:arduinoOTA@1.3.0"
time="2025-08-07T19:12:04-07:00" level=info msg="Tool required for debug" tool="builtin:ctags@5.8-arduino11"
2025-08-07 19:12:04 2025-08-08T02:12:04.102Z daemon INFO time="2025-08-07T19:12:04-07:00" level=info msg="Tool required for debug" tool="builtin:dfu-discovery@0.1.2"
2025-08-07 19:12:04 2025-08-08T02:12:04.106Z daemon INFO time="2025-08-07T19:12:04-07:00" level=info msg="Tool required for debug" tool="arduino:dfu-util@0.11.0-arduino5"
time="2025-08-07T19:12:04-07:00" level=info msg="Tool required for debug" tool="esp32:esp-rv32@2411"
time="2025-08-07T19:12:04-07:00" level=info msg="Tool required for debug" tool="esp32:esp-x32@2411"
time="2025-08-07T19:12:04-07:00" level=info msg="Tool required for debug" tool="esp32:esp32-arduino-libs@idf-release_v5.5-b66b5448-v1"
2025-08-07 19:12:04 2025-08-08T02:12:04.107Z daemon INFO time="2025-08-07T19:12:04-07:00" level=info msg="Tool required for debug" tool="esp32:esptool_py@5.0.0"
time="2025-08-07T19:12:04-07:00" level=info msg="Tool required for debug" tool="esp32:mklittlefs@3.0.0-gnu12-dc7f933"
time="2025-08-07T19:12:04-07:00" level=info msg="Tool required for debug" tool="esp32:mkspiffs@0.2.3"
time="2025-08-07T19:12:04-07:00" level=info msg="Tool required for debug" tool="esp32:openocd-esp32@v0.12.0-esp32-20250422"
time="2025-08-07T19:12:04-07:00" level=info msg="Tool required for debug" tool="esp32:riscv32-esp-elf-gdb@16.2_20250324"
time="2025-08-07T19:12:04-07:00" level=info msg="Tool required for debug" tool="esp32:xtensa-esp-elf-gdb@16.2_20250324"
time="2025-08-07T19:12:04-07:00" level=info msg="Tool required for debug" tool="builtin:serial-discovery@1.4.1"
2025-08-07 19:12:04 2025-08-08T02:12:04.107Z daemon INFO time="2025-08-07T19:12:04-07:00" level=info msg="Tool required for debug" tool="builtin:serial-monitor@0.15.0"
time="2025-08-07T19:12:04-07:00" level=info msg="Tool required for debug" tool="builtin:mdns-discovery@1.0.9"
time="2025-08-07T19:12:04-07:00" level=info msg="Tool required for debug" tool="arduino:avrdude@6.3.0-arduino17"
2025-08-07 19:12:04 2025-08-08T02:12:04.107Z daemon INFO time="2025-08-07T19:12:04-07:00" level=info msg="Tool required for debug" tool="builtin:dfu-discovery@0.1.2"
time="2025-08-07T19:12:04-07:00" level=info msg="Tool required for debug" tool="arduino:arduinoOTA@1.3.0"
time="2025-08-07T19:12:04-07:00" level=info msg="Tool required for debug" tool="builtin:ctags@5.8-arduino11"
2025-08-07 19:12:04 2025-08-08T02:12:04.107Z daemon INFO time="2025-08-07T19:12:04-07:00" level=info msg="Tool required for debug" tool="arduino:avr-gcc@7.3.0-atmel3.6.1-arduino7"
2025-08-07 19:12:04 2025-08-08T02:12:04.111Z daemon INFO time="2025-08-07T19:12:04-07:00" level=info msg="Tool required for debug" tool="arduino:dfu-util@0.11.0-arduino5"
time="2025-08-07T19:12:04-07:00" level=info msg="Tool required for debug" tool="esp32:esp-rv32@2411"
time="2025-08-07T19:12:04-07:00" level=info msg="Tool required for debug" tool="esp32:esp-x32@2411"
time="2025-08-07T19:12:04-07:00" level=info msg="Tool required for debug" tool="esp32:esp32-arduino-libs@idf-release_v5.5-b66b5448-v1"
time="2025-08-07T19:12:04-07:00" level=info msg="Tool required for debug" tool="esp32:esptool_py@5.0.0"
time="2025-08-07T19:12:04-07:00" level=info msg="Tool required for debug" tool="esp32:mklittlefs@3.0.0-gnu12-dc7f933"
time="2025-08-07T19:12:04-07:00" level=info msg="Tool required for debug" tool="esp32:mkspiffs@0.2.3"
2025-08-07 19:12:04 2025-08-08T02:12:04.111Z daemon INFO time="2025-08-07T19:12:04-07:00" level=info msg="Tool required for debug" tool="esp32:openocd-esp32@v0.12.0-esp32-20250422"
time="2025-08-07T19:12:04-07:00" level=info msg="Tool required for debug" tool="esp32:riscv32-esp-elf-gdb@16.2_20250324"
time="2025-08-07T19:12:04-07:00" level=info msg="Tool required for debug" tool="esp32:xtensa-esp-elf-gdb@16.2_20250324"
time="2025-08-07T19:12:04-07:00" level=info msg="Tool required for debug" tool="builtin:ctags@5.8-arduino11"
time="2025-08-07T19:12:04-07:00" level=info msg="Tool required for debug" tool="builtin:serial-discovery@1.4.1"
time="2025-08-07T19:12:04-07:00" level=info msg="Tool required for debug" tool="builtin:mdns-discovery@1.0.9"
time="2025-08-07T19:12:04-07:00" level=info msg="Tool required for debug" tool="arduino:arduinoOTA@1.3.0"
time="2025-08-07T19:12:04-07:00" level=info msg="Tool required for debug" tool="builtin:serial-monitor@0.15.0"
2025-08-07 19:12:04 2025-08-08T02:12:04.111Z daemon INFO time="2025-08-07T19:12:04-07:00" level=info msg="Tool required for debug" tool="builtin:dfu-discovery@0.1.2"
time="2025-08-07T19:12:04-07:00" level=info msg="Tool required for debug" tool="arduino:avr-gcc@7.3.0-atmel3.6.1-arduino7"
time="2025-08-07T19:12:04-07:00" level=info msg="Tool required for debug" tool="arduino:avrdude@6.3.0-arduino17"
2025-08-07 19:12:04 2025-08-08T02:12:04.116Z daemon INFO time="2025-08-07T19:12:04-07:00" level=info msg="Tool required for debug" tool="arduino:dfu-util@0.11.0-arduino5"
time="2025-08-07T19:12:04-07:00" level=info msg="Tool required for debug" tool="esp32:esp-rv32@2411"
time="2025-08-07T19:12:04-07:00" level=info msg="Tool required for debug" tool="esp32:esp-x32@2411"
time="2025-08-07T19:12:04-07:00" level=info msg="Tool required for debug" tool="esp32:esp32-arduino-libs@idf-release_v5.5-b66b5448-v1"
2025-08-07 19:12:04 2025-08-08T02:12:04.116Z daemon INFO time="2025-08-07T19:12:04-07:00" level=info msg="Tool required for debug" tool="esp32:esptool_py@5.0.0"
time="2025-08-07T19:12:04-07:00" level=info msg="Tool required for debug" tool="esp32:mklittlefs@3.0.0-gnu12-dc7f933"
time="2025-08-07T19:12:04-07:00" level=info msg="Tool required for debug" tool="esp32:mkspiffs@0.2.3"
time="2025-08-07T19:12:04-07:00" level=info msg="Tool required for debug" tool="esp32:openocd-esp32@v0.12.0-esp32-20250422"
time="2025-08-07T19:12:04-07:00" level=info msg="Tool required for debug" tool="esp32:riscv32-esp-elf-gdb@16.2_20250324"
time="2025-08-07T19:12:04-07:00" level=info msg="Tool required for debug" tool="esp32:xtensa-esp-elf-gdb@16.2_20250324"
time="2025-08-07T19:12:04-07:00" level=info msg="Tool required for debug" tool="arduino:arduinoOTA@1.3.0"
2025-08-07 19:12:04 2025-08-08T02:12:04.116Z daemon INFO time="2025-08-07T19:12:04-07:00" level=info msg="Tool required for debug" tool="arduino:avr-gcc@7.3.0-atmel3.6.1-arduino7"
time="2025-08-07T19:12:04-07:00" level=info msg="Tool required for debug" tool="builtin:serial-discovery@1.4.1"
time="2025-08-07T19:12:04-07:00" level=info msg="Tool required for debug" tool="builtin:ctags@5.8-arduino11"
2025-08-07 19:12:04 2025-08-08T02:12:04.116Z daemon INFO time="2025-08-07T19:12:04-07:00" level=info msg="Tool required for debug" tool="builtin:mdns-discovery@1.0.9"
time="2025-08-07T19:12:04-07:00" level=info msg="Tool required for debug" tool="builtin:serial-monitor@0.15.0"
2025-08-07 19:12:04 2025-08-08T02:12:04.116Z daemon INFO time="2025-08-07T19:12:04-07:00" level=info msg="Tool required for debug" tool="builtin:dfu-discovery@0.1.2"
time="2025-08-07T19:12:04-07:00" level=info msg="Tool required for debug" tool="arduino:avrdude@6.3.0-arduino17"
2025-08-07 19:12:04 2025-08-08T02:12:04.120Z daemon INFO time="2025-08-07T19:12:04-07:00" level=info msg="Tool required for debug" tool="arduino:dfu-util@0.11.0-arduino5"
time="2025-08-07T19:12:04-07:00" level=info msg="Tool required for debug" tool="esp32:esp-rv32@2411"
time="2025-08-07T19:12:04-07:00" level=info msg="Tool required for debug" tool="esp32:esp-x32@2411"
time="2025-08-07T19:12:04-07:00" level=info msg="Tool required for debug" tool="esp32:esp32-arduino-libs@idf-release_v5.5-b66b5448-v1"
2025-08-07 19:12:04 2025-08-08T02:12:04.120Z daemon INFO time="2025-08-07T19:12:04-07:00" level=info msg="Tool required for debug" tool="esp32:esptool_py@5.0.0"
time="2025-08-07T19:12:04-07:00" level=info msg="Tool required for debug" tool="esp32:mklittlefs@3.0.0-gnu12-dc7f933"
time="2025-08-07T19:12:04-07:00" level=info msg="Tool required for debug" tool="esp32:mkspiffs@0.2.3"
time="2025-08-07T19:12:04-07:00" level=info msg="Tool required for debug" tool="esp32:openocd-esp32@v0.12.0-esp32-20250422"
time="2025-08-07T19:12:04-07:00" level=info msg="Tool required for debug" tool="esp32:riscv32-esp-elf-gdb@16.2_20250324"
time="2025-08-07T19:12:04-07:00" level=info msg="Tool required for debug" tool="esp32:xtensa-esp-elf-gdb@16.2_20250324"
time="2025-08-07T19:12:04-07:00" level=info msg="Tool required for debug" tool="arduino:arduinoOTA@1.3.0"
time="2025-08-07T19:12:04-07:00" level=info msg="Tool required for debug" tool="builtin:mdns-discovery@1.0.9"
2025-08-07 19:12:04 2025-08-08T02:12:04.120Z daemon INFO time="2025-08-07T19:12:04-07:00" level=info msg="Tool required for debug" tool="builtin:ctags@5.8-arduino11"
time="2025-08-07T19:12:04-07:00" level=info msg="Tool required for debug" tool="builtin:dfu-discovery@0.1.2"
time="2025-08-07T19:12:04-07:00" level=info msg="Tool required for debug" tool="builtin:serial-monitor@0.15.0"
2025-08-07 19:12:04 2025-08-08T02:12:04.120Z daemon INFO time="2025-08-07T19:12:04-07:00" level=info msg="Tool required for debug" tool="arduino:avr-gcc@7.3.0-atmel3.6.1-arduino7"
time="2025-08-07T19:12:04-07:00" level=info msg="Tool required for debug" tool="arduino:avrdude@6.3.0-arduino17"
time="2025-08-07T19:12:04-07:00" level=info msg="Tool required for debug" tool="builtin:serial-discovery@1.4.1"
2025-08-07 19:12:04 2025-08-08T02:12:04.126Z daemon INFO time="2025-08-07T19:12:04-07:00" level=info msg="Tool required for debug" tool="arduino:dfu-util@0.11.0-arduino5"
time="2025-08-07T19:12:04-07:00" level=info msg="Tool required for debug" tool="esp32:esp-rv32@2411"
time="2025-08-07T19:12:04-07:00" level=info msg="Tool required for debug" tool="esp32:esp-x32@2411"
time="2025-08-07T19:12:04-07:00" level=info msg="Tool required for debug" tool="esp32:esp32-arduino-libs@idf-release_v5.5-b66b5448-v1"
time="2025-08-07T19:12:04-07:00" level=info msg="Tool required for debug" tool="esp32:esptool_py@5.0.0"
time="2025-08-07T19:12:04-07:00" level=info msg="Tool required for debug" tool="esp32:mklittlefs@3.0.0-gnu12-dc7f933"
time="2025-08-07T19:12:04-07:00" level=info msg="Tool required for debug" tool="esp32:mkspiffs@0.2.3"
time="2025-08-07T19:12:04-07:00" level=info msg="Tool required for debug" tool="esp32:openocd-esp32@v0.12.0-esp32-20250422"
time="2025-08-07T19:12:04-07:00" level=info msg="Tool required for debug" tool="esp32:riscv32-esp-elf-gdb@16.2_20250324"
time="2025-08-07T19:12:04-07:00" level=info msg="Tool required for debug" tool="esp32:xtensa-esp-elf-gdb@16.2_20250324"
time="2025-08-07T19:12:04-07:00" level=info msg="Tool required for debug" tool="builtin:ctags@5.8-arduino11"
time="2025-08-07T19:12:04-07:00" level=info msg="Tool required for debug" tool="builtin:dfu-discovery@0.1.2"
time="2025-08-07T19:12:04-07:00" level=info msg="Tool required for debug" tool="arduino:avrdude@6.3.0-arduino17"
time="2025-08-07T19:12:04-07:00" level=info msg="Tool required for debug" tool="arduino:arduinoOTA@1.3.0"
time="2025-08-07T19:12:04-07:00" level=info msg="Tool required for debug" tool="builtin:serial-monitor@0.15.0"
time="2025-08-07T19:12:04-07:00" level=info msg="Tool required for debug" tool="arduino:avr-gcc@7.3.0-atmel3.6.1-arduino7"
time="2025-08-07T19:12:04-07:00" level=info msg="Tool required for debug" tool="builtin:mdns-discovery@1.0.9"
time="2025-08-07T19:12:04-07:00" level=info msg="Tool required for debug" tool="builtin:serial-discovery@1.4.1"
2025-08-07 19:12:04 2025-08-08T02:12:04.129Z daemon INFO time="2025-08-07T19:12:04-07:00" level=info msg="Tool required for debug" tool="arduino:dfu-util@0.11.0-arduino5"
time="2025-08-07T19:12:04-07:00" level=info msg="Tool required for debug" tool="esp32:esp-rv32@2411"
time="2025-08-07T19:12:04-07:00" level=info msg="Tool required for debug" tool="esp32:esp-x32@2411"
time="2025-08-07T19:12:04-07:00" level=info msg="Tool required for debug" tool="esp32:esp32-arduino-libs@idf-release_v5.5-b66b5448-v1"
time="2025-08-07T19:12:04-07:00" level=info msg="Tool required for debug" tool="esp32:esptool_py@5.0.0"
time="2025-08-07T19:12:04-07:00" level=info msg="Tool required for debug" tool="esp32:mklittlefs@3.0.0-gnu12-dc7f933"
time="2025-08-07T19:12:04-07:00" level=info msg="Tool required for debug" tool="esp32:mkspiffs@0.2.3"
time="2025-08-07T19:12:04-07:00" level=info msg="Tool required for debug" tool="esp32:openocd-esp32@v0.12.0-esp32-20250422"
time="2025-08-07T19:12:04-07:00" level=info msg="Tool required for debug" tool="esp32:riscv32-esp-elf-gdb@16.2_20250324"
time="2025-08-07T19:12:04-07:00" level=info msg="Tool required for debug" tool="esp32:xtensa-esp-elf-gdb@16.2_20250324"
time="2025-08-07T19:12:04-07:00" level=info msg="Tool required for debug" tool="arduino:arduinoOTA@1.3.0"
time="2025-08-07T19:12:04-07:00" level=info msg="Tool required for debug" tool="builtin:serial-monitor@0.15.0"
time="2025-08-07T19:12:04-07:00" level=info msg="Tool required for debug" tool="builtin:mdns-discovery@1.0.9"
time="2025-08-07T19:12:04-07:00" level=info msg="Tool required for debug" tool="builtin:serial-discovery@1.4.1"
time="2025-08-07T19:12:04-07:00" level=info msg="Tool required for debug" tool="builtin:dfu-discovery@0.1.2"
time="2025-08-07T19:12:04-07:00" level=info msg="Tool required for debug" tool="builtin:ctags@5.8-arduino11"
time="2025-08-07T19:12:04-07:00" level=info msg="Tool required for debug" tool="arduino:avr-gcc@7.3.0-atmel3.6.1-arduino7"
time="2025-08-07T19:12:04-07:00" level=info msg="Tool required for debug" tool="arduino:avrdude@6.3.0-arduino17"
2025-08-07 19:12:04 2025-08-08T02:12:04.131Z daemon INFO time="2025-08-07T19:12:04-07:00" level=info msg="Tool required for debug" tool="arduino:dfu-util@0.11.0-arduino5"
time="2025-08-07T19:12:04-07:00" level=info msg="Tool required for debug" tool="esp32:esp-rv32@2411"
time="2025-08-07T19:12:04-07:00" level=info msg="Tool required for debug" tool="esp32:esp-x32@2411"
time="2025-08-07T19:12:04-07:00" level=info msg="Tool required for debug" tool="esp32:esp32-arduino-libs@idf-release_v5.5-b66b5448-v1"
time="2025-08-07T19:12:04-07:00" level=info msg="Tool required for debug" tool="esp32:esptool_py@5.0.0"
time="2025-08-07T19:12:04-07:00" level=info msg="Tool required for debug" tool="esp32:mklittlefs@3.0.0-gnu12-dc7f933"
time="2025-08-07T19:12:04-07:00" level=info msg="Tool required for debug" tool="esp32:mkspiffs@0.2.3"
2025-08-07 19:12:04 2025-08-08T02:12:04.131Z daemon INFO time="2025-08-07T19:12:04-07:00" level=info msg="Tool required for debug" tool="esp32:openocd-esp32@v0.12.0-esp32-20250422"
time="2025-08-07T19:12:04-07:00" level=info msg="Tool required for debug" tool="esp32:riscv32-esp-elf-gdb@16.2_20250324"
time="2025-08-07T19:12:04-07:00" level=info msg="Tool required for debug" tool="esp32:xtensa-esp-elf-gdb@16.2_20250324"
time="2025-08-07T19:12:04-07:00" level=info msg="Tool required for debug" tool="builtin:mdns-discovery@1.0.9"
time="2025-08-07T19:12:04-07:00" level=info msg="Tool required for debug" tool="builtin:serial-discovery@1.4.1"
time="2025-08-07T19:12:04-07:00" level=info msg="Tool required for debug" tool="builtin:serial-monitor@0.15.0"
time="2025-08-07T19:12:04-07:00" level=info msg="Tool required for debug" tool="arduino:avr-gcc@7.3.0-atmel3.6.1-arduino7"
time="2025-08-07T19:12:04-07:00" level=info msg="Tool required for debug" tool="arduino:arduinoOTA@1.3.0"
time="2025-08-07T19:12:04-07:00" level=info msg="Tool required for debug" tool="builtin:ctags@5.8-arduino11"
time="2025-08-07T19:12:04-07:00" level=info msg="Tool required for debug" tool="builtin:dfu-discovery@0.1.2"
2025-08-07 19:12:04 2025-08-08T02:12:04.132Z daemon INFO time="2025-08-07T19:12:04-07:00" level=info msg="Tool required for debug" tool="arduino:avrdude@6.3.0-arduino17"
2025-08-07 19:12:04 2025-08-08T02:12:04.135Z daemon INFO time="2025-08-07T19:12:04-07:00" level=info msg="Tool required for debug" tool="arduino:dfu-util@0.11.0-arduino5"
time="2025-08-07T19:12:04-07:00" level=info msg="Tool required for debug" tool="esp32:esp-rv32@2411"
time="2025-08-07T19:12:04-07:00" level=info msg="Tool required for debug" tool="esp32:esp-x32@2411"
time="2025-08-07T19:12:04-07:00" level=info msg="Tool required for debug" tool="esp32:esp32-arduino-libs@idf-release_v5.5-b66b5448-v1"
time="2025-08-07T19:12:04-07:00" level=info msg="Tool required for debug" tool="esp32:esptool_py@5.0.0"
time="2025-08-07T19:12:04-07:00" level=info msg="Tool required for debug" tool="esp32:mklittlefs@3.0.0-gnu12-dc7f933"
time="2025-08-07T19:12:04-07:00" level=info msg="Tool required for debug" tool="esp32:mkspiffs@0.2.3"
time="2025-08-07T19:12:04-07:00" level=info msg="Tool required for debug" tool="esp32:openocd-esp32@v0.12.0-esp32-20250422"
time="2025-08-07T19:12:04-07:00" level=info msg="Tool required for debug" tool="esp32:riscv32-esp-elf-gdb@16.2_20250324"
2025-08-07 19:12:04 2025-08-08T02:12:04.135Z daemon INFO time="2025-08-07T19:12:04-07:00" level=info msg="Tool required for debug" tool="esp32:xtensa-esp-elf-gdb@16.2_20250324"
time="2025-08-07T19:12:04-07:00" level=info msg="Tool required for debug" tool="arduino:avr-gcc@7.3.0-atmel3.6.1-arduino7"
time="2025-08-07T19:12:04-07:00" level=info msg="Tool required for debug" tool="builtin:mdns-discovery@1.0.9"
time="2025-08-07T19:12:04-07:00" level=info msg="Tool required for debug" tool="builtin:serial-monitor@0.15.0"
time="2025-08-07T19:12:04-07:00" level=info msg="Tool required for debug" tool="arduino:arduinoOTA@1.3.0"
time="2025-08-07T19:12:04-07:00" level=info msg="Tool required for debug" tool="builtin:serial-discovery@1.4.1"
time="2025-08-07T19:12:04-07:00" level=info msg="Tool required for debug" tool="arduino:avrdude@6.3.0-arduino17"
time="2025-08-07T19:12:04-07:00" level=info msg="Tool required for debug" tool="builtin:ctags@5.8-arduino11"
time="2025-08-07T19:12:04-07:00" level=info msg="Tool required for debug" tool="builtin:dfu-discovery@0.1.2"
2025-08-07 19:12:04 2025-08-08T02:12:04.139Z daemon INFO time="2025-08-07T19:12:04-07:00" level=info msg="Tool required for debug" tool="arduino:dfu-util@0.11.0-arduino5"
time="2025-08-07T19:12:04-07:00" level=info msg="Tool required for debug" tool="esp32:esp-rv32@2411"
time="2025-08-07T19:12:04-07:00" level=info msg="Tool required for debug" tool="esp32:esp-x32@2411"
time="2025-08-07T19:12:04-07:00" level=info msg="Tool required for debug" tool="esp32:esp32-arduino-libs@idf-release_v5.5-b66b5448-v1"
time="2025-08-07T19:12:04-07:00" level=info msg="Tool required for debug" tool="esp32:esptool_py@5.0.0"
time="2025-08-07T19:12:04-07:00" level=info msg="Tool required for debug" tool="esp32:mklittlefs@3.0.0-gnu12-dc7f933"
time="2025-08-07T19:12:04-07:00" level=info msg="Tool required for debug" tool="esp32:mkspiffs@0.2.3"
time="2025-08-07T19:12:04-07:00" level=info msg="Tool required for debug" tool="esp32:openocd-esp32@v0.12.0-esp32-20250422"
2025-08-07 19:12:04 2025-08-08T02:12:04.139Z daemon INFO time="2025-08-07T19:12:04-07:00" level=info msg="Tool required for debug" tool="esp32:riscv32-esp-elf-gdb@16.2_20250324"
time="2025-08-07T19:12:04-07:00" level=info msg="Tool required for debug" tool="esp32:xtensa-esp-elf-gdb@16.2_20250324"
time="2025-08-07T19:12:04-07:00" level=info msg="Tool required for debug" tool="builtin:serial-discovery@1.4.1"
time="2025-08-07T19:12:04-07:00" level=info msg="Tool required for debug" tool="builtin:serial-monitor@0.15.0"
time="2025-08-07T19:12:04-07:00" level=info msg="Tool required for debug" tool="arduino:arduinoOTA@1.3.0"
time="2025-08-07T19:12:04-07:00" level=info msg="Tool required for debug" tool="arduino:avrdude@6.3.0-arduino17"
time="2025-08-07T19:12:04-07:00" level=info msg="Tool required for debug" tool="builtin:dfu-discovery@0.1.2"
time="2025-08-07T19:12:04-07:00" level=info msg="Tool required for debug" tool="builtin:ctags@5.8-arduino11"
time="2025-08-07T19:12:04-07:00" level=info msg="Tool required for debug" tool="arduino:avr-gcc@7.3.0-atmel3.6.1-arduino7"
time="2025-08-07T19:12:04-07:00" level=info msg="Tool required for debug" tool="builtin:mdns-discovery@1.0.9"
2025-08-07 19:12:04 2025-08-08T02:12:04.142Z daemon INFO time="2025-08-07T19:12:04-07:00" level=info msg="Tool required for debug" tool="arduino:dfu-util@0.11.0-arduino5"
time="2025-08-07T19:12:04-07:00" level=info msg="Tool required for debug" tool="esp32:esp-rv32@2411"
time="2025-08-07T19:12:04-07:00" level=info msg="Tool required for debug" tool="esp32:esp-x32@2411"
time="2025-08-07T19:12:04-07:00" level=info msg="Tool required for debug" tool="esp32:esp32-arduino-libs@idf-release_v5.5-b66b5448-v1"
time="2025-08-07T19:12:04-07:00" level=info msg="Tool required for debug" tool="esp32:esptool_py@5.0.0"
time="2025-08-07T19:12:04-07:00" level=info msg="Tool required for debug" tool="esp32:mklittlefs@3.0.0-gnu12-dc7f933"
time="2025-08-07T19:12:04-07:00" level=info msg="Tool required for debug" tool="esp32:mkspiffs@0.2.3"
time="2025-08-07T19:12:04-07:00" level=info msg="Tool required for debug" tool="esp32:openocd-esp32@v0.12.0-esp32-20250422"
time="2025-08-07T19:12:04-07:00" level=info msg="Tool required for debug" tool="esp32:riscv32-esp-elf-gdb@16.2_20250324"
time="2025-08-07T19:12:04-07:00" level=info msg="Tool required for debug" tool="esp32:xtensa-esp-elf-gdb@16.2_20250324"
2025-08-07 19:12:04 2025-08-08T02:12:04.142Z daemon INFO time="2025-08-07T19:12:04-07:00" level=info msg="Tool required for debug" tool="arduino:avr-gcc@7.3.0-atmel3.6.1-arduino7"
time="2025-08-07T19:12:04-07:00" level=info msg="Tool required for debug" tool="arduino:arduinoOTA@1.3.0"
time="2025-08-07T19:12:04-07:00" level=info msg="Tool required for debug" tool="builtin:dfu-discovery@0.1.2"
time="2025-08-07T19:12:04-07:00" level=info msg="Tool required for debug" tool="builtin:mdns-discovery@1.0.9"
time="2025-08-07T19:12:04-07:00" level=info msg="Tool required for debug" tool="builtin:serial-discovery@1.4.1"
time="2025-08-07T19:12:04-07:00" level=info msg="Tool required for debug" tool="arduino:avrdude@6.3.0-arduino17"
time="2025-08-07T19:12:04-07:00" level=info msg="Tool required for debug" tool="builtin:ctags@5.8-arduino11"
time="2025-08-07T19:12:04-07:00" level=info msg="Tool required for debug" tool="builtin:serial-monitor@0.15.0"
2025-08-07 19:12:05 2025-08-08T02:12:05.290Z daemon INFO time="2025-08-07T19:12:05-07:00" level=info msg="Resolving include BluetoothSerial.h for arch esp32"
time="2025-08-07T19:12:05-07:00" level=info msg="  found better lib" lib=BluetoothSerial prio=6B0
2025-08-07 19:12:05 2025-08-08T02:12:05.917Z daemon INFO time="2025-08-07T19:12:05-07:00" level=info msg="Resolving include Wire.h for arch esp32"
time="2025-08-07T19:12:05-07:00" level=info msg="  found better lib" lib=Wire prio=6B0
2025-08-07 19:12:07 2025-08-08T02:12:07.621Z daemon INFO time="2025-08-07T19:12:07-07:00" level=info msg="Adding libraries dir" dir=/home/aaron/.arduino15/libraries isSingleLibrary=false location=ide
time="2025-08-07T19:12:07-07:00" level=info msg="Adding libraries dir" dir=/home/aaron/.arduino15/packages/esp32/hardware/esp32/3.3.0/libraries isSingleLibrary=false location=platform
2025-08-07 19:12:07 2025-08-08T02:12:07.621Z daemon INFO time="2025-08-07T19:12:07-07:00" level=info msg="Adding libraries dir" dir=/home/aaron/Arduino/libraries isSingleLibrary=false location=user
2025-08-07 19:12:11 2025-08-08T02:12:11.974Z root INFO compiler-errors decoration range: [7,1 -> 7,1], change range: [1,1 -> 1,1], affects: false
2025-08-07 19:12:11 2025-08-08T02:12:11.974Z root INFO compiler-errors Handling selection change in editor file:///home/aaron/projects/esp32_ble/master/master.ino. New (monaco) selection: [7,1 -> 7,1]
2025-08-07 19:12:12 2025-08-08T02:12:12.996Z daemon INFO time="2025-08-07T19:12:12-07:00" level=info msg="Adding libraries dir" dir=/home/aaron/.arduino15/libraries isSingleLibrary=false location=ide
time="2025-08-07T19:12:12-07:00" level=info msg="Adding libraries dir" dir=/home/aaron/.arduino15/packages/esp32/hardware/esp32/3.3.0/libraries isSingleLibrary=false location=platform
time="2025-08-07T19:12:12-07:00" level=info msg="Adding libraries dir" dir=/home/aaron/Arduino/libraries isSingleLibrary=false location=user
2025-08-07 19:12:15 2025-08-08T02:12:15.579Z daemon INFO time="2025-08-07T19:12:15-07:00" level=info msg="Adding libraries dir" dir=/home/aaron/.arduino15/libraries isSingleLibrary=false location=ide
time="2025-08-07T19:12:15-07:00" level=info msg="Adding libraries dir" dir=/home/aaron/.arduino15/packages/esp32/hardware/esp32/3.3.0/libraries isSingleLibrary=false location=platform
2025-08-07 19:12:15 2025-08-08T02:12:15.579Z daemon INFO time="2025-08-07T19:12:15-07:00" level=info msg="Adding libraries dir" dir=/home/aaron/Arduino/libraries isSingleLibrary=false location=user
2025-08-07 19:12:43 2025-08-08T02:12:43.653Z root ERROR ---- !!!SLOW!!! DURATION: search took 631.898 ms. Args: [{"query":"e","type":"All","topic":"All"}] ----
2025-08-07 19:12:44 2025-08-08T02:12:44.080Z root ERROR ---- !!!SLOW!!! DURATION: search took 390.358 ms. Args: [{"query":"es","type":"All","topic":"All"}] ----
2025-08-07 19:12:44 2025-08-08T02:12:44.672Z root ERROR ---- !!!SLOW!!! DURATION: search took 327.479 ms. Args: [{"query":"esp","type":"All","topic":"All"}] ----
2025-08-07 19:12:47 2025-08-08T02:12:47.917Z root ERROR ---- !!!SLOW!!! DURATION: search took 269.594 ms. Args: [{"query":"esp)","type":"All","topic":"All"}] ----
2025-08-07 19:12:48 2025-08-08T02:12:48.718Z root ERROR ---- !!!SLOW!!! DURATION: search took 267.271 ms. Args: [{"query":"esp","type":"All","topic":"All"}] ----
2025-08-07 19:12:49 2025-08-08T02:12:49.766Z root ERROR ---- !!!SLOW!!! DURATION: search took 245.778 ms. Args: [{"query":"esp32","type":"All","topic":"All"}] ----
2025-08-07 19:12:51 2025-08-08T02:12:51.493Z root ERROR ---- !!!SLOW!!! DURATION: search took 264.090 ms. Args: [{"query":"esp32_n","type":"All","topic":"All"}] ----
2025-08-07 19:12:52 2025-08-08T02:12:52.341Z root ERROR ---- !!!SLOW!!! DURATION: search took 242.743 ms. Args: [{"query":"esp32_no","type":"All","topic":"All"}] ----
2025-08-07 19:12:52 2025-08-08T02:12:52.968Z root ERROR ---- !!!SLOW!!! DURATION: search took 218.649 ms. Args: [{"query":"esp32_now","type":"All","topic":"All"}] ----
2025-08-07 19:13:01 2025-08-08T02:13:01.845Z root ERROR ---- !!!SLOW!!! DURATION: search took 326.431 ms. Args: [{"query":"wa","type":"All","topic":"All"}] ----
2025-08-07 19:13:03 2025-08-08T02:13:03.358Z root ERROR ---- !!!SLOW!!! DURATION: search took 209.635 ms. Args: [{"query":"wave","type":"All","topic":"All"}] ----
2025-08-07 19:13:08 2025-08-08T02:13:08.394Z root ERROR ---- !!!SLOW!!! DURATION: search took 204.541 ms. Args: [{"query":"waves","type":"All","topic":"All"}] ----
2025-08-07 19:13:13 2025-08-08T02:13:13.767Z root ERROR ---- !!!SLOW!!! DURATION: search took 197.253 ms. Args: [{"query":"wavesha","type":"All","topic":"All"}] ----
2025-08-07 19:13:40 2025-08-08T02:13:40.168Z root INFO >>> Starting library package installation... {
  name: 'Waveshare_ST7262_LVGL',
  exampleUris: [],
  location: 0,
  installedVersion: undefined,
  author: 'iamfaraz',
  availableVersions: [ '0.1.0' ],
  includes: [ 'Waveshare_ST7262_LVGL.h' ],
  description: 'Currently supported boards:ESP32-C3-LCDkit,ESP32-S3-BOX,ESP32-S3-BOX-3,ESP32-S3-BOX-3B,ESP32-S3-BOX-3(beta),ESP32-S3-BOX-Lite,ESP32-S3-EYE,ESP32-S3-Korvo-2,ESP32-S3-LCD-EV-Board,ESP32-S3-LCD-EV-Board-2,ESP32-S3-USB-OTG,M5STACK-M5CORE2,M5STACK-M5DIAL,M5STACK-M5CORES3,ESP32-4848S040C_I_Y_3. Currently supported devices: Bus,LCD,Touch,Backlight,IO expander. Currently supported Bus: I2C,SPI,QSPI,3-wire SPI + RGB. Currently supported LCD controllers: EK9716B,GC9A01,GC9B71,GC9503,ILI9341,NV3022B,ST7262,ST7701,ST7789,ST7796,ST77916,ST77922. Currently supported Touch controllers: CST816S,FT5x06,GT1151,GT911,ST7123,TT21100,XPT2046.',
  moreInfoLink: 'https://github.com/iamfaraz/Waveshare_ST7262_LVGL',
  summary: 'Waveshare_ST7262_LVGL is an Arduino library designed for Waveshare ESP32-S3 SOC with 7 inch ST7262 LCD and GT911 touchscreen to facilitate rapid GUI development using LVGL.',
  category: 'Other',
  types: [ 'Contributed' ],
  index: 10
}
2025-08-07 19:13:40 2025-08-08T02:13:40.173Z discovery-log INFO stop
2025-08-07 19:13:40 2025-08-08T02:13:40.173Z discovery-log INFO >>> Stopping boards watcher...
2025-08-07 19:13:40 2025-08-08T02:13:40.173Z discovery-log INFO Canceling boards watcher...
2025-08-07 19:13:40 2025-08-08T02:13:40.173Z discovery-log INFO disposing requesting cancel
2025-08-07 19:13:40 2025-08-08T02:13:40.173Z discovery-log INFO disposing canceled
2025-08-07 19:13:40 2025-08-08T02:13:40.178Z discovery-log INFO error received
2025-08-07 19:13:40 2025-08-08T02:13:40.178Z discovery-log INFO cancel error received!
2025-08-07 19:13:40 2025-08-08T02:13:40.178Z discovery-log INFO stop received event: either end or cancel
2025-08-07 19:13:40 2025-08-08T02:13:40.178Z discovery-log INFO stop stopped
2025-08-07 19:13:40 2025-08-08T02:13:40.178Z discovery-log INFO received end
2025-08-07 19:13:40 2025-08-08T02:13:40.431Z daemon INFO time="2025-08-07T19:13:40-07:00" level=info msg="Starting download" url="https://downloads.arduino.cc/libraries/github.com/esp-arduino-libs/ESP32_Display_Panel-0.1.6.zip?query=depends"
2025-08-07 19:13:40 2025-08-08T02:13:40.940Z daemon INFO time="2025-08-07T19:13:40-07:00" level=info msg="Installing library" library=ESP32_Display_Panel@0.1.6
2025-08-07 19:13:41 2025-08-08T02:13:41.027Z daemon INFO time="2025-08-07T19:13:41-07:00" level=info msg="Starting download" url="https://downloads.arduino.cc/libraries/github.com/esp-arduino-libs/ESP32_IO_Expander-0.0.4.zip?query=depends"
2025-08-07 19:13:41 2025-08-08T02:13:41.438Z daemon INFO time="2025-08-07T19:13:41-07:00" level=info msg="Installing library" library=ESP32_IO_Expander@0.0.4
2025-08-07 19:13:41 2025-08-08T02:13:41.446Z daemon INFO time="2025-08-07T19:13:41-07:00" level=info msg="Starting download" url="https://downloads.arduino.cc/libraries/github.com/iamfaraz/Waveshare_ST7262_LVGL-0.1.0.zip?query=install"
2025-08-07 19:13:41 2025-08-08T02:13:41.762Z daemon INFO time="2025-08-07T19:13:41-07:00" level=info msg="Installing library" library=Waveshare_ST7262_LVGL@0.1.0
2025-08-07 19:13:41 2025-08-08T02:13:41.768Z daemon INFO time="2025-08-07T19:13:41-07:00" level=info msg="Starting download" url="https://downloads.arduino.cc/libraries/github.com/lvgl/lvgl-8.3.11.zip?query=depends"
2025-08-07 19:13:42 2025-08-08T02:13:42.752Z daemon INFO time="2025-08-07T19:13:42-07:00" level=info msg="Installing library" library=lvgl@8.3.11
2025-08-07 19:13:43 2025-08-08T02:13:43.564Z daemon INFO time="2025-08-07T19:13:43-07:00" level=info msg="Checking signature" index=/home/aaron/.arduino15/package_index.json signatureFile=/home/aaron/.arduino15/package_index.json.sig trusted=true
2025-08-07 19:13:43 2025-08-08T02:13:43.576Z daemon INFO time="2025-08-07T19:13:43-07:00" level=info msg="Missing signature file" index=/home/aaron/.arduino15/package_esp32_index.json
2025-08-07 19:13:43 2025-08-08T02:13:43.576Z daemon INFO time="2025-08-07T19:13:43-07:00" level=info msg="Loading hardware from: /home/aaron/.arduino15/packages"
2025-08-07 19:13:43 2025-08-08T02:13:43.577Z daemon INFO time="2025-08-07T19:13:43-07:00" level=info msg="Loading package arduino from: /home/aaron/.arduino15/packages/arduino/hardware"
2025-08-07 19:13:43 2025-08-08T02:13:43.579Z daemon INFO time="2025-08-07T19:13:43-07:00" level=info msg="Missing signature file" index=/home/aaron/.arduino15/packages/arduino/hardware/avr/1.8.6/installed.json
2025-08-07 19:13:43 2025-08-08T02:13:43.584Z daemon INFO time="2025-08-07T19:13:43-07:00" level=info msg="Adding monitor tool" protocol=serial tool="builtin:serial-monitor"
2025-08-07 19:13:43 2025-08-08T02:13:43.584Z daemon INFO time="2025-08-07T19:13:43-07:00" level=info msg="Loaded platform" platform="arduino:avr@1.8.6"
time="2025-08-07T19:13:43-07:00" level=info msg="Checking existence of 'tools' path: /home/aaron/.arduino15/packages/arduino/tools"
time="2025-08-07T19:13:43-07:00" level=info msg="Loading tools from dir: /home/aaron/.arduino15/packages/arduino/tools"
2025-08-07 19:13:43 2025-08-08T02:13:43.584Z daemon INFO time="2025-08-07T19:13:43-07:00" level=info msg="Loaded tool" tool="arduino:arduinoOTA@1.3.0"
2025-08-07 19:13:43 2025-08-08T02:13:43.584Z daemon INFO time="2025-08-07T19:13:43-07:00" level=info msg="Loaded tool" tool="arduino:avr-gcc@7.3.0-atmel3.6.1-arduino7"
2025-08-07 19:13:43 2025-08-08T02:13:43.584Z daemon INFO time="2025-08-07T19:13:43-07:00" level=info msg="Loaded tool" tool="arduino:avrdude@6.3.0-arduino17"
2025-08-07 19:13:43 2025-08-08T02:13:43.584Z daemon INFO time="2025-08-07T19:13:43-07:00" level=info msg="Loaded tool" tool="arduino:dfu-util@0.11.0-arduino5"
2025-08-07 19:13:43 2025-08-08T02:13:43.584Z daemon INFO time="2025-08-07T19:13:43-07:00" level=info msg="Loading package builtin from: /home/aaron/.arduino15/packages/builtin"
2025-08-07 19:13:43 2025-08-08T02:13:43.585Z daemon INFO time="2025-08-07T19:13:43-07:00" level=info msg="Checking existence of 'tools' path: /home/aaron/.arduino15/packages/builtin/tools"
2025-08-07 19:13:43 2025-08-08T02:13:43.585Z daemon INFO time="2025-08-07T19:13:43-07:00" level=info msg="Loading tools from dir: /home/aaron/.arduino15/packages/builtin/tools"
2025-08-07 19:13:43 2025-08-08T02:13:43.585Z daemon INFO time="2025-08-07T19:13:43-07:00" level=info msg="Loaded tool" tool="builtin:ctags@5.8-arduino11"
2025-08-07 19:13:43 2025-08-08T02:13:43.585Z daemon INFO time="2025-08-07T19:13:43-07:00" level=info msg="Loaded tool" tool="builtin:dfu-discovery@0.1.2"
2025-08-07 19:13:43 2025-08-08T02:13:43.585Z daemon INFO time="2025-08-07T19:13:43-07:00" level=info msg="Loaded tool" tool="builtin:mdns-discovery@1.0.9"
2025-08-07 19:13:43 2025-08-08T02:13:43.585Z daemon INFO time="2025-08-07T19:13:43-07:00" level=info msg="Loaded tool" tool="builtin:serial-discovery@1.4.1"
2025-08-07 19:13:43 2025-08-08T02:13:43.585Z daemon INFO time="2025-08-07T19:13:43-07:00" level=info msg="Loaded tool" tool="builtin:serial-monitor@0.15.0"
2025-08-07 19:13:43 2025-08-08T02:13:43.585Z daemon INFO time="2025-08-07T19:13:43-07:00" level=info msg="Loading package esp32 from: /home/aaron/.arduino15/packages/esp32/hardware"
2025-08-07 19:13:43 2025-08-08T02:13:43.588Z daemon INFO time="2025-08-07T19:13:43-07:00" level=info msg="Missing signature file" index=/home/aaron/.arduino15/packages/esp32/hardware/esp32/3.3.0/installed.json
2025-08-07 19:13:43 2025-08-08T02:13:43.790Z daemon INFO time="2025-08-07T19:13:43-07:00" level=info msg="Adding monitor tool" protocol=serial tool="builtin:serial-monitor"
time="2025-08-07T19:13:43-07:00" level=info msg="Loaded platform" platform="esp32:esp32@3.3.0"
time="2025-08-07T19:13:43-07:00" level=info msg="Checking existence of 'tools' path: /home/aaron/.arduino15/packages/esp32/tools"
time="2025-08-07T19:13:43-07:00" level=info msg="Loading tools from dir: /home/aaron/.arduino15/packages/esp32/tools"
2025-08-07 19:13:43 2025-08-08T02:13:43.790Z daemon INFO time="2025-08-07T19:13:43-07:00" level=info msg="Loaded tool" tool="esp32:esp-rv32@2411"
time="2025-08-07T19:13:43-07:00" level=info msg="Loaded tool" tool="esp32:esp-x32@2411"
time="2025-08-07T19:13:43-07:00" level=info msg="Loaded tool" tool="esp32:esp32-arduino-libs@idf-release_v5.5-b66b5448-v1"
time="2025-08-07T19:13:43-07:00" level=info msg="Loaded tool" tool="esp32:esptool_py@5.0.0"
time="2025-08-07T19:13:43-07:00" level=info msg="Loaded tool" tool="esp32:mklittlefs@3.0.0-gnu12-dc7f933"
time="2025-08-07T19:13:43-07:00" level=info msg="Loaded tool" tool="esp32:mkspiffs@0.2.3"
time="2025-08-07T19:13:43-07:00" level=info msg="Loaded tool" tool="esp32:openocd-esp32@v0.12.0-esp32-20250422"
2025-08-07 19:13:43 2025-08-08T02:13:43.790Z daemon INFO time="2025-08-07T19:13:43-07:00" level=info msg="Loaded tool" tool="esp32:riscv32-esp-elf-gdb@16.2_20250324"
time="2025-08-07T19:13:43-07:00" level=info msg="Loaded tool" tool="esp32:xtensa-esp-elf-gdb@16.2_20250324"
2025-08-07 19:13:43 2025-08-08T02:13:43.795Z daemon INFO time="2025-08-07T19:13:43-07:00" level=info msg="Discovery event channel closed builtin:serial-discovery. Exiting goroutine."
2025-08-07 19:13:43 2025-08-08T02:13:43.795Z daemon INFO time="2025-08-07T19:13:43-07:00" level=info msg="Closed and removed discovery builtin:serial-discovery"
time="2025-08-07T19:13:43-07:00" level=error msg="Stopped decode loop: EOF" discovery="builtin:serial-discovery"
2025-08-07 19:13:43 2025-08-08T02:13:43.795Z daemon INFO time="2025-08-07T19:13:43-07:00" level=info msg="Discovery event channel closed builtin:mdns-discovery. Exiting goroutine."
2025-08-07 19:13:43 2025-08-08T02:13:43.797Z daemon INFO time="2025-08-07T19:13:43-07:00" level=info msg="Closed and removed discovery builtin:mdns-discovery"
2025-08-07 19:13:43 2025-08-08T02:13:43.797Z daemon INFO time="2025-08-07T19:13:43-07:00" level=error msg="Stopped decode loop: EOF" discovery="builtin:mdns-discovery"
2025-08-07 19:13:43 2025-08-08T02:13:43.807Z daemon INFO time="2025-08-07T19:13:43-07:00" level=info msg="Adding libraries dir" dir=/home/aaron/.arduino15/packages/arduino/hardware/avr/1.8.6/libraries isSingleLibrary=false location=platform
2025-08-07 19:13:43 2025-08-08T02:13:43.807Z daemon INFO time="2025-08-07T19:13:43-07:00" level=info msg="Adding libraries dir" dir=/home/aaron/.arduino15/packages/esp32/hardware/esp32/3.3.0/libraries isSingleLibrary=false location=platform
time="2025-08-07T19:13:43-07:00" level=info msg="Loading libraries index file" index=/home/aaron/.arduino15/library_index.json
2025-08-07 19:13:44 2025-08-08T02:13:44.213Z daemon INFO time="2025-08-07T19:13:44-07:00" level=info msg="Adding libraries dir" dir=/home/aaron/.arduino15/libraries isSingleLibrary=false location=ide
time="2025-08-07T19:13:44-07:00" level=info msg="Adding libraries dir" dir=/home/aaron/Arduino/libraries isSingleLibrary=false location=user
2025-08-07 19:13:44 2025-08-08T02:13:44.260Z discovery-log INFO start
2025-08-07 19:13:44 2025-08-08T02:13:44.260Z discovery-log INFO start new deferred
2025-08-07 19:13:44 2025-08-08T02:13:44.260Z discovery-log INFO start resolved watching
2025-08-07 19:13:44 2025-08-08T02:13:44.267Z discovery-log INFO {"eventType":"add","port":{"matchingBoardsList":[{"name":"ESP32 Family Device","fqbn":"esp32:esp32:esp32_family","isHidden":true}],"port":{"address":"/dev/ttyACM1","label":"/dev/ttyACM1","protocol":"serial","protocolLabel":"Serial Port (USB)","propertiesMap":[["pid","0x1001"],["serialNumber","30:ED:A0:AD:83:34"],["vid","0x303a"]],"hardwareId":"30:ED:A0:AD:83:34"}},"error":""}
2025-08-07 19:13:44 2025-08-08T02:13:44.267Z discovery-log INFO {"eventType":"add","port":{"matchingBoardsList":[],"port":{"address":"/dev/ttyS0","label":"/dev/ttyS0","protocol":"serial","protocolLabel":"Serial Port","propertiesMap":[],"hardwareId":""}},"error":""}
2025-08-07 19:13:44 2025-08-08T02:13:44.791Z root ERROR ---- !!!SLOW!!! DURATION: search took 529.921 ms. Args: [{}] ----
2025-08-07 19:13:44 2025-08-08T02:13:44.792Z root INFO <<< Library package installation done. {
  name: 'Waveshare_ST7262_LVGL',
  exampleUris: [],
  location: 0,
  installedVersion: undefined,
  author: 'iamfaraz',
  availableVersions: [ '0.1.0' ],
  includes: [ 'Waveshare_ST7262_LVGL.h' ],
  description: 'Currently supported boards:ESP32-C3-LCDkit,ESP32-S3-BOX,ESP32-S3-BOX-3,ESP32-S3-BOX-3B,ESP32-S3-BOX-3(beta),ESP32-S3-BOX-Lite,ESP32-S3-EYE,ESP32-S3-Korvo-2,ESP32-S3-LCD-EV-Board,ESP32-S3-LCD-EV-Board-2,ESP32-S3-USB-OTG,M5STACK-M5CORE2,M5STACK-M5DIAL,M5STACK-M5CORES3,ESP32-4848S040C_I_Y_3. Currently supported devices: Bus,LCD,Touch,Backlight,IO expander. Currently supported Bus: I2C,SPI,QSPI,3-wire SPI + RGB. Currently supported LCD controllers: EK9716B,GC9A01,GC9B71,GC9503,ILI9341,NV3022B,ST7262,ST7701,ST7789,ST7796,ST77916,ST77922. Currently supported Touch controllers: CST816S,FT5x06,GT1151,GT911,ST7123,TT21100,XPT2046.',
  moreInfoLink: 'https://github.com/iamfaraz/Waveshare_ST7262_LVGL',
  summary: 'Waveshare_ST7262_LVGL is an Arduino library designed for Waveshare ESP32-S3 SOC with 7 inch ST7262 LCD and GT911 touchscreen to facilitate rapid GUI development using LVGL.',
  category: 'Other',
  types: [ 'Contributed' ],
  index: 10
}
2025-08-07 19:13:45 2025-08-08T02:13:45.054Z root INFO Starting language server: esp32:esp32:waveshare_esp32_s3_lcd_147:UploadSpeed=921600,USBMode=hwcdc,CDCOnBoot=default,MSCOnBoot=default,DFUOnBoot=default,UploadMode=default,CPUFreq=240,FlashMode=qio,PartitionScheme=app3M_fat9M_16MB,DebugLevel=none,PSRAM=enabled,LoopCore=1,EventsCore=1,EraseFlash=none,JTAGAdapter=default,ZigbeeMode=default
2025-08-07 19:13:45 2025-08-08T02:13:45.091Z daemon INFO time="2025-08-07T19:13:45-07:00" level=info msg="Adding libraries dir" dir=/home/aaron/.arduino15/libraries isSingleLibrary=false location=ide
time="2025-08-07T19:13:45-07:00" level=info msg="Adding libraries dir" dir=/home/aaron/.arduino15/packages/esp32/hardware/esp32/3.3.0/libraries isSingleLibrary=false location=platform
time="2025-08-07T19:13:45-07:00" level=info msg="Adding libraries dir" dir=/home/aaron/Arduino/libraries isSingleLibrary=false location=user
2025-08-07 19:13:45 2025-08-08T02:13:45.111Z root ERROR ---- !!!SLOW!!! DURATION: search took 212.143 ms. Args: [{"query":"wavesha","type":"All","topic":"All"}] ----
2025-08-07 19:13:45 2025-08-08T02:13:45.589Z root ERROR ---- !!!SLOW!!! DURATION: search took 196.648 ms. Args: [{"query":"wavesha","type":"All","topic":"All"}] ----
2025-08-07 19:13:46 2025-08-08T02:13:46.297Z daemon INFO time="2025-08-07T19:13:46-07:00" level=info msg="Resolving include ESP32_NOW.h for arch esp32"
time="2025-08-07T19:13:46-07:00" level=info msg="  found better lib" lib=ESP_NOW prio=3F4
2025-08-07 19:13:46 2025-08-08T02:13:46.937Z daemon INFO time="2025-08-07T19:13:46-07:00" level=info msg="Resolving include BluetoothSerial.h for arch esp32"
time="2025-08-07T19:13:46-07:00" level=info msg="  found better lib" lib=BluetoothSerial prio=6B0
2025-08-07 19:13:47 2025-08-08T02:13:47.670Z daemon INFO time="2025-08-07T19:13:47-07:00" level=info msg="Resolving include Wire.h for arch esp32"
time="2025-08-07T19:13:47-07:00" level=info msg="  found better lib" lib=Wire prio=6B0
2025-08-07 19:13:49 2025-08-08T02:13:49.336Z daemon INFO time="2025-08-07T19:13:49-07:00" level=info msg="Adding libraries dir" dir=/home/aaron/.arduino15/libraries isSingleLibrary=false location=ide
time="2025-08-07T19:13:49-07:00" level=info msg="Adding libraries dir" dir=/home/aaron/.arduino15/packages/esp32/hardware/esp32/3.3.0/libraries isSingleLibrary=false location=platform
time="2025-08-07T19:13:49-07:00" level=info msg="Adding libraries dir" dir=/home/aaron/Arduino/libraries isSingleLibrary=false location=user
2025-08-07 19:14:39 2025-08-08T02:14:39.744Z root INFO compiler-errors Handling selection change in editor file:///home/aaron/projects/esp32_ble/master/master.ino. New (monaco) selection: [17,1 -> 17,1]
2025-08-07 19:14:39 2025-08-08T02:14:39.744Z root INFO compiler-errors New (monaco) selection [17,1 -> 17,1] does not intersect any error locations. Skipping.
2025-08-07 19:14:40 2025-08-08T02:14:40.206Z root INFO compiler-errors Handling selection change in editor file:///home/aaron/projects/esp32_ble/master/master.ino. New (monaco) selection: [1,1 -> 253,2]
2025-08-07 19:14:41 2025-08-08T02:14:41.326Z root INFO compiler-errors decoration range: [6,44 -> 6,44], change range: [1,1 -> 253,2], affects: true
2025-08-07 19:14:41 2025-08-08T02:14:41.327Z root INFO compiler-errors Handling selection change in editor file:///home/aaron/projects/esp32_ble/master/master.ino. New (monaco) selection: [46,2 -> 46,2]
2025-08-07 19:14:41 2025-08-08T02:14:41.327Z root INFO compiler-errors New (monaco) selection [46,2 -> 46,2] does not intersect any error locations. Skipping.
2025-08-07 19:14:43 2025-08-08T02:14:43.348Z daemon INFO time="2025-08-07T19:14:43-07:00" level=info msg="Adding libraries dir" dir=/home/aaron/.arduino15/libraries isSingleLibrary=false location=ide
2025-08-07 19:14:43 2025-08-08T02:14:43.348Z daemon INFO time="2025-08-07T19:14:43-07:00" level=info msg="Adding libraries dir" dir=/home/aaron/.arduino15/packages/esp32/hardware/esp32/3.3.0/libraries isSingleLibrary=false location=platform
time="2025-08-07T19:14:43-07:00" level=info msg="Adding libraries dir" dir=/home/aaron/Arduino/libraries isSingleLibrary=false location=user
2025-08-07 19:14:43 2025-08-08T02:14:43.424Z daemon INFO time="2025-08-07T19:14:43-07:00" level=info msg="Adding libraries dir" dir=/home/aaron/.arduino15/libraries isSingleLibrary=false location=ide
time="2025-08-07T19:14:43-07:00" level=info msg="Adding libraries dir" dir=/home/aaron/.arduino15/packages/esp32/hardware/esp32/3.3.0/libraries isSingleLibrary=false location=platform
time="2025-08-07T19:14:43-07:00" level=info msg="Adding libraries dir" dir=/home/aaron/Arduino/libraries isSingleLibrary=false location=user
2025-08-07 19:14:44 2025-08-08T02:14:44.622Z daemon INFO time="2025-08-07T19:14:44-07:00" level=info msg="Resolving include Waveshare_ST7262_LVGL.h for arch esp32"
time="2025-08-07T19:14:44-07:00" level=info msg="  found better lib" lib=Waveshare_ST7262_LVGL prio=6B1
2025-08-07 19:14:45 2025-08-08T02:14:45.246Z daemon INFO time="2025-08-07T19:14:45-07:00" level=info msg="Resolving include ESP_Panel_Library.h for arch esp32"
time="2025-08-07T19:14:45-07:00" level=info msg="  found better lib" lib=ESP32_Display_Panel prio=3F5
2025-08-07 19:14:45 2025-08-08T02:14:45.879Z daemon INFO time="2025-08-07T19:14:45-07:00" level=info msg="Resolving include ESP_IOExpander.h for arch esp32"
time="2025-08-07T19:14:45-07:00" level=info msg="  found better lib" lib=ESP32_IO_Expander prio=3F5
2025-08-07 19:14:46 2025-08-08T02:14:46.857Z daemon INFO time="2025-08-07T19:14:46-07:00" level=info msg="Resolving include lvgl.h for arch esp32"
time="2025-08-07T19:14:46-07:00" level=info msg="  found better lib" lib=lvgl prio=6A7
2025-08-07 19:14:47 2025-08-08T02:14:47.892Z root WARN URI <file:///home/aaron/Arduino/libraries/lvgl/src/../src/misc/../lv_conf_internal.h> is not contained in sketch: <{"name":"master","uri":"file:///home/aaron/projects/esp32_ble/master","mainFileUri":"file:///home/aaron/projects/esp32_ble/master/master.ino","otherSketchFileUris":[],"additionalFileUris":[],"rootFolderFileUris":[],"mtimeMs":1754606018563.8647}>
2025-08-07 19:14:52 2025-08-08T02:14:52.677Z discovery-log INFO {"eventType":"remove","port":{"matchingBoardsList":[],"port":{"address":"/dev/ttyACM1","label":"","protocol":"serial","protocolLabel":"","propertiesMap":[],"hardwareId":""}},"error":""}
2025-08-07 19:14:53 2025-08-08T02:14:53.658Z discovery-log INFO {"eventType":"add","port":{"matchingBoardsList":[{"name":"ESP32 Family Device","fqbn":"esp32:esp32:esp32_family","isHidden":true}],"port":{"address":"/dev/ttyACM1","label":"/dev/ttyACM1","protocol":"serial","protocolLabel":"Serial Port (USB)","propertiesMap":[["pid","0x1001"],["serialNumber","30:ED:A0:AD:83:34"],["vid","0x303a"]],"hardwareId":"30:ED:A0:AD:83:34"}},"error":""}
2025-08-07 19:14:56 2025-08-08T02:14:56.836Z discovery-log INFO {"eventType":"remove","port":{"matchingBoardsList":[],"port":{"address":"/dev/ttyACM1","label":"","protocol":"serial","protocolLabel":"","propertiesMap":[],"hardwareId":""}},"error":""}
2025-08-07 19:14:57 2025-08-08T02:14:57.386Z discovery-log INFO {"eventType":"add","port":{"matchingBoardsList":[{"name":"ESP32 Family Device","fqbn":"esp32:esp32:esp32_family","isHidden":true}],"port":{"address":"/dev/ttyACM1","label":"/dev/ttyACM1","protocol":"serial","protocolLabel":"Serial Port (USB)","propertiesMap":[["pid","0x1001"],["serialNumber","30:ED:A0:AD:83:34"],["vid","0x303a"]],"hardwareId":"30:ED:A0:AD:83:34"}},"error":""}
2025-08-07 19:15:01 2025-08-08T02:15:01.657Z daemon INFO time="2025-08-07T19:15:01-07:00" level=info msg="Adding libraries dir" dir=/home/aaron/.arduino15/libraries isSingleLibrary=false location=ide
time="2025-08-07T19:15:01-07:00" level=info msg="Adding libraries dir" dir=/home/aaron/.arduino15/packages/esp32/hardware/esp32/3.3.0/libraries isSingleLibrary=false location=platform
2025-08-07 19:15:01 2025-08-08T02:15:01.658Z daemon INFO time="2025-08-07T19:15:01-07:00" level=info msg="Adding libraries dir" dir=/home/aaron/Arduino/libraries isSingleLibrary=false location=user
2025-08-07 19:15:02 2025-08-08T02:15:02.958Z daemon INFO time="2025-08-07T19:15:02-07:00" level=info msg="Resolving include Waveshare_ST7262_LVGL.h for arch esp32"
time="2025-08-07T19:15:02-07:00" level=info msg="  found better lib" lib=Waveshare_ST7262_LVGL prio=6B1
2025-08-07 19:15:03 2025-08-08T02:15:03.600Z daemon INFO time="2025-08-07T19:15:03-07:00" level=info msg="Resolving include ESP_Panel_Library.h for arch esp32"
2025-08-07 19:15:03 2025-08-08T02:15:03.600Z daemon INFO time="2025-08-07T19:15:03-07:00" level=info msg="  found better lib" lib=ESP32_Display_Panel prio=3F5
2025-08-07 19:15:04 2025-08-08T02:15:04.244Z daemon INFO time="2025-08-07T19:15:04-07:00" level=info msg="Resolving include ESP_IOExpander.h for arch esp32"
time="2025-08-07T19:15:04-07:00" level=info msg="  found better lib" lib=ESP32_IO_Expander prio=3F5
2025-08-07 19:15:05 2025-08-08T02:15:05.208Z daemon INFO time="2025-08-07T19:15:05-07:00" level=info msg="Resolving include lvgl.h for arch esp32"
time="2025-08-07T19:15:05-07:00" level=info msg="  found better lib" lib=lvgl prio=6A7
2025-08-07 19:15:06 2025-08-08T02:15:06.262Z root WARN URI <file:///home/aaron/Arduino/libraries/lvgl/src/../src/misc/../lv_conf_internal.h> is not contained in sketch: <{"name":"master","uri":"file:///home/aaron/projects/esp32_ble/master","mainFileUri":"file:///home/aaron/projects/esp32_ble/master/master.ino","otherSketchFileUris":[],"additionalFileUris":[],"rootFolderFileUris":[],"mtimeMs":1754606018563.8647}>
2025-08-07 19:15:07 2025-08-08T02:15:07.161Z discovery-log INFO {"eventType":"remove","port":{"matchingBoardsList":[],"port":{"address":"/dev/ttyACM1","label":"","protocol":"serial","protocolLabel":"","propertiesMap":[],"hardwareId":""}},"error":""}
