2025-09-02 05:55:28 2025-09-02T12:55:28.663Z discovery-log INFO {"eventType":"remove","port":{"matchingBoardsList":[],"port":{"address":"/dev/ttyACM0","label":"","protocol":"serial","protocolLabel":"","propertiesMap":[],"hardwareId":""}},"error":""}
2025-09-02 05:55:29 2025-09-02T12:55:29.165Z discovery-log INFO {"eventType":"add","port":{"matchingBoardsList":[{"name":"ESP32 Family Device","fqbn":"esp32:esp32:esp32_family","isHidden":true}],"port":{"address":"/dev/ttyACM0","label":"/dev/ttyACM0","protocol":"serial","protocolLabel":"Serial Port (USB)","propertiesMap":[["pid","0x1001"],["serialNumber","30:ED:A0:AD:83:34"],["vid","0x303a"]],"hardwareId":"30:ED:A0:AD:83:34"}},"error":""}
2025-09-02 05:55:36 2025-09-02T12:55:36.399Z discovery-log INFO {"eventType":"remove","port":{"matchingBoardsList":[],"port":{"address":"/dev/ttyACM0","label":"","protocol":"serial","protocolLabel":"","propertiesMap":[],"hardwareId":""}},"error":""}
2025-09-02 06:36:26 2025-09-02T13:36:26.598Z discovery-log INFO {"eventType":"add","port":{"matchingBoardsList":[{"name":"ESP32 Family Device","fqbn":"esp32:esp32:esp32_family","isHidden":true}],"port":{"address":"/dev/ttyACM0","label":"/dev/ttyACM0","protocol":"serial","protocolLabel":"Serial Port (USB)","propertiesMap":[["pid","0x1001"],["serialNumber","30:ED:A0:AD:83:34"],["vid","0x303a"]],"hardwareId":"30:ED:A0:AD:83:34"}},"error":""}
2025-09-02 06:36:36 2025-09-02T13:36:36.937Z discovery-log INFO {"eventType":"remove","port":{"matchingBoardsList":[],"port":{"address":"/dev/ttyACM0","label":"","protocol":"serial","protocolLabel":"","propertiesMap":[],"hardwareId":""}},"error":""}
2025-09-02 06:39:19 2025-09-02T13:39:19.732Z daemon INFO time="2025-09-02T06:39:19-07:00" level=info msg="Adding libraries dir" dir=/home/aaron/.arduino15/libraries isSingleLibrary=false location=ide
time="2025-09-02T06:39:19-07:00" level=info msg="Adding libraries dir" dir=/home/aaron/.arduino15/packages/esp32/hardware/esp32/3.3.0/libraries isSingleLibrary=false location=platform
time="2025-09-02T06:39:19-07:00" level=info msg="Adding libraries dir" dir=/home/aaron/Arduino/libraries isSingleLibrary=false location=user
2025-09-02 06:39:33 2025-09-02T13:39:33.957Z daemon INFO time="2025-09-02T06:39:33-07:00" level=info msg="Adding libraries dir" dir=/home/aaron/.arduino15/libraries isSingleLibrary=false location=ide
2025-09-02 06:39:33 2025-09-02T13:39:33.957Z daemon INFO time="2025-09-02T06:39:33-07:00" level=info msg="Adding libraries dir" dir=/home/aaron/.arduino15/packages/esp32/hardware/esp32/3.3.0/libraries isSingleLibrary=false location=platform
time="2025-09-02T06:39:33-07:00" level=info msg="Adding libraries dir" dir=/home/aaron/Arduino/libraries isSingleLibrary=false location=user
2025-09-02 06:41:34 2025-09-02T13:41:34.075Z discovery-log INFO {"eventType":"add","port":{"matchingBoardsList":[{"name":"ESP32 Family Device","fqbn":"esp32:esp32:esp32_family","isHidden":true}],"port":{"address":"/dev/ttyACM0","label":"/dev/ttyACM0","protocol":"serial","protocolLabel":"Serial Port (USB)","propertiesMap":[["pid","0x1001"],["serialNumber","30:ED:A0:AD:83:34"],["vid","0x303a"]],"hardwareId":"30:ED:A0:AD:83:34"}},"error":""}
2025-09-02 06:41:38 2025-09-02T13:41:38.581Z discovery-log INFO {"eventType":"remove","port":{"matchingBoardsList":[],"port":{"address":"/dev/ttyACM0","label":"","protocol":"serial","protocolLabel":"","propertiesMap":[],"hardwareId":""}},"error":""}
2025-09-02 06:41:40 2025-09-02T13:41:40.335Z discovery-log INFO {"eventType":"add","port":{"matchingBoardsList":[{"name":"ESP32 Family Device","fqbn":"esp32:esp32:esp32_family","isHidden":true}],"port":{"address":"/dev/ttyACM0","label":"/dev/ttyACM0","protocol":"serial","protocolLabel":"Serial Port (USB)","propertiesMap":[["pid","0x1001"],["serialNumber","30:ED:A0:AD:83:34"],["vid","0x303a"]],"hardwareId":"30:ED:A0:AD:83:34"}},"error":""}
2025-09-02 06:41:44 2025-09-02T13:41:44.107Z daemon INFO time="2025-09-02T06:41:44-07:00" level=info msg="Adding libraries dir" dir=/home/aaron/.arduino15/libraries isSingleLibrary=false location=ide
time="2025-09-02T06:41:44-07:00" level=info msg="Adding libraries dir" dir=/home/aaron/.arduino15/packages/esp32/hardware/esp32/3.3.0/libraries isSingleLibrary=false location=platform
time="2025-09-02T06:41:44-07:00" level=info msg="Adding libraries dir" dir=/home/aaron/Arduino/libraries isSingleLibrary=false location=user
2025-09-02 06:41:45 2025-09-02T13:41:45.335Z daemon INFO time="2025-09-02T06:41:45-07:00" level=info msg="Resolving include BLEDevice.h for arch esp32"
time="2025-09-02T06:41:45-07:00" level=info msg="  found better lib" lib=BLE prio=3F4
2025-09-02 06:41:46 2025-09-02T13:41:46.198Z daemon INFO time="2025-09-02T06:41:46-07:00" level=info msg="Resolving include SPI.h for arch esp32"
time="2025-09-02T06:41:46-07:00" level=info msg="  found better lib" lib=SPI prio=6B0
2025-09-02 06:41:47 2025-09-02T13:41:47.054Z daemon INFO time="2025-09-02T06:41:47-07:00" level=info msg="Resolving include PNGdec.h for arch esp32"
time="2025-09-02T06:41:47-07:00" level=info msg="  found better lib" lib=PNGdec prio=6A7
2025-09-02 06:41:47 2025-09-02T13:41:47.054Z daemon INFO time="2025-09-02T06:41:47-07:00" level=info msg="Resolving include FS.h for arch esp32"
2025-09-02 06:41:47 2025-09-02T13:41:47.054Z daemon INFO time="2025-09-02T06:41:47-07:00" level=info msg="  found better lib" lib=FS prio=6B0
2025-09-02 06:41:47 2025-09-02T13:41:47.054Z daemon INFO time="2025-09-02T06:41:47-07:00" level=info msg="Resolving include SD_MMC.h for arch esp32"
time="2025-09-02T06:41:47-07:00" level=info msg="  found better lib" lib=SD_MMC prio=6B0
2025-09-02 06:41:54 2025-09-02T13:41:54.176Z root INFO Executing 'arduino.languageserver.notifyBuildDidComplete' with "file:///home/aaron/.cache/arduino/sketches/89803B37EA33ECC28185FD29751C8FD7"
2025-09-02 06:41:54 2025-09-02T13:41:54.293Z daemon INFO time="2025-09-02T06:41:54-07:00" level=info msg="Tool required for debug" tool="arduino:dfu-util@0.11.0-arduino5"
time="2025-09-02T06:41:54-07:00" level=info msg="Tool required for debug" tool="esp32:esp-rv32@2411"
2025-09-02 06:41:54 2025-09-02T13:41:54.293Z daemon INFO time="2025-09-02T06:41:54-07:00" level=info msg="Tool required for debug" tool="esp32:esp-x32@2411"
time="2025-09-02T06:41:54-07:00" level=info msg="Tool required for debug" tool="esp32:esp32-arduino-libs@idf-release_v5.5-b66b5448-v1"
time="2025-09-02T06:41:54-07:00" level=info msg="Tool required for debug" tool="esp32:esptool_py@5.0.0"
time="2025-09-02T06:41:54-07:00" level=info msg="Tool required for debug" tool="esp32:mklittlefs@3.0.0-gnu12-dc7f933"
time="2025-09-02T06:41:54-07:00" level=info msg="Tool required for debug" tool="esp32:mkspiffs@0.2.3"
time="2025-09-02T06:41:54-07:00" level=info msg="Tool required for debug" tool="esp32:openocd-esp32@v0.12.0-esp32-20250422"
2025-09-02 06:41:54 2025-09-02T13:41:54.293Z daemon INFO time="2025-09-02T06:41:54-07:00" level=info msg="Tool required for debug" tool="esp32:riscv32-esp-elf-gdb@16.2_20250324"
time="2025-09-02T06:41:54-07:00" level=info msg="Tool required for debug" tool="esp32:xtensa-esp-elf-gdb@16.2_20250324"
time="2025-09-02T06:41:54-07:00" level=info msg="Tool required for debug" tool="arduino:arm-none-eabi-gcc@7-2017q4"
2025-09-02 06:41:54 2025-09-02T13:41:54.293Z daemon INFO time="2025-09-02T06:41:54-07:00" level=info msg="Tool required for debug" tool="arduino:avr-gcc@7.3.0-atmel3.6.1-arduino7"
time="2025-09-02T06:41:54-07:00" level=info msg="Tool required for debug" tool="arduino:bossac@1.9.1-arduino5"
time="2025-09-02T06:41:54-07:00" level=info msg="Tool required for debug" tool="builtin:ctags@5.8-arduino11"
2025-09-02 06:41:54 2025-09-02T13:41:54.293Z daemon INFO time="2025-09-02T06:41:54-07:00" level=info msg="Tool required for debug" tool="arduino:openocd@0.11.0-arduino2"
time="2025-09-02T06:41:54-07:00" level=info msg="Tool required for debug" tool="builtin:dfu-discovery@0.1.2"
2025-09-02 06:41:54 2025-09-02T13:41:54.293Z daemon INFO time="2025-09-02T06:41:54-07:00" level=info msg="Tool required for debug" tool="builtin:mdns-discovery@1.0.9"
2025-09-02 06:41:54 2025-09-02T13:41:54.293Z daemon INFO time="2025-09-02T06:41:54-07:00" level=info msg="Tool required for debug" tool="arduino:avrdude@6.3.0-arduino17"
time="2025-09-02T06:41:54-07:00" level=info msg="Tool required for debug" tool="builtin:serial-discovery@1.4.1"
2025-09-02 06:41:54 2025-09-02T13:41:54.294Z daemon INFO time="2025-09-02T06:41:54-07:00" level=info msg="Tool required for debug" tool="arduino:arduinoOTA@1.3.0"
time="2025-09-02T06:41:54-07:00" level=info msg="Tool required for debug" tool="builtin:serial-monitor@0.15.0"
2025-09-02 06:41:54 2025-09-02T13:41:54.301Z daemon INFO time="2025-09-02T06:41:54-07:00" level=info msg="Tool required for debug" tool="arduino:dfu-util@0.11.0-arduino5"
time="2025-09-02T06:41:54-07:00" level=info msg="Tool required for debug" tool="esp32:esp-rv32@2411"
2025-09-02 06:41:54 2025-09-02T13:41:54.302Z daemon INFO time="2025-09-02T06:41:54-07:00" level=info msg="Tool required for debug" tool="esp32:esp-x32@2411"
time="2025-09-02T06:41:54-07:00" level=info msg="Tool required for debug" tool="esp32:esp32-arduino-libs@idf-release_v5.5-b66b5448-v1"
time="2025-09-02T06:41:54-07:00" level=info msg="Tool required for debug" tool="esp32:esptool_py@5.0.0"
time="2025-09-02T06:41:54-07:00" level=info msg="Tool required for debug" tool="esp32:mklittlefs@3.0.0-gnu12-dc7f933"
2025-09-02 06:41:54 2025-09-02T13:41:54.302Z daemon INFO time="2025-09-02T06:41:54-07:00" level=info msg="Tool required for debug" tool="esp32:mkspiffs@0.2.3"
time="2025-09-02T06:41:54-07:00" level=info msg="Tool required for debug" tool="esp32:openocd-esp32@v0.12.0-esp32-20250422"
time="2025-09-02T06:41:54-07:00" level=info msg="Tool required for debug" tool="esp32:riscv32-esp-elf-gdb@16.2_20250324"
2025-09-02 06:41:54 2025-09-02T13:41:54.302Z daemon INFO time="2025-09-02T06:41:54-07:00" level=info msg="Tool required for debug" tool="esp32:xtensa-esp-elf-gdb@16.2_20250324"
time="2025-09-02T06:41:54-07:00" level=info msg="Tool required for debug" tool="arduino:arduinoOTA@1.3.0"
time="2025-09-02T06:41:54-07:00" level=info msg="Tool required for debug" tool="builtin:dfu-discovery@0.1.2"
2025-09-02 06:41:54 2025-09-02T13:41:54.302Z daemon INFO time="2025-09-02T06:41:54-07:00" level=info msg="Tool required for debug" tool="builtin:mdns-discovery@1.0.9"
2025-09-02 06:41:54 2025-09-02T13:41:54.302Z daemon INFO time="2025-09-02T06:41:54-07:00" level=info msg="Tool required for debug" tool="builtin:serial-discovery@1.4.1"
time="2025-09-02T06:41:54-07:00" level=info msg="Tool required for debug" tool="arduino:bossac@1.9.1-arduino5"
2025-09-02 06:41:54 2025-09-02T13:41:54.302Z daemon INFO time="2025-09-02T06:41:54-07:00" level=info msg="Tool required for debug" tool="arduino:avrdude@6.3.0-arduino17"
time="2025-09-02T06:41:54-07:00" level=info msg="Tool required for debug" tool="arduino:openocd@0.11.0-arduino2"
2025-09-02 06:41:54 2025-09-02T13:41:54.302Z daemon INFO time="2025-09-02T06:41:54-07:00" level=info msg="Tool required for debug" tool="arduino:arm-none-eabi-gcc@7-2017q4"
time="2025-09-02T06:41:54-07:00" level=info msg="Tool required for debug" tool="arduino:avr-gcc@7.3.0-atmel3.6.1-arduino7"
time="2025-09-02T06:41:54-07:00" level=info msg="Tool required for debug" tool="builtin:ctags@5.8-arduino11"
time="2025-09-02T06:41:54-07:00" level=info msg="Tool required for debug" tool="builtin:serial-monitor@0.15.0"
2025-09-02 06:41:54 2025-09-02T13:41:54.310Z daemon INFO time="2025-09-02T06:41:54-07:00" level=info msg="Tool required for debug" tool="arduino:dfu-util@0.11.0-arduino5"
2025-09-02 06:41:54 2025-09-02T13:41:54.310Z daemon INFO time="2025-09-02T06:41:54-07:00" level=info msg="Tool required for debug" tool="esp32:esp-rv32@2411"
time="2025-09-02T06:41:54-07:00" level=info msg="Tool required for debug" tool="esp32:esp-x32@2411"
time="2025-09-02T06:41:54-07:00" level=info msg="Tool required for debug" tool="esp32:esp32-arduino-libs@idf-release_v5.5-b66b5448-v1"
time="2025-09-02T06:41:54-07:00" level=info msg="Tool required for debug" tool="esp32:esptool_py@5.0.0"
time="2025-09-02T06:41:54-07:00" level=info msg="Tool required for debug" tool="esp32:mklittlefs@3.0.0-gnu12-dc7f933"
time="2025-09-02T06:41:54-07:00" level=info msg="Tool required for debug" tool="esp32:mkspiffs@0.2.3"
2025-09-02 06:41:54 2025-09-02T13:41:54.310Z daemon INFO time="2025-09-02T06:41:54-07:00" level=info msg="Tool required for debug" tool="esp32:openocd-esp32@v0.12.0-esp32-20250422"
time="2025-09-02T06:41:54-07:00" level=info msg="Tool required for debug" tool="esp32:riscv32-esp-elf-gdb@16.2_20250324"
time="2025-09-02T06:41:54-07:00" level=info msg="Tool required for debug" tool="esp32:xtensa-esp-elf-gdb@16.2_20250324"
time="2025-09-02T06:41:54-07:00" level=info msg="Tool required for debug" tool="builtin:serial-discovery@1.4.1"
2025-09-02 06:41:54 2025-09-02T13:41:54.311Z daemon INFO time="2025-09-02T06:41:54-07:00" level=info msg="Tool required for debug" tool="arduino:arduinoOTA@1.3.0"
time="2025-09-02T06:41:54-07:00" level=info msg="Tool required for debug" tool="arduino:avr-gcc@7.3.0-atmel3.6.1-arduino7"
2025-09-02 06:41:54 2025-09-02T13:41:54.311Z daemon INFO time="2025-09-02T06:41:54-07:00" level=info msg="Tool required for debug" tool="arduino:arm-none-eabi-gcc@7-2017q4"
time="2025-09-02T06:41:54-07:00" level=info msg="Tool required for debug" tool="builtin:ctags@5.8-arduino11"
2025-09-02 06:41:54 2025-09-02T13:41:54.311Z daemon INFO time="2025-09-02T06:41:54-07:00" level=info msg="Tool required for debug" tool="arduino:bossac@1.9.1-arduino5"
time="2025-09-02T06:41:54-07:00" level=info msg="Tool required for debug" tool="builtin:mdns-discovery@1.0.9"
2025-09-02 06:41:54 2025-09-02T13:41:54.311Z daemon INFO time="2025-09-02T06:41:54-07:00" level=info msg="Tool required for debug" tool="arduino:openocd@0.11.0-arduino2"
time="2025-09-02T06:41:54-07:00" level=info msg="Tool required for debug" tool="builtin:dfu-discovery@0.1.2"
2025-09-02 06:41:54 2025-09-02T13:41:54.311Z daemon INFO time="2025-09-02T06:41:54-07:00" level=info msg="Tool required for debug" tool="builtin:serial-monitor@0.15.0"
time="2025-09-02T06:41:54-07:00" level=info msg="Tool required for debug" tool="arduino:avrdude@6.3.0-arduino17"
2025-09-02 06:41:54 2025-09-02T13:41:54.330Z daemon INFO time="2025-09-02T06:41:54-07:00" level=info msg="Tool required for debug" tool="arduino:dfu-util@0.11.0-arduino5"
time="2025-09-02T06:41:54-07:00" level=info msg="Tool required for debug" tool="esp32:esp-rv32@2411"
time="2025-09-02T06:41:54-07:00" level=info msg="Tool required for debug" tool="esp32:esp-x32@2411"
time="2025-09-02T06:41:54-07:00" level=info msg="Tool required for debug" tool="esp32:esp32-arduino-libs@idf-release_v5.5-b66b5448-v1"
time="2025-09-02T06:41:54-07:00" level=info msg="Tool required for debug" tool="esp32:esptool_py@5.0.0"
2025-09-02 06:41:54 2025-09-02T13:41:54.330Z daemon INFO time="2025-09-02T06:41:54-07:00" level=info msg="Tool required for debug" tool="esp32:mklittlefs@3.0.0-gnu12-dc7f933"
time="2025-09-02T06:41:54-07:00" level=info msg="Tool required for debug" tool="esp32:mkspiffs@0.2.3"
time="2025-09-02T06:41:54-07:00" level=info msg="Tool required for debug" tool="esp32:openocd-esp32@v0.12.0-esp32-20250422"
time="2025-09-02T06:41:54-07:00" level=info msg="Tool required for debug" tool="esp32:riscv32-esp-elf-gdb@16.2_20250324"
time="2025-09-02T06:41:54-07:00" level=info msg="Tool required for debug" tool="esp32:xtensa-esp-elf-gdb@16.2_20250324"
time="2025-09-02T06:41:54-07:00" level=info msg="Tool required for debug" tool="arduino:avr-gcc@7.3.0-atmel3.6.1-arduino7"
time="2025-09-02T06:41:54-07:00" level=info msg="Tool required for debug" tool="arduino:bossac@1.9.1-arduino5"
time="2025-09-02T06:41:54-07:00" level=info msg="Tool required for debug" tool="builtin:serial-discovery@1.4.1"
time="2025-09-02T06:41:54-07:00" level=info msg="Tool required for debug" tool="builtin:dfu-discovery@0.1.2"
time="2025-09-02T06:41:54-07:00" level=info msg="Tool required for debug" tool="arduino:arm-none-eabi-gcc@7-2017q4"
time="2025-09-02T06:41:54-07:00" level=info msg="Tool required for debug" tool="arduino:arduinoOTA@1.3.0"
time="2025-09-02T06:41:54-07:00" level=info msg="Tool required for debug" tool="arduino:openocd@0.11.0-arduino2"
time="2025-09-02T06:41:54-07:00" level=info msg="Tool required for debug" tool="arduino:avrdude@6.3.0-arduino17"
time="2025-09-02T06:41:54-07:00" level=info msg="Tool required for debug" tool="builtin:mdns-discovery@1.0.9"
2025-09-02 06:41:54 2025-09-02T13:41:54.330Z daemon INFO time="2025-09-02T06:41:54-07:00" level=info msg="Tool required for debug" tool="builtin:serial-monitor@0.15.0"
time="2025-09-02T06:41:54-07:00" level=info msg="Tool required for debug" tool="builtin:ctags@5.8-arduino11"
2025-09-02 06:41:54 2025-09-02T13:41:54.338Z daemon INFO time="2025-09-02T06:41:54-07:00" level=info msg="Tool required for debug" tool="arduino:dfu-util@0.11.0-arduino5"
time="2025-09-02T06:41:54-07:00" level=info msg="Tool required for debug" tool="esp32:esp-rv32@2411"
time="2025-09-02T06:41:54-07:00" level=info msg="Tool required for debug" tool="esp32:esp-x32@2411"
time="2025-09-02T06:41:54-07:00" level=info msg="Tool required for debug" tool="esp32:esp32-arduino-libs@idf-release_v5.5-b66b5448-v1"
2025-09-02 06:41:54 2025-09-02T13:41:54.338Z daemon INFO time="2025-09-02T06:41:54-07:00" level=info msg="Tool required for debug" tool="esp32:esptool_py@5.0.0"
time="2025-09-02T06:41:54-07:00" level=info msg="Tool required for debug" tool="esp32:mklittlefs@3.0.0-gnu12-dc7f933"
time="2025-09-02T06:41:54-07:00" level=info msg="Tool required for debug" tool="esp32:mkspiffs@0.2.3"
time="2025-09-02T06:41:54-07:00" level=info msg="Tool required for debug" tool="esp32:openocd-esp32@v0.12.0-esp32-20250422"
time="2025-09-02T06:41:54-07:00" level=info msg="Tool required for debug" tool="esp32:riscv32-esp-elf-gdb@16.2_20250324"
time="2025-09-02T06:41:54-07:00" level=info msg="Tool required for debug" tool="esp32:xtensa-esp-elf-gdb@16.2_20250324"
time="2025-09-02T06:41:54-07:00" level=info msg="Tool required for debug" tool="arduino:openocd@0.11.0-arduino2"
time="2025-09-02T06:41:54-07:00" level=info msg="Tool required for debug" tool="builtin:ctags@5.8-arduino11"
2025-09-02 06:41:54 2025-09-02T13:41:54.338Z daemon INFO time="2025-09-02T06:41:54-07:00" level=info msg="Tool required for debug" tool="builtin:serial-monitor@0.15.0"
time="2025-09-02T06:41:54-07:00" level=info msg="Tool required for debug" tool="arduino:bossac@1.9.1-arduino5"
2025-09-02 06:41:54 2025-09-02T13:41:54.338Z daemon INFO time="2025-09-02T06:41:54-07:00" level=info msg="Tool required for debug" tool="builtin:dfu-discovery@0.1.2"
time="2025-09-02T06:41:54-07:00" level=info msg="Tool required for debug" tool="builtin:mdns-discovery@1.0.9"
2025-09-02 06:41:54 2025-09-02T13:41:54.338Z daemon INFO time="2025-09-02T06:41:54-07:00" level=info msg="Tool required for debug" tool="builtin:serial-discovery@1.4.1"
time="2025-09-02T06:41:54-07:00" level=info msg="Tool required for debug" tool="arduino:avr-gcc@7.3.0-atmel3.6.1-arduino7"
time="2025-09-02T06:41:54-07:00" level=info msg="Tool required for debug" tool="arduino:avrdude@6.3.0-arduino17"
2025-09-02 06:41:54 2025-09-02T13:41:54.339Z daemon INFO time="2025-09-02T06:41:54-07:00" level=info msg="Tool required for debug" tool="arduino:arduinoOTA@1.3.0"
time="2025-09-02T06:41:54-07:00" level=info msg="Tool required for debug" tool="arduino:arm-none-eabi-gcc@7-2017q4"
2025-09-02 06:41:54 2025-09-02T13:41:54.346Z daemon INFO time="2025-09-02T06:41:54-07:00" level=info msg="Tool required for debug" tool="arduino:dfu-util@0.11.0-arduino5"
time="2025-09-02T06:41:54-07:00" level=info msg="Tool required for debug" tool="esp32:esp-rv32@2411"
time="2025-09-02T06:41:54-07:00" level=info msg="Tool required for debug" tool="esp32:esp-x32@2411"
time="2025-09-02T06:41:54-07:00" level=info msg="Tool required for debug" tool="esp32:esp32-arduino-libs@idf-release_v5.5-b66b5448-v1"
2025-09-02 06:41:54 2025-09-02T13:41:54.346Z daemon INFO time="2025-09-02T06:41:54-07:00" level=info msg="Tool required for debug" tool="esp32:esptool_py@5.0.0"
time="2025-09-02T06:41:54-07:00" level=info msg="Tool required for debug" tool="esp32:mklittlefs@3.0.0-gnu12-dc7f933"
time="2025-09-02T06:41:54-07:00" level=info msg="Tool required for debug" tool="esp32:mkspiffs@0.2.3"
time="2025-09-02T06:41:54-07:00" level=info msg="Tool required for debug" tool="esp32:openocd-esp32@v0.12.0-esp32-20250422"
time="2025-09-02T06:41:54-07:00" level=info msg="Tool required for debug" tool="esp32:riscv32-esp-elf-gdb@16.2_20250324"
time="2025-09-02T06:41:54-07:00" level=info msg="Tool required for debug" tool="esp32:xtensa-esp-elf-gdb@16.2_20250324"
2025-09-02 06:41:54 2025-09-02T13:41:54.346Z daemon INFO time="2025-09-02T06:41:54-07:00" level=info msg="Tool required for debug" tool="builtin:dfu-discovery@0.1.2"
time="2025-09-02T06:41:54-07:00" level=info msg="Tool required for debug" tool="arduino:openocd@0.11.0-arduino2"
time="2025-09-02T06:41:54-07:00" level=info msg="Tool required for debug" tool="builtin:serial-discovery@1.4.1"
2025-09-02 06:41:54 2025-09-02T13:41:54.346Z daemon INFO time="2025-09-02T06:41:54-07:00" level=info msg="Tool required for debug" tool="arduino:arduinoOTA@1.3.0"
time="2025-09-02T06:41:54-07:00" level=info msg="Tool required for debug" tool="arduino:bossac@1.9.1-arduino5"
time="2025-09-02T06:41:54-07:00" level=info msg="Tool required for debug" tool="builtin:mdns-discovery@1.0.9"
2025-09-02 06:41:54 2025-09-02T13:41:54.346Z daemon INFO time="2025-09-02T06:41:54-07:00" level=info msg="Tool required for debug" tool="arduino:avrdude@6.3.0-arduino17"
time="2025-09-02T06:41:54-07:00" level=info msg="Tool required for debug" tool="arduino:arm-none-eabi-gcc@7-2017q4"
time="2025-09-02T06:41:54-07:00" level=info msg="Tool required for debug" tool="arduino:avr-gcc@7.3.0-atmel3.6.1-arduino7"
2025-09-02 06:41:54 2025-09-02T13:41:54.346Z daemon INFO time="2025-09-02T06:41:54-07:00" level=info msg="Tool required for debug" tool="builtin:serial-monitor@0.15.0"
time="2025-09-02T06:41:54-07:00" level=info msg="Tool required for debug" tool="builtin:ctags@5.8-arduino11"
2025-09-02 06:41:54 2025-09-02T13:41:54.353Z daemon INFO time="2025-09-02T06:41:54-07:00" level=info msg="Tool required for debug" tool="arduino:dfu-util@0.11.0-arduino5"
time="2025-09-02T06:41:54-07:00" level=info msg="Tool required for debug" tool="esp32:esp-rv32@2411"
time="2025-09-02T06:41:54-07:00" level=info msg="Tool required for debug" tool="esp32:esp-x32@2411"
time="2025-09-02T06:41:54-07:00" level=info msg="Tool required for debug" tool="esp32:esp32-arduino-libs@idf-release_v5.5-b66b5448-v1"
2025-09-02 06:41:54 2025-09-02T13:41:54.353Z daemon INFO time="2025-09-02T06:41:54-07:00" level=info msg="Tool required for debug" tool="esp32:esptool_py@5.0.0"
time="2025-09-02T06:41:54-07:00" level=info msg="Tool required for debug" tool="esp32:mklittlefs@3.0.0-gnu12-dc7f933"
time="2025-09-02T06:41:54-07:00" level=info msg="Tool required for debug" tool="esp32:mkspiffs@0.2.3"
time="2025-09-02T06:41:54-07:00" level=info msg="Tool required for debug" tool="esp32:openocd-esp32@v0.12.0-esp32-20250422"
time="2025-09-02T06:41:54-07:00" level=info msg="Tool required for debug" tool="esp32:riscv32-esp-elf-gdb@16.2_20250324"
time="2025-09-02T06:41:54-07:00" level=info msg="Tool required for debug" tool="esp32:xtensa-esp-elf-gdb@16.2_20250324"
time="2025-09-02T06:41:54-07:00" level=info msg="Tool required for debug" tool="arduino:arm-none-eabi-gcc@7-2017q4"
time="2025-09-02T06:41:54-07:00" level=info msg="Tool required for debug" tool="builtin:ctags@5.8-arduino11"
2025-09-02 06:41:54 2025-09-02T13:41:54.354Z daemon INFO time="2025-09-02T06:41:54-07:00" level=info msg="Tool required for debug" tool="arduino:avrdude@6.3.0-arduino17"
time="2025-09-02T06:41:54-07:00" level=info msg="Tool required for debug" tool="builtin:dfu-discovery@0.1.2"
time="2025-09-02T06:41:54-07:00" level=info msg="Tool required for debug" tool="builtin:serial-monitor@0.15.0"
2025-09-02 06:41:54 2025-09-02T13:41:54.354Z daemon INFO time="2025-09-02T06:41:54-07:00" level=info msg="Tool required for debug" tool="arduino:arduinoOTA@1.3.0"
time="2025-09-02T06:41:54-07:00" level=info msg="Tool required for debug" tool="arduino:openocd@0.11.0-arduino2"
2025-09-02 06:41:54 2025-09-02T13:41:54.354Z daemon INFO time="2025-09-02T06:41:54-07:00" level=info msg="Tool required for debug" tool="arduino:avr-gcc@7.3.0-atmel3.6.1-arduino7"
time="2025-09-02T06:41:54-07:00" level=info msg="Tool required for debug" tool="arduino:bossac@1.9.1-arduino5"
time="2025-09-02T06:41:54-07:00" level=info msg="Tool required for debug" tool="builtin:mdns-discovery@1.0.9"
2025-09-02 06:41:54 2025-09-02T13:41:54.354Z daemon INFO time="2025-09-02T06:41:54-07:00" level=info msg="Tool required for debug" tool="builtin:serial-discovery@1.4.1"
2025-09-02 06:41:54 2025-09-02T13:41:54.361Z daemon INFO time="2025-09-02T06:41:54-07:00" level=info msg="Tool required for debug" tool="arduino:dfu-util@0.11.0-arduino5"
time="2025-09-02T06:41:54-07:00" level=info msg="Tool required for debug" tool="esp32:esp-rv32@2411"
time="2025-09-02T06:41:54-07:00" level=info msg="Tool required for debug" tool="esp32:esp-x32@2411"
time="2025-09-02T06:41:54-07:00" level=info msg="Tool required for debug" tool="esp32:esp32-arduino-libs@idf-release_v5.5-b66b5448-v1"
2025-09-02 06:41:54 2025-09-02T13:41:54.361Z daemon INFO time="2025-09-02T06:41:54-07:00" level=info msg="Tool required for debug" tool="esp32:esptool_py@5.0.0"
time="2025-09-02T06:41:54-07:00" level=info msg="Tool required for debug" tool="esp32:mklittlefs@3.0.0-gnu12-dc7f933"
time="2025-09-02T06:41:54-07:00" level=info msg="Tool required for debug" tool="esp32:mkspiffs@0.2.3"
time="2025-09-02T06:41:54-07:00" level=info msg="Tool required for debug" tool="esp32:openocd-esp32@v0.12.0-esp32-20250422"
time="2025-09-02T06:41:54-07:00" level=info msg="Tool required for debug" tool="esp32:riscv32-esp-elf-gdb@16.2_20250324"
time="2025-09-02T06:41:54-07:00" level=info msg="Tool required for debug" tool="esp32:xtensa-esp-elf-gdb@16.2_20250324"
time="2025-09-02T06:41:54-07:00" level=info msg="Tool required for debug" tool="arduino:arduinoOTA@1.3.0"
time="2025-09-02T06:41:54-07:00" level=info msg="Tool required for debug" tool="arduino:avrdude@6.3.0-arduino17"
time="2025-09-02T06:41:54-07:00" level=info msg="Tool required for debug" tool="builtin:ctags@5.8-arduino11"
2025-09-02 06:41:54 2025-09-02T13:41:54.362Z daemon INFO time="2025-09-02T06:41:54-07:00" level=info msg="Tool required for debug" tool="builtin:dfu-discovery@0.1.2"
time="2025-09-02T06:41:54-07:00" level=info msg="Tool required for debug" tool="arduino:bossac@1.9.1-arduino5"
time="2025-09-02T06:41:54-07:00" level=info msg="Tool required for debug" tool="arduino:avr-gcc@7.3.0-atmel3.6.1-arduino7"
time="2025-09-02T06:41:54-07:00" level=info msg="Tool required for debug" tool="arduino:arm-none-eabi-gcc@7-2017q4"
time="2025-09-02T06:41:54-07:00" level=info msg="Tool required for debug" tool="builtin:serial-monitor@0.15.0"
time="2025-09-02T06:41:54-07:00" level=info msg="Tool required for debug" tool="builtin:mdns-discovery@1.0.9"
time="2025-09-02T06:41:54-07:00" level=info msg="Tool required for debug" tool="builtin:serial-discovery@1.4.1"
time="2025-09-02T06:41:54-07:00" level=info msg="Tool required for debug" tool="arduino:openocd@0.11.0-arduino2"
2025-09-02 06:41:54 2025-09-02T13:41:54.368Z daemon INFO time="2025-09-02T06:41:54-07:00" level=info msg="Tool required for debug" tool="arduino:dfu-util@0.11.0-arduino5"
time="2025-09-02T06:41:54-07:00" level=info msg="Tool required for debug" tool="esp32:esp-rv32@2411"
time="2025-09-02T06:41:54-07:00" level=info msg="Tool required for debug" tool="esp32:esp-x32@2411"
time="2025-09-02T06:41:54-07:00" level=info msg="Tool required for debug" tool="esp32:esp32-arduino-libs@idf-release_v5.5-b66b5448-v1"
2025-09-02 06:41:54 2025-09-02T13:41:54.368Z daemon INFO time="2025-09-02T06:41:54-07:00" level=info msg="Tool required for debug" tool="esp32:esptool_py@5.0.0"
time="2025-09-02T06:41:54-07:00" level=info msg="Tool required for debug" tool="esp32:mklittlefs@3.0.0-gnu12-dc7f933"
time="2025-09-02T06:41:54-07:00" level=info msg="Tool required for debug" tool="esp32:mkspiffs@0.2.3"
time="2025-09-02T06:41:54-07:00" level=info msg="Tool required for debug" tool="esp32:openocd-esp32@v0.12.0-esp32-20250422"
time="2025-09-02T06:41:54-07:00" level=info msg="Tool required for debug" tool="esp32:riscv32-esp-elf-gdb@16.2_20250324"
time="2025-09-02T06:41:54-07:00" level=info msg="Tool required for debug" tool="esp32:xtensa-esp-elf-gdb@16.2_20250324"
time="2025-09-02T06:41:54-07:00" level=info msg="Tool required for debug" tool="builtin:mdns-discovery@1.0.9"
time="2025-09-02T06:41:54-07:00" level=info msg="Tool required for debug" tool="builtin:serial-discovery@1.4.1"
2025-09-02 06:41:54 2025-09-02T13:41:54.368Z daemon INFO time="2025-09-02T06:41:54-07:00" level=info msg="Tool required for debug" tool="builtin:serial-monitor@0.15.0"
time="2025-09-02T06:41:54-07:00" level=info msg="Tool required for debug" tool="builtin:ctags@5.8-arduino11"
time="2025-09-02T06:41:54-07:00" level=info msg="Tool required for debug" tool="arduino:arduinoOTA@1.3.0"
2025-09-02 06:41:54 2025-09-02T13:41:54.368Z daemon INFO time="2025-09-02T06:41:54-07:00" level=info msg="Tool required for debug" tool="builtin:dfu-discovery@0.1.2"
time="2025-09-02T06:41:54-07:00" level=info msg="Tool required for debug" tool="arduino:avr-gcc@7.3.0-atmel3.6.1-arduino7"
2025-09-02 06:41:54 2025-09-02T13:41:54.368Z daemon INFO time="2025-09-02T06:41:54-07:00" level=info msg="Tool required for debug" tool="arduino:bossac@1.9.1-arduino5"
time="2025-09-02T06:41:54-07:00" level=info msg="Tool required for debug" tool="arduino:arm-none-eabi-gcc@7-2017q4"
time="2025-09-02T06:41:54-07:00" level=info msg="Tool required for debug" tool="arduino:avrdude@6.3.0-arduino17"
time="2025-09-02T06:41:54-07:00" level=info msg="Tool required for debug" tool="arduino:openocd@0.11.0-arduino2"
2025-09-02 06:41:54 2025-09-02T13:41:54.374Z daemon INFO time="2025-09-02T06:41:54-07:00" level=info msg="Tool required for debug" tool="arduino:dfu-util@0.11.0-arduino5"
time="2025-09-02T06:41:54-07:00" level=info msg="Tool required for debug" tool="esp32:esp-rv32@2411"
time="2025-09-02T06:41:54-07:00" level=info msg="Tool required for debug" tool="esp32:esp-x32@2411"
time="2025-09-02T06:41:54-07:00" level=info msg="Tool required for debug" tool="esp32:esp32-arduino-libs@idf-release_v5.5-b66b5448-v1"
time="2025-09-02T06:41:54-07:00" level=info msg="Tool required for debug" tool="esp32:esptool_py@5.0.0"
2025-09-02 06:41:54 2025-09-02T13:41:54.374Z daemon INFO time="2025-09-02T06:41:54-07:00" level=info msg="Tool required for debug" tool="esp32:mklittlefs@3.0.0-gnu12-dc7f933"
time="2025-09-02T06:41:54-07:00" level=info msg="Tool required for debug" tool="esp32:mkspiffs@0.2.3"
time="2025-09-02T06:41:54-07:00" level=info msg="Tool required for debug" tool="esp32:openocd-esp32@v0.12.0-esp32-20250422"
time="2025-09-02T06:41:54-07:00" level=info msg="Tool required for debug" tool="esp32:riscv32-esp-elf-gdb@16.2_20250324"
time="2025-09-02T06:41:54-07:00" level=info msg="Tool required for debug" tool="esp32:xtensa-esp-elf-gdb@16.2_20250324"
time="2025-09-02T06:41:54-07:00" level=info msg="Tool required for debug" tool="arduino:avrdude@6.3.0-arduino17"
time="2025-09-02T06:41:54-07:00" level=info msg="Tool required for debug" tool="arduino:avr-gcc@7.3.0-atmel3.6.1-arduino7"
time="2025-09-02T06:41:54-07:00" level=info msg="Tool required for debug" tool="arduino:arduinoOTA@1.3.0"
time="2025-09-02T06:41:54-07:00" level=info msg="Tool required for debug" tool="arduino:bossac@1.9.1-arduino5"
2025-09-02 06:41:54 2025-09-02T13:41:54.374Z daemon INFO time="2025-09-02T06:41:54-07:00" level=info msg="Tool required for debug" tool="builtin:mdns-discovery@1.0.9"
time="2025-09-02T06:41:54-07:00" level=info msg="Tool required for debug" tool="arduino:arm-none-eabi-gcc@7-2017q4"
time="2025-09-02T06:41:54-07:00" level=info msg="Tool required for debug" tool="builtin:serial-monitor@0.15.0"
time="2025-09-02T06:41:54-07:00" level=info msg="Tool required for debug" tool="builtin:dfu-discovery@0.1.2"
2025-09-02 06:41:54 2025-09-02T13:41:54.374Z daemon INFO time="2025-09-02T06:41:54-07:00" level=info msg="Tool required for debug" tool="builtin:ctags@5.8-arduino11"
time="2025-09-02T06:41:54-07:00" level=info msg="Tool required for debug" tool="builtin:serial-discovery@1.4.1"
time="2025-09-02T06:41:54-07:00" level=info msg="Tool required for debug" tool="arduino:openocd@0.11.0-arduino2"
2025-09-02 06:41:54 2025-09-02T13:41:54.380Z daemon INFO time="2025-09-02T06:41:54-07:00" level=info msg="Tool required for debug" tool="arduino:dfu-util@0.11.0-arduino5"
time="2025-09-02T06:41:54-07:00" level=info msg="Tool required for debug" tool="esp32:esp-rv32@2411"
time="2025-09-02T06:41:54-07:00" level=info msg="Tool required for debug" tool="esp32:esp-x32@2411"
2025-09-02 06:41:54 2025-09-02T13:41:54.380Z daemon INFO time="2025-09-02T06:41:54-07:00" level=info msg="Tool required for debug" tool="esp32:esp32-arduino-libs@idf-release_v5.5-b66b5448-v1"
time="2025-09-02T06:41:54-07:00" level=info msg="Tool required for debug" tool="esp32:esptool_py@5.0.0"
time="2025-09-02T06:41:54-07:00" level=info msg="Tool required for debug" tool="esp32:mklittlefs@3.0.0-gnu12-dc7f933"
time="2025-09-02T06:41:54-07:00" level=info msg="Tool required for debug" tool="esp32:mkspiffs@0.2.3"
time="2025-09-02T06:41:54-07:00" level=info msg="Tool required for debug" tool="esp32:openocd-esp32@v0.12.0-esp32-20250422"
time="2025-09-02T06:41:54-07:00" level=info msg="Tool required for debug" tool="esp32:riscv32-esp-elf-gdb@16.2_20250324"
time="2025-09-02T06:41:54-07:00" level=info msg="Tool required for debug" tool="esp32:xtensa-esp-elf-gdb@16.2_20250324"
time="2025-09-02T06:41:54-07:00" level=info msg="Tool required for debug" tool="arduino:arm-none-eabi-gcc@7-2017q4"
time="2025-09-02T06:41:54-07:00" level=info msg="Tool required for debug" tool="arduino:bossac@1.9.1-arduino5"
2025-09-02 06:41:54 2025-09-02T13:41:54.380Z daemon INFO time="2025-09-02T06:41:54-07:00" level=info msg="Tool required for debug" tool="builtin:serial-discovery@1.4.1"
time="2025-09-02T06:41:54-07:00" level=info msg="Tool required for debug" tool="builtin:dfu-discovery@0.1.2"
time="2025-09-02T06:41:54-07:00" level=info msg="Tool required for debug" tool="builtin:mdns-discovery@1.0.9"
time="2025-09-02T06:41:54-07:00" level=info msg="Tool required for debug" tool="arduino:arduinoOTA@1.3.0"
2025-09-02 06:41:54 2025-09-02T13:41:54.380Z daemon INFO time="2025-09-02T06:41:54-07:00" level=info msg="Tool required for debug" tool="arduino:avrdude@6.3.0-arduino17"
time="2025-09-02T06:41:54-07:00" level=info msg="Tool required for debug" tool="builtin:serial-monitor@0.15.0"
time="2025-09-02T06:41:54-07:00" level=info msg="Tool required for debug" tool="builtin:ctags@5.8-arduino11"
2025-09-02 06:41:54 2025-09-02T13:41:54.380Z daemon INFO time="2025-09-02T06:41:54-07:00" level=info msg="Tool required for debug" tool="arduino:avr-gcc@7.3.0-atmel3.6.1-arduino7"
time="2025-09-02T06:41:54-07:00" level=info msg="Tool required for debug" tool="arduino:openocd@0.11.0-arduino2"
2025-09-02 06:41:54 2025-09-02T13:41:54.384Z daemon INFO time="2025-09-02T06:41:54-07:00" level=info msg="Tool required for debug" tool="arduino:dfu-util@0.11.0-arduino5"
time="2025-09-02T06:41:54-07:00" level=info msg="Tool required for debug" tool="esp32:esp-rv32@2411"
time="2025-09-02T06:41:54-07:00" level=info msg="Tool required for debug" tool="esp32:esp-x32@2411"
time="2025-09-02T06:41:54-07:00" level=info msg="Tool required for debug" tool="esp32:esp32-arduino-libs@idf-release_v5.5-b66b5448-v1"
time="2025-09-02T06:41:54-07:00" level=info msg="Tool required for debug" tool="esp32:esptool_py@5.0.0"
time="2025-09-02T06:41:54-07:00" level=info msg="Tool required for debug" tool="esp32:mklittlefs@3.0.0-gnu12-dc7f933"
time="2025-09-02T06:41:54-07:00" level=info msg="Tool required for debug" tool="esp32:mkspiffs@0.2.3"
time="2025-09-02T06:41:54-07:00" level=info msg="Tool required for debug" tool="esp32:openocd-esp32@v0.12.0-esp32-20250422"
time="2025-09-02T06:41:54-07:00" level=info msg="Tool required for debug" tool="esp32:riscv32-esp-elf-gdb@16.2_20250324"
time="2025-09-02T06:41:54-07:00" level=info msg="Tool required for debug" tool="esp32:xtensa-esp-elf-gdb@16.2_20250324"
2025-09-02 06:41:54 2025-09-02T13:41:54.385Z daemon INFO time="2025-09-02T06:41:54-07:00" level=info msg="Tool required for debug" tool="arduino:avr-gcc@7.3.0-atmel3.6.1-arduino7"
time="2025-09-02T06:41:54-07:00" level=info msg="Tool required for debug" tool="builtin:serial-discovery@1.4.1"
time="2025-09-02T06:41:54-07:00" level=info msg="Tool required for debug" tool="builtin:serial-monitor@0.15.0"
time="2025-09-02T06:41:54-07:00" level=info msg="Tool required for debug" tool="arduino:avrdude@6.3.0-arduino17"
time="2025-09-02T06:41:54-07:00" level=info msg="Tool required for debug" tool="arduino:openocd@0.11.0-arduino2"
time="2025-09-02T06:41:54-07:00" level=info msg="Tool required for debug" tool="arduino:arm-none-eabi-gcc@7-2017q4"
time="2025-09-02T06:41:54-07:00" level=info msg="Tool required for debug" tool="builtin:mdns-discovery@1.0.9"
time="2025-09-02T06:41:54-07:00" level=info msg="Tool required for debug" tool="arduino:arduinoOTA@1.3.0"
time="2025-09-02T06:41:54-07:00" level=info msg="Tool required for debug" tool="arduino:bossac@1.9.1-arduino5"
time="2025-09-02T06:41:54-07:00" level=info msg="Tool required for debug" tool="builtin:dfu-discovery@0.1.2"
time="2025-09-02T06:41:54-07:00" level=info msg="Tool required for debug" tool="builtin:ctags@5.8-arduino11"
2025-09-02 06:41:54 2025-09-02T13:41:54.388Z daemon INFO time="2025-09-02T06:41:54-07:00" level=info msg="Tool required for debug" tool="arduino:dfu-util@0.11.0-arduino5"
time="2025-09-02T06:41:54-07:00" level=info msg="Tool required for debug" tool="esp32:esp-rv32@2411"
time="2025-09-02T06:41:54-07:00" level=info msg="Tool required for debug" tool="esp32:esp-x32@2411"
time="2025-09-02T06:41:54-07:00" level=info msg="Tool required for debug" tool="esp32:esp32-arduino-libs@idf-release_v5.5-b66b5448-v1"
time="2025-09-02T06:41:54-07:00" level=info msg="Tool required for debug" tool="esp32:esptool_py@5.0.0"
time="2025-09-02T06:41:54-07:00" level=info msg="Tool required for debug" tool="esp32:mklittlefs@3.0.0-gnu12-dc7f933"
time="2025-09-02T06:41:54-07:00" level=info msg="Tool required for debug" tool="esp32:mkspiffs@0.2.3"
time="2025-09-02T06:41:54-07:00" level=info msg="Tool required for debug" tool="esp32:openocd-esp32@v0.12.0-esp32-20250422"
time="2025-09-02T06:41:54-07:00" level=info msg="Tool required for debug" tool="esp32:riscv32-esp-elf-gdb@16.2_20250324"
time="2025-09-02T06:41:54-07:00" level=info msg="Tool required for debug" tool="esp32:xtensa-esp-elf-gdb@16.2_20250324"
2025-09-02 06:41:54 2025-09-02T13:41:54.388Z daemon INFO time="2025-09-02T06:41:54-07:00" level=info msg="Tool required for debug" tool="builtin:ctags@5.8-arduino11"
time="2025-09-02T06:41:54-07:00" level=info msg="Tool required for debug" tool="builtin:serial-monitor@0.15.0"
time="2025-09-02T06:41:54-07:00" level=info msg="Tool required for debug" tool="arduino:openocd@0.11.0-arduino2"
time="2025-09-02T06:41:54-07:00" level=info msg="Tool required for debug" tool="builtin:dfu-discovery@0.1.2"
time="2025-09-02T06:41:54-07:00" level=info msg="Tool required for debug" tool="builtin:serial-discovery@1.4.1"
time="2025-09-02T06:41:54-07:00" level=info msg="Tool required for debug" tool="arduino:arduinoOTA@1.3.0"
time="2025-09-02T06:41:54-07:00" level=info msg="Tool required for debug" tool="builtin:mdns-discovery@1.0.9"
time="2025-09-02T06:41:54-07:00" level=info msg="Tool required for debug" tool="arduino:avrdude@6.3.0-arduino17"
time="2025-09-02T06:41:54-07:00" level=info msg="Tool required for debug" tool="arduino:arm-none-eabi-gcc@7-2017q4"
time="2025-09-02T06:41:54-07:00" level=info msg="Tool required for debug" tool="arduino:avr-gcc@7.3.0-atmel3.6.1-arduino7"
time="2025-09-02T06:41:54-07:00" level=info msg="Tool required for debug" tool="arduino:bossac@1.9.1-arduino5"
2025-09-02 06:41:54 2025-09-02T13:41:54.391Z daemon INFO time="2025-09-02T06:41:54-07:00" level=info msg="Tool required for debug" tool="arduino:dfu-util@0.11.0-arduino5"
time="2025-09-02T06:41:54-07:00" level=info msg="Tool required for debug" tool="esp32:esp-rv32@2411"
time="2025-09-02T06:41:54-07:00" level=info msg="Tool required for debug" tool="esp32:esp-x32@2411"
time="2025-09-02T06:41:54-07:00" level=info msg="Tool required for debug" tool="esp32:esp32-arduino-libs@idf-release_v5.5-b66b5448-v1"
time="2025-09-02T06:41:54-07:00" level=info msg="Tool required for debug" tool="esp32:esptool_py@5.0.0"
time="2025-09-02T06:41:54-07:00" level=info msg="Tool required for debug" tool="esp32:mklittlefs@3.0.0-gnu12-dc7f933"
time="2025-09-02T06:41:54-07:00" level=info msg="Tool required for debug" tool="esp32:mkspiffs@0.2.3"
time="2025-09-02T06:41:54-07:00" level=info msg="Tool required for debug" tool="esp32:openocd-esp32@v0.12.0-esp32-20250422"
time="2025-09-02T06:41:54-07:00" level=info msg="Tool required for debug" tool="esp32:riscv32-esp-elf-gdb@16.2_20250324"
time="2025-09-02T06:41:54-07:00" level=info msg="Tool required for debug" tool="esp32:xtensa-esp-elf-gdb@16.2_20250324"
2025-09-02 06:41:54 2025-09-02T13:41:54.391Z daemon INFO time="2025-09-02T06:41:54-07:00" level=info msg="Tool required for debug" tool="arduino:avr-gcc@7.3.0-atmel3.6.1-arduino7"
time="2025-09-02T06:41:54-07:00" level=info msg="Tool required for debug" tool="builtin:mdns-discovery@1.0.9"
time="2025-09-02T06:41:54-07:00" level=info msg="Tool required for debug" tool="arduino:arduinoOTA@1.3.0"
time="2025-09-02T06:41:54-07:00" level=info msg="Tool required for debug" tool="arduino:avrdude@6.3.0-arduino17"
time="2025-09-02T06:41:54-07:00" level=info msg="Tool required for debug" tool="builtin:ctags@5.8-arduino11"
time="2025-09-02T06:41:54-07:00" level=info msg="Tool required for debug" tool="builtin:dfu-discovery@0.1.2"
time="2025-09-02T06:41:54-07:00" level=info msg="Tool required for debug" tool="arduino:arm-none-eabi-gcc@7-2017q4"
time="2025-09-02T06:41:54-07:00" level=info msg="Tool required for debug" tool="arduino:bossac@1.9.1-arduino5"
time="2025-09-02T06:41:54-07:00" level=info msg="Tool required for debug" tool="builtin:serial-discovery@1.4.1"
time="2025-09-02T06:41:54-07:00" level=info msg="Tool required for debug" tool="builtin:serial-monitor@0.15.0"
time="2025-09-02T06:41:54-07:00" level=info msg="Tool required for debug" tool="arduino:openocd@0.11.0-arduino2"
2025-09-02 06:41:54 2025-09-02T13:41:54.394Z daemon INFO time="2025-09-02T06:41:54-07:00" level=info msg="Tool required for debug" tool="arduino:dfu-util@0.11.0-arduino5"
time="2025-09-02T06:41:54-07:00" level=info msg="Tool required for debug" tool="esp32:esp-rv32@2411"
time="2025-09-02T06:41:54-07:00" level=info msg="Tool required for debug" tool="esp32:esp-x32@2411"
time="2025-09-02T06:41:54-07:00" level=info msg="Tool required for debug" tool="esp32:esp32-arduino-libs@idf-release_v5.5-b66b5448-v1"
time="2025-09-02T06:41:54-07:00" level=info msg="Tool required for debug" tool="esp32:esptool_py@5.0.0"
time="2025-09-02T06:41:54-07:00" level=info msg="Tool required for debug" tool="esp32:mklittlefs@3.0.0-gnu12-dc7f933"
time="2025-09-02T06:41:54-07:00" level=info msg="Tool required for debug" tool="esp32:mkspiffs@0.2.3"
time="2025-09-02T06:41:54-07:00" level=info msg="Tool required for debug" tool="esp32:openocd-esp32@v0.12.0-esp32-20250422"
time="2025-09-02T06:41:54-07:00" level=info msg="Tool required for debug" tool="esp32:riscv32-esp-elf-gdb@16.2_20250324"
time="2025-09-02T06:41:54-07:00" level=info msg="Tool required for debug" tool="esp32:xtensa-esp-elf-gdb@16.2_20250324"
2025-09-02 06:41:54 2025-09-02T13:41:54.394Z daemon INFO time="2025-09-02T06:41:54-07:00" level=info msg="Tool required for debug" tool="arduino:bossac@1.9.1-arduino5"
time="2025-09-02T06:41:54-07:00" level=info msg="Tool required for debug" tool="arduino:openocd@0.11.0-arduino2"
time="2025-09-02T06:41:54-07:00" level=info msg="Tool required for debug" tool="builtin:serial-monitor@0.15.0"
time="2025-09-02T06:41:54-07:00" level=info msg="Tool required for debug" tool="builtin:ctags@5.8-arduino11"
time="2025-09-02T06:41:54-07:00" level=info msg="Tool required for debug" tool="arduino:avr-gcc@7.3.0-atmel3.6.1-arduino7"
time="2025-09-02T06:41:54-07:00" level=info msg="Tool required for debug" tool="arduino:arm-none-eabi-gcc@7-2017q4"
time="2025-09-02T06:41:54-07:00" level=info msg="Tool required for debug" tool="arduino:arduinoOTA@1.3.0"
time="2025-09-02T06:41:54-07:00" level=info msg="Tool required for debug" tool="arduino:avrdude@6.3.0-arduino17"
time="2025-09-02T06:41:54-07:00" level=info msg="Tool required for debug" tool="builtin:dfu-discovery@0.1.2"
time="2025-09-02T06:41:54-07:00" level=info msg="Tool required for debug" tool="builtin:mdns-discovery@1.0.9"
time="2025-09-02T06:41:54-07:00" level=info msg="Tool required for debug" tool="builtin:serial-discovery@1.4.1"
2025-09-02 06:41:54 2025-09-02T13:41:54.397Z daemon INFO time="2025-09-02T06:41:54-07:00" level=info msg="Tool required for debug" tool="arduino:dfu-util@0.11.0-arduino5"
time="2025-09-02T06:41:54-07:00" level=info msg="Tool required for debug" tool="esp32:esp-rv32@2411"
time="2025-09-02T06:41:54-07:00" level=info msg="Tool required for debug" tool="esp32:esp-x32@2411"
time="2025-09-02T06:41:54-07:00" level=info msg="Tool required for debug" tool="esp32:esp32-arduino-libs@idf-release_v5.5-b66b5448-v1"
time="2025-09-02T06:41:54-07:00" level=info msg="Tool required for debug" tool="esp32:esptool_py@5.0.0"
time="2025-09-02T06:41:54-07:00" level=info msg="Tool required for debug" tool="esp32:mklittlefs@3.0.0-gnu12-dc7f933"
time="2025-09-02T06:41:54-07:00" level=info msg="Tool required for debug" tool="esp32:mkspiffs@0.2.3"
time="2025-09-02T06:41:54-07:00" level=info msg="Tool required for debug" tool="esp32:openocd-esp32@v0.12.0-esp32-20250422"
time="2025-09-02T06:41:54-07:00" level=info msg="Tool required for debug" tool="esp32:riscv32-esp-elf-gdb@16.2_20250324"
2025-09-02 06:41:54 2025-09-02T13:41:54.397Z daemon INFO time="2025-09-02T06:41:54-07:00" level=info msg="Tool required for debug" tool="esp32:xtensa-esp-elf-gdb@16.2_20250324"
time="2025-09-02T06:41:54-07:00" level=info msg="Tool required for debug" tool="builtin:serial-monitor@0.15.0"
time="2025-09-02T06:41:54-07:00" level=info msg="Tool required for debug" tool="builtin:dfu-discovery@0.1.2"
time="2025-09-02T06:41:54-07:00" level=info msg="Tool required for debug" tool="arduino:arm-none-eabi-gcc@7-2017q4"
time="2025-09-02T06:41:54-07:00" level=info msg="Tool required for debug" tool="arduino:avr-gcc@7.3.0-atmel3.6.1-arduino7"
time="2025-09-02T06:41:54-07:00" level=info msg="Tool required for debug" tool="builtin:ctags@5.8-arduino11"
time="2025-09-02T06:41:54-07:00" level=info msg="Tool required for debug" tool="builtin:mdns-discovery@1.0.9"
time="2025-09-02T06:41:54-07:00" level=info msg="Tool required for debug" tool="arduino:openocd@0.11.0-arduino2"
time="2025-09-02T06:41:54-07:00" level=info msg="Tool required for debug" tool="arduino:arduinoOTA@1.3.0"
time="2025-09-02T06:41:54-07:00" level=info msg="Tool required for debug" tool="arduino:avrdude@6.3.0-arduino17"
time="2025-09-02T06:41:54-07:00" level=info msg="Tool required for debug" tool="arduino:bossac@1.9.1-arduino5"
time="2025-09-02T06:41:54-07:00" level=info msg="Tool required for debug" tool="builtin:serial-discovery@1.4.1"
2025-09-02 06:41:54 2025-09-02T13:41:54.400Z daemon INFO time="2025-09-02T06:41:54-07:00" level=info msg="Tool required for debug" tool="arduino:dfu-util@0.11.0-arduino5"
time="2025-09-02T06:41:54-07:00" level=info msg="Tool required for debug" tool="esp32:esp-rv32@2411"
time="2025-09-02T06:41:54-07:00" level=info msg="Tool required for debug" tool="esp32:esp-x32@2411"
time="2025-09-02T06:41:54-07:00" level=info msg="Tool required for debug" tool="esp32:esp32-arduino-libs@idf-release_v5.5-b66b5448-v1"
time="2025-09-02T06:41:54-07:00" level=info msg="Tool required for debug" tool="esp32:esptool_py@5.0.0"
time="2025-09-02T06:41:54-07:00" level=info msg="Tool required for debug" tool="esp32:mklittlefs@3.0.0-gnu12-dc7f933"
time="2025-09-02T06:41:54-07:00" level=info msg="Tool required for debug" tool="esp32:mkspiffs@0.2.3"
time="2025-09-02T06:41:54-07:00" level=info msg="Tool required for debug" tool="esp32:openocd-esp32@v0.12.0-esp32-20250422"
time="2025-09-02T06:41:54-07:00" level=info msg="Tool required for debug" tool="esp32:riscv32-esp-elf-gdb@16.2_20250324"
2025-09-02 06:41:54 2025-09-02T13:41:54.400Z daemon INFO time="2025-09-02T06:41:54-07:00" level=info msg="Tool required for debug" tool="esp32:xtensa-esp-elf-gdb@16.2_20250324"
time="2025-09-02T06:41:54-07:00" level=info msg="Tool required for debug" tool="arduino:avr-gcc@7.3.0-atmel3.6.1-arduino7"
time="2025-09-02T06:41:54-07:00" level=info msg="Tool required for debug" tool="builtin:ctags@5.8-arduino11"
time="2025-09-02T06:41:54-07:00" level=info msg="Tool required for debug" tool="builtin:mdns-discovery@1.0.9"
time="2025-09-02T06:41:54-07:00" level=info msg="Tool required for debug" tool="arduino:arduinoOTA@1.3.0"
time="2025-09-02T06:41:54-07:00" level=info msg="Tool required for debug" tool="arduino:openocd@0.11.0-arduino2"
time="2025-09-02T06:41:54-07:00" level=info msg="Tool required for debug" tool="builtin:serial-monitor@0.15.0"
time="2025-09-02T06:41:54-07:00" level=info msg="Tool required for debug" tool="builtin:dfu-discovery@0.1.2"
time="2025-09-02T06:41:54-07:00" level=info msg="Tool required for debug" tool="arduino:avrdude@6.3.0-arduino17"
time="2025-09-02T06:41:54-07:00" level=info msg="Tool required for debug" tool="arduino:bossac@1.9.1-arduino5"
time="2025-09-02T06:41:54-07:00" level=info msg="Tool required for debug" tool="arduino:arm-none-eabi-gcc@7-2017q4"
time="2025-09-02T06:41:54-07:00" level=info msg="Tool required for debug" tool="builtin:serial-discovery@1.4.1"
2025-09-02 06:41:54 2025-09-02T13:41:54.403Z daemon INFO time="2025-09-02T06:41:54-07:00" level=info msg="Tool required for debug" tool="arduino:dfu-util@0.11.0-arduino5"
time="2025-09-02T06:41:54-07:00" level=info msg="Tool required for debug" tool="esp32:esp-rv32@2411"
time="2025-09-02T06:41:54-07:00" level=info msg="Tool required for debug" tool="esp32:esp-x32@2411"
2025-09-02 06:41:54 2025-09-02T13:41:54.403Z daemon INFO time="2025-09-02T06:41:54-07:00" level=info msg="Tool required for debug" tool="esp32:esp32-arduino-libs@idf-release_v5.5-b66b5448-v1"
time="2025-09-02T06:41:54-07:00" level=info msg="Tool required for debug" tool="esp32:esptool_py@5.0.0"
time="2025-09-02T06:41:54-07:00" level=info msg="Tool required for debug" tool="esp32:mklittlefs@3.0.0-gnu12-dc7f933"
time="2025-09-02T06:41:54-07:00" level=info msg="Tool required for debug" tool="esp32:mkspiffs@0.2.3"
time="2025-09-02T06:41:54-07:00" level=info msg="Tool required for debug" tool="esp32:openocd-esp32@v0.12.0-esp32-20250422"
time="2025-09-02T06:41:54-07:00" level=info msg="Tool required for debug" tool="esp32:riscv32-esp-elf-gdb@16.2_20250324"
2025-09-02 06:41:54 2025-09-02T13:41:54.403Z daemon INFO time="2025-09-02T06:41:54-07:00" level=info msg="Tool required for debug" tool="esp32:xtensa-esp-elf-gdb@16.2_20250324"
time="2025-09-02T06:41:54-07:00" level=info msg="Tool required for debug" tool="builtin:serial-monitor@0.15.0"
time="2025-09-02T06:41:54-07:00" level=info msg="Tool required for debug" tool="builtin:ctags@5.8-arduino11"
2025-09-02 06:41:54 2025-09-02T13:41:54.403Z daemon INFO time="2025-09-02T06:41:54-07:00" level=info msg="Tool required for debug" tool="builtin:serial-discovery@1.4.1"
time="2025-09-02T06:41:54-07:00" level=info msg="Tool required for debug" tool="arduino:avrdude@6.3.0-arduino17"
2025-09-02 06:41:54 2025-09-02T13:41:54.403Z daemon INFO time="2025-09-02T06:41:54-07:00" level=info msg="Tool required for debug" tool="builtin:dfu-discovery@0.1.2"
time="2025-09-02T06:41:54-07:00" level=info msg="Tool required for debug" tool="builtin:mdns-discovery@1.0.9"
2025-09-02 06:41:54 2025-09-02T13:41:54.403Z daemon INFO time="2025-09-02T06:41:54-07:00" level=info msg="Tool required for debug" tool="arduino:avr-gcc@7.3.0-atmel3.6.1-arduino7"
time="2025-09-02T06:41:54-07:00" level=info msg="Tool required for debug" tool="arduino:openocd@0.11.0-arduino2"
2025-09-02 06:41:54 2025-09-02T13:41:54.403Z daemon INFO time="2025-09-02T06:41:54-07:00" level=info msg="Tool required for debug" tool="arduino:bossac@1.9.1-arduino5"
time="2025-09-02T06:41:54-07:00" level=info msg="Tool required for debug" tool="arduino:arm-none-eabi-gcc@7-2017q4"
time="2025-09-02T06:41:54-07:00" level=info msg="Tool required for debug" tool="arduino:arduinoOTA@1.3.0"
2025-09-02 06:41:55 2025-09-02T13:41:55.245Z daemon INFO time="2025-09-02T06:41:55-07:00" level=info msg="Adding libraries dir" dir=/home/aaron/.arduino15/libraries isSingleLibrary=false location=ide
time="2025-09-02T06:41:55-07:00" level=info msg="Adding libraries dir" dir=/home/aaron/.arduino15/packages/esp32/hardware/esp32/3.3.0/libraries isSingleLibrary=false location=platform
time="2025-09-02T06:41:55-07:00" level=info msg="Adding libraries dir" dir=/home/aaron/Arduino/libraries isSingleLibrary=false location=user
2025-09-02 06:42:03 2025-09-02T13:42:03.701Z root INFO Received port after upload [arduino+serial:///dev/ttyACM0, esp32:esp32:esp32s3:UploadSpeed=921600,USBMode=hwcdc,CDCOnBoot=default,MSCOnBoot=default,DFUOnBoot=default,UploadMode=default,CPUFreq=240,FlashMode=qio,FlashSize=16M,PartitionScheme=app3M_fat9M_16MB,DebugLevel=none,PSRAM=opi,LoopCore=1,EventsCore=1,EraseFlash=none,JTAGAdapter=default,ZigbeeMode=default, bluetooth_scanner]. Before port: {"address":"/dev/ttyACM0","addressLabel":"/dev/ttyACM0","protocol":"serial","protocolLabel":"Serial Port (USB)","properties":{"pid":"0x1001","serialNumber":"94:A9:90:7D:0E:B4","vid":"0x303a"},"hardwareId":"94:A9:90:7D:0E:B4"}, after port: {"address":"/dev/ttyACM0","addressLabel":"/dev/ttyACM0","protocol":"serial","protocolLabel":"Serial Port (USB)","properties":{"pid":"0x1001","serialNumber":"30:ED:A0:AD:83:34","vid":"0x303a"},"hardwareId":"30:ED:A0:AD:83:34"}
2025-09-02 06:56:44 2025-09-02T13:56:44.638Z daemon INFO time="2025-09-02T06:56:44-07:00" level=info msg="Adding libraries dir" dir=/home/aaron/.arduino15/libraries isSingleLibrary=false location=ide
time="2025-09-02T06:56:44-07:00" level=info msg="Adding libraries dir" dir=/home/aaron/.arduino15/packages/esp32/hardware/esp32/3.3.0/libraries isSingleLibrary=false location=platform
time="2025-09-02T06:56:44-07:00" level=info msg="Adding libraries dir" dir=/home/aaron/Arduino/libraries isSingleLibrary=false location=user
2025-09-02 06:56:51 2025-09-02T13:56:51.054Z daemon INFO time="2025-09-02T06:56:51-07:00" level=info msg="Adding libraries dir" dir=/home/aaron/.arduino15/libraries isSingleLibrary=false location=ide
time="2025-09-02T06:56:51-07:00" level=info msg="Adding libraries dir" dir=/home/aaron/.arduino15/packages/esp32/hardware/esp32/3.3.0/libraries isSingleLibrary=false location=platform
2025-09-02 06:56:51 2025-09-02T13:56:51.054Z daemon INFO time="2025-09-02T06:56:51-07:00" level=info msg="Adding libraries dir" dir=/home/aaron/Arduino/libraries isSingleLibrary=false location=user
2025-09-02 06:57:16 2025-09-02T13:57:16.304Z daemon INFO time="2025-09-02T06:57:16-07:00" level=info msg="Adding libraries dir" dir=/home/aaron/.arduino15/libraries isSingleLibrary=false location=ide
2025-09-02 06:57:16 2025-09-02T13:57:16.304Z daemon INFO time="2025-09-02T06:57:16-07:00" level=info msg="Adding libraries dir" dir=/home/aaron/.arduino15/packages/esp32/hardware/esp32/3.3.0/libraries isSingleLibrary=false location=platform
time="2025-09-02T06:57:16-07:00" level=info msg="Adding libraries dir" dir=/home/aaron/Arduino/libraries isSingleLibrary=false location=user
2025-09-02 06:57:29 2025-09-02T13:57:29.695Z daemon INFO time="2025-09-02T06:57:29-07:00" level=info msg="Adding libraries dir" dir=/home/aaron/.arduino15/libraries isSingleLibrary=false location=ide
time="2025-09-02T06:57:29-07:00" level=info msg="Adding libraries dir" dir=/home/aaron/.arduino15/packages/esp32/hardware/esp32/3.3.0/libraries isSingleLibrary=false location=platform
2025-09-02 06:57:29 2025-09-02T13:57:29.695Z daemon INFO time="2025-09-02T06:57:29-07:00" level=info msg="Adding libraries dir" dir=/home/aaron/Arduino/libraries isSingleLibrary=false location=user
2025-09-02 07:00:29 2025-09-02T14:00:29.544Z discovery-log INFO {"eventType":"remove","port":{"matchingBoardsList":[],"port":{"address":"/dev/ttyACM0","label":"","protocol":"serial","protocolLabel":"","propertiesMap":[],"hardwareId":""}},"error":""}
2025-09-02 07:00:30 2025-09-02T14:00:30.026Z discovery-log INFO {"eventType":"add","port":{"matchingBoardsList":[{"name":"ESP32 Family Device","fqbn":"esp32:esp32:esp32_family","isHidden":true}],"port":{"address":"/dev/ttyACM0","label":"/dev/ttyACM0","protocol":"serial","protocolLabel":"Serial Port (USB)","propertiesMap":[["pid","0x1001"],["serialNumber","30:ED:A0:AD:83:34"],["vid","0x303a"]],"hardwareId":"30:ED:A0:AD:83:34"}},"error":""}
2025-09-02 07:00:40 2025-09-02T14:00:40.483Z daemon INFO time="2025-09-02T07:00:40-07:00" level=info msg="Adding libraries dir" dir=/home/aaron/.arduino15/libraries isSingleLibrary=false location=ide
time="2025-09-02T07:00:40-07:00" level=info msg="Adding libraries dir" dir=/home/aaron/.arduino15/packages/esp32/hardware/esp32/3.3.0/libraries isSingleLibrary=false location=platform
2025-09-02 07:00:40 2025-09-02T14:00:40.483Z daemon INFO time="2025-09-02T07:00:40-07:00" level=info msg="Adding libraries dir" dir=/home/aaron/Arduino/libraries isSingleLibrary=false location=user
2025-09-02 07:00:41 2025-09-02T14:00:41.732Z daemon INFO time="2025-09-02T07:00:41-07:00" level=info msg="Resolving include BLEDevice.h for arch esp32"
time="2025-09-02T07:00:41-07:00" level=info msg="  found better lib" lib=BLE prio=3F4
2025-09-02 07:00:42 2025-09-02T14:00:42.650Z daemon INFO time="2025-09-02T07:00:42-07:00" level=info msg="Resolving include SPI.h for arch esp32"
time="2025-09-02T07:00:42-07:00" level=info msg="  found better lib" lib=SPI prio=6B0
2025-09-02 07:00:43 2025-09-02T14:00:43.549Z daemon INFO time="2025-09-02T07:00:43-07:00" level=info msg="Resolving include PNGdec.h for arch esp32"
time="2025-09-02T07:00:43-07:00" level=info msg="  found better lib" lib=PNGdec prio=6A7
2025-09-02 07:00:43 2025-09-02T14:00:43.549Z daemon INFO time="2025-09-02T07:00:43-07:00" level=info msg="Resolving include FS.h for arch esp32"
time="2025-09-02T07:00:43-07:00" level=info msg="  found better lib" lib=FS prio=6B0
2025-09-02 07:00:43 2025-09-02T14:00:43.549Z daemon INFO time="2025-09-02T07:00:43-07:00" level=info msg="Resolving include SD_MMC.h for arch esp32"
time="2025-09-02T07:00:43-07:00" level=info msg="  found better lib" lib=SD_MMC prio=6B0
2025-09-02 07:00:50 2025-09-02T14:00:50.629Z root INFO Executing 'arduino.languageserver.notifyBuildDidComplete' with "file:///home/aaron/.cache/arduino/sketches/89803B37EA33ECC28185FD29751C8FD7"
2025-09-02 07:00:50 2025-09-02T14:00:50.749Z daemon INFO time="2025-09-02T07:00:50-07:00" level=info msg="Tool required for debug" tool="arduino:dfu-util@0.11.0-arduino5"
time="2025-09-02T07:00:50-07:00" level=info msg="Tool required for debug" tool="esp32:esp-rv32@2411"
time="2025-09-02T07:00:50-07:00" level=info msg="Tool required for debug" tool="esp32:esp-x32@2411"
time="2025-09-02T07:00:50-07:00" level=info msg="Tool required for debug" tool="esp32:esp32-arduino-libs@idf-release_v5.5-b66b5448-v1"
time="2025-09-02T07:00:50-07:00" level=info msg="Tool required for debug" tool="esp32:esptool_py@5.0.0"
time="2025-09-02T07:00:50-07:00" level=info msg="Tool required for debug" tool="esp32:mklittlefs@3.0.0-gnu12-dc7f933"
time="2025-09-02T07:00:50-07:00" level=info msg="Tool required for debug" tool="esp32:mkspiffs@0.2.3"
time="2025-09-02T07:00:50-07:00" level=info msg="Tool required for debug" tool="esp32:openocd-esp32@v0.12.0-esp32-20250422"
2025-09-02 07:00:50 2025-09-02T14:00:50.749Z daemon INFO time="2025-09-02T07:00:50-07:00" level=info msg="Tool required for debug" tool="esp32:riscv32-esp-elf-gdb@16.2_20250324"
time="2025-09-02T07:00:50-07:00" level=info msg="Tool required for debug" tool="esp32:xtensa-esp-elf-gdb@16.2_20250324"
time="2025-09-02T07:00:50-07:00" level=info msg="Tool required for debug" tool="builtin:dfu-discovery@0.1.2"
time="2025-09-02T07:00:50-07:00" level=info msg="Tool required for debug" tool="builtin:mdns-discovery@1.0.9"
time="2025-09-02T07:00:50-07:00" level=info msg="Tool required for debug" tool="builtin:serial-monitor@0.15.0"
time="2025-09-02T07:00:50-07:00" level=info msg="Tool required for debug" tool="builtin:ctags@5.8-arduino11"
time="2025-09-02T07:00:50-07:00" level=info msg="Tool required for debug" tool="arduino:arduinoOTA@1.3.0"
time="2025-09-02T07:00:50-07:00" level=info msg="Tool required for debug" tool="arduino:avrdude@6.3.0-arduino17"
time="2025-09-02T07:00:50-07:00" level=info msg="Tool required for debug" tool="arduino:bossac@1.9.1-arduino5"
time="2025-09-02T07:00:50-07:00" level=info msg="Tool required for debug" tool="builtin:serial-discovery@1.4.1"
time="2025-09-02T07:00:50-07:00" level=info msg="Tool required for debug" tool="arduino:openocd@0.11.0-arduino2"
time="2025-09-02T07:00:50-07:00" level=info msg="Tool required for debug" tool="arduino:avr-gcc@7.3.0-atmel3.6.1-arduino7"
time="2025-09-02T07:00:50-07:00" level=info msg="Tool required for debug" tool="arduino:arm-none-eabi-gcc@7-2017q4"
2025-09-02 07:00:50 2025-09-02T14:00:50.754Z daemon INFO time="2025-09-02T07:00:50-07:00" level=info msg="Tool required for debug" tool="arduino:dfu-util@0.11.0-arduino5"
time="2025-09-02T07:00:50-07:00" level=info msg="Tool required for debug" tool="esp32:esp-rv32@2411"
time="2025-09-02T07:00:50-07:00" level=info msg="Tool required for debug" tool="esp32:esp-x32@2411"
time="2025-09-02T07:00:50-07:00" level=info msg="Tool required for debug" tool="esp32:esp32-arduino-libs@idf-release_v5.5-b66b5448-v1"
time="2025-09-02T07:00:50-07:00" level=info msg="Tool required for debug" tool="esp32:esptool_py@5.0.0"
time="2025-09-02T07:00:50-07:00" level=info msg="Tool required for debug" tool="esp32:mklittlefs@3.0.0-gnu12-dc7f933"
2025-09-02 07:00:50 2025-09-02T14:00:50.754Z daemon INFO time="2025-09-02T07:00:50-07:00" level=info msg="Tool required for debug" tool="esp32:mkspiffs@0.2.3"
time="2025-09-02T07:00:50-07:00" level=info msg="Tool required for debug" tool="esp32:openocd-esp32@v0.12.0-esp32-20250422"
time="2025-09-02T07:00:50-07:00" level=info msg="Tool required for debug" tool="esp32:riscv32-esp-elf-gdb@16.2_20250324"
time="2025-09-02T07:00:50-07:00" level=info msg="Tool required for debug" tool="esp32:xtensa-esp-elf-gdb@16.2_20250324"
time="2025-09-02T07:00:50-07:00" level=info msg="Tool required for debug" tool="builtin:serial-discovery@1.4.1"
time="2025-09-02T07:00:50-07:00" level=info msg="Tool required for debug" tool="builtin:dfu-discovery@0.1.2"
time="2025-09-02T07:00:50-07:00" level=info msg="Tool required for debug" tool="arduino:arduinoOTA@1.3.0"
time="2025-09-02T07:00:50-07:00" level=info msg="Tool required for debug" tool="arduino:openocd@0.11.0-arduino2"
time="2025-09-02T07:00:50-07:00" level=info msg="Tool required for debug" tool="arduino:bossac@1.9.1-arduino5"
time="2025-09-02T07:00:50-07:00" level=info msg="Tool required for debug" tool="builtin:ctags@5.8-arduino11"
2025-09-02 07:00:50 2025-09-02T14:00:50.754Z daemon INFO time="2025-09-02T07:00:50-07:00" level=info msg="Tool required for debug" tool="arduino:avrdude@6.3.0-arduino17"
time="2025-09-02T07:00:50-07:00" level=info msg="Tool required for debug" tool="builtin:mdns-discovery@1.0.9"
time="2025-09-02T07:00:50-07:00" level=info msg="Tool required for debug" tool="builtin:serial-monitor@0.15.0"
time="2025-09-02T07:00:50-07:00" level=info msg="Tool required for debug" tool="arduino:arm-none-eabi-gcc@7-2017q4"
time="2025-09-02T07:00:50-07:00" level=info msg="Tool required for debug" tool="arduino:avr-gcc@7.3.0-atmel3.6.1-arduino7"
2025-09-02 07:00:50 2025-09-02T14:00:50.759Z daemon INFO time="2025-09-02T07:00:50-07:00" level=info msg="Tool required for debug" tool="arduino:dfu-util@0.11.0-arduino5"
time="2025-09-02T07:00:50-07:00" level=info msg="Tool required for debug" tool="esp32:esp-rv32@2411"
time="2025-09-02T07:00:50-07:00" level=info msg="Tool required for debug" tool="esp32:esp-x32@2411"
time="2025-09-02T07:00:50-07:00" level=info msg="Tool required for debug" tool="esp32:esp32-arduino-libs@idf-release_v5.5-b66b5448-v1"
time="2025-09-02T07:00:50-07:00" level=info msg="Tool required for debug" tool="esp32:esptool_py@5.0.0"
time="2025-09-02T07:00:50-07:00" level=info msg="Tool required for debug" tool="esp32:mklittlefs@3.0.0-gnu12-dc7f933"
time="2025-09-02T07:00:50-07:00" level=info msg="Tool required for debug" tool="esp32:mkspiffs@0.2.3"
2025-09-02 07:00:50 2025-09-02T14:00:50.759Z daemon INFO time="2025-09-02T07:00:50-07:00" level=info msg="Tool required for debug" tool="esp32:openocd-esp32@v0.12.0-esp32-20250422"
time="2025-09-02T07:00:50-07:00" level=info msg="Tool required for debug" tool="esp32:riscv32-esp-elf-gdb@16.2_20250324"
time="2025-09-02T07:00:50-07:00" level=info msg="Tool required for debug" tool="esp32:xtensa-esp-elf-gdb@16.2_20250324"
time="2025-09-02T07:00:50-07:00" level=info msg="Tool required for debug" tool="builtin:ctags@5.8-arduino11"
time="2025-09-02T07:00:50-07:00" level=info msg="Tool required for debug" tool="arduino:arm-none-eabi-gcc@7-2017q4"
time="2025-09-02T07:00:50-07:00" level=info msg="Tool required for debug" tool="builtin:serial-monitor@0.15.0"
time="2025-09-02T07:00:50-07:00" level=info msg="Tool required for debug" tool="arduino:arduinoOTA@1.3.0"
time="2025-09-02T07:00:50-07:00" level=info msg="Tool required for debug" tool="arduino:avrdude@6.3.0-arduino17"
time="2025-09-02T07:00:50-07:00" level=info msg="Tool required for debug" tool="arduino:openocd@0.11.0-arduino2"
time="2025-09-02T07:00:50-07:00" level=info msg="Tool required for debug" tool="builtin:mdns-discovery@1.0.9"
time="2025-09-02T07:00:50-07:00" level=info msg="Tool required for debug" tool="builtin:dfu-discovery@0.1.2"
time="2025-09-02T07:00:50-07:00" level=info msg="Tool required for debug" tool="arduino:avr-gcc@7.3.0-atmel3.6.1-arduino7"
2025-09-02 07:00:50 2025-09-02T14:00:50.759Z daemon INFO time="2025-09-02T07:00:50-07:00" level=info msg="Tool required for debug" tool="arduino:bossac@1.9.1-arduino5"
time="2025-09-02T07:00:50-07:00" level=info msg="Tool required for debug" tool="builtin:serial-discovery@1.4.1"
2025-09-02 07:00:50 2025-09-02T14:00:50.764Z daemon INFO time="2025-09-02T07:00:50-07:00" level=info msg="Tool required for debug" tool="arduino:dfu-util@0.11.0-arduino5"
time="2025-09-02T07:00:50-07:00" level=info msg="Tool required for debug" tool="esp32:esp-rv32@2411"
time="2025-09-02T07:00:50-07:00" level=info msg="Tool required for debug" tool="esp32:esp-x32@2411"
time="2025-09-02T07:00:50-07:00" level=info msg="Tool required for debug" tool="esp32:esp32-arduino-libs@idf-release_v5.5-b66b5448-v1"
time="2025-09-02T07:00:50-07:00" level=info msg="Tool required for debug" tool="esp32:esptool_py@5.0.0"
time="2025-09-02T07:00:50-07:00" level=info msg="Tool required for debug" tool="esp32:mklittlefs@3.0.0-gnu12-dc7f933"
2025-09-02 07:00:50 2025-09-02T14:00:50.764Z daemon INFO time="2025-09-02T07:00:50-07:00" level=info msg="Tool required for debug" tool="esp32:mkspiffs@0.2.3"
time="2025-09-02T07:00:50-07:00" level=info msg="Tool required for debug" tool="esp32:openocd-esp32@v0.12.0-esp32-20250422"
time="2025-09-02T07:00:50-07:00" level=info msg="Tool required for debug" tool="esp32:riscv32-esp-elf-gdb@16.2_20250324"
time="2025-09-02T07:00:50-07:00" level=info msg="Tool required for debug" tool="esp32:xtensa-esp-elf-gdb@16.2_20250324"
time="2025-09-02T07:00:50-07:00" level=info msg="Tool required for debug" tool="builtin:dfu-discovery@0.1.2"
time="2025-09-02T07:00:50-07:00" level=info msg="Tool required for debug" tool="arduino:avr-gcc@7.3.0-atmel3.6.1-arduino7"
time="2025-09-02T07:00:50-07:00" level=info msg="Tool required for debug" tool="arduino:openocd@0.11.0-arduino2"
time="2025-09-02T07:00:50-07:00" level=info msg="Tool required for debug" tool="builtin:ctags@5.8-arduino11"
time="2025-09-02T07:00:50-07:00" level=info msg="Tool required for debug" tool="arduino:avrdude@6.3.0-arduino17"
time="2025-09-02T07:00:50-07:00" level=info msg="Tool required for debug" tool="builtin:serial-monitor@0.15.0"
2025-09-02 07:00:50 2025-09-02T14:00:50.764Z daemon INFO time="2025-09-02T07:00:50-07:00" level=info msg="Tool required for debug" tool="builtin:serial-discovery@1.4.1"
time="2025-09-02T07:00:50-07:00" level=info msg="Tool required for debug" tool="arduino:arduinoOTA@1.3.0"
time="2025-09-02T07:00:50-07:00" level=info msg="Tool required for debug" tool="arduino:bossac@1.9.1-arduino5"
time="2025-09-02T07:00:50-07:00" level=info msg="Tool required for debug" tool="arduino:arm-none-eabi-gcc@7-2017q4"
time="2025-09-02T07:00:50-07:00" level=info msg="Tool required for debug" tool="builtin:mdns-discovery@1.0.9"
2025-09-02 07:00:50 2025-09-02T14:00:50.769Z daemon INFO time="2025-09-02T07:00:50-07:00" level=info msg="Tool required for debug" tool="arduino:dfu-util@0.11.0-arduino5"
time="2025-09-02T07:00:50-07:00" level=info msg="Tool required for debug" tool="esp32:esp-rv32@2411"
time="2025-09-02T07:00:50-07:00" level=info msg="Tool required for debug" tool="esp32:esp-x32@2411"
time="2025-09-02T07:00:50-07:00" level=info msg="Tool required for debug" tool="esp32:esp32-arduino-libs@idf-release_v5.5-b66b5448-v1"
time="2025-09-02T07:00:50-07:00" level=info msg="Tool required for debug" tool="esp32:esptool_py@5.0.0"
time="2025-09-02T07:00:50-07:00" level=info msg="Tool required for debug" tool="esp32:mklittlefs@3.0.0-gnu12-dc7f933"
time="2025-09-02T07:00:50-07:00" level=info msg="Tool required for debug" tool="esp32:mkspiffs@0.2.3"
2025-09-02 07:00:50 2025-09-02T14:00:50.769Z daemon INFO time="2025-09-02T07:00:50-07:00" level=info msg="Tool required for debug" tool="esp32:openocd-esp32@v0.12.0-esp32-20250422"
time="2025-09-02T07:00:50-07:00" level=info msg="Tool required for debug" tool="esp32:riscv32-esp-elf-gdb@16.2_20250324"
time="2025-09-02T07:00:50-07:00" level=info msg="Tool required for debug" tool="esp32:xtensa-esp-elf-gdb@16.2_20250324"
time="2025-09-02T07:00:50-07:00" level=info msg="Tool required for debug" tool="arduino:bossac@1.9.1-arduino5"
time="2025-09-02T07:00:50-07:00" level=info msg="Tool required for debug" tool="builtin:ctags@5.8-arduino11"
time="2025-09-02T07:00:50-07:00" level=info msg="Tool required for debug" tool="builtin:serial-monitor@0.15.0"
time="2025-09-02T07:00:50-07:00" level=info msg="Tool required for debug" tool="builtin:dfu-discovery@0.1.2"
time="2025-09-02T07:00:50-07:00" level=info msg="Tool required for debug" tool="builtin:serial-discovery@1.4.1"
time="2025-09-02T07:00:50-07:00" level=info msg="Tool required for debug" tool="arduino:openocd@0.11.0-arduino2"
time="2025-09-02T07:00:50-07:00" level=info msg="Tool required for debug" tool="arduino:avrdude@6.3.0-arduino17"
time="2025-09-02T07:00:50-07:00" level=info msg="Tool required for debug" tool="arduino:avr-gcc@7.3.0-atmel3.6.1-arduino7"
2025-09-02 07:00:50 2025-09-02T14:00:50.769Z daemon INFO time="2025-09-02T07:00:50-07:00" level=info msg="Tool required for debug" tool="builtin:mdns-discovery@1.0.9"
time="2025-09-02T07:00:50-07:00" level=info msg="Tool required for debug" tool="arduino:arduinoOTA@1.3.0"
time="2025-09-02T07:00:50-07:00" level=info msg="Tool required for debug" tool="arduino:arm-none-eabi-gcc@7-2017q4"
2025-09-02 07:00:50 2025-09-02T14:00:50.786Z daemon INFO time="2025-09-02T07:00:50-07:00" level=info msg="Tool required for debug" tool="arduino:dfu-util@0.11.0-arduino5"
time="2025-09-02T07:00:50-07:00" level=info msg="Tool required for debug" tool="esp32:esp-rv32@2411"
time="2025-09-02T07:00:50-07:00" level=info msg="Tool required for debug" tool="esp32:esp-x32@2411"
time="2025-09-02T07:00:50-07:00" level=info msg="Tool required for debug" tool="esp32:esp32-arduino-libs@idf-release_v5.5-b66b5448-v1"
time="2025-09-02T07:00:50-07:00" level=info msg="Tool required for debug" tool="esp32:esptool_py@5.0.0"
time="2025-09-02T07:00:50-07:00" level=info msg="Tool required for debug" tool="esp32:mklittlefs@3.0.0-gnu12-dc7f933"
2025-09-02 07:00:50 2025-09-02T14:00:50.787Z daemon INFO time="2025-09-02T07:00:50-07:00" level=info msg="Tool required for debug" tool="esp32:mkspiffs@0.2.3"
time="2025-09-02T07:00:50-07:00" level=info msg="Tool required for debug" tool="esp32:openocd-esp32@v0.12.0-esp32-20250422"
time="2025-09-02T07:00:50-07:00" level=info msg="Tool required for debug" tool="esp32:riscv32-esp-elf-gdb@16.2_20250324"
time="2025-09-02T07:00:50-07:00" level=info msg="Tool required for debug" tool="esp32:xtensa-esp-elf-gdb@16.2_20250324"
time="2025-09-02T07:00:50-07:00" level=info msg="Tool required for debug" tool="builtin:serial-monitor@0.15.0"
time="2025-09-02T07:00:50-07:00" level=info msg="Tool required for debug" tool="arduino:openocd@0.11.0-arduino2"
time="2025-09-02T07:00:50-07:00" level=info msg="Tool required for debug" tool="builtin:serial-discovery@1.4.1"
time="2025-09-02T07:00:50-07:00" level=info msg="Tool required for debug" tool="arduino:avrdude@6.3.0-arduino17"
time="2025-09-02T07:00:50-07:00" level=info msg="Tool required for debug" tool="arduino:arm-none-eabi-gcc@7-2017q4"
time="2025-09-02T07:00:50-07:00" level=info msg="Tool required for debug" tool="arduino:avr-gcc@7.3.0-atmel3.6.1-arduino7"
time="2025-09-02T07:00:50-07:00" level=info msg="Tool required for debug" tool="arduino:bossac@1.9.1-arduino5"
time="2025-09-02T07:00:50-07:00" level=info msg="Tool required for debug" tool="arduino:arduinoOTA@1.3.0"
2025-09-02 07:00:50 2025-09-02T14:00:50.787Z daemon INFO time="2025-09-02T07:00:50-07:00" level=info msg="Tool required for debug" tool="builtin:ctags@5.8-arduino11"
time="2025-09-02T07:00:50-07:00" level=info msg="Tool required for debug" tool="builtin:dfu-discovery@0.1.2"
time="2025-09-02T07:00:50-07:00" level=info msg="Tool required for debug" tool="builtin:mdns-discovery@1.0.9"
2025-09-02 07:00:50 2025-09-02T14:00:50.795Z daemon INFO time="2025-09-02T07:00:50-07:00" level=info msg="Tool required for debug" tool="arduino:dfu-util@0.11.0-arduino5"
time="2025-09-02T07:00:50-07:00" level=info msg="Tool required for debug" tool="esp32:esp-rv32@2411"
time="2025-09-02T07:00:50-07:00" level=info msg="Tool required for debug" tool="esp32:esp-x32@2411"
time="2025-09-02T07:00:50-07:00" level=info msg="Tool required for debug" tool="esp32:esp32-arduino-libs@idf-release_v5.5-b66b5448-v1"
time="2025-09-02T07:00:50-07:00" level=info msg="Tool required for debug" tool="esp32:esptool_py@5.0.0"
2025-09-02 07:00:50 2025-09-02T14:00:50.795Z daemon INFO time="2025-09-02T07:00:50-07:00" level=info msg="Tool required for debug" tool="esp32:mklittlefs@3.0.0-gnu12-dc7f933"
time="2025-09-02T07:00:50-07:00" level=info msg="Tool required for debug" tool="esp32:mkspiffs@0.2.3"
time="2025-09-02T07:00:50-07:00" level=info msg="Tool required for debug" tool="esp32:openocd-esp32@v0.12.0-esp32-20250422"
time="2025-09-02T07:00:50-07:00" level=info msg="Tool required for debug" tool="esp32:riscv32-esp-elf-gdb@16.2_20250324"
time="2025-09-02T07:00:50-07:00" level=info msg="Tool required for debug" tool="esp32:xtensa-esp-elf-gdb@16.2_20250324"
time="2025-09-02T07:00:50-07:00" level=info msg="Tool required for debug" tool="arduino:arm-none-eabi-gcc@7-2017q4"
time="2025-09-02T07:00:50-07:00" level=info msg="Tool required for debug" tool="arduino:avr-gcc@7.3.0-atmel3.6.1-arduino7"
2025-09-02 07:00:50 2025-09-02T14:00:50.795Z daemon INFO time="2025-09-02T07:00:50-07:00" level=info msg="Tool required for debug" tool="arduino:openocd@0.11.0-arduino2"
time="2025-09-02T07:00:50-07:00" level=info msg="Tool required for debug" tool="builtin:ctags@5.8-arduino11"
time="2025-09-02T07:00:50-07:00" level=info msg="Tool required for debug" tool="builtin:dfu-discovery@0.1.2"
2025-09-02 07:00:50 2025-09-02T14:00:50.795Z daemon INFO time="2025-09-02T07:00:50-07:00" level=info msg="Tool required for debug" tool="arduino:arduinoOTA@1.3.0"
time="2025-09-02T07:00:50-07:00" level=info msg="Tool required for debug" tool="builtin:serial-discovery@1.4.1"
time="2025-09-02T07:00:50-07:00" level=info msg="Tool required for debug" tool="arduino:avrdude@6.3.0-arduino17"
2025-09-02 07:00:50 2025-09-02T14:00:50.795Z daemon INFO time="2025-09-02T07:00:50-07:00" level=info msg="Tool required for debug" tool="builtin:mdns-discovery@1.0.9"
time="2025-09-02T07:00:50-07:00" level=info msg="Tool required for debug" tool="arduino:bossac@1.9.1-arduino5"
time="2025-09-02T07:00:50-07:00" level=info msg="Tool required for debug" tool="builtin:serial-monitor@0.15.0"
2025-09-02 07:00:50 2025-09-02T14:00:50.803Z daemon INFO time="2025-09-02T07:00:50-07:00" level=info msg="Tool required for debug" tool="arduino:dfu-util@0.11.0-arduino5"
time="2025-09-02T07:00:50-07:00" level=info msg="Tool required for debug" tool="esp32:esp-rv32@2411"
time="2025-09-02T07:00:50-07:00" level=info msg="Tool required for debug" tool="esp32:esp-x32@2411"
time="2025-09-02T07:00:50-07:00" level=info msg="Tool required for debug" tool="esp32:esp32-arduino-libs@idf-release_v5.5-b66b5448-v1"
time="2025-09-02T07:00:50-07:00" level=info msg="Tool required for debug" tool="esp32:esptool_py@5.0.0"
time="2025-09-02T07:00:50-07:00" level=info msg="Tool required for debug" tool="esp32:mklittlefs@3.0.0-gnu12-dc7f933"
2025-09-02 07:00:50 2025-09-02T14:00:50.803Z daemon INFO time="2025-09-02T07:00:50-07:00" level=info msg="Tool required for debug" tool="esp32:mkspiffs@0.2.3"
time="2025-09-02T07:00:50-07:00" level=info msg="Tool required for debug" tool="esp32:openocd-esp32@v0.12.0-esp32-20250422"
time="2025-09-02T07:00:50-07:00" level=info msg="Tool required for debug" tool="esp32:riscv32-esp-elf-gdb@16.2_20250324"
time="2025-09-02T07:00:50-07:00" level=info msg="Tool required for debug" tool="esp32:xtensa-esp-elf-gdb@16.2_20250324"
time="2025-09-02T07:00:50-07:00" level=info msg="Tool required for debug" tool="arduino:openocd@0.11.0-arduino2"
time="2025-09-02T07:00:50-07:00" level=info msg="Tool required for debug" tool="builtin:dfu-discovery@0.1.2"
time="2025-09-02T07:00:50-07:00" level=info msg="Tool required for debug" tool="builtin:ctags@5.8-arduino11"
time="2025-09-02T07:00:50-07:00" level=info msg="Tool required for debug" tool="arduino:arm-none-eabi-gcc@7-2017q4"
time="2025-09-02T07:00:50-07:00" level=info msg="Tool required for debug" tool="arduino:avr-gcc@7.3.0-atmel3.6.1-arduino7"
time="2025-09-02T07:00:50-07:00" level=info msg="Tool required for debug" tool="arduino:bossac@1.9.1-arduino5"
2025-09-02 07:00:50 2025-09-02T14:00:50.803Z daemon INFO time="2025-09-02T07:00:50-07:00" level=info msg="Tool required for debug" tool="arduino:avrdude@6.3.0-arduino17"
time="2025-09-02T07:00:50-07:00" level=info msg="Tool required for debug" tool="builtin:serial-discovery@1.4.1"
time="2025-09-02T07:00:50-07:00" level=info msg="Tool required for debug" tool="arduino:arduinoOTA@1.3.0"
time="2025-09-02T07:00:50-07:00" level=info msg="Tool required for debug" tool="builtin:mdns-discovery@1.0.9"
2025-09-02 07:00:50 2025-09-02T14:00:50.804Z daemon INFO time="2025-09-02T07:00:50-07:00" level=info msg="Tool required for debug" tool="builtin:serial-monitor@0.15.0"
2025-09-02 07:00:50 2025-09-02T14:00:50.811Z daemon INFO time="2025-09-02T07:00:50-07:00" level=info msg="Tool required for debug" tool="arduino:dfu-util@0.11.0-arduino5"
time="2025-09-02T07:00:50-07:00" level=info msg="Tool required for debug" tool="esp32:esp-rv32@2411"
2025-09-02 07:00:50 2025-09-02T14:00:50.811Z daemon INFO time="2025-09-02T07:00:50-07:00" level=info msg="Tool required for debug" tool="esp32:esp-x32@2411"
time="2025-09-02T07:00:50-07:00" level=info msg="Tool required for debug" tool="esp32:esp32-arduino-libs@idf-release_v5.5-b66b5448-v1"
time="2025-09-02T07:00:50-07:00" level=info msg="Tool required for debug" tool="esp32:esptool_py@5.0.0"
time="2025-09-02T07:00:50-07:00" level=info msg="Tool required for debug" tool="esp32:mklittlefs@3.0.0-gnu12-dc7f933"
time="2025-09-02T07:00:50-07:00" level=info msg="Tool required for debug" tool="esp32:mkspiffs@0.2.3"
time="2025-09-02T07:00:50-07:00" level=info msg="Tool required for debug" tool="esp32:openocd-esp32@v0.12.0-esp32-20250422"
time="2025-09-02T07:00:50-07:00" level=info msg="Tool required for debug" tool="esp32:riscv32-esp-elf-gdb@16.2_20250324"
time="2025-09-02T07:00:50-07:00" level=info msg="Tool required for debug" tool="esp32:xtensa-esp-elf-gdb@16.2_20250324"
2025-09-02 07:00:50 2025-09-02T14:00:50.812Z daemon INFO time="2025-09-02T07:00:50-07:00" level=info msg="Tool required for debug" tool="arduino:arduinoOTA@1.3.0"
time="2025-09-02T07:00:50-07:00" level=info msg="Tool required for debug" tool="arduino:arm-none-eabi-gcc@7-2017q4"
time="2025-09-02T07:00:50-07:00" level=info msg="Tool required for debug" tool="builtin:dfu-discovery@0.1.2"
time="2025-09-02T07:00:50-07:00" level=info msg="Tool required for debug" tool="builtin:mdns-discovery@1.0.9"
2025-09-02 07:00:50 2025-09-02T14:00:50.812Z daemon INFO time="2025-09-02T07:00:50-07:00" level=info msg="Tool required for debug" tool="arduino:openocd@0.11.0-arduino2"
time="2025-09-02T07:00:50-07:00" level=info msg="Tool required for debug" tool="arduino:avrdude@6.3.0-arduino17"
time="2025-09-02T07:00:50-07:00" level=info msg="Tool required for debug" tool="arduino:bossac@1.9.1-arduino5"
2025-09-02 07:00:50 2025-09-02T14:00:50.812Z daemon INFO time="2025-09-02T07:00:50-07:00" level=info msg="Tool required for debug" tool="builtin:serial-discovery@1.4.1"
time="2025-09-02T07:00:50-07:00" level=info msg="Tool required for debug" tool="arduino:avr-gcc@7.3.0-atmel3.6.1-arduino7"
time="2025-09-02T07:00:50-07:00" level=info msg="Tool required for debug" tool="builtin:serial-monitor@0.15.0"
2025-09-02 07:00:50 2025-09-02T14:00:50.812Z daemon INFO time="2025-09-02T07:00:50-07:00" level=info msg="Tool required for debug" tool="builtin:ctags@5.8-arduino11"
2025-09-02 07:00:50 2025-09-02T14:00:50.820Z daemon INFO time="2025-09-02T07:00:50-07:00" level=info msg="Tool required for debug" tool="arduino:dfu-util@0.11.0-arduino5"
time="2025-09-02T07:00:50-07:00" level=info msg="Tool required for debug" tool="esp32:esp-rv32@2411"
time="2025-09-02T07:00:50-07:00" level=info msg="Tool required for debug" tool="esp32:esp-x32@2411"
time="2025-09-02T07:00:50-07:00" level=info msg="Tool required for debug" tool="esp32:esp32-arduino-libs@idf-release_v5.5-b66b5448-v1"
2025-09-02 07:00:50 2025-09-02T14:00:50.820Z daemon INFO time="2025-09-02T07:00:50-07:00" level=info msg="Tool required for debug" tool="esp32:esptool_py@5.0.0"
time="2025-09-02T07:00:50-07:00" level=info msg="Tool required for debug" tool="esp32:mklittlefs@3.0.0-gnu12-dc7f933"
time="2025-09-02T07:00:50-07:00" level=info msg="Tool required for debug" tool="esp32:mkspiffs@0.2.3"
time="2025-09-02T07:00:50-07:00" level=info msg="Tool required for debug" tool="esp32:openocd-esp32@v0.12.0-esp32-20250422"
time="2025-09-02T07:00:50-07:00" level=info msg="Tool required for debug" tool="esp32:riscv32-esp-elf-gdb@16.2_20250324"
time="2025-09-02T07:00:50-07:00" level=info msg="Tool required for debug" tool="esp32:xtensa-esp-elf-gdb@16.2_20250324"
time="2025-09-02T07:00:50-07:00" level=info msg="Tool required for debug" tool="builtin:dfu-discovery@0.1.2"
2025-09-02 07:00:50 2025-09-02T14:00:50.820Z daemon INFO time="2025-09-02T07:00:50-07:00" level=info msg="Tool required for debug" tool="arduino:avrdude@6.3.0-arduino17"
time="2025-09-02T07:00:50-07:00" level=info msg="Tool required for debug" tool="builtin:ctags@5.8-arduino11"
time="2025-09-02T07:00:50-07:00" level=info msg="Tool required for debug" tool="arduino:openocd@0.11.0-arduino2"
2025-09-02 07:00:50 2025-09-02T14:00:50.820Z daemon INFO time="2025-09-02T07:00:50-07:00" level=info msg="Tool required for debug" tool="builtin:serial-discovery@1.4.1"
2025-09-02 07:00:50 2025-09-02T14:00:50.820Z daemon INFO time="2025-09-02T07:00:50-07:00" level=info msg="Tool required for debug" tool="arduino:arm-none-eabi-gcc@7-2017q4"
time="2025-09-02T07:00:50-07:00" level=info msg="Tool required for debug" tool="arduino:bossac@1.9.1-arduino5"
time="2025-09-02T07:00:50-07:00" level=info msg="Tool required for debug" tool="builtin:mdns-discovery@1.0.9"
2025-09-02 07:00:50 2025-09-02T14:00:50.820Z daemon INFO time="2025-09-02T07:00:50-07:00" level=info msg="Tool required for debug" tool="arduino:arduinoOTA@1.3.0"
time="2025-09-02T07:00:50-07:00" level=info msg="Tool required for debug" tool="arduino:avr-gcc@7.3.0-atmel3.6.1-arduino7"
time="2025-09-02T07:00:50-07:00" level=info msg="Tool required for debug" tool="builtin:serial-monitor@0.15.0"
2025-09-02 07:00:50 2025-09-02T14:00:50.827Z daemon INFO time="2025-09-02T07:00:50-07:00" level=info msg="Tool required for debug" tool="arduino:dfu-util@0.11.0-arduino5"
time="2025-09-02T07:00:50-07:00" level=info msg="Tool required for debug" tool="esp32:esp-rv32@2411"
2025-09-02 07:00:50 2025-09-02T14:00:50.827Z daemon INFO time="2025-09-02T07:00:50-07:00" level=info msg="Tool required for debug" tool="esp32:esp-x32@2411"
time="2025-09-02T07:00:50-07:00" level=info msg="Tool required for debug" tool="esp32:esp32-arduino-libs@idf-release_v5.5-b66b5448-v1"
time="2025-09-02T07:00:50-07:00" level=info msg="Tool required for debug" tool="esp32:esptool_py@5.0.0"
time="2025-09-02T07:00:50-07:00" level=info msg="Tool required for debug" tool="esp32:mklittlefs@3.0.0-gnu12-dc7f933"
time="2025-09-02T07:00:50-07:00" level=info msg="Tool required for debug" tool="esp32:mkspiffs@0.2.3"
time="2025-09-02T07:00:50-07:00" level=info msg="Tool required for debug" tool="esp32:openocd-esp32@v0.12.0-esp32-20250422"
time="2025-09-02T07:00:50-07:00" level=info msg="Tool required for debug" tool="esp32:riscv32-esp-elf-gdb@16.2_20250324"
time="2025-09-02T07:00:50-07:00" level=info msg="Tool required for debug" tool="esp32:xtensa-esp-elf-gdb@16.2_20250324"
2025-09-02 07:00:50 2025-09-02T14:00:50.827Z daemon INFO time="2025-09-02T07:00:50-07:00" level=info msg="Tool required for debug" tool="arduino:bossac@1.9.1-arduino5"
time="2025-09-02T07:00:50-07:00" level=info msg="Tool required for debug" tool="builtin:serial-discovery@1.4.1"
2025-09-02 07:00:50 2025-09-02T14:00:50.827Z daemon INFO time="2025-09-02T07:00:50-07:00" level=info msg="Tool required for debug" tool="builtin:dfu-discovery@0.1.2"
2025-09-02 07:00:50 2025-09-02T14:00:50.827Z daemon INFO time="2025-09-02T07:00:50-07:00" level=info msg="Tool required for debug" tool="builtin:mdns-discovery@1.0.9"
time="2025-09-02T07:00:50-07:00" level=info msg="Tool required for debug" tool="arduino:openocd@0.11.0-arduino2"
2025-09-02 07:00:50 2025-09-02T14:00:50.827Z daemon INFO time="2025-09-02T07:00:50-07:00" level=info msg="Tool required for debug" tool="arduino:avrdude@6.3.0-arduino17"
time="2025-09-02T07:00:50-07:00" level=info msg="Tool required for debug" tool="builtin:ctags@5.8-arduino11"
2025-09-02 07:00:50 2025-09-02T14:00:50.827Z daemon INFO time="2025-09-02T07:00:50-07:00" level=info msg="Tool required for debug" tool="arduino:arm-none-eabi-gcc@7-2017q4"
time="2025-09-02T07:00:50-07:00" level=info msg="Tool required for debug" tool="arduino:avr-gcc@7.3.0-atmel3.6.1-arduino7"
time="2025-09-02T07:00:50-07:00" level=info msg="Tool required for debug" tool="arduino:arduinoOTA@1.3.0"
2025-09-02 07:00:50 2025-09-02T14:00:50.827Z daemon INFO time="2025-09-02T07:00:50-07:00" level=info msg="Tool required for debug" tool="builtin:serial-monitor@0.15.0"
2025-09-02 07:00:50 2025-09-02T14:00:50.833Z daemon INFO time="2025-09-02T07:00:50-07:00" level=info msg="Tool required for debug" tool="arduino:dfu-util@0.11.0-arduino5"
time="2025-09-02T07:00:50-07:00" level=info msg="Tool required for debug" tool="esp32:esp-rv32@2411"
time="2025-09-02T07:00:50-07:00" level=info msg="Tool required for debug" tool="esp32:esp-x32@2411"
time="2025-09-02T07:00:50-07:00" level=info msg="Tool required for debug" tool="esp32:esp32-arduino-libs@idf-release_v5.5-b66b5448-v1"
time="2025-09-02T07:00:50-07:00" level=info msg="Tool required for debug" tool="esp32:esptool_py@5.0.0"
2025-09-02 07:00:50 2025-09-02T14:00:50.834Z daemon INFO time="2025-09-02T07:00:50-07:00" level=info msg="Tool required for debug" tool="esp32:mklittlefs@3.0.0-gnu12-dc7f933"
time="2025-09-02T07:00:50-07:00" level=info msg="Tool required for debug" tool="esp32:mkspiffs@0.2.3"
time="2025-09-02T07:00:50-07:00" level=info msg="Tool required for debug" tool="esp32:openocd-esp32@v0.12.0-esp32-20250422"
time="2025-09-02T07:00:50-07:00" level=info msg="Tool required for debug" tool="esp32:riscv32-esp-elf-gdb@16.2_20250324"
time="2025-09-02T07:00:50-07:00" level=info msg="Tool required for debug" tool="esp32:xtensa-esp-elf-gdb@16.2_20250324"
time="2025-09-02T07:00:50-07:00" level=info msg="Tool required for debug" tool="builtin:dfu-discovery@0.1.2"
time="2025-09-02T07:00:50-07:00" level=info msg="Tool required for debug" tool="arduino:bossac@1.9.1-arduino5"
time="2025-09-02T07:00:50-07:00" level=info msg="Tool required for debug" tool="arduino:avr-gcc@7.3.0-atmel3.6.1-arduino7"
2025-09-02 07:00:50 2025-09-02T14:00:50.834Z daemon INFO time="2025-09-02T07:00:50-07:00" level=info msg="Tool required for debug" tool="arduino:avrdude@6.3.0-arduino17"
time="2025-09-02T07:00:50-07:00" level=info msg="Tool required for debug" tool="arduino:openocd@0.11.0-arduino2"
time="2025-09-02T07:00:50-07:00" level=info msg="Tool required for debug" tool="arduino:arduinoOTA@1.3.0"
time="2025-09-02T07:00:50-07:00" level=info msg="Tool required for debug" tool="builtin:mdns-discovery@1.0.9"
time="2025-09-02T07:00:50-07:00" level=info msg="Tool required for debug" tool="builtin:serial-discovery@1.4.1"
2025-09-02 07:00:50 2025-09-02T14:00:50.835Z daemon INFO time="2025-09-02T07:00:50-07:00" level=info msg="Tool required for debug" tool="builtin:serial-monitor@0.15.0"
time="2025-09-02T07:00:50-07:00" level=info msg="Tool required for debug" tool="arduino:arm-none-eabi-gcc@7-2017q4"
time="2025-09-02T07:00:50-07:00" level=info msg="Tool required for debug" tool="builtin:ctags@5.8-arduino11"
2025-09-02 07:00:50 2025-09-02T14:00:50.841Z daemon INFO time="2025-09-02T07:00:50-07:00" level=info msg="Tool required for debug" tool="arduino:dfu-util@0.11.0-arduino5"
time="2025-09-02T07:00:50-07:00" level=info msg="Tool required for debug" tool="esp32:esp-rv32@2411"
time="2025-09-02T07:00:50-07:00" level=info msg="Tool required for debug" tool="esp32:esp-x32@2411"
time="2025-09-02T07:00:50-07:00" level=info msg="Tool required for debug" tool="esp32:esp32-arduino-libs@idf-release_v5.5-b66b5448-v1"
time="2025-09-02T07:00:50-07:00" level=info msg="Tool required for debug" tool="esp32:esptool_py@5.0.0"
2025-09-02 07:00:50 2025-09-02T14:00:50.841Z daemon INFO time="2025-09-02T07:00:50-07:00" level=info msg="Tool required for debug" tool="esp32:mklittlefs@3.0.0-gnu12-dc7f933"
time="2025-09-02T07:00:50-07:00" level=info msg="Tool required for debug" tool="esp32:mkspiffs@0.2.3"
time="2025-09-02T07:00:50-07:00" level=info msg="Tool required for debug" tool="esp32:openocd-esp32@v0.12.0-esp32-20250422"
time="2025-09-02T07:00:50-07:00" level=info msg="Tool required for debug" tool="esp32:riscv32-esp-elf-gdb@16.2_20250324"
time="2025-09-02T07:00:50-07:00" level=info msg="Tool required for debug" tool="esp32:xtensa-esp-elf-gdb@16.2_20250324"
time="2025-09-02T07:00:50-07:00" level=info msg="Tool required for debug" tool="builtin:serial-monitor@0.15.0"
time="2025-09-02T07:00:50-07:00" level=info msg="Tool required for debug" tool="arduino:openocd@0.11.0-arduino2"
2025-09-02 07:00:50 2025-09-02T14:00:50.841Z daemon INFO time="2025-09-02T07:00:50-07:00" level=info msg="Tool required for debug" tool="builtin:ctags@5.8-arduino11"
time="2025-09-02T07:00:50-07:00" level=info msg="Tool required for debug" tool="builtin:dfu-discovery@0.1.2"
time="2025-09-02T07:00:50-07:00" level=info msg="Tool required for debug" tool="builtin:mdns-discovery@1.0.9"
2025-09-02 07:00:50 2025-09-02T14:00:50.841Z daemon INFO time="2025-09-02T07:00:50-07:00" level=info msg="Tool required for debug" tool="builtin:serial-discovery@1.4.1"
2025-09-02 07:00:50 2025-09-02T14:00:50.841Z daemon INFO time="2025-09-02T07:00:50-07:00" level=info msg="Tool required for debug" tool="arduino:avrdude@6.3.0-arduino17"
time="2025-09-02T07:00:50-07:00" level=info msg="Tool required for debug" tool="arduino:avr-gcc@7.3.0-atmel3.6.1-arduino7"
2025-09-02 07:00:50 2025-09-02T14:00:50.841Z daemon INFO time="2025-09-02T07:00:50-07:00" level=info msg="Tool required for debug" tool="arduino:bossac@1.9.1-arduino5"
time="2025-09-02T07:00:50-07:00" level=info msg="Tool required for debug" tool="arduino:arduinoOTA@1.3.0"
time="2025-09-02T07:00:50-07:00" level=info msg="Tool required for debug" tool="arduino:arm-none-eabi-gcc@7-2017q4"
2025-09-02 07:00:50 2025-09-02T14:00:50.848Z daemon INFO time="2025-09-02T07:00:50-07:00" level=info msg="Tool required for debug" tool="arduino:dfu-util@0.11.0-arduino5"
time="2025-09-02T07:00:50-07:00" level=info msg="Tool required for debug" tool="esp32:esp-rv32@2411"
2025-09-02 07:00:50 2025-09-02T14:00:50.848Z daemon INFO time="2025-09-02T07:00:50-07:00" level=info msg="Tool required for debug" tool="esp32:esp-x32@2411"
time="2025-09-02T07:00:50-07:00" level=info msg="Tool required for debug" tool="esp32:esp32-arduino-libs@idf-release_v5.5-b66b5448-v1"
time="2025-09-02T07:00:50-07:00" level=info msg="Tool required for debug" tool="esp32:esptool_py@5.0.0"
time="2025-09-02T07:00:50-07:00" level=info msg="Tool required for debug" tool="esp32:mklittlefs@3.0.0-gnu12-dc7f933"
time="2025-09-02T07:00:50-07:00" level=info msg="Tool required for debug" tool="esp32:mkspiffs@0.2.3"
time="2025-09-02T07:00:50-07:00" level=info msg="Tool required for debug" tool="esp32:openocd-esp32@v0.12.0-esp32-20250422"
time="2025-09-02T07:00:50-07:00" level=info msg="Tool required for debug" tool="esp32:riscv32-esp-elf-gdb@16.2_20250324"
time="2025-09-02T07:00:50-07:00" level=info msg="Tool required for debug" tool="esp32:xtensa-esp-elf-gdb@16.2_20250324"
2025-09-02 07:00:50 2025-09-02T14:00:50.848Z daemon INFO time="2025-09-02T07:00:50-07:00" level=info msg="Tool required for debug" tool="arduino:arm-none-eabi-gcc@7-2017q4"
time="2025-09-02T07:00:50-07:00" level=info msg="Tool required for debug" tool="builtin:serial-discovery@1.4.1"
time="2025-09-02T07:00:50-07:00" level=info msg="Tool required for debug" tool="arduino:avr-gcc@7.3.0-atmel3.6.1-arduino7"
2025-09-02 07:00:50 2025-09-02T14:00:50.848Z daemon INFO time="2025-09-02T07:00:50-07:00" level=info msg="Tool required for debug" tool="builtin:ctags@5.8-arduino11"
time="2025-09-02T07:00:50-07:00" level=info msg="Tool required for debug" tool="arduino:arduinoOTA@1.3.0"
time="2025-09-02T07:00:50-07:00" level=info msg="Tool required for debug" tool="arduino:avrdude@6.3.0-arduino17"
2025-09-02 07:00:50 2025-09-02T14:00:50.848Z daemon INFO time="2025-09-02T07:00:50-07:00" level=info msg="Tool required for debug" tool="builtin:dfu-discovery@0.1.2"
time="2025-09-02T07:00:50-07:00" level=info msg="Tool required for debug" tool="builtin:mdns-discovery@1.0.9"
2025-09-02 07:00:50 2025-09-02T14:00:50.848Z daemon INFO time="2025-09-02T07:00:50-07:00" level=info msg="Tool required for debug" tool="arduino:openocd@0.11.0-arduino2"
time="2025-09-02T07:00:50-07:00" level=info msg="Tool required for debug" tool="builtin:serial-monitor@0.15.0"
time="2025-09-02T07:00:50-07:00" level=info msg="Tool required for debug" tool="arduino:bossac@1.9.1-arduino5"
2025-09-02 07:00:50 2025-09-02T14:00:50.856Z daemon INFO time="2025-09-02T07:00:50-07:00" level=info msg="Tool required for debug" tool="arduino:dfu-util@0.11.0-arduino5"
time="2025-09-02T07:00:50-07:00" level=info msg="Tool required for debug" tool="esp32:esp-rv32@2411"
time="2025-09-02T07:00:50-07:00" level=info msg="Tool required for debug" tool="esp32:esp-x32@2411"
time="2025-09-02T07:00:50-07:00" level=info msg="Tool required for debug" tool="esp32:esp32-arduino-libs@idf-release_v5.5-b66b5448-v1"
2025-09-02 07:00:50 2025-09-02T14:00:50.856Z daemon INFO time="2025-09-02T07:00:50-07:00" level=info msg="Tool required for debug" tool="esp32:esptool_py@5.0.0"
time="2025-09-02T07:00:50-07:00" level=info msg="Tool required for debug" tool="esp32:mklittlefs@3.0.0-gnu12-dc7f933"
time="2025-09-02T07:00:50-07:00" level=info msg="Tool required for debug" tool="esp32:mkspiffs@0.2.3"
time="2025-09-02T07:00:50-07:00" level=info msg="Tool required for debug" tool="esp32:openocd-esp32@v0.12.0-esp32-20250422"
time="2025-09-02T07:00:50-07:00" level=info msg="Tool required for debug" tool="esp32:riscv32-esp-elf-gdb@16.2_20250324"
time="2025-09-02T07:00:50-07:00" level=info msg="Tool required for debug" tool="esp32:xtensa-esp-elf-gdb@16.2_20250324"
time="2025-09-02T07:00:50-07:00" level=info msg="Tool required for debug" tool="builtin:mdns-discovery@1.0.9"
time="2025-09-02T07:00:50-07:00" level=info msg="Tool required for debug" tool="builtin:dfu-discovery@0.1.2"
2025-09-02 07:00:50 2025-09-02T14:00:50.856Z daemon INFO time="2025-09-02T07:00:50-07:00" level=info msg="Tool required for debug" tool="builtin:ctags@5.8-arduino11"
time="2025-09-02T07:00:50-07:00" level=info msg="Tool required for debug" tool="arduino:arduinoOTA@1.3.0"
time="2025-09-02T07:00:50-07:00" level=info msg="Tool required for debug" tool="arduino:avrdude@6.3.0-arduino17"
2025-09-02 07:00:50 2025-09-02T14:00:50.856Z daemon INFO time="2025-09-02T07:00:50-07:00" level=info msg="Tool required for debug" tool="arduino:openocd@0.11.0-arduino2"
time="2025-09-02T07:00:50-07:00" level=info msg="Tool required for debug" tool="arduino:avr-gcc@7.3.0-atmel3.6.1-arduino7"
time="2025-09-02T07:00:50-07:00" level=info msg="Tool required for debug" tool="arduino:bossac@1.9.1-arduino5"
2025-09-02 07:00:50 2025-09-02T14:00:50.856Z daemon INFO time="2025-09-02T07:00:50-07:00" level=info msg="Tool required for debug" tool="builtin:serial-discovery@1.4.1"
time="2025-09-02T07:00:50-07:00" level=info msg="Tool required for debug" tool="builtin:serial-monitor@0.15.0"
2025-09-02 07:00:50 2025-09-02T14:00:50.856Z daemon INFO time="2025-09-02T07:00:50-07:00" level=info msg="Tool required for debug" tool="arduino:arm-none-eabi-gcc@7-2017q4"
2025-09-02 07:00:50 2025-09-02T14:00:50.863Z daemon INFO time="2025-09-02T07:00:50-07:00" level=info msg="Tool required for debug" tool="arduino:dfu-util@0.11.0-arduino5"
time="2025-09-02T07:00:50-07:00" level=info msg="Tool required for debug" tool="esp32:esp-rv32@2411"
time="2025-09-02T07:00:50-07:00" level=info msg="Tool required for debug" tool="esp32:esp-x32@2411"
time="2025-09-02T07:00:50-07:00" level=info msg="Tool required for debug" tool="esp32:esp32-arduino-libs@idf-release_v5.5-b66b5448-v1"
time="2025-09-02T07:00:50-07:00" level=info msg="Tool required for debug" tool="esp32:esptool_py@5.0.0"
2025-09-02 07:00:50 2025-09-02T14:00:50.863Z daemon INFO time="2025-09-02T07:00:50-07:00" level=info msg="Tool required for debug" tool="esp32:mklittlefs@3.0.0-gnu12-dc7f933"
time="2025-09-02T07:00:50-07:00" level=info msg="Tool required for debug" tool="esp32:mkspiffs@0.2.3"
time="2025-09-02T07:00:50-07:00" level=info msg="Tool required for debug" tool="esp32:openocd-esp32@v0.12.0-esp32-20250422"
time="2025-09-02T07:00:50-07:00" level=info msg="Tool required for debug" tool="esp32:riscv32-esp-elf-gdb@16.2_20250324"
time="2025-09-02T07:00:50-07:00" level=info msg="Tool required for debug" tool="esp32:xtensa-esp-elf-gdb@16.2_20250324"
time="2025-09-02T07:00:50-07:00" level=info msg="Tool required for debug" tool="arduino:bossac@1.9.1-arduino5"
time="2025-09-02T07:00:50-07:00" level=info msg="Tool required for debug" tool="arduino:openocd@0.11.0-arduino2"
time="2025-09-02T07:00:50-07:00" level=info msg="Tool required for debug" tool="builtin:serial-monitor@0.15.0"
2025-09-02 07:00:50 2025-09-02T14:00:50.863Z daemon INFO time="2025-09-02T07:00:50-07:00" level=info msg="Tool required for debug" tool="arduino:avr-gcc@7.3.0-atmel3.6.1-arduino7"
time="2025-09-02T07:00:50-07:00" level=info msg="Tool required for debug" tool="builtin:dfu-discovery@0.1.2"
time="2025-09-02T07:00:50-07:00" level=info msg="Tool required for debug" tool="builtin:mdns-discovery@1.0.9"
2025-09-02 07:00:50 2025-09-02T14:00:50.863Z daemon INFO time="2025-09-02T07:00:50-07:00" level=info msg="Tool required for debug" tool="arduino:avrdude@6.3.0-arduino17"
time="2025-09-02T07:00:50-07:00" level=info msg="Tool required for debug" tool="builtin:serial-discovery@1.4.1"
time="2025-09-02T07:00:50-07:00" level=info msg="Tool required for debug" tool="arduino:arm-none-eabi-gcc@7-2017q4"
2025-09-02 07:00:50 2025-09-02T14:00:50.863Z daemon INFO time="2025-09-02T07:00:50-07:00" level=info msg="Tool required for debug" tool="builtin:ctags@5.8-arduino11"
time="2025-09-02T07:00:50-07:00" level=info msg="Tool required for debug" tool="arduino:arduinoOTA@1.3.0"
2025-09-02 07:00:50 2025-09-02T14:00:50.870Z daemon INFO time="2025-09-02T07:00:50-07:00" level=info msg="Tool required for debug" tool="arduino:dfu-util@0.11.0-arduino5"
time="2025-09-02T07:00:50-07:00" level=info msg="Tool required for debug" tool="esp32:esp-rv32@2411"
time="2025-09-02T07:00:50-07:00" level=info msg="Tool required for debug" tool="esp32:esp-x32@2411"
time="2025-09-02T07:00:50-07:00" level=info msg="Tool required for debug" tool="esp32:esp32-arduino-libs@idf-release_v5.5-b66b5448-v1"
time="2025-09-02T07:00:50-07:00" level=info msg="Tool required for debug" tool="esp32:esptool_py@5.0.0"
2025-09-02 07:00:50 2025-09-02T14:00:50.870Z daemon INFO time="2025-09-02T07:00:50-07:00" level=info msg="Tool required for debug" tool="esp32:mklittlefs@3.0.0-gnu12-dc7f933"
time="2025-09-02T07:00:50-07:00" level=info msg="Tool required for debug" tool="esp32:mkspiffs@0.2.3"
time="2025-09-02T07:00:50-07:00" level=info msg="Tool required for debug" tool="esp32:openocd-esp32@v0.12.0-esp32-20250422"
time="2025-09-02T07:00:50-07:00" level=info msg="Tool required for debug" tool="esp32:riscv32-esp-elf-gdb@16.2_20250324"
time="2025-09-02T07:00:50-07:00" level=info msg="Tool required for debug" tool="esp32:xtensa-esp-elf-gdb@16.2_20250324"
time="2025-09-02T07:00:50-07:00" level=info msg="Tool required for debug" tool="builtin:dfu-discovery@0.1.2"
time="2025-09-02T07:00:50-07:00" level=info msg="Tool required for debug" tool="arduino:arm-none-eabi-gcc@7-2017q4"
time="2025-09-02T07:00:50-07:00" level=info msg="Tool required for debug" tool="arduino:avr-gcc@7.3.0-atmel3.6.1-arduino7"
time="2025-09-02T07:00:50-07:00" level=info msg="Tool required for debug" tool="arduino:bossac@1.9.1-arduino5"
time="2025-09-02T07:00:50-07:00" level=info msg="Tool required for debug" tool="builtin:ctags@5.8-arduino11"
2025-09-02 07:00:50 2025-09-02T14:00:50.870Z daemon INFO time="2025-09-02T07:00:50-07:00" level=info msg="Tool required for debug" tool="arduino:openocd@0.11.0-arduino2"
time="2025-09-02T07:00:50-07:00" level=info msg="Tool required for debug" tool="builtin:mdns-discovery@1.0.9"
time="2025-09-02T07:00:50-07:00" level=info msg="Tool required for debug" tool="builtin:serial-discovery@1.4.1"
2025-09-02 07:00:50 2025-09-02T14:00:50.870Z daemon INFO time="2025-09-02T07:00:50-07:00" level=info msg="Tool required for debug" tool="builtin:serial-monitor@0.15.0"
time="2025-09-02T07:00:50-07:00" level=info msg="Tool required for debug" tool="arduino:arduinoOTA@1.3.0"
time="2025-09-02T07:00:50-07:00" level=info msg="Tool required for debug" tool="arduino:avrdude@6.3.0-arduino17"
2025-09-02 07:00:50 2025-09-02T14:00:50.875Z daemon INFO time="2025-09-02T07:00:50-07:00" level=info msg="Tool required for debug" tool="arduino:dfu-util@0.11.0-arduino5"
time="2025-09-02T07:00:50-07:00" level=info msg="Tool required for debug" tool="esp32:esp-rv32@2411"
time="2025-09-02T07:00:50-07:00" level=info msg="Tool required for debug" tool="esp32:esp-x32@2411"
2025-09-02 07:00:50 2025-09-02T14:00:50.876Z daemon INFO time="2025-09-02T07:00:50-07:00" level=info msg="Tool required for debug" tool="esp32:esp32-arduino-libs@idf-release_v5.5-b66b5448-v1"
time="2025-09-02T07:00:50-07:00" level=info msg="Tool required for debug" tool="esp32:esptool_py@5.0.0"
time="2025-09-02T07:00:50-07:00" level=info msg="Tool required for debug" tool="esp32:mklittlefs@3.0.0-gnu12-dc7f933"
time="2025-09-02T07:00:50-07:00" level=info msg="Tool required for debug" tool="esp32:mkspiffs@0.2.3"
time="2025-09-02T07:00:50-07:00" level=info msg="Tool required for debug" tool="esp32:openocd-esp32@v0.12.0-esp32-20250422"
time="2025-09-02T07:00:50-07:00" level=info msg="Tool required for debug" tool="esp32:riscv32-esp-elf-gdb@16.2_20250324"
time="2025-09-02T07:00:50-07:00" level=info msg="Tool required for debug" tool="esp32:xtensa-esp-elf-gdb@16.2_20250324"
time="2025-09-02T07:00:50-07:00" level=info msg="Tool required for debug" tool="builtin:serial-discovery@1.4.1"
time="2025-09-02T07:00:50-07:00" level=info msg="Tool required for debug" tool="builtin:serial-monitor@0.15.0"
time="2025-09-02T07:00:50-07:00" level=info msg="Tool required for debug" tool="arduino:arduinoOTA@1.3.0"
2025-09-02 07:00:50 2025-09-02T14:00:50.876Z daemon INFO time="2025-09-02T07:00:50-07:00" level=info msg="Tool required for debug" tool="builtin:mdns-discovery@1.0.9"
time="2025-09-02T07:00:50-07:00" level=info msg="Tool required for debug" tool="builtin:dfu-discovery@0.1.2"
time="2025-09-02T07:00:50-07:00" level=info msg="Tool required for debug" tool="arduino:bossac@1.9.1-arduino5"
time="2025-09-02T07:00:50-07:00" level=info msg="Tool required for debug" tool="arduino:avrdude@6.3.0-arduino17"
time="2025-09-02T07:00:50-07:00" level=info msg="Tool required for debug" tool="arduino:arm-none-eabi-gcc@7-2017q4"
time="2025-09-02T07:00:50-07:00" level=info msg="Tool required for debug" tool="arduino:avr-gcc@7.3.0-atmel3.6.1-arduino7"
2025-09-02 07:00:50 2025-09-02T14:00:50.876Z daemon INFO time="2025-09-02T07:00:50-07:00" level=info msg="Tool required for debug" tool="arduino:openocd@0.11.0-arduino2"
time="2025-09-02T07:00:50-07:00" level=info msg="Tool required for debug" tool="builtin:ctags@5.8-arduino11"
2025-09-02 07:00:51 2025-09-02T14:00:51.699Z daemon INFO time="2025-09-02T07:00:51-07:00" level=info msg="Adding libraries dir" dir=/home/aaron/.arduino15/libraries isSingleLibrary=false location=ide
time="2025-09-02T07:00:51-07:00" level=info msg="Adding libraries dir" dir=/home/aaron/.arduino15/packages/esp32/hardware/esp32/3.3.0/libraries isSingleLibrary=false location=platform
time="2025-09-02T07:00:51-07:00" level=info msg="Adding libraries dir" dir=/home/aaron/Arduino/libraries isSingleLibrary=false location=user
2025-09-02 07:01:00 2025-09-02T14:01:00.286Z root INFO Received port after upload [arduino+serial:///dev/ttyACM0, esp32:esp32:esp32s3:UploadSpeed=921600,USBMode=hwcdc,CDCOnBoot=default,MSCOnBoot=default,DFUOnBoot=default,UploadMode=default,CPUFreq=240,FlashMode=qio,FlashSize=16M,PartitionScheme=app3M_fat9M_16MB,DebugLevel=none,PSRAM=opi,LoopCore=1,EventsCore=1,EraseFlash=none,JTAGAdapter=default,ZigbeeMode=default, bluetooth_scanner]. Before port: {"address":"/dev/ttyACM0","addressLabel":"/dev/ttyACM0","protocol":"serial","protocolLabel":"Serial Port (USB)","properties":{"pid":"0x1001","serialNumber":"94:A9:90:7D:0E:B4","vid":"0x303a"},"hardwareId":"94:A9:90:7D:0E:B4"}, after port: {"address":"/dev/ttyACM0","addressLabel":"/dev/ttyACM0","protocol":"serial","protocolLabel":"Serial Port (USB)","properties":{"pid":"0x1001","serialNumber":"30:ED:A0:AD:83:34","vid":"0x303a"},"hardwareId":"30:ED:A0:AD:83:34"}
2025-09-02 07:25:58 2025-09-02T14:25:58.883Z daemon INFO time="2025-09-02T07:25:58-07:00" level=info msg="Adding libraries dir" dir=/home/aaron/.arduino15/libraries isSingleLibrary=false location=ide
time="2025-09-02T07:25:58-07:00" level=info msg="Adding libraries dir" dir=/home/aaron/.arduino15/packages/esp32/hardware/esp32/3.3.0/libraries isSingleLibrary=false location=platform
2025-09-02 07:25:58 2025-09-02T14:25:58.883Z daemon INFO time="2025-09-02T07:25:58-07:00" level=info msg="Adding libraries dir" dir=/home/aaron/Arduino/libraries isSingleLibrary=false location=user
2025-09-02 07:26:08 2025-09-02T14:26:08.651Z daemon INFO time="2025-09-02T07:26:08-07:00" level=info msg="Adding libraries dir" dir=/home/aaron/.arduino15/libraries isSingleLibrary=false location=ide
time="2025-09-02T07:26:08-07:00" level=info msg="Adding libraries dir" dir=/home/aaron/.arduino15/packages/esp32/hardware/esp32/3.3.0/libraries isSingleLibrary=false location=platform
time="2025-09-02T07:26:08-07:00" level=info msg="Adding libraries dir" dir=/home/aaron/Arduino/libraries isSingleLibrary=false location=user
2025-09-02 07:26:19 2025-09-02T14:26:19.003Z daemon INFO time="2025-09-02T07:26:19-07:00" level=info msg="Adding libraries dir" dir=/home/aaron/.arduino15/libraries isSingleLibrary=false location=ide
time="2025-09-02T07:26:19-07:00" level=info msg="Adding libraries dir" dir=/home/aaron/.arduino15/packages/esp32/hardware/esp32/3.3.0/libraries isSingleLibrary=false location=platform
time="2025-09-02T07:26:19-07:00" level=info msg="Adding libraries dir" dir=/home/aaron/Arduino/libraries isSingleLibrary=false location=user
2025-09-02 07:26:26 2025-09-02T14:26:26.245Z daemon INFO time="2025-09-02T07:26:26-07:00" level=info msg="Adding libraries dir" dir=/home/aaron/.arduino15/libraries isSingleLibrary=false location=ide
time="2025-09-02T07:26:26-07:00" level=info msg="Adding libraries dir" dir=/home/aaron/.arduino15/packages/esp32/hardware/esp32/3.3.0/libraries isSingleLibrary=false location=platform
2025-09-02 07:26:26 2025-09-02T14:26:26.245Z daemon INFO time="2025-09-02T07:26:26-07:00" level=info msg="Adding libraries dir" dir=/home/aaron/Arduino/libraries isSingleLibrary=false location=user
2025-09-02 07:26:40 2025-09-02T14:26:40.456Z daemon INFO time="2025-09-02T07:26:40-07:00" level=info msg="Adding libraries dir" dir=/home/aaron/.arduino15/libraries isSingleLibrary=false location=ide
time="2025-09-02T07:26:40-07:00" level=info msg="Adding libraries dir" dir=/home/aaron/.arduino15/packages/esp32/hardware/esp32/3.3.0/libraries isSingleLibrary=false location=platform
2025-09-02 07:26:40 2025-09-02T14:26:40.456Z daemon INFO time="2025-09-02T07:26:40-07:00" level=info msg="Adding libraries dir" dir=/home/aaron/Arduino/libraries isSingleLibrary=false location=user
2025-09-02 07:27:05 2025-09-02T14:27:05.642Z daemon INFO time="2025-09-02T07:27:05-07:00" level=info msg="Adding libraries dir" dir=/home/aaron/.arduino15/libraries isSingleLibrary=false location=ide
time="2025-09-02T07:27:05-07:00" level=info msg="Adding libraries dir" dir=/home/aaron/.arduino15/packages/esp32/hardware/esp32/3.3.0/libraries isSingleLibrary=false location=platform
time="2025-09-02T07:27:05-07:00" level=info msg="Adding libraries dir" dir=/home/aaron/Arduino/libraries isSingleLibrary=false location=user
2025-09-02 07:27:06 2025-09-02T14:27:06.874Z daemon INFO time="2025-09-02T07:27:06-07:00" level=info msg="Resolving include BLEDevice.h for arch esp32"
time="2025-09-02T07:27:06-07:00" level=info msg="  found better lib" lib=BLE prio=3F4
2025-09-02 07:27:07 2025-09-02T14:27:07.807Z daemon INFO time="2025-09-02T07:27:07-07:00" level=info msg="Resolving include SPI.h for arch esp32"
time="2025-09-02T07:27:07-07:00" level=info msg="  found better lib" lib=SPI prio=6B0
2025-09-02 07:27:08 2025-09-02T14:27:08.749Z daemon INFO time="2025-09-02T07:27:08-07:00" level=info msg="Resolving include FS.h for arch esp32"
time="2025-09-02T07:27:08-07:00" level=info msg="  found better lib" lib=FS prio=6B0
2025-09-02 07:27:09 2025-09-02T14:27:09.721Z daemon INFO time="2025-09-02T07:27:09-07:00" level=info msg="Resolving include SD_MMC.h for arch esp32"
time="2025-09-02T07:27:09-07:00" level=info msg="  found better lib" lib=SD_MMC prio=6B0
2025-09-02 07:27:11 2025-09-02T14:27:11.452Z daemon INFO time="2025-09-02T07:27:11-07:00" level=info msg="Resolving include PNGdec.h for arch esp32"
time="2025-09-02T07:27:11-07:00" level=info msg="  found better lib" lib=PNGdec prio=6A7
2025-09-02 07:27:49 2025-09-02T14:27:49.916Z root INFO Executing 'arduino.languageserver.notifyBuildDidComplete' with "file:///home/aaron/.cache/arduino/sketches/89803B37EA33ECC28185FD29751C8FD7"
2025-09-02 07:27:50 2025-09-02T14:27:50.032Z daemon INFO time="2025-09-02T07:27:50-07:00" level=info msg="Tool required for debug" tool="arduino:dfu-util@0.11.0-arduino5"
time="2025-09-02T07:27:50-07:00" level=info msg="Tool required for debug" tool="esp32:esp-rv32@2411"
time="2025-09-02T07:27:50-07:00" level=info msg="Tool required for debug" tool="esp32:esp-x32@2411"
time="2025-09-02T07:27:50-07:00" level=info msg="Tool required for debug" tool="esp32:esp32-arduino-libs@idf-release_v5.5-b66b5448-v1"
2025-09-02 07:27:50 2025-09-02T14:27:50.032Z daemon INFO time="2025-09-02T07:27:50-07:00" level=info msg="Tool required for debug" tool="esp32:esptool_py@5.0.0"
time="2025-09-02T07:27:50-07:00" level=info msg="Tool required for debug" tool="esp32:mklittlefs@3.0.0-gnu12-dc7f933"
time="2025-09-02T07:27:50-07:00" level=info msg="Tool required for debug" tool="esp32:mkspiffs@0.2.3"
time="2025-09-02T07:27:50-07:00" level=info msg="Tool required for debug" tool="esp32:openocd-esp32@v0.12.0-esp32-20250422"
time="2025-09-02T07:27:50-07:00" level=info msg="Tool required for debug" tool="esp32:riscv32-esp-elf-gdb@16.2_20250324"
time="2025-09-02T07:27:50-07:00" level=info msg="Tool required for debug" tool="esp32:xtensa-esp-elf-gdb@16.2_20250324"
time="2025-09-02T07:27:50-07:00" level=info msg="Tool required for debug" tool="arduino:openocd@0.11.0-arduino2"
time="2025-09-02T07:27:50-07:00" level=info msg="Tool required for debug" tool="builtin:dfu-discovery@0.1.2"
2025-09-02 07:27:50 2025-09-02T14:27:50.032Z daemon INFO time="2025-09-02T07:27:50-07:00" level=info msg="Tool required for debug" tool="builtin:mdns-discovery@1.0.9"
time="2025-09-02T07:27:50-07:00" level=info msg="Tool required for debug" tool="builtin:serial-discovery@1.4.1"
time="2025-09-02T07:27:50-07:00" level=info msg="Tool required for debug" tool="arduino:avrdude@6.3.0-arduino17"
2025-09-02 07:27:50 2025-09-02T14:27:50.032Z daemon INFO time="2025-09-02T07:27:50-07:00" level=info msg="Tool required for debug" tool="arduino:bossac@1.9.1-arduino5"
time="2025-09-02T07:27:50-07:00" level=info msg="Tool required for debug" tool="arduino:arduinoOTA@1.3.0"
time="2025-09-02T07:27:50-07:00" level=info msg="Tool required for debug" tool="arduino:arm-none-eabi-gcc@7-2017q4"
2025-09-02 07:27:50 2025-09-02T14:27:50.032Z daemon INFO time="2025-09-02T07:27:50-07:00" level=info msg="Tool required for debug" tool="builtin:serial-monitor@0.15.0"
time="2025-09-02T07:27:50-07:00" level=info msg="Tool required for debug" tool="builtin:ctags@5.8-arduino11"
2025-09-02 07:27:50 2025-09-02T14:27:50.033Z daemon INFO time="2025-09-02T07:27:50-07:00" level=info msg="Tool required for debug" tool="arduino:avr-gcc@7.3.0-atmel3.6.1-arduino7"
2025-09-02 07:27:50 2025-09-02T14:27:50.040Z daemon INFO time="2025-09-02T07:27:50-07:00" level=info msg="Tool required for debug" tool="arduino:dfu-util@0.11.0-arduino5"
time="2025-09-02T07:27:50-07:00" level=info msg="Tool required for debug" tool="esp32:esp-rv32@2411"
time="2025-09-02T07:27:50-07:00" level=info msg="Tool required for debug" tool="esp32:esp-x32@2411"
time="2025-09-02T07:27:50-07:00" level=info msg="Tool required for debug" tool="esp32:esp32-arduino-libs@idf-release_v5.5-b66b5448-v1"
time="2025-09-02T07:27:50-07:00" level=info msg="Tool required for debug" tool="esp32:esptool_py@5.0.0"
2025-09-02 07:27:50 2025-09-02T14:27:50.040Z daemon INFO time="2025-09-02T07:27:50-07:00" level=info msg="Tool required for debug" tool="esp32:mklittlefs@3.0.0-gnu12-dc7f933"
time="2025-09-02T07:27:50-07:00" level=info msg="Tool required for debug" tool="esp32:mkspiffs@0.2.3"
time="2025-09-02T07:27:50-07:00" level=info msg="Tool required for debug" tool="esp32:openocd-esp32@v0.12.0-esp32-20250422"
time="2025-09-02T07:27:50-07:00" level=info msg="Tool required for debug" tool="esp32:riscv32-esp-elf-gdb@16.2_20250324"
time="2025-09-02T07:27:50-07:00" level=info msg="Tool required for debug" tool="esp32:xtensa-esp-elf-gdb@16.2_20250324"
time="2025-09-02T07:27:50-07:00" level=info msg="Tool required for debug" tool="builtin:ctags@5.8-arduino11"
time="2025-09-02T07:27:50-07:00" level=info msg="Tool required for debug" tool="builtin:mdns-discovery@1.0.9"
2025-09-02 07:27:50 2025-09-02T14:27:50.040Z daemon INFO time="2025-09-02T07:27:50-07:00" level=info msg="Tool required for debug" tool="builtin:serial-discovery@1.4.1"
time="2025-09-02T07:27:50-07:00" level=info msg="Tool required for debug" tool="arduino:arm-none-eabi-gcc@7-2017q4"
time="2025-09-02T07:27:50-07:00" level=info msg="Tool required for debug" tool="arduino:arduinoOTA@1.3.0"
time="2025-09-02T07:27:50-07:00" level=info msg="Tool required for debug" tool="arduino:avrdude@6.3.0-arduino17"
2025-09-02 07:27:50 2025-09-02T14:27:50.040Z daemon INFO time="2025-09-02T07:27:50-07:00" level=info msg="Tool required for debug" tool="arduino:avr-gcc@7.3.0-atmel3.6.1-arduino7"
time="2025-09-02T07:27:50-07:00" level=info msg="Tool required for debug" tool="arduino:openocd@0.11.0-arduino2"
time="2025-09-02T07:27:50-07:00" level=info msg="Tool required for debug" tool="builtin:dfu-discovery@0.1.2"
2025-09-02 07:27:50 2025-09-02T14:27:50.040Z daemon INFO time="2025-09-02T07:27:50-07:00" level=info msg="Tool required for debug" tool="builtin:serial-monitor@0.15.0"
time="2025-09-02T07:27:50-07:00" level=info msg="Tool required for debug" tool="arduino:bossac@1.9.1-arduino5"
2025-09-02 07:27:50 2025-09-02T14:27:50.048Z daemon INFO time="2025-09-02T07:27:50-07:00" level=info msg="Tool required for debug" tool="arduino:dfu-util@0.11.0-arduino5"
time="2025-09-02T07:27:50-07:00" level=info msg="Tool required for debug" tool="esp32:esp-rv32@2411"
time="2025-09-02T07:27:50-07:00" level=info msg="Tool required for debug" tool="esp32:esp-x32@2411"
time="2025-09-02T07:27:50-07:00" level=info msg="Tool required for debug" tool="esp32:esp32-arduino-libs@idf-release_v5.5-b66b5448-v1"
time="2025-09-02T07:27:50-07:00" level=info msg="Tool required for debug" tool="esp32:esptool_py@5.0.0"
2025-09-02 07:27:50 2025-09-02T14:27:50.048Z daemon INFO time="2025-09-02T07:27:50-07:00" level=info msg="Tool required for debug" tool="esp32:mklittlefs@3.0.0-gnu12-dc7f933"
time="2025-09-02T07:27:50-07:00" level=info msg="Tool required for debug" tool="esp32:mkspiffs@0.2.3"
time="2025-09-02T07:27:50-07:00" level=info msg="Tool required for debug" tool="esp32:openocd-esp32@v0.12.0-esp32-20250422"
time="2025-09-02T07:27:50-07:00" level=info msg="Tool required for debug" tool="esp32:riscv32-esp-elf-gdb@16.2_20250324"
time="2025-09-02T07:27:50-07:00" level=info msg="Tool required for debug" tool="esp32:xtensa-esp-elf-gdb@16.2_20250324"
time="2025-09-02T07:27:50-07:00" level=info msg="Tool required for debug" tool="arduino:avrdude@6.3.0-arduino17"
time="2025-09-02T07:27:50-07:00" level=info msg="Tool required for debug" tool="arduino:openocd@0.11.0-arduino2"
time="2025-09-02T07:27:50-07:00" level=info msg="Tool required for debug" tool="builtin:ctags@5.8-arduino11"
2025-09-02 07:27:50 2025-09-02T14:27:50.048Z daemon INFO time="2025-09-02T07:27:50-07:00" level=info msg="Tool required for debug" tool="builtin:dfu-discovery@0.1.2"
time="2025-09-02T07:27:50-07:00" level=info msg="Tool required for debug" tool="builtin:serial-discovery@1.4.1"
2025-09-02 07:27:50 2025-09-02T14:27:50.048Z daemon INFO time="2025-09-02T07:27:50-07:00" level=info msg="Tool required for debug" tool="builtin:serial-monitor@0.15.0"
time="2025-09-02T07:27:50-07:00" level=info msg="Tool required for debug" tool="builtin:mdns-discovery@1.0.9"
2025-09-02 07:27:50 2025-09-02T14:27:50.048Z daemon INFO time="2025-09-02T07:27:50-07:00" level=info msg="Tool required for debug" tool="arduino:arduinoOTA@1.3.0"
time="2025-09-02T07:27:50-07:00" level=info msg="Tool required for debug" tool="arduino:arm-none-eabi-gcc@7-2017q4"
time="2025-09-02T07:27:50-07:00" level=info msg="Tool required for debug" tool="arduino:avr-gcc@7.3.0-atmel3.6.1-arduino7"
time="2025-09-02T07:27:50-07:00" level=info msg="Tool required for debug" tool="arduino:bossac@1.9.1-arduino5"
2025-09-02 07:27:50 2025-09-02T14:27:50.055Z daemon INFO time="2025-09-02T07:27:50-07:00" level=info msg="Tool required for debug" tool="arduino:dfu-util@0.11.0-arduino5"
time="2025-09-02T07:27:50-07:00" level=info msg="Tool required for debug" tool="esp32:esp-rv32@2411"
time="2025-09-02T07:27:50-07:00" level=info msg="Tool required for debug" tool="esp32:esp-x32@2411"
time="2025-09-02T07:27:50-07:00" level=info msg="Tool required for debug" tool="esp32:esp32-arduino-libs@idf-release_v5.5-b66b5448-v1"
2025-09-02 07:27:50 2025-09-02T14:27:50.056Z daemon INFO time="2025-09-02T07:27:50-07:00" level=info msg="Tool required for debug" tool="esp32:esptool_py@5.0.0"
time="2025-09-02T07:27:50-07:00" level=info msg="Tool required for debug" tool="esp32:mklittlefs@3.0.0-gnu12-dc7f933"
time="2025-09-02T07:27:50-07:00" level=info msg="Tool required for debug" tool="esp32:mkspiffs@0.2.3"
time="2025-09-02T07:27:50-07:00" level=info msg="Tool required for debug" tool="esp32:openocd-esp32@v0.12.0-esp32-20250422"
time="2025-09-02T07:27:50-07:00" level=info msg="Tool required for debug" tool="esp32:riscv32-esp-elf-gdb@16.2_20250324"
time="2025-09-02T07:27:50-07:00" level=info msg="Tool required for debug" tool="esp32:xtensa-esp-elf-gdb@16.2_20250324"
time="2025-09-02T07:27:50-07:00" level=info msg="Tool required for debug" tool="arduino:arduinoOTA@1.3.0"
time="2025-09-02T07:27:50-07:00" level=info msg="Tool required for debug" tool="arduino:openocd@0.11.0-arduino2"
2025-09-02 07:27:50 2025-09-02T14:27:50.056Z daemon INFO time="2025-09-02T07:27:50-07:00" level=info msg="Tool required for debug" tool="builtin:ctags@5.8-arduino11"
time="2025-09-02T07:27:50-07:00" level=info msg="Tool required for debug" tool="builtin:dfu-discovery@0.1.2"
time="2025-09-02T07:27:50-07:00" level=info msg="Tool required for debug" tool="arduino:arm-none-eabi-gcc@7-2017q4"
2025-09-02 07:27:50 2025-09-02T14:27:50.056Z daemon INFO time="2025-09-02T07:27:50-07:00" level=info msg="Tool required for debug" tool="arduino:avr-gcc@7.3.0-atmel3.6.1-arduino7"
time="2025-09-02T07:27:50-07:00" level=info msg="Tool required for debug" tool="arduino:bossac@1.9.1-arduino5"
time="2025-09-02T07:27:50-07:00" level=info msg="Tool required for debug" tool="builtin:serial-monitor@0.15.0"
2025-09-02 07:27:50 2025-09-02T14:27:50.056Z daemon INFO time="2025-09-02T07:27:50-07:00" level=info msg="Tool required for debug" tool="builtin:mdns-discovery@1.0.9"
time="2025-09-02T07:27:50-07:00" level=info msg="Tool required for debug" tool="builtin:serial-discovery@1.4.1"
2025-09-02 07:27:50 2025-09-02T14:27:50.056Z daemon INFO time="2025-09-02T07:27:50-07:00" level=info msg="Tool required for debug" tool="arduino:avrdude@6.3.0-arduino17"
2025-09-02 07:27:50 2025-09-02T14:27:50.063Z daemon INFO time="2025-09-02T07:27:50-07:00" level=info msg="Tool required for debug" tool="arduino:dfu-util@0.11.0-arduino5"
time="2025-09-02T07:27:50-07:00" level=info msg="Tool required for debug" tool="esp32:esp-rv32@2411"
time="2025-09-02T07:27:50-07:00" level=info msg="Tool required for debug" tool="esp32:esp-x32@2411"
time="2025-09-02T07:27:50-07:00" level=info msg="Tool required for debug" tool="esp32:esp32-arduino-libs@idf-release_v5.5-b66b5448-v1"
time="2025-09-02T07:27:50-07:00" level=info msg="Tool required for debug" tool="esp32:esptool_py@5.0.0"
2025-09-02 07:27:50 2025-09-02T14:27:50.063Z daemon INFO time="2025-09-02T07:27:50-07:00" level=info msg="Tool required for debug" tool="esp32:mklittlefs@3.0.0-gnu12-dc7f933"
time="2025-09-02T07:27:50-07:00" level=info msg="Tool required for debug" tool="esp32:mkspiffs@0.2.3"
time="2025-09-02T07:27:50-07:00" level=info msg="Tool required for debug" tool="esp32:openocd-esp32@v0.12.0-esp32-20250422"
time="2025-09-02T07:27:50-07:00" level=info msg="Tool required for debug" tool="esp32:riscv32-esp-elf-gdb@16.2_20250324"
time="2025-09-02T07:27:50-07:00" level=info msg="Tool required for debug" tool="esp32:xtensa-esp-elf-gdb@16.2_20250324"
time="2025-09-02T07:27:50-07:00" level=info msg="Tool required for debug" tool="arduino:avrdude@6.3.0-arduino17"
time="2025-09-02T07:27:50-07:00" level=info msg="Tool required for debug" tool="arduino:bossac@1.9.1-arduino5"
time="2025-09-02T07:27:50-07:00" level=info msg="Tool required for debug" tool="builtin:dfu-discovery@0.1.2"
2025-09-02 07:27:50 2025-09-02T14:27:50.063Z daemon INFO time="2025-09-02T07:27:50-07:00" level=info msg="Tool required for debug" tool="builtin:mdns-discovery@1.0.9"
time="2025-09-02T07:27:50-07:00" level=info msg="Tool required for debug" tool="builtin:serial-discovery@1.4.1"
2025-09-02 07:27:50 2025-09-02T14:27:50.063Z daemon INFO time="2025-09-02T07:27:50-07:00" level=info msg="Tool required for debug" tool="builtin:serial-monitor@0.15.0"
time="2025-09-02T07:27:50-07:00" level=info msg="Tool required for debug" tool="arduino:openocd@0.11.0-arduino2"
time="2025-09-02T07:27:50-07:00" level=info msg="Tool required for debug" tool="builtin:ctags@5.8-arduino11"
2025-09-02 07:27:50 2025-09-02T14:27:50.063Z daemon INFO time="2025-09-02T07:27:50-07:00" level=info msg="Tool required for debug" tool="arduino:arm-none-eabi-gcc@7-2017q4"
time="2025-09-02T07:27:50-07:00" level=info msg="Tool required for debug" tool="arduino:avr-gcc@7.3.0-atmel3.6.1-arduino7"
time="2025-09-02T07:27:50-07:00" level=info msg="Tool required for debug" tool="arduino:arduinoOTA@1.3.0"
2025-09-02 07:27:50 2025-09-02T14:27:50.071Z daemon INFO time="2025-09-02T07:27:50-07:00" level=info msg="Tool required for debug" tool="arduino:dfu-util@0.11.0-arduino5"
time="2025-09-02T07:27:50-07:00" level=info msg="Tool required for debug" tool="esp32:esp-rv32@2411"
time="2025-09-02T07:27:50-07:00" level=info msg="Tool required for debug" tool="esp32:esp-x32@2411"
time="2025-09-02T07:27:50-07:00" level=info msg="Tool required for debug" tool="esp32:esp32-arduino-libs@idf-release_v5.5-b66b5448-v1"
time="2025-09-02T07:27:50-07:00" level=info msg="Tool required for debug" tool="esp32:esptool_py@5.0.0"
2025-09-02 07:27:50 2025-09-02T14:27:50.071Z daemon INFO time="2025-09-02T07:27:50-07:00" level=info msg="Tool required for debug" tool="esp32:mklittlefs@3.0.0-gnu12-dc7f933"
time="2025-09-02T07:27:50-07:00" level=info msg="Tool required for debug" tool="esp32:mkspiffs@0.2.3"
time="2025-09-02T07:27:50-07:00" level=info msg="Tool required for debug" tool="esp32:openocd-esp32@v0.12.0-esp32-20250422"
time="2025-09-02T07:27:50-07:00" level=info msg="Tool required for debug" tool="esp32:riscv32-esp-elf-gdb@16.2_20250324"
time="2025-09-02T07:27:50-07:00" level=info msg="Tool required for debug" tool="esp32:xtensa-esp-elf-gdb@16.2_20250324"
time="2025-09-02T07:27:50-07:00" level=info msg="Tool required for debug" tool="arduino:avrdude@6.3.0-arduino17"
time="2025-09-02T07:27:50-07:00" level=info msg="Tool required for debug" tool="arduino:arduinoOTA@1.3.0"
time="2025-09-02T07:27:50-07:00" level=info msg="Tool required for debug" tool="builtin:serial-discovery@1.4.1"
2025-09-02 07:27:50 2025-09-02T14:27:50.071Z daemon INFO time="2025-09-02T07:27:50-07:00" level=info msg="Tool required for debug" tool="builtin:ctags@5.8-arduino11"
time="2025-09-02T07:27:50-07:00" level=info msg="Tool required for debug" tool="builtin:dfu-discovery@0.1.2"
time="2025-09-02T07:27:50-07:00" level=info msg="Tool required for debug" tool="arduino:avr-gcc@7.3.0-atmel3.6.1-arduino7"
2025-09-02 07:27:50 2025-09-02T14:27:50.071Z daemon INFO time="2025-09-02T07:27:50-07:00" level=info msg="Tool required for debug" tool="arduino:openocd@0.11.0-arduino2"
time="2025-09-02T07:27:50-07:00" level=info msg="Tool required for debug" tool="builtin:serial-monitor@0.15.0"
time="2025-09-02T07:27:50-07:00" level=info msg="Tool required for debug" tool="builtin:mdns-discovery@1.0.9"
2025-09-02 07:27:50 2025-09-02T14:27:50.071Z daemon INFO time="2025-09-02T07:27:50-07:00" level=info msg="Tool required for debug" tool="arduino:bossac@1.9.1-arduino5"
time="2025-09-02T07:27:50-07:00" level=info msg="Tool required for debug" tool="arduino:arm-none-eabi-gcc@7-2017q4"
2025-09-02 07:27:50 2025-09-02T14:27:50.078Z daemon INFO time="2025-09-02T07:27:50-07:00" level=info msg="Tool required for debug" tool="arduino:dfu-util@0.11.0-arduino5"
time="2025-09-02T07:27:50-07:00" level=info msg="Tool required for debug" tool="esp32:esp-rv32@2411"
time="2025-09-02T07:27:50-07:00" level=info msg="Tool required for debug" tool="esp32:esp-x32@2411"
time="2025-09-02T07:27:50-07:00" level=info msg="Tool required for debug" tool="esp32:esp32-arduino-libs@idf-release_v5.5-b66b5448-v1"
time="2025-09-02T07:27:50-07:00" level=info msg="Tool required for debug" tool="esp32:esptool_py@5.0.0"
2025-09-02 07:27:50 2025-09-02T14:27:50.078Z daemon INFO time="2025-09-02T07:27:50-07:00" level=info msg="Tool required for debug" tool="esp32:mklittlefs@3.0.0-gnu12-dc7f933"
time="2025-09-02T07:27:50-07:00" level=info msg="Tool required for debug" tool="esp32:mkspiffs@0.2.3"
time="2025-09-02T07:27:50-07:00" level=info msg="Tool required for debug" tool="esp32:openocd-esp32@v0.12.0-esp32-20250422"
time="2025-09-02T07:27:50-07:00" level=info msg="Tool required for debug" tool="esp32:riscv32-esp-elf-gdb@16.2_20250324"
time="2025-09-02T07:27:50-07:00" level=info msg="Tool required for debug" tool="esp32:xtensa-esp-elf-gdb@16.2_20250324"
time="2025-09-02T07:27:50-07:00" level=info msg="Tool required for debug" tool="builtin:ctags@5.8-arduino11"
time="2025-09-02T07:27:50-07:00" level=info msg="Tool required for debug" tool="arduino:arduinoOTA@1.3.0"
time="2025-09-02T07:27:50-07:00" level=info msg="Tool required for debug" tool="arduino:openocd@0.11.0-arduino2"
time="2025-09-02T07:27:50-07:00" level=info msg="Tool required for debug" tool="builtin:serial-discovery@1.4.1"
2025-09-02 07:27:50 2025-09-02T14:27:50.078Z daemon INFO time="2025-09-02T07:27:50-07:00" level=info msg="Tool required for debug" tool="arduino:avr-gcc@7.3.0-atmel3.6.1-arduino7"
time="2025-09-02T07:27:50-07:00" level=info msg="Tool required for debug" tool="builtin:serial-monitor@0.15.0"
time="2025-09-02T07:27:50-07:00" level=info msg="Tool required for debug" tool="builtin:dfu-discovery@0.1.2"
2025-09-02 07:27:50 2025-09-02T14:27:50.078Z daemon INFO time="2025-09-02T07:27:50-07:00" level=info msg="Tool required for debug" tool="arduino:arm-none-eabi-gcc@7-2017q4"
time="2025-09-02T07:27:50-07:00" level=info msg="Tool required for debug" tool="arduino:avrdude@6.3.0-arduino17"
time="2025-09-02T07:27:50-07:00" level=info msg="Tool required for debug" tool="builtin:mdns-discovery@1.0.9"
time="2025-09-02T07:27:50-07:00" level=info msg="Tool required for debug" tool="arduino:bossac@1.9.1-arduino5"
2025-09-02 07:27:50 2025-09-02T14:27:50.084Z daemon INFO time="2025-09-02T07:27:50-07:00" level=info msg="Tool required for debug" tool="arduino:dfu-util@0.11.0-arduino5"
time="2025-09-02T07:27:50-07:00" level=info msg="Tool required for debug" tool="esp32:esp-rv32@2411"
time="2025-09-02T07:27:50-07:00" level=info msg="Tool required for debug" tool="esp32:esp-x32@2411"
time="2025-09-02T07:27:50-07:00" level=info msg="Tool required for debug" tool="esp32:esp32-arduino-libs@idf-release_v5.5-b66b5448-v1"
time="2025-09-02T07:27:50-07:00" level=info msg="Tool required for debug" tool="esp32:esptool_py@5.0.0"
time="2025-09-02T07:27:50-07:00" level=info msg="Tool required for debug" tool="esp32:mklittlefs@3.0.0-gnu12-dc7f933"
2025-09-02 07:27:50 2025-09-02T14:27:50.084Z daemon INFO time="2025-09-02T07:27:50-07:00" level=info msg="Tool required for debug" tool="esp32:mkspiffs@0.2.3"
time="2025-09-02T07:27:50-07:00" level=info msg="Tool required for debug" tool="esp32:openocd-esp32@v0.12.0-esp32-20250422"
time="2025-09-02T07:27:50-07:00" level=info msg="Tool required for debug" tool="esp32:riscv32-esp-elf-gdb@16.2_20250324"
time="2025-09-02T07:27:50-07:00" level=info msg="Tool required for debug" tool="esp32:xtensa-esp-elf-gdb@16.2_20250324"
time="2025-09-02T07:27:50-07:00" level=info msg="Tool required for debug" tool="builtin:serial-discovery@1.4.1"
time="2025-09-02T07:27:50-07:00" level=info msg="Tool required for debug" tool="arduino:arduinoOTA@1.3.0"
time="2025-09-02T07:27:50-07:00" level=info msg="Tool required for debug" tool="builtin:dfu-discovery@0.1.2"
time="2025-09-02T07:27:50-07:00" level=info msg="Tool required for debug" tool="arduino:arm-none-eabi-gcc@7-2017q4"
time="2025-09-02T07:27:50-07:00" level=info msg="Tool required for debug" tool="arduino:avr-gcc@7.3.0-atmel3.6.1-arduino7"
2025-09-02 07:27:50 2025-09-02T14:27:50.084Z daemon INFO time="2025-09-02T07:27:50-07:00" level=info msg="Tool required for debug" tool="arduino:bossac@1.9.1-arduino5"
time="2025-09-02T07:27:50-07:00" level=info msg="Tool required for debug" tool="builtin:mdns-discovery@1.0.9"
time="2025-09-02T07:27:50-07:00" level=info msg="Tool required for debug" tool="builtin:serial-monitor@0.15.0"
time="2025-09-02T07:27:50-07:00" level=info msg="Tool required for debug" tool="builtin:ctags@5.8-arduino11"
2025-09-02 07:27:50 2025-09-02T14:27:50.084Z daemon INFO time="2025-09-02T07:27:50-07:00" level=info msg="Tool required for debug" tool="arduino:openocd@0.11.0-arduino2"
time="2025-09-02T07:27:50-07:00" level=info msg="Tool required for debug" tool="arduino:avrdude@6.3.0-arduino17"
2025-09-02 07:27:50 2025-09-02T14:27:50.090Z daemon INFO time="2025-09-02T07:27:50-07:00" level=info msg="Tool required for debug" tool="arduino:dfu-util@0.11.0-arduino5"
time="2025-09-02T07:27:50-07:00" level=info msg="Tool required for debug" tool="esp32:esp-rv32@2411"
time="2025-09-02T07:27:50-07:00" level=info msg="Tool required for debug" tool="esp32:esp-x32@2411"
time="2025-09-02T07:27:50-07:00" level=info msg="Tool required for debug" tool="esp32:esp32-arduino-libs@idf-release_v5.5-b66b5448-v1"
time="2025-09-02T07:27:50-07:00" level=info msg="Tool required for debug" tool="esp32:esptool_py@5.0.0"
time="2025-09-02T07:27:50-07:00" level=info msg="Tool required for debug" tool="esp32:mklittlefs@3.0.0-gnu12-dc7f933"
2025-09-02 07:27:50 2025-09-02T14:27:50.090Z daemon INFO time="2025-09-02T07:27:50-07:00" level=info msg="Tool required for debug" tool="esp32:mkspiffs@0.2.3"
time="2025-09-02T07:27:50-07:00" level=info msg="Tool required for debug" tool="esp32:openocd-esp32@v0.12.0-esp32-20250422"
time="2025-09-02T07:27:50-07:00" level=info msg="Tool required for debug" tool="esp32:riscv32-esp-elf-gdb@16.2_20250324"
time="2025-09-02T07:27:50-07:00" level=info msg="Tool required for debug" tool="esp32:xtensa-esp-elf-gdb@16.2_20250324"
time="2025-09-02T07:27:50-07:00" level=info msg="Tool required for debug" tool="arduino:openocd@0.11.0-arduino2"
time="2025-09-02T07:27:50-07:00" level=info msg="Tool required for debug" tool="arduino:avrdude@6.3.0-arduino17"
time="2025-09-02T07:27:50-07:00" level=info msg="Tool required for debug" tool="arduino:arm-none-eabi-gcc@7-2017q4"
time="2025-09-02T07:27:50-07:00" level=info msg="Tool required for debug" tool="arduino:avr-gcc@7.3.0-atmel3.6.1-arduino7"
time="2025-09-02T07:27:50-07:00" level=info msg="Tool required for debug" tool="arduino:bossac@1.9.1-arduino5"
time="2025-09-02T07:27:50-07:00" level=info msg="Tool required for debug" tool="builtin:mdns-discovery@1.0.9"
2025-09-02 07:27:50 2025-09-02T14:27:50.090Z daemon INFO time="2025-09-02T07:27:50-07:00" level=info msg="Tool required for debug" tool="arduino:arduinoOTA@1.3.0"
time="2025-09-02T07:27:50-07:00" level=info msg="Tool required for debug" tool="builtin:dfu-discovery@0.1.2"
time="2025-09-02T07:27:50-07:00" level=info msg="Tool required for debug" tool="builtin:serial-discovery@1.4.1"
time="2025-09-02T07:27:50-07:00" level=info msg="Tool required for debug" tool="builtin:ctags@5.8-arduino11"
2025-09-02 07:27:50 2025-09-02T14:27:50.090Z daemon INFO time="2025-09-02T07:27:50-07:00" level=info msg="Tool required for debug" tool="builtin:serial-monitor@0.15.0"
2025-09-02 07:27:50 2025-09-02T14:27:50.095Z daemon INFO time="2025-09-02T07:27:50-07:00" level=info msg="Tool required for debug" tool="arduino:dfu-util@0.11.0-arduino5"
time="2025-09-02T07:27:50-07:00" level=info msg="Tool required for debug" tool="esp32:esp-rv32@2411"
time="2025-09-02T07:27:50-07:00" level=info msg="Tool required for debug" tool="esp32:esp-x32@2411"
time="2025-09-02T07:27:50-07:00" level=info msg="Tool required for debug" tool="esp32:esp32-arduino-libs@idf-release_v5.5-b66b5448-v1"
time="2025-09-02T07:27:50-07:00" level=info msg="Tool required for debug" tool="esp32:esptool_py@5.0.0"
time="2025-09-02T07:27:50-07:00" level=info msg="Tool required for debug" tool="esp32:mklittlefs@3.0.0-gnu12-dc7f933"
time="2025-09-02T07:27:50-07:00" level=info msg="Tool required for debug" tool="esp32:mkspiffs@0.2.3"
2025-09-02 07:27:50 2025-09-02T14:27:50.095Z daemon INFO time="2025-09-02T07:27:50-07:00" level=info msg="Tool required for debug" tool="esp32:openocd-esp32@v0.12.0-esp32-20250422"
time="2025-09-02T07:27:50-07:00" level=info msg="Tool required for debug" tool="esp32:riscv32-esp-elf-gdb@16.2_20250324"
time="2025-09-02T07:27:50-07:00" level=info msg="Tool required for debug" tool="esp32:xtensa-esp-elf-gdb@16.2_20250324"
time="2025-09-02T07:27:50-07:00" level=info msg="Tool required for debug" tool="arduino:arm-none-eabi-gcc@7-2017q4"
time="2025-09-02T07:27:50-07:00" level=info msg="Tool required for debug" tool="builtin:serial-monitor@0.15.0"
time="2025-09-02T07:27:50-07:00" level=info msg="Tool required for debug" tool="builtin:ctags@5.8-arduino11"
time="2025-09-02T07:27:50-07:00" level=info msg="Tool required for debug" tool="arduino:avrdude@6.3.0-arduino17"
time="2025-09-02T07:27:50-07:00" level=info msg="Tool required for debug" tool="arduino:avr-gcc@7.3.0-atmel3.6.1-arduino7"
time="2025-09-02T07:27:50-07:00" level=info msg="Tool required for debug" tool="builtin:dfu-discovery@0.1.2"
time="2025-09-02T07:27:50-07:00" level=info msg="Tool required for debug" tool="builtin:mdns-discovery@1.0.9"
2025-09-02 07:27:50 2025-09-02T14:27:50.095Z daemon INFO time="2025-09-02T07:27:50-07:00" level=info msg="Tool required for debug" tool="arduino:openocd@0.11.0-arduino2"
time="2025-09-02T07:27:50-07:00" level=info msg="Tool required for debug" tool="arduino:arduinoOTA@1.3.0"
time="2025-09-02T07:27:50-07:00" level=info msg="Tool required for debug" tool="arduino:bossac@1.9.1-arduino5"
time="2025-09-02T07:27:50-07:00" level=info msg="Tool required for debug" tool="builtin:serial-discovery@1.4.1"
2025-09-02 07:27:50 2025-09-02T14:27:50.100Z daemon INFO time="2025-09-02T07:27:50-07:00" level=info msg="Tool required for debug" tool="arduino:dfu-util@0.11.0-arduino5"
time="2025-09-02T07:27:50-07:00" level=info msg="Tool required for debug" tool="esp32:esp-rv32@2411"
time="2025-09-02T07:27:50-07:00" level=info msg="Tool required for debug" tool="esp32:esp-x32@2411"
time="2025-09-02T07:27:50-07:00" level=info msg="Tool required for debug" tool="esp32:esp32-arduino-libs@idf-release_v5.5-b66b5448-v1"
time="2025-09-02T07:27:50-07:00" level=info msg="Tool required for debug" tool="esp32:esptool_py@5.0.0"
time="2025-09-02T07:27:50-07:00" level=info msg="Tool required for debug" tool="esp32:mklittlefs@3.0.0-gnu12-dc7f933"
time="2025-09-02T07:27:50-07:00" level=info msg="Tool required for debug" tool="esp32:mkspiffs@0.2.3"
2025-09-02 07:27:50 2025-09-02T14:27:50.100Z daemon INFO time="2025-09-02T07:27:50-07:00" level=info msg="Tool required for debug" tool="esp32:openocd-esp32@v0.12.0-esp32-20250422"
time="2025-09-02T07:27:50-07:00" level=info msg="Tool required for debug" tool="esp32:riscv32-esp-elf-gdb@16.2_20250324"
time="2025-09-02T07:27:50-07:00" level=info msg="Tool required for debug" tool="esp32:xtensa-esp-elf-gdb@16.2_20250324"
time="2025-09-02T07:27:50-07:00" level=info msg="Tool required for debug" tool="arduino:arduinoOTA@1.3.0"
time="2025-09-02T07:27:50-07:00" level=info msg="Tool required for debug" tool="arduino:openocd@0.11.0-arduino2"
time="2025-09-02T07:27:50-07:00" level=info msg="Tool required for debug" tool="arduino:arm-none-eabi-gcc@7-2017q4"
time="2025-09-02T07:27:50-07:00" level=info msg="Tool required for debug" tool="arduino:avrdude@6.3.0-arduino17"
time="2025-09-02T07:27:50-07:00" level=info msg="Tool required for debug" tool="builtin:serial-discovery@1.4.1"
time="2025-09-02T07:27:50-07:00" level=info msg="Tool required for debug" tool="arduino:avr-gcc@7.3.0-atmel3.6.1-arduino7"
time="2025-09-02T07:27:50-07:00" level=info msg="Tool required for debug" tool="builtin:mdns-discovery@1.0.9"
time="2025-09-02T07:27:50-07:00" level=info msg="Tool required for debug" tool="builtin:serial-monitor@0.15.0"
2025-09-02 07:27:50 2025-09-02T14:27:50.100Z daemon INFO time="2025-09-02T07:27:50-07:00" level=info msg="Tool required for debug" tool="builtin:ctags@5.8-arduino11"
time="2025-09-02T07:27:50-07:00" level=info msg="Tool required for debug" tool="builtin:dfu-discovery@0.1.2"
time="2025-09-02T07:27:50-07:00" level=info msg="Tool required for debug" tool="arduino:bossac@1.9.1-arduino5"
2025-09-02 07:27:50 2025-09-02T14:27:50.105Z daemon INFO time="2025-09-02T07:27:50-07:00" level=info msg="Tool required for debug" tool="arduino:dfu-util@0.11.0-arduino5"
time="2025-09-02T07:27:50-07:00" level=info msg="Tool required for debug" tool="esp32:esp-rv32@2411"
time="2025-09-02T07:27:50-07:00" level=info msg="Tool required for debug" tool="esp32:esp-x32@2411"
time="2025-09-02T07:27:50-07:00" level=info msg="Tool required for debug" tool="esp32:esp32-arduino-libs@idf-release_v5.5-b66b5448-v1"
time="2025-09-02T07:27:50-07:00" level=info msg="Tool required for debug" tool="esp32:esptool_py@5.0.0"
time="2025-09-02T07:27:50-07:00" level=info msg="Tool required for debug" tool="esp32:mklittlefs@3.0.0-gnu12-dc7f933"
2025-09-02 07:27:50 2025-09-02T14:27:50.105Z daemon INFO time="2025-09-02T07:27:50-07:00" level=info msg="Tool required for debug" tool="esp32:mkspiffs@0.2.3"
time="2025-09-02T07:27:50-07:00" level=info msg="Tool required for debug" tool="esp32:openocd-esp32@v0.12.0-esp32-20250422"
time="2025-09-02T07:27:50-07:00" level=info msg="Tool required for debug" tool="esp32:riscv32-esp-elf-gdb@16.2_20250324"
time="2025-09-02T07:27:50-07:00" level=info msg="Tool required for debug" tool="esp32:xtensa-esp-elf-gdb@16.2_20250324"
time="2025-09-02T07:27:50-07:00" level=info msg="Tool required for debug" tool="arduino:avr-gcc@7.3.0-atmel3.6.1-arduino7"
time="2025-09-02T07:27:50-07:00" level=info msg="Tool required for debug" tool="arduino:bossac@1.9.1-arduino5"
time="2025-09-02T07:27:50-07:00" level=info msg="Tool required for debug" tool="builtin:serial-discovery@1.4.1"
time="2025-09-02T07:27:50-07:00" level=info msg="Tool required for debug" tool="arduino:avrdude@6.3.0-arduino17"
time="2025-09-02T07:27:50-07:00" level=info msg="Tool required for debug" tool="arduino:openocd@0.11.0-arduino2"
time="2025-09-02T07:27:50-07:00" level=info msg="Tool required for debug" tool="builtin:dfu-discovery@0.1.2"
time="2025-09-02T07:27:50-07:00" level=info msg="Tool required for debug" tool="builtin:serial-monitor@0.15.0"
2025-09-02 07:27:50 2025-09-02T14:27:50.105Z daemon INFO time="2025-09-02T07:27:50-07:00" level=info msg="Tool required for debug" tool="arduino:arduinoOTA@1.3.0"
time="2025-09-02T07:27:50-07:00" level=info msg="Tool required for debug" tool="builtin:ctags@5.8-arduino11"
time="2025-09-02T07:27:50-07:00" level=info msg="Tool required for debug" tool="builtin:mdns-discovery@1.0.9"
time="2025-09-02T07:27:50-07:00" level=info msg="Tool required for debug" tool="arduino:arm-none-eabi-gcc@7-2017q4"
2025-09-02 07:27:50 2025-09-02T14:27:50.109Z daemon INFO time="2025-09-02T07:27:50-07:00" level=info msg="Tool required for debug" tool="arduino:dfu-util@0.11.0-arduino5"
time="2025-09-02T07:27:50-07:00" level=info msg="Tool required for debug" tool="esp32:esp-rv32@2411"
time="2025-09-02T07:27:50-07:00" level=info msg="Tool required for debug" tool="esp32:esp-x32@2411"
time="2025-09-02T07:27:50-07:00" level=info msg="Tool required for debug" tool="esp32:esp32-arduino-libs@idf-release_v5.5-b66b5448-v1"
time="2025-09-02T07:27:50-07:00" level=info msg="Tool required for debug" tool="esp32:esptool_py@5.0.0"
time="2025-09-02T07:27:50-07:00" level=info msg="Tool required for debug" tool="esp32:mklittlefs@3.0.0-gnu12-dc7f933"
time="2025-09-02T07:27:50-07:00" level=info msg="Tool required for debug" tool="esp32:mkspiffs@0.2.3"
time="2025-09-02T07:27:50-07:00" level=info msg="Tool required for debug" tool="esp32:openocd-esp32@v0.12.0-esp32-20250422"
2025-09-02 07:27:50 2025-09-02T14:27:50.109Z daemon INFO time="2025-09-02T07:27:50-07:00" level=info msg="Tool required for debug" tool="esp32:riscv32-esp-elf-gdb@16.2_20250324"
time="2025-09-02T07:27:50-07:00" level=info msg="Tool required for debug" tool="esp32:xtensa-esp-elf-gdb@16.2_20250324"
time="2025-09-02T07:27:50-07:00" level=info msg="Tool required for debug" tool="builtin:mdns-discovery@1.0.9"
time="2025-09-02T07:27:50-07:00" level=info msg="Tool required for debug" tool="builtin:ctags@5.8-arduino11"
time="2025-09-02T07:27:50-07:00" level=info msg="Tool required for debug" tool="arduino:avr-gcc@7.3.0-atmel3.6.1-arduino7"
time="2025-09-02T07:27:50-07:00" level=info msg="Tool required for debug" tool="builtin:serial-monitor@0.15.0"
time="2025-09-02T07:27:50-07:00" level=info msg="Tool required for debug" tool="builtin:serial-discovery@1.4.1"
time="2025-09-02T07:27:50-07:00" level=info msg="Tool required for debug" tool="arduino:openocd@0.11.0-arduino2"
time="2025-09-02T07:27:50-07:00" level=info msg="Tool required for debug" tool="arduino:arm-none-eabi-gcc@7-2017q4"
time="2025-09-02T07:27:50-07:00" level=info msg="Tool required for debug" tool="arduino:bossac@1.9.1-arduino5"
time="2025-09-02T07:27:50-07:00" level=info msg="Tool required for debug" tool="arduino:arduinoOTA@1.3.0"
time="2025-09-02T07:27:50-07:00" level=info msg="Tool required for debug" tool="arduino:avrdude@6.3.0-arduino17"
time="2025-09-02T07:27:50-07:00" level=info msg="Tool required for debug" tool="builtin:dfu-discovery@0.1.2"
2025-09-02 07:27:50 2025-09-02T14:27:50.113Z daemon INFO time="2025-09-02T07:27:50-07:00" level=info msg="Tool required for debug" tool="arduino:dfu-util@0.11.0-arduino5"
time="2025-09-02T07:27:50-07:00" level=info msg="Tool required for debug" tool="esp32:esp-rv32@2411"
time="2025-09-02T07:27:50-07:00" level=info msg="Tool required for debug" tool="esp32:esp-x32@2411"
time="2025-09-02T07:27:50-07:00" level=info msg="Tool required for debug" tool="esp32:esp32-arduino-libs@idf-release_v5.5-b66b5448-v1"
time="2025-09-02T07:27:50-07:00" level=info msg="Tool required for debug" tool="esp32:esptool_py@5.0.0"
time="2025-09-02T07:27:50-07:00" level=info msg="Tool required for debug" tool="esp32:mklittlefs@3.0.0-gnu12-dc7f933"
time="2025-09-02T07:27:50-07:00" level=info msg="Tool required for debug" tool="esp32:mkspiffs@0.2.3"
time="2025-09-02T07:27:50-07:00" level=info msg="Tool required for debug" tool="esp32:openocd-esp32@v0.12.0-esp32-20250422"
2025-09-02 07:27:50 2025-09-02T14:27:50.113Z daemon INFO time="2025-09-02T07:27:50-07:00" level=info msg="Tool required for debug" tool="esp32:riscv32-esp-elf-gdb@16.2_20250324"
time="2025-09-02T07:27:50-07:00" level=info msg="Tool required for debug" tool="esp32:xtensa-esp-elf-gdb@16.2_20250324"
time="2025-09-02T07:27:50-07:00" level=info msg="Tool required for debug" tool="builtin:serial-discovery@1.4.1"
time="2025-09-02T07:27:50-07:00" level=info msg="Tool required for debug" tool="builtin:serial-monitor@0.15.0"
time="2025-09-02T07:27:50-07:00" level=info msg="Tool required for debug" tool="builtin:ctags@5.8-arduino11"
time="2025-09-02T07:27:50-07:00" level=info msg="Tool required for debug" tool="builtin:dfu-discovery@0.1.2"
time="2025-09-02T07:27:50-07:00" level=info msg="Tool required for debug" tool="arduino:arduinoOTA@1.3.0"
time="2025-09-02T07:27:50-07:00" level=info msg="Tool required for debug" tool="arduino:avrdude@6.3.0-arduino17"
time="2025-09-02T07:27:50-07:00" level=info msg="Tool required for debug" tool="arduino:arm-none-eabi-gcc@7-2017q4"
time="2025-09-02T07:27:50-07:00" level=info msg="Tool required for debug" tool="builtin:mdns-discovery@1.0.9"
2025-09-02 07:27:50 2025-09-02T14:27:50.113Z daemon INFO time="2025-09-02T07:27:50-07:00" level=info msg="Tool required for debug" tool="arduino:openocd@0.11.0-arduino2"
time="2025-09-02T07:27:50-07:00" level=info msg="Tool required for debug" tool="arduino:avr-gcc@7.3.0-atmel3.6.1-arduino7"
time="2025-09-02T07:27:50-07:00" level=info msg="Tool required for debug" tool="arduino:bossac@1.9.1-arduino5"
2025-09-02 07:27:50 2025-09-02T14:27:50.117Z daemon INFO time="2025-09-02T07:27:50-07:00" level=info msg="Tool required for debug" tool="arduino:dfu-util@0.11.0-arduino5"
time="2025-09-02T07:27:50-07:00" level=info msg="Tool required for debug" tool="esp32:esp-rv32@2411"
time="2025-09-02T07:27:50-07:00" level=info msg="Tool required for debug" tool="esp32:esp-x32@2411"
time="2025-09-02T07:27:50-07:00" level=info msg="Tool required for debug" tool="esp32:esp32-arduino-libs@idf-release_v5.5-b66b5448-v1"
time="2025-09-02T07:27:50-07:00" level=info msg="Tool required for debug" tool="esp32:esptool_py@5.0.0"
time="2025-09-02T07:27:50-07:00" level=info msg="Tool required for debug" tool="esp32:mklittlefs@3.0.0-gnu12-dc7f933"
time="2025-09-02T07:27:50-07:00" level=info msg="Tool required for debug" tool="esp32:mkspiffs@0.2.3"
time="2025-09-02T07:27:50-07:00" level=info msg="Tool required for debug" tool="esp32:openocd-esp32@v0.12.0-esp32-20250422"
time="2025-09-02T07:27:50-07:00" level=info msg="Tool required for debug" tool="esp32:riscv32-esp-elf-gdb@16.2_20250324"
2025-09-02 07:27:50 2025-09-02T14:27:50.117Z daemon INFO time="2025-09-02T07:27:50-07:00" level=info msg="Tool required for debug" tool="esp32:xtensa-esp-elf-gdb@16.2_20250324"
time="2025-09-02T07:27:50-07:00" level=info msg="Tool required for debug" tool="builtin:serial-discovery@1.4.1"
time="2025-09-02T07:27:50-07:00" level=info msg="Tool required for debug" tool="arduino:bossac@1.9.1-arduino5"
time="2025-09-02T07:27:50-07:00" level=info msg="Tool required for debug" tool="arduino:avrdude@6.3.0-arduino17"
time="2025-09-02T07:27:50-07:00" level=info msg="Tool required for debug" tool="arduino:openocd@0.11.0-arduino2"
time="2025-09-02T07:27:50-07:00" level=info msg="Tool required for debug" tool="builtin:serial-monitor@0.15.0"
time="2025-09-02T07:27:50-07:00" level=info msg="Tool required for debug" tool="builtin:ctags@5.8-arduino11"
time="2025-09-02T07:27:50-07:00" level=info msg="Tool required for debug" tool="builtin:dfu-discovery@0.1.2"
time="2025-09-02T07:27:50-07:00" level=info msg="Tool required for debug" tool="arduino:arm-none-eabi-gcc@7-2017q4"
time="2025-09-02T07:27:50-07:00" level=info msg="Tool required for debug" tool="builtin:mdns-discovery@1.0.9"
time="2025-09-02T07:27:50-07:00" level=info msg="Tool required for debug" tool="arduino:arduinoOTA@1.3.0"
2025-09-02 07:27:50 2025-09-02T14:27:50.117Z daemon INFO time="2025-09-02T07:27:50-07:00" level=info msg="Tool required for debug" tool="arduino:avr-gcc@7.3.0-atmel3.6.1-arduino7"
2025-09-02 07:27:50 2025-09-02T14:27:50.121Z daemon INFO time="2025-09-02T07:27:50-07:00" level=info msg="Tool required for debug" tool="arduino:dfu-util@0.11.0-arduino5"
time="2025-09-02T07:27:50-07:00" level=info msg="Tool required for debug" tool="esp32:esp-rv32@2411"
time="2025-09-02T07:27:50-07:00" level=info msg="Tool required for debug" tool="esp32:esp-x32@2411"
time="2025-09-02T07:27:50-07:00" level=info msg="Tool required for debug" tool="esp32:esp32-arduino-libs@idf-release_v5.5-b66b5448-v1"
time="2025-09-02T07:27:50-07:00" level=info msg="Tool required for debug" tool="esp32:esptool_py@5.0.0"
time="2025-09-02T07:27:50-07:00" level=info msg="Tool required for debug" tool="esp32:mklittlefs@3.0.0-gnu12-dc7f933"
time="2025-09-02T07:27:50-07:00" level=info msg="Tool required for debug" tool="esp32:mkspiffs@0.2.3"
time="2025-09-02T07:27:50-07:00" level=info msg="Tool required for debug" tool="esp32:openocd-esp32@v0.12.0-esp32-20250422"
2025-09-02 07:27:50 2025-09-02T14:27:50.121Z daemon INFO time="2025-09-02T07:27:50-07:00" level=info msg="Tool required for debug" tool="esp32:riscv32-esp-elf-gdb@16.2_20250324"
time="2025-09-02T07:27:50-07:00" level=info msg="Tool required for debug" tool="esp32:xtensa-esp-elf-gdb@16.2_20250324"
time="2025-09-02T07:27:50-07:00" level=info msg="Tool required for debug" tool="arduino:bossac@1.9.1-arduino5"
time="2025-09-02T07:27:50-07:00" level=info msg="Tool required for debug" tool="arduino:openocd@0.11.0-arduino2"
time="2025-09-02T07:27:50-07:00" level=info msg="Tool required for debug" tool="builtin:mdns-discovery@1.0.9"
time="2025-09-02T07:27:50-07:00" level=info msg="Tool required for debug" tool="arduino:arduinoOTA@1.3.0"
time="2025-09-02T07:27:50-07:00" level=info msg="Tool required for debug" tool="builtin:serial-discovery@1.4.1"
time="2025-09-02T07:27:50-07:00" level=info msg="Tool required for debug" tool="arduino:avrdude@6.3.0-arduino17"
time="2025-09-02T07:27:50-07:00" level=info msg="Tool required for debug" tool="arduino:avr-gcc@7.3.0-atmel3.6.1-arduino7"
time="2025-09-02T07:27:50-07:00" level=info msg="Tool required for debug" tool="builtin:serial-monitor@0.15.0"
time="2025-09-02T07:27:50-07:00" level=info msg="Tool required for debug" tool="builtin:ctags@5.8-arduino11"
time="2025-09-02T07:27:50-07:00" level=info msg="Tool required for debug" tool="arduino:arm-none-eabi-gcc@7-2017q4"
time="2025-09-02T07:27:50-07:00" level=info msg="Tool required for debug" tool="builtin:dfu-discovery@0.1.2"
2025-09-02 07:27:50 2025-09-02T14:27:50.124Z daemon INFO time="2025-09-02T07:27:50-07:00" level=info msg="Tool required for debug" tool="arduino:dfu-util@0.11.0-arduino5"
time="2025-09-02T07:27:50-07:00" level=info msg="Tool required for debug" tool="esp32:esp-rv32@2411"
time="2025-09-02T07:27:50-07:00" level=info msg="Tool required for debug" tool="esp32:esp-x32@2411"
time="2025-09-02T07:27:50-07:00" level=info msg="Tool required for debug" tool="esp32:esp32-arduino-libs@idf-release_v5.5-b66b5448-v1"
time="2025-09-02T07:27:50-07:00" level=info msg="Tool required for debug" tool="esp32:esptool_py@5.0.0"
time="2025-09-02T07:27:50-07:00" level=info msg="Tool required for debug" tool="esp32:mklittlefs@3.0.0-gnu12-dc7f933"
time="2025-09-02T07:27:50-07:00" level=info msg="Tool required for debug" tool="esp32:mkspiffs@0.2.3"
time="2025-09-02T07:27:50-07:00" level=info msg="Tool required for debug" tool="esp32:openocd-esp32@v0.12.0-esp32-20250422"
time="2025-09-02T07:27:50-07:00" level=info msg="Tool required for debug" tool="esp32:riscv32-esp-elf-gdb@16.2_20250324"
time="2025-09-02T07:27:50-07:00" level=info msg="Tool required for debug" tool="esp32:xtensa-esp-elf-gdb@16.2_20250324"
2025-09-02 07:27:50 2025-09-02T14:27:50.124Z daemon INFO time="2025-09-02T07:27:50-07:00" level=info msg="Tool required for debug" tool="arduino:openocd@0.11.0-arduino2"
time="2025-09-02T07:27:50-07:00" level=info msg="Tool required for debug" tool="arduino:avrdude@6.3.0-arduino17"
time="2025-09-02T07:27:50-07:00" level=info msg="Tool required for debug" tool="arduino:arm-none-eabi-gcc@7-2017q4"
time="2025-09-02T07:27:50-07:00" level=info msg="Tool required for debug" tool="arduino:bossac@1.9.1-arduino5"
time="2025-09-02T07:27:50-07:00" level=info msg="Tool required for debug" tool="builtin:serial-discovery@1.4.1"
time="2025-09-02T07:27:50-07:00" level=info msg="Tool required for debug" tool="builtin:mdns-discovery@1.0.9"
time="2025-09-02T07:27:50-07:00" level=info msg="Tool required for debug" tool="builtin:serial-monitor@0.15.0"
time="2025-09-02T07:27:50-07:00" level=info msg="Tool required for debug" tool="builtin:ctags@5.8-arduino11"
time="2025-09-02T07:27:50-07:00" level=info msg="Tool required for debug" tool="builtin:dfu-discovery@0.1.2"
time="2025-09-02T07:27:50-07:00" level=info msg="Tool required for debug" tool="arduino:arduinoOTA@1.3.0"
time="2025-09-02T07:27:50-07:00" level=info msg="Tool required for debug" tool="arduino:avr-gcc@7.3.0-atmel3.6.1-arduino7"
2025-09-02 07:27:50 2025-09-02T14:27:50.128Z daemon INFO time="2025-09-02T07:27:50-07:00" level=info msg="Tool required for debug" tool="arduino:dfu-util@0.11.0-arduino5"
time="2025-09-02T07:27:50-07:00" level=info msg="Tool required for debug" tool="esp32:esp-rv32@2411"
time="2025-09-02T07:27:50-07:00" level=info msg="Tool required for debug" tool="esp32:esp-x32@2411"
time="2025-09-02T07:27:50-07:00" level=info msg="Tool required for debug" tool="esp32:esp32-arduino-libs@idf-release_v5.5-b66b5448-v1"
time="2025-09-02T07:27:50-07:00" level=info msg="Tool required for debug" tool="esp32:esptool_py@5.0.0"
time="2025-09-02T07:27:50-07:00" level=info msg="Tool required for debug" tool="esp32:mklittlefs@3.0.0-gnu12-dc7f933"
time="2025-09-02T07:27:50-07:00" level=info msg="Tool required for debug" tool="esp32:mkspiffs@0.2.3"
time="2025-09-02T07:27:50-07:00" level=info msg="Tool required for debug" tool="esp32:openocd-esp32@v0.12.0-esp32-20250422"
time="2025-09-02T07:27:50-07:00" level=info msg="Tool required for debug" tool="esp32:riscv32-esp-elf-gdb@16.2_20250324"
2025-09-02 07:27:50 2025-09-02T14:27:50.128Z daemon INFO time="2025-09-02T07:27:50-07:00" level=info msg="Tool required for debug" tool="esp32:xtensa-esp-elf-gdb@16.2_20250324"
time="2025-09-02T07:27:50-07:00" level=info msg="Tool required for debug" tool="arduino:openocd@0.11.0-arduino2"
time="2025-09-02T07:27:50-07:00" level=info msg="Tool required for debug" tool="arduino:arm-none-eabi-gcc@7-2017q4"
time="2025-09-02T07:27:50-07:00" level=info msg="Tool required for debug" tool="builtin:ctags@5.8-arduino11"
time="2025-09-02T07:27:50-07:00" level=info msg="Tool required for debug" tool="builtin:dfu-discovery@0.1.2"
time="2025-09-02T07:27:50-07:00" level=info msg="Tool required for debug" tool="builtin:mdns-discovery@1.0.9"
time="2025-09-02T07:27:50-07:00" level=info msg="Tool required for debug" tool="builtin:serial-discovery@1.4.1"
time="2025-09-02T07:27:50-07:00" level=info msg="Tool required for debug" tool="arduino:avr-gcc@7.3.0-atmel3.6.1-arduino7"
time="2025-09-02T07:27:50-07:00" level=info msg="Tool required for debug" tool="builtin:serial-monitor@0.15.0"
time="2025-09-02T07:27:50-07:00" level=info msg="Tool required for debug" tool="arduino:bossac@1.9.1-arduino5"
time="2025-09-02T07:27:50-07:00" level=info msg="Tool required for debug" tool="arduino:arduinoOTA@1.3.0"
time="2025-09-02T07:27:50-07:00" level=info msg="Tool required for debug" tool="arduino:avrdude@6.3.0-arduino17"
2025-09-02 07:27:50 2025-09-02T14:27:50.986Z daemon INFO time="2025-09-02T07:27:50-07:00" level=info msg="Adding libraries dir" dir=/home/aaron/.arduino15/libraries isSingleLibrary=false location=ide
time="2025-09-02T07:27:50-07:00" level=info msg="Adding libraries dir" dir=/home/aaron/.arduino15/packages/esp32/hardware/esp32/3.3.0/libraries isSingleLibrary=false location=platform
2025-09-02 07:27:50 2025-09-02T14:27:50.986Z daemon INFO time="2025-09-02T07:27:50-07:00" level=info msg="Adding libraries dir" dir=/home/aaron/Arduino/libraries isSingleLibrary=false location=user
2025-09-02 07:28:00 2025-09-02T14:28:00.297Z root INFO Received port after upload [arduino+serial:///dev/ttyACM0, esp32:esp32:esp32s3:UploadSpeed=921600,USBMode=hwcdc,CDCOnBoot=default,MSCOnBoot=default,DFUOnBoot=default,UploadMode=default,CPUFreq=240,FlashMode=qio,FlashSize=16M,PartitionScheme=app3M_fat9M_16MB,DebugLevel=none,PSRAM=opi,LoopCore=1,EventsCore=1,EraseFlash=none,JTAGAdapter=default,ZigbeeMode=default, bluetooth_scanner]. Before port: {"address":"/dev/ttyACM0","addressLabel":"/dev/ttyACM0","protocol":"serial","protocolLabel":"Serial Port (USB)","properties":{"pid":"0x1001","serialNumber":"94:A9:90:7D:0E:B4","vid":"0x303a"},"hardwareId":"94:A9:90:7D:0E:B4"}, after port: {"address":"/dev/ttyACM0","addressLabel":"/dev/ttyACM0","protocol":"serial","protocolLabel":"Serial Port (USB)","properties":{"pid":"0x1001","serialNumber":"30:ED:A0:AD:83:34","vid":"0x303a"},"hardwareId":"30:ED:A0:AD:83:34"}
2025-09-02 07:28:57 2025-09-02T14:28:57.367Z discovery-log INFO {"eventType":"remove","port":{"matchingBoardsList":[],"port":{"address":"/dev/ttyACM0","label":"","protocol":"serial","protocolLabel":"","propertiesMap":[],"hardwareId":""}},"error":""}
2025-09-02 07:28:57 2025-09-02T14:28:57.920Z discovery-log INFO {"eventType":"add","port":{"matchingBoardsList":[{"name":"ESP32 Family Device","fqbn":"esp32:esp32:esp32_family","isHidden":true}],"port":{"address":"/dev/ttyACM0","label":"/dev/ttyACM0","protocol":"serial","protocolLabel":"Serial Port (USB)","propertiesMap":[["pid","0x1001"],["serialNumber","30:ED:A0:AD:83:34"],["vid","0x303a"]],"hardwareId":"30:ED:A0:AD:83:34"}},"error":""}
2025-09-02 07:43:59 2025-09-02T14:43:59.011Z daemon INFO time="2025-09-02T07:43:59-07:00" level=info msg="Adding libraries dir" dir=/home/aaron/.arduino15/libraries isSingleLibrary=false location=ide
time="2025-09-02T07:43:59-07:00" level=info msg="Adding libraries dir" dir=/home/aaron/.arduino15/packages/esp32/hardware/esp32/3.3.0/libraries isSingleLibrary=false location=platform
time="2025-09-02T07:43:59-07:00" level=info msg="Adding libraries dir" dir=/home/aaron/Arduino/libraries isSingleLibrary=false location=user
2025-09-02 07:44:05 2025-09-02T14:44:05.157Z daemon INFO time="2025-09-02T07:44:05-07:00" level=info msg="Adding libraries dir" dir=/home/aaron/.arduino15/libraries isSingleLibrary=false location=ide
time="2025-09-02T07:44:05-07:00" level=info msg="Adding libraries dir" dir=/home/aaron/.arduino15/packages/esp32/hardware/esp32/3.3.0/libraries isSingleLibrary=false location=platform
time="2025-09-02T07:44:05-07:00" level=info msg="Adding libraries dir" dir=/home/aaron/Arduino/libraries isSingleLibrary=false location=user
2025-09-02 07:44:11 2025-09-02T14:44:11.321Z daemon INFO time="2025-09-02T07:44:11-07:00" level=info msg="Adding libraries dir" dir=/home/aaron/.arduino15/libraries isSingleLibrary=false location=ide
time="2025-09-02T07:44:11-07:00" level=info msg="Adding libraries dir" dir=/home/aaron/.arduino15/packages/esp32/hardware/esp32/3.3.0/libraries isSingleLibrary=false location=platform
2025-09-02 07:44:11 2025-09-02T14:44:11.322Z daemon INFO time="2025-09-02T07:44:11-07:00" level=info msg="Adding libraries dir" dir=/home/aaron/Arduino/libraries isSingleLibrary=false location=user
2025-09-02 07:44:18 2025-09-02T14:44:18.624Z daemon INFO time="2025-09-02T07:44:18-07:00" level=info msg="Adding libraries dir" dir=/home/aaron/.arduino15/libraries isSingleLibrary=false location=ide
time="2025-09-02T07:44:18-07:00" level=info msg="Adding libraries dir" dir=/home/aaron/.arduino15/packages/esp32/hardware/esp32/3.3.0/libraries isSingleLibrary=false location=platform
2025-09-02 07:44:18 2025-09-02T14:44:18.624Z daemon INFO time="2025-09-02T07:44:18-07:00" level=info msg="Adding libraries dir" dir=/home/aaron/Arduino/libraries isSingleLibrary=false location=user
2025-09-02 07:44:24 2025-09-02T14:44:24.717Z daemon INFO time="2025-09-02T07:44:24-07:00" level=info msg="Adding libraries dir" dir=/home/aaron/.arduino15/libraries isSingleLibrary=false location=ide
time="2025-09-02T07:44:24-07:00" level=info msg="Adding libraries dir" dir=/home/aaron/.arduino15/packages/esp32/hardware/esp32/3.3.0/libraries isSingleLibrary=false location=platform
time="2025-09-02T07:44:24-07:00" level=info msg="Adding libraries dir" dir=/home/aaron/Arduino/libraries isSingleLibrary=false location=user
2025-09-02 07:44:32 2025-09-02T14:44:32.246Z daemon INFO time="2025-09-02T07:44:32-07:00" level=info msg="Adding libraries dir" dir=/home/aaron/.arduino15/libraries isSingleLibrary=false location=ide
time="2025-09-02T07:44:32-07:00" level=info msg="Adding libraries dir" dir=/home/aaron/.arduino15/packages/esp32/hardware/esp32/3.3.0/libraries isSingleLibrary=false location=platform
2025-09-02 07:44:32 2025-09-02T14:44:32.246Z daemon INFO time="2025-09-02T07:44:32-07:00" level=info msg="Adding libraries dir" dir=/home/aaron/Arduino/libraries isSingleLibrary=false location=user
2025-09-02 07:44:44 2025-09-02T14:44:44.422Z daemon INFO time="2025-09-02T07:44:44-07:00" level=info msg="Adding libraries dir" dir=/home/aaron/.arduino15/libraries isSingleLibrary=false location=ide
2025-09-02 07:44:44 2025-09-02T14:44:44.423Z daemon INFO time="2025-09-02T07:44:44-07:00" level=info msg="Adding libraries dir" dir=/home/aaron/.arduino15/packages/esp32/hardware/esp32/3.3.0/libraries isSingleLibrary=false location=platform
time="2025-09-02T07:44:44-07:00" level=info msg="Adding libraries dir" dir=/home/aaron/Arduino/libraries isSingleLibrary=false location=user
2025-09-02 07:44:58 2025-09-02T14:44:58.646Z daemon INFO time="2025-09-02T07:44:58-07:00" level=info msg="Adding libraries dir" dir=/home/aaron/.arduino15/libraries isSingleLibrary=false location=ide
time="2025-09-02T07:44:58-07:00" level=info msg="Adding libraries dir" dir=/home/aaron/.arduino15/packages/esp32/hardware/esp32/3.3.0/libraries isSingleLibrary=false location=platform
time="2025-09-02T07:44:58-07:00" level=info msg="Adding libraries dir" dir=/home/aaron/Arduino/libraries isSingleLibrary=false location=user
2025-09-02 07:45:13 2025-09-02T14:45:13.684Z daemon INFO time="2025-09-02T07:45:13-07:00" level=info msg="Adding libraries dir" dir=/home/aaron/.arduino15/libraries isSingleLibrary=false location=ide
time="2025-09-02T07:45:13-07:00" level=info msg="Adding libraries dir" dir=/home/aaron/.arduino15/packages/esp32/hardware/esp32/3.3.0/libraries isSingleLibrary=false location=platform
2025-09-02 07:45:13 2025-09-02T14:45:13.684Z daemon INFO time="2025-09-02T07:45:13-07:00" level=info msg="Adding libraries dir" dir=/home/aaron/Arduino/libraries isSingleLibrary=false location=user
2025-09-02 07:45:20 2025-09-02T14:45:20.314Z daemon INFO time="2025-09-02T07:45:20-07:00" level=info msg="Adding libraries dir" dir=/home/aaron/.arduino15/libraries isSingleLibrary=false location=ide
time="2025-09-02T07:45:20-07:00" level=info msg="Adding libraries dir" dir=/home/aaron/.arduino15/packages/esp32/hardware/esp32/3.3.0/libraries isSingleLibrary=false location=platform
time="2025-09-02T07:45:20-07:00" level=info msg="Adding libraries dir" dir=/home/aaron/Arduino/libraries isSingleLibrary=false location=user
2025-09-02 07:46:20 2025-09-02T14:46:20.454Z daemon INFO time="2025-09-02T07:46:20-07:00" level=info msg="Adding libraries dir" dir=/home/aaron/.arduino15/libraries isSingleLibrary=false location=ide
time="2025-09-02T07:46:20-07:00" level=info msg="Adding libraries dir" dir=/home/aaron/.arduino15/packages/esp32/hardware/esp32/3.3.0/libraries isSingleLibrary=false location=platform
2025-09-02 07:46:20 2025-09-02T14:46:20.454Z daemon INFO time="2025-09-02T07:46:20-07:00" level=info msg="Adding libraries dir" dir=/home/aaron/Arduino/libraries isSingleLibrary=false location=user
2025-09-02 07:46:28 2025-09-02T14:46:28.700Z daemon INFO time="2025-09-02T07:46:28-07:00" level=info msg="Adding libraries dir" dir=/home/aaron/.arduino15/libraries isSingleLibrary=false location=ide
time="2025-09-02T07:46:28-07:00" level=info msg="Adding libraries dir" dir=/home/aaron/.arduino15/packages/esp32/hardware/esp32/3.3.0/libraries isSingleLibrary=false location=platform
2025-09-02 07:46:28 2025-09-02T14:46:28.701Z daemon INFO time="2025-09-02T07:46:28-07:00" level=info msg="Adding libraries dir" dir=/home/aaron/Arduino/libraries isSingleLibrary=false location=user
2025-09-02 07:46:46 2025-09-02T14:46:46.183Z daemon INFO time="2025-09-02T07:46:46-07:00" level=info msg="Adding libraries dir" dir=/home/aaron/.arduino15/libraries isSingleLibrary=false location=ide
2025-09-02 07:46:46 2025-09-02T14:46:46.183Z daemon INFO time="2025-09-02T07:46:46-07:00" level=info msg="Adding libraries dir" dir=/home/aaron/.arduino15/packages/esp32/hardware/esp32/3.3.0/libraries isSingleLibrary=false location=platform
time="2025-09-02T07:46:46-07:00" level=info msg="Adding libraries dir" dir=/home/aaron/Arduino/libraries isSingleLibrary=false location=user
2025-09-02 07:46:51 2025-09-02T14:46:51.967Z daemon INFO time="2025-09-02T07:46:51-07:00" level=info msg="Adding libraries dir" dir=/home/aaron/.arduino15/libraries isSingleLibrary=false location=ide
time="2025-09-02T07:46:51-07:00" level=info msg="Adding libraries dir" dir=/home/aaron/.arduino15/packages/esp32/hardware/esp32/3.3.0/libraries isSingleLibrary=false location=platform
time="2025-09-02T07:46:51-07:00" level=info msg="Adding libraries dir" dir=/home/aaron/Arduino/libraries isSingleLibrary=false location=user
2025-09-02 07:46:58 2025-09-02T14:46:58.561Z daemon INFO time="2025-09-02T07:46:58-07:00" level=info msg="Adding libraries dir" dir=/home/aaron/.arduino15/libraries isSingleLibrary=false location=ide
time="2025-09-02T07:46:58-07:00" level=info msg="Adding libraries dir" dir=/home/aaron/.arduino15/packages/esp32/hardware/esp32/3.3.0/libraries isSingleLibrary=false location=platform
2025-09-02 07:46:58 2025-09-02T14:46:58.561Z daemon INFO time="2025-09-02T07:46:58-07:00" level=info msg="Adding libraries dir" dir=/home/aaron/Arduino/libraries isSingleLibrary=false location=user
2025-09-02 07:47:04 2025-09-02T14:47:04.864Z daemon INFO time="2025-09-02T07:47:04-07:00" level=info msg="Adding libraries dir" dir=/home/aaron/.arduino15/libraries isSingleLibrary=false location=ide
time="2025-09-02T07:47:04-07:00" level=info msg="Adding libraries dir" dir=/home/aaron/.arduino15/packages/esp32/hardware/esp32/3.3.0/libraries isSingleLibrary=false location=platform
time="2025-09-02T07:47:04-07:00" level=info msg="Adding libraries dir" dir=/home/aaron/Arduino/libraries isSingleLibrary=false location=user
2025-09-02 07:47:11 2025-09-02T14:47:11.797Z daemon INFO time="2025-09-02T07:47:11-07:00" level=info msg="Adding libraries dir" dir=/home/aaron/.arduino15/libraries isSingleLibrary=false location=ide
time="2025-09-02T07:47:11-07:00" level=info msg="Adding libraries dir" dir=/home/aaron/.arduino15/packages/esp32/hardware/esp32/3.3.0/libraries isSingleLibrary=false location=platform
time="2025-09-02T07:47:11-07:00" level=info msg="Adding libraries dir" dir=/home/aaron/Arduino/libraries isSingleLibrary=false location=user
2025-09-02 07:47:22 2025-09-02T14:47:22.485Z daemon INFO time="2025-09-02T07:47:22-07:00" level=info msg="Adding libraries dir" dir=/home/aaron/.arduino15/libraries isSingleLibrary=false location=ide
time="2025-09-02T07:47:22-07:00" level=info msg="Adding libraries dir" dir=/home/aaron/.arduino15/packages/esp32/hardware/esp32/3.3.0/libraries isSingleLibrary=false location=platform
time="2025-09-02T07:47:22-07:00" level=info msg="Adding libraries dir" dir=/home/aaron/Arduino/libraries isSingleLibrary=false location=user
2025-09-02 07:47:31 2025-09-02T14:47:31.525Z daemon INFO time="2025-09-02T07:47:31-07:00" level=info msg="Adding libraries dir" dir=/home/aaron/.arduino15/libraries isSingleLibrary=false location=ide
time="2025-09-02T07:47:31-07:00" level=info msg="Adding libraries dir" dir=/home/aaron/.arduino15/packages/esp32/hardware/esp32/3.3.0/libraries isSingleLibrary=false location=platform
time="2025-09-02T07:47:31-07:00" level=info msg="Adding libraries dir" dir=/home/aaron/Arduino/libraries isSingleLibrary=false location=user
2025-09-02 07:47:47 2025-09-02T14:47:47.914Z daemon INFO time="2025-09-02T07:47:47-07:00" level=info msg="Adding libraries dir" dir=/home/aaron/.arduino15/libraries isSingleLibrary=false location=ide
time="2025-09-02T07:47:47-07:00" level=info msg="Adding libraries dir" dir=/home/aaron/.arduino15/packages/esp32/hardware/esp32/3.3.0/libraries isSingleLibrary=false location=platform
time="2025-09-02T07:47:47-07:00" level=info msg="Adding libraries dir" dir=/home/aaron/Arduino/libraries isSingleLibrary=false location=user
2025-09-02 07:52:24 2025-09-02T14:52:24.831Z daemon INFO time="2025-09-02T07:52:24-07:00" level=info msg="Adding libraries dir" dir=/home/aaron/.arduino15/libraries isSingleLibrary=false location=ide
2025-09-02 07:52:24 2025-09-02T14:52:24.831Z daemon INFO time="2025-09-02T07:52:24-07:00" level=info msg="Adding libraries dir" dir=/home/aaron/.arduino15/packages/esp32/hardware/esp32/3.3.0/libraries isSingleLibrary=false location=platform
time="2025-09-02T07:52:24-07:00" level=info msg="Adding libraries dir" dir=/home/aaron/Arduino/libraries isSingleLibrary=false location=user
2025-09-02 07:52:26 2025-09-02T14:52:26.121Z daemon INFO time="2025-09-02T07:52:26-07:00" level=info msg="Resolving include BLEDevice.h for arch esp32"
time="2025-09-02T07:52:26-07:00" level=info msg="  found better lib" lib=BLE prio=3F4
2025-09-02 07:52:27 2025-09-02T14:52:27.033Z daemon INFO time="2025-09-02T07:52:27-07:00" level=info msg="Resolving include SPI.h for arch esp32"
time="2025-09-02T07:52:27-07:00" level=info msg="  found better lib" lib=SPI prio=6B0
2025-09-02 07:52:27 2025-09-02T14:52:27.961Z daemon INFO time="2025-09-02T07:52:27-07:00" level=info msg="Resolving include FS.h for arch esp32"
time="2025-09-02T07:52:27-07:00" level=info msg="  found better lib" lib=FS prio=6B0
2025-09-02 07:52:28 2025-09-02T14:52:28.994Z daemon INFO time="2025-09-02T07:52:28-07:00" level=info msg="Resolving include SD_MMC.h for arch esp32"
time="2025-09-02T07:52:28-07:00" level=info msg="  found better lib" lib=SD_MMC prio=6B0
2025-09-02 07:52:30 2025-09-02T14:52:30.106Z daemon INFO time="2025-09-02T07:52:30-07:00" level=info msg="Resolving include PNGdec.h for arch esp32"
time="2025-09-02T07:52:30-07:00" level=info msg="  found better lib" lib=PNGdec prio=6A7
2025-09-02 07:52:38 2025-09-02T14:52:38.242Z root INFO Executing 'arduino.languageserver.notifyBuildDidComplete' with "file:///home/aaron/.cache/arduino/sketches/89803B37EA33ECC28185FD29751C8FD7"
2025-09-02 07:52:38 2025-09-02T14:52:38.360Z daemon INFO time="2025-09-02T07:52:38-07:00" level=info msg="Tool required for debug" tool="arduino:dfu-util@0.11.0-arduino5"
time="2025-09-02T07:52:38-07:00" level=info msg="Tool required for debug" tool="esp32:esp-rv32@2411"
time="2025-09-02T07:52:38-07:00" level=info msg="Tool required for debug" tool="esp32:esp-x32@2411"
time="2025-09-02T07:52:38-07:00" level=info msg="Tool required for debug" tool="esp32:esp32-arduino-libs@idf-release_v5.5-b66b5448-v1"
2025-09-02 07:52:38 2025-09-02T14:52:38.360Z daemon INFO time="2025-09-02T07:52:38-07:00" level=info msg="Tool required for debug" tool="esp32:esptool_py@5.0.0"
time="2025-09-02T07:52:38-07:00" level=info msg="Tool required for debug" tool="esp32:mklittlefs@3.0.0-gnu12-dc7f933"
time="2025-09-02T07:52:38-07:00" level=info msg="Tool required for debug" tool="esp32:mkspiffs@0.2.3"
time="2025-09-02T07:52:38-07:00" level=info msg="Tool required for debug" tool="esp32:openocd-esp32@v0.12.0-esp32-20250422"
time="2025-09-02T07:52:38-07:00" level=info msg="Tool required for debug" tool="esp32:riscv32-esp-elf-gdb@16.2_20250324"
time="2025-09-02T07:52:38-07:00" level=info msg="Tool required for debug" tool="esp32:xtensa-esp-elf-gdb@16.2_20250324"
time="2025-09-02T07:52:38-07:00" level=info msg="Tool required for debug" tool="builtin:serial-discovery@1.4.1"
2025-09-02 07:52:38 2025-09-02T14:52:38.360Z daemon INFO time="2025-09-02T07:52:38-07:00" level=info msg="Tool required for debug" tool="arduino:avrdude@6.3.0-arduino17"
time="2025-09-02T07:52:38-07:00" level=info msg="Tool required for debug" tool="arduino:arm-none-eabi-gcc@7-2017q4"
time="2025-09-02T07:52:38-07:00" level=info msg="Tool required for debug" tool="arduino:bossac@1.9.1-arduino5"
time="2025-09-02T07:52:38-07:00" level=info msg="Tool required for debug" tool="arduino:avr-gcc@7.3.0-atmel3.6.1-arduino7"
time="2025-09-02T07:52:38-07:00" level=info msg="Tool required for debug" tool="arduino:openocd@0.11.0-arduino2"
2025-09-02 07:52:38 2025-09-02T14:52:38.360Z daemon INFO time="2025-09-02T07:52:38-07:00" level=info msg="Tool required for debug" tool="arduino:arduinoOTA@1.3.0"
time="2025-09-02T07:52:38-07:00" level=info msg="Tool required for debug" tool="builtin:ctags@5.8-arduino11"
2025-09-02 07:52:38 2025-09-02T14:52:38.360Z daemon INFO time="2025-09-02T07:52:38-07:00" level=info msg="Tool required for debug" tool="builtin:serial-monitor@0.15.0"
time="2025-09-02T07:52:38-07:00" level=info msg="Tool required for debug" tool="builtin:dfu-discovery@0.1.2"
2025-09-02 07:52:38 2025-09-02T14:52:38.360Z daemon INFO time="2025-09-02T07:52:38-07:00" level=info msg="Tool required for debug" tool="builtin:mdns-discovery@1.0.9"
2025-09-02 07:52:38 2025-09-02T14:52:38.367Z daemon INFO time="2025-09-02T07:52:38-07:00" level=info msg="Tool required for debug" tool="arduino:dfu-util@0.11.0-arduino5"
time="2025-09-02T07:52:38-07:00" level=info msg="Tool required for debug" tool="esp32:esp-rv32@2411"
time="2025-09-02T07:52:38-07:00" level=info msg="Tool required for debug" tool="esp32:esp-x32@2411"
2025-09-02 07:52:38 2025-09-02T14:52:38.367Z daemon INFO time="2025-09-02T07:52:38-07:00" level=info msg="Tool required for debug" tool="esp32:esp32-arduino-libs@idf-release_v5.5-b66b5448-v1"
time="2025-09-02T07:52:38-07:00" level=info msg="Tool required for debug" tool="esp32:esptool_py@5.0.0"
time="2025-09-02T07:52:38-07:00" level=info msg="Tool required for debug" tool="esp32:mklittlefs@3.0.0-gnu12-dc7f933"
time="2025-09-02T07:52:38-07:00" level=info msg="Tool required for debug" tool="esp32:mkspiffs@0.2.3"
time="2025-09-02T07:52:38-07:00" level=info msg="Tool required for debug" tool="esp32:openocd-esp32@v0.12.0-esp32-20250422"
time="2025-09-02T07:52:38-07:00" level=info msg="Tool required for debug" tool="esp32:riscv32-esp-elf-gdb@16.2_20250324"
time="2025-09-02T07:52:38-07:00" level=info msg="Tool required for debug" tool="esp32:xtensa-esp-elf-gdb@16.2_20250324"
time="2025-09-02T07:52:38-07:00" level=info msg="Tool required for debug" tool="builtin:serial-monitor@0.15.0"
2025-09-02 07:52:38 2025-09-02T14:52:38.367Z daemon INFO time="2025-09-02T07:52:38-07:00" level=info msg="Tool required for debug" tool="arduino:avrdude@6.3.0-arduino17"
time="2025-09-02T07:52:38-07:00" level=info msg="Tool required for debug" tool="builtin:dfu-discovery@0.1.2"
time="2025-09-02T07:52:38-07:00" level=info msg="Tool required for debug" tool="arduino:openocd@0.11.0-arduino2"
2025-09-02 07:52:38 2025-09-02T14:52:38.368Z daemon INFO time="2025-09-02T07:52:38-07:00" level=info msg="Tool required for debug" tool="builtin:serial-discovery@1.4.1"
time="2025-09-02T07:52:38-07:00" level=info msg="Tool required for debug" tool="arduino:arm-none-eabi-gcc@7-2017q4"
time="2025-09-02T07:52:38-07:00" level=info msg="Tool required for debug" tool="arduino:arduinoOTA@1.3.0"
2025-09-02 07:52:38 2025-09-02T14:52:38.368Z daemon INFO time="2025-09-02T07:52:38-07:00" level=info msg="Tool required for debug" tool="builtin:mdns-discovery@1.0.9"
time="2025-09-02T07:52:38-07:00" level=info msg="Tool required for debug" tool="arduino:avr-gcc@7.3.0-atmel3.6.1-arduino7"
time="2025-09-02T07:52:38-07:00" level=info msg="Tool required for debug" tool="arduino:bossac@1.9.1-arduino5"
2025-09-02 07:52:38 2025-09-02T14:52:38.368Z daemon INFO time="2025-09-02T07:52:38-07:00" level=info msg="Tool required for debug" tool="builtin:ctags@5.8-arduino11"
2025-09-02 07:52:38 2025-09-02T14:52:38.375Z daemon INFO time="2025-09-02T07:52:38-07:00" level=info msg="Tool required for debug" tool="arduino:dfu-util@0.11.0-arduino5"
time="2025-09-02T07:52:38-07:00" level=info msg="Tool required for debug" tool="esp32:esp-rv32@2411"
time="2025-09-02T07:52:38-07:00" level=info msg="Tool required for debug" tool="esp32:esp-x32@2411"
time="2025-09-02T07:52:38-07:00" level=info msg="Tool required for debug" tool="esp32:esp32-arduino-libs@idf-release_v5.5-b66b5448-v1"
2025-09-02 07:52:38 2025-09-02T14:52:38.375Z daemon INFO time="2025-09-02T07:52:38-07:00" level=info msg="Tool required for debug" tool="esp32:esptool_py@5.0.0"
time="2025-09-02T07:52:38-07:00" level=info msg="Tool required for debug" tool="esp32:mklittlefs@3.0.0-gnu12-dc7f933"
time="2025-09-02T07:52:38-07:00" level=info msg="Tool required for debug" tool="esp32:mkspiffs@0.2.3"
time="2025-09-02T07:52:38-07:00" level=info msg="Tool required for debug" tool="esp32:openocd-esp32@v0.12.0-esp32-20250422"
time="2025-09-02T07:52:38-07:00" level=info msg="Tool required for debug" tool="esp32:riscv32-esp-elf-gdb@16.2_20250324"
time="2025-09-02T07:52:38-07:00" level=info msg="Tool required for debug" tool="esp32:xtensa-esp-elf-gdb@16.2_20250324"
time="2025-09-02T07:52:38-07:00" level=info msg="Tool required for debug" tool="builtin:dfu-discovery@0.1.2"
time="2025-09-02T07:52:38-07:00" level=info msg="Tool required for debug" tool="arduino:arm-none-eabi-gcc@7-2017q4"
time="2025-09-02T07:52:38-07:00" level=info msg="Tool required for debug" tool="arduino:bossac@1.9.1-arduino5"
time="2025-09-02T07:52:38-07:00" level=info msg="Tool required for debug" tool="arduino:arduinoOTA@1.3.0"
2025-09-02 07:52:38 2025-09-02T14:52:38.375Z daemon INFO time="2025-09-02T07:52:38-07:00" level=info msg="Tool required for debug" tool="builtin:ctags@5.8-arduino11"
time="2025-09-02T07:52:38-07:00" level=info msg="Tool required for debug" tool="builtin:mdns-discovery@1.0.9"
time="2025-09-02T07:52:38-07:00" level=info msg="Tool required for debug" tool="builtin:serial-discovery@1.4.1"
2025-09-02 07:52:38 2025-09-02T14:52:38.375Z daemon INFO time="2025-09-02T07:52:38-07:00" level=info msg="Tool required for debug" tool="builtin:serial-monitor@0.15.0"
2025-09-02 07:52:38 2025-09-02T14:52:38.375Z daemon INFO time="2025-09-02T07:52:38-07:00" level=info msg="Tool required for debug" tool="arduino:avrdude@6.3.0-arduino17"
time="2025-09-02T07:52:38-07:00" level=info msg="Tool required for debug" tool="arduino:avr-gcc@7.3.0-atmel3.6.1-arduino7"
time="2025-09-02T07:52:38-07:00" level=info msg="Tool required for debug" tool="arduino:openocd@0.11.0-arduino2"
2025-09-02 07:52:38 2025-09-02T14:52:38.382Z daemon INFO time="2025-09-02T07:52:38-07:00" level=info msg="Tool required for debug" tool="arduino:dfu-util@0.11.0-arduino5"
time="2025-09-02T07:52:38-07:00" level=info msg="Tool required for debug" tool="esp32:esp-rv32@2411"
2025-09-02 07:52:38 2025-09-02T14:52:38.383Z daemon INFO time="2025-09-02T07:52:38-07:00" level=info msg="Tool required for debug" tool="esp32:esp-x32@2411"
time="2025-09-02T07:52:38-07:00" level=info msg="Tool required for debug" tool="esp32:esp32-arduino-libs@idf-release_v5.5-b66b5448-v1"
time="2025-09-02T07:52:38-07:00" level=info msg="Tool required for debug" tool="esp32:esptool_py@5.0.0"
2025-09-02 07:52:38 2025-09-02T14:52:38.383Z daemon INFO time="2025-09-02T07:52:38-07:00" level=info msg="Tool required for debug" tool="esp32:mklittlefs@3.0.0-gnu12-dc7f933"
time="2025-09-02T07:52:38-07:00" level=info msg="Tool required for debug" tool="esp32:mkspiffs@0.2.3"
time="2025-09-02T07:52:38-07:00" level=info msg="Tool required for debug" tool="esp32:openocd-esp32@v0.12.0-esp32-20250422"
2025-09-02 07:52:38 2025-09-02T14:52:38.383Z daemon INFO time="2025-09-02T07:52:38-07:00" level=info msg="Tool required for debug" tool="esp32:riscv32-esp-elf-gdb@16.2_20250324"
time="2025-09-02T07:52:38-07:00" level=info msg="Tool required for debug" tool="esp32:xtensa-esp-elf-gdb@16.2_20250324"
time="2025-09-02T07:52:38-07:00" level=info msg="Tool required for debug" tool="builtin:serial-monitor@0.15.0"
2025-09-02 07:52:38 2025-09-02T14:52:38.383Z daemon INFO time="2025-09-02T07:52:38-07:00" level=info msg="Tool required for debug" tool="arduino:arm-none-eabi-gcc@7-2017q4"
2025-09-02 07:52:38 2025-09-02T14:52:38.383Z daemon INFO time="2025-09-02T07:52:38-07:00" level=info msg="Tool required for debug" tool="arduino:avr-gcc@7.3.0-atmel3.6.1-arduino7"
time="2025-09-02T07:52:38-07:00" level=info msg="Tool required for debug" tool="arduino:openocd@0.11.0-arduino2"
time="2025-09-02T07:52:38-07:00" level=info msg="Tool required for debug" tool="builtin:serial-discovery@1.4.1"
2025-09-02 07:52:38 2025-09-02T14:52:38.383Z daemon INFO time="2025-09-02T07:52:38-07:00" level=info msg="Tool required for debug" tool="builtin:ctags@5.8-arduino11"
2025-09-02 07:52:38 2025-09-02T14:52:38.383Z daemon INFO time="2025-09-02T07:52:38-07:00" level=info msg="Tool required for debug" tool="builtin:dfu-discovery@0.1.2"
time="2025-09-02T07:52:38-07:00" level=info msg="Tool required for debug" tool="arduino:bossac@1.9.1-arduino5"
2025-09-02 07:52:38 2025-09-02T14:52:38.383Z daemon INFO time="2025-09-02T07:52:38-07:00" level=info msg="Tool required for debug" tool="arduino:arduinoOTA@1.3.0"
time="2025-09-02T07:52:38-07:00" level=info msg="Tool required for debug" tool="arduino:avrdude@6.3.0-arduino17"
2025-09-02 07:52:38 2025-09-02T14:52:38.383Z daemon INFO time="2025-09-02T07:52:38-07:00" level=info msg="Tool required for debug" tool="builtin:mdns-discovery@1.0.9"
2025-09-02 07:52:38 2025-09-02T14:52:38.390Z daemon INFO time="2025-09-02T07:52:38-07:00" level=info msg="Tool required for debug" tool="arduino:dfu-util@0.11.0-arduino5"
time="2025-09-02T07:52:38-07:00" level=info msg="Tool required for debug" tool="esp32:esp-rv32@2411"
time="2025-09-02T07:52:38-07:00" level=info msg="Tool required for debug" tool="esp32:esp-x32@2411"
2025-09-02 07:52:38 2025-09-02T14:52:38.390Z daemon INFO time="2025-09-02T07:52:38-07:00" level=info msg="Tool required for debug" tool="esp32:esp32-arduino-libs@idf-release_v5.5-b66b5448-v1"
time="2025-09-02T07:52:38-07:00" level=info msg="Tool required for debug" tool="esp32:esptool_py@5.0.0"
time="2025-09-02T07:52:38-07:00" level=info msg="Tool required for debug" tool="esp32:mklittlefs@3.0.0-gnu12-dc7f933"
time="2025-09-02T07:52:38-07:00" level=info msg="Tool required for debug" tool="esp32:mkspiffs@0.2.3"
time="2025-09-02T07:52:38-07:00" level=info msg="Tool required for debug" tool="esp32:openocd-esp32@v0.12.0-esp32-20250422"
time="2025-09-02T07:52:38-07:00" level=info msg="Tool required for debug" tool="esp32:riscv32-esp-elf-gdb@16.2_20250324"
time="2025-09-02T07:52:38-07:00" level=info msg="Tool required for debug" tool="esp32:xtensa-esp-elf-gdb@16.2_20250324"
time="2025-09-02T07:52:38-07:00" level=info msg="Tool required for debug" tool="arduino:openocd@0.11.0-arduino2"
time="2025-09-02T07:52:38-07:00" level=info msg="Tool required for debug" tool="builtin:serial-monitor@0.15.0"
2025-09-02 07:52:38 2025-09-02T14:52:38.390Z daemon INFO time="2025-09-02T07:52:38-07:00" level=info msg="Tool required for debug" tool="arduino:arduinoOTA@1.3.0"
time="2025-09-02T07:52:38-07:00" level=info msg="Tool required for debug" tool="builtin:mdns-discovery@1.0.9"
time="2025-09-02T07:52:38-07:00" level=info msg="Tool required for debug" tool="arduino:bossac@1.9.1-arduino5"
time="2025-09-02T07:52:38-07:00" level=info msg="Tool required for debug" tool="arduino:arm-none-eabi-gcc@7-2017q4"
time="2025-09-02T07:52:38-07:00" level=info msg="Tool required for debug" tool="builtin:serial-discovery@1.4.1"
2025-09-02 07:52:38 2025-09-02T14:52:38.390Z daemon INFO time="2025-09-02T07:52:38-07:00" level=info msg="Tool required for debug" tool="builtin:ctags@5.8-arduino11"
time="2025-09-02T07:52:38-07:00" level=info msg="Tool required for debug" tool="builtin:dfu-discovery@0.1.2"
time="2025-09-02T07:52:38-07:00" level=info msg="Tool required for debug" tool="arduino:avr-gcc@7.3.0-atmel3.6.1-arduino7"
time="2025-09-02T07:52:38-07:00" level=info msg="Tool required for debug" tool="arduino:avrdude@6.3.0-arduino17"
2025-09-02 07:52:38 2025-09-02T14:52:38.393Z daemon INFO time="2025-09-02T07:52:38-07:00" level=info msg="Tool required for debug" tool="arduino:dfu-util@0.11.0-arduino5"
time="2025-09-02T07:52:38-07:00" level=info msg="Tool required for debug" tool="esp32:esp-rv32@2411"
time="2025-09-02T07:52:38-07:00" level=info msg="Tool required for debug" tool="esp32:esp-x32@2411"
2025-09-02 07:52:38 2025-09-02T14:52:38.393Z daemon INFO time="2025-09-02T07:52:38-07:00" level=info msg="Tool required for debug" tool="esp32:esp32-arduino-libs@idf-release_v5.5-b66b5448-v1"
time="2025-09-02T07:52:38-07:00" level=info msg="Tool required for debug" tool="esp32:esptool_py@5.0.0"
time="2025-09-02T07:52:38-07:00" level=info msg="Tool required for debug" tool="esp32:mklittlefs@3.0.0-gnu12-dc7f933"
time="2025-09-02T07:52:38-07:00" level=info msg="Tool required for debug" tool="esp32:mkspiffs@0.2.3"
time="2025-09-02T07:52:38-07:00" level=info msg="Tool required for debug" tool="esp32:openocd-esp32@v0.12.0-esp32-20250422"
time="2025-09-02T07:52:38-07:00" level=info msg="Tool required for debug" tool="esp32:riscv32-esp-elf-gdb@16.2_20250324"
time="2025-09-02T07:52:38-07:00" level=info msg="Tool required for debug" tool="esp32:xtensa-esp-elf-gdb@16.2_20250324"
2025-09-02 07:52:38 2025-09-02T14:52:38.393Z daemon INFO time="2025-09-02T07:52:38-07:00" level=info msg="Tool required for debug" tool="builtin:serial-discovery@1.4.1"
time="2025-09-02T07:52:38-07:00" level=info msg="Tool required for debug" tool="builtin:dfu-discovery@0.1.2"
time="2025-09-02T07:52:38-07:00" level=info msg="Tool required for debug" tool="arduino:avr-gcc@7.3.0-atmel3.6.1-arduino7"
time="2025-09-02T07:52:38-07:00" level=info msg="Tool required for debug" tool="builtin:mdns-discovery@1.0.9"
time="2025-09-02T07:52:38-07:00" level=info msg="Tool required for debug" tool="arduino:arduinoOTA@1.3.0"
2025-09-02 07:52:38 2025-09-02T14:52:38.393Z daemon INFO time="2025-09-02T07:52:38-07:00" level=info msg="Tool required for debug" tool="arduino:avrdude@6.3.0-arduino17"
time="2025-09-02T07:52:38-07:00" level=info msg="Tool required for debug" tool="arduino:openocd@0.11.0-arduino2"
time="2025-09-02T07:52:38-07:00" level=info msg="Tool required for debug" tool="arduino:arm-none-eabi-gcc@7-2017q4"
time="2025-09-02T07:52:38-07:00" level=info msg="Tool required for debug" tool="builtin:serial-monitor@0.15.0"
time="2025-09-02T07:52:38-07:00" level=info msg="Tool required for debug" tool="builtin:ctags@5.8-arduino11"
time="2025-09-02T07:52:38-07:00" level=info msg="Tool required for debug" tool="arduino:bossac@1.9.1-arduino5"
2025-09-02 07:52:38 2025-09-02T14:52:38.396Z daemon INFO time="2025-09-02T07:52:38-07:00" level=info msg="Tool required for debug" tool="arduino:dfu-util@0.11.0-arduino5"
time="2025-09-02T07:52:38-07:00" level=info msg="Tool required for debug" tool="esp32:esp-rv32@2411"
time="2025-09-02T07:52:38-07:00" level=info msg="Tool required for debug" tool="esp32:esp-x32@2411"
time="2025-09-02T07:52:38-07:00" level=info msg="Tool required for debug" tool="esp32:esp32-arduino-libs@idf-release_v5.5-b66b5448-v1"
2025-09-02 07:52:38 2025-09-02T14:52:38.396Z daemon INFO time="2025-09-02T07:52:38-07:00" level=info msg="Tool required for debug" tool="esp32:esptool_py@5.0.0"
time="2025-09-02T07:52:38-07:00" level=info msg="Tool required for debug" tool="esp32:mklittlefs@3.0.0-gnu12-dc7f933"
time="2025-09-02T07:52:38-07:00" level=info msg="Tool required for debug" tool="esp32:mkspiffs@0.2.3"
time="2025-09-02T07:52:38-07:00" level=info msg="Tool required for debug" tool="esp32:openocd-esp32@v0.12.0-esp32-20250422"
time="2025-09-02T07:52:38-07:00" level=info msg="Tool required for debug" tool="esp32:riscv32-esp-elf-gdb@16.2_20250324"
time="2025-09-02T07:52:38-07:00" level=info msg="Tool required for debug" tool="esp32:xtensa-esp-elf-gdb@16.2_20250324"
time="2025-09-02T07:52:38-07:00" level=info msg="Tool required for debug" tool="builtin:serial-discovery@1.4.1"
2025-09-02 07:52:38 2025-09-02T14:52:38.396Z daemon INFO time="2025-09-02T07:52:38-07:00" level=info msg="Tool required for debug" tool="arduino:arm-none-eabi-gcc@7-2017q4"
time="2025-09-02T07:52:38-07:00" level=info msg="Tool required for debug" tool="arduino:bossac@1.9.1-arduino5"
time="2025-09-02T07:52:38-07:00" level=info msg="Tool required for debug" tool="builtin:ctags@5.8-arduino11"
time="2025-09-02T07:52:38-07:00" level=info msg="Tool required for debug" tool="arduino:arduinoOTA@1.3.0"
time="2025-09-02T07:52:38-07:00" level=info msg="Tool required for debug" tool="builtin:dfu-discovery@0.1.2"
time="2025-09-02T07:52:38-07:00" level=info msg="Tool required for debug" tool="builtin:mdns-discovery@1.0.9"
2025-09-02 07:52:38 2025-09-02T14:52:38.396Z daemon INFO time="2025-09-02T07:52:38-07:00" level=info msg="Tool required for debug" tool="builtin:serial-monitor@0.15.0"
time="2025-09-02T07:52:38-07:00" level=info msg="Tool required for debug" tool="arduino:openocd@0.11.0-arduino2"
time="2025-09-02T07:52:38-07:00" level=info msg="Tool required for debug" tool="arduino:avrdude@6.3.0-arduino17"
time="2025-09-02T07:52:38-07:00" level=info msg="Tool required for debug" tool="arduino:avr-gcc@7.3.0-atmel3.6.1-arduino7"
2025-09-02 07:52:38 2025-09-02T14:52:38.402Z daemon INFO time="2025-09-02T07:52:38-07:00" level=info msg="Tool required for debug" tool="arduino:dfu-util@0.11.0-arduino5"
time="2025-09-02T07:52:38-07:00" level=info msg="Tool required for debug" tool="esp32:esp-rv32@2411"
2025-09-02 07:52:38 2025-09-02T14:52:38.402Z daemon INFO time="2025-09-02T07:52:38-07:00" level=info msg="Tool required for debug" tool="esp32:esp-x32@2411"
time="2025-09-02T07:52:38-07:00" level=info msg="Tool required for debug" tool="esp32:esp32-arduino-libs@idf-release_v5.5-b66b5448-v1"
time="2025-09-02T07:52:38-07:00" level=info msg="Tool required for debug" tool="esp32:esptool_py@5.0.0"
time="2025-09-02T07:52:38-07:00" level=info msg="Tool required for debug" tool="esp32:mklittlefs@3.0.0-gnu12-dc7f933"
time="2025-09-02T07:52:38-07:00" level=info msg="Tool required for debug" tool="esp32:mkspiffs@0.2.3"
2025-09-02 07:52:38 2025-09-02T14:52:38.402Z daemon INFO time="2025-09-02T07:52:38-07:00" level=info msg="Tool required for debug" tool="esp32:openocd-esp32@v0.12.0-esp32-20250422"
time="2025-09-02T07:52:38-07:00" level=info msg="Tool required for debug" tool="esp32:riscv32-esp-elf-gdb@16.2_20250324"
time="2025-09-02T07:52:38-07:00" level=info msg="Tool required for debug" tool="esp32:xtensa-esp-elf-gdb@16.2_20250324"
time="2025-09-02T07:52:38-07:00" level=info msg="Tool required for debug" tool="arduino:avr-gcc@7.3.0-atmel3.6.1-arduino7"
2025-09-02 07:52:38 2025-09-02T14:52:38.402Z daemon INFO time="2025-09-02T07:52:38-07:00" level=info msg="Tool required for debug" tool="arduino:bossac@1.9.1-arduino5"
time="2025-09-02T07:52:38-07:00" level=info msg="Tool required for debug" tool="builtin:dfu-discovery@0.1.2"
time="2025-09-02T07:52:38-07:00" level=info msg="Tool required for debug" tool="builtin:serial-discovery@1.4.1"
2025-09-02 07:52:38 2025-09-02T14:52:38.403Z daemon INFO time="2025-09-02T07:52:38-07:00" level=info msg="Tool required for debug" tool="arduino:arduinoOTA@1.3.0"
time="2025-09-02T07:52:38-07:00" level=info msg="Tool required for debug" tool="arduino:arm-none-eabi-gcc@7-2017q4"
time="2025-09-02T07:52:38-07:00" level=info msg="Tool required for debug" tool="builtin:serial-monitor@0.15.0"
2025-09-02 07:52:38 2025-09-02T14:52:38.403Z daemon INFO time="2025-09-02T07:52:38-07:00" level=info msg="Tool required for debug" tool="arduino:avrdude@6.3.0-arduino17"
time="2025-09-02T07:52:38-07:00" level=info msg="Tool required for debug" tool="builtin:mdns-discovery@1.0.9"
2025-09-02 07:52:38 2025-09-02T14:52:38.403Z daemon INFO time="2025-09-02T07:52:38-07:00" level=info msg="Tool required for debug" tool="arduino:openocd@0.11.0-arduino2"
time="2025-09-02T07:52:38-07:00" level=info msg="Tool required for debug" tool="builtin:ctags@5.8-arduino11"
2025-09-02 07:52:38 2025-09-02T14:52:38.408Z daemon INFO time="2025-09-02T07:52:38-07:00" level=info msg="Tool required for debug" tool="arduino:dfu-util@0.11.0-arduino5"
time="2025-09-02T07:52:38-07:00" level=info msg="Tool required for debug" tool="esp32:esp-rv32@2411"
2025-09-02 07:52:38 2025-09-02T14:52:38.408Z daemon INFO time="2025-09-02T07:52:38-07:00" level=info msg="Tool required for debug" tool="esp32:esp-x32@2411"
time="2025-09-02T07:52:38-07:00" level=info msg="Tool required for debug" tool="esp32:esp32-arduino-libs@idf-release_v5.5-b66b5448-v1"
time="2025-09-02T07:52:38-07:00" level=info msg="Tool required for debug" tool="esp32:esptool_py@5.0.0"
time="2025-09-02T07:52:38-07:00" level=info msg="Tool required for debug" tool="esp32:mklittlefs@3.0.0-gnu12-dc7f933"
time="2025-09-02T07:52:38-07:00" level=info msg="Tool required for debug" tool="esp32:mkspiffs@0.2.3"
2025-09-02 07:52:38 2025-09-02T14:52:38.408Z daemon INFO time="2025-09-02T07:52:38-07:00" level=info msg="Tool required for debug" tool="esp32:openocd-esp32@v0.12.0-esp32-20250422"
time="2025-09-02T07:52:38-07:00" level=info msg="Tool required for debug" tool="esp32:riscv32-esp-elf-gdb@16.2_20250324"
time="2025-09-02T07:52:38-07:00" level=info msg="Tool required for debug" tool="esp32:xtensa-esp-elf-gdb@16.2_20250324"
time="2025-09-02T07:52:38-07:00" level=info msg="Tool required for debug" tool="builtin:mdns-discovery@1.0.9"
2025-09-02 07:52:38 2025-09-02T14:52:38.408Z daemon INFO time="2025-09-02T07:52:38-07:00" level=info msg="Tool required for debug" tool="arduino:openocd@0.11.0-arduino2"
time="2025-09-02T07:52:38-07:00" level=info msg="Tool required for debug" tool="arduino:avrdude@6.3.0-arduino17"
time="2025-09-02T07:52:38-07:00" level=info msg="Tool required for debug" tool="arduino:arm-none-eabi-gcc@7-2017q4"
time="2025-09-02T07:52:38-07:00" level=info msg="Tool required for debug" tool="arduino:arduinoOTA@1.3.0"
2025-09-02 07:52:38 2025-09-02T14:52:38.408Z daemon INFO time="2025-09-02T07:52:38-07:00" level=info msg="Tool required for debug" tool="builtin:dfu-discovery@0.1.2"
time="2025-09-02T07:52:38-07:00" level=info msg="Tool required for debug" tool="builtin:serial-discovery@1.4.1"
2025-09-02 07:52:38 2025-09-02T14:52:38.408Z daemon INFO time="2025-09-02T07:52:38-07:00" level=info msg="Tool required for debug" tool="arduino:avr-gcc@7.3.0-atmel3.6.1-arduino7"
time="2025-09-02T07:52:38-07:00" level=info msg="Tool required for debug" tool="builtin:serial-monitor@0.15.0"
time="2025-09-02T07:52:38-07:00" level=info msg="Tool required for debug" tool="builtin:ctags@5.8-arduino11"
2025-09-02 07:52:38 2025-09-02T14:52:38.408Z daemon INFO time="2025-09-02T07:52:38-07:00" level=info msg="Tool required for debug" tool="arduino:bossac@1.9.1-arduino5"
2025-09-02 07:52:38 2025-09-02T14:52:38.413Z daemon INFO time="2025-09-02T07:52:38-07:00" level=info msg="Tool required for debug" tool="arduino:dfu-util@0.11.0-arduino5"
time="2025-09-02T07:52:38-07:00" level=info msg="Tool required for debug" tool="esp32:esp-rv32@2411"
2025-09-02 07:52:38 2025-09-02T14:52:38.413Z daemon INFO time="2025-09-02T07:52:38-07:00" level=info msg="Tool required for debug" tool="esp32:esp-x32@2411"
time="2025-09-02T07:52:38-07:00" level=info msg="Tool required for debug" tool="esp32:esp32-arduino-libs@idf-release_v5.5-b66b5448-v1"
time="2025-09-02T07:52:38-07:00" level=info msg="Tool required for debug" tool="esp32:esptool_py@5.0.0"
time="2025-09-02T07:52:38-07:00" level=info msg="Tool required for debug" tool="esp32:mklittlefs@3.0.0-gnu12-dc7f933"
time="2025-09-02T07:52:38-07:00" level=info msg="Tool required for debug" tool="esp32:mkspiffs@0.2.3"
2025-09-02 07:52:38 2025-09-02T14:52:38.413Z daemon INFO time="2025-09-02T07:52:38-07:00" level=info msg="Tool required for debug" tool="esp32:openocd-esp32@v0.12.0-esp32-20250422"
time="2025-09-02T07:52:38-07:00" level=info msg="Tool required for debug" tool="esp32:riscv32-esp-elf-gdb@16.2_20250324"
time="2025-09-02T07:52:38-07:00" level=info msg="Tool required for debug" tool="esp32:xtensa-esp-elf-gdb@16.2_20250324"
time="2025-09-02T07:52:38-07:00" level=info msg="Tool required for debug" tool="builtin:serial-discovery@1.4.1"
2025-09-02 07:52:38 2025-09-02T14:52:38.413Z daemon INFO time="2025-09-02T07:52:38-07:00" level=info msg="Tool required for debug" tool="arduino:avrdude@6.3.0-arduino17"
time="2025-09-02T07:52:38-07:00" level=info msg="Tool required for debug" tool="arduino:openocd@0.11.0-arduino2"
time="2025-09-02T07:52:38-07:00" level=info msg="Tool required for debug" tool="arduino:avr-gcc@7.3.0-atmel3.6.1-arduino7"
time="2025-09-02T07:52:38-07:00" level=info msg="Tool required for debug" tool="arduino:bossac@1.9.1-arduino5"
2025-09-02 07:52:38 2025-09-02T14:52:38.413Z daemon INFO time="2025-09-02T07:52:38-07:00" level=info msg="Tool required for debug" tool="arduino:arduinoOTA@1.3.0"
time="2025-09-02T07:52:38-07:00" level=info msg="Tool required for debug" tool="builtin:mdns-discovery@1.0.9"
time="2025-09-02T07:52:38-07:00" level=info msg="Tool required for debug" tool="arduino:arm-none-eabi-gcc@7-2017q4"
time="2025-09-02T07:52:38-07:00" level=info msg="Tool required for debug" tool="builtin:serial-monitor@0.15.0"
2025-09-02 07:52:38 2025-09-02T14:52:38.413Z daemon INFO time="2025-09-02T07:52:38-07:00" level=info msg="Tool required for debug" tool="builtin:ctags@5.8-arduino11"
time="2025-09-02T07:52:38-07:00" level=info msg="Tool required for debug" tool="builtin:dfu-discovery@0.1.2"
2025-09-02 07:52:38 2025-09-02T14:52:38.417Z daemon INFO time="2025-09-02T07:52:38-07:00" level=info msg="Tool required for debug" tool="arduino:dfu-util@0.11.0-arduino5"
time="2025-09-02T07:52:38-07:00" level=info msg="Tool required for debug" tool="esp32:esp-rv32@2411"
2025-09-02 07:52:38 2025-09-02T14:52:38.417Z daemon INFO time="2025-09-02T07:52:38-07:00" level=info msg="Tool required for debug" tool="esp32:esp-x32@2411"
time="2025-09-02T07:52:38-07:00" level=info msg="Tool required for debug" tool="esp32:esp32-arduino-libs@idf-release_v5.5-b66b5448-v1"
time="2025-09-02T07:52:38-07:00" level=info msg="Tool required for debug" tool="esp32:esptool_py@5.0.0"
time="2025-09-02T07:52:38-07:00" level=info msg="Tool required for debug" tool="esp32:mklittlefs@3.0.0-gnu12-dc7f933"
time="2025-09-02T07:52:38-07:00" level=info msg="Tool required for debug" tool="esp32:mkspiffs@0.2.3"
time="2025-09-02T07:52:38-07:00" level=info msg="Tool required for debug" tool="esp32:openocd-esp32@v0.12.0-esp32-20250422"
2025-09-02 07:52:38 2025-09-02T14:52:38.417Z daemon INFO time="2025-09-02T07:52:38-07:00" level=info msg="Tool required for debug" tool="esp32:riscv32-esp-elf-gdb@16.2_20250324"
time="2025-09-02T07:52:38-07:00" level=info msg="Tool required for debug" tool="esp32:xtensa-esp-elf-gdb@16.2_20250324"
time="2025-09-02T07:52:38-07:00" level=info msg="Tool required for debug" tool="arduino:arm-none-eabi-gcc@7-2017q4"
time="2025-09-02T07:52:38-07:00" level=info msg="Tool required for debug" tool="arduino:avr-gcc@7.3.0-atmel3.6.1-arduino7"
time="2025-09-02T07:52:38-07:00" level=info msg="Tool required for debug" tool="arduino:bossac@1.9.1-arduino5"
2025-09-02 07:52:38 2025-09-02T14:52:38.417Z daemon INFO time="2025-09-02T07:52:38-07:00" level=info msg="Tool required for debug" tool="builtin:mdns-discovery@1.0.9"
time="2025-09-02T07:52:38-07:00" level=info msg="Tool required for debug" tool="arduino:arduinoOTA@1.3.0"
time="2025-09-02T07:52:38-07:00" level=info msg="Tool required for debug" tool="arduino:avrdude@6.3.0-arduino17"
time="2025-09-02T07:52:38-07:00" level=info msg="Tool required for debug" tool="builtin:serial-monitor@0.15.0"
2025-09-02 07:52:38 2025-09-02T14:52:38.417Z daemon INFO time="2025-09-02T07:52:38-07:00" level=info msg="Tool required for debug" tool="builtin:serial-discovery@1.4.1"
time="2025-09-02T07:52:38-07:00" level=info msg="Tool required for debug" tool="arduino:openocd@0.11.0-arduino2"
time="2025-09-02T07:52:38-07:00" level=info msg="Tool required for debug" tool="builtin:ctags@5.8-arduino11"
2025-09-02 07:52:38 2025-09-02T14:52:38.417Z daemon INFO time="2025-09-02T07:52:38-07:00" level=info msg="Tool required for debug" tool="builtin:dfu-discovery@0.1.2"
2025-09-02 07:52:38 2025-09-02T14:52:38.421Z daemon INFO time="2025-09-02T07:52:38-07:00" level=info msg="Tool required for debug" tool="arduino:dfu-util@0.11.0-arduino5"
time="2025-09-02T07:52:38-07:00" level=info msg="Tool required for debug" tool="esp32:esp-rv32@2411"
2025-09-02 07:52:38 2025-09-02T14:52:38.421Z daemon INFO time="2025-09-02T07:52:38-07:00" level=info msg="Tool required for debug" tool="esp32:esp-x32@2411"
time="2025-09-02T07:52:38-07:00" level=info msg="Tool required for debug" tool="esp32:esp32-arduino-libs@idf-release_v5.5-b66b5448-v1"
time="2025-09-02T07:52:38-07:00" level=info msg="Tool required for debug" tool="esp32:esptool_py@5.0.0"
time="2025-09-02T07:52:38-07:00" level=info msg="Tool required for debug" tool="esp32:mklittlefs@3.0.0-gnu12-dc7f933"
time="2025-09-02T07:52:38-07:00" level=info msg="Tool required for debug" tool="esp32:mkspiffs@0.2.3"
time="2025-09-02T07:52:38-07:00" level=info msg="Tool required for debug" tool="esp32:openocd-esp32@v0.12.0-esp32-20250422"
2025-09-02 07:52:38 2025-09-02T14:52:38.421Z daemon INFO time="2025-09-02T07:52:38-07:00" level=info msg="Tool required for debug" tool="esp32:riscv32-esp-elf-gdb@16.2_20250324"
time="2025-09-02T07:52:38-07:00" level=info msg="Tool required for debug" tool="esp32:xtensa-esp-elf-gdb@16.2_20250324"
time="2025-09-02T07:52:38-07:00" level=info msg="Tool required for debug" tool="arduino:avr-gcc@7.3.0-atmel3.6.1-arduino7"
time="2025-09-02T07:52:38-07:00" level=info msg="Tool required for debug" tool="builtin:dfu-discovery@0.1.2"
2025-09-02 07:52:38 2025-09-02T14:52:38.422Z daemon INFO time="2025-09-02T07:52:38-07:00" level=info msg="Tool required for debug" tool="builtin:serial-monitor@0.15.0"
time="2025-09-02T07:52:38-07:00" level=info msg="Tool required for debug" tool="arduino:openocd@0.11.0-arduino2"
time="2025-09-02T07:52:38-07:00" level=info msg="Tool required for debug" tool="arduino:arduinoOTA@1.3.0"
time="2025-09-02T07:52:38-07:00" level=info msg="Tool required for debug" tool="builtin:ctags@5.8-arduino11"
2025-09-02 07:52:38 2025-09-02T14:52:38.422Z daemon INFO time="2025-09-02T07:52:38-07:00" level=info msg="Tool required for debug" tool="arduino:bossac@1.9.1-arduino5"
time="2025-09-02T07:52:38-07:00" level=info msg="Tool required for debug" tool="arduino:avrdude@6.3.0-arduino17"
time="2025-09-02T07:52:38-07:00" level=info msg="Tool required for debug" tool="builtin:mdns-discovery@1.0.9"
2025-09-02 07:52:38 2025-09-02T14:52:38.422Z daemon INFO time="2025-09-02T07:52:38-07:00" level=info msg="Tool required for debug" tool="builtin:serial-discovery@1.4.1"
time="2025-09-02T07:52:38-07:00" level=info msg="Tool required for debug" tool="arduino:arm-none-eabi-gcc@7-2017q4"
2025-09-02 07:52:38 2025-09-02T14:52:38.426Z daemon INFO time="2025-09-02T07:52:38-07:00" level=info msg="Tool required for debug" tool="arduino:dfu-util@0.11.0-arduino5"
time="2025-09-02T07:52:38-07:00" level=info msg="Tool required for debug" tool="esp32:esp-rv32@2411"
time="2025-09-02T07:52:38-07:00" level=info msg="Tool required for debug" tool="esp32:esp-x32@2411"
2025-09-02 07:52:38 2025-09-02T14:52:38.426Z daemon INFO time="2025-09-02T07:52:38-07:00" level=info msg="Tool required for debug" tool="esp32:esp32-arduino-libs@idf-release_v5.5-b66b5448-v1"
time="2025-09-02T07:52:38-07:00" level=info msg="Tool required for debug" tool="esp32:esptool_py@5.0.0"
time="2025-09-02T07:52:38-07:00" level=info msg="Tool required for debug" tool="esp32:mklittlefs@3.0.0-gnu12-dc7f933"
time="2025-09-02T07:52:38-07:00" level=info msg="Tool required for debug" tool="esp32:mkspiffs@0.2.3"
time="2025-09-02T07:52:38-07:00" level=info msg="Tool required for debug" tool="esp32:openocd-esp32@v0.12.0-esp32-20250422"
time="2025-09-02T07:52:38-07:00" level=info msg="Tool required for debug" tool="esp32:riscv32-esp-elf-gdb@16.2_20250324"
time="2025-09-02T07:52:38-07:00" level=info msg="Tool required for debug" tool="esp32:xtensa-esp-elf-gdb@16.2_20250324"
time="2025-09-02T07:52:38-07:00" level=info msg="Tool required for debug" tool="builtin:serial-monitor@0.15.0"
2025-09-02 07:52:38 2025-09-02T14:52:38.427Z daemon INFO time="2025-09-02T07:52:38-07:00" level=info msg="Tool required for debug" tool="builtin:ctags@5.8-arduino11"
time="2025-09-02T07:52:38-07:00" level=info msg="Tool required for debug" tool="arduino:arduinoOTA@1.3.0"
time="2025-09-02T07:52:38-07:00" level=info msg="Tool required for debug" tool="arduino:avr-gcc@7.3.0-atmel3.6.1-arduino7"
time="2025-09-02T07:52:38-07:00" level=info msg="Tool required for debug" tool="arduino:openocd@0.11.0-arduino2"
time="2025-09-02T07:52:38-07:00" level=info msg="Tool required for debug" tool="arduino:bossac@1.9.1-arduino5"
time="2025-09-02T07:52:38-07:00" level=info msg="Tool required for debug" tool="arduino:arm-none-eabi-gcc@7-2017q4"
time="2025-09-02T07:52:38-07:00" level=info msg="Tool required for debug" tool="builtin:dfu-discovery@0.1.2"
time="2025-09-02T07:52:38-07:00" level=info msg="Tool required for debug" tool="arduino:avrdude@6.3.0-arduino17"
time="2025-09-02T07:52:38-07:00" level=info msg="Tool required for debug" tool="builtin:serial-discovery@1.4.1"
time="2025-09-02T07:52:38-07:00" level=info msg="Tool required for debug" tool="builtin:mdns-discovery@1.0.9"
2025-09-02 07:52:38 2025-09-02T14:52:38.429Z daemon INFO time="2025-09-02T07:52:38-07:00" level=info msg="Tool required for debug" tool="arduino:dfu-util@0.11.0-arduino5"
time="2025-09-02T07:52:38-07:00" level=info msg="Tool required for debug" tool="esp32:esp-rv32@2411"
time="2025-09-02T07:52:38-07:00" level=info msg="Tool required for debug" tool="esp32:esp-x32@2411"
2025-09-02 07:52:38 2025-09-02T14:52:38.429Z daemon INFO time="2025-09-02T07:52:38-07:00" level=info msg="Tool required for debug" tool="esp32:esp32-arduino-libs@idf-release_v5.5-b66b5448-v1"
time="2025-09-02T07:52:38-07:00" level=info msg="Tool required for debug" tool="esp32:esptool_py@5.0.0"
time="2025-09-02T07:52:38-07:00" level=info msg="Tool required for debug" tool="esp32:mklittlefs@3.0.0-gnu12-dc7f933"
time="2025-09-02T07:52:38-07:00" level=info msg="Tool required for debug" tool="esp32:mkspiffs@0.2.3"
time="2025-09-02T07:52:38-07:00" level=info msg="Tool required for debug" tool="esp32:openocd-esp32@v0.12.0-esp32-20250422"
time="2025-09-02T07:52:38-07:00" level=info msg="Tool required for debug" tool="esp32:riscv32-esp-elf-gdb@16.2_20250324"
2025-09-02 07:52:38 2025-09-02T14:52:38.429Z daemon INFO time="2025-09-02T07:52:38-07:00" level=info msg="Tool required for debug" tool="esp32:xtensa-esp-elf-gdb@16.2_20250324"
time="2025-09-02T07:52:38-07:00" level=info msg="Tool required for debug" tool="arduino:openocd@0.11.0-arduino2"
time="2025-09-02T07:52:38-07:00" level=info msg="Tool required for debug" tool="builtin:serial-discovery@1.4.1"
time="2025-09-02T07:52:38-07:00" level=info msg="Tool required for debug" tool="arduino:arm-none-eabi-gcc@7-2017q4"
time="2025-09-02T07:52:38-07:00" level=info msg="Tool required for debug" tool="arduino:bossac@1.9.1-arduino5"
2025-09-02 07:52:38 2025-09-02T14:52:38.429Z daemon INFO time="2025-09-02T07:52:38-07:00" level=info msg="Tool required for debug" tool="arduino:avrdude@6.3.0-arduino17"
time="2025-09-02T07:52:38-07:00" level=info msg="Tool required for debug" tool="arduino:avr-gcc@7.3.0-atmel3.6.1-arduino7"
time="2025-09-02T07:52:38-07:00" level=info msg="Tool required for debug" tool="builtin:ctags@5.8-arduino11"
time="2025-09-02T07:52:38-07:00" level=info msg="Tool required for debug" tool="builtin:dfu-discovery@0.1.2"
2025-09-02 07:52:38 2025-09-02T14:52:38.429Z daemon INFO time="2025-09-02T07:52:38-07:00" level=info msg="Tool required for debug" tool="builtin:mdns-discovery@1.0.9"
time="2025-09-02T07:52:38-07:00" level=info msg="Tool required for debug" tool="builtin:serial-monitor@0.15.0"
time="2025-09-02T07:52:38-07:00" level=info msg="Tool required for debug" tool="arduino:arduinoOTA@1.3.0"
2025-09-02 07:52:38 2025-09-02T14:52:38.433Z daemon INFO time="2025-09-02T07:52:38-07:00" level=info msg="Tool required for debug" tool="arduino:dfu-util@0.11.0-arduino5"
time="2025-09-02T07:52:38-07:00" level=info msg="Tool required for debug" tool="esp32:esp-rv32@2411"
time="2025-09-02T07:52:38-07:00" level=info msg="Tool required for debug" tool="esp32:esp-x32@2411"
2025-09-02 07:52:38 2025-09-02T14:52:38.433Z daemon INFO time="2025-09-02T07:52:38-07:00" level=info msg="Tool required for debug" tool="esp32:esp32-arduino-libs@idf-release_v5.5-b66b5448-v1"
time="2025-09-02T07:52:38-07:00" level=info msg="Tool required for debug" tool="esp32:esptool_py@5.0.0"
time="2025-09-02T07:52:38-07:00" level=info msg="Tool required for debug" tool="esp32:mklittlefs@3.0.0-gnu12-dc7f933"
time="2025-09-02T07:52:38-07:00" level=info msg="Tool required for debug" tool="esp32:mkspiffs@0.2.3"
time="2025-09-02T07:52:38-07:00" level=info msg="Tool required for debug" tool="esp32:openocd-esp32@v0.12.0-esp32-20250422"
time="2025-09-02T07:52:38-07:00" level=info msg="Tool required for debug" tool="esp32:riscv32-esp-elf-gdb@16.2_20250324"
time="2025-09-02T07:52:38-07:00" level=info msg="Tool required for debug" tool="esp32:xtensa-esp-elf-gdb@16.2_20250324"
time="2025-09-02T07:52:38-07:00" level=info msg="Tool required for debug" tool="builtin:serial-monitor@0.15.0"
2025-09-02 07:52:38 2025-09-02T14:52:38.433Z daemon INFO time="2025-09-02T07:52:38-07:00" level=info msg="Tool required for debug" tool="arduino:openocd@0.11.0-arduino2"
time="2025-09-02T07:52:38-07:00" level=info msg="Tool required for debug" tool="arduino:avr-gcc@7.3.0-atmel3.6.1-arduino7"
time="2025-09-02T07:52:38-07:00" level=info msg="Tool required for debug" tool="builtin:ctags@5.8-arduino11"
time="2025-09-02T07:52:38-07:00" level=info msg="Tool required for debug" tool="builtin:dfu-discovery@0.1.2"
2025-09-02 07:52:38 2025-09-02T14:52:38.433Z daemon INFO time="2025-09-02T07:52:38-07:00" level=info msg="Tool required for debug" tool="arduino:bossac@1.9.1-arduino5"
time="2025-09-02T07:52:38-07:00" level=info msg="Tool required for debug" tool="builtin:serial-discovery@1.4.1"
time="2025-09-02T07:52:38-07:00" level=info msg="Tool required for debug" tool="arduino:arduinoOTA@1.3.0"
time="2025-09-02T07:52:38-07:00" level=info msg="Tool required for debug" tool="arduino:avrdude@6.3.0-arduino17"
time="2025-09-02T07:52:38-07:00" level=info msg="Tool required for debug" tool="arduino:arm-none-eabi-gcc@7-2017q4"
2025-09-02 07:52:38 2025-09-02T14:52:38.433Z daemon INFO time="2025-09-02T07:52:38-07:00" level=info msg="Tool required for debug" tool="builtin:mdns-discovery@1.0.9"
2025-09-02 07:52:38 2025-09-02T14:52:38.436Z daemon INFO time="2025-09-02T07:52:38-07:00" level=info msg="Tool required for debug" tool="arduino:dfu-util@0.11.0-arduino5"
time="2025-09-02T07:52:38-07:00" level=info msg="Tool required for debug" tool="esp32:esp-rv32@2411"
time="2025-09-02T07:52:38-07:00" level=info msg="Tool required for debug" tool="esp32:esp-x32@2411"
2025-09-02 07:52:38 2025-09-02T14:52:38.436Z daemon INFO time="2025-09-02T07:52:38-07:00" level=info msg="Tool required for debug" tool="esp32:esp32-arduino-libs@idf-release_v5.5-b66b5448-v1"
time="2025-09-02T07:52:38-07:00" level=info msg="Tool required for debug" tool="esp32:esptool_py@5.0.0"
time="2025-09-02T07:52:38-07:00" level=info msg="Tool required for debug" tool="esp32:mklittlefs@3.0.0-gnu12-dc7f933"
time="2025-09-02T07:52:38-07:00" level=info msg="Tool required for debug" tool="esp32:mkspiffs@0.2.3"
time="2025-09-02T07:52:38-07:00" level=info msg="Tool required for debug" tool="esp32:openocd-esp32@v0.12.0-esp32-20250422"
time="2025-09-02T07:52:38-07:00" level=info msg="Tool required for debug" tool="esp32:riscv32-esp-elf-gdb@16.2_20250324"
time="2025-09-02T07:52:38-07:00" level=info msg="Tool required for debug" tool="esp32:xtensa-esp-elf-gdb@16.2_20250324"
time="2025-09-02T07:52:38-07:00" level=info msg="Tool required for debug" tool="arduino:bossac@1.9.1-arduino5"
2025-09-02 07:52:38 2025-09-02T14:52:38.436Z daemon INFO time="2025-09-02T07:52:38-07:00" level=info msg="Tool required for debug" tool="builtin:mdns-discovery@1.0.9"
time="2025-09-02T07:52:38-07:00" level=info msg="Tool required for debug" tool="builtin:serial-monitor@0.15.0"
time="2025-09-02T07:52:38-07:00" level=info msg="Tool required for debug" tool="builtin:ctags@5.8-arduino11"
time="2025-09-02T07:52:38-07:00" level=info msg="Tool required for debug" tool="arduino:arm-none-eabi-gcc@7-2017q4"
2025-09-02 07:52:38 2025-09-02T14:52:38.436Z daemon INFO time="2025-09-02T07:52:38-07:00" level=info msg="Tool required for debug" tool="arduino:avr-gcc@7.3.0-atmel3.6.1-arduino7"
time="2025-09-02T07:52:38-07:00" level=info msg="Tool required for debug" tool="arduino:avrdude@6.3.0-arduino17"
time="2025-09-02T07:52:38-07:00" level=info msg="Tool required for debug" tool="arduino:arduinoOTA@1.3.0"
time="2025-09-02T07:52:38-07:00" level=info msg="Tool required for debug" tool="builtin:dfu-discovery@0.1.2"
time="2025-09-02T07:52:38-07:00" level=info msg="Tool required for debug" tool="builtin:serial-discovery@1.4.1"
2025-09-02 07:52:38 2025-09-02T14:52:38.436Z daemon INFO time="2025-09-02T07:52:38-07:00" level=info msg="Tool required for debug" tool="arduino:openocd@0.11.0-arduino2"
2025-09-02 07:52:38 2025-09-02T14:52:38.439Z daemon INFO time="2025-09-02T07:52:38-07:00" level=info msg="Tool required for debug" tool="arduino:dfu-util@0.11.0-arduino5"
time="2025-09-02T07:52:38-07:00" level=info msg="Tool required for debug" tool="esp32:esp-rv32@2411"
time="2025-09-02T07:52:38-07:00" level=info msg="Tool required for debug" tool="esp32:esp-x32@2411"
2025-09-02 07:52:38 2025-09-02T14:52:38.439Z daemon INFO time="2025-09-02T07:52:38-07:00" level=info msg="Tool required for debug" tool="esp32:esp32-arduino-libs@idf-release_v5.5-b66b5448-v1"
time="2025-09-02T07:52:38-07:00" level=info msg="Tool required for debug" tool="esp32:esptool_py@5.0.0"
time="2025-09-02T07:52:38-07:00" level=info msg="Tool required for debug" tool="esp32:mklittlefs@3.0.0-gnu12-dc7f933"
time="2025-09-02T07:52:38-07:00" level=info msg="Tool required for debug" tool="esp32:mkspiffs@0.2.3"
time="2025-09-02T07:52:38-07:00" level=info msg="Tool required for debug" tool="esp32:openocd-esp32@v0.12.0-esp32-20250422"
time="2025-09-02T07:52:38-07:00" level=info msg="Tool required for debug" tool="esp32:riscv32-esp-elf-gdb@16.2_20250324"
time="2025-09-02T07:52:38-07:00" level=info msg="Tool required for debug" tool="esp32:xtensa-esp-elf-gdb@16.2_20250324"
2025-09-02 07:52:38 2025-09-02T14:52:38.440Z daemon INFO time="2025-09-02T07:52:38-07:00" level=info msg="Tool required for debug" tool="builtin:ctags@5.8-arduino11"
time="2025-09-02T07:52:38-07:00" level=info msg="Tool required for debug" tool="arduino:avr-gcc@7.3.0-atmel3.6.1-arduino7"
time="2025-09-02T07:52:38-07:00" level=info msg="Tool required for debug" tool="arduino:bossac@1.9.1-arduino5"
time="2025-09-02T07:52:38-07:00" level=info msg="Tool required for debug" tool="builtin:serial-monitor@0.15.0"
time="2025-09-02T07:52:38-07:00" level=info msg="Tool required for debug" tool="arduino:arm-none-eabi-gcc@7-2017q4"
time="2025-09-02T07:52:38-07:00" level=info msg="Tool required for debug" tool="arduino:avrdude@6.3.0-arduino17"
2025-09-02 07:52:38 2025-09-02T14:52:38.440Z daemon INFO time="2025-09-02T07:52:38-07:00" level=info msg="Tool required for debug" tool="arduino:openocd@0.11.0-arduino2"
time="2025-09-02T07:52:38-07:00" level=info msg="Tool required for debug" tool="builtin:serial-discovery@1.4.1"
time="2025-09-02T07:52:38-07:00" level=info msg="Tool required for debug" tool="arduino:arduinoOTA@1.3.0"
time="2025-09-02T07:52:38-07:00" level=info msg="Tool required for debug" tool="builtin:dfu-discovery@0.1.2"
time="2025-09-02T07:52:38-07:00" level=info msg="Tool required for debug" tool="builtin:mdns-discovery@1.0.9"
2025-09-02 07:52:38 2025-09-02T14:52:38.443Z daemon INFO time="2025-09-02T07:52:38-07:00" level=info msg="Tool required for debug" tool="arduino:dfu-util@0.11.0-arduino5"
time="2025-09-02T07:52:38-07:00" level=info msg="Tool required for debug" tool="esp32:esp-rv32@2411"
time="2025-09-02T07:52:38-07:00" level=info msg="Tool required for debug" tool="esp32:esp-x32@2411"
2025-09-02 07:52:38 2025-09-02T14:52:38.443Z daemon INFO time="2025-09-02T07:52:38-07:00" level=info msg="Tool required for debug" tool="esp32:esp32-arduino-libs@idf-release_v5.5-b66b5448-v1"
time="2025-09-02T07:52:38-07:00" level=info msg="Tool required for debug" tool="esp32:esptool_py@5.0.0"
time="2025-09-02T07:52:38-07:00" level=info msg="Tool required for debug" tool="esp32:mklittlefs@3.0.0-gnu12-dc7f933"
time="2025-09-02T07:52:38-07:00" level=info msg="Tool required for debug" tool="esp32:mkspiffs@0.2.3"
time="2025-09-02T07:52:38-07:00" level=info msg="Tool required for debug" tool="esp32:openocd-esp32@v0.12.0-esp32-20250422"
time="2025-09-02T07:52:38-07:00" level=info msg="Tool required for debug" tool="esp32:riscv32-esp-elf-gdb@16.2_20250324"
time="2025-09-02T07:52:38-07:00" level=info msg="Tool required for debug" tool="esp32:xtensa-esp-elf-gdb@16.2_20250324"
2025-09-02 07:52:38 2025-09-02T14:52:38.443Z daemon INFO time="2025-09-02T07:52:38-07:00" level=info msg="Tool required for debug" tool="arduino:arm-none-eabi-gcc@7-2017q4"
time="2025-09-02T07:52:38-07:00" level=info msg="Tool required for debug" tool="arduino:avrdude@6.3.0-arduino17"
time="2025-09-02T07:52:38-07:00" level=info msg="Tool required for debug" tool="builtin:dfu-discovery@0.1.2"
time="2025-09-02T07:52:38-07:00" level=info msg="Tool required for debug" tool="arduino:avr-gcc@7.3.0-atmel3.6.1-arduino7"
time="2025-09-02T07:52:38-07:00" level=info msg="Tool required for debug" tool="builtin:mdns-discovery@1.0.9"
2025-09-02 07:52:38 2025-09-02T14:52:38.443Z daemon INFO time="2025-09-02T07:52:38-07:00" level=info msg="Tool required for debug" tool="builtin:serial-discovery@1.4.1"
time="2025-09-02T07:52:38-07:00" level=info msg="Tool required for debug" tool="builtin:ctags@5.8-arduino11"
time="2025-09-02T07:52:38-07:00" level=info msg="Tool required for debug" tool="arduino:bossac@1.9.1-arduino5"
time="2025-09-02T07:52:38-07:00" level=info msg="Tool required for debug" tool="arduino:arduinoOTA@1.3.0"
time="2025-09-02T07:52:38-07:00" level=info msg="Tool required for debug" tool="arduino:openocd@0.11.0-arduino2"
2025-09-02 07:52:38 2025-09-02T14:52:38.443Z daemon INFO time="2025-09-02T07:52:38-07:00" level=info msg="Tool required for debug" tool="builtin:serial-monitor@0.15.0"
2025-09-02 07:52:39 2025-09-02T14:52:39.316Z daemon INFO time="2025-09-02T07:52:39-07:00" level=info msg="Adding libraries dir" dir=/home/aaron/.arduino15/libraries isSingleLibrary=false location=ide
time="2025-09-02T07:52:39-07:00" level=info msg="Adding libraries dir" dir=/home/aaron/.arduino15/packages/esp32/hardware/esp32/3.3.0/libraries isSingleLibrary=false location=platform
time="2025-09-02T07:52:39-07:00" level=info msg="Adding libraries dir" dir=/home/aaron/Arduino/libraries isSingleLibrary=false location=user
2025-09-02 07:52:48 2025-09-02T14:52:48.904Z root INFO Received port after upload [arduino+serial:///dev/ttyACM0, esp32:esp32:esp32s3:UploadSpeed=921600,USBMode=hwcdc,CDCOnBoot=default,MSCOnBoot=default,DFUOnBoot=default,UploadMode=default,CPUFreq=240,FlashMode=qio,FlashSize=16M,PartitionScheme=app3M_fat9M_16MB,DebugLevel=none,PSRAM=opi,LoopCore=1,EventsCore=1,EraseFlash=none,JTAGAdapter=default,ZigbeeMode=default, bluetooth_scanner]. Before port: {"address":"/dev/ttyACM0","addressLabel":"/dev/ttyACM0","protocol":"serial","protocolLabel":"Serial Port (USB)","properties":{"pid":"0x1001","serialNumber":"94:A9:90:7D:0E:B4","vid":"0x303a"},"hardwareId":"94:A9:90:7D:0E:B4"}, after port: {"address":"/dev/ttyACM0","addressLabel":"/dev/ttyACM0","protocol":"serial","protocolLabel":"Serial Port (USB)","properties":{"pid":"0x1001","serialNumber":"30:ED:A0:AD:83:34","vid":"0x303a"},"hardwareId":"30:ED:A0:AD:83:34"}
2025-09-02 07:54:41 2025-09-02T14:54:41.450Z discovery-log INFO {"eventType":"remove","port":{"matchingBoardsList":[],"port":{"address":"/dev/ttyACM0","label":"","protocol":"serial","protocolLabel":"","propertiesMap":[],"hardwareId":""}},"error":""}
2025-09-02 07:54:41 2025-09-02T14:54:41.998Z discovery-log INFO {"eventType":"add","port":{"matchingBoardsList":[{"name":"ESP32 Family Device","fqbn":"esp32:esp32:esp32_family","isHidden":true}],"port":{"address":"/dev/ttyACM0","label":"/dev/ttyACM0","protocol":"serial","protocolLabel":"Serial Port (USB)","propertiesMap":[["pid","0x1001"],["serialNumber","30:ED:A0:AD:83:34"],["vid","0x303a"]],"hardwareId":"30:ED:A0:AD:83:34"}},"error":""}
2025-09-02 13:02:28 2025-09-02T20:02:28.216Z discovery-log INFO {"eventType":"remove","port":{"matchingBoardsList":[],"port":{"address":"/dev/ttyACM0","label":"","protocol":"serial","protocolLabel":"","propertiesMap":[],"hardwareId":""}},"error":""}
2025-09-02 13:02:28 2025-09-02T20:02:28.722Z discovery-log INFO {"eventType":"add","port":{"matchingBoardsList":[{"name":"ESP32 Family Device","fqbn":"esp32:esp32:esp32_family","isHidden":true}],"port":{"address":"/dev/ttyACM0","label":"/dev/ttyACM0","protocol":"serial","protocolLabel":"Serial Port (USB)","propertiesMap":[["pid","0x1001"],["serialNumber","30:ED:A0:AD:83:34"],["vid","0x303a"]],"hardwareId":"30:ED:A0:AD:83:34"}},"error":""}
2025-09-02 13:09:08 2025-09-02T20:09:08.786Z discovery-log INFO {"eventType":"remove","port":{"matchingBoardsList":[],"port":{"address":"/dev/ttyACM0","label":"","protocol":"serial","protocolLabel":"","propertiesMap":[],"hardwareId":""}},"error":""}
2025-09-02 13:09:10 2025-09-02T20:09:10.615Z discovery-log INFO {"eventType":"add","port":{"matchingBoardsList":[{"name":"ESP32 Family Device","fqbn":"esp32:esp32:esp32_family","isHidden":true}],"port":{"address":"/dev/ttyACM0","label":"/dev/ttyACM0","protocol":"serial","protocolLabel":"Serial Port (USB)","propertiesMap":[["pid","0x1001"],["serialNumber","30:ED:A0:AD:83:34"],["vid","0x303a"]],"hardwareId":"30:ED:A0:AD:83:34"}},"error":""}
2025-09-02 13:52:35 2025-09-02T20:52:35.622Z discovery-log INFO {"eventType":"remove","port":{"matchingBoardsList":[],"port":{"address":"/dev/ttyACM0","label":"","protocol":"serial","protocolLabel":"","propertiesMap":[],"hardwareId":""}},"error":""}
2025-09-02 14:38:35 2025-09-02T21:38:35.036Z discovery-log INFO {"eventType":"add","port":{"matchingBoardsList":[{"name":"ESP32 Family Device","fqbn":"esp32:esp32:esp32_family","isHidden":true}],"port":{"address":"/dev/ttyACM0","label":"/dev/ttyACM0","protocol":"serial","protocolLabel":"Serial Port (USB)","propertiesMap":[["pid","0x1001"],["serialNumber","30:ED:A0:AD:83:34"],["vid","0x303a"]],"hardwareId":"30:ED:A0:AD:83:34"}},"error":""}
2025-09-02 15:52:16 2025-09-02T22:52:16.296Z discovery-log INFO {"eventType":"remove","port":{"matchingBoardsList":[],"port":{"address":"/dev/ttyACM0","label":"","protocol":"serial","protocolLabel":"","propertiesMap":[],"hardwareId":""}},"error":""}
2025-09-02 15:54:55 2025-09-02T22:54:55.097Z discovery-log INFO {"eventType":"add","port":{"matchingBoardsList":[{"name":"ESP32 Family Device","fqbn":"esp32:esp32:esp32_family","isHidden":true}],"port":{"address":"/dev/ttyACM0","label":"/dev/ttyACM0","protocol":"serial","protocolLabel":"Serial Port (USB)","propertiesMap":[["pid","0x1001"],["serialNumber","30:ED:A0:AD:83:34"],["vid","0x303a"]],"hardwareId":"30:ED:A0:AD:83:34"}},"error":""}
