2025-08-13 06:50:29 Arduino IDE 2.3.6
2025-08-13 06:50:29 Checking for frontend application configuration customizations. Module path: /nix/store/2d5i1bzbqbnl4rgnhk8czrw5zmqqjdzv-arduino-ide-2.3.6-extracted/resources/app/lib/backend/electron-main.js, destination 'package.json': /nix/store/2d5i1bzbqbnl4rgnhk8czrw5zmqqjdzv-arduino-ide-2.3.6-extracted/resources/app/package.json
2025-08-13 06:50:29 Setting 'theia.frontend.config.appVersion' application configuration value to: "2.3.6" (type of string)
2025-08-13 06:50:29 Setting 'theia.frontend.config.cliVersion' application configuration value to: "1.2.0" (type of string)
2025-08-13 06:50:29 Setting 'theia.frontend.config.buildDate' application configuration value to: "2025-04-09T11:24:04.835Z" (type of string)
2025-08-13 06:50:29 Frontend application configuration after modifications: {"applicationName":"Arduino IDE","defaultTheme":{"light":"arduino-theme","dark":"arduino-theme-dark"},"defaultIconTheme":"none","electron":{"windowOptions":{},"showWindowEarly":true,"splashScreenOptions":{},"uriScheme":"arduino-ide"},"defaultLocale":"","validatePreferencesSchema":false,"reloadOnReconnect":true,"uriScheme":"theia","preferences":{"window.title":"${rootName}${activeEditorShort}${appName}","files.autoSave":"afterDelay","editor.minimap.enabled":false,"editor.tabSize":2,"editor.scrollBeyondLastLine":false,"editor.quickSuggestions":{"other":false,"comments":false,"strings":false},"editor.maxTokenizationLineLength":500,"editor.bracketPairColorization.enabled":false,"breadcrumbs.enabled":false,"workbench.tree.renderIndentGuides":"none","explorer.compactFolders":false},"appVersion":"2.3.6","cliVersion":"1.2.0","buildDate":"2025-04-09T11:24:04.835Z"}
2025-08-13 06:50:29 Starting backend process. PID: 4616
2025-08-13 06:50:30 Showing main window early
2025-08-13 06:50:30 Using browser-only version of superagent in non-browser environment
2025-08-13 06:50:30 Configuration directory URI: 'file:///home/aaron/.arduinoIDE'
2025-08-13 06:50:30 Configuring to accept webviews on '^.+\.webview\..+$' hostname.
2025-08-13 06:50:30 2025-08-13T13:50:30.544Z root INFO Backend u.initialize: 37.4 ms [Finished 0.708 s after backend start]
2025-08-13 06:50:30 2025-08-13T13:50:30.547Z root INFO Backend Object.initialize: 35.0 ms [Finished 0.708 s after backend start]
2025-08-13 06:50:30 2025-08-13T13:50:30.547Z root INFO Backend a.initialize: 1.4 ms [Finished 0.708 s after backend start]
2025-08-13 06:50:30 2025-08-13T13:50:30.547Z root INFO Backend a.initialize: 1.1 ms [Finished 0.708 s after backend start]
2025-08-13 06:50:30 2025-08-13T13:50:30.547Z root INFO Backend u.initialize: 1.6 ms [Finished 0.708 s after backend start]
2025-08-13 06:50:30 2025-08-13T13:50:30.550Z root INFO Backend l.initialize: 37.0 ms [Finished 0.710 s after backend start]
2025-08-13 06:50:30 2025-08-13T13:50:30.558Z root INFO configured all backend app contributions
2025-08-13 06:50:30 2025-08-13T13:50:30.558Z root INFO Backend l.onStart: 1.6 ms [Finished 0.724 s after backend start]
2025-08-13 06:50:30 2025-08-13T13:50:30.559Z root INFO Backend d.onStart: 0.1 ms [Finished 0.724 s after backend start]
2025-08-13 06:50:30 2025-08-13T13:50:30.559Z root INFO Backend a.onStart: 0.4 ms [Finished 0.724 s after backend start]
2025-08-13 06:50:30 2025-08-13T13:50:30.560Z config INFO >>> Initializing CLI configuration...
2025-08-13 06:50:30 2025-08-13T13:50:30.560Z root INFO Backend x.onStart: 0.3 ms [Finished 0.725 s after backend start]
2025-08-13 06:50:30 2025-08-13T13:50:30.560Z config INFO Loading CLI configuration from /home/aaron/.arduinoIDE/arduino-cli.yaml...
2025-08-13 06:50:30 2025-08-13T13:50:30.560Z daemon INFO Starting daemon from /nix/store/2d5i1bzbqbnl4rgnhk8czrw5zmqqjdzv-arduino-ide-2.3.6-extracted/resources/app/lib/backend/resources/arduino-cli...
2025-08-13 06:50:30 2025-08-13T13:50:30.560Z root INFO Backend w.onStart: 0.4 ms [Finished 0.725 s after backend start]
2025-08-13 06:50:30 2025-08-13T13:50:30.560Z discovery-log INFO start
2025-08-13 06:50:30 2025-08-13T13:50:30.560Z discovery-log INFO start new deferred
2025-08-13 06:50:30 2025-08-13T13:50:30.560Z root INFO Backend v.onStart: 0.2 ms [Finished 0.726 s after backend start]
2025-08-13 06:50:30 2025-08-13T13:50:30.560Z root INFO Backend a.onStart: 0.1 ms [Finished 0.726 s after backend start]
2025-08-13 06:50:30 2025-08-13T13:50:30.564Z root INFO Theia app listening on http://127.0.0.1:40251.
2025-08-13 06:50:30 2025-08-13T13:50:30.564Z root INFO Finished starting backend application: 4.1 ms [Finished 0.730 s after backend start]
2025-08-13 06:50:30 Error: node-loader:
Error: libxkbfile.so.1: cannot open shared object file: No such file or directory
    at 95585 (/nix/store/2d5i1bzbqbnl4rgnhk8czrw5zmqqjdzv-arduino-ide-2.3.6-extracted/resources/app/lib/backend/electron-main.js:8:1529780)
    at __webpack_require__ (/nix/store/2d5i1bzbqbnl4rgnhk8czrw5zmqqjdzv-arduino-ide-2.3.6-extracted/resources/app/lib/backend/electron-main.js:8:1985382)
    at o._init (/nix/store/2d5i1bzbqbnl4rgnhk8czrw5zmqqjdzv-arduino-ide-2.3.6-extracted/resources/app/lib/backend/electron-main.js:5:1319254)
    at o.onDidChangeKeyboardLayout (/nix/store/2d5i1bzbqbnl4rgnhk8czrw5zmqqjdzv-arduino-ide-2.3.6-extracted/resources/app/lib/backend/electron-main.js:5:1319604)
    at t.onDidChangeKeyboardLayout (/nix/store/2d5i1bzbqbnl4rgnhk8czrw5zmqqjdzv-arduino-ide-2.3.6-extracted/resources/app/lib/backend/electron-main.js:5:1319982)
    at a.onStart (/nix/store/2d5i1bzbqbnl4rgnhk8czrw5zmqqjdzv-arduino-ide-2.3.6-extracted/resources/app/lib/backend/electron-main.js:2:205197)
    at A.startContributions (/nix/store/2d5i1bzbqbnl4rgnhk8czrw5zmqqjdzv-arduino-ide-2.3.6-extracted/resources/app/lib/backend/electron-main.js:8:1599586)
    at Object.handler (/nix/store/2d5i1bzbqbnl4rgnhk8czrw5zmqqjdzv-arduino-ide-2.3.6-extracted/resources/app/lib/backend/electron-main.js:2:1217714)
    at process.processTicksAndRejections (node:internal/process/task_queues:95:5)
2025-08-13 06:50:30 Restoring workspace roots: /home/aaron/projects/esp32_ble/master,/home/aaron/projects/esp32_ble/slave
2025-08-13 06:50:30 2025-08-13T13:50:30.565Z root WARN The local plugin referenced by local-dir:/home/aaron/.arduinoIDE/plugins does not exist.
2025-08-13 06:50:30 2025-08-13T13:50:30.565Z root WARN The local plugin referenced by local-dir:/home/aaron/.arduinoIDE/deployedPlugins does not exist.
2025-08-13 06:50:30 2025-08-13T13:50:30.579Z config INFO Loaded CLI configuration: {"board_manager":{"additional_urls":["https://raw.githubusercontent.com/espressif/arduino-esp32/gh-pages/package_esp32_index.json"]},"directories":{"builtin":{"libraries":"/home/aaron/.arduino15/libraries"},"data":"/home/aaron/.arduino15","user":"/home/aaron/Arduino"},"locale":"en"}
2025-08-13 06:50:30 2025-08-13T13:50:30.579Z config INFO 'directories.data' and 'directories.user' are set in the CLI configuration model.
2025-08-13 06:50:30 2025-08-13T13:50:30.579Z config INFO Loaded the CLI configuration.
2025-08-13 06:50:30 2025-08-13T13:50:30.580Z config INFO Mapped the CLI configuration: {"dataDirUri":"file:///home/aaron/.arduino15","sketchDirUri":"file:///home/aaron/Arduino","additionalUrls":["https://raw.githubusercontent.com/espressif/arduino-esp32/gh-pages/package_esp32_index.json"],"network":"none","locale":"en"}
2025-08-13 06:50:30 2025-08-13T13:50:30.580Z config INFO Validating the CLI configuration...
2025-08-13 06:50:30 2025-08-13T13:50:30.581Z config INFO The CLI config is valid.
2025-08-13 06:50:30 2025-08-13T13:50:30.581Z config INFO <<< Initialized the CLI configuration.
2025-08-13 06:50:30 isTempSketch: false. Input was /home/aaron/projects/esp32_ble/master/master.ino
2025-08-13 06:50:30 isTempSketch: false. Input was /home/aaron/projects/esp32_ble/slave/slave.ino
2025-08-13 06:50:30 2025-08-13T13:50:30.611Z root INFO Resolve plugins list: 50.0 ms [Finished 0.777 s after backend start]
2025-08-13 06:50:30 2025-08-13T13:50:30.763Z daemon INFO time="2025-08-13T06:50:30-07:00" level=info msg="arduino-cli version 1.2.0"
time="2025-08-13T06:50:30-07:00" level=info msg="Using config file: /home/aaron/.arduinoIDE/arduino-cli.yaml"
time="2025-08-13T06:50:30-07:00" level=info msg="Executing `arduino-cli daemon`"
Daemon is now listening on 127.0.0.1:40663
{"IP":"127.0.0.1","Port":"40663"}
2025-08-13 06:50:30 2025-08-13T13:50:30.763Z daemon INFO Daemon is running.
2025-08-13 06:50:30 2025-08-13T13:50:30.836Z daemon INFO time="2025-08-13T06:50:30-07:00" level=info msg="Checking signature" index=/home/aaron/.arduino15/package_index.json signatureFile=/home/aaron/.arduino15/package_index.json.sig trusted=true
2025-08-13 06:50:30 2025-08-13T13:50:30.844Z daemon INFO time="2025-08-13T06:50:30-07:00" level=info msg="Missing signature file" index=/home/aaron/.arduino15/package_esp32_index.json
time="2025-08-13T06:50:30-07:00" level=info msg="Loading hardware from: /home/aaron/.arduino15/packages"
time="2025-08-13T06:50:30-07:00" level=info msg="Loading package arduino from: /home/aaron/.arduino15/packages/arduino/hardware"
time="2025-08-13T06:50:30-07:00" level=info msg="Missing signature file" index=/home/aaron/.arduino15/packages/arduino/hardware/avr/1.8.6/installed.json
time="2025-08-13T06:50:30-07:00" level=info msg="Adding monitor tool" protocol=serial tool="builtin:serial-monitor"
time="2025-08-13T06:50:30-07:00" level=info msg="Loaded platform" platform="arduino:avr@1.8.6"
time="2025-08-13T06:50:30-07:00" level=info msg="Checking existence of 'tools' path: /home/aaron/.arduino15/packages/arduino/tools"
time="2025-08-13T06:50:30-07:00" level=info msg="Loading tools from dir: /home/aaron/.arduino15/packages/arduino/tools"
2025-08-13 06:50:30 2025-08-13T13:50:30.844Z daemon INFO time="2025-08-13T06:50:30-07:00" level=info msg="Loaded tool" tool="arduino:arduinoOTA@1.3.0"
2025-08-13 06:50:30 2025-08-13T13:50:30.844Z daemon INFO time="2025-08-13T06:50:30-07:00" level=info msg="Loaded tool" tool="arduino:avr-gcc@7.3.0-atmel3.6.1-arduino7"
2025-08-13 06:50:30 2025-08-13T13:50:30.845Z daemon INFO time="2025-08-13T06:50:30-07:00" level=info msg="Loaded tool" tool="arduino:avrdude@6.3.0-arduino17"
2025-08-13 06:50:30 2025-08-13T13:50:30.848Z daemon INFO time="2025-08-13T06:50:30-07:00" level=info msg="Loaded tool" tool="arduino:dfu-util@0.11.0-arduino5"
time="2025-08-13T06:50:30-07:00" level=info msg="Loading package builtin from: /home/aaron/.arduino15/packages/builtin"
time="2025-08-13T06:50:30-07:00" level=info msg="Checking existence of 'tools' path: /home/aaron/.arduino15/packages/builtin/tools"
time="2025-08-13T06:50:30-07:00" level=info msg="Loading tools from dir: /home/aaron/.arduino15/packages/builtin/tools"
time="2025-08-13T06:50:30-07:00" level=info msg="Loaded tool" tool="builtin:ctags@5.8-arduino11"
time="2025-08-13T06:50:30-07:00" level=info msg="Loaded tool" tool="builtin:dfu-discovery@0.1.2"
time="2025-08-13T06:50:30-07:00" level=info msg="Loaded tool" tool="builtin:mdns-discovery@1.0.9"
time="2025-08-13T06:50:30-07:00" level=info msg="Loaded tool" tool="builtin:serial-discovery@1.4.1"
time="2025-08-13T06:50:30-07:00" level=info msg="Loaded tool" tool="builtin:serial-monitor@0.15.0"
time="2025-08-13T06:50:30-07:00" level=info msg="Loading package esp32 from: /home/aaron/.arduino15/packages/esp32/hardware"
2025-08-13 06:50:30 2025-08-13T13:50:30.853Z daemon INFO time="2025-08-13T06:50:30-07:00" level=info msg="Missing signature file" index=/home/aaron/.arduino15/packages/esp32/hardware/esp32/3.3.0/installed.json
2025-08-13 06:50:31 2025-08-13T13:50:31.081Z daemon INFO time="2025-08-13T06:50:31-07:00" level=info msg="Adding monitor tool" protocol=serial tool="builtin:serial-monitor"
time="2025-08-13T06:50:31-07:00" level=info msg="Loaded platform" platform="esp32:esp32@3.3.0"
2025-08-13 06:50:31 2025-08-13T13:50:31.082Z daemon INFO time="2025-08-13T06:50:31-07:00" level=info msg="Checking existence of 'tools' path: /home/aaron/.arduino15/packages/esp32/tools"
time="2025-08-13T06:50:31-07:00" level=info msg="Loading tools from dir: /home/aaron/.arduino15/packages/esp32/tools"
2025-08-13 06:50:31 2025-08-13T13:50:31.086Z daemon INFO time="2025-08-13T06:50:31-07:00" level=info msg="Loaded tool" tool="esp32:esp-rv32@2411"
2025-08-13 06:50:31 2025-08-13T13:50:31.086Z daemon INFO time="2025-08-13T06:50:31-07:00" level=info msg="Loaded tool" tool="esp32:esp-x32@2411"
2025-08-13 06:50:31 2025-08-13T13:50:31.086Z daemon INFO time="2025-08-13T06:50:31-07:00" level=info msg="Loaded tool" tool="esp32:esp32-arduino-libs@idf-release_v5.5-b66b5448-v1"
2025-08-13 06:50:31 2025-08-13T13:50:31.087Z daemon INFO time="2025-08-13T06:50:31-07:00" level=info msg="Loaded tool" tool="esp32:esptool_py@5.0.0"
2025-08-13 06:50:31 2025-08-13T13:50:31.087Z daemon INFO time="2025-08-13T06:50:31-07:00" level=info msg="Loaded tool" tool="esp32:mklittlefs@3.0.0-gnu12-dc7f933"
2025-08-13 06:50:31 2025-08-13T13:50:31.088Z daemon INFO time="2025-08-13T06:50:31-07:00" level=info msg="Loaded tool" tool="esp32:mkspiffs@0.2.3"
2025-08-13 06:50:31 2025-08-13T13:50:31.088Z daemon INFO time="2025-08-13T06:50:31-07:00" level=info msg="Loaded tool" tool="esp32:openocd-esp32@v0.12.0-esp32-20250422"
2025-08-13 06:50:31 2025-08-13T13:50:31.097Z daemon INFO time="2025-08-13T06:50:31-07:00" level=info msg="Loaded tool" tool="esp32:riscv32-esp-elf-gdb@16.2_20250324"
time="2025-08-13T06:50:31-07:00" level=info msg="Loaded tool" tool="esp32:xtensa-esp-elf-gdb@16.2_20250324"
time="2025-08-13T06:50:31-07:00" level=info msg="Adding libraries dir" dir=/home/aaron/.arduino15/packages/arduino/hardware/avr/1.8.6/libraries isSingleLibrary=false location=platform
time="2025-08-13T06:50:31-07:00" level=info msg="Adding libraries dir" dir=/home/aaron/.arduino15/packages/esp32/hardware/esp32/3.3.0/libraries isSingleLibrary=false location=platform
time="2025-08-13T06:50:31-07:00" level=info msg="Loading libraries index file" index=/home/aaron/.arduino15/library_index.json
2025-08-13 06:50:31 2025-08-13T13:50:31.461Z root INFO Deploy plugins list: 899.5 ms [Finished 1.626 s after backend start]
2025-08-13 06:50:31 2025-08-13T13:50:31.583Z daemon INFO time="2025-08-13T06:50:31-07:00" level=info msg="Adding libraries dir" dir=/home/aaron/.arduino15/libraries isSingleLibrary=false location=ide
time="2025-08-13T06:50:31-07:00" level=info msg="Adding libraries dir" dir=/home/aaron/Arduino/libraries isSingleLibrary=false location=user
2025-08-13 06:50:31 2025-08-13T13:50:31.621Z root INFO creating connection for 2
2025-08-13 06:50:31 2025-08-13T13:50:31.624Z root INFO creating connection for 1
2025-08-13 06:50:31 2025-08-13T13:50:31.846Z discovery-log INFO start resolved watching
2025-08-13 06:50:31 2025-08-13T13:50:31.882Z discovery-log INFO {"eventType":"add","port":{"matchingBoardsList":[],"port":{"address":"/dev/ttyACM0","label":"/dev/ttyACM0","protocol":"serial","protocolLabel":"Serial Port (USB)","propertiesMap":[["pid","0x55d3"],["serialNumber","5A4E104763"],["vid","0x1a86"]],"hardwareId":"5A4E104763"}},"error":""}
2025-08-13 06:50:31 2025-08-13T13:50:31.883Z discovery-log INFO {"eventType":"add","port":{"matchingBoardsList":[],"port":{"address":"/dev/ttyS0","label":"/dev/ttyS0","protocol":"serial","protocolLabel":"Serial Port","propertiesMap":[],"hardwareId":""}},"error":""}
2025-08-13 06:50:32 2025-08-13T13:50:32.712Z root ERROR Error: node-loader:
Error: libxkbfile.so.1: cannot open shared object file: No such file or directory
    at 95585 (/nix/store/2d5i1bzbqbnl4rgnhk8czrw5zmqqjdzv-arduino-ide-2.3.6-extracted/resources/app/lib/backend/main.js:2:6468723)
    at __webpack_require__ (/nix/store/2d5i1bzbqbnl4rgnhk8czrw5zmqqjdzv-arduino-ide-2.3.6-extracted/resources/app/lib/backend/main.js:2:7034640)
    at r._init (/nix/store/2d5i1bzbqbnl4rgnhk8czrw5zmqqjdzv-arduino-ide-2.3.6-extracted/resources/app/lib/backend/main.js:2:4537535)
    at r.getCurrentKeyboardLayout (/nix/store/2d5i1bzbqbnl4rgnhk8czrw5zmqqjdzv-arduino-ide-2.3.6-extracted/resources/app/lib/backend/main.js:2:4537734)
    at t.getCurrentKeyboardLayout (/nix/store/2d5i1bzbqbnl4rgnhk8czrw5zmqqjdzv-arduino-ide-2.3.6-extracted/resources/app/lib/backend/main.js:2:4538141)
    at s.getNativeLayoutSync (/nix/store/2d5i1bzbqbnl4rgnhk8czrw5zmqqjdzv-arduino-ide-2.3.6-extracted/resources/app/lib/backend/main.js:2:1830040)
    at s.getNativeLayout (/nix/store/2d5i1bzbqbnl4rgnhk8czrw5zmqqjdzv-arduino-ide-2.3.6-extracted/resources/app/lib/backend/main.js:2:1829981)
    at u.onRequest (/nix/store/2d5i1bzbqbnl4rgnhk8czrw5zmqqjdzv-arduino-ide-2.3.6-extracted/resources/app/lib/backend/main.js:2:4942964)
    at c.requestHandler (/nix/store/2d5i1bzbqbnl4rgnhk8czrw5zmqqjdzv-arduino-ide-2.3.6-extracted/resources/app/lib/backend/main.js:2:4942783)
    at c.handleRequest (/nix/store/2d5i1bzbqbnl4rgnhk8czrw5zmqqjdzv-arduino-ide-2.3.6-extracted/resources/app/lib/backend/main.js:2:524486)
2025-08-13 06:50:32 2025-08-13T13:50:32.712Z root ERROR TypeError: Cannot read properties of null (reading 'getKeyMap')
    at r.getKeyMap (/nix/store/2d5i1bzbqbnl4rgnhk8czrw5zmqqjdzv-arduino-ide-2.3.6-extracted/resources/app/lib/backend/main.js:2:4537620)
    at t.getKeyMap (/nix/store/2d5i1bzbqbnl4rgnhk8czrw5zmqqjdzv-arduino-ide-2.3.6-extracted/resources/app/lib/backend/main.js:2:4538201)
    at s.getNativeLayoutSync (/nix/store/2d5i1bzbqbnl4rgnhk8czrw5zmqqjdzv-arduino-ide-2.3.6-extracted/resources/app/lib/backend/main.js:2:1830077)
    at s.getNativeLayout (/nix/store/2d5i1bzbqbnl4rgnhk8czrw5zmqqjdzv-arduino-ide-2.3.6-extracted/resources/app/lib/backend/main.js:2:1829981)
    at u.onRequest (/nix/store/2d5i1bzbqbnl4rgnhk8czrw5zmqqjdzv-arduino-ide-2.3.6-extracted/resources/app/lib/backend/main.js:2:4942964)
    at c.requestHandler (/nix/store/2d5i1bzbqbnl4rgnhk8czrw5zmqqjdzv-arduino-ide-2.3.6-extracted/resources/app/lib/backend/main.js:2:4942783)
    at c.handleRequest (/nix/store/2d5i1bzbqbnl4rgnhk8czrw5zmqqjdzv-arduino-ide-2.3.6-extracted/resources/app/lib/backend/main.js:2:524486)
    at c.handleMessage (/nix/store/2d5i1bzbqbnl4rgnhk8czrw5zmqqjdzv-arduino-ide-2.3.6-extracted/resources/app/lib/backend/main.js:2:522388)
    at /nix/store/2d5i1bzbqbnl4rgnhk8czrw5zmqqjdzv-arduino-ide-2.3.6-extracted/resources/app/lib/backend/main.js:2:522022
    at /nix/store/2d5i1bzbqbnl4rgnhk8czrw5zmqqjdzv-arduino-ide-2.3.6-extracted/resources/app/lib/backend/main.js:2:6419737
2025-08-13 06:50:32 2025-08-13T13:50:32.713Z root WARN A command editor.action.toggleStickyScroll is already registered.
2025-08-13 06:50:32 2025-08-13T13:50:32.729Z root ERROR TypeError: Cannot read properties of null (reading 'getCurrentKeyboardLayout')
    at r.getCurrentKeyboardLayout (/nix/store/2d5i1bzbqbnl4rgnhk8czrw5zmqqjdzv-arduino-ide-2.3.6-extracted/resources/app/lib/backend/main.js:2:4537759)
    at t.getCurrentKeyboardLayout (/nix/store/2d5i1bzbqbnl4rgnhk8czrw5zmqqjdzv-arduino-ide-2.3.6-extracted/resources/app/lib/backend/main.js:2:4538141)
    at s.getNativeLayoutSync (/nix/store/2d5i1bzbqbnl4rgnhk8czrw5zmqqjdzv-arduino-ide-2.3.6-extracted/resources/app/lib/backend/main.js:2:1830040)
    at s.getNativeLayout (/nix/store/2d5i1bzbqbnl4rgnhk8czrw5zmqqjdzv-arduino-ide-2.3.6-extracted/resources/app/lib/backend/main.js:2:1829981)
    at u.onRequest (/nix/store/2d5i1bzbqbnl4rgnhk8czrw5zmqqjdzv-arduino-ide-2.3.6-extracted/resources/app/lib/backend/main.js:2:4942964)
    at c.requestHandler (/nix/store/2d5i1bzbqbnl4rgnhk8czrw5zmqqjdzv-arduino-ide-2.3.6-extracted/resources/app/lib/backend/main.js:2:4942783)
    at c.handleRequest (/nix/store/2d5i1bzbqbnl4rgnhk8czrw5zmqqjdzv-arduino-ide-2.3.6-extracted/resources/app/lib/backend/main.js:2:524486)
    at c.handleMessage (/nix/store/2d5i1bzbqbnl4rgnhk8czrw5zmqqjdzv-arduino-ide-2.3.6-extracted/resources/app/lib/backend/main.js:2:522388)
    at /nix/store/2d5i1bzbqbnl4rgnhk8czrw5zmqqjdzv-arduino-ide-2.3.6-extracted/resources/app/lib/backend/main.js:2:522022
    at /nix/store/2d5i1bzbqbnl4rgnhk8czrw5zmqqjdzv-arduino-ide-2.3.6-extracted/resources/app/lib/backend/main.js:2:6419737
2025-08-13 06:50:32 2025-08-13T13:50:32.729Z root ERROR TypeError: Cannot read properties of null (reading 'getKeyMap')
    at r.getKeyMap (/nix/store/2d5i1bzbqbnl4rgnhk8czrw5zmqqjdzv-arduino-ide-2.3.6-extracted/resources/app/lib/backend/main.js:2:4537620)
    at t.getKeyMap (/nix/store/2d5i1bzbqbnl4rgnhk8czrw5zmqqjdzv-arduino-ide-2.3.6-extracted/resources/app/lib/backend/main.js:2:4538201)
    at s.getNativeLayoutSync (/nix/store/2d5i1bzbqbnl4rgnhk8czrw5zmqqjdzv-arduino-ide-2.3.6-extracted/resources/app/lib/backend/main.js:2:1830077)
    at s.getNativeLayout (/nix/store/2d5i1bzbqbnl4rgnhk8czrw5zmqqjdzv-arduino-ide-2.3.6-extracted/resources/app/lib/backend/main.js:2:1829981)
    at u.onRequest (/nix/store/2d5i1bzbqbnl4rgnhk8czrw5zmqqjdzv-arduino-ide-2.3.6-extracted/resources/app/lib/backend/main.js:2:4942964)
    at c.requestHandler (/nix/store/2d5i1bzbqbnl4rgnhk8czrw5zmqqjdzv-arduino-ide-2.3.6-extracted/resources/app/lib/backend/main.js:2:4942783)
    at c.handleRequest (/nix/store/2d5i1bzbqbnl4rgnhk8czrw5zmqqjdzv-arduino-ide-2.3.6-extracted/resources/app/lib/backend/main.js:2:524486)
    at c.handleMessage (/nix/store/2d5i1bzbqbnl4rgnhk8czrw5zmqqjdzv-arduino-ide-2.3.6-extracted/resources/app/lib/backend/main.js:2:522388)
    at /nix/store/2d5i1bzbqbnl4rgnhk8czrw5zmqqjdzv-arduino-ide-2.3.6-extracted/resources/app/lib/backend/main.js:2:522022
    at /nix/store/2d5i1bzbqbnl4rgnhk8czrw5zmqqjdzv-arduino-ide-2.3.6-extracted/resources/app/lib/backend/main.js:2:6419737
2025-08-13 06:50:32 2025-08-13T13:50:32.729Z root WARN A command editor.action.toggleStickyScroll is already registered.
2025-08-13 06:50:32 2025-08-13T13:50:32.750Z sketches-service WARN Warning! The request sketch path was different than the response sketch path from the CLI. This could be a potential bug. Request: </home/aaron/projects/esp32_ble/slave/slave.ino>, response: </home/aaron/projects/esp32_ble/slave>.
2025-08-13 06:50:32 2025-08-13T13:50:32.764Z sketches-service WARN Warning! The request sketch path was different than the response sketch path from the CLI. This could be a potential bug. Request: </home/aaron/projects/esp32_ble/master/master.ino>, response: </home/aaron/projects/esp32_ble/master>.
2025-08-13 06:50:32 Opening channel for service path '/services/electron-window'.
2025-08-13 06:50:32 Opening channel for service path '/services/ide-updater'.
2025-08-13 06:50:32 Opening channel for service path '/services/electron-window'.
2025-08-13 06:50:32 Opening channel for service path '/services/ide-updater'.
2025-08-13 06:50:32 2025-08-13T13:50:32.848Z root INFO Start frontend contributions: 316.5 ms [Finished 2.187 s after frontend start]
2025-08-13 06:50:32 2025-08-13T13:50:32.848Z root INFO Changed application state from 'init' to 'started_contributions'.
2025-08-13 06:50:32 2025-08-13T13:50:32.852Z root INFO Start frontend contributions: 281.8 ms [Finished 2.247 s after frontend start]
2025-08-13 06:50:32 2025-08-13T13:50:32.852Z root INFO Changed application state from 'init' to 'started_contributions'.
2025-08-13 06:50:32 2025-08-13T13:50:32.853Z root INFO Changed application state from 'started_contributions' to 'attached_shell'.
2025-08-13 06:50:32 2025-08-13T13:50:32.853Z root INFO >>> Restoring the layout state...
2025-08-13 06:50:32 2025-08-13T13:50:32.861Z root INFO Changed application state from 'started_contributions' to 'attached_shell'.
2025-08-13 06:50:32 2025-08-13T13:50:32.861Z root INFO >>> Restoring the layout state...
2025-08-13 06:50:32 2025-08-13T13:50:32.892Z root INFO [79c86448-71e9-4841-a570-6afe6202b699] Waiting for backend deployment: 65.9 ms [Finished 2.247 s after frontend start]
2025-08-13 06:50:33 2025-08-13T13:50:33.179Z root INFO [a7896717-3c54-42e6-8b4b-aa2c88b3af90] Waiting for backend deployment: 77.1 ms [Finished 2.315 s after frontend start]
2025-08-13 06:50:33 2025-08-13T13:50:33.338Z root INFO [hosted-plugin: 4840] PLUGIN_HOST(4840) starting instance
[Object: null prototype] {}
2025-08-13 06:50:33 2025-08-13T13:50:33.338Z root INFO [hosted-plugin: 4833] PLUGIN_HOST(4833) starting instance
[Object: null prototype] {}
2025-08-13 06:50:35 2025-08-13T13:50:35.049Z root INFO [a7896717-3c54-42e6-8b4b-aa2c88b3af90] Sync of 23 plugins: 2146.3 ms [Finished 4.462 s after frontend start]
2025-08-13 06:50:35 2025-08-13T13:50:35.064Z root INFO [79c86448-71e9-4841-a570-6afe6202b699] Sync of 23 plugins: 2171.2 ms [Finished 4.419 s after frontend start]
2025-08-13 06:50:35 2025-08-13T13:50:35.080Z root INFO ------- SERIALIZED LAYOUT DATA -------
2025-08-13 06:50:35 2025-08-13T13:50:35.080Z root INFO {"version":5,"mainPanel":{"main":{"type":"tab-area","widgets":[{"constructionOptions":{"factoryId":"code-editor-opener","options":{"counter":0,"kind":"navigatable","uri":"file:///home/aaron/projects/esp32_ble/master/master.ino"}},"innerWidgetState":"{\"cursorState\":[{\"inSelectionMode\":false,\"selectionStart\":{\"lineNumber\":21,\"column\":1},\"position\":{\"lineNumber\":21,\"column\":1}}],\"viewState\":{\"scrollLeft\":0,\"firstPosition\":{\"lineNumber\":232,\"column\":1},\"firstPositionDeltaTop\":-17},\"contributionsState\":{\"editor.contrib.folding\":{\"lineCount\":286,\"provider\":\"indent\",\"foldedImports\":false},\"editor.contrib.wordHighlighter\":false}}"},{"constructionOptions":{"factoryId":"code-editor-opener","options":{"counter":1,"kind":"navigatable","uri":"file:///home/aaron/projects/esp32_ble/master/sd_read_write.h"}},"innerWidgetState":"{\"cursorState\":[{\"inSelectionMode\":false,\"selectionStart\":{\"lineNumber\":1,\"column\":1},\"position\":{\"lineNumber\":1,\"column\":1}}],\"viewState\":{\"scrollLeft\":0,\"firstPosition\":{\"lineNumber\":1,\"column\":1},\"firstPositionDeltaTop\":0},\"contributionsState\":{\"editor.contrib.folding\":{\"lineCount\":18,\"provider\":\"indent\",\"foldedImports\":false},\"editor.contrib.wordHighlighter\":false}}"},{"constructionOptions":{"factoryId":"code-editor-opener","options":{"counter":1,"kind":"navigatable","uri":"file:///home/aaron/projects/esp32_ble/master/sd_read_write.cpp"}},"innerWidgetState":"{\"cursorState\":[{\"inSelectionMode\":false,\"selectionStart\":{\"lineNumber\":1,\"column\":1},\"position\":{\"lineNumber\":1,\"column\":1}}],\"viewState\":{\"scrollLeft\":0,\"firstPosition\":{\"lineNumber\":1,\"column\":1},\"firstPositionDeltaTop\":0},\"contributionsState\":{\"editor.contrib.folding\":{\"lineCount\":154,\"provider\":\"indent\",\"foldedImports\":false},\"editor.contrib.wordHighlighter\":false}}"}],"currentIndex":0}},"mainPanelPinned":[false,false,false],"bottomPanel":{"config":{"main":{"type":"tab-area","widgets":[{"constructionOptions":{"factoryId":"outputView"},"innerWidgetState":"{\"locked\":false}"},{"constructionOptions":{"factoryId":"serial-monitor"}}],"currentIndex":1}},"pinned":[false,false],"size":290,"expanded":true},"leftPanel":{"type":"sidepanel","items":[{"widget":{"constructionOptions":{"factoryId":"arduino-sketchbook-widget"}},"rank":1,"expanded":false,"pinned":false},{"widget":{"constructionOptions":{"factoryId":"boards-list-widget"}},"rank":2,"expanded":false,"pinned":false},{"widget":{"constructionOptions":{"factoryId":"library-list-widget"}},"rank":3,"expanded":false,"pinned":false},{"widget":{"constructionOptions":{"factoryId":"debug"},"innerWidgetState":"{\"parts\":[{\"partId\":\"debug:threads:-1\",\"collapsed\":false,\"hidden\":false,\"relativeSize\":1.384,\"originalContainerId\":\"debug:view-container:-1\",\"originalContainerTitle\":{\"label\":\"debug\",\"iconClass\":\"codicon codicon-debug-alt\",\"closeable\":true},\"widget\":{\"constructionOptions\":{\"factoryId\":\"debug:threads\"},\"innerWidgetState\":\"{}\"}},{\"partId\":\"debug:frames:-1\",\"collapsed\":false,\"hidden\":false,\"relativeSize\":1.384,\"originalContainerId\":\"debug:view-container:-1\",\"originalContainerTitle\":{\"label\":\"debug\",\"iconClass\":\"codicon codicon-debug-alt\",\"closeable\":true},\"widget\":{\"constructionOptions\":{\"factoryId\":\"debug:frames\"},\"innerWidgetState\":\"{}\"}},{\"partId\":\"debug:variables:-1\",\"collapsed\":false,\"hidden\":false,\"relativeSize\":1.384,\"originalContainerId\":\"debug:view-container:-1\",\"originalContainerTitle\":{\"label\":\"debug\",\"iconClass\":\"codicon codicon-debug-alt\",\"closeable\":true},\"widget\":{\"constructionOptions\":{\"factoryId\":\"debug:variables\"},\"innerWidgetState\":\"{}\"}},{\"partId\":\"debug:watch:-1\",\"collapsed\":false,\"hidden\":false,\"relativeSize\":1.384,\"originalContainerId\":\"debug:view-container:-1\",\"originalContainerTitle\":{\"label\":\"debug\",\"iconClass\":\"codicon codicon-debug-alt\",\"closeable\":true},\"widget\":{\"constructionOptions\":{\"factoryId\":\"debug:watch\"},\"innerWidgetState\":\"{}\"}},{\"partId\":\"debug:breakpoints:-1\",\"collapsed\":false,\"hidden\":false,\"relativeSize\":1.384,\"originalContainerId\":\"debug:view-container:-1\",\"originalContainerTitle\":{\"label\":\"debug\",\"iconClass\":\"codicon codicon-debug-alt\",\"closeable\":true},\"widget\":{\"constructionOptions\":{\"factoryId\":\"debug:breakpoints\"},\"innerWidgetState\":\"{}\"}},{\"partId\":\"plugin-view:cortex-debug.peripherals\",\"collapsed\":true,\"hidden\":true,\"originalContainerId\":\"debug:view-container:-1\",\"originalContainerTitle\":{\"label\":\"debug\",\"iconClass\":\"codicon codicon-debug-alt\",\"closeable\":true},\"widget\":{\"constructionOptions\":{\"factoryId\":\"plugin-view\",\"options\":{\"id\":\"plugin-view:cortex-debug.peripherals\",\"viewId\":\"cortex-debug.peripherals\"}},\"innerWidgetState\":\"{\\\"label\\\":\\\"Cortex Peripherals\\\",\\\"widgets\\\":[],\\\"suppressUpdateViewVisibility\\\":false,\\\"currentViewContainerId\\\":\\\"debug\\\"}\"}},{\"partId\":\"plugin-view:cortex-debug.registers\",\"collapsed\":true,\"hidden\":true,\"originalContainerId\":\"debug:view-container:-1\",\"originalContainerTitle\":{\"label\":\"debug\",\"iconClass\":\"codicon codicon-debug-alt\",\"closeable\":true},\"widget\":{\"constructionOptions\":{\"factoryId\":\"plugin-view\",\"options\":{\"id\":\"plugin-view:cortex-debug.registers\",\"viewId\":\"cortex-debug.registers\"}},\"innerWidgetState\":\"{\\\"label\\\":\\\"Cortex Registers\\\",\\\"widgets\\\":[],\\\"suppressUpdateViewVisibility\\\":false,\\\"currentViewContainerId\\\":\\\"debug\\\"}\"}}],\"title\":{\"label\":\"debug\",\"iconClass\":\"codicon codicon-debug-alt\",\"closeable\":true}}"},"rank":4,"expanded":false,"pinned":false},{"widget":{"constructionOptions":{"factoryId":"search-view-container"},"innerWidgetState":"{\"parts\":[{\"partId\":\"search-in-workspace\",\"collapsed\":false,\"hidden\":false,\"originalContainerId\":\"search-view-container\",\"originalContainerTitle\":{\"label\":\"Search\",\"iconClass\":\"codicon codicon-search\",\"closeable\":true},\"widget\":{\"constructionOptions\":{\"factoryId\":\"search-in-workspace\"},\"innerWidgetState\":\"{\\\"matchCaseState\\\":{\\\"className\\\":\\\"codicon codicon-case-sensitive\\\",\\\"enabled\\\":false,\\\"title\\\":\\\"Match Case\\\"},\\\"wholeWordState\\\":{\\\"className\\\":\\\"codicon codicon-whole-word\\\",\\\"enabled\\\":false,\\\"title\\\":\\\"Match Whole Word\\\"},\\\"regExpState\\\":{\\\"className\\\":\\\"codicon codicon-regex\\\",\\\"enabled\\\":false,\\\"title\\\":\\\"Use Regular Expression\\\"},\\\"includeIgnoredState\\\":{\\\"className\\\":\\\"codicon codicon-eye\\\",\\\"enabled\\\":false,\\\"title\\\":\\\"Include Ignored Files\\\"},\\\"showSearchDetails\\\":false,\\\"searchInWorkspaceOptions\\\":{\\\"matchCase\\\":false,\\\"matchWholeWord\\\":false,\\\"useRegExp\\\":false,\\\"multiline\\\":false,\\\"includeIgnored\\\":false,\\\"include\\\":[],\\\"exclude\\\":[],\\\"maxResults\\\":2000},\\\"searchTerm\\\":\\\"\\\",\\\"replaceTerm\\\":\\\"\\\",\\\"showReplaceField\\\":false,\\\"searchHistoryState\\\":{\\\"history\\\":[],\\\"index\\\":0},\\\"replaceHistoryState\\\":{\\\"history\\\":[],\\\"index\\\":0},\\\"includeHistoryState\\\":{\\\"history\\\":[],\\\"index\\\":0},\\\"excludeHistoryState\\\":{\\\"history\\\":[],\\\"index\\\":0}}\"}}],\"title\":{\"label\":\"Search\",\"iconClass\":\"fa fa-arduino-search\",\"closeable\":true}}"},"rank":5,"expanded":false,"pinned":false}],"size":268},"rightPanel":{"type":"sidepanel","items":[]},"activeWidgetId":"serial-monitor"}
2025-08-13 06:50:35 2025-08-13T13:50:35.080Z root INFO ------- END SERIALIZED LAYOUT DATA -------
2025-08-13 06:50:35 2025-08-13T13:50:35.093Z root INFO ------- SERIALIZED LAYOUT DATA -------
2025-08-13 06:50:35 2025-08-13T13:50:35.093Z root INFO {"version":5,"mainPanel":{"main":{"type":"tab-area","widgets":[{"constructionOptions":{"factoryId":"code-editor-opener","options":{"counter":0,"kind":"navigatable","uri":"file:///home/aaron/projects/esp32_ble/slave/slave.ino"}},"innerWidgetState":"{\"cursorState\":[{\"inSelectionMode\":false,\"selectionStart\":{\"lineNumber\":42,\"column\":9},\"position\":{\"lineNumber\":42,\"column\":9}}],\"viewState\":{\"scrollLeft\":0,\"firstPosition\":{\"lineNumber\":80,\"column\":1},\"firstPositionDeltaTop\":-2},\"contributionsState\":{\"editor.contrib.folding\":{\"lineCount\":295,\"provider\":\"indent\",\"foldedImports\":false},\"editor.contrib.wordHighlighter\":false}}"}],"currentIndex":0}},"mainPanelPinned":[false],"bottomPanel":{"config":{"main":{"type":"tab-area","widgets":[{"constructionOptions":{"factoryId":"outputView"},"innerWidgetState":"{\"locked\":false}"},{"constructionOptions":{"factoryId":"serial-monitor"}}],"currentIndex":0}},"pinned":[false,false],"size":301,"expanded":true},"leftPanel":{"type":"sidepanel","items":[{"widget":{"constructionOptions":{"factoryId":"arduino-sketchbook-widget"}},"rank":1,"expanded":false,"pinned":false},{"widget":{"constructionOptions":{"factoryId":"boards-list-widget"}},"rank":2,"expanded":false,"pinned":false},{"widget":{"constructionOptions":{"factoryId":"library-list-widget"}},"rank":3,"expanded":false,"pinned":false},{"widget":{"constructionOptions":{"factoryId":"debug"},"innerWidgetState":"{\"parts\":[{\"partId\":\"debug:threads:-1\",\"collapsed\":false,\"hidden\":false,\"relativeSize\":1.384,\"originalContainerId\":\"debug:view-container:-1\",\"originalContainerTitle\":{\"label\":\"debug\",\"iconClass\":\"codicon codicon-debug-alt\",\"closeable\":true},\"widget\":{\"constructionOptions\":{\"factoryId\":\"debug:threads\"},\"innerWidgetState\":\"{}\"}},{\"partId\":\"debug:frames:-1\",\"collapsed\":false,\"hidden\":false,\"relativeSize\":1.384,\"originalContainerId\":\"debug:view-container:-1\",\"originalContainerTitle\":{\"label\":\"debug\",\"iconClass\":\"codicon codicon-debug-alt\",\"closeable\":true},\"widget\":{\"constructionOptions\":{\"factoryId\":\"debug:frames\"},\"innerWidgetState\":\"{}\"}},{\"partId\":\"debug:variables:-1\",\"collapsed\":false,\"hidden\":false,\"relativeSize\":1.384,\"originalContainerId\":\"debug:view-container:-1\",\"originalContainerTitle\":{\"label\":\"debug\",\"iconClass\":\"codicon codicon-debug-alt\",\"closeable\":true},\"widget\":{\"constructionOptions\":{\"factoryId\":\"debug:variables\"},\"innerWidgetState\":\"{}\"}},{\"partId\":\"debug:watch:-1\",\"collapsed\":false,\"hidden\":false,\"relativeSize\":1.384,\"originalContainerId\":\"debug:view-container:-1\",\"originalContainerTitle\":{\"label\":\"debug\",\"iconClass\":\"codicon codicon-debug-alt\",\"closeable\":true},\"widget\":{\"constructionOptions\":{\"factoryId\":\"debug:watch\"},\"innerWidgetState\":\"{}\"}},{\"partId\":\"debug:breakpoints:-1\",\"collapsed\":false,\"hidden\":false,\"relativeSize\":1.384,\"originalContainerId\":\"debug:view-container:-1\",\"originalContainerTitle\":{\"label\":\"debug\",\"iconClass\":\"codicon codicon-debug-alt\",\"closeable\":true},\"widget\":{\"constructionOptions\":{\"factoryId\":\"debug:breakpoints\"},\"innerWidgetState\":\"{}\"}},{\"partId\":\"plugin-view:cortex-debug.peripherals\",\"collapsed\":true,\"hidden\":true,\"originalContainerId\":\"debug:view-container:-1\",\"originalContainerTitle\":{\"label\":\"debug\",\"iconClass\":\"codicon codicon-debug-alt\",\"closeable\":true},\"widget\":{\"constructionOptions\":{\"factoryId\":\"plugin-view\",\"options\":{\"id\":\"plugin-view:cortex-debug.peripherals\",\"viewId\":\"cortex-debug.peripherals\"}},\"innerWidgetState\":\"{\\\"label\\\":\\\"Cortex Peripherals\\\",\\\"widgets\\\":[],\\\"suppressUpdateViewVisibility\\\":false,\\\"currentViewContainerId\\\":\\\"debug\\\"}\"}},{\"partId\":\"plugin-view:cortex-debug.registers\",\"collapsed\":true,\"hidden\":true,\"originalContainerId\":\"debug:view-container:-1\",\"originalContainerTitle\":{\"label\":\"debug\",\"iconClass\":\"codicon codicon-debug-alt\",\"closeable\":true},\"widget\":{\"constructionOptions\":{\"factoryId\":\"plugin-view\",\"options\":{\"id\":\"plugin-view:cortex-debug.registers\",\"viewId\":\"cortex-debug.registers\"}},\"innerWidgetState\":\"{\\\"label\\\":\\\"Cortex Registers\\\",\\\"widgets\\\":[],\\\"suppressUpdateViewVisibility\\\":false,\\\"currentViewContainerId\\\":\\\"debug\\\"}\"}}],\"title\":{\"label\":\"debug\",\"iconClass\":\"codicon codicon-debug-alt\",\"closeable\":true}}"},"rank":4,"expanded":false,"pinned":false},{"widget":{"constructionOptions":{"factoryId":"search-view-container"},"innerWidgetState":"{\"parts\":[{\"partId\":\"search-in-workspace\",\"collapsed\":false,\"hidden\":false,\"originalContainerId\":\"search-view-container\",\"originalContainerTitle\":{\"label\":\"Search\",\"iconClass\":\"codicon codicon-search\",\"closeable\":true},\"widget\":{\"constructionOptions\":{\"factoryId\":\"search-in-workspace\"},\"innerWidgetState\":\"{\\\"matchCaseState\\\":{\\\"className\\\":\\\"codicon codicon-case-sensitive\\\",\\\"enabled\\\":false,\\\"title\\\":\\\"Match Case\\\"},\\\"wholeWordState\\\":{\\\"className\\\":\\\"codicon codicon-whole-word\\\",\\\"enabled\\\":false,\\\"title\\\":\\\"Match Whole Word\\\"},\\\"regExpState\\\":{\\\"className\\\":\\\"codicon codicon-regex\\\",\\\"enabled\\\":false,\\\"title\\\":\\\"Use Regular Expression\\\"},\\\"includeIgnoredState\\\":{\\\"className\\\":\\\"codicon codicon-eye\\\",\\\"enabled\\\":false,\\\"title\\\":\\\"Include Ignored Files\\\"},\\\"showSearchDetails\\\":false,\\\"searchInWorkspaceOptions\\\":{\\\"matchCase\\\":false,\\\"matchWholeWord\\\":false,\\\"useRegExp\\\":false,\\\"multiline\\\":false,\\\"includeIgnored\\\":false,\\\"include\\\":[],\\\"exclude\\\":[],\\\"maxResults\\\":2000},\\\"searchTerm\\\":\\\"\\\",\\\"replaceTerm\\\":\\\"\\\",\\\"showReplaceField\\\":false,\\\"searchHistoryState\\\":{\\\"history\\\":[],\\\"index\\\":0},\\\"replaceHistoryState\\\":{\\\"history\\\":[],\\\"index\\\":0},\\\"includeHistoryState\\\":{\\\"history\\\":[],\\\"index\\\":0},\\\"excludeHistoryState\\\":{\\\"history\\\":[],\\\"index\\\":0}}\"}}],\"title\":{\"label\":\"Search\",\"iconClass\":\"fa fa-arduino-search\",\"closeable\":true}}"},"rank":5,"expanded":false,"pinned":false}],"size":268},"rightPanel":{"type":"sidepanel","items":[]}}
2025-08-13 06:50:35 2025-08-13T13:50:35.093Z root INFO ------- END SERIALIZED LAYOUT DATA -------
2025-08-13 06:50:35 isTempSketch: false. Input was /home/aaron/projects/esp32_ble/master
2025-08-13 06:50:35 Marking workspace as a closed sketch. Workspace URI: file:///home/aaron/projects/esp32_ble/master. Date: 1755093035198.
2025-08-13 06:50:35 Closing channel on service path '/services/electron-window'.
2025-08-13 06:50:35 Closing channel on service path '/services/ide-updater'.
2025-08-13 06:50:35 2025-08-13T13:50:35.289Z root INFO socked closed
2025-08-13 06:50:35 2025-08-13T13:50:35.289Z root INFO closing connection for 1
2025-08-13 06:50:35 2025-08-13T13:50:35.289Z root INFO Closing channel on service path '/localization-server'.
2025-08-13 06:50:35 2025-08-13T13:50:35.289Z root INFO Closing channel on service path '/os'.
2025-08-13 06:50:35 2025-08-13T13:50:35.289Z root INFO Closing channel on service path '/services/commands'.
2025-08-13 06:50:35 2025-08-13T13:50:35.289Z root INFO Closing channel on service path '/services/keyboard'.
2025-08-13 06:50:35 2025-08-13T13:50:35.289Z root INFO Closing channel on service path '/services/logger'.
2025-08-13 06:50:35 2025-08-13T13:50:35.289Z root INFO Closing channel on service path '/services/messageService'.
2025-08-13 06:50:35 2025-08-13T13:50:35.289Z root INFO Closing channel on service path '/services/ChannelCloseService'.
2025-08-13 06:50:35 2025-08-13T13:50:35.289Z root INFO Closing channel on service path '/services/remote-filesystem'.
2025-08-13 06:50:35 2025-08-13T13:50:35.289Z root INFO Closing channel on service path '/services/envs'.
2025-08-13 06:50:35 2025-08-13T13:50:35.289Z root INFO Closing channel on service path '/services/authentication-service'.
2025-08-13 06:50:35 2025-08-13T13:50:35.289Z root INFO Closing channel on service path '/services/sketches-service'.
2025-08-13 06:50:35 2025-08-13T13:50:35.289Z root INFO Closing channel on service path '/services/config-service'.
2025-08-13 06:50:35 2025-08-13T13:50:35.289Z root INFO Closing channel on service path '/services/workspace'.
2025-08-13 06:50:35 2025-08-13T13:50:35.289Z root INFO Closing channel on service path '/services/notification-service'.
2025-08-13 06:50:35 2025-08-13T13:50:35.289Z root INFO Closing channel on service path '/services/arduino-daemon'.
2025-08-13 06:50:35 2025-08-13T13:50:35.289Z root INFO Closing channel on service path '/services/stopwatch'.
2025-08-13 06:50:35 2025-08-13T13:50:35.289Z root INFO Closing channel on service path '/services/application'.
2025-08-13 06:50:35 2025-08-13T13:50:35.289Z root INFO Closing channel on service path '/services/i18n'.
2025-08-13 06:50:35 2025-08-13T13:50:35.289Z root INFO Closing channel on service path '/services/quickInput'.
2025-08-13 06:50:35 2025-08-13T13:50:35.289Z root INFO Closing channel on service path '/services/debug'.
2025-08-13 06:50:35 2025-08-13T13:50:35.289Z root INFO Closing channel on service path '/services/shell-terminal'.
2025-08-13 06:50:35 2025-08-13T13:50:35.289Z root INFO Closing channel on service path '/services/quickPick'.
2025-08-13 06:50:35 2025-08-13T13:50:35.289Z root INFO Closing channel on service path '/services/task'.
2025-08-13 06:50:35 2025-08-13T13:50:35.289Z root INFO Closing channel on service path '/services/search'.
2025-08-13 06:50:35 2025-08-13T13:50:35.289Z root INFO Closing channel on service path '/services/hostedPlugin'.
2025-08-13 06:50:35 2025-08-13T13:50:35.290Z root INFO Closing channel on service path '/services/plugin-ext'.
2025-08-13 06:50:35 2025-08-13T13:50:35.290Z root INFO Closing channel on service path '/services/plugin-paths'.
2025-08-13 06:50:35 2025-08-13T13:50:35.290Z root INFO Closing channel on service path '/services/cli-preferences'.
2025-08-13 06:50:35 2025-08-13T13:50:35.290Z root INFO Closing channel on service path '/services/boards-service'.
2025-08-13 06:50:35 2025-08-13T13:50:35.290Z root INFO Closing channel on service path '/services/response-service'.
2025-08-13 06:50:35 2025-08-13T13:50:35.290Z root INFO Closing channel on service path '/services/file-system-ext'.
2025-08-13 06:50:35 2025-08-13T13:50:35.290Z root INFO Closing channel on service path '/services/core-service'.
2025-08-13 06:50:35 2025-08-13T13:50:35.290Z root INFO Closing channel on service path '/services/example-service'.
2025-08-13 06:50:35 2025-08-13T13:50:35.290Z root INFO Closing channel on service path '/services/library-service'.
2025-08-13 06:50:35 2025-08-13T13:50:35.290Z root INFO Closing channel on service path '/services/executable-service'.
2025-08-13 06:50:35 2025-08-13T13:50:35.290Z root INFO Closing channel on service path '/services/arduino-firmware-uploader'.
2025-08-13 06:50:35 2025-08-13T13:50:35.290Z root INFO Closing channel on service path '/services/formatter'.
2025-08-13 06:50:35 2025-08-13T13:50:35.290Z root INFO Closing channel on service path '/services/search-in-workspace'.
2025-08-13 06:50:35 2025-08-13T13:50:35.477Z root INFO <<< The layout has been successfully restored.
2025-08-13 06:50:35 2025-08-13T13:50:35.564Z root INFO Initialize the workbench layout: 2624.3 ms [Finished 4.835 s after frontend start]
2025-08-13 06:50:35 2025-08-13T13:50:35.565Z root INFO Changed application state from 'attached_shell' to 'initialized_layout'.
2025-08-13 06:50:35 2025-08-13T13:50:35.566Z root INFO [79c86448-71e9-4841-a570-6afe6202b699] Loading plugin contributions
2025-08-13 06:50:35 2025-08-13T13:50:35.567Z root INFO [79c86448-71e9-4841-a570-6afe6202b699] Load contributions of 23 plugins: 84.1 ms [Finished 4.921 s after frontend start]
2025-08-13 06:50:35 2025-08-13T13:50:35.620Z root WARN 'cpp' language is remapped from 'source.cpp.embedded.macro' to 'source.cpp' scope
2025-08-13 06:50:35 2025-08-13T13:50:35.620Z root WARN a registered grammar configuration for 'cpp' language is overridden
2025-08-13 06:50:35 2025-08-13T13:50:35.922Z root ERROR [hosted-plugin: 4833] Conflict in settings file Default: Ignoring cortex-debug.armToolchainPath.linux as cortex-debug.armToolchainPath is null
2025-08-13 06:50:35 2025-08-13T13:50:35.922Z root ERROR [hosted-plugin: 4833] Conflict in settings file Default: Ignoring cortex-debug.armToolchainPath.osx as cortex-debug.armToolchainPath is null
Conflict in settings file Default: Ignoring cortex-debug.armToolchainPath.windows as cortex-debug.armToolchainPath is null
Conflict in settings file Default: Ignoring cortex-debug.JLinkGDBServerPath.linux as cortex-debug.JLinkGDBServerPath is null
2025-08-13 06:50:35 2025-08-13T13:50:35.922Z root ERROR [hosted-plugin: 4833] Conflict in settings file Default: Ignoring cortex-debug.JLinkGDBServerPath.osx as cortex-debug.JLinkGDBServerPath is null
Conflict in settings file Default: Ignoring cortex-debug.JLinkGDBServerPath.windows as cortex-debug.JLinkGDBServerPath is null
2025-08-13 06:50:35 2025-08-13T13:50:35.922Z root ERROR [hosted-plugin: 4833] Conflict in settings file Default: Ignoring cortex-debug.openocdPath.linux as cortex-debug.openocdPath is null
2025-08-13 06:50:35 2025-08-13T13:50:35.922Z root ERROR [hosted-plugin: 4833] Conflict in settings file Default: Ignoring cortex-debug.openocdPath.osx as cortex-debug.openocdPath is null
Conflict in settings file Default: Ignoring cortex-debug.openocdPath.windows as cortex-debug.openocdPath is null
2025-08-13 06:50:35 2025-08-13T13:50:35.922Z root ERROR [hosted-plugin: 4833] Conflict in settings file Default: Ignoring cortex-debug.pyocdPath.linux as cortex-debug.pyocdPath is null
2025-08-13 06:50:35 2025-08-13T13:50:35.922Z root ERROR [hosted-plugin: 4833] Conflict in settings file Default: Ignoring cortex-debug.pyocdPath.osx as cortex-debug.pyocdPath is null
Conflict in settings file Default: Ignoring cortex-debug.pyocdPath.windows as cortex-debug.pyocdPath is null
Conflict in settings file Default: Ignoring cortex-debug.PEGDBServerPath.linux as cortex-debug.PEGDBServerPath is null
2025-08-13 06:50:35 2025-08-13T13:50:35.922Z root ERROR [hosted-plugin: 4833] Conflict in settings file Default: Ignoring cortex-debug.PEGDBServerPath.osx as cortex-debug.PEGDBServerPath is null
Conflict in settings file Default: Ignoring cortex-debug.PEGDBServerPath.windows as cortex-debug.PEGDBServerPath is null
Conflict in settings file Default: Ignoring cortex-debug.stutilPath.linux as cortex-debug.stutilPath is null
Conflict in settings file Default: Ignoring cortex-debug.stutilPath.osx as cortex-debug.stutilPath is null
2025-08-13 06:50:35 2025-08-13T13:50:35.923Z root ERROR [hosted-plugin: 4833] Conflict in settings file Default: Ignoring cortex-debug.stutilPath.windows as cortex-debug.stutilPath is null
Conflict in settings file Default: Ignoring cortex-debug.stlinkPath.linux as cortex-debug.stlinkPath is null
Conflict in settings file Default: Ignoring cortex-debug.stlinkPath.osx as cortex-debug.stlinkPath is null
Conflict in settings file Default: Ignoring cortex-debug.stlinkPath.windows as cortex-debug.stlinkPath is null
2025-08-13 06:50:35 2025-08-13T13:50:35.923Z root ERROR [hosted-plugin: 4833] Conflict in settings file Default: Ignoring cortex-debug.stm32cubeprogrammer.linux as cortex-debug.stm32cubeprogrammer is null
Conflict in settings file Default: Ignoring cortex-debug.stm32cubeprogrammer.osx as cortex-debug.stm32cubeprogrammer is null
Conflict in settings file Default: Ignoring cortex-debug.stm32cubeprogrammer.windows as cortex-debug.stm32cubeprogrammer is null
2025-08-13 06:50:35 2025-08-13T13:50:35.953Z root INFO [hosted-plugin: 4833] PLUGIN_HOST(4833): PluginManagerExtImpl/init()
2025-08-13 06:50:35 2025-08-13T13:50:35.957Z root INFO [hosted-plugin: 4833] PLUGIN_HOST(4833): initializing(vscode-arduino-api@0.1.2 with /nix/store/2d5i1bzbqbnl4rgnhk8czrw5zmqqjdzv-arduino-ide-2.3.6-extracted/resources/app/lib/backend/plugin-vscode-init)
2025-08-13 06:50:36 2025-08-13T13:50:36.124Z root INFO [hosted-plugin: 4833] PLUGIN_HOST(4833): initializing(json-language-features@1.88.1 with /nix/store/2d5i1bzbqbnl4rgnhk8czrw5zmqqjdzv-arduino-ide-2.3.6-extracted/resources/app/lib/backend/plugin-vscode-init)
2025-08-13 06:50:36 2025-08-13T13:50:36.141Z root INFO [hosted-plugin: 4833] PLUGIN_HOST(4833): initializing(cortex-debug@1.5.1 with /nix/store/2d5i1bzbqbnl4rgnhk8czrw5zmqqjdzv-arduino-ide-2.3.6-extracted/resources/app/lib/backend/plugin-vscode-init)
2025-08-13 06:50:36 2025-08-13T13:50:36.141Z root INFO [hosted-plugin: 4833] Debugger contribution has been registered: cortex-debug
2025-08-13 06:50:36 2025-08-13T13:50:36.142Z root INFO [hosted-plugin: 4833] PLUGIN_HOST(4833): initializing(vscode-arduino-tools@0.1.3 with /nix/store/2d5i1bzbqbnl4rgnhk8czrw5zmqqjdzv-arduino-ide-2.3.6-extracted/resources/app/lib/backend/plugin-vscode-init)
2025-08-13 06:50:36 2025-08-13T13:50:36.143Z root INFO [hosted-plugin: 4833] PLUGIN_HOST(4833): initializing(cpp@1.88.1 with /nix/store/2d5i1bzbqbnl4rgnhk8czrw5zmqqjdzv-arduino-ide-2.3.6-extracted/resources/app/lib/backend/plugin-vscode-init)
2025-08-13 06:50:36 2025-08-13T13:50:36.144Z root INFO [hosted-plugin: 4833] PLUGIN_HOST(4833): initializing(json@1.88.1 with /nix/store/2d5i1bzbqbnl4rgnhk8czrw5zmqqjdzv-arduino-ide-2.3.6-extracted/resources/app/lib/backend/plugin-vscode-init)
2025-08-13 06:50:36 2025-08-13T13:50:36.145Z root INFO [hosted-plugin: 4833] PLUGIN_HOST(4833): initializing(vscode-language-pack-bg@1.48.3 with /nix/store/2d5i1bzbqbnl4rgnhk8czrw5zmqqjdzv-arduino-ide-2.3.6-extracted/resources/app/lib/backend/plugin-vscode-init)
2025-08-13 06:50:36 2025-08-13T13:50:36.146Z root INFO [hosted-plugin: 4833] PLUGIN_HOST(4833): initializing(vscode-language-pack-cs@1.96.0 with /nix/store/2d5i1bzbqbnl4rgnhk8czrw5zmqqjdzv-arduino-ide-2.3.6-extracted/resources/app/lib/backend/plugin-vscode-init)
2025-08-13 06:50:36 2025-08-13T13:50:36.147Z root INFO [hosted-plugin: 4833] PLUGIN_HOST(4833): initializing(vscode-language-pack-de@1.96.0 with /nix/store/2d5i1bzbqbnl4rgnhk8czrw5zmqqjdzv-arduino-ide-2.3.6-extracted/resources/app/lib/backend/plugin-vscode-init)
2025-08-13 06:50:36 2025-08-13T13:50:36.148Z root INFO [hosted-plugin: 4833] PLUGIN_HOST(4833): initializing(vscode-language-pack-es@1.96.0 with /nix/store/2d5i1bzbqbnl4rgnhk8czrw5zmqqjdzv-arduino-ide-2.3.6-extracted/resources/app/lib/backend/plugin-vscode-init)
2025-08-13 06:50:36 2025-08-13T13:50:36.149Z root INFO [hosted-plugin: 4833] PLUGIN_HOST(4833): initializing(vscode-language-pack-fr@1.96.0 with /nix/store/2d5i1bzbqbnl4rgnhk8czrw5zmqqjdzv-arduino-ide-2.3.6-extracted/resources/app/lib/backend/plugin-vscode-init)
2025-08-13 06:50:36 2025-08-13T13:50:36.150Z root INFO [hosted-plugin: 4833] PLUGIN_HOST(4833): initializing(vscode-language-pack-hu@1.48.3 with /nix/store/2d5i1bzbqbnl4rgnhk8czrw5zmqqjdzv-arduino-ide-2.3.6-extracted/resources/app/lib/backend/plugin-vscode-init)
2025-08-13 06:50:36 2025-08-13T13:50:36.150Z root INFO [hosted-plugin: 4833] PLUGIN_HOST(4833): initializing(vscode-language-pack-it@1.96.0 with /nix/store/2d5i1bzbqbnl4rgnhk8czrw5zmqqjdzv-arduino-ide-2.3.6-extracted/resources/app/lib/backend/plugin-vscode-init)
2025-08-13 06:50:36 2025-08-13T13:50:36.151Z root INFO [hosted-plugin: 4833] PLUGIN_HOST(4833): initializing(vscode-language-pack-ja@1.96.0 with /nix/store/2d5i1bzbqbnl4rgnhk8czrw5zmqqjdzv-arduino-ide-2.3.6-extracted/resources/app/lib/backend/plugin-vscode-init)
2025-08-13 06:50:36 2025-08-13T13:50:36.151Z root INFO [hosted-plugin: 4833] PLUGIN_HOST(4833): initializing(vscode-language-pack-ko@1.96.0 with /nix/store/2d5i1bzbqbnl4rgnhk8czrw5zmqqjdzv-arduino-ide-2.3.6-extracted/resources/app/lib/backend/plugin-vscode-init)
2025-08-13 06:50:36 2025-08-13T13:50:36.152Z root INFO [hosted-plugin: 4833] PLUGIN_HOST(4833): initializing(vscode-language-pack-nl@1.48.3 with /nix/store/2d5i1bzbqbnl4rgnhk8czrw5zmqqjdzv-arduino-ide-2.3.6-extracted/resources/app/lib/backend/plugin-vscode-init)
2025-08-13 06:50:36 2025-08-13T13:50:36.152Z root INFO [hosted-plugin: 4833] PLUGIN_HOST(4833): initializing(vscode-language-pack-pl@1.96.0 with /nix/store/2d5i1bzbqbnl4rgnhk8czrw5zmqqjdzv-arduino-ide-2.3.6-extracted/resources/app/lib/backend/plugin-vscode-init)
2025-08-13 06:50:36 2025-08-13T13:50:36.153Z root INFO [hosted-plugin: 4833] PLUGIN_HOST(4833): initializing(vscode-language-pack-pt-BR@1.96.0 with /nix/store/2d5i1bzbqbnl4rgnhk8czrw5zmqqjdzv-arduino-ide-2.3.6-extracted/resources/app/lib/backend/plugin-vscode-init)
2025-08-13 06:50:36 2025-08-13T13:50:36.153Z root INFO [hosted-plugin: 4833] PLUGIN_HOST(4833): initializing(vscode-language-pack-ru@1.96.0 with /nix/store/2d5i1bzbqbnl4rgnhk8czrw5zmqqjdzv-arduino-ide-2.3.6-extracted/resources/app/lib/backend/plugin-vscode-init)
2025-08-13 06:50:36 2025-08-13T13:50:36.154Z root INFO [hosted-plugin: 4833] PLUGIN_HOST(4833): initializing(vscode-language-pack-tr@1.96.0 with /nix/store/2d5i1bzbqbnl4rgnhk8czrw5zmqqjdzv-arduino-ide-2.3.6-extracted/resources/app/lib/backend/plugin-vscode-init)
2025-08-13 06:50:36 2025-08-13T13:50:36.154Z root INFO [hosted-plugin: 4833] PLUGIN_HOST(4833): initializing(vscode-language-pack-uk@1.48.3 with /nix/store/2d5i1bzbqbnl4rgnhk8czrw5zmqqjdzv-arduino-ide-2.3.6-extracted/resources/app/lib/backend/plugin-vscode-init)
2025-08-13 06:50:36 2025-08-13T13:50:36.154Z root INFO [hosted-plugin: 4833] PLUGIN_HOST(4833): initializing(vscode-language-pack-zh-hans@1.96.0 with /nix/store/2d5i1bzbqbnl4rgnhk8czrw5zmqqjdzv-arduino-ide-2.3.6-extracted/resources/app/lib/backend/plugin-vscode-init)
2025-08-13 06:50:36 2025-08-13T13:50:36.155Z root INFO [hosted-plugin: 4833] PLUGIN_HOST(4833): initializing(vscode-language-pack-zh-hant@1.96.0 with /nix/store/2d5i1bzbqbnl4rgnhk8czrw5zmqqjdzv-arduino-ide-2.3.6-extracted/resources/app/lib/backend/plugin-vscode-init)
2025-08-13 06:50:36 2025-08-13T13:50:36.162Z root INFO [hosted-plugin: 4833] PLUGIN_HOST(4833): PluginManagerExtImpl/loadPlugin(/nix/store/2d5i1bzbqbnl4rgnhk8czrw5zmqqjdzv-arduino-ide-2.3.6-extracted/resources/app/plugins/vscode-builtin-json-language-features/extension/client/dist/node/jsonClientMain)
2025-08-13 06:50:36 2025-08-13T13:50:36.229Z root INFO [hosted-plugin: 4833] PLUGIN_HOST(4833): PluginManagerExtImpl/loadPlugin(/nix/store/2d5i1bzbqbnl4rgnhk8czrw5zmqqjdzv-arduino-ide-2.3.6-extracted/resources/app/plugins/vscode-arduino-tools/extension/dist/extension.js)
2025-08-13 06:50:36 2025-08-13T13:50:36.259Z root INFO [hosted-plugin: 4833] PLUGIN_HOST(4833): PluginManagerExtImpl/loadPlugin(/nix/store/2d5i1bzbqbnl4rgnhk8czrw5zmqqjdzv-arduino-ide-2.3.6-extracted/resources/app/plugins/vscode-arduino-api/extension/dist/extension.js)
2025-08-13 06:50:36 2025-08-13T13:50:36.263Z root INFO [hosted-plugin: 4833] calling activation function on VS Code Arduino Tools
calling activation function on Arduino IDE API for VS Code extensions
2025-08-13 06:50:36 2025-08-13T13:50:36.267Z root INFO [79c86448-71e9-4841-a570-6afe6202b699] Starting plugins.
2025-08-13 06:50:36 2025-08-13T13:50:36.307Z root INFO [hosted-plugin: 4833] PLUGIN_HOST(4833): PluginManagerExtImpl/loadPlugin(/nix/store/2d5i1bzbqbnl4rgnhk8czrw5zmqqjdzv-arduino-ide-2.3.6-extracted/resources/app/plugins/cortex-debug/extension/dist/extension.js)
2025-08-13 06:50:36 2025-08-13T13:50:36.345Z root INFO [hosted-plugin: 4833] Debug configuration provider has been registered: cortex-debug, trigger: 1
2025-08-13 06:50:36 2025-08-13T13:50:36.345Z root INFO [hosted-plugin: 4833] calling activation function on Cortex-Debug
2025-08-13 06:50:36 2025-08-13T13:50:36.347Z root INFO [hosted-plugin: 4833] GDB server console created
2025-08-13 06:50:36 2025-08-13T13:50:36.359Z root INFO [79c86448-71e9-4841-a570-6afe6202b699] Start of 23 plugins: 791.2 ms [Finished 5.716 s after frontend start]
2025-08-13 06:50:36 2025-08-13T13:50:36.578Z root INFO [hosted-plugin: 4833] calling activation function on JSON Language Features (built-in)
2025-08-13 06:50:36 2025-08-13T13:50:36.650Z root INFO Frontend application start: 3993.2 ms [Finished 6.815 s after backend start]
2025-08-13 06:50:36 Checking for update
2025-08-13 06:50:36 2025-08-13T13:50:36.701Z root INFO Replace loading indicator with ready workbench UI (animation): 840.1 ms [Finished 5.764 s after frontend start]
2025-08-13 06:50:36 2025-08-13T13:50:36.701Z root INFO Changed application state from 'initialized_layout' to 'ready'.
2025-08-13 06:50:36 2025-08-13T13:50:36.701Z root WARN Linked preference "workbench.colorCustomizations" not found.
2025-08-13 06:50:36 2025-08-13T13:50:36.815Z daemon INFO time="2025-08-13T06:50:36-07:00" level=info msg="Starting monitor process" monitor=serial-monitor
2025-08-13 06:50:36 2025-08-13T13:50:36.816Z daemon INFO time="2025-08-13T06:50:36-07:00" level=info msg="Monitor process started successfully!" monitor=serial-monitor
time="2025-08-13T06:50:36-07:00" level=info msg="sending command" command="HELLO 1 \"arduino-cli 1.2.0\"" monitor=serial-monitor
2025-08-13 06:50:36 2025-08-13T13:50:36.849Z daemon INFO time="2025-08-13T06:50:36-07:00" level=info msg="received message" error=false event_type=hello message=OK monitor=serial-monitor
time="2025-08-13T06:50:36-07:00" level=info msg="sending command" command=DESCRIBE monitor=serial-monitor
time="2025-08-13T06:50:36-07:00" level=info msg="received message" error=false event_type=describe message=OK monitor=serial-monitor
time="2025-08-13T06:50:36-07:00" level=info msg="sending command" command=QUIT monitor=serial-monitor
time="2025-08-13T06:50:36-07:00" level=info msg="received message" error=false event_type=quit message=OK monitor=serial-monitor
time="2025-08-13T06:50:36-07:00" level=info msg="Killing monitor process" monitor=serial-monitor
time="2025-08-13T06:50:36-07:00" level=error msg="stopped decode loop: EOF" monitor=serial-monitor
time="2025-08-13T06:50:36-07:00" level=info msg="Monitor process killed" monitor=serial-monitor
2025-08-13 06:50:37 2025-08-13T13:50:37.133Z root INFO Starting language server: esp32:esp32:esp32s3:UploadSpeed=921600,USBMode=hwcdc,CDCOnBoot=default,MSCOnBoot=default,DFUOnBoot=default,UploadMode=default,CPUFreq=240,FlashMode=qio,FlashSize=4M,PartitionScheme=default,DebugLevel=none,PSRAM=disabled,LoopCore=1,EventsCore=1,EraseFlash=none,JTAGAdapter=default,ZigbeeMode=default
2025-08-13 06:50:37 2025-08-13T13:50:37.134Z monitor-service INFO starting monitor
2025-08-13 06:50:37 2025-08-13T13:50:37.136Z daemon INFO time="2025-08-13T06:50:37-07:00" level=info msg="Starting monitor process" monitor=serial-monitor
2025-08-13 06:50:37 2025-08-13T13:50:37.136Z daemon INFO time="2025-08-13T06:50:37-07:00" level=info msg="Monitor process started successfully!" monitor=serial-monitor
time="2025-08-13T06:50:37-07:00" level=info msg="sending command" command="HELLO 1 \"arduino-cli 1.2.0\"" monitor=serial-monitor
2025-08-13 06:50:37 2025-08-13T13:50:37.138Z daemon INFO time="2025-08-13T06:50:37-07:00" level=info msg="Tool required for debug" tool="arduino:dfu-util@0.11.0-arduino5"
2025-08-13 06:50:37 2025-08-13T13:50:37.138Z daemon INFO time="2025-08-13T06:50:37-07:00" level=info msg="Tool required for debug" tool="esp32:esp-rv32@2411"
time="2025-08-13T06:50:37-07:00" level=info msg="Tool required for debug" tool="esp32:esp-x32@2411"
2025-08-13 06:50:37 2025-08-13T13:50:37.138Z daemon INFO time="2025-08-13T06:50:37-07:00" level=info msg="Tool required for debug" tool="esp32:esp32-arduino-libs@idf-release_v5.5-b66b5448-v1"
time="2025-08-13T06:50:37-07:00" level=info msg="Tool required for debug" tool="esp32:esptool_py@5.0.0"
2025-08-13 06:50:37 2025-08-13T13:50:37.138Z daemon INFO time="2025-08-13T06:50:37-07:00" level=info msg="Tool required for debug" tool="esp32:mklittlefs@3.0.0-gnu12-dc7f933"
time="2025-08-13T06:50:37-07:00" level=info msg="Tool required for debug" tool="esp32:mkspiffs@0.2.3"
time="2025-08-13T06:50:37-07:00" level=info msg="Tool required for debug" tool="esp32:openocd-esp32@v0.12.0-esp32-20250422"
time="2025-08-13T06:50:37-07:00" level=info msg="Tool required for debug" tool="esp32:riscv32-esp-elf-gdb@16.2_20250324"
time="2025-08-13T06:50:37-07:00" level=info msg="Tool required for debug" tool="esp32:xtensa-esp-elf-gdb@16.2_20250324"
time="2025-08-13T06:50:37-07:00" level=info msg="Tool required for debug" tool="builtin:serial-discovery@1.4.1"
time="2025-08-13T06:50:37-07:00" level=info msg="Tool required for debug" tool="arduino:arduinoOTA@1.3.0"
2025-08-13 06:50:37 2025-08-13T13:50:37.138Z daemon INFO time="2025-08-13T06:50:37-07:00" level=info msg="Tool required for debug" tool="builtin:ctags@5.8-arduino11"
time="2025-08-13T06:50:37-07:00" level=info msg="Tool required for debug" tool="arduino:avr-gcc@7.3.0-atmel3.6.1-arduino7"
time="2025-08-13T06:50:37-07:00" level=info msg="Tool required for debug" tool="builtin:serial-monitor@0.15.0"
2025-08-13 06:50:37 2025-08-13T13:50:37.138Z daemon INFO time="2025-08-13T06:50:37-07:00" level=info msg="Tool required for debug" tool="builtin:dfu-discovery@0.1.2"
2025-08-13 06:50:37 2025-08-13T13:50:37.138Z daemon INFO time="2025-08-13T06:50:37-07:00" level=info msg="Tool required for debug" tool="arduino:avrdude@6.3.0-arduino17"
time="2025-08-13T06:50:37-07:00" level=info msg="Tool required for debug" tool="builtin:mdns-discovery@1.0.9"
2025-08-13 06:50:37 2025-08-13T13:50:37.142Z daemon INFO time="2025-08-13T06:50:37-07:00" level=info msg="received message" error=false event_type=hello message=OK monitor=serial-monitor
time="2025-08-13T06:50:37-07:00" level=info msg="sending command" command=DESCRIBE monitor=serial-monitor
time="2025-08-13T06:50:37-07:00" level=info msg="received message" error=false event_type=describe message=OK monitor=serial-monitor
time="2025-08-13T06:50:37-07:00" level=info msg="sending command" command=QUIT monitor=serial-monitor
time="2025-08-13T06:50:37-07:00" level=info msg="received message" error=false event_type=quit message=OK monitor=serial-monitor
time="2025-08-13T06:50:37-07:00" level=info msg="Killing monitor process" monitor=serial-monitor
time="2025-08-13T06:50:37-07:00" level=error msg="stopped decode loop: EOF" monitor=serial-monitor
time="2025-08-13T06:50:37-07:00" level=info msg="Monitor process killed" monitor=serial-monitor
2025-08-13 06:50:37 2025-08-13T13:50:37.145Z daemon INFO time="2025-08-13T06:50:37-07:00" level=info msg="Tool required for debug" tool="arduino:dfu-util@0.11.0-arduino5"
2025-08-13 06:50:37 2025-08-13T13:50:37.145Z daemon INFO time="2025-08-13T06:50:37-07:00" level=info msg="Tool required for debug" tool="esp32:esp-rv32@2411"
time="2025-08-13T06:50:37-07:00" level=info msg="Tool required for debug" tool="esp32:esp-x32@2411"
time="2025-08-13T06:50:37-07:00" level=info msg="Tool required for debug" tool="esp32:esp32-arduino-libs@idf-release_v5.5-b66b5448-v1"
2025-08-13 06:50:37 2025-08-13T13:50:37.145Z daemon INFO time="2025-08-13T06:50:37-07:00" level=info msg="Tool required for debug" tool="esp32:esptool_py@5.0.0"
time="2025-08-13T06:50:37-07:00" level=info msg="Tool required for debug" tool="esp32:mklittlefs@3.0.0-gnu12-dc7f933"
2025-08-13 06:50:37 2025-08-13T13:50:37.145Z daemon INFO time="2025-08-13T06:50:37-07:00" level=info msg="Tool required for debug" tool="esp32:mkspiffs@0.2.3"
time="2025-08-13T06:50:37-07:00" level=info msg="Tool required for debug" tool="esp32:openocd-esp32@v0.12.0-esp32-20250422"
2025-08-13 06:50:37 2025-08-13T13:50:37.145Z daemon INFO time="2025-08-13T06:50:37-07:00" level=info msg="Tool required for debug" tool="esp32:riscv32-esp-elf-gdb@16.2_20250324"
time="2025-08-13T06:50:37-07:00" level=info msg="Tool required for debug" tool="esp32:xtensa-esp-elf-gdb@16.2_20250324"
2025-08-13 06:50:37 2025-08-13T13:50:37.146Z daemon INFO time="2025-08-13T06:50:37-07:00" level=info msg="Tool required for debug" tool="builtin:serial-monitor@0.15.0"
time="2025-08-13T06:50:37-07:00" level=info msg="Tool required for debug" tool="builtin:ctags@5.8-arduino11"
time="2025-08-13T06:50:37-07:00" level=info msg="Tool required for debug" tool="arduino:avrdude@6.3.0-arduino17"
time="2025-08-13T06:50:37-07:00" level=info msg="Tool required for debug" tool="builtin:serial-discovery@1.4.1"
time="2025-08-13T06:50:37-07:00" level=info msg="Tool required for debug" tool="builtin:mdns-discovery@1.0.9"
2025-08-13 06:50:37 2025-08-13T13:50:37.146Z daemon INFO time="2025-08-13T06:50:37-07:00" level=info msg="Tool required for debug" tool="arduino:arduinoOTA@1.3.0"
time="2025-08-13T06:50:37-07:00" level=info msg="Tool required for debug" tool="arduino:avr-gcc@7.3.0-atmel3.6.1-arduino7"
time="2025-08-13T06:50:37-07:00" level=info msg="Tool required for debug" tool="builtin:dfu-discovery@0.1.2"
2025-08-13 06:50:37 2025-08-13T13:50:37.344Z monitor-service INFO Using port configuration for serial:/dev/ttyACM0: {"settingsList":[{"settingId":"rts","value":"on"},{"settingId":"stop_bits","value":"1"},{"settingId":"baudrate","value":"115200"},{"settingId":"bits","value":"8"},{"settingId":"dtr","value":"on"},{"settingId":"parity","value":"none"}]}
2025-08-13 06:50:37 2025-08-13T13:50:37.344Z monitor-service INFO started monitor to /dev/ttyACM0 using serial
2025-08-13 06:50:37 2025-08-13T13:50:37.346Z daemon INFO time="2025-08-13T06:50:37-07:00" level=info msg="Starting monitor process" monitor=serial-monitor
time="2025-08-13T06:50:37-07:00" level=info msg="Monitor process started successfully!" monitor=serial-monitor
time="2025-08-13T06:50:37-07:00" level=info msg="sending command" command="HELLO 1 \"arduino-cli 1.2.0\"" monitor=serial-monitor
time="2025-08-13T06:50:37-07:00" level=info msg="received message" error=false event_type=hello message=OK monitor=serial-monitor
time="2025-08-13T06:50:37-07:00" level=info msg="sending command" command=DESCRIBE monitor=serial-monitor
time="2025-08-13T06:50:37-07:00" level=info msg="received message" error=false event_type=describe message=OK monitor=serial-monitor
time="2025-08-13T06:50:37-07:00" level=info msg="sending command" command="CONFIGURE rts on" monitor=serial-monitor
time="2025-08-13T06:50:37-07:00" level=info msg="received message" error=false event_type=configure message=OK monitor=serial-monitor
time="2025-08-13T06:50:37-07:00" level=info msg="sending command" command="CONFIGURE stop_bits 1" monitor=serial-monitor
time="2025-08-13T06:50:37-07:00" level=info msg="received message" error=false event_type=configure message=OK monitor=serial-monitor
time="2025-08-13T06:50:37-07:00" level=info msg="sending command" command="CONFIGURE baudrate 115200" monitor=serial-monitor
time="2025-08-13T06:50:37-07:00" level=info msg="received message" error=false event_type=configure message=OK monitor=serial-monitor
time="2025-08-13T06:50:37-07:00" level=info msg="Tool required for debug" tool="arduino:dfu-util@0.11.0-arduino5"
time="2025-08-13T06:50:37-07:00" level=info msg="Tool required for debug" tool="esp32:esp-rv32@2411"
time="2025-08-13T06:50:37-07:00" level=info msg="Tool required for debug" tool="esp32:esp-x32@2411"
time="2025-08-13T06:50:37-07:00" level=info msg="Tool required for debug" tool="esp32:esp32-arduino-libs@idf-release_v5.5-b66b5448-v1"
time="2025-08-13T06:50:37-07:00" level=info msg="Tool required for debug" tool="esp32:esptool_py@5.0.0"
time="2025-08-13T06:50:37-07:00" level=info msg="sending command" command="CONFIGURE bits 8" monitor=serial-monitor
time="2025-08-13T06:50:37-07:00" level=info msg="Tool required for debug" tool="esp32:mklittlefs@3.0.0-gnu12-dc7f933"
time="2025-08-13T06:50:37-07:00" level=info msg="received message" error=false event_type=configure message=OK monitor=serial-monitor
time="2025-08-13T06:50:37-07:00" level=info msg="Tool required for debug" tool="esp32:mkspiffs@0.2.3"
time="2025-08-13T06:50:37-07:00" level=info msg="Tool required for debug" tool="esp32:openocd-esp32@v0.12.0-esp32-20250422"
time="2025-08-13T06:50:37-07:00" level=info msg="Tool required for debug" tool="esp32:riscv32-esp-elf-gdb@16.2_20250324"
time="2025-08-13T06:50:37-07:00" level=info msg="Tool required for debug" tool="esp32:xtensa-esp-elf-gdb@16.2_20250324"
time="2025-08-13T06:50:37-07:00" level=info msg="sending command" command="CONFIGURE dtr on" monitor=serial-monitor
time="2025-08-13T06:50:37-07:00" level=info msg="Tool required for debug" tool="builtin:ctags@5.8-arduino11"
time="2025-08-13T06:50:37-07:00" level=info msg="Tool required for debug" tool="arduino:avr-gcc@7.3.0-atmel3.6.1-arduino7"
time="2025-08-13T06:50:37-07:00" level=info msg="Tool required for debug" tool="builtin:mdns-discovery@1.0.9"
time="2025-08-13T06:50:37-07:00" level=info msg="Tool required for debug" tool="arduino:avrdude@6.3.0-arduino17"
time="2025-08-13T06:50:37-07:00" level=info msg="Tool required for debug" tool="builtin:serial-monitor@0.15.0"
time="2025-08-13T06:50:37-07:00" level=info msg="received message" error=false event_type=configure message=OK monitor=serial-monitor
time="2025-08-13T06:50:37-07:00" level=info msg="Tool required for debug" tool="arduino:arduinoOTA@1.3.0"
time="2025-08-13T06:50:37-07:00" level=info msg="Tool required for debug" tool="builtin:dfu-discovery@0.1.2"
time="2025-08-13T06:50:37-07:00" level=info msg="Tool required for debug" tool="builtin:serial-discovery@1.4.1"
time="2025-08-13T06:50:37-07:00" level=info msg="sending command" command="CONFIGURE parity none" monitor=serial-monitor
time="2025-08-13T06:50:37-07:00" level=info msg="received message" error=false event_type=configure message=OK monitor=serial-monitor
time="2025-08-13T06:50:37-07:00" level=info msg="sending command" command="OPEN 127.0.0.1:40115 /dev/ttyACM0" monitor=serial-monitor
time="2025-08-13T06:50:37-07:00" level=info msg="received message" error=false event_type=open message=OK monitor=serial-monitor
time="2025-08-13T06:50:37-07:00" level=info msg="Port /dev/ttyACM0 successfully opened"
time="2025-08-13T06:50:37-07:00" level=info msg="Tool required for debug" tool="arduino:dfu-util@0.11.0-arduino5"
time="2025-08-13T06:50:37-07:00" level=info msg="Tool required for debug" tool="esp32:esp-rv32@2411"
time="2025-08-13T06:50:37-07:00" level=info msg="Tool required for debug" tool="esp32:esp-x32@2411"
time="2025-08-13T06:50:37-07:00" level=info msg="Tool required for debug" tool="esp32:esp32-arduino-libs@idf-release_v5.5-b66b5448-v1"
time="2025-08-13T06:50:37-07:00" level=info msg="Tool required for debug" tool="esp32:esptool_py@5.0.0"
time="2025-08-13T06:50:37-07:00" level=info msg="Tool required for debug" tool="esp32:mklittlefs@3.0.0-gnu12-dc7f933"
time="2025-08-13T06:50:37-07:00" level=info msg="Tool required for debug" tool="esp32:mkspiffs@0.2.3"
time="2025-08-13T06:50:37-07:00" level=info msg="Tool required for debug" tool="esp32:openocd-esp32@v0.12.0-esp32-20250422"
time="2025-08-13T06:50:37-07:00" level=info msg="Tool required for debug" tool="esp32:riscv32-esp-elf-gdb@16.2_20250324"
time="2025-08-13T06:50:37-07:00" level=info msg="Tool required for debug" tool="esp32:xtensa-esp-elf-gdb@16.2_20250324"
time="2025-08-13T06:50:37-07:00" level=info msg="Tool required for debug" tool="arduino:arduinoOTA@1.3.0"
time="2025-08-13T06:50:37-07:00" level=info msg="Tool required for debug" tool="builtin:ctags@5.8-arduino11"
time="2025-08-13T06:50:37-07:00" level=info msg="Tool required for debug" tool="builtin:dfu-discovery@0.1.2"
time="2025-08-13T06:50:37-07:00" level=info msg="Tool required for debug" tool="arduino:avr-gcc@7.3.0-atmel3.6.1-arduino7"
time="2025-08-13T06:50:37-07:00" level=info msg="Tool required for debug" tool="builtin:serial-discovery@1.4.1"
time="2025-08-13T06:50:37-07:00" level=info msg="Tool required for debug" tool="builtin:serial-monitor@0.15.0"
time="2025-08-13T06:50:37-07:00" level=info msg="Tool required for debug" tool="builtin:mdns-discovery@1.0.9"
time="2025-08-13T06:50:37-07:00" level=info msg="Tool required for debug" tool="arduino:avrdude@6.3.0-arduino17"
time="2025-08-13T06:50:37-07:00" level=info msg="Tool required for debug" tool="arduino:dfu-util@0.11.0-arduino5"
time="2025-08-13T06:50:37-07:00" level=info msg="Tool required for debug" tool="esp32:esp-rv32@2411"
time="2025-08-13T06:50:37-07:00" level=info msg="Tool required for debug" tool="esp32:esp-x32@2411"
time="2025-08-13T06:50:37-07:00" level=info msg="Tool required for debug" tool="esp32:esp32-arduino-libs@idf-release_v5.5-b66b5448-v1"
time="2025-08-13T06:50:37-07:00" level=info msg="Tool required for debug" tool="esp32:esptool_py@5.0.0"
time="2025-08-13T06:50:37-07:00" level=info msg="Tool required for debug" tool="esp32:mklittlefs@3.0.0-gnu12-dc7f933"
time="2025-08-13T06:50:37-07:00" level=info msg="Tool required for debug" tool="esp32:mkspiffs@0.2.3"
time="2025-08-13T06:50:37-07:00" level=info msg="Tool required for debug" tool="esp32:openocd-esp32@v0.12.0-esp32-20250422"
time="2025-08-13T06:50:37-07:00" level=info msg="Tool required for debug" tool="esp32:riscv32-esp-elf-gdb@16.2_20250324"
time="2025-08-13T06:50:37-07:00" level=info msg="Tool required for debug" tool="esp32:xtensa-esp-elf-gdb@16.2_20250324"
time="2025-08-13T06:50:37-07:00" level=info msg="Tool required for debug" tool="arduino:arduinoOTA@1.3.0"
time="2025-08-13T06:50:37-07:00" level=info msg="Tool required for debug" tool="builtin:dfu-discovery@0.1.2"
time="2025-08-13T06:50:37-07:00" level=info msg="Tool required for debug" tool="builtin:serial-discovery@1.4.1"
time="2025-08-13T06:50:37-07:00" level=info msg="Tool required for debug" tool="builtin:mdns-discovery@1.0.9"
time="2025-08-13T06:50:37-07:00" level=info msg="Tool required for debug" tool="arduino:avr-gcc@7.3.0-atmel3.6.1-arduino7"
time="2025-08-13T06:50:37-07:00" level=info msg="Tool required for debug" tool="arduino:avrdude@6.3.0-arduino17"
time="2025-08-13T06:50:37-07:00" level=info msg="Tool required for debug" tool="builtin:serial-monitor@0.15.0"
time="2025-08-13T06:50:37-07:00" level=info msg="Tool required for debug" tool="builtin:ctags@5.8-arduino11"
time="2025-08-13T06:50:37-07:00" level=info msg="Tool required for debug" tool="arduino:dfu-util@0.11.0-arduino5"
time="2025-08-13T06:50:37-07:00" level=info msg="Tool required for debug" tool="esp32:esp-rv32@2411"
time="2025-08-13T06:50:37-07:00" level=info msg="Tool required for debug" tool="esp32:esp-x32@2411"
time="2025-08-13T06:50:37-07:00" level=info msg="Tool required for debug" tool="esp32:esp32-arduino-libs@idf-release_v5.5-b66b5448-v1"
time="2025-08-13T06:50:37-07:00" level=info msg="Tool required for debug" tool="esp32:esptool_py@5.0.0"
time="2025-08-13T06:50:37-07:00" level=info msg="Tool required for debug" tool="esp32:mklittlefs@3.0.0-gnu12-dc7f933"
time="2025-08-13T06:50:37-07:00" level=info msg="Tool required for debug" tool="esp32:mkspiffs@0.2.3"
time="2025-08-13T06:50:37-07:00" level=info msg="Tool required for debug" tool="esp32:openocd-esp32@v0.12.0-esp32-20250422"
time="2025-08-13T06:50:37-07:00" level=info msg="Tool required for debug" tool="esp32:riscv32-esp-elf-gdb@16.2_20250324"
time="2025-08-13T06:50:37-07:00" level=info msg="Tool required for debug" tool="esp32:xtensa-esp-elf-gdb@16.2_20250324"
time="2025-08-13T06:50:37-07:00" level=info msg="Tool required for debug" tool="arduino:avrdude@6.3.0-arduino17"
time="2025-08-13T06:50:37-07:00" level=info msg="Tool required for debug" tool="builtin:ctags@5.8-arduino11"
time="2025-08-13T06:50:37-07:00" level=info msg="Tool required for debug" tool="arduino:avr-gcc@7.3.0-atmel3.6.1-arduino7"
time="2025-08-13T06:50:37-07:00" level=info msg="Tool required for debug" tool="builtin:mdns-discovery@1.0.9"
time="2025-08-13T06:50:37-07:00" level=info msg="Tool required for debug" tool="builtin:serial-monitor@0.15.0"
time="2025-08-13T06:50:37-07:00" level=info msg="Tool required for debug" tool="arduino:arduinoOTA@1.3.0"
time="2025-08-13T06:50:37-07:00" level=info msg="Tool required for debug" tool="builtin:dfu-discovery@0.1.2"
time="2025-08-13T06:50:37-07:00" level=info msg="Tool required for debug" tool="builtin:serial-discovery@1.4.1"
time="2025-08-13T06:50:37-07:00" level=info msg="Tool required for debug" tool="arduino:dfu-util@0.11.0-arduino5"
time="2025-08-13T06:50:37-07:00" level=info msg="Tool required for debug" tool="esp32:esp-rv32@2411"
time="2025-08-13T06:50:37-07:00" level=info msg="Tool required for debug" tool="esp32:esp-x32@2411"
time="2025-08-13T06:50:37-07:00" level=info msg="Tool required for debug" tool="esp32:esp32-arduino-libs@idf-release_v5.5-b66b5448-v1"
time="2025-08-13T06:50:37-07:00" level=info msg="Tool required for debug" tool="esp32:esptool_py@5.0.0"
time="2025-08-13T06:50:37-07:00" level=info msg="Tool required for debug" tool="esp32:mklittlefs@3.0.0-gnu12-dc7f933"
time="2025-08-13T06:50:37-07:00" level=info msg="Tool required for debug" tool="esp32:mkspiffs@0.2.3"
time="2025-08-13T06:50:37-07:00" level=info msg="Tool required for debug" tool="esp32:openocd-esp32@v0.12.0-esp32-20250422"
time="2025-08-13T06:50:37-07:00" level=info msg="Tool required for debug" tool="esp32:riscv32-esp-elf-gdb@16.2_20250324"
time="2025-08-13T06:50:37-07:00" level=info msg="Tool required for debug" tool="esp32:xtensa-esp-elf-gdb@16.2_20250324"
time="2025-08-13T06:50:37-07:00" level=info msg="Tool required for debug" tool="arduino:avr-gcc@7.3.0-atmel3.6.1-arduino7"
time="2025-08-13T06:50:37-07:00" level=info msg="Tool required for debug" tool="builtin:ctags@5.8-arduino11"
time="2025-08-13T06:50:37-07:00" level=info msg="Tool required for debug" tool="builtin:mdns-discovery@1.0.9"
time="2025-08-13T06:50:37-07:00" level=info msg="Tool required for debug" tool="builtin:serial-monitor@0.15.0"
time="2025-08-13T06:50:37-07:00" level=info msg="Tool required for debug" tool="arduino:arduinoOTA@1.3.0"
time="2025-08-13T06:50:37-07:00" level=info msg="Tool required for debug" tool="arduino:avrdude@6.3.0-arduino17"
time="2025-08-13T06:50:37-07:00" level=info msg="Tool required for debug" tool="builtin:dfu-discovery@0.1.2"
time="2025-08-13T06:50:37-07:00" level=info msg="Tool required for debug" tool="builtin:serial-discovery@1.4.1"
time="2025-08-13T06:50:37-07:00" level=info msg="Tool required for debug" tool="arduino:dfu-util@0.11.0-arduino5"
time="2025-08-13T06:50:37-07:00" level=info msg="Tool required for debug" tool="esp32:esp-rv32@2411"
time="2025-08-13T06:50:37-07:00" level=info msg="Tool required for debug" tool="esp32:esp-x32@2411"
time="2025-08-13T06:50:37-07:00" level=info msg="Tool required for debug" tool="esp32:esp32-arduino-libs@idf-release_v5.5-b66b5448-v1"
time="2025-08-13T06:50:37-07:00" level=info msg="Tool required for debug" tool="esp32:esptool_py@5.0.0"
time="2025-08-13T06:50:37-07:00" level=info msg="Tool required for debug" tool="esp32:mklittlefs@3.0.0-gnu12-dc7f933"
time="2025-08-13T06:50:37-07:00" level=info msg="Tool required for debug" tool="esp32:mkspiffs@0.2.3"
time="2025-08-13T06:50:37-07:00" level=info msg="Tool required for debug" tool="esp32:openocd-esp32@v0.12.0-esp32-20250422"
time="2025-08-13T06:50:37-07:00" level=info msg="Tool required for debug" tool="esp32:riscv32-esp-elf-gdb@16.2_20250324"
time="2025-08-13T06:50:37-07:00" level=info msg="Tool required for debug" tool="esp32:xtensa-esp-elf-gdb@16.2_20250324"
time="2025-08-13T06:50:37-07:00" level=info msg="Tool required for debug" tool="arduino:avr-gcc@7.3.0-atmel3.6.1-arduino7"
time="2025-08-13T06:50:37-07:00" level=info msg="Tool required for debug" tool="builtin:ctags@5.8-arduino11"
time="2025-08-13T06:50:37-07:00" level=info msg="Tool required for debug" tool="builtin:serial-discovery@1.4.1"
time="2025-08-13T06:50:37-07:00" level=info msg="Tool required for debug" tool="arduino:avrdude@6.3.0-arduino17"
time="2025-08-13T06:50:37-07:00" level=info msg="Tool required for debug" tool="builtin:mdns-discovery@1.0.9"
time="2025-08-13T06:50:37-07:00" level=info msg="Tool required for debug" tool="builtin:serial-monitor@0.15.0"
time="2025-08-13T06:50:37-07:00" level=info msg="Tool required for debug" tool="arduino:arduinoOTA@1.3.0"
time="2025-08-13T06:50:37-07:00" level=info msg="Tool required for debug" tool="builtin:dfu-discovery@0.1.2"
time="2025-08-13T06:50:37-07:00" level=info msg="Tool required for debug" tool="arduino:dfu-util@0.11.0-arduino5"
time="2025-08-13T06:50:37-07:00" level=info msg="Tool required for debug" tool="esp32:esp-rv32@2411"
time="2025-08-13T06:50:37-07:00" level=info msg="Tool required for debug" tool="esp32:esp-x32@2411"
time="2025-08-13T06:50:37-07:00" level=info msg="Tool required for debug" tool="esp32:esp32-arduino-libs@idf-release_v5.5-b66b5448-v1"
time="2025-08-13T06:50:37-07:00" level=info msg="Tool required for debug" tool="esp32:esptool_py@5.0.0"
time="2025-08-13T06:50:37-07:00" level=info msg="Tool required for debug" tool="esp32:mklittlefs@3.0.0-gnu12-dc7f933"
time="2025-08-13T06:50:37-07:00" level=info msg="Tool required for debug" tool="esp32:mkspiffs@0.2.3"
time="2025-08-13T06:50:37-07:00" level=info msg="Tool required for debug" tool="esp32:openocd-esp32@v0.12.0-esp32-20250422"
time="2025-08-13T06:50:37-07:00" level=info msg="Tool required for debug" tool="esp32:riscv32-esp-elf-gdb@16.2_20250324"
time="2025-08-13T06:50:37-07:00" level=info msg="Tool required for debug" tool="esp32:xtensa-esp-elf-gdb@16.2_20250324"
time="2025-08-13T06:50:37-07:00" level=info msg="Tool required for debug" tool="builtin:serial-monitor@0.15.0"
time="2025-08-13T06:50:37-07:00" level=info msg="Tool required for debug" tool="builtin:mdns-discovery@1.0.9"
time="2025-08-13T06:50:37-07:00" level=info msg="Tool required for debug" tool="arduino:avrdude@6.3.0-arduino17"
time="2025-08-13T06:50:37-07:00" level=info msg="Tool required for debug" tool="arduino:avr-gcc@7.3.0-atmel3.6.1-arduino7"
time="2025-08-13T06:50:37-07:00" level=info msg="Tool required for debug" tool="arduino:arduinoOTA@1.3.0"
time="2025-08-13T06:50:37-07:00" level=info msg="Tool required for debug" tool="builtin:ctags@5.8-arduino11"
time="2025-08-13T06:50:37-07:00" level=info msg="Tool required for debug" tool="builtin:dfu-discovery@0.1.2"
time="2025-08-13T06:50:37-07:00" level=info msg="Tool required for debug" tool="builtin:serial-discovery@1.4.1"
time="2025-08-13T06:50:37-07:00" level=info msg="Tool required for debug" tool="arduino:dfu-util@0.11.0-arduino5"
time="2025-08-13T06:50:37-07:00" level=info msg="Tool required for debug" tool="esp32:esp-rv32@2411"
time="2025-08-13T06:50:37-07:00" level=info msg="Tool required for debug" tool="esp32:esp-x32@2411"
time="2025-08-13T06:50:37-07:00" level=info msg="Tool required for debug" tool="esp32:esp32-arduino-libs@idf-release_v5.5-b66b5448-v1"
time="2025-08-13T06:50:37-07:00" level=info msg="Tool required for debug" tool="esp32:esptool_py@5.0.0"
time="2025-08-13T06:50:37-07:00" level=info msg="Tool required for debug" tool="esp32:mklittlefs@3.0.0-gnu12-dc7f933"
time="2025-08-13T06:50:37-07:00" level=info msg="Tool required for debug" tool="esp32:mkspiffs@0.2.3"
time="2025-08-13T06:50:37-07:00" level=info msg="Tool required for debug" tool="esp32:openocd-esp32@v0.12.0-esp32-20250422"
time="2025-08-13T06:50:37-07:00" level=info msg="Tool required for debug" tool="esp32:riscv32-esp-elf-gdb@16.2_20250324"
time="2025-08-13T06:50:37-07:00" level=info msg="Tool required for debug" tool="esp32:xtensa-esp-elf-gdb@16.2_20250324"
time="2025-08-13T06:50:37-07:00" level=info msg="Tool required for debug" tool="builtin:dfu-discovery@0.1.2"
time="2025-08-13T06:50:37-07:00" level=info msg="Tool required for debug" tool="arduino:avrdude@6.3.0-arduino17"
time="2025-08-13T06:50:37-07:00" level=info msg="Tool required for debug" tool="builtin:serial-discovery@1.4.1"
time="2025-08-13T06:50:37-07:00" level=info msg="Tool required for debug" tool="builtin:ctags@5.8-arduino11"
time="2025-08-13T06:50:37-07:00" level=info msg="Tool required for debug" tool="builtin:serial-monitor@0.15.0"
time="2025-08-13T06:50:37-07:00" level=info msg="Tool required for debug" tool="arduino:avr-gcc@7.3.0-atmel3.6.1-arduino7"
time="2025-08-13T06:50:37-07:00" level=info msg="Tool required for debug" tool="arduino:arduinoOTA@1.3.0"
time="2025-08-13T06:50:37-07:00" level=info msg="Tool required for debug" tool="builtin:mdns-discovery@1.0.9"
time="2025-08-13T06:50:37-07:00" level=info msg="Tool required for debug" tool="arduino:dfu-util@0.11.0-arduino5"
time="2025-08-13T06:50:37-07:00" level=info msg="Tool required for debug" tool="esp32:esp-rv32@2411"
time="2025-08-13T06:50:37-07:00" level=info msg="Tool required for debug" tool="esp32:esp-x32@2411"
time="2025-08-13T06:50:37-07:00" level=info msg="Tool required for debug" tool="esp32:esp32-arduino-libs@idf-release_v5.5-b66b5448-v1"
time="2025-08-13T06:50:37-07:00" level=info msg="Tool required for debug" tool="esp32:esptool_py@5.0.0"
time="2025-08-13T06:50:37-07:00" level=info msg="Tool required for debug" tool="esp32:mklittlefs@3.0.0-gnu12-dc7f933"
time="2025-08-13T06:50:37-07:00" level=info msg="Tool required for debug" tool="esp32:mkspiffs@0.2.3"
time="2025-08-13T06:50:37-07:00" level=info msg="Tool required for debug" tool="esp32:openocd-esp32@v0.12.0-esp32-20250422"
time="2025-08-13T06:50:37-07:00" level=info msg="Tool required for debug" tool="esp32:riscv32-esp-elf-gdb@16.2_20250324"
time="2025-08-13T06:50:37-07:00" level=info msg="Tool required for debug" tool="esp32:xtensa-esp-elf-gdb@16.2_20250324"
time="2025-08-13T06:50:37-07:00" level=info msg="Tool required for debug" tool="builtin:mdns-discovery@1.0.9"
time="2025-08-13T06:50:37-07:00" level=info msg="Tool required for debug" tool="arduino:avrdude@6.3.0-arduino17"
time="2025-08-13T06:50:37-07:00" level=info msg="Tool required for debug" tool="builtin:ctags@5.8-arduino11"
time="2025-08-13T06:50:37-07:00" level=info msg="Tool required for debug" tool="arduino:avr-gcc@7.3.0-atmel3.6.1-arduino7"
time="2025-08-13T06:50:37-07:00" level=info msg="Tool required for debug" tool="builtin:serial-discovery@1.4.1"
time="2025-08-13T06:50:37-07:00" level=info msg="Tool required for debug" tool="builtin:serial-monitor@0.15.0"
time="2025-08-13T06:50:37-07:00" level=info msg="Tool required for debug" tool="builtin:dfu-discovery@0.1.2"
time="2025-08-13T06:50:37-07:00" level=info msg="Tool required for debug" tool="arduino:arduinoOTA@1.3.0"
time="2025-08-13T06:50:37-07:00" level=info msg="Tool required for debug" tool="arduino:dfu-util@0.11.0-arduino5"
time="2025-08-13T06:50:37-07:00" level=info msg="Tool required for debug" tool="esp32:esp-rv32@2411"
time="2025-08-13T06:50:37-07:00" level=info msg="Tool required for debug" tool="esp32:esp-x32@2411"
time="2025-08-13T06:50:37-07:00" level=info msg="Tool required for debug" tool="esp32:esp32-arduino-libs@idf-release_v5.5-b66b5448-v1"
time="2025-08-13T06:50:37-07:00" level=info msg="Tool required for debug" tool="esp32:esptool_py@5.0.0"
time="2025-08-13T06:50:37-07:00" level=info msg="Tool required for debug" tool="esp32:mklittlefs@3.0.0-gnu12-dc7f933"
time="2025-08-13T06:50:37-07:00" level=info msg="Tool required for debug" tool="esp32:mkspiffs@0.2.3"
time="2025-08-13T06:50:37-07:00" level=info msg="Tool required for debug" tool="esp32:openocd-esp32@v0.12.0-esp32-20250422"
time="2025-08-13T06:50:37-07:00" level=info msg="Tool required for debug" tool="esp32:riscv32-esp-elf-gdb@16.2_20250324"
time="2025-08-13T06:50:37-07:00" level=info msg="Tool required for debug" tool="esp32:xtensa-esp-elf-gdb@16.2_20250324"
time="2025-08-13T06:50:37-07:00" level=info msg="Tool required for debug" tool="builtin:dfu-discovery@0.1.2"
time="2025-08-13T06:50:37-07:00" level=info msg="Tool required for debug" tool="builtin:serial-discovery@1.4.1"
time="2025-08-13T06:50:37-07:00" level=info msg="Tool required for debug" tool="builtin:serial-monitor@0.15.0"
time="2025-08-13T06:50:37-07:00" level=info msg="Tool required for debug" tool="arduino:avr-gcc@7.3.0-atmel3.6.1-arduino7"
time="2025-08-13T06:50:37-07:00" level=info msg="Tool required for debug" tool="arduino:avrdude@6.3.0-arduino17"
time="2025-08-13T06:50:37-07:00" level=info msg="Tool required for debug" tool="builtin:ctags@5.8-arduino11"
time="2025-08-13T06:50:37-07:00" level=info msg="Tool required for debug" tool="arduino:arduinoOTA@1.3.0"
time="2025-08-13T06:50:37-07:00" level=info msg="Tool required for debug" tool="builtin:mdns-discovery@1.0.9"
time="2025-08-13T06:50:37-07:00" level=info msg="Tool required for debug" tool="arduino:dfu-util@0.11.0-arduino5"
time="2025-08-13T06:50:37-07:00" level=info msg="Tool required for debug" tool="esp32:esp-rv32@2411"
time="2025-08-13T06:50:37-07:00" level=info msg="Tool required for debug" tool="esp32:esp-x32@2411"
time="2025-08-13T06:50:37-07:00" level=info msg="Tool required for debug" tool="esp32:esp32-arduino-libs@idf-release_v5.5-b66b5448-v1"
time="2025-08-13T06:50:37-07:00" level=info msg="Tool required for debug" tool="esp32:esptool_py@5.0.0"
time="2025-08-13T06:50:37-07:00" level=info msg="Tool required for debug" tool="esp32:mklittlefs@3.0.0-gnu12-dc7f933"
time="2025-08-13T06:50:37-07:00" level=info msg="Tool required for debug" tool="esp32:mkspiffs@0.2.3"
time="2025-08-13T06:50:37-07:00" level=info msg="Tool required for debug" tool="esp32:openocd-esp32@v0.12.0-esp32-20250422"
time="2025-08-13T06:50:37-07:00" level=info msg="Tool required for debug" tool="esp32:riscv32-esp-elf-gdb@16.2_20250324"
time="2025-08-13T06:50:37-07:00" level=info msg="Tool required for debug" tool="esp32:xtensa-esp-elf-gdb@16.2_20250324"
time="2025-08-13T06:50:37-07:00" level=info msg="Tool required for debug" tool="builtin:mdns-discovery@1.0.9"
time="2025-08-13T06:50:37-07:00" level=info msg="Tool required for debug" tool="builtin:serial-discovery@1.4.1"
time="2025-08-13T06:50:37-07:00" level=info msg="Tool required for debug" tool="builtin:serial-monitor@0.15.0"
time="2025-08-13T06:50:37-07:00" level=info msg="Tool required for debug" tool="arduino:avrdude@6.3.0-arduino17"
time="2025-08-13T06:50:37-07:00" level=info msg="Tool required for debug" tool="builtin:ctags@5.8-arduino11"
time="2025-08-13T06:50:37-07:00" level=info msg="Tool required for debug" tool="builtin:dfu-discovery@0.1.2"
time="2025-08-13T06:50:37-07:00" level=info msg="Tool required for debug" tool="arduino:arduinoOTA@1.3.0"
time="2025-08-13T06:50:37-07:00" level=info msg="Tool required for debug" tool="arduino:avr-gcc@7.3.0-atmel3.6.1-arduino7"
time="2025-08-13T06:50:37-07:00" level=info msg="Tool required for debug" tool="arduino:dfu-util@0.11.0-arduino5"
time="2025-08-13T06:50:37-07:00" level=info msg="Tool required for debug" tool="esp32:esp-rv32@2411"
time="2025-08-13T06:50:37-07:00" level=info msg="Tool required for debug" tool="esp32:esp-x32@2411"
time="2025-08-13T06:50:37-07:00" level=info msg="Tool required for debug" tool="esp32:esp32-arduino-libs@idf-release_v5.5-b66b5448-v1"
time="2025-08-13T06:50:37-07:00" level=info msg="Tool required for debug" tool="esp32:esptool_py@5.0.0"
time="2025-08-13T06:50:37-07:00" level=info msg="Tool required for debug" tool="esp32:mklittlefs@3.0.0-gnu12-dc7f933"
time="2025-08-13T06:50:37-07:00" level=info msg="Tool required for debug" tool="esp32:mkspiffs@0.2.3"
time="2025-08-13T06:50:37-07:00" level=info msg="Tool required for debug" tool="esp32:openocd-esp32@v0.12.0-esp32-20250422"
time="2025-08-13T06:50:37-07:00" level=info msg="Tool required for debug" tool="esp32:riscv32-esp-elf-gdb@16.2_20250324"
time="2025-08-13T06:50:37-07:00" level=info msg="Tool required for debug" tool="esp32:xtensa-esp-elf-gdb@16.2_20250324"
time="2025-08-13T06:50:37-07:00" level=info msg="Tool required for debug" tool="arduino:arduinoOTA@1.3.0"
time="2025-08-13T06:50:37-07:00" level=info msg="Tool required for debug" tool="builtin:ctags@5.8-arduino11"
time="2025-08-13T06:50:37-07:00" level=info msg="Tool required for debug" tool="arduino:avrdude@6.3.0-arduino17"
time="2025-08-13T06:50:37-07:00" level=info msg="Tool required for debug" tool="arduino:avr-gcc@7.3.0-atmel3.6.1-arduino7"
time="2025-08-13T06:50:37-07:00" level=info msg="Tool required for debug" tool="builtin:dfu-discovery@0.1.2"
time="2025-08-13T06:50:37-07:00" level=info msg="Tool required for debug" tool="builtin:mdns-discovery@1.0.9"
time="2025-08-13T06:50:37-07:00" level=info msg="Tool required for debug" tool="builtin:serial-discovery@1.4.1"
time="2025-08-13T06:50:37-07:00" level=info msg="Tool required for debug" tool="builtin:serial-monitor@0.15.0"
time="2025-08-13T06:50:37-07:00" level=info msg="Tool required for debug" tool="arduino:dfu-util@0.11.0-arduino5"
time="2025-08-13T06:50:37-07:00" level=info msg="Tool required for debug" tool="esp32:esp-rv32@2411"
time="2025-08-13T06:50:37-07:00" level=info msg="Tool required for debug" tool="esp32:esp-x32@2411"
time="2025-08-13T06:50:37-07:00" level=info msg="Tool required for debug" tool="esp32:esp32-arduino-libs@idf-release_v5.5-b66b5448-v1"
time="2025-08-13T06:50:37-07:00" level=info msg="Tool required for debug" tool="esp32:esptool_py@5.0.0"
time="2025-08-13T06:50:37-07:00" level=info msg="Tool required for debug" tool="esp32:mklittlefs@3.0.0-gnu12-dc7f933"
time="2025-08-13T06:50:37-07:00" level=info msg="Tool required for debug" tool="esp32:mkspiffs@0.2.3"
time="2025-08-13T06:50:37-07:00" level=info msg="Tool required for debug" tool="esp32:openocd-esp32@v0.12.0-esp32-20250422"
time="2025-08-13T06:50:37-07:00" level=info msg="Tool required for debug" tool="esp32:riscv32-esp-elf-gdb@16.2_20250324"
time="2025-08-13T06:50:37-07:00" level=info msg="Tool required for debug" tool="esp32:xtensa-esp-elf-gdb@16.2_20250324"
time="2025-08-13T06:50:37-07:00" level=info msg="Tool required for debug" tool="arduino:avrdude@6.3.0-arduino17"
time="2025-08-13T06:50:37-07:00" level=info msg="Tool required for debug" tool="builtin:ctags@5.8-arduino11"
time="2025-08-13T06:50:37-07:00" level=info msg="Tool required for debug" tool="arduino:avr-gcc@7.3.0-atmel3.6.1-arduino7"
time="2025-08-13T06:50:37-07:00" level=info msg="Tool required for debug" tool="builtin:serial-discovery@1.4.1"
time="2025-08-13T06:50:37-07:00" level=info msg="Tool required for debug" tool="builtin:dfu-discovery@0.1.2"
time="2025-08-13T06:50:37-07:00" level=info msg="Tool required for debug" tool="arduino:arduinoOTA@1.3.0"
time="2025-08-13T06:50:37-07:00" level=info msg="Tool required for debug" tool="builtin:serial-monitor@0.15.0"
time="2025-08-13T06:50:37-07:00" level=info msg="Tool required for debug" tool="builtin:mdns-discovery@1.0.9"
time="2025-08-13T06:50:37-07:00" level=info msg="Tool required for debug" tool="arduino:dfu-util@0.11.0-arduino5"
time="2025-08-13T06:50:37-07:00" level=info msg="Tool required for debug" tool="esp32:esp-rv32@2411"
time="2025-08-13T06:50:37-07:00" level=info msg="Tool required for debug" tool="esp32:esp-x32@2411"
time="2025-08-13T06:50:37-07:00" level=info msg="Tool required for debug" tool="esp32:esp32-arduino-libs@idf-release_v5.5-b66b5448-v1"
time="2025-08-13T06:50:37-07:00" level=info msg="Tool required for debug" tool="esp32:esptool_py@5.0.0"
time="2025-08-13T06:50:37-07:00" level=info msg="Tool required for debug" tool="esp32:mklittlefs@3.0.0-gnu12-dc7f933"
time="2025-08-13T06:50:37-07:00" level=info msg="Tool required for debug" tool="esp32:mkspiffs@0.2.3"
time="2025-08-13T06:50:37-07:00" level=info msg="Tool required for debug" tool="esp32:openocd-esp32@v0.12.0-esp32-20250422"
time="2025-08-13T06:50:37-07:00" level=info msg="Tool required for debug" tool="esp32:riscv32-esp-elf-gdb@16.2_20250324"
time="2025-08-13T06:50:37-07:00" level=info msg="Tool required for debug" tool="esp32:xtensa-esp-elf-gdb@16.2_20250324"
time="2025-08-13T06:50:37-07:00" level=info msg="Tool required for debug" tool="arduino:arduinoOTA@1.3.0"
time="2025-08-13T06:50:37-07:00" level=info msg="Tool required for debug" tool="builtin:mdns-discovery@1.0.9"
time="2025-08-13T06:50:37-07:00" level=info msg="Tool required for debug" tool="builtin:serial-discovery@1.4.1"
time="2025-08-13T06:50:37-07:00" level=info msg="Tool required for debug" tool="arduino:avrdude@6.3.0-arduino17"
time="2025-08-13T06:50:37-07:00" level=info msg="Tool required for debug" tool="arduino:avr-gcc@7.3.0-atmel3.6.1-arduino7"
time="2025-08-13T06:50:37-07:00" level=info msg="Tool required for debug" tool="builtin:serial-monitor@0.15.0"
time="2025-08-13T06:50:37-07:00" level=info msg="Tool required for debug" tool="builtin:ctags@5.8-arduino11"
time="2025-08-13T06:50:37-07:00" level=info msg="Tool required for debug" tool="builtin:dfu-discovery@0.1.2"
time="2025-08-13T06:50:37-07:00" level=info msg="Tool required for debug" tool="arduino:dfu-util@0.11.0-arduino5"
time="2025-08-13T06:50:37-07:00" level=info msg="Tool required for debug" tool="esp32:esp-rv32@2411"
time="2025-08-13T06:50:37-07:00" level=info msg="Tool required for debug" tool="esp32:esp-x32@2411"
time="2025-08-13T06:50:37-07:00" level=info msg="Tool required for debug" tool="esp32:esp32-arduino-libs@idf-release_v5.5-b66b5448-v1"
time="2025-08-13T06:50:37-07:00" level=info msg="Tool required for debug" tool="esp32:esptool_py@5.0.0"
time="2025-08-13T06:50:37-07:00" level=info msg="Tool required for debug" tool="esp32:mklittlefs@3.0.0-gnu12-dc7f933"
2025-08-13 06:50:37 2025-08-13T13:50:37.349Z daemon INFO time="2025-08-13T06:50:37-07:00" level=info msg="Tool required for debug" tool="esp32:mkspiffs@0.2.3"
time="2025-08-13T06:50:37-07:00" level=info msg="Tool required for debug" tool="esp32:openocd-esp32@v0.12.0-esp32-20250422"
time="2025-08-13T06:50:37-07:00" level=info msg="Tool required for debug" tool="esp32:riscv32-esp-elf-gdb@16.2_20250324"
time="2025-08-13T06:50:37-07:00" level=info msg="Tool required for debug" tool="esp32:xtensa-esp-elf-gdb@16.2_20250324"
time="2025-08-13T06:50:37-07:00" level=info msg="Tool required for debug" tool="builtin:serial-monitor@0.15.0"
time="2025-08-13T06:50:37-07:00" level=info msg="Tool required for debug" tool="arduino:avr-gcc@7.3.0-atmel3.6.1-arduino7"
time="2025-08-13T06:50:37-07:00" level=info msg="Tool required for debug" tool="builtin:dfu-discovery@0.1.2"
time="2025-08-13T06:50:37-07:00" level=info msg="Tool required for debug" tool="builtin:mdns-discovery@1.0.9"
time="2025-08-13T06:50:37-07:00" level=info msg="Tool required for debug" tool="arduino:arduinoOTA@1.3.0"
time="2025-08-13T06:50:37-07:00" level=info msg="Tool required for debug" tool="arduino:avrdude@6.3.0-arduino17"
time="2025-08-13T06:50:37-07:00" level=info msg="Tool required for debug" tool="builtin:ctags@5.8-arduino11"
time="2025-08-13T06:50:37-07:00" level=info msg="Tool required for debug" tool="builtin:serial-discovery@1.4.1"
2025-08-13 06:50:37 2025-08-13T13:50:37.355Z daemon INFO time="2025-08-13T06:50:37-07:00" level=info msg="Tool required for debug" tool="arduino:dfu-util@0.11.0-arduino5"
time="2025-08-13T06:50:37-07:00" level=info msg="Tool required for debug" tool="esp32:esp-rv32@2411"
time="2025-08-13T06:50:37-07:00" level=info msg="Tool required for debug" tool="esp32:esp-x32@2411"
time="2025-08-13T06:50:37-07:00" level=info msg="Tool required for debug" tool="esp32:esp32-arduino-libs@idf-release_v5.5-b66b5448-v1"
time="2025-08-13T06:50:37-07:00" level=info msg="Tool required for debug" tool="esp32:esptool_py@5.0.0"
time="2025-08-13T06:50:37-07:00" level=info msg="Tool required for debug" tool="esp32:mklittlefs@3.0.0-gnu12-dc7f933"
time="2025-08-13T06:50:37-07:00" level=info msg="Tool required for debug" tool="esp32:mkspiffs@0.2.3"
time="2025-08-13T06:50:37-07:00" level=info msg="Tool required for debug" tool="esp32:openocd-esp32@v0.12.0-esp32-20250422"
time="2025-08-13T06:50:37-07:00" level=info msg="Tool required for debug" tool="esp32:riscv32-esp-elf-gdb@16.2_20250324"
time="2025-08-13T06:50:37-07:00" level=info msg="Tool required for debug" tool="esp32:xtensa-esp-elf-gdb@16.2_20250324"
time="2025-08-13T06:50:37-07:00" level=info msg="Tool required for debug" tool="builtin:dfu-discovery@0.1.2"
time="2025-08-13T06:50:37-07:00" level=info msg="Tool required for debug" tool="arduino:arduinoOTA@1.3.0"
time="2025-08-13T06:50:37-07:00" level=info msg="Tool required for debug" tool="builtin:serial-monitor@0.15.0"
time="2025-08-13T06:50:37-07:00" level=info msg="Tool required for debug" tool="arduino:avrdude@6.3.0-arduino17"
time="2025-08-13T06:50:37-07:00" level=info msg="Tool required for debug" tool="builtin:ctags@5.8-arduino11"
time="2025-08-13T06:50:37-07:00" level=info msg="Tool required for debug" tool="builtin:serial-discovery@1.4.1"
time="2025-08-13T06:50:37-07:00" level=info msg="Tool required for debug" tool="arduino:avr-gcc@7.3.0-atmel3.6.1-arduino7"
time="2025-08-13T06:50:37-07:00" level=info msg="Tool required for debug" tool="builtin:mdns-discovery@1.0.9"
2025-08-13 06:50:37 2025-08-13T13:50:37.360Z monitor-service INFO No port configuration changes have been detected. No need to send configure commands to the running monitor serial:/dev/ttyACM0.
2025-08-13 06:50:37 2025-08-13T13:50:37.549Z monitor-service INFO No port configuration changes have been detected. No need to send configure commands to the running monitor serial:/dev/ttyACM0.
2025-08-13 06:50:37 Update for version 2.3.6 is not available (latest version: 2.3.6, downgrade is allowed).
2025-08-13 06:50:37 2025-08-13T13:50:37.680Z daemon INFO time="2025-08-13T06:50:37-07:00" level=info msg="Adding libraries dir" dir=/home/aaron/.arduino15/libraries isSingleLibrary=false location=ide
2025-08-13 06:50:37 2025-08-13T13:50:37.680Z daemon INFO time="2025-08-13T06:50:37-07:00" level=info msg="Adding libraries dir" dir=/home/aaron/.arduino15/packages/esp32/hardware/esp32/3.3.0/libraries isSingleLibrary=false location=platform
time="2025-08-13T06:50:37-07:00" level=info msg="Adding libraries dir" dir=/home/aaron/Arduino/libraries isSingleLibrary=false location=user
2025-08-13 06:50:39 2025-08-13T13:50:39.447Z daemon INFO time="2025-08-13T06:50:39-07:00" level=info msg="Resolving include TinyGPSPlus.h for arch esp32"
time="2025-08-13T06:50:39-07:00" level=info msg="  found better lib" lib=TinyGPSPlus-ESP32 prio=521
time="2025-08-13T06:50:39-07:00" level=info msg="  discarded" lib=TinyGPSPlusPlus prio=517
2025-08-13 06:50:40 2025-08-13T13:50:40.098Z daemon INFO time="2025-08-13T06:50:40-07:00" level=info msg="Resolving include WiFi.h for arch esp32"
time="2025-08-13T06:50:40-07:00" level=info msg="  found better lib" lib=WiFi prio=6B0
2025-08-13 06:50:40 2025-08-13T13:50:40.777Z daemon INFO time="2025-08-13T06:50:40-07:00" level=info msg="Resolving include Network.h for arch esp32"
time="2025-08-13T06:50:40-07:00" level=info msg="  found better lib" lib=Networking prio=64C
2025-08-13 06:50:41 2025-08-13T13:50:41.783Z daemon INFO time="2025-08-13T06:50:41-07:00" level=info msg="Resolving include BLEDevice.h for arch esp32"
time="2025-08-13T06:50:41-07:00" level=info msg="  found better lib" lib=BLE prio=3F4
2025-08-13 06:50:43 2025-08-13T13:50:43.271Z root INFO Serving serial plotter on http://localhost:40251/plotter?darkTheme=false&serialPort=%2Fdev%2FttyACM0&wsPort=32805
2025-08-13 06:51:23 2025-08-13T13:51:23.615Z daemon INFO time="2025-08-13T06:51:23-07:00" level=info msg="Adding libraries dir" dir=/home/aaron/.arduino15/libraries isSingleLibrary=false location=ide
time="2025-08-13T06:51:23-07:00" level=info msg="Adding libraries dir" dir=/home/aaron/.arduino15/packages/esp32/hardware/esp32/3.3.0/libraries isSingleLibrary=false location=platform
time="2025-08-13T06:51:23-07:00" level=info msg="Adding libraries dir" dir=/home/aaron/Arduino/libraries isSingleLibrary=false location=user
2025-08-13 08:58:45 2025-08-13T15:58:45.834Z daemon INFO time="2025-08-13T08:58:45-07:00" level=info msg="sending command" command=CLOSE monitor=serial-monitor
2025-08-13 08:58:45 2025-08-13T15:58:45.834Z daemon INFO time="2025-08-13T08:58:45-07:00" level=info msg="received message" error=true event_type=port_closed message="readfrom tcp 127.0.0.1:53692->127.0.0.1:40115: Port has been closed" monitor=serial-monitor
time="2025-08-13T08:58:45-07:00" level=info msg="monitor port has been closed externally" monitor=serial-monitor
time="2025-08-13T08:58:45-07:00" level=info msg="received message" error=true event_type=close message="port already closed" monitor=serial-monitor
2025-08-13 08:58:45 2025-08-13T15:58:45.837Z discovery-log INFO {"eventType":"remove","port":{"matchingBoardsList":[],"port":{"address":"/dev/ttyACM0","label":"","protocol":"serial","protocolLabel":"","propertiesMap":[],"hardwareId":""}},"error":""}
2025-08-13 08:58:45 2025-08-13T15:58:45.837Z daemon INFO time="2025-08-13T08:58:45-07:00" level=info msg="sending command" command=QUIT monitor=serial-monitor
time="2025-08-13T08:58:45-07:00" level=info msg="received message" error=false event_type=quit message=OK monitor=serial-monitor
time="2025-08-13T08:58:45-07:00" level=info msg="Killing monitor process" monitor=serial-monitor
time="2025-08-13T08:58:45-07:00" level=error msg="stopped decode loop: EOF" monitor=serial-monitor
time="2025-08-13T08:58:45-07:00" level=info msg="Monitor process killed" monitor=serial-monitor
2025-08-13 08:58:45 2025-08-13T15:58:45.838Z monitor-service INFO monitor to /dev/ttyACM0 using serial closed by server
2025-08-13 08:58:50 2025-08-13T15:58:50.248Z discovery-log INFO {"eventType":"add","port":{"matchingBoardsList":[{"name":"ESP32 Family Device","fqbn":"esp32:esp32:esp32_family","isHidden":true}],"port":{"address":"/dev/ttyACM0","label":"/dev/ttyACM0","protocol":"serial","protocolLabel":"Serial Port (USB)","propertiesMap":[["pid","0x1001"],["serialNumber","94:A9:90:77:71:34"],["vid","0x303a"]],"hardwareId":"94:A9:90:77:71:34"}},"error":""}
2025-08-13 08:58:50 2025-08-13T15:58:50.356Z monitor-service WARN monitor to /dev/ttyACM0 using serial already stopped
2025-08-13 08:58:50 2025-08-13T15:58:50.494Z daemon INFO time="2025-08-13T08:58:50-07:00" level=info msg="Starting monitor process" monitor=serial-monitor
2025-08-13 08:58:50 2025-08-13T15:58:50.495Z daemon INFO time="2025-08-13T08:58:50-07:00" level=info msg="Monitor process started successfully!" monitor=serial-monitor
time="2025-08-13T08:58:50-07:00" level=info msg="sending command" command="HELLO 1 \"arduino-cli 1.2.0\"" monitor=serial-monitor
2025-08-13 08:58:50 2025-08-13T15:58:50.498Z daemon INFO time="2025-08-13T08:58:50-07:00" level=info msg="received message" error=false event_type=hello message=OK monitor=serial-monitor
2025-08-13 08:58:50 2025-08-13T15:58:50.498Z daemon INFO time="2025-08-13T08:58:50-07:00" level=info msg="sending command" command=DESCRIBE monitor=serial-monitor
2025-08-13 08:58:50 2025-08-13T15:58:50.498Z daemon INFO time="2025-08-13T08:58:50-07:00" level=info msg="received message" error=false event_type=describe message=OK monitor=serial-monitor
2025-08-13 08:58:50 2025-08-13T15:58:50.499Z daemon INFO time="2025-08-13T08:58:50-07:00" level=info msg="sending command" command=QUIT monitor=serial-monitor
2025-08-13 08:58:50 2025-08-13T15:58:50.499Z daemon INFO time="2025-08-13T08:58:50-07:00" level=info msg="received message" error=false event_type=quit message=OK monitor=serial-monitor
time="2025-08-13T08:58:50-07:00" level=info msg="Killing monitor process" monitor=serial-monitor
2025-08-13 08:58:50 2025-08-13T15:58:50.499Z daemon INFO time="2025-08-13T08:58:50-07:00" level=error msg="stopped decode loop: EOF" monitor=serial-monitor
2025-08-13 08:58:50 2025-08-13T15:58:50.499Z daemon INFO time="2025-08-13T08:58:50-07:00" level=info msg="Monitor process killed" monitor=serial-monitor
2025-08-13 08:58:50 2025-08-13T15:58:50.567Z monitor-service INFO starting monitor
2025-08-13 08:58:50 2025-08-13T15:58:50.570Z daemon INFO time="2025-08-13T08:58:50-07:00" level=info msg="Starting monitor process" monitor=serial-monitor
2025-08-13 08:58:50 2025-08-13T15:58:50.571Z daemon INFO time="2025-08-13T08:58:50-07:00" level=info msg="Monitor process started successfully!" monitor=serial-monitor
time="2025-08-13T08:58:50-07:00" level=info msg="sending command" command="HELLO 1 \"arduino-cli 1.2.0\"" monitor=serial-monitor
2025-08-13 08:58:50 2025-08-13T15:58:50.573Z daemon INFO time="2025-08-13T08:58:50-07:00" level=info msg="received message" error=false event_type=hello message=OK monitor=serial-monitor
time="2025-08-13T08:58:50-07:00" level=info msg="sending command" command=DESCRIBE monitor=serial-monitor
2025-08-13 08:58:50 2025-08-13T15:58:50.574Z daemon INFO time="2025-08-13T08:58:50-07:00" level=info msg="received message" error=false event_type=describe message=OK monitor=serial-monitor
2025-08-13 08:58:50 2025-08-13T15:58:50.574Z daemon INFO time="2025-08-13T08:58:50-07:00" level=info msg="sending command" command=QUIT monitor=serial-monitor
2025-08-13 08:58:50 2025-08-13T15:58:50.574Z daemon INFO time="2025-08-13T08:58:50-07:00" level=info msg="received message" error=false event_type=quit message=OK monitor=serial-monitor
time="2025-08-13T08:58:50-07:00" level=info msg="Killing monitor process" monitor=serial-monitor
2025-08-13 08:58:50 2025-08-13T15:58:50.575Z daemon INFO time="2025-08-13T08:58:50-07:00" level=error msg="stopped decode loop: EOF" monitor=serial-monitor
time="2025-08-13T08:58:50-07:00" level=info msg="Monitor process killed" monitor=serial-monitor
2025-08-13 08:58:50 2025-08-13T15:58:50.580Z daemon INFO time="2025-08-13T08:58:50-07:00" level=info msg="Starting monitor process" monitor=serial-monitor
2025-08-13 08:58:50 2025-08-13T15:58:50.581Z daemon INFO time="2025-08-13T08:58:50-07:00" level=info msg="Monitor process started successfully!" monitor=serial-monitor
time="2025-08-13T08:58:50-07:00" level=info msg="sending command" command="HELLO 1 \"arduino-cli 1.2.0\"" monitor=serial-monitor
2025-08-13 08:58:50 2025-08-13T15:58:50.583Z daemon INFO time="2025-08-13T08:58:50-07:00" level=info msg="received message" error=false event_type=hello message=OK monitor=serial-monitor
time="2025-08-13T08:58:50-07:00" level=info msg="sending command" command=DESCRIBE monitor=serial-monitor
2025-08-13 08:58:50 2025-08-13T15:58:50.583Z daemon INFO time="2025-08-13T08:58:50-07:00" level=info msg="received message" error=false event_type=describe message=OK monitor=serial-monitor
time="2025-08-13T08:58:50-07:00" level=info msg="sending command" command="CONFIGURE rts on" monitor=serial-monitor
2025-08-13 08:58:50 2025-08-13T15:58:50.583Z daemon INFO time="2025-08-13T08:58:50-07:00" level=info msg="received message" error=false event_type=configure message=OK monitor=serial-monitor
time="2025-08-13T08:58:50-07:00" level=info msg="sending command" command="CONFIGURE stop_bits 1" monitor=serial-monitor
2025-08-13 08:58:50 2025-08-13T15:58:50.583Z daemon INFO time="2025-08-13T08:58:50-07:00" level=info msg="received message" error=false event_type=configure message=OK monitor=serial-monitor
2025-08-13 08:58:50 2025-08-13T15:58:50.583Z daemon INFO time="2025-08-13T08:58:50-07:00" level=info msg="sending command" command="CONFIGURE baudrate 115200" monitor=serial-monitor
time="2025-08-13T08:58:50-07:00" level=info msg="received message" error=false event_type=configure message=OK monitor=serial-monitor
time="2025-08-13T08:58:50-07:00" level=info msg="sending command" command="CONFIGURE bits 8" monitor=serial-monitor
2025-08-13 08:58:50 2025-08-13T15:58:50.584Z daemon INFO time="2025-08-13T08:58:50-07:00" level=info msg="received message" error=false event_type=configure message=OK monitor=serial-monitor
time="2025-08-13T08:58:50-07:00" level=info msg="sending command" command="CONFIGURE dtr on" monitor=serial-monitor
2025-08-13 08:58:50 2025-08-13T15:58:50.584Z daemon INFO time="2025-08-13T08:58:50-07:00" level=info msg="received message" error=false event_type=configure message=OK monitor=serial-monitor
2025-08-13 08:58:50 2025-08-13T15:58:50.584Z daemon INFO time="2025-08-13T08:58:50-07:00" level=info msg="sending command" command="CONFIGURE parity none" monitor=serial-monitor
time="2025-08-13T08:58:50-07:00" level=info msg="received message" error=false event_type=configure message=OK monitor=serial-monitor
2025-08-13 08:58:50 2025-08-13T15:58:50.584Z daemon INFO time="2025-08-13T08:58:50-07:00" level=info msg="sending command" command="OPEN 127.0.0.1:41959 /dev/ttyACM0" monitor=serial-monitor
2025-08-13 08:58:50 2025-08-13T15:58:50.584Z daemon INFO time="2025-08-13T08:58:50-07:00" level=info msg="received message" error=false event_type=open message=OK monitor=serial-monitor
time="2025-08-13T08:58:50-07:00" level=info msg="Port /dev/ttyACM0 successfully opened"
2025-08-13 08:58:50 2025-08-13T15:58:50.585Z monitor-service INFO Using port configuration for serial:/dev/ttyACM0: {"settingsList":[{"settingId":"rts","value":"on"},{"settingId":"stop_bits","value":"1"},{"settingId":"baudrate","value":"115200"},{"settingId":"bits","value":"8"},{"settingId":"dtr","value":"on"},{"settingId":"parity","value":"none"}]}
2025-08-13 08:58:50 2025-08-13T15:58:50.585Z monitor-service INFO started monitor to /dev/ttyACM0 using serial
2025-08-13 08:58:50 2025-08-13T15:58:50.587Z monitor-service INFO No port configuration changes have been detected. No need to send configure commands to the running monitor serial:/dev/ttyACM0.
2025-08-13 08:59:07 2025-08-13T15:59:07.735Z daemon INFO time="2025-08-13T08:59:07-07:00" level=info msg="Adding libraries dir" dir=/home/aaron/.arduino15/libraries isSingleLibrary=false location=ide
time="2025-08-13T08:59:07-07:00" level=info msg="Adding libraries dir" dir=/home/aaron/.arduino15/packages/esp32/hardware/esp32/3.3.0/libraries isSingleLibrary=false location=platform
2025-08-13 08:59:07 2025-08-13T15:59:07.735Z daemon INFO time="2025-08-13T08:59:07-07:00" level=info msg="Adding libraries dir" dir=/home/aaron/Arduino/libraries isSingleLibrary=false location=user
2025-08-13 08:59:09 2025-08-13T15:59:09.054Z daemon INFO time="2025-08-13T08:59:09-07:00" level=info msg="Resolving include TinyGPSPlus.h for arch esp32"
time="2025-08-13T08:59:09-07:00" level=info msg="  found better lib" lib=TinyGPSPlus-ESP32 prio=521
time="2025-08-13T08:59:09-07:00" level=info msg="  discarded" lib=TinyGPSPlusPlus prio=517
2025-08-13 08:59:09 2025-08-13T15:59:09.661Z daemon INFO time="2025-08-13T08:59:09-07:00" level=info msg="Resolving include WiFi.h for arch esp32"
time="2025-08-13T08:59:09-07:00" level=info msg="  found better lib" lib=WiFi prio=6B0
2025-08-13 08:59:10 2025-08-13T15:59:10.237Z daemon INFO time="2025-08-13T08:59:10-07:00" level=info msg="Resolving include Network.h for arch esp32"
2025-08-13 08:59:10 2025-08-13T15:59:10.237Z daemon INFO time="2025-08-13T08:59:10-07:00" level=info msg="  found better lib" lib=Networking prio=64C
2025-08-13 08:59:11 2025-08-13T15:59:11.174Z daemon INFO time="2025-08-13T08:59:11-07:00" level=info msg="Resolving include BLEDevice.h for arch esp32"
time="2025-08-13T08:59:11-07:00" level=info msg="  found better lib" lib=BLE prio=3F4
2025-08-13 08:59:51 2025-08-13T15:59:51.117Z root INFO compiler-errors Current error changed to d;43
2025-08-13 09:00:17 2025-08-13T16:00:17.269Z root INFO creating connection for 4
2025-08-13 09:00:18 2025-08-13T16:00:18.181Z root ERROR TypeError: Cannot read properties of null (reading 'getCurrentKeyboardLayout')
    at r.getCurrentKeyboardLayout (/nix/store/2d5i1bzbqbnl4rgnhk8czrw5zmqqjdzv-arduino-ide-2.3.6-extracted/resources/app/lib/backend/main.js:2:4537759)
    at t.getCurrentKeyboardLayout (/nix/store/2d5i1bzbqbnl4rgnhk8czrw5zmqqjdzv-arduino-ide-2.3.6-extracted/resources/app/lib/backend/main.js:2:4538141)
    at s.getNativeLayoutSync (/nix/store/2d5i1bzbqbnl4rgnhk8czrw5zmqqjdzv-arduino-ide-2.3.6-extracted/resources/app/lib/backend/main.js:2:1830040)
    at s.getNativeLayout (/nix/store/2d5i1bzbqbnl4rgnhk8czrw5zmqqjdzv-arduino-ide-2.3.6-extracted/resources/app/lib/backend/main.js:2:1829981)
    at u.onRequest (/nix/store/2d5i1bzbqbnl4rgnhk8czrw5zmqqjdzv-arduino-ide-2.3.6-extracted/resources/app/lib/backend/main.js:2:4942964)
    at c.requestHandler (/nix/store/2d5i1bzbqbnl4rgnhk8czrw5zmqqjdzv-arduino-ide-2.3.6-extracted/resources/app/lib/backend/main.js:2:4942783)
    at c.handleRequest (/nix/store/2d5i1bzbqbnl4rgnhk8czrw5zmqqjdzv-arduino-ide-2.3.6-extracted/resources/app/lib/backend/main.js:2:524486)
    at c.handleMessage (/nix/store/2d5i1bzbqbnl4rgnhk8czrw5zmqqjdzv-arduino-ide-2.3.6-extracted/resources/app/lib/backend/main.js:2:522388)
    at /nix/store/2d5i1bzbqbnl4rgnhk8czrw5zmqqjdzv-arduino-ide-2.3.6-extracted/resources/app/lib/backend/main.js:2:522022
    at /nix/store/2d5i1bzbqbnl4rgnhk8czrw5zmqqjdzv-arduino-ide-2.3.6-extracted/resources/app/lib/backend/main.js:2:6419737
2025-08-13 09:00:18 2025-08-13T16:00:18.181Z root ERROR TypeError: Cannot read properties of null (reading 'getKeyMap')
    at r.getKeyMap (/nix/store/2d5i1bzbqbnl4rgnhk8czrw5zmqqjdzv-arduino-ide-2.3.6-extracted/resources/app/lib/backend/main.js:2:4537620)
    at t.getKeyMap (/nix/store/2d5i1bzbqbnl4rgnhk8czrw5zmqqjdzv-arduino-ide-2.3.6-extracted/resources/app/lib/backend/main.js:2:4538201)
    at s.getNativeLayoutSync (/nix/store/2d5i1bzbqbnl4rgnhk8czrw5zmqqjdzv-arduino-ide-2.3.6-extracted/resources/app/lib/backend/main.js:2:1830077)
    at s.getNativeLayout (/nix/store/2d5i1bzbqbnl4rgnhk8czrw5zmqqjdzv-arduino-ide-2.3.6-extracted/resources/app/lib/backend/main.js:2:1829981)
    at u.onRequest (/nix/store/2d5i1bzbqbnl4rgnhk8czrw5zmqqjdzv-arduino-ide-2.3.6-extracted/resources/app/lib/backend/main.js:2:4942964)
    at c.requestHandler (/nix/store/2d5i1bzbqbnl4rgnhk8czrw5zmqqjdzv-arduino-ide-2.3.6-extracted/resources/app/lib/backend/main.js:2:4942783)
    at c.handleRequest (/nix/store/2d5i1bzbqbnl4rgnhk8czrw5zmqqjdzv-arduino-ide-2.3.6-extracted/resources/app/lib/backend/main.js:2:524486)
    at c.handleMessage (/nix/store/2d5i1bzbqbnl4rgnhk8czrw5zmqqjdzv-arduino-ide-2.3.6-extracted/resources/app/lib/backend/main.js:2:522388)
    at /nix/store/2d5i1bzbqbnl4rgnhk8czrw5zmqqjdzv-arduino-ide-2.3.6-extracted/resources/app/lib/backend/main.js:2:522022
    at /nix/store/2d5i1bzbqbnl4rgnhk8czrw5zmqqjdzv-arduino-ide-2.3.6-extracted/resources/app/lib/backend/main.js:2:6419737
2025-08-13 09:00:18 2025-08-13T16:00:18.181Z root WARN A command editor.action.toggleStickyScroll is already registered.
2025-08-13 09:00:18 Opening channel for service path '/services/electron-window'.
2025-08-13 09:00:18 Opening channel for service path '/services/ide-updater'.
2025-08-13 09:00:18 2025-08-13T16:00:18.298Z root INFO Start frontend contributions: 271.1 ms [Finished 1.735 s after frontend start]
2025-08-13 09:00:18 2025-08-13T16:00:18.299Z root INFO Changed application state from 'init' to 'started_contributions'.
2025-08-13 09:00:18 2025-08-13T16:00:18.307Z root INFO Changed application state from 'started_contributions' to 'attached_shell'.
2025-08-13 09:00:18 2025-08-13T16:00:18.308Z root INFO >>> Restoring the layout state...
2025-08-13 09:00:18 2025-08-13T16:00:18.355Z root INFO [1b4dfe52-491a-46ea-bd33-e851888aea66] Waiting for backend deployment: 76.7 ms [Finished 1.806 s after frontend start]
2025-08-13 09:00:18 2025-08-13T16:00:18.605Z root INFO ------- SERIALIZED LAYOUT DATA -------
2025-08-13 09:00:18 2025-08-13T16:00:18.605Z root INFO {"version":5,"mainPanel":{"main":{"type":"tab-area","widgets":[{"constructionOptions":{"factoryId":"code-editor-opener","options":{"counter":0,"kind":"navigatable","uri":"file:///home/aaron/Arduino/slave_working/slave/slave.ino"}},"innerWidgetState":"{\"cursorState\":[{\"inSelectionMode\":false,\"selectionStart\":{\"lineNumber\":1,\"column\":21},\"position\":{\"lineNumber\":1,\"column\":21}}],\"viewState\":{\"scrollLeft\":0,\"firstPosition\":{\"lineNumber\":1,\"column\":1},\"firstPositionDeltaTop\":0},\"contributionsState\":{\"editor.contrib.folding\":{\"lineCount\":145,\"provider\":\"indent\",\"foldedImports\":false},\"editor.contrib.wordHighlighter\":false}}"}],"currentIndex":0}},"mainPanelPinned":[false],"bottomPanel":{"config":{"main":{"type":"tab-area","widgets":[{"constructionOptions":{"factoryId":"serial-monitor"}},{"constructionOptions":{"factoryId":"outputView"},"innerWidgetState":"{\"locked\":false}"}],"currentIndex":0}},"pinned":[false,false],"size":301,"expanded":true},"leftPanel":{"type":"sidepanel","items":[{"widget":{"constructionOptions":{"factoryId":"arduino-sketchbook-widget"}},"rank":1,"expanded":false,"pinned":false},{"widget":{"constructionOptions":{"factoryId":"boards-list-widget"}},"rank":2,"expanded":false,"pinned":false},{"widget":{"constructionOptions":{"factoryId":"library-list-widget"}},"rank":3,"expanded":false,"pinned":false},{"widget":{"constructionOptions":{"factoryId":"debug"},"innerWidgetState":"{\"parts\":[{\"partId\":\"debug:threads:-1\",\"collapsed\":false,\"hidden\":false,\"originalContainerId\":\"debug:view-container:-1\",\"originalContainerTitle\":{\"label\":\"debug\",\"iconClass\":\"codicon codicon-debug-alt\",\"closeable\":true},\"widget\":{\"constructionOptions\":{\"factoryId\":\"debug:threads\"},\"innerWidgetState\":\"{}\"}},{\"partId\":\"debug:frames:-1\",\"collapsed\":false,\"hidden\":false,\"originalContainerId\":\"debug:view-container:-1\",\"originalContainerTitle\":{\"label\":\"debug\",\"iconClass\":\"codicon codicon-debug-alt\",\"closeable\":true},\"widget\":{\"constructionOptions\":{\"factoryId\":\"debug:frames\"},\"innerWidgetState\":\"{}\"}},{\"partId\":\"debug:variables:-1\",\"collapsed\":false,\"hidden\":false,\"originalContainerId\":\"debug:view-container:-1\",\"originalContainerTitle\":{\"label\":\"debug\",\"iconClass\":\"codicon codicon-debug-alt\",\"closeable\":true},\"widget\":{\"constructionOptions\":{\"factoryId\":\"debug:variables\"},\"innerWidgetState\":\"{}\"}},{\"partId\":\"debug:watch:-1\",\"collapsed\":false,\"hidden\":false,\"originalContainerId\":\"debug:view-container:-1\",\"originalContainerTitle\":{\"label\":\"debug\",\"iconClass\":\"codicon codicon-debug-alt\",\"closeable\":true},\"widget\":{\"constructionOptions\":{\"factoryId\":\"debug:watch\"},\"innerWidgetState\":\"{}\"}},{\"partId\":\"debug:breakpoints:-1\",\"collapsed\":false,\"hidden\":false,\"originalContainerId\":\"debug:view-container:-1\",\"originalContainerTitle\":{\"label\":\"debug\",\"iconClass\":\"codicon codicon-debug-alt\",\"closeable\":true},\"widget\":{\"constructionOptions\":{\"factoryId\":\"debug:breakpoints\"},\"innerWidgetState\":\"{}\"}},{\"partId\":\"plugin-view:cortex-debug.peripherals\",\"collapsed\":true,\"hidden\":true,\"originalContainerId\":\"debug:view-container:-1\",\"originalContainerTitle\":{\"label\":\"debug\",\"iconClass\":\"codicon codicon-debug-alt\",\"closeable\":true},\"widget\":{\"constructionOptions\":{\"factoryId\":\"plugin-view\",\"options\":{\"id\":\"plugin-view:cortex-debug.peripherals\",\"viewId\":\"cortex-debug.peripherals\"}},\"innerWidgetState\":\"{\\\"label\\\":\\\"Cortex Peripherals\\\",\\\"widgets\\\":[],\\\"suppressUpdateViewVisibility\\\":false,\\\"currentViewContainerId\\\":\\\"debug\\\"}\"}},{\"partId\":\"plugin-view:cortex-debug.registers\",\"collapsed\":true,\"hidden\":true,\"originalContainerId\":\"debug:view-container:-1\",\"originalContainerTitle\":{\"label\":\"debug\",\"iconClass\":\"codicon codicon-debug-alt\",\"closeable\":true},\"widget\":{\"constructionOptions\":{\"factoryId\":\"plugin-view\",\"options\":{\"id\":\"plugin-view:cortex-debug.registers\",\"viewId\":\"cortex-debug.registers\"}},\"innerWidgetState\":\"{\\\"label\\\":\\\"Cortex Registers\\\",\\\"widgets\\\":[],\\\"suppressUpdateViewVisibility\\\":false,\\\"currentViewContainerId\\\":\\\"debug\\\"}\"}}],\"title\":{\"label\":\"debug\",\"iconClass\":\"codicon codicon-debug-alt\",\"closeable\":true}}"},"rank":4,"expanded":false,"pinned":false},{"widget":{"constructionOptions":{"factoryId":"search-view-container"},"innerWidgetState":"{\"parts\":[{\"partId\":\"search-in-workspace\",\"collapsed\":false,\"hidden\":false,\"originalContainerId\":\"search-view-container\",\"originalContainerTitle\":{\"label\":\"Search\",\"iconClass\":\"codicon codicon-search\",\"closeable\":true},\"widget\":{\"constructionOptions\":{\"factoryId\":\"search-in-workspace\"},\"innerWidgetState\":\"{\\\"matchCaseState\\\":{\\\"className\\\":\\\"codicon codicon-case-sensitive\\\",\\\"enabled\\\":false,\\\"title\\\":\\\"Match Case\\\"},\\\"wholeWordState\\\":{\\\"className\\\":\\\"codicon codicon-whole-word\\\",\\\"enabled\\\":false,\\\"title\\\":\\\"Match Whole Word\\\"},\\\"regExpState\\\":{\\\"className\\\":\\\"codicon codicon-regex\\\",\\\"enabled\\\":false,\\\"title\\\":\\\"Use Regular Expression\\\"},\\\"includeIgnoredState\\\":{\\\"className\\\":\\\"codicon codicon-eye\\\",\\\"enabled\\\":false,\\\"title\\\":\\\"Include Ignored Files\\\"},\\\"showSearchDetails\\\":false,\\\"searchInWorkspaceOptions\\\":{\\\"matchCase\\\":false,\\\"matchWholeWord\\\":false,\\\"useRegExp\\\":false,\\\"multiline\\\":false,\\\"includeIgnored\\\":false,\\\"include\\\":[],\\\"exclude\\\":[],\\\"maxResults\\\":2000},\\\"searchTerm\\\":\\\"\\\",\\\"replaceTerm\\\":\\\"\\\",\\\"showReplaceField\\\":false,\\\"searchHistoryState\\\":{\\\"history\\\":[],\\\"index\\\":0},\\\"replaceHistoryState\\\":{\\\"history\\\":[],\\\"index\\\":0},\\\"includeHistoryState\\\":{\\\"history\\\":[],\\\"index\\\":0},\\\"excludeHistoryState\\\":{\\\"history\\\":[],\\\"index\\\":0}}\"}}],\"title\":{\"label\":\"Search\",\"iconClass\":\"fa fa-arduino-search\",\"closeable\":true}}"},"rank":5,"expanded":false,"pinned":false}]},"rightPanel":{"type":"sidepanel","items":[]},"activeWidgetId":"serial-monitor"}
2025-08-13 09:00:18 2025-08-13T16:00:18.605Z root INFO ------- END SERIALIZED LAYOUT DATA -------
2025-08-13 09:00:19 2025-08-13T16:00:19.052Z root INFO [hosted-plugin: 7979] PLUGIN_HOST(7979) starting instance
[Object: null prototype] {}
2025-08-13 09:00:19 2025-08-13T16:00:19.825Z root INFO [1b4dfe52-491a-46ea-bd33-e851888aea66] Sync of 23 plugins: 1472.0 ms [Finished 3.278 s after frontend start]
2025-08-13 09:00:20 2025-08-13T16:00:20.095Z root INFO <<< The layout has been successfully restored.
2025-08-13 09:00:20 2025-08-13T16:00:20.177Z root INFO Initialize the workbench layout: 1787.6 ms [Finished 3.548 s after frontend start]
2025-08-13 09:00:20 2025-08-13T16:00:20.177Z root INFO Changed application state from 'attached_shell' to 'initialized_layout'.
2025-08-13 09:00:20 2025-08-13T16:00:20.178Z root INFO [1b4dfe52-491a-46ea-bd33-e851888aea66] Loading plugin contributions
2025-08-13 09:00:20 2025-08-13T16:00:20.178Z root INFO [1b4dfe52-491a-46ea-bd33-e851888aea66] Load contributions of 23 plugins: 78.5 ms [Finished 3.629 s after frontend start]
2025-08-13 09:00:20 2025-08-13T16:00:20.220Z root WARN 'cpp' language is remapped from 'source.cpp.embedded.macro' to 'source.cpp' scope
2025-08-13 09:00:20 2025-08-13T16:00:20.220Z root WARN a registered grammar configuration for 'cpp' language is overridden
2025-08-13 09:00:20 2025-08-13T16:00:20.331Z root ERROR [hosted-plugin: 7979] Conflict in settings file Default: Ignoring cortex-debug.armToolchainPath.linux as cortex-debug.armToolchainPath is null
2025-08-13 09:00:20 2025-08-13T16:00:20.331Z root ERROR [hosted-plugin: 7979] Conflict in settings file Default: Ignoring cortex-debug.armToolchainPath.osx as cortex-debug.armToolchainPath is null
2025-08-13 09:00:20 2025-08-13T16:00:20.332Z root ERROR [hosted-plugin: 7979] Conflict in settings file Default: Ignoring cortex-debug.armToolchainPath.windows as cortex-debug.armToolchainPath is null
2025-08-13 09:00:20 2025-08-13T16:00:20.332Z root ERROR [hosted-plugin: 7979] Conflict in settings file Default: Ignoring cortex-debug.JLinkGDBServerPath.linux as cortex-debug.JLinkGDBServerPath is null
2025-08-13 09:00:20 2025-08-13T16:00:20.332Z root ERROR [hosted-plugin: 7979] Conflict in settings file Default: Ignoring cortex-debug.JLinkGDBServerPath.osx as cortex-debug.JLinkGDBServerPath is null
2025-08-13 09:00:20 2025-08-13T16:00:20.332Z root ERROR [hosted-plugin: 7979] Conflict in settings file Default: Ignoring cortex-debug.JLinkGDBServerPath.windows as cortex-debug.JLinkGDBServerPath is null
2025-08-13 09:00:20 2025-08-13T16:00:20.332Z root ERROR [hosted-plugin: 7979] Conflict in settings file Default: Ignoring cortex-debug.openocdPath.linux as cortex-debug.openocdPath is null
2025-08-13 09:00:20 2025-08-13T16:00:20.332Z root ERROR [hosted-plugin: 7979] Conflict in settings file Default: Ignoring cortex-debug.openocdPath.osx as cortex-debug.openocdPath is null
2025-08-13 09:00:20 2025-08-13T16:00:20.332Z root ERROR [hosted-plugin: 7979] Conflict in settings file Default: Ignoring cortex-debug.openocdPath.windows as cortex-debug.openocdPath is null
2025-08-13 09:00:20 2025-08-13T16:00:20.332Z root ERROR [hosted-plugin: 7979] Conflict in settings file Default: Ignoring cortex-debug.pyocdPath.linux as cortex-debug.pyocdPath is null
2025-08-13 09:00:20 2025-08-13T16:00:20.332Z root ERROR [hosted-plugin: 7979] Conflict in settings file Default: Ignoring cortex-debug.pyocdPath.osx as cortex-debug.pyocdPath is null
Conflict in settings file Default: Ignoring cortex-debug.pyocdPath.windows as cortex-debug.pyocdPath is null
2025-08-13 09:00:20 2025-08-13T16:00:20.332Z root ERROR [hosted-plugin: 7979] Conflict in settings file Default: Ignoring cortex-debug.PEGDBServerPath.linux as cortex-debug.PEGDBServerPath is null
Conflict in settings file Default: Ignoring cortex-debug.PEGDBServerPath.osx as cortex-debug.PEGDBServerPath is null
2025-08-13 09:00:20 2025-08-13T16:00:20.332Z root ERROR [hosted-plugin: 7979] Conflict in settings file Default: Ignoring cortex-debug.PEGDBServerPath.windows as cortex-debug.PEGDBServerPath is null
Conflict in settings file Default: Ignoring cortex-debug.stutilPath.linux as cortex-debug.stutilPath is null
Conflict in settings file Default: Ignoring cortex-debug.stutilPath.osx as cortex-debug.stutilPath is null
2025-08-13 09:00:20 2025-08-13T16:00:20.332Z root ERROR [hosted-plugin: 7979] Conflict in settings file Default: Ignoring cortex-debug.stutilPath.windows as cortex-debug.stutilPath is null
Conflict in settings file Default: Ignoring cortex-debug.stlinkPath.linux as cortex-debug.stlinkPath is null
2025-08-13 09:00:20 2025-08-13T16:00:20.332Z root ERROR [hosted-plugin: 7979] Conflict in settings file Default: Ignoring cortex-debug.stlinkPath.osx as cortex-debug.stlinkPath is null
Conflict in settings file Default: Ignoring cortex-debug.stlinkPath.windows as cortex-debug.stlinkPath is null
Conflict in settings file Default: Ignoring cortex-debug.stm32cubeprogrammer.linux as cortex-debug.stm32cubeprogrammer is null
Conflict in settings file Default: Ignoring cortex-debug.stm32cubeprogrammer.osx as cortex-debug.stm32cubeprogrammer is null
2025-08-13 09:00:20 2025-08-13T16:00:20.333Z root ERROR [hosted-plugin: 7979] Conflict in settings file Default: Ignoring cortex-debug.stm32cubeprogrammer.windows as cortex-debug.stm32cubeprogrammer is null
2025-08-13 09:00:20 2025-08-13T16:00:20.349Z root INFO [hosted-plugin: 7979] PLUGIN_HOST(7979): PluginManagerExtImpl/init()
2025-08-13 09:00:20 2025-08-13T16:00:20.353Z root INFO [hosted-plugin: 7979] PLUGIN_HOST(7979): initializing(vscode-arduino-api@0.1.2 with /nix/store/2d5i1bzbqbnl4rgnhk8czrw5zmqqjdzv-arduino-ide-2.3.6-extracted/resources/app/lib/backend/plugin-vscode-init)
2025-08-13 09:00:20 2025-08-13T16:00:20.446Z root INFO [hosted-plugin: 7979] PLUGIN_HOST(7979): initializing(json-language-features@1.88.1 with /nix/store/2d5i1bzbqbnl4rgnhk8czrw5zmqqjdzv-arduino-ide-2.3.6-extracted/resources/app/lib/backend/plugin-vscode-init)
2025-08-13 09:00:20 2025-08-13T16:00:20.451Z root INFO [hosted-plugin: 7979] PLUGIN_HOST(7979): initializing(cortex-debug@1.5.1 with /nix/store/2d5i1bzbqbnl4rgnhk8czrw5zmqqjdzv-arduino-ide-2.3.6-extracted/resources/app/lib/backend/plugin-vscode-init)
2025-08-13 09:00:20 2025-08-13T16:00:20.451Z root INFO [hosted-plugin: 7979] Debugger contribution has been registered: cortex-debug
2025-08-13 09:00:20 2025-08-13T16:00:20.453Z root INFO [hosted-plugin: 7979] PLUGIN_HOST(7979): initializing(vscode-arduino-tools@0.1.3 with /nix/store/2d5i1bzbqbnl4rgnhk8czrw5zmqqjdzv-arduino-ide-2.3.6-extracted/resources/app/lib/backend/plugin-vscode-init)
2025-08-13 09:00:20 2025-08-13T16:00:20.455Z root INFO [hosted-plugin: 7979] PLUGIN_HOST(7979): initializing(cpp@1.88.1 with /nix/store/2d5i1bzbqbnl4rgnhk8czrw5zmqqjdzv-arduino-ide-2.3.6-extracted/resources/app/lib/backend/plugin-vscode-init)
2025-08-13 09:00:20 2025-08-13T16:00:20.456Z root INFO [hosted-plugin: 7979] PLUGIN_HOST(7979): initializing(json@1.88.1 with /nix/store/2d5i1bzbqbnl4rgnhk8czrw5zmqqjdzv-arduino-ide-2.3.6-extracted/resources/app/lib/backend/plugin-vscode-init)
2025-08-13 09:00:20 2025-08-13T16:00:20.458Z root INFO [hosted-plugin: 7979] PLUGIN_HOST(7979): initializing(vscode-language-pack-bg@1.48.3 with /nix/store/2d5i1bzbqbnl4rgnhk8czrw5zmqqjdzv-arduino-ide-2.3.6-extracted/resources/app/lib/backend/plugin-vscode-init)
2025-08-13 09:00:20 2025-08-13T16:00:20.463Z root INFO [hosted-plugin: 7979] PLUGIN_HOST(7979): initializing(vscode-language-pack-cs@1.96.0 with /nix/store/2d5i1bzbqbnl4rgnhk8czrw5zmqqjdzv-arduino-ide-2.3.6-extracted/resources/app/lib/backend/plugin-vscode-init)
2025-08-13 09:00:20 2025-08-13T16:00:20.464Z root INFO [hosted-plugin: 7979] PLUGIN_HOST(7979): initializing(vscode-language-pack-de@1.96.0 with /nix/store/2d5i1bzbqbnl4rgnhk8czrw5zmqqjdzv-arduino-ide-2.3.6-extracted/resources/app/lib/backend/plugin-vscode-init)
2025-08-13 09:00:20 2025-08-13T16:00:20.465Z root INFO [hosted-plugin: 7979] PLUGIN_HOST(7979): initializing(vscode-language-pack-es@1.96.0 with /nix/store/2d5i1bzbqbnl4rgnhk8czrw5zmqqjdzv-arduino-ide-2.3.6-extracted/resources/app/lib/backend/plugin-vscode-init)
2025-08-13 09:00:20 2025-08-13T16:00:20.467Z root INFO [hosted-plugin: 7979] PLUGIN_HOST(7979): initializing(vscode-language-pack-fr@1.96.0 with /nix/store/2d5i1bzbqbnl4rgnhk8czrw5zmqqjdzv-arduino-ide-2.3.6-extracted/resources/app/lib/backend/plugin-vscode-init)
2025-08-13 09:00:20 2025-08-13T16:00:20.467Z root INFO [hosted-plugin: 7979] PLUGIN_HOST(7979): initializing(vscode-language-pack-hu@1.48.3 with /nix/store/2d5i1bzbqbnl4rgnhk8czrw5zmqqjdzv-arduino-ide-2.3.6-extracted/resources/app/lib/backend/plugin-vscode-init)
2025-08-13 09:00:20 2025-08-13T16:00:20.468Z root INFO [hosted-plugin: 7979] PLUGIN_HOST(7979): initializing(vscode-language-pack-it@1.96.0 with /nix/store/2d5i1bzbqbnl4rgnhk8czrw5zmqqjdzv-arduino-ide-2.3.6-extracted/resources/app/lib/backend/plugin-vscode-init)
2025-08-13 09:00:20 2025-08-13T16:00:20.468Z root INFO [hosted-plugin: 7979] PLUGIN_HOST(7979): initializing(vscode-language-pack-ja@1.96.0 with /nix/store/2d5i1bzbqbnl4rgnhk8czrw5zmqqjdzv-arduino-ide-2.3.6-extracted/resources/app/lib/backend/plugin-vscode-init)
2025-08-13 09:00:20 2025-08-13T16:00:20.469Z root INFO [hosted-plugin: 7979] PLUGIN_HOST(7979): initializing(vscode-language-pack-ko@1.96.0 with /nix/store/2d5i1bzbqbnl4rgnhk8czrw5zmqqjdzv-arduino-ide-2.3.6-extracted/resources/app/lib/backend/plugin-vscode-init)
2025-08-13 09:00:20 2025-08-13T16:00:20.469Z root INFO [hosted-plugin: 7979] PLUGIN_HOST(7979): initializing(vscode-language-pack-nl@1.48.3 with /nix/store/2d5i1bzbqbnl4rgnhk8czrw5zmqqjdzv-arduino-ide-2.3.6-extracted/resources/app/lib/backend/plugin-vscode-init)
2025-08-13 09:00:20 2025-08-13T16:00:20.470Z root INFO [hosted-plugin: 7979] PLUGIN_HOST(7979): initializing(vscode-language-pack-pl@1.96.0 with /nix/store/2d5i1bzbqbnl4rgnhk8czrw5zmqqjdzv-arduino-ide-2.3.6-extracted/resources/app/lib/backend/plugin-vscode-init)
2025-08-13 09:00:20 2025-08-13T16:00:20.470Z root INFO [hosted-plugin: 7979] PLUGIN_HOST(7979): initializing(vscode-language-pack-pt-BR@1.96.0 with /nix/store/2d5i1bzbqbnl4rgnhk8czrw5zmqqjdzv-arduino-ide-2.3.6-extracted/resources/app/lib/backend/plugin-vscode-init)
2025-08-13 09:00:20 2025-08-13T16:00:20.471Z root INFO [hosted-plugin: 7979] PLUGIN_HOST(7979): initializing(vscode-language-pack-ru@1.96.0 with /nix/store/2d5i1bzbqbnl4rgnhk8czrw5zmqqjdzv-arduino-ide-2.3.6-extracted/resources/app/lib/backend/plugin-vscode-init)
2025-08-13 09:00:20 2025-08-13T16:00:20.471Z root INFO [hosted-plugin: 7979] PLUGIN_HOST(7979): initializing(vscode-language-pack-tr@1.96.0 with /nix/store/2d5i1bzbqbnl4rgnhk8czrw5zmqqjdzv-arduino-ide-2.3.6-extracted/resources/app/lib/backend/plugin-vscode-init)
2025-08-13 09:00:20 2025-08-13T16:00:20.472Z root INFO [hosted-plugin: 7979] PLUGIN_HOST(7979): initializing(vscode-language-pack-uk@1.48.3 with /nix/store/2d5i1bzbqbnl4rgnhk8czrw5zmqqjdzv-arduino-ide-2.3.6-extracted/resources/app/lib/backend/plugin-vscode-init)
2025-08-13 09:00:20 2025-08-13T16:00:20.472Z root INFO [hosted-plugin: 7979] PLUGIN_HOST(7979): initializing(vscode-language-pack-zh-hans@1.96.0 with /nix/store/2d5i1bzbqbnl4rgnhk8czrw5zmqqjdzv-arduino-ide-2.3.6-extracted/resources/app/lib/backend/plugin-vscode-init)
2025-08-13 09:00:20 2025-08-13T16:00:20.473Z root INFO [hosted-plugin: 7979] PLUGIN_HOST(7979): initializing(vscode-language-pack-zh-hant@1.96.0 with /nix/store/2d5i1bzbqbnl4rgnhk8czrw5zmqqjdzv-arduino-ide-2.3.6-extracted/resources/app/lib/backend/plugin-vscode-init)
2025-08-13 09:00:20 2025-08-13T16:00:20.482Z root INFO [hosted-plugin: 7979] PLUGIN_HOST(7979): PluginManagerExtImpl/loadPlugin(/nix/store/2d5i1bzbqbnl4rgnhk8czrw5zmqqjdzv-arduino-ide-2.3.6-extracted/resources/app/plugins/vscode-builtin-json-language-features/extension/client/dist/node/jsonClientMain)
2025-08-13 09:00:20 2025-08-13T16:00:20.543Z root INFO [hosted-plugin: 7979] PLUGIN_HOST(7979): PluginManagerExtImpl/loadPlugin(/nix/store/2d5i1bzbqbnl4rgnhk8czrw5zmqqjdzv-arduino-ide-2.3.6-extracted/resources/app/plugins/vscode-arduino-tools/extension/dist/extension.js)
2025-08-13 09:00:20 2025-08-13T16:00:20.571Z root INFO [hosted-plugin: 7979] PLUGIN_HOST(7979): PluginManagerExtImpl/loadPlugin(/nix/store/2d5i1bzbqbnl4rgnhk8czrw5zmqqjdzv-arduino-ide-2.3.6-extracted/resources/app/plugins/vscode-arduino-api/extension/dist/extension.js)
2025-08-13 09:00:20 2025-08-13T16:00:20.575Z root INFO [hosted-plugin: 7979] calling activation function on VS Code Arduino Tools
2025-08-13 09:00:20 2025-08-13T16:00:20.575Z root INFO [hosted-plugin: 7979] calling activation function on Arduino IDE API for VS Code extensions
2025-08-13 09:00:20 2025-08-13T16:00:20.605Z root INFO [1b4dfe52-491a-46ea-bd33-e851888aea66] Starting plugins.
2025-08-13 09:00:20 2025-08-13T16:00:20.649Z root INFO [hosted-plugin: 7979] PLUGIN_HOST(7979): PluginManagerExtImpl/loadPlugin(/nix/store/2d5i1bzbqbnl4rgnhk8czrw5zmqqjdzv-arduino-ide-2.3.6-extracted/resources/app/plugins/cortex-debug/extension/dist/extension.js)
2025-08-13 09:00:20 2025-08-13T16:00:20.686Z root INFO [hosted-plugin: 7979] Debug configuration provider has been registered: cortex-debug, trigger: 1
2025-08-13 09:00:20 2025-08-13T16:00:20.686Z root INFO [hosted-plugin: 7979] calling activation function on Cortex-Debug
2025-08-13 09:00:20 2025-08-13T16:00:20.689Z root INFO [hosted-plugin: 7979] GDB server console created
2025-08-13 09:00:20 2025-08-13T16:00:20.696Z root INFO [1b4dfe52-491a-46ea-bd33-e851888aea66] Start of 23 plugins: 516.9 ms [Finished 4.149 s after frontend start]
2025-08-13 09:00:20 2025-08-13T16:00:20.839Z root INFO [hosted-plugin: 7979] calling activation function on JSON Language Features (built-in)
2025-08-13 09:00:21 2025-08-13T16:00:21.267Z root INFO Frontend application start: 3132.0 ms [Finished 7791.433 s after backend start]
2025-08-13 09:00:21 2025-08-13T16:00:21.296Z root INFO Replace loading indicator with ready workbench UI (animation): 828.7 ms [Finished 4.460 s after frontend start]
2025-08-13 09:00:21 2025-08-13T16:00:21.296Z root INFO Changed application state from 'initialized_layout' to 'ready'.
2025-08-13 09:00:21 2025-08-13T16:00:21.296Z root WARN Linked preference "workbench.colorCustomizations" not found.
2025-08-13 09:00:21 2025-08-13T16:00:21.312Z root INFO Executing startup tasks:
2025-08-13 09:00:21 2025-08-13T16:00:21.312Z root INFO  - 'arduino-use-inherited-boards-data' , args: [{"fqbn":"esp32:esp32:esp32s3","data":{"configOptions":[{"label":"Upload Speed","option":"UploadSpeed","values":[{"value":"921600","label":"921600","selected":true},{"value":"115200","label":"115200","selected":false},{"value":"230400","label":"230400","selected":false},{"value":"460800","label":"460800","selected":false}]},{"label":"USB Mode","option":"USBMode","values":[{"value":"hwcdc","label":"Hardware CDC and JTAG","selected":true},{"value":"default","label":"USB-OTG (TinyUSB)","selected":false}]},{"label":"USB CDC On Boot","option":"CDCOnBoot","values":[{"value":"default","label":"Disabled","selected":true},{"value":"cdc","label":"Enabled","selected":false}]},{"label":"USB Firmware MSC On Boot","option":"MSCOnBoot","values":[{"value":"default","label":"Disabled","selected":true},{"value":"msc","label":"Enabled (Requires USB-OTG Mode)","selected":false}]},{"label":"USB DFU On Boot","option":"DFUOnBoot","values":[{"value":"default","label":"Disabled","selected":true},{"value":"dfu","label":"Enabled (Requires USB-OTG Mode)","selected":false}]},{"label":"Upload Mode","option":"UploadMode","values":[{"value":"default","label":"UART0 / Hardware CDC","selected":true},{"value":"cdc","label":"USB-OTG CDC (TinyUSB)","selected":false}]},{"label":"CPU Frequency","option":"CPUFreq","values":[{"value":"240","label":"240MHz (WiFi)","selected":true},{"value":"160","label":"160MHz (WiFi)","selected":false},{"value":"80","label":"80MHz (WiFi)","selected":false},{"value":"40","label":"40MHz","selected":false},{"value":"20","label":"20MHz","selected":false},{"value":"10","label":"10MHz","selected":false}]},{"label":"Flash Mode","option":"FlashMode","values":[{"value":"qio","label":"QIO 80MHz","selected":true},{"value":"qio120","label":"QIO 120MHz","selected":false},{"value":"dio","label":"DIO 80MHz","selected":false},{"value":"opi","label":"OPI 80MHz","selected":false}]},{"label":"Flash Size","option":"FlashSize","values":[{"value":"4M","label":"4MB (32Mb)","selected":true},{"value":"8M","label":"8MB (64Mb)","selected":false},{"value":"16M","label":"16MB (128Mb)","selected":false},{"value":"32M","label":"32MB (256Mb)","selected":false}]},{"label":"Partition Scheme","option":"PartitionScheme","values":[{"value":"default","label":"Default 4MB with spiffs (1.2MB APP/1.5MB SPIFFS)","selected":true},{"value":"defaultffat","label":"Default 4MB with ffat (1.2MB APP/1.5MB FATFS)","selected":false},{"value":"default_8MB","label":"8M with spiffs (3MB APP/1.5MB SPIFFS)","selected":false},{"value":"minimal","label":"Minimal (1.3MB APP/700KB SPIFFS)","selected":false},{"value":"no_fs","label":"No FS 4MB (2MB APP x2)","selected":false},{"value":"no_ota","label":"No OTA (2MB APP/2MB SPIFFS)","selected":false},{"value":"noota_3g","label":"No OTA (1MB APP/3MB SPIFFS)","selected":false},{"value":"noota_ffat","label":"No OTA (2MB APP/2MB FATFS)","selected":false},{"value":"noota_3gffat","label":"No OTA (1MB APP/3MB FATFS)","selected":false},{"value":"huge_app","label":"Huge APP (3MB No OTA/1MB SPIFFS)","selected":false},{"value":"min_spiffs","label":"Minimal SPIFFS (1.9MB APP with OTA/190KB SPIFFS)","selected":false},{"value":"fatflash","label":"16M Flash (2MB APP/12.5MB FATFS)","selected":false},{"value":"app3M_fat9M_16MB","label":"16M Flash (3MB APP/9.9MB FATFS)","selected":false},{"value":"rainmaker","label":"RainMaker 4MB","selected":false},{"value":"rainmaker_4MB","label":"RainMaker 4MB No OTA","selected":false},{"value":"rainmaker_8MB","label":"RainMaker 8MB","selected":false},{"value":"app5M_fat24M_32MB","label":"32M Flash (4.8MB APP/22MB FATFS)","selected":false},{"value":"app5M_little24M_32MB","label":"32M Flash (4.8MB APP/22MB LittleFS)","selected":false},{"value":"app13M_data7M_32MB","label":"32M Flash (13MB APP/6.75MB SPIFFS)","selected":false},{"value":"esp_sr_16","label":"ESP SR 16M (3MB APP/7MB SPIFFS/2.9MB MODEL)","selected":false},{"value":"zigbee_zczr","label":"Zigbee ZCZR 4MB with spiffs","selected":false},{"value":"zigbee_zczr_8MB","label":"Zigbee ZCZR 8MB with spiffs","selected":false},{"value":"custom","label":"Custom","selected":false}]},{"label":"Core Debug Level","option":"DebugLevel","values":[{"value":"none","label":"None","selected":true},{"value":"error","label":"Error","selected":false},{"value":"warn","label":"Warn","selected":false},{"value":"info","label":"Info","selected":false},{"value":"debug","label":"Debug","selected":false},{"value":"verbose","label":"Verbose","selected":false}]},{"label":"PSRAM","option":"PSRAM","values":[{"value":"disabled","label":"Disabled","selected":true},{"value":"enabled","label":"QSPI PSRAM","selected":false},{"value":"opi","label":"OPI PSRAM","selected":false}]},{"label":"Arduino Runs On","option":"LoopCore","values":[{"value":"1","label":"Core 1","selected":true},{"value":"0","label":"Core 0","selected":false}]},{"label":"Events Run On","option":"EventsCore","values":[{"value":"1","label":"Core 1","selected":true},{"value":"0","label":"Core 0","selected":false}]},{"label":"Erase All Flash Before Sketch Upload","option":"EraseFlash","values":[{"value":"none","label":"Disabled","selected":true},{"value":"all","label":"Enabled","selected":false}]},{"label":"JTAG Adapter","option":"JTAGAdapter","values":[{"value":"default","label":"Disabled","selected":true},{"value":"builtin","label":"Integrated USB JTAG","selected":false},{"value":"external","label":"FTDI Adapter","selected":false},{"value":"bridge","label":"ESP USB Bridge","selected":false}]},{"label":"Zigbee Mode","option":"ZigbeeMode","values":[{"value":"default","label":"Disabled","selected":true},{"value":"zczr","label":"Zigbee ZCZR (coordinator/router)","selected":false}]}],"programmers":[{"id":"esptool","name":"Esptool","platform":"esp32:esp32@3.3.0"}]}}]
2025-08-13 09:00:21 2025-08-13T16:00:21.313Z root INFO  - 'arduino-use-inherited-boards-config' , args: [{"selectedBoard":{"name":"ESP32S3 Dev Module","fqbn":"esp32:esp32:esp32s3","packageId":{"vendorId":"esp32","arch":"esp32"},"packageName":"esp32","manuallyInstalled":false,"selected":false,"missing":false},"selectedPort":{"address":"/dev/ttyACM0","addressLabel":"/dev/ttyACM0","protocol":"serial","protocolLabel":"Serial Port (USB)","properties":{"pid":"0x1001","serialNumber":"30:ED:A0:AD:83:34","vid":"0x303a"},"hardwareId":"30:ED:A0:AD:83:34"}},{"arduino+serial:///dev/ttyACM0":{"name":"ESP32S3 Dev Module","fqbn":"esp32:esp32:esp32s3","packageId":{"vendorId":"esp32","arch":"esp32"},"packageName":"esp32","manuallyInstalled":false,"selected":false,"missing":false},"arduino+serial:///dev/ttyUSB0":{"name":"DOIT ESP32 DEVKIT V1","fqbn":"esp32:esp32:esp32doit-devkit-v1"},"arduino+serial:///dev/ttyACM1":{"name":"Waveshare ESP32-S3-LCD-1.47","fqbn":"esp32:esp32:waveshare_esp32_s3_lcd_147","packageId":{"vendorId":"esp32","arch":"esp32"},"packageName":"esp32","manuallyInstalled":false,"selected":false,"missing":false}}]
2025-08-13 09:00:21 2025-08-13T16:00:21.678Z root INFO Starting language server: esp32:esp32:esp32s3:UploadSpeed=921600,USBMode=hwcdc,CDCOnBoot=default,MSCOnBoot=default,DFUOnBoot=default,UploadMode=default,CPUFreq=240,FlashMode=qio,FlashSize=4M,PartitionScheme=default,DebugLevel=none,PSRAM=disabled,LoopCore=1,EventsCore=1,EraseFlash=none,JTAGAdapter=default,ZigbeeMode=default
2025-08-13 09:00:21 2025-08-13T16:00:21.682Z daemon INFO time="2025-08-13T09:00:21-07:00" level=info msg="Tool required for debug" tool="arduino:dfu-util@0.11.0-arduino5"
2025-08-13 09:00:21 2025-08-13T16:00:21.682Z daemon INFO time="2025-08-13T09:00:21-07:00" level=info msg="Tool required for debug" tool="esp32:esp-rv32@2411"
time="2025-08-13T09:00:21-07:00" level=info msg="Tool required for debug" tool="esp32:esp-x32@2411"
time="2025-08-13T09:00:21-07:00" level=info msg="Tool required for debug" tool="esp32:esp32-arduino-libs@idf-release_v5.5-b66b5448-v1"
time="2025-08-13T09:00:21-07:00" level=info msg="Tool required for debug" tool="esp32:esptool_py@5.0.0"
2025-08-13 09:00:21 2025-08-13T16:00:21.682Z daemon INFO time="2025-08-13T09:00:21-07:00" level=info msg="Tool required for debug" tool="esp32:mklittlefs@3.0.0-gnu12-dc7f933"
time="2025-08-13T09:00:21-07:00" level=info msg="Tool required for debug" tool="esp32:mkspiffs@0.2.3"
time="2025-08-13T09:00:21-07:00" level=info msg="Tool required for debug" tool="esp32:openocd-esp32@v0.12.0-esp32-20250422"
time="2025-08-13T09:00:21-07:00" level=info msg="Tool required for debug" tool="esp32:riscv32-esp-elf-gdb@16.2_20250324"
time="2025-08-13T09:00:21-07:00" level=info msg="Tool required for debug" tool="esp32:xtensa-esp-elf-gdb@16.2_20250324"
time="2025-08-13T09:00:21-07:00" level=info msg="Tool required for debug" tool="arduino:avrdude@6.3.0-arduino17"
time="2025-08-13T09:00:21-07:00" level=info msg="Tool required for debug" tool="builtin:dfu-discovery@0.1.2"
time="2025-08-13T09:00:21-07:00" level=info msg="Tool required for debug" tool="builtin:mdns-discovery@1.0.9"
time="2025-08-13T09:00:21-07:00" level=info msg="Tool required for debug" tool="builtin:serial-monitor@0.15.0"
2025-08-13 09:00:21 2025-08-13T16:00:21.682Z daemon INFO time="2025-08-13T09:00:21-07:00" level=info msg="Tool required for debug" tool="arduino:arduinoOTA@1.3.0"
time="2025-08-13T09:00:21-07:00" level=info msg="Tool required for debug" tool="arduino:avr-gcc@7.3.0-atmel3.6.1-arduino7"
time="2025-08-13T09:00:21-07:00" level=info msg="Tool required for debug" tool="builtin:serial-discovery@1.4.1"
2025-08-13 09:00:21 2025-08-13T16:00:21.682Z daemon INFO time="2025-08-13T09:00:21-07:00" level=info msg="Tool required for debug" tool="builtin:ctags@5.8-arduino11"
2025-08-13 09:00:21 2025-08-13T16:00:21.682Z daemon INFO time="2025-08-13T09:00:21-07:00" level=info msg="Tool required for debug" tool="arduino:dfu-util@0.11.0-arduino5"
time="2025-08-13T09:00:21-07:00" level=info msg="Tool required for debug" tool="esp32:esp-rv32@2411"
time="2025-08-13T09:00:21-07:00" level=info msg="Tool required for debug" tool="esp32:esp-x32@2411"
time="2025-08-13T09:00:21-07:00" level=info msg="Tool required for debug" tool="esp32:esp32-arduino-libs@idf-release_v5.5-b66b5448-v1"
time="2025-08-13T09:00:21-07:00" level=info msg="Tool required for debug" tool="esp32:esptool_py@5.0.0"
time="2025-08-13T09:00:21-07:00" level=info msg="Tool required for debug" tool="esp32:mklittlefs@3.0.0-gnu12-dc7f933"
time="2025-08-13T09:00:21-07:00" level=info msg="Tool required for debug" tool="esp32:mkspiffs@0.2.3"
time="2025-08-13T09:00:21-07:00" level=info msg="Tool required for debug" tool="esp32:openocd-esp32@v0.12.0-esp32-20250422"
time="2025-08-13T09:00:21-07:00" level=info msg="Tool required for debug" tool="esp32:riscv32-esp-elf-gdb@16.2_20250324"
2025-08-13 09:00:21 2025-08-13T16:00:21.683Z daemon INFO time="2025-08-13T09:00:21-07:00" level=info msg="Tool required for debug" tool="esp32:xtensa-esp-elf-gdb@16.2_20250324"
time="2025-08-13T09:00:21-07:00" level=info msg="Tool required for debug" tool="arduino:avr-gcc@7.3.0-atmel3.6.1-arduino7"
2025-08-13 09:00:21 2025-08-13T16:00:21.683Z daemon INFO time="2025-08-13T09:00:21-07:00" level=info msg="Tool required for debug" tool="builtin:serial-discovery@1.4.1"
2025-08-13 09:00:21 2025-08-13T16:00:21.683Z daemon INFO time="2025-08-13T09:00:21-07:00" level=info msg="Tool required for debug" tool="arduino:arduinoOTA@1.3.0"
time="2025-08-13T09:00:21-07:00" level=info msg="Tool required for debug" tool="arduino:avrdude@6.3.0-arduino17"
time="2025-08-13T09:00:21-07:00" level=info msg="Tool required for debug" tool="builtin:ctags@5.8-arduino11"
2025-08-13 09:00:21 2025-08-13T16:00:21.683Z daemon INFO time="2025-08-13T09:00:21-07:00" level=info msg="Tool required for debug" tool="builtin:dfu-discovery@0.1.2"
time="2025-08-13T09:00:21-07:00" level=info msg="Tool required for debug" tool="builtin:mdns-discovery@1.0.9"
time="2025-08-13T09:00:21-07:00" level=info msg="Tool required for debug" tool="arduino:dfu-util@0.11.0-arduino5"
2025-08-13 09:00:21 2025-08-13T16:00:21.683Z daemon INFO time="2025-08-13T09:00:21-07:00" level=info msg="Tool required for debug" tool="esp32:esp-rv32@2411"
2025-08-13 09:00:21 2025-08-13T16:00:21.683Z daemon INFO time="2025-08-13T09:00:21-07:00" level=info msg="Tool required for debug" tool="esp32:esp-x32@2411"
2025-08-13 09:00:21 2025-08-13T16:00:21.683Z daemon INFO time="2025-08-13T09:00:21-07:00" level=info msg="Tool required for debug" tool="esp32:esp32-arduino-libs@idf-release_v5.5-b66b5448-v1"
2025-08-13 09:00:21 2025-08-13T16:00:21.683Z daemon INFO time="2025-08-13T09:00:21-07:00" level=info msg="Tool required for debug" tool="esp32:esptool_py@5.0.0"
time="2025-08-13T09:00:21-07:00" level=info msg="Tool required for debug" tool="esp32:mklittlefs@3.0.0-gnu12-dc7f933"
time="2025-08-13T09:00:21-07:00" level=info msg="Tool required for debug" tool="esp32:mkspiffs@0.2.3"
time="2025-08-13T09:00:21-07:00" level=info msg="Tool required for debug" tool="esp32:openocd-esp32@v0.12.0-esp32-20250422"
time="2025-08-13T09:00:21-07:00" level=info msg="Tool required for debug" tool="builtin:serial-monitor@0.15.0"
2025-08-13 09:00:21 2025-08-13T16:00:21.683Z daemon INFO time="2025-08-13T09:00:21-07:00" level=info msg="Tool required for debug" tool="esp32:riscv32-esp-elf-gdb@16.2_20250324"
2025-08-13 09:00:21 2025-08-13T16:00:21.683Z daemon INFO time="2025-08-13T09:00:21-07:00" level=info msg="Tool required for debug" tool="esp32:xtensa-esp-elf-gdb@16.2_20250324"
time="2025-08-13T09:00:21-07:00" level=info msg="Tool required for debug" tool="arduino:arduinoOTA@1.3.0"
2025-08-13 09:00:21 2025-08-13T16:00:21.683Z daemon INFO time="2025-08-13T09:00:21-07:00" level=info msg="Tool required for debug" tool="builtin:ctags@5.8-arduino11"
time="2025-08-13T09:00:21-07:00" level=info msg="Tool required for debug" tool="builtin:mdns-discovery@1.0.9"
2025-08-13 09:00:21 2025-08-13T16:00:21.683Z daemon INFO time="2025-08-13T09:00:21-07:00" level=info msg="Tool required for debug" tool="arduino:avrdude@6.3.0-arduino17"
time="2025-08-13T09:00:21-07:00" level=info msg="Tool required for debug" tool="arduino:avr-gcc@7.3.0-atmel3.6.1-arduino7"
time="2025-08-13T09:00:21-07:00" level=info msg="Tool required for debug" tool="builtin:dfu-discovery@0.1.2"
time="2025-08-13T09:00:21-07:00" level=info msg="Tool required for debug" tool="builtin:serial-discovery@1.4.1"
time="2025-08-13T09:00:21-07:00" level=info msg="Tool required for debug" tool="builtin:serial-monitor@0.15.0"
2025-08-13 09:00:21 2025-08-13T16:00:21.703Z daemon INFO time="2025-08-13T09:00:21-07:00" level=info msg="Tool required for debug" tool="arduino:dfu-util@0.11.0-arduino5"
time="2025-08-13T09:00:21-07:00" level=info msg="Tool required for debug" tool="esp32:esp-rv32@2411"
time="2025-08-13T09:00:21-07:00" level=info msg="Tool required for debug" tool="esp32:esp-x32@2411"
time="2025-08-13T09:00:21-07:00" level=info msg="Tool required for debug" tool="esp32:esp32-arduino-libs@idf-release_v5.5-b66b5448-v1"
time="2025-08-13T09:00:21-07:00" level=info msg="Tool required for debug" tool="esp32:esptool_py@5.0.0"
time="2025-08-13T09:00:21-07:00" level=info msg="Tool required for debug" tool="esp32:mklittlefs@3.0.0-gnu12-dc7f933"
time="2025-08-13T09:00:21-07:00" level=info msg="Tool required for debug" tool="esp32:mkspiffs@0.2.3"
time="2025-08-13T09:00:21-07:00" level=info msg="Tool required for debug" tool="esp32:openocd-esp32@v0.12.0-esp32-20250422"
time="2025-08-13T09:00:21-07:00" level=info msg="Tool required for debug" tool="esp32:riscv32-esp-elf-gdb@16.2_20250324"
time="2025-08-13T09:00:21-07:00" level=info msg="Tool required for debug" tool="esp32:xtensa-esp-elf-gdb@16.2_20250324"
time="2025-08-13T09:00:21-07:00" level=info msg="Tool required for debug" tool="arduino:avrdude@6.3.0-arduino17"
time="2025-08-13T09:00:21-07:00" level=info msg="Tool required for debug" tool="builtin:serial-monitor@0.15.0"
time="2025-08-13T09:00:21-07:00" level=info msg="Tool required for debug" tool="arduino:avr-gcc@7.3.0-atmel3.6.1-arduino7"
time="2025-08-13T09:00:21-07:00" level=info msg="Tool required for debug" tool="builtin:dfu-discovery@0.1.2"
time="2025-08-13T09:00:21-07:00" level=info msg="Tool required for debug" tool="builtin:mdns-discovery@1.0.9"
time="2025-08-13T09:00:21-07:00" level=info msg="Tool required for debug" tool="arduino:arduinoOTA@1.3.0"
time="2025-08-13T09:00:21-07:00" level=info msg="Tool required for debug" tool="builtin:serial-discovery@1.4.1"
time="2025-08-13T09:00:21-07:00" level=info msg="Tool required for debug" tool="builtin:ctags@5.8-arduino11"
time="2025-08-13T09:00:21-07:00" level=info msg="Tool required for debug" tool="arduino:dfu-util@0.11.0-arduino5"
time="2025-08-13T09:00:21-07:00" level=info msg="Tool required for debug" tool="esp32:esp-rv32@2411"
time="2025-08-13T09:00:21-07:00" level=info msg="Tool required for debug" tool="esp32:esp-x32@2411"
time="2025-08-13T09:00:21-07:00" level=info msg="Tool required for debug" tool="esp32:esp32-arduino-libs@idf-release_v5.5-b66b5448-v1"
time="2025-08-13T09:00:21-07:00" level=info msg="Tool required for debug" tool="esp32:esptool_py@5.0.0"
time="2025-08-13T09:00:21-07:00" level=info msg="Tool required for debug" tool="esp32:mklittlefs@3.0.0-gnu12-dc7f933"
time="2025-08-13T09:00:21-07:00" level=info msg="Tool required for debug" tool="esp32:mkspiffs@0.2.3"
time="2025-08-13T09:00:21-07:00" level=info msg="Tool required for debug" tool="esp32:openocd-esp32@v0.12.0-esp32-20250422"
time="2025-08-13T09:00:21-07:00" level=info msg="Tool required for debug" tool="esp32:riscv32-esp-elf-gdb@16.2_20250324"
time="2025-08-13T09:00:21-07:00" level=info msg="Tool required for debug" tool="esp32:xtensa-esp-elf-gdb@16.2_20250324"
time="2025-08-13T09:00:21-07:00" level=info msg="Tool required for debug" tool="builtin:serial-discovery@1.4.1"
time="2025-08-13T09:00:21-07:00" level=info msg="Tool required for debug" tool="builtin:serial-monitor@0.15.0"
time="2025-08-13T09:00:21-07:00" level=info msg="Tool required for debug" tool="arduino:avrdude@6.3.0-arduino17"
time="2025-08-13T09:00:21-07:00" level=info msg="Tool required for debug" tool="arduino:arduinoOTA@1.3.0"
time="2025-08-13T09:00:21-07:00" level=info msg="Tool required for debug" tool="builtin:dfu-discovery@0.1.2"
time="2025-08-13T09:00:21-07:00" level=info msg="Tool required for debug" tool="builtin:mdns-discovery@1.0.9"
time="2025-08-13T09:00:21-07:00" level=info msg="Tool required for debug" tool="arduino:avr-gcc@7.3.0-atmel3.6.1-arduino7"
time="2025-08-13T09:00:21-07:00" level=info msg="Tool required for debug" tool="builtin:ctags@5.8-arduino11"
time="2025-08-13T09:00:21-07:00" level=info msg="Tool required for debug" tool="arduino:dfu-util@0.11.0-arduino5"
time="2025-08-13T09:00:21-07:00" level=info msg="Tool required for debug" tool="esp32:esp-rv32@2411"
time="2025-08-13T09:00:21-07:00" level=info msg="Tool required for debug" tool="esp32:esp-x32@2411"
time="2025-08-13T09:00:21-07:00" level=info msg="Tool required for debug" tool="esp32:esp32-arduino-libs@idf-release_v5.5-b66b5448-v1"
time="2025-08-13T09:00:21-07:00" level=info msg="Tool required for debug" tool="esp32:esptool_py@5.0.0"
time="2025-08-13T09:00:21-07:00" level=info msg="Tool required for debug" tool="esp32:mklittlefs@3.0.0-gnu12-dc7f933"
time="2025-08-13T09:00:21-07:00" level=info msg="Tool required for debug" tool="esp32:mkspiffs@0.2.3"
time="2025-08-13T09:00:21-07:00" level=info msg="Tool required for debug" tool="esp32:openocd-esp32@v0.12.0-esp32-20250422"
time="2025-08-13T09:00:21-07:00" level=info msg="Tool required for debug" tool="esp32:riscv32-esp-elf-gdb@16.2_20250324"
time="2025-08-13T09:00:21-07:00" level=info msg="Tool required for debug" tool="esp32:xtensa-esp-elf-gdb@16.2_20250324"
time="2025-08-13T09:00:21-07:00" level=info msg="Tool required for debug" tool="arduino:avr-gcc@7.3.0-atmel3.6.1-arduino7"
time="2025-08-13T09:00:21-07:00" level=info msg="Tool required for debug" tool="builtin:serial-discovery@1.4.1"
time="2025-08-13T09:00:21-07:00" level=info msg="Tool required for debug" tool="builtin:serial-monitor@0.15.0"
time="2025-08-13T09:00:21-07:00" level=info msg="Tool required for debug" tool="builtin:dfu-discovery@0.1.2"
time="2025-08-13T09:00:21-07:00" level=info msg="Tool required for debug" tool="builtin:ctags@5.8-arduino11"
time="2025-08-13T09:00:21-07:00" level=info msg="Tool required for debug" tool="arduino:arduinoOTA@1.3.0"
time="2025-08-13T09:00:21-07:00" level=info msg="Tool required for debug" tool="arduino:avrdude@6.3.0-arduino17"
time="2025-08-13T09:00:21-07:00" level=info msg="Tool required for debug" tool="builtin:mdns-discovery@1.0.9"
time="2025-08-13T09:00:21-07:00" level=info msg="Tool required for debug" tool="arduino:dfu-util@0.11.0-arduino5"
time="2025-08-13T09:00:21-07:00" level=info msg="Tool required for debug" tool="esp32:esp-rv32@2411"
time="2025-08-13T09:00:21-07:00" level=info msg="Tool required for debug" tool="esp32:esp-x32@2411"
time="2025-08-13T09:00:21-07:00" level=info msg="Tool required for debug" tool="esp32:esp32-arduino-libs@idf-release_v5.5-b66b5448-v1"
time="2025-08-13T09:00:21-07:00" level=info msg="Tool required for debug" tool="esp32:esptool_py@5.0.0"
time="2025-08-13T09:00:21-07:00" level=info msg="Tool required for debug" tool="esp32:mklittlefs@3.0.0-gnu12-dc7f933"
time="2025-08-13T09:00:21-07:00" level=info msg="Tool required for debug" tool="esp32:mkspiffs@0.2.3"
time="2025-08-13T09:00:21-07:00" level=info msg="Tool required for debug" tool="esp32:openocd-esp32@v0.12.0-esp32-20250422"
time="2025-08-13T09:00:21-07:00" level=info msg="Tool required for debug" tool="esp32:riscv32-esp-elf-gdb@16.2_20250324"
time="2025-08-13T09:00:21-07:00" level=info msg="Tool required for debug" tool="esp32:xtensa-esp-elf-gdb@16.2_20250324"
time="2025-08-13T09:00:21-07:00" level=info msg="Tool required for debug" tool="builtin:serial-discovery@1.4.1"
time="2025-08-13T09:00:21-07:00" level=info msg="Tool required for debug" tool="arduino:avrdude@6.3.0-arduino17"
time="2025-08-13T09:00:21-07:00" level=info msg="Tool required for debug" tool="builtin:mdns-discovery@1.0.9"
time="2025-08-13T09:00:21-07:00" level=info msg="Tool required for debug" tool="builtin:serial-monitor@0.15.0"
time="2025-08-13T09:00:21-07:00" level=info msg="Tool required for debug" tool="arduino:arduinoOTA@1.3.0"
time="2025-08-13T09:00:21-07:00" level=info msg="Tool required for debug" tool="builtin:ctags@5.8-arduino11"
time="2025-08-13T09:00:21-07:00" level=info msg="Tool required for debug" tool="builtin:dfu-discovery@0.1.2"
time="2025-08-13T09:00:21-07:00" level=info msg="Tool required for debug" tool="arduino:avr-gcc@7.3.0-atmel3.6.1-arduino7"
time="2025-08-13T09:00:21-07:00" level=info msg="Tool required for debug" tool="arduino:dfu-util@0.11.0-arduino5"
time="2025-08-13T09:00:21-07:00" level=info msg="Tool required for debug" tool="esp32:esp-rv32@2411"
time="2025-08-13T09:00:21-07:00" level=info msg="Tool required for debug" tool="esp32:esp-x32@2411"
time="2025-08-13T09:00:21-07:00" level=info msg="Tool required for debug" tool="esp32:esp32-arduino-libs@idf-release_v5.5-b66b5448-v1"
time="2025-08-13T09:00:21-07:00" level=info msg="Tool required for debug" tool="esp32:esptool_py@5.0.0"
time="2025-08-13T09:00:21-07:00" level=info msg="Tool required for debug" tool="esp32:mklittlefs@3.0.0-gnu12-dc7f933"
time="2025-08-13T09:00:21-07:00" level=info msg="Tool required for debug" tool="esp32:mkspiffs@0.2.3"
time="2025-08-13T09:00:21-07:00" level=info msg="Tool required for debug" tool="esp32:openocd-esp32@v0.12.0-esp32-20250422"
time="2025-08-13T09:00:21-07:00" level=info msg="Tool required for debug" tool="esp32:riscv32-esp-elf-gdb@16.2_20250324"
time="2025-08-13T09:00:21-07:00" level=info msg="Tool required for debug" tool="esp32:xtensa-esp-elf-gdb@16.2_20250324"
time="2025-08-13T09:00:21-07:00" level=info msg="Tool required for debug" tool="arduino:avrdude@6.3.0-arduino17"
time="2025-08-13T09:00:21-07:00" level=info msg="Tool required for debug" tool="builtin:ctags@5.8-arduino11"
time="2025-08-13T09:00:21-07:00" level=info msg="Tool required for debug" tool="arduino:avr-gcc@7.3.0-atmel3.6.1-arduino7"
time="2025-08-13T09:00:21-07:00" level=info msg="Tool required for debug" tool="arduino:arduinoOTA@1.3.0"
time="2025-08-13T09:00:21-07:00" level=info msg="Tool required for debug" tool="builtin:serial-discovery@1.4.1"
time="2025-08-13T09:00:21-07:00" level=info msg="Tool required for debug" tool="builtin:dfu-discovery@0.1.2"
time="2025-08-13T09:00:21-07:00" level=info msg="Tool required for debug" tool="builtin:mdns-discovery@1.0.9"
time="2025-08-13T09:00:21-07:00" level=info msg="Tool required for debug" tool="builtin:serial-monitor@0.15.0"
2025-08-13 09:00:21 2025-08-13T16:00:21.703Z daemon INFO time="2025-08-13T09:00:21-07:00" level=info msg="Tool required for debug" tool="arduino:dfu-util@0.11.0-arduino5"
time="2025-08-13T09:00:21-07:00" level=info msg="Tool required for debug" tool="esp32:esp-rv32@2411"
time="2025-08-13T09:00:21-07:00" level=info msg="Tool required for debug" tool="esp32:esp-x32@2411"
2025-08-13 09:00:21 2025-08-13T16:00:21.703Z daemon INFO time="2025-08-13T09:00:21-07:00" level=info msg="Tool required for debug" tool="esp32:esp32-arduino-libs@idf-release_v5.5-b66b5448-v1"
2025-08-13 09:00:21 2025-08-13T16:00:21.703Z daemon INFO time="2025-08-13T09:00:21-07:00" level=info msg="Tool required for debug" tool="esp32:esptool_py@5.0.0"
2025-08-13 09:00:21 2025-08-13T16:00:21.704Z daemon INFO time="2025-08-13T09:00:21-07:00" level=info msg="Tool required for debug" tool="esp32:mklittlefs@3.0.0-gnu12-dc7f933"
time="2025-08-13T09:00:21-07:00" level=info msg="Tool required for debug" tool="esp32:mkspiffs@0.2.3"
time="2025-08-13T09:00:21-07:00" level=info msg="Tool required for debug" tool="esp32:openocd-esp32@v0.12.0-esp32-20250422"
time="2025-08-13T09:00:21-07:00" level=info msg="Tool required for debug" tool="esp32:riscv32-esp-elf-gdb@16.2_20250324"
time="2025-08-13T09:00:21-07:00" level=info msg="Tool required for debug" tool="esp32:xtensa-esp-elf-gdb@16.2_20250324"
time="2025-08-13T09:00:21-07:00" level=info msg="Tool required for debug" tool="arduino:avrdude@6.3.0-arduino17"
2025-08-13 09:00:21 2025-08-13T16:00:21.704Z daemon INFO time="2025-08-13T09:00:21-07:00" level=info msg="Tool required for debug" tool="builtin:mdns-discovery@1.0.9"
time="2025-08-13T09:00:21-07:00" level=info msg="Tool required for debug" tool="arduino:dfu-util@0.11.0-arduino5"
2025-08-13 09:00:21 2025-08-13T16:00:21.704Z daemon INFO time="2025-08-13T09:00:21-07:00" level=info msg="Tool required for debug" tool="esp32:esp-rv32@2411"
time="2025-08-13T09:00:21-07:00" level=info msg="Tool required for debug" tool="esp32:esp-x32@2411"
time="2025-08-13T09:00:21-07:00" level=info msg="Tool required for debug" tool="esp32:esp32-arduino-libs@idf-release_v5.5-b66b5448-v1"
2025-08-13 09:00:21 2025-08-13T16:00:21.704Z daemon INFO time="2025-08-13T09:00:21-07:00" level=info msg="Tool required for debug" tool="esp32:esptool_py@5.0.0"
time="2025-08-13T09:00:21-07:00" level=info msg="Tool required for debug" tool="esp32:mklittlefs@3.0.0-gnu12-dc7f933"
time="2025-08-13T09:00:21-07:00" level=info msg="Tool required for debug" tool="arduino:arduinoOTA@1.3.0"
time="2025-08-13T09:00:21-07:00" level=info msg="Tool required for debug" tool="builtin:ctags@5.8-arduino11"
time="2025-08-13T09:00:21-07:00" level=info msg="Tool required for debug" tool="esp32:mkspiffs@0.2.3"
2025-08-13 09:00:21 2025-08-13T16:00:21.704Z daemon INFO time="2025-08-13T09:00:21-07:00" level=info msg="Tool required for debug" tool="esp32:openocd-esp32@v0.12.0-esp32-20250422"
2025-08-13 09:00:21 2025-08-13T16:00:21.704Z daemon INFO time="2025-08-13T09:00:21-07:00" level=info msg="Tool required for debug" tool="esp32:riscv32-esp-elf-gdb@16.2_20250324"
time="2025-08-13T09:00:21-07:00" level=info msg="Tool required for debug" tool="esp32:xtensa-esp-elf-gdb@16.2_20250324"
2025-08-13 09:00:21 2025-08-13T16:00:21.704Z daemon INFO time="2025-08-13T09:00:21-07:00" level=info msg="Tool required for debug" tool="builtin:mdns-discovery@1.0.9"
time="2025-08-13T09:00:21-07:00" level=info msg="Tool required for debug" tool="builtin:serial-monitor@0.15.0"
time="2025-08-13T09:00:21-07:00" level=info msg="Tool required for debug" tool="arduino:avr-gcc@7.3.0-atmel3.6.1-arduino7"
time="2025-08-13T09:00:21-07:00" level=info msg="Tool required for debug" tool="builtin:ctags@5.8-arduino11"
2025-08-13 09:00:21 2025-08-13T16:00:21.704Z daemon INFO time="2025-08-13T09:00:21-07:00" level=info msg="Tool required for debug" tool="arduino:arduinoOTA@1.3.0"
time="2025-08-13T09:00:21-07:00" level=info msg="Tool required for debug" tool="arduino:avrdude@6.3.0-arduino17"
time="2025-08-13T09:00:21-07:00" level=info msg="Tool required for debug" tool="builtin:dfu-discovery@0.1.2"
2025-08-13 09:00:21 2025-08-13T16:00:21.704Z daemon INFO time="2025-08-13T09:00:21-07:00" level=info msg="Tool required for debug" tool="builtin:dfu-discovery@0.1.2"
2025-08-13 09:00:21 2025-08-13T16:00:21.704Z daemon INFO time="2025-08-13T09:00:21-07:00" level=info msg="Tool required for debug" tool="builtin:serial-monitor@0.15.0"
time="2025-08-13T09:00:21-07:00" level=info msg="Tool required for debug" tool="builtin:serial-discovery@1.4.1"
time="2025-08-13T09:00:21-07:00" level=info msg="Tool required for debug" tool="builtin:serial-discovery@1.4.1"
time="2025-08-13T09:00:21-07:00" level=info msg="Tool required for debug" tool="arduino:avr-gcc@7.3.0-atmel3.6.1-arduino7"
2025-08-13 09:00:21 2025-08-13T16:00:21.708Z daemon INFO time="2025-08-13T09:00:21-07:00" level=info msg="Tool required for debug" tool="arduino:dfu-util@0.11.0-arduino5"
time="2025-08-13T09:00:21-07:00" level=info msg="Tool required for debug" tool="esp32:esp-rv32@2411"
time="2025-08-13T09:00:21-07:00" level=info msg="Tool required for debug" tool="esp32:esp-x32@2411"
2025-08-13 09:00:21 2025-08-13T16:00:21.708Z daemon INFO time="2025-08-13T09:00:21-07:00" level=info msg="Tool required for debug" tool="esp32:esp32-arduino-libs@idf-release_v5.5-b66b5448-v1"
time="2025-08-13T09:00:21-07:00" level=info msg="Tool required for debug" tool="esp32:esptool_py@5.0.0"
time="2025-08-13T09:00:21-07:00" level=info msg="Tool required for debug" tool="esp32:mklittlefs@3.0.0-gnu12-dc7f933"
time="2025-08-13T09:00:21-07:00" level=info msg="Tool required for debug" tool="esp32:mkspiffs@0.2.3"
time="2025-08-13T09:00:21-07:00" level=info msg="Tool required for debug" tool="esp32:openocd-esp32@v0.12.0-esp32-20250422"
time="2025-08-13T09:00:21-07:00" level=info msg="Tool required for debug" tool="esp32:riscv32-esp-elf-gdb@16.2_20250324"
2025-08-13 09:00:21 2025-08-13T16:00:21.708Z daemon INFO time="2025-08-13T09:00:21-07:00" level=info msg="Tool required for debug" tool="esp32:xtensa-esp-elf-gdb@16.2_20250324"
time="2025-08-13T09:00:21-07:00" level=info msg="Tool required for debug" tool="builtin:mdns-discovery@1.0.9"
2025-08-13 09:00:21 2025-08-13T16:00:21.708Z daemon INFO time="2025-08-13T09:00:21-07:00" level=info msg="Tool required for debug" tool="builtin:ctags@5.8-arduino11"
time="2025-08-13T09:00:21-07:00" level=info msg="Tool required for debug" tool="arduino:avr-gcc@7.3.0-atmel3.6.1-arduino7"
time="2025-08-13T09:00:21-07:00" level=info msg="Tool required for debug" tool="arduino:avrdude@6.3.0-arduino17"
time="2025-08-13T09:00:21-07:00" level=info msg="Tool required for debug" tool="builtin:dfu-discovery@0.1.2"
time="2025-08-13T09:00:21-07:00" level=info msg="Tool required for debug" tool="builtin:serial-discovery@1.4.1"
2025-08-13 09:00:21 2025-08-13T16:00:21.708Z daemon INFO time="2025-08-13T09:00:21-07:00" level=info msg="Tool required for debug" tool="builtin:serial-monitor@0.15.0"
2025-08-13 09:00:21 2025-08-13T16:00:21.708Z daemon INFO time="2025-08-13T09:00:21-07:00" level=info msg="Tool required for debug" tool="arduino:arduinoOTA@1.3.0"
2025-08-13 09:00:21 2025-08-13T16:00:21.902Z daemon INFO time="2025-08-13T09:00:21-07:00" level=info msg="Tool required for debug" tool="arduino:dfu-util@0.11.0-arduino5"
time="2025-08-13T09:00:21-07:00" level=info msg="Tool required for debug" tool="esp32:esp-rv32@2411"
time="2025-08-13T09:00:21-07:00" level=info msg="Tool required for debug" tool="esp32:esp-x32@2411"
time="2025-08-13T09:00:21-07:00" level=info msg="Tool required for debug" tool="esp32:esp32-arduino-libs@idf-release_v5.5-b66b5448-v1"
time="2025-08-13T09:00:21-07:00" level=info msg="Tool required for debug" tool="esp32:esptool_py@5.0.0"
time="2025-08-13T09:00:21-07:00" level=info msg="Tool required for debug" tool="esp32:mklittlefs@3.0.0-gnu12-dc7f933"
time="2025-08-13T09:00:21-07:00" level=info msg="Tool required for debug" tool="esp32:mkspiffs@0.2.3"
time="2025-08-13T09:00:21-07:00" level=info msg="Tool required for debug" tool="esp32:openocd-esp32@v0.12.0-esp32-20250422"
time="2025-08-13T09:00:21-07:00" level=info msg="Tool required for debug" tool="esp32:riscv32-esp-elf-gdb@16.2_20250324"
time="2025-08-13T09:00:21-07:00" level=info msg="Tool required for debug" tool="esp32:xtensa-esp-elf-gdb@16.2_20250324"
time="2025-08-13T09:00:21-07:00" level=info msg="Tool required for debug" tool="arduino:arduinoOTA@1.3.0"
time="2025-08-13T09:00:21-07:00" level=info msg="Tool required for debug" tool="builtin:ctags@5.8-arduino11"
time="2025-08-13T09:00:21-07:00" level=info msg="Tool required for debug" tool="arduino:avr-gcc@7.3.0-atmel3.6.1-arduino7"
time="2025-08-13T09:00:21-07:00" level=info msg="Tool required for debug" tool="builtin:serial-discovery@1.4.1"
time="2025-08-13T09:00:21-07:00" level=info msg="Tool required for debug" tool="arduino:avrdude@6.3.0-arduino17"
time="2025-08-13T09:00:21-07:00" level=info msg="Tool required for debug" tool="builtin:serial-monitor@0.15.0"
time="2025-08-13T09:00:21-07:00" level=info msg="Tool required for debug" tool="builtin:dfu-discovery@0.1.2"
time="2025-08-13T09:00:21-07:00" level=info msg="Tool required for debug" tool="builtin:mdns-discovery@1.0.9"
time="2025-08-13T09:00:21-07:00" level=info msg="Tool required for debug" tool="arduino:dfu-util@0.11.0-arduino5"
time="2025-08-13T09:00:21-07:00" level=info msg="Tool required for debug" tool="esp32:esp-rv32@2411"
time="2025-08-13T09:00:21-07:00" level=info msg="Tool required for debug" tool="esp32:esp-x32@2411"
time="2025-08-13T09:00:21-07:00" level=info msg="Tool required for debug" tool="esp32:esp32-arduino-libs@idf-release_v5.5-b66b5448-v1"
time="2025-08-13T09:00:21-07:00" level=info msg="Tool required for debug" tool="esp32:esptool_py@5.0.0"
time="2025-08-13T09:00:21-07:00" level=info msg="Tool required for debug" tool="esp32:mklittlefs@3.0.0-gnu12-dc7f933"
time="2025-08-13T09:00:21-07:00" level=info msg="Tool required for debug" tool="esp32:mkspiffs@0.2.3"
time="2025-08-13T09:00:21-07:00" level=info msg="Tool required for debug" tool="esp32:openocd-esp32@v0.12.0-esp32-20250422"
time="2025-08-13T09:00:21-07:00" level=info msg="Tool required for debug" tool="esp32:riscv32-esp-elf-gdb@16.2_20250324"
time="2025-08-13T09:00:21-07:00" level=info msg="Tool required for debug" tool="esp32:xtensa-esp-elf-gdb@16.2_20250324"
time="2025-08-13T09:00:21-07:00" level=info msg="Tool required for debug" tool="builtin:serial-discovery@1.4.1"
time="2025-08-13T09:00:21-07:00" level=info msg="Tool required for debug" tool="builtin:ctags@5.8-arduino11"
time="2025-08-13T09:00:21-07:00" level=info msg="Tool required for debug" tool="builtin:serial-monitor@0.15.0"
time="2025-08-13T09:00:21-07:00" level=info msg="Tool required for debug" tool="arduino:avr-gcc@7.3.0-atmel3.6.1-arduino7"
time="2025-08-13T09:00:21-07:00" level=info msg="Tool required for debug" tool="builtin:dfu-discovery@0.1.2"
time="2025-08-13T09:00:21-07:00" level=info msg="Tool required for debug" tool="arduino:arduinoOTA@1.3.0"
time="2025-08-13T09:00:21-07:00" level=info msg="Tool required for debug" tool="arduino:avrdude@6.3.0-arduino17"
time="2025-08-13T09:00:21-07:00" level=info msg="Tool required for debug" tool="builtin:mdns-discovery@1.0.9"
time="2025-08-13T09:00:21-07:00" level=info msg="Tool required for debug" tool="arduino:dfu-util@0.11.0-arduino5"
time="2025-08-13T09:00:21-07:00" level=info msg="Tool required for debug" tool="esp32:esp-rv32@2411"
time="2025-08-13T09:00:21-07:00" level=info msg="Tool required for debug" tool="esp32:esp-x32@2411"
time="2025-08-13T09:00:21-07:00" level=info msg="Tool required for debug" tool="esp32:esp32-arduino-libs@idf-release_v5.5-b66b5448-v1"
time="2025-08-13T09:00:21-07:00" level=info msg="Tool required for debug" tool="esp32:esptool_py@5.0.0"
time="2025-08-13T09:00:21-07:00" level=info msg="Tool required for debug" tool="esp32:mklittlefs@3.0.0-gnu12-dc7f933"
time="2025-08-13T09:00:21-07:00" level=info msg="Tool required for debug" tool="esp32:mkspiffs@0.2.3"
time="2025-08-13T09:00:21-07:00" level=info msg="Tool required for debug" tool="esp32:openocd-esp32@v0.12.0-esp32-20250422"
time="2025-08-13T09:00:21-07:00" level=info msg="Tool required for debug" tool="esp32:riscv32-esp-elf-gdb@16.2_20250324"
time="2025-08-13T09:00:21-07:00" level=info msg="Tool required for debug" tool="esp32:xtensa-esp-elf-gdb@16.2_20250324"
time="2025-08-13T09:00:21-07:00" level=info msg="Tool required for debug" tool="builtin:dfu-discovery@0.1.2"
time="2025-08-13T09:00:21-07:00" level=info msg="Tool required for debug" tool="builtin:serial-monitor@0.15.0"
time="2025-08-13T09:00:21-07:00" level=info msg="Tool required for debug" tool="arduino:arduinoOTA@1.3.0"
time="2025-08-13T09:00:21-07:00" level=info msg="Tool required for debug" tool="arduino:avrdude@6.3.0-arduino17"
time="2025-08-13T09:00:21-07:00" level=info msg="Tool required for debug" tool="builtin:ctags@5.8-arduino11"
time="2025-08-13T09:00:21-07:00" level=info msg="Tool required for debug" tool="arduino:avr-gcc@7.3.0-atmel3.6.1-arduino7"
time="2025-08-13T09:00:21-07:00" level=info msg="Tool required for debug" tool="builtin:mdns-discovery@1.0.9"
time="2025-08-13T09:00:21-07:00" level=info msg="Tool required for debug" tool="builtin:serial-discovery@1.4.1"
time="2025-08-13T09:00:21-07:00" level=info msg="Tool required for debug" tool="arduino:dfu-util@0.11.0-arduino5"
time="2025-08-13T09:00:21-07:00" level=info msg="Tool required for debug" tool="esp32:esp-rv32@2411"
time="2025-08-13T09:00:21-07:00" level=info msg="Tool required for debug" tool="esp32:esp-x32@2411"
time="2025-08-13T09:00:21-07:00" level=info msg="Tool required for debug" tool="esp32:esp32-arduino-libs@idf-release_v5.5-b66b5448-v1"
time="2025-08-13T09:00:21-07:00" level=info msg="Tool required for debug" tool="esp32:esptool_py@5.0.0"
time="2025-08-13T09:00:21-07:00" level=info msg="Tool required for debug" tool="esp32:mklittlefs@3.0.0-gnu12-dc7f933"
time="2025-08-13T09:00:21-07:00" level=info msg="Tool required for debug" tool="esp32:mkspiffs@0.2.3"
time="2025-08-13T09:00:21-07:00" level=info msg="Tool required for debug" tool="esp32:openocd-esp32@v0.12.0-esp32-20250422"
time="2025-08-13T09:00:21-07:00" level=info msg="Tool required for debug" tool="esp32:riscv32-esp-elf-gdb@16.2_20250324"
time="2025-08-13T09:00:21-07:00" level=info msg="Tool required for debug" tool="esp32:xtensa-esp-elf-gdb@16.2_20250324"
time="2025-08-13T09:00:21-07:00" level=info msg="Tool required for debug" tool="arduino:avr-gcc@7.3.0-atmel3.6.1-arduino7"
time="2025-08-13T09:00:21-07:00" level=info msg="Tool required for debug" tool="builtin:serial-monitor@0.15.0"
time="2025-08-13T09:00:21-07:00" level=info msg="Tool required for debug" tool="builtin:dfu-discovery@0.1.2"
time="2025-08-13T09:00:21-07:00" level=info msg="Tool required for debug" tool="builtin:ctags@5.8-arduino11"
time="2025-08-13T09:00:21-07:00" level=info msg="Tool required for debug" tool="arduino:arduinoOTA@1.3.0"
time="2025-08-13T09:00:21-07:00" level=info msg="Tool required for debug" tool="arduino:avrdude@6.3.0-arduino17"
time="2025-08-13T09:00:21-07:00" level=info msg="Tool required for debug" tool="builtin:mdns-discovery@1.0.9"
time="2025-08-13T09:00:21-07:00" level=info msg="Tool required for debug" tool="builtin:serial-discovery@1.4.1"
time="2025-08-13T09:00:21-07:00" level=info msg="Tool required for debug" tool="arduino:dfu-util@0.11.0-arduino5"
time="2025-08-13T09:00:21-07:00" level=info msg="Tool required for debug" tool="esp32:esp-rv32@2411"
time="2025-08-13T09:00:21-07:00" level=info msg="Tool required for debug" tool="esp32:esp-x32@2411"
time="2025-08-13T09:00:21-07:00" level=info msg="Tool required for debug" tool="esp32:esp32-arduino-libs@idf-release_v5.5-b66b5448-v1"
time="2025-08-13T09:00:21-07:00" level=info msg="Tool required for debug" tool="esp32:esptool_py@5.0.0"
time="2025-08-13T09:00:21-07:00" level=info msg="Tool required for debug" tool="esp32:mklittlefs@3.0.0-gnu12-dc7f933"
time="2025-08-13T09:00:21-07:00" level=info msg="Tool required for debug" tool="esp32:mkspiffs@0.2.3"
time="2025-08-13T09:00:21-07:00" level=info msg="Tool required for debug" tool="esp32:openocd-esp32@v0.12.0-esp32-20250422"
time="2025-08-13T09:00:21-07:00" level=info msg="Tool required for debug" tool="esp32:riscv32-esp-elf-gdb@16.2_20250324"
time="2025-08-13T09:00:21-07:00" level=info msg="Tool required for debug" tool="esp32:xtensa-esp-elf-gdb@16.2_20250324"
time="2025-08-13T09:00:21-07:00" level=info msg="Tool required for debug" tool="arduino:avr-gcc@7.3.0-atmel3.6.1-arduino7"
time="2025-08-13T09:00:21-07:00" level=info msg="Tool required for debug" tool="builtin:serial-discovery@1.4.1"
time="2025-08-13T09:00:21-07:00" level=info msg="Tool required for debug" tool="builtin:dfu-discovery@0.1.2"
time="2025-08-13T09:00:21-07:00" level=info msg="Tool required for debug" tool="arduino:arduinoOTA@1.3.0"
time="2025-08-13T09:00:21-07:00" level=info msg="Tool required for debug" tool="builtin:ctags@5.8-arduino11"
time="2025-08-13T09:00:21-07:00" level=info msg="Tool required for debug" tool="arduino:avrdude@6.3.0-arduino17"
time="2025-08-13T09:00:21-07:00" level=info msg="Tool required for debug" tool="builtin:mdns-discovery@1.0.9"
time="2025-08-13T09:00:21-07:00" level=info msg="Tool required for debug" tool="builtin:serial-monitor@0.15.0"
time="2025-08-13T09:00:21-07:00" level=info msg="Tool required for debug" tool="arduino:dfu-util@0.11.0-arduino5"
time="2025-08-13T09:00:21-07:00" level=info msg="Tool required for debug" tool="esp32:esp-rv32@2411"
time="2025-08-13T09:00:21-07:00" level=info msg="Tool required for debug" tool="esp32:esp-x32@2411"
time="2025-08-13T09:00:21-07:00" level=info msg="Tool required for debug" tool="esp32:esp32-arduino-libs@idf-release_v5.5-b66b5448-v1"
time="2025-08-13T09:00:21-07:00" level=info msg="Tool required for debug" tool="esp32:esptool_py@5.0.0"
time="2025-08-13T09:00:21-07:00" level=info msg="Tool required for debug" tool="esp32:mklittlefs@3.0.0-gnu12-dc7f933"
time="2025-08-13T09:00:21-07:00" level=info msg="Tool required for debug" tool="esp32:mkspiffs@0.2.3"
time="2025-08-13T09:00:21-07:00" level=info msg="Tool required for debug" tool="esp32:openocd-esp32@v0.12.0-esp32-20250422"
time="2025-08-13T09:00:21-07:00" level=info msg="Tool required for debug" tool="esp32:riscv32-esp-elf-gdb@16.2_20250324"
time="2025-08-13T09:00:21-07:00" level=info msg="Tool required for debug" tool="esp32:xtensa-esp-elf-gdb@16.2_20250324"
time="2025-08-13T09:00:21-07:00" level=info msg="Tool required for debug" tool="arduino:avr-gcc@7.3.0-atmel3.6.1-arduino7"
time="2025-08-13T09:00:21-07:00" level=info msg="Tool required for debug" tool="arduino:avrdude@6.3.0-arduino17"
time="2025-08-13T09:00:21-07:00" level=info msg="Tool required for debug" tool="builtin:mdns-discovery@1.0.9"
time="2025-08-13T09:00:21-07:00" level=info msg="Tool required for debug" tool="builtin:serial-monitor@0.15.0"
time="2025-08-13T09:00:21-07:00" level=info msg="Tool required for debug" tool="builtin:dfu-discovery@0.1.2"
time="2025-08-13T09:00:21-07:00" level=info msg="Tool required for debug" tool="builtin:ctags@5.8-arduino11"
time="2025-08-13T09:00:21-07:00" level=info msg="Tool required for debug" tool="arduino:arduinoOTA@1.3.0"
time="2025-08-13T09:00:21-07:00" level=info msg="Tool required for debug" tool="builtin:serial-discovery@1.4.1"
time="2025-08-13T09:00:21-07:00" level=info msg="Tool required for debug" tool="arduino:dfu-util@0.11.0-arduino5"
time="2025-08-13T09:00:21-07:00" level=info msg="Tool required for debug" tool="esp32:esp-rv32@2411"
time="2025-08-13T09:00:21-07:00" level=info msg="Tool required for debug" tool="esp32:esp-x32@2411"
time="2025-08-13T09:00:21-07:00" level=info msg="Tool required for debug" tool="esp32:esp32-arduino-libs@idf-release_v5.5-b66b5448-v1"
time="2025-08-13T09:00:21-07:00" level=info msg="Tool required for debug" tool="esp32:esptool_py@5.0.0"
time="2025-08-13T09:00:21-07:00" level=info msg="Tool required for debug" tool="esp32:mklittlefs@3.0.0-gnu12-dc7f933"
time="2025-08-13T09:00:21-07:00" level=info msg="Tool required for debug" tool="esp32:mkspiffs@0.2.3"
time="2025-08-13T09:00:21-07:00" level=info msg="Tool required for debug" tool="esp32:openocd-esp32@v0.12.0-esp32-20250422"
time="2025-08-13T09:00:21-07:00" level=info msg="Tool required for debug" tool="esp32:riscv32-esp-elf-gdb@16.2_20250324"
time="2025-08-13T09:00:21-07:00" level=info msg="Tool required for debug" tool="esp32:xtensa-esp-elf-gdb@16.2_20250324"
time="2025-08-13T09:00:21-07:00" level=info msg="Tool required for debug" tool="builtin:dfu-discovery@0.1.2"
time="2025-08-13T09:00:21-07:00" level=info msg="Tool required for debug" tool="arduino:avrdude@6.3.0-arduino17"
time="2025-08-13T09:00:21-07:00" level=info msg="Tool required for debug" tool="builtin:ctags@5.8-arduino11"
time="2025-08-13T09:00:21-07:00" level=info msg="Tool required for debug" tool="builtin:mdns-discovery@1.0.9"
time="2025-08-13T09:00:21-07:00" level=info msg="Tool required for debug" tool="builtin:serial-discovery@1.4.1"
time="2025-08-13T09:00:21-07:00" level=info msg="Tool required for debug" tool="arduino:arduinoOTA@1.3.0"
time="2025-08-13T09:00:21-07:00" level=info msg="Tool required for debug" tool="arduino:avr-gcc@7.3.0-atmel3.6.1-arduino7"
time="2025-08-13T09:00:21-07:00" level=info msg="Tool required for debug" tool="builtin:serial-monitor@0.15.0"
time="2025-08-13T09:00:21-07:00" level=info msg="Tool required for debug" tool="arduino:dfu-util@0.11.0-arduino5"
time="2025-08-13T09:00:21-07:00" level=info msg="Tool required for debug" tool="esp32:esp-rv32@2411"
time="2025-08-13T09:00:21-07:00" level=info msg="Tool required for debug" tool="esp32:esp-x32@2411"
time="2025-08-13T09:00:21-07:00" level=info msg="Tool required for debug" tool="esp32:esp32-arduino-libs@idf-release_v5.5-b66b5448-v1"
time="2025-08-13T09:00:21-07:00" level=info msg="Tool required for debug" tool="esp32:esptool_py@5.0.0"
time="2025-08-13T09:00:21-07:00" level=info msg="Tool required for debug" tool="esp32:mklittlefs@3.0.0-gnu12-dc7f933"
time="2025-08-13T09:00:21-07:00" level=info msg="Tool required for debug" tool="esp32:mkspiffs@0.2.3"
time="2025-08-13T09:00:21-07:00" level=info msg="Tool required for debug" tool="esp32:openocd-esp32@v0.12.0-esp32-20250422"
time="2025-08-13T09:00:21-07:00" level=info msg="Tool required for debug" tool="esp32:riscv32-esp-elf-gdb@16.2_20250324"
time="2025-08-13T09:00:21-07:00" level=info msg="Tool required for debug" tool="esp32:xtensa-esp-elf-gdb@16.2_20250324"
time="2025-08-13T09:00:21-07:00" level=info msg="Tool required for debug" tool="arduino:avr-gcc@7.3.0-atmel3.6.1-arduino7"
time="2025-08-13T09:00:21-07:00" level=info msg="Tool required for debug" tool="builtin:dfu-discovery@0.1.2"
time="2025-08-13T09:00:21-07:00" level=info msg="Tool required for debug" tool="builtin:serial-discovery@1.4.1"
time="2025-08-13T09:00:21-07:00" level=info msg="Tool required for debug" tool="arduino:arduinoOTA@1.3.0"
time="2025-08-13T09:00:21-07:00" level=info msg="Tool required for debug" tool="builtin:serial-monitor@0.15.0"
time="2025-08-13T09:00:21-07:00" level=info msg="Tool required for debug" tool="builtin:ctags@5.8-arduino11"
time="2025-08-13T09:00:21-07:00" level=info msg="Tool required for debug" tool="builtin:mdns-discovery@1.0.9"
time="2025-08-13T09:00:21-07:00" level=info msg="Tool required for debug" tool="arduino:avrdude@6.3.0-arduino17"
time="2025-08-13T09:00:21-07:00" level=info msg="Tool required for debug" tool="arduino:dfu-util@0.11.0-arduino5"
time="2025-08-13T09:00:21-07:00" level=info msg="Tool required for debug" tool="esp32:esp-rv32@2411"
time="2025-08-13T09:00:21-07:00" level=info msg="Tool required for debug" tool="esp32:esp-x32@2411"
time="2025-08-13T09:00:21-07:00" level=info msg="Tool required for debug" tool="esp32:esp32-arduino-libs@idf-release_v5.5-b66b5448-v1"
time="2025-08-13T09:00:21-07:00" level=info msg="Tool required for debug" tool="esp32:esptool_py@5.0.0"
time="2025-08-13T09:00:21-07:00" level=info msg="Tool required for debug" tool="esp32:mklittlefs@3.0.0-gnu12-dc7f933"
time="2025-08-13T09:00:21-07:00" level=info msg="Tool required for debug" tool="esp32:mkspiffs@0.2.3"
time="2025-08-13T09:00:21-07:00" level=info msg="Tool required for debug" tool="esp32:openocd-esp32@v0.12.0-esp32-20250422"
time="2025-08-13T09:00:21-07:00" level=info msg="Tool required for debug" tool="esp32:riscv32-esp-elf-gdb@16.2_20250324"
time="2025-08-13T09:00:21-07:00" level=info msg="Tool required for debug" tool="esp32:xtensa-esp-elf-gdb@16.2_20250324"
time="2025-08-13T09:00:21-07:00" level=info msg="Tool required for debug" tool="arduino:arduinoOTA@1.3.0"
time="2025-08-13T09:00:21-07:00" level=info msg="Tool required for debug" tool="builtin:serial-discovery@1.4.1"
time="2025-08-13T09:00:21-07:00" level=info msg="Tool required for debug" tool="arduino:avr-gcc@7.3.0-atmel3.6.1-arduino7"
time="2025-08-13T09:00:21-07:00" level=info msg="Tool required for debug" tool="builtin:mdns-discovery@1.0.9"
time="2025-08-13T09:00:21-07:00" level=info msg="Tool required for debug" tool="arduino:avrdude@6.3.0-arduino17"
time="2025-08-13T09:00:21-07:00" level=info msg="Tool required for debug" tool="builtin:serial-monitor@0.15.0"
time="2025-08-13T09:00:21-07:00" level=info msg="Tool required for debug" tool="builtin:dfu-discovery@0.1.2"
time="2025-08-13T09:00:21-07:00" level=info msg="Tool required for debug" tool="builtin:ctags@5.8-arduino11"
time="2025-08-13T09:00:21-07:00" level=info msg="Tool required for debug" tool="arduino:dfu-util@0.11.0-arduino5"
time="2025-08-13T09:00:21-07:00" level=info msg="Tool required for debug" tool="esp32:esp-rv32@2411"
time="2025-08-13T09:00:21-07:00" level=info msg="Tool required for debug" tool="esp32:esp-x32@2411"
time="2025-08-13T09:00:21-07:00" level=info msg="Tool required for debug" tool="esp32:esp32-arduino-libs@idf-release_v5.5-b66b5448-v1"
time="2025-08-13T09:00:21-07:00" level=info msg="Tool required for debug" tool="esp32:esptool_py@5.0.0"
time="2025-08-13T09:00:21-07:00" level=info msg="Tool required for debug" tool="esp32:mklittlefs@3.0.0-gnu12-dc7f933"
time="2025-08-13T09:00:21-07:00" level=info msg="Tool required for debug" tool="esp32:mkspiffs@0.2.3"
time="2025-08-13T09:00:21-07:00" level=info msg="Tool required for debug" tool="esp32:openocd-esp32@v0.12.0-esp32-20250422"
time="2025-08-13T09:00:21-07:00" level=info msg="Tool required for debug" tool="esp32:riscv32-esp-elf-gdb@16.2_20250324"
time="2025-08-13T09:00:21-07:00" level=info msg="Tool required for debug" tool="esp32:xtensa-esp-elf-gdb@16.2_20250324"
time="2025-08-13T09:00:21-07:00" level=info msg="Tool required for debug" tool="arduino:avrdude@6.3.0-arduino17"
time="2025-08-13T09:00:21-07:00" level=info msg="Tool required for debug" tool="arduino:arduinoOTA@1.3.0"
time="2025-08-13T09:00:21-07:00" level=info msg="Tool required for debug" tool="builtin:ctags@5.8-arduino11"
time="2025-08-13T09:00:21-07:00" level=info msg="Tool required for debug" tool="builtin:serial-monitor@0.15.0"
time="2025-08-13T09:00:21-07:00" level=info msg="Tool required for debug" tool="arduino:avr-gcc@7.3.0-atmel3.6.1-arduino7"
time="2025-08-13T09:00:21-07:00" level=info msg="Tool required for debug" tool="builtin:dfu-discovery@0.1.2"
time="2025-08-13T09:00:21-07:00" level=info msg="Tool required for debug" tool="builtin:mdns-discovery@1.0.9"
time="2025-08-13T09:00:21-07:00" level=info msg="Tool required for debug" tool="builtin:serial-discovery@1.4.1"
time="2025-08-13T09:00:21-07:00" level=info msg="Tool required for debug" tool="arduino:dfu-util@0.11.0-arduino5"
time="2025-08-13T09:00:21-07:00" level=info msg="Tool required for debug" tool="esp32:esp-rv32@2411"
time="2025-08-13T09:00:21-07:00" level=info msg="Tool required for debug" tool="esp32:esp-x32@2411"
time="2025-08-13T09:00:21-07:00" level=info msg="Tool required for debug" tool="esp32:esp32-arduino-libs@idf-release_v5.5-b66b5448-v1"
time="2025-08-13T09:00:21-07:00" level=info msg="Tool required for debug" tool="esp32:esptool_py@5.0.0"
time="2025-08-13T09:00:21-07:00" level=info msg="Tool required for debug" tool="esp32:mklittlefs@3.0.0-gnu12-dc7f933"
time="2025-08-13T09:00:21-07:00" level=info msg="Tool required for debug" tool="esp32:mkspiffs@0.2.3"
time="2025-08-13T09:00:21-07:00" level=info msg="Tool required for debug" tool="esp32:openocd-esp32@v0.12.0-esp32-20250422"
time="2025-08-13T09:00:21-07:00" level=info msg="Tool required for debug" tool="esp32:riscv32-esp-elf-gdb@16.2_20250324"
time="2025-08-13T09:00:21-07:00" level=info msg="Tool required for debug" tool="esp32:xtensa-esp-elf-gdb@16.2_20250324"
time="2025-08-13T09:00:21-07:00" level=info msg="Tool required for debug" tool="builtin:serial-discovery@1.4.1"
time="2025-08-13T09:00:21-07:00" level=info msg="Tool required for debug" tool="builtin:dfu-discovery@0.1.2"
time="2025-08-13T09:00:21-07:00" level=info msg="Tool required for debug" tool="arduino:arduinoOTA@1.3.0"
time="2025-08-13T09:00:21-07:00" level=info msg="Tool required for debug" tool="builtin:serial-monitor@0.15.0"
time="2025-08-13T09:00:21-07:00" level=info msg="Tool required for debug" tool="arduino:avrdude@6.3.0-arduino17"
time="2025-08-13T09:00:21-07:00" level=info msg="Tool required for debug" tool="arduino:avr-gcc@7.3.0-atmel3.6.1-arduino7"
time="2025-08-13T09:00:21-07:00" level=info msg="Tool required for debug" tool="builtin:ctags@5.8-arduino11"
time="2025-08-13T09:00:21-07:00" level=info msg="Tool required for debug" tool="builtin:mdns-discovery@1.0.9"
time="2025-08-13T09:00:21-07:00" level=info msg="Tool required for debug" tool="arduino:dfu-util@0.11.0-arduino5"
time="2025-08-13T09:00:21-07:00" level=info msg="Tool required for debug" tool="esp32:esp-rv32@2411"
time="2025-08-13T09:00:21-07:00" level=info msg="Tool required for debug" tool="esp32:esp-x32@2411"
time="2025-08-13T09:00:21-07:00" level=info msg="Tool required for debug" tool="esp32:esp32-arduino-libs@idf-release_v5.5-b66b5448-v1"
time="2025-08-13T09:00:21-07:00" level=info msg="Tool required for debug" tool="esp32:esptool_py@5.0.0"
time="2025-08-13T09:00:21-07:00" level=info msg="Tool required for debug" tool="esp32:mklittlefs@3.0.0-gnu12-dc7f933"
time="2025-08-13T09:00:21-07:00" level=info msg="Tool required for debug" tool="esp32:mkspiffs@0.2.3"
time="2025-08-13T09:00:21-07:00" level=info msg="Tool required for debug" tool="esp32:openocd-esp32@v0.12.0-esp32-20250422"
time="2025-08-13T09:00:21-07:00" level=info msg="Tool required for debug" tool="esp32:riscv32-esp-elf-gdb@16.2_20250324"
time="2025-08-13T09:00:21-07:00" level=info msg="Tool required for debug" tool="esp32:xtensa-esp-elf-gdb@16.2_20250324"
time="2025-08-13T09:00:21-07:00" level=info msg="Tool required for debug" tool="arduino:avrdude@6.3.0-arduino17"
time="2025-08-13T09:00:21-07:00" level=info msg="Tool required for debug" tool="arduino:arduinoOTA@1.3.0"
time="2025-08-13T09:00:21-07:00" level=info msg="Tool required for debug" tool="builtin:serial-discovery@1.4.1"
time="2025-08-13T09:00:21-07:00" level=info msg="Tool required for debug" tool="builtin:dfu-discovery@0.1.2"
time="2025-08-13T09:00:21-07:00" level=info msg="Tool required for debug" tool="arduino:avr-gcc@7.3.0-atmel3.6.1-arduino7"
time="2025-08-13T09:00:21-07:00" level=info msg="Tool required for debug" tool="builtin:ctags@5.8-arduino11"
time="2025-08-13T09:00:21-07:00" level=info msg="Tool required for debug" tool="builtin:serial-monitor@0.15.0"
time="2025-08-13T09:00:21-07:00" level=info msg="Tool required for debug" tool="builtin:mdns-discovery@1.0.9"
time="2025-08-13T09:00:21-07:00" level=info msg="Tool required for debug" tool="arduino:dfu-util@0.11.0-arduino5"
time="2025-08-13T09:00:21-07:00" level=info msg="Tool required for debug" tool="esp32:esp-rv32@2411"
time="2025-08-13T09:00:21-07:00" level=info msg="Tool required for debug" tool="esp32:esp-x32@2411"
time="2025-08-13T09:00:21-07:00" level=info msg="Tool required for debug" tool="esp32:esp32-arduino-libs@idf-release_v5.5-b66b5448-v1"
time="2025-08-13T09:00:21-07:00" level=info msg="Tool required for debug" tool="esp32:esptool_py@5.0.0"
time="2025-08-13T09:00:21-07:00" level=info msg="Tool required for debug" tool="esp32:mklittlefs@3.0.0-gnu12-dc7f933"
time="2025-08-13T09:00:21-07:00" level=info msg="Tool required for debug" tool="esp32:mkspiffs@0.2.3"
time="2025-08-13T09:00:21-07:00" level=info msg="Tool required for debug" tool="esp32:openocd-esp32@v0.12.0-esp32-20250422"
time="2025-08-13T09:00:21-07:00" level=info msg="Tool required for debug" tool="esp32:riscv32-esp-elf-gdb@16.2_20250324"
time="2025-08-13T09:00:21-07:00" level=info msg="Tool required for debug" tool="esp32:xtensa-esp-elf-gdb@16.2_20250324"
time="2025-08-13T09:00:21-07:00" level=info msg="Tool required for debug" tool="arduino:avrdude@6.3.0-arduino17"
time="2025-08-13T09:00:21-07:00" level=info msg="Tool required for debug" tool="builtin:ctags@5.8-arduino11"
time="2025-08-13T09:00:21-07:00" level=info msg="Tool required for debug" tool="arduino:avr-gcc@7.3.0-atmel3.6.1-arduino7"
time="2025-08-13T09:00:21-07:00" level=info msg="Tool required for debug" tool="arduino:arduinoOTA@1.3.0"
time="2025-08-13T09:00:21-07:00" level=info msg="Tool required for debug" tool="builtin:serial-monitor@0.15.0"
time="2025-08-13T09:00:21-07:00" level=info msg="Tool required for debug" tool="builtin:dfu-discovery@0.1.2"
time="2025-08-13T09:00:21-07:00" level=info msg="Tool required for debug" tool="builtin:mdns-discovery@1.0.9"
time="2025-08-13T09:00:21-07:00" level=info msg="Tool required for debug" tool="builtin:serial-discovery@1.4.1"
time="2025-08-13T09:00:21-07:00" level=info msg="Tool required for debug" tool="arduino:dfu-util@0.11.0-arduino5"
time="2025-08-13T09:00:21-07:00" level=info msg="Tool required for debug" tool="esp32:esp-rv32@2411"
time="2025-08-13T09:00:21-07:00" level=info msg="Tool required for debug" tool="esp32:esp-x32@2411"
time="2025-08-13T09:00:21-07:00" level=info msg="Tool required for debug" tool="esp32:esp32-arduino-libs@idf-release_v5.5-b66b5448-v1"
time="2025-08-13T09:00:21-07:00" level=info msg="Tool required for debug" tool="esp32:esptool_py@5.0.0"
time="2025-08-13T09:00:21-07:00" level=info msg="Tool required for debug" tool="esp32:mklittlefs@3.0.0-gnu12-dc7f933"
time="2025-08-13T09:00:21-07:00" level=info msg="Tool required for debug" tool="esp32:mkspiffs@0.2.3"
time="2025-08-13T09:00:21-07:00" level=info msg="Tool required for debug" tool="esp32:openocd-esp32@v0.12.0-esp32-20250422"
time="2025-08-13T09:00:21-07:00" level=info msg="Tool required for debug" tool="esp32:riscv32-esp-elf-gdb@16.2_20250324"
time="2025-08-13T09:00:21-07:00" level=info msg="Tool required for debug" tool="esp32:xtensa-esp-elf-gdb@16.2_20250324"
time="2025-08-13T09:00:21-07:00" level=info msg="Tool required for debug" tool="arduino:arduinoOTA@1.3.0"
time="2025-08-13T09:00:21-07:00" level=info msg="Tool required for debug" tool="arduino:avrdude@6.3.0-arduino17"
time="2025-08-13T09:00:21-07:00" level=info msg="Tool required for debug" tool="builtin:ctags@5.8-arduino11"
time="2025-08-13T09:00:21-07:00" level=info msg="Tool required for debug" tool="builtin:mdns-discovery@1.0.9"
time="2025-08-13T09:00:21-07:00" level=info msg="Tool required for debug" tool="builtin:dfu-discovery@0.1.2"
time="2025-08-13T09:00:21-07:00" level=info msg="Tool required for debug" tool="builtin:serial-discovery@1.4.1"
time="2025-08-13T09:00:21-07:00" level=info msg="Tool required for debug" tool="arduino:avr-gcc@7.3.0-atmel3.6.1-arduino7"
time="2025-08-13T09:00:21-07:00" level=info msg="Tool required for debug" tool="builtin:serial-monitor@0.15.0"
time="2025-08-13T09:00:21-07:00" level=info msg="Tool required for debug" tool="arduino:dfu-util@0.11.0-arduino5"
time="2025-08-13T09:00:21-07:00" level=info msg="Tool required for debug" tool="esp32:esp-rv32@2411"
time="2025-08-13T09:00:21-07:00" level=info msg="Tool required for debug" tool="esp32:esp-x32@2411"
time="2025-08-13T09:00:21-07:00" level=info msg="Tool required for debug" tool="esp32:esp32-arduino-libs@idf-release_v5.5-b66b5448-v1"
time="2025-08-13T09:00:21-07:00" level=info msg="Tool required for debug" tool="esp32:esptool_py@5.0.0"
time="2025-08-13T09:00:21-07:00" level=info msg="Tool required for debug" tool="esp32:mklittlefs@3.0.0-gnu12-dc7f933"
time="2025-08-13T09:00:21-07:00" level=info msg="Tool required for debug" tool="esp32:mkspiffs@0.2.3"
time="2025-08-13T09:00:21-07:00" level=info msg="Tool required for debug" tool="esp32:openocd-esp32@v0.12.0-esp32-20250422"
time="2025-08-13T09:00:21-07:00" level=info msg="Tool required for debug" tool="esp32:riscv32-esp-elf-gdb@16.2_20250324"
time="2025-08-13T09:00:21-07:00" level=info msg="Tool required for debug" tool="esp32:xtensa-esp-elf-gdb@16.2_20250324"
time="2025-08-13T09:00:21-07:00" level=info msg="Tool required for debug" tool="builtin:serial-monitor@0.15.0"
time="2025-08-13T09:00:21-07:00" level=info msg="Tool required for debug" tool="arduino:arduinoOTA@1.3.0"
time="2025-08-13T09:00:21-07:00" level=info msg="Tool required for debug" tool="builtin:dfu-discovery@0.1.2"
time="2025-08-13T09:00:21-07:00" level=info msg="Tool required for debug" tool="builtin:mdns-discovery@1.0.9"
time="2025-08-13T09:00:21-07:00" level=info msg="Tool required for debug" tool="builtin:ctags@5.8-arduino11"
time="2025-08-13T09:00:21-07:00" level=info msg="Tool required for debug" tool="builtin:serial-discovery@1.4.1"
time="2025-08-13T09:00:21-07:00" level=info msg="Tool required for debug" tool="arduino:avr-gcc@7.3.0-atmel3.6.1-arduino7"
time="2025-08-13T09:00:21-07:00" level=info msg="Tool required for debug" tool="arduino:avrdude@6.3.0-arduino17"
time="2025-08-13T09:00:21-07:00" level=info msg="Tool required for debug" tool="arduino:dfu-util@0.11.0-arduino5"
time="2025-08-13T09:00:21-07:00" level=info msg="Tool required for debug" tool="esp32:esp-rv32@2411"
time="2025-08-13T09:00:21-07:00" level=info msg="Tool required for debug" tool="esp32:esp-x32@2411"
time="2025-08-13T09:00:21-07:00" level=info msg="Tool required for debug" tool="esp32:esp32-arduino-libs@idf-release_v5.5-b66b5448-v1"
time="2025-08-13T09:00:21-07:00" level=info msg="Tool required for debug" tool="esp32:esptool_py@5.0.0"
time="2025-08-13T09:00:21-07:00" level=info msg="Tool required for debug" tool="esp32:mklittlefs@3.0.0-gnu12-dc7f933"
time="2025-08-13T09:00:21-07:00" level=info msg="Tool required for debug" tool="esp32:mkspiffs@0.2.3"
time="2025-08-13T09:00:21-07:00" level=info msg="Tool required for debug" tool="esp32:openocd-esp32@v0.12.0-esp32-20250422"
2025-08-13 09:00:21 2025-08-13T16:00:21.909Z daemon INFO time="2025-08-13T09:00:21-07:00" level=info msg="Tool required for debug" tool="esp32:riscv32-esp-elf-gdb@16.2_20250324"
time="2025-08-13T09:00:21-07:00" level=info msg="Tool required for debug" tool="esp32:xtensa-esp-elf-gdb@16.2_20250324"
time="2025-08-13T09:00:21-07:00" level=info msg="Tool required for debug" tool="arduino:dfu-util@0.11.0-arduino5"
time="2025-08-13T09:00:21-07:00" level=info msg="Tool required for debug" tool="esp32:esp-rv32@2411"
time="2025-08-13T09:00:21-07:00" level=info msg="Tool required for debug" tool="esp32:esp-x32@2411"
time="2025-08-13T09:00:21-07:00" level=info msg="Tool required for debug" tool="arduino:dfu-util@0.11.0-arduino5"
time="2025-08-13T09:00:21-07:00" level=info msg="Tool required for debug" tool="esp32:esp-rv32@2411"
time="2025-08-13T09:00:21-07:00" level=info msg="Tool required for debug" tool="esp32:esp-x32@2411"
time="2025-08-13T09:00:21-07:00" level=info msg="Tool required for debug" tool="esp32:esp32-arduino-libs@idf-release_v5.5-b66b5448-v1"
time="2025-08-13T09:00:21-07:00" level=info msg="Tool required for debug" tool="esp32:esptool_py@5.0.0"
time="2025-08-13T09:00:21-07:00" level=info msg="Tool required for debug" tool="esp32:mklittlefs@3.0.0-gnu12-dc7f933"
time="2025-08-13T09:00:21-07:00" level=info msg="Tool required for debug" tool="esp32:mkspiffs@0.2.3"
time="2025-08-13T09:00:21-07:00" level=info msg="Tool required for debug" tool="esp32:openocd-esp32@v0.12.0-esp32-20250422"
time="2025-08-13T09:00:21-07:00" level=info msg="Tool required for debug" tool="esp32:riscv32-esp-elf-gdb@16.2_20250324"
time="2025-08-13T09:00:21-07:00" level=info msg="Tool required for debug" tool="esp32:xtensa-esp-elf-gdb@16.2_20250324"
time="2025-08-13T09:00:21-07:00" level=info msg="Tool required for debug" tool="arduino:avrdude@6.3.0-arduino17"
time="2025-08-13T09:00:21-07:00" level=info msg="Tool required for debug" tool="arduino:arduinoOTA@1.3.0"
time="2025-08-13T09:00:21-07:00" level=info msg="Tool required for debug" tool="esp32:esp32-arduino-libs@idf-release_v5.5-b66b5448-v1"
time="2025-08-13T09:00:21-07:00" level=info msg="Tool required for debug" tool="esp32:esptool_py@5.0.0"
time="2025-08-13T09:00:21-07:00" level=info msg="Tool required for debug" tool="esp32:mklittlefs@3.0.0-gnu12-dc7f933"
time="2025-08-13T09:00:21-07:00" level=info msg="Tool required for debug" tool="arduino:avrdude@6.3.0-arduino17"
time="2025-08-13T09:00:21-07:00" level=info msg="Tool required for debug" tool="arduino:avr-gcc@7.3.0-atmel3.6.1-arduino7"
time="2025-08-13T09:00:21-07:00" level=info msg="Tool required for debug" tool="esp32:mkspiffs@0.2.3"
time="2025-08-13T09:00:21-07:00" level=info msg="Tool required for debug" tool="esp32:openocd-esp32@v0.12.0-esp32-20250422"
time="2025-08-13T09:00:21-07:00" level=info msg="Tool required for debug" tool="esp32:riscv32-esp-elf-gdb@16.2_20250324"
time="2025-08-13T09:00:21-07:00" level=info msg="Tool required for debug" tool="esp32:xtensa-esp-elf-gdb@16.2_20250324"
time="2025-08-13T09:00:21-07:00" level=info msg="Tool required for debug" tool="builtin:serial-discovery@1.4.1"
time="2025-08-13T09:00:21-07:00" level=info msg="Tool required for debug" tool="builtin:serial-discovery@1.4.1"
time="2025-08-13T09:00:21-07:00" level=info msg="Tool required for debug" tool="arduino:avr-gcc@7.3.0-atmel3.6.1-arduino7"
time="2025-08-13T09:00:21-07:00" level=info msg="Tool required for debug" tool="builtin:mdns-discovery@1.0.9"
time="2025-08-13T09:00:21-07:00" level=info msg="Tool required for debug" tool="builtin:dfu-discovery@0.1.2"
time="2025-08-13T09:00:21-07:00" level=info msg="Tool required for debug" tool="arduino:avr-gcc@7.3.0-atmel3.6.1-arduino7"
time="2025-08-13T09:00:21-07:00" level=info msg="Tool required for debug" tool="builtin:serial-discovery@1.4.1"
time="2025-08-13T09:00:21-07:00" level=info msg="Tool required for debug" tool="arduino:arduinoOTA@1.3.0"
time="2025-08-13T09:00:21-07:00" level=info msg="Tool required for debug" tool="builtin:ctags@5.8-arduino11"
time="2025-08-13T09:00:21-07:00" level=info msg="Tool required for debug" tool="arduino:arduinoOTA@1.3.0"
time="2025-08-13T09:00:21-07:00" level=info msg="Tool required for debug" tool="arduino:avrdude@6.3.0-arduino17"
time="2025-08-13T09:00:21-07:00" level=info msg="Tool required for debug" tool="builtin:mdns-discovery@1.0.9"
time="2025-08-13T09:00:21-07:00" level=info msg="Tool required for debug" tool="builtin:serial-monitor@0.15.0"
time="2025-08-13T09:00:21-07:00" level=info msg="Tool required for debug" tool="builtin:serial-monitor@0.15.0"
time="2025-08-13T09:00:21-07:00" level=info msg="Tool required for debug" tool="builtin:dfu-discovery@0.1.2"
time="2025-08-13T09:00:21-07:00" level=info msg="Tool required for debug" tool="builtin:dfu-discovery@0.1.2"
time="2025-08-13T09:00:21-07:00" level=info msg="Tool required for debug" tool="builtin:ctags@5.8-arduino11"
time="2025-08-13T09:00:21-07:00" level=info msg="Tool required for debug" tool="builtin:mdns-discovery@1.0.9"
time="2025-08-13T09:00:21-07:00" level=info msg="Tool required for debug" tool="builtin:serial-monitor@0.15.0"
time="2025-08-13T09:00:21-07:00" level=info msg="Tool required for debug" tool="builtin:ctags@5.8-arduino11"
2025-08-13 09:00:21 2025-08-13T16:00:21.911Z daemon INFO time="2025-08-13T09:00:21-07:00" level=info msg="Tool required for debug" tool="arduino:dfu-util@0.11.0-arduino5"
time="2025-08-13T09:00:21-07:00" level=info msg="Tool required for debug" tool="esp32:esp-rv32@2411"
time="2025-08-13T09:00:21-07:00" level=info msg="Tool required for debug" tool="esp32:esp-x32@2411"
time="2025-08-13T09:00:21-07:00" level=info msg="Tool required for debug" tool="esp32:esp32-arduino-libs@idf-release_v5.5-b66b5448-v1"
time="2025-08-13T09:00:21-07:00" level=info msg="Tool required for debug" tool="esp32:esptool_py@5.0.0"
2025-08-13 09:00:21 2025-08-13T16:00:21.911Z daemon INFO time="2025-08-13T09:00:21-07:00" level=info msg="Tool required for debug" tool="esp32:mklittlefs@3.0.0-gnu12-dc7f933"
time="2025-08-13T09:00:21-07:00" level=info msg="Tool required for debug" tool="esp32:mkspiffs@0.2.3"
time="2025-08-13T09:00:21-07:00" level=info msg="Tool required for debug" tool="esp32:openocd-esp32@v0.12.0-esp32-20250422"
2025-08-13 09:00:21 2025-08-13T16:00:21.911Z daemon INFO time="2025-08-13T09:00:21-07:00" level=info msg="Tool required for debug" tool="esp32:riscv32-esp-elf-gdb@16.2_20250324"
time="2025-08-13T09:00:21-07:00" level=info msg="Tool required for debug" tool="esp32:xtensa-esp-elf-gdb@16.2_20250324"
2025-08-13 09:00:21 2025-08-13T16:00:21.911Z daemon INFO time="2025-08-13T09:00:21-07:00" level=info msg="Tool required for debug" tool="builtin:mdns-discovery@1.0.9"
2025-08-13 09:00:21 2025-08-13T16:00:21.912Z daemon INFO time="2025-08-13T09:00:21-07:00" level=info msg="Tool required for debug" tool="arduino:dfu-util@0.11.0-arduino5"
time="2025-08-13T09:00:21-07:00" level=info msg="Tool required for debug" tool="esp32:esp-rv32@2411"
2025-08-13 09:00:21 2025-08-13T16:00:21.912Z daemon INFO time="2025-08-13T09:00:21-07:00" level=info msg="Tool required for debug" tool="esp32:esp-x32@2411"
time="2025-08-13T09:00:21-07:00" level=info msg="Tool required for debug" tool="esp32:esp32-arduino-libs@idf-release_v5.5-b66b5448-v1"
time="2025-08-13T09:00:21-07:00" level=info msg="Tool required for debug" tool="esp32:esptool_py@5.0.0"
time="2025-08-13T09:00:21-07:00" level=info msg="Tool required for debug" tool="esp32:mklittlefs@3.0.0-gnu12-dc7f933"
time="2025-08-13T09:00:21-07:00" level=info msg="Tool required for debug" tool="esp32:mkspiffs@0.2.3"
time="2025-08-13T09:00:21-07:00" level=info msg="Tool required for debug" tool="esp32:openocd-esp32@v0.12.0-esp32-20250422"
time="2025-08-13T09:00:21-07:00" level=info msg="Tool required for debug" tool="esp32:riscv32-esp-elf-gdb@16.2_20250324"
time="2025-08-13T09:00:21-07:00" level=info msg="Tool required for debug" tool="esp32:xtensa-esp-elf-gdb@16.2_20250324"
time="2025-08-13T09:00:21-07:00" level=info msg="Tool required for debug" tool="builtin:ctags@5.8-arduino11"
time="2025-08-13T09:00:21-07:00" level=info msg="Tool required for debug" tool="arduino:arduinoOTA@1.3.0"
time="2025-08-13T09:00:21-07:00" level=info msg="Tool required for debug" tool="arduino:arduinoOTA@1.3.0"
time="2025-08-13T09:00:21-07:00" level=info msg="Tool required for debug" tool="builtin:serial-discovery@1.4.1"
time="2025-08-13T09:00:21-07:00" level=info msg="Tool required for debug" tool="builtin:serial-monitor@0.15.0"
time="2025-08-13T09:00:21-07:00" level=info msg="Tool required for debug" tool="builtin:serial-monitor@0.15.0"
2025-08-13 09:00:21 2025-08-13T16:00:21.913Z daemon INFO time="2025-08-13T09:00:21-07:00" level=info msg="Tool required for debug" tool="arduino:avrdude@6.3.0-arduino17"
time="2025-08-13T09:00:21-07:00" level=info msg="Tool required for debug" tool="builtin:dfu-discovery@0.1.2"
time="2025-08-13T09:00:21-07:00" level=info msg="Tool required for debug" tool="arduino:avrdude@6.3.0-arduino17"
time="2025-08-13T09:00:21-07:00" level=info msg="Tool required for debug" tool="arduino:avr-gcc@7.3.0-atmel3.6.1-arduino7"
time="2025-08-13T09:00:21-07:00" level=info msg="Tool required for debug" tool="arduino:avr-gcc@7.3.0-atmel3.6.1-arduino7"
time="2025-08-13T09:00:21-07:00" level=info msg="Tool required for debug" tool="builtin:dfu-discovery@0.1.2"
time="2025-08-13T09:00:21-07:00" level=info msg="Tool required for debug" tool="builtin:mdns-discovery@1.0.9"
time="2025-08-13T09:00:21-07:00" level=info msg="Tool required for debug" tool="builtin:ctags@5.8-arduino11"
time="2025-08-13T09:00:21-07:00" level=info msg="Tool required for debug" tool="builtin:serial-discovery@1.4.1"
time="2025-08-13T09:00:21-07:00" level=info msg="Tool required for debug" tool="arduino:dfu-util@0.11.0-arduino5"
time="2025-08-13T09:00:21-07:00" level=info msg="Tool required for debug" tool="esp32:esp-rv32@2411"
time="2025-08-13T09:00:21-07:00" level=info msg="Tool required for debug" tool="esp32:esp-x32@2411"
time="2025-08-13T09:00:21-07:00" level=info msg="Tool required for debug" tool="esp32:esp32-arduino-libs@idf-release_v5.5-b66b5448-v1"
time="2025-08-13T09:00:21-07:00" level=info msg="Tool required for debug" tool="esp32:esptool_py@5.0.0"
time="2025-08-13T09:00:21-07:00" level=info msg="Tool required for debug" tool="esp32:mklittlefs@3.0.0-gnu12-dc7f933"
time="2025-08-13T09:00:21-07:00" level=info msg="Tool required for debug" tool="esp32:mkspiffs@0.2.3"
time="2025-08-13T09:00:21-07:00" level=info msg="Tool required for debug" tool="esp32:openocd-esp32@v0.12.0-esp32-20250422"
time="2025-08-13T09:00:21-07:00" level=info msg="Tool required for debug" tool="esp32:riscv32-esp-elf-gdb@16.2_20250324"
time="2025-08-13T09:00:21-07:00" level=info msg="Tool required for debug" tool="esp32:xtensa-esp-elf-gdb@16.2_20250324"
time="2025-08-13T09:00:21-07:00" level=info msg="Tool required for debug" tool="builtin:serial-monitor@0.15.0"
time="2025-08-13T09:00:21-07:00" level=info msg="Tool required for debug" tool="builtin:ctags@5.8-arduino11"
time="2025-08-13T09:00:21-07:00" level=info msg="Tool required for debug" tool="builtin:dfu-discovery@0.1.2"
time="2025-08-13T09:00:21-07:00" level=info msg="Tool required for debug" tool="builtin:serial-discovery@1.4.1"
time="2025-08-13T09:00:21-07:00" level=info msg="Tool required for debug" tool="arduino:avrdude@6.3.0-arduino17"
time="2025-08-13T09:00:21-07:00" level=info msg="Tool required for debug" tool="arduino:avr-gcc@7.3.0-atmel3.6.1-arduino7"
time="2025-08-13T09:00:21-07:00" level=info msg="Tool required for debug" tool="arduino:arduinoOTA@1.3.0"
time="2025-08-13T09:00:21-07:00" level=info msg="Tool required for debug" tool="builtin:mdns-discovery@1.0.9"
2025-08-13 09:00:21 2025-08-13T16:00:21.919Z daemon INFO time="2025-08-13T09:00:21-07:00" level=info msg="Tool required for debug" tool="arduino:dfu-util@0.11.0-arduino5"
time="2025-08-13T09:00:21-07:00" level=info msg="Tool required for debug" tool="esp32:esp-rv32@2411"
time="2025-08-13T09:00:21-07:00" level=info msg="Tool required for debug" tool="esp32:esp-x32@2411"
time="2025-08-13T09:00:21-07:00" level=info msg="Tool required for debug" tool="esp32:esp32-arduino-libs@idf-release_v5.5-b66b5448-v1"
time="2025-08-13T09:00:21-07:00" level=info msg="Tool required for debug" tool="esp32:esptool_py@5.0.0"
time="2025-08-13T09:00:21-07:00" level=info msg="Tool required for debug" tool="esp32:mklittlefs@3.0.0-gnu12-dc7f933"
2025-08-13 09:00:21 2025-08-13T16:00:21.919Z daemon INFO time="2025-08-13T09:00:21-07:00" level=info msg="Tool required for debug" tool="esp32:mkspiffs@0.2.3"
time="2025-08-13T09:00:21-07:00" level=info msg="Tool required for debug" tool="esp32:openocd-esp32@v0.12.0-esp32-20250422"
time="2025-08-13T09:00:21-07:00" level=info msg="Tool required for debug" tool="esp32:riscv32-esp-elf-gdb@16.2_20250324"
time="2025-08-13T09:00:21-07:00" level=info msg="Tool required for debug" tool="esp32:xtensa-esp-elf-gdb@16.2_20250324"
time="2025-08-13T09:00:21-07:00" level=info msg="Tool required for debug" tool="builtin:serial-discovery@1.4.1"
time="2025-08-13T09:00:21-07:00" level=info msg="Tool required for debug" tool="builtin:ctags@5.8-arduino11"
time="2025-08-13T09:00:21-07:00" level=info msg="Tool required for debug" tool="arduino:avr-gcc@7.3.0-atmel3.6.1-arduino7"
time="2025-08-13T09:00:21-07:00" level=info msg="Tool required for debug" tool="builtin:serial-monitor@0.15.0"
time="2025-08-13T09:00:21-07:00" level=info msg="Tool required for debug" tool="arduino:avrdude@6.3.0-arduino17"
time="2025-08-13T09:00:21-07:00" level=info msg="Tool required for debug" tool="builtin:mdns-discovery@1.0.9"
2025-08-13 09:00:21 2025-08-13T16:00:21.919Z daemon INFO time="2025-08-13T09:00:21-07:00" level=info msg="Tool required for debug" tool="arduino:arduinoOTA@1.3.0"
time="2025-08-13T09:00:21-07:00" level=info msg="Tool required for debug" tool="builtin:dfu-discovery@0.1.2"
2025-08-13 09:00:21 2025-08-13T16:00:21.924Z daemon INFO time="2025-08-13T09:00:21-07:00" level=info msg="Tool required for debug" tool="arduino:dfu-util@0.11.0-arduino5"
time="2025-08-13T09:00:21-07:00" level=info msg="Tool required for debug" tool="esp32:esp-rv32@2411"
2025-08-13 09:00:21 2025-08-13T16:00:21.924Z daemon INFO time="2025-08-13T09:00:21-07:00" level=info msg="Tool required for debug" tool="esp32:esp-x32@2411"
time="2025-08-13T09:00:21-07:00" level=info msg="Tool required for debug" tool="esp32:esp32-arduino-libs@idf-release_v5.5-b66b5448-v1"
time="2025-08-13T09:00:21-07:00" level=info msg="Tool required for debug" tool="esp32:esptool_py@5.0.0"
time="2025-08-13T09:00:21-07:00" level=info msg="Tool required for debug" tool="esp32:mklittlefs@3.0.0-gnu12-dc7f933"
2025-08-13 09:00:21 2025-08-13T16:00:21.924Z daemon INFO time="2025-08-13T09:00:21-07:00" level=info msg="Tool required for debug" tool="esp32:mkspiffs@0.2.3"
time="2025-08-13T09:00:21-07:00" level=info msg="Tool required for debug" tool="esp32:openocd-esp32@v0.12.0-esp32-20250422"
2025-08-13 09:00:21 2025-08-13T16:00:21.924Z daemon INFO time="2025-08-13T09:00:21-07:00" level=info msg="Tool required for debug" tool="esp32:riscv32-esp-elf-gdb@16.2_20250324"
time="2025-08-13T09:00:21-07:00" level=info msg="Tool required for debug" tool="esp32:xtensa-esp-elf-gdb@16.2_20250324"
time="2025-08-13T09:00:21-07:00" level=info msg="Tool required for debug" tool="builtin:mdns-discovery@1.0.9"
2025-08-13 09:00:21 2025-08-13T16:00:21.924Z daemon INFO time="2025-08-13T09:00:21-07:00" level=info msg="Tool required for debug" tool="builtin:serial-monitor@0.15.0"
2025-08-13 09:00:21 2025-08-13T16:00:21.924Z daemon INFO time="2025-08-13T09:00:21-07:00" level=info msg="Tool required for debug" tool="arduino:avrdude@6.3.0-arduino17"
2025-08-13 09:00:21 2025-08-13T16:00:21.924Z daemon INFO time="2025-08-13T09:00:21-07:00" level=info msg="Tool required for debug" tool="builtin:ctags@5.8-arduino11"
time="2025-08-13T09:00:21-07:00" level=info msg="Tool required for debug" tool="builtin:serial-discovery@1.4.1"
2025-08-13 09:00:21 2025-08-13T16:00:21.924Z daemon INFO time="2025-08-13T09:00:21-07:00" level=info msg="Tool required for debug" tool="arduino:arduinoOTA@1.3.0"
2025-08-13 09:00:21 2025-08-13T16:00:21.924Z daemon INFO time="2025-08-13T09:00:21-07:00" level=info msg="Tool required for debug" tool="builtin:dfu-discovery@0.1.2"
2025-08-13 09:00:21 2025-08-13T16:00:21.924Z daemon INFO time="2025-08-13T09:00:21-07:00" level=info msg="Tool required for debug" tool="arduino:avr-gcc@7.3.0-atmel3.6.1-arduino7"
2025-08-13 09:00:21 2025-08-13T16:00:21.926Z daemon INFO time="2025-08-13T09:00:21-07:00" level=info msg="Tool required for debug" tool="arduino:dfu-util@0.11.0-arduino5"
time="2025-08-13T09:00:21-07:00" level=info msg="Tool required for debug" tool="esp32:esp-rv32@2411"
2025-08-13 09:00:21 2025-08-13T16:00:21.926Z daemon INFO time="2025-08-13T09:00:21-07:00" level=info msg="Tool required for debug" tool="esp32:esp-x32@2411"
time="2025-08-13T09:00:21-07:00" level=info msg="Tool required for debug" tool="esp32:esp32-arduino-libs@idf-release_v5.5-b66b5448-v1"
2025-08-13 09:00:21 2025-08-13T16:00:21.926Z daemon INFO time="2025-08-13T09:00:21-07:00" level=info msg="Tool required for debug" tool="esp32:esptool_py@5.0.0"
2025-08-13 09:00:21 2025-08-13T16:00:21.926Z daemon INFO time="2025-08-13T09:00:21-07:00" level=info msg="Tool required for debug" tool="esp32:mklittlefs@3.0.0-gnu12-dc7f933"
2025-08-13 09:00:21 2025-08-13T16:00:21.926Z daemon INFO time="2025-08-13T09:00:21-07:00" level=info msg="Tool required for debug" tool="esp32:mkspiffs@0.2.3"
2025-08-13 09:00:21 2025-08-13T16:00:21.926Z daemon INFO time="2025-08-13T09:00:21-07:00" level=info msg="Tool required for debug" tool="esp32:openocd-esp32@v0.12.0-esp32-20250422"
2025-08-13 09:00:21 2025-08-13T16:00:21.926Z daemon INFO time="2025-08-13T09:00:21-07:00" level=info msg="Tool required for debug" tool="esp32:riscv32-esp-elf-gdb@16.2_20250324"
2025-08-13 09:00:21 2025-08-13T16:00:21.926Z daemon INFO time="2025-08-13T09:00:21-07:00" level=info msg="Tool required for debug" tool="esp32:xtensa-esp-elf-gdb@16.2_20250324"
2025-08-13 09:00:21 2025-08-13T16:00:21.926Z daemon INFO time="2025-08-13T09:00:21-07:00" level=info msg="Tool required for debug" tool="builtin:serial-monitor@0.15.0"
2025-08-13 09:00:21 2025-08-13T16:00:21.926Z daemon INFO time="2025-08-13T09:00:21-07:00" level=info msg="Tool required for debug" tool="builtin:ctags@5.8-arduino11"
2025-08-13 09:00:21 2025-08-13T16:00:21.926Z daemon INFO time="2025-08-13T09:00:21-07:00" level=info msg="Tool required for debug" tool="builtin:mdns-discovery@1.0.9"
2025-08-13 09:00:21 2025-08-13T16:00:21.926Z daemon INFO time="2025-08-13T09:00:21-07:00" level=info msg="Tool required for debug" tool="arduino:avr-gcc@7.3.0-atmel3.6.1-arduino7"
2025-08-13 09:00:21 2025-08-13T16:00:21.926Z daemon INFO time="2025-08-13T09:00:21-07:00" level=info msg="Tool required for debug" tool="arduino:arduinoOTA@1.3.0"
2025-08-13 09:00:21 2025-08-13T16:00:21.926Z daemon INFO time="2025-08-13T09:00:21-07:00" level=info msg="Tool required for debug" tool="arduino:avrdude@6.3.0-arduino17"
2025-08-13 09:00:21 2025-08-13T16:00:21.926Z daemon INFO time="2025-08-13T09:00:21-07:00" level=info msg="Tool required for debug" tool="builtin:serial-discovery@1.4.1"
2025-08-13 09:00:21 2025-08-13T16:00:21.926Z daemon INFO time="2025-08-13T09:00:21-07:00" level=info msg="Tool required for debug" tool="builtin:dfu-discovery@0.1.2"
2025-08-13 09:00:21 2025-08-13T16:00:21.927Z daemon INFO time="2025-08-13T09:00:21-07:00" level=info msg="Tool required for debug" tool="arduino:dfu-util@0.11.0-arduino5"
2025-08-13 09:00:21 2025-08-13T16:00:21.927Z daemon INFO time="2025-08-13T09:00:21-07:00" level=info msg="Tool required for debug" tool="esp32:esp-rv32@2411"
2025-08-13 09:00:21 2025-08-13T16:00:21.927Z daemon INFO time="2025-08-13T09:00:21-07:00" level=info msg="Tool required for debug" tool="esp32:esp-x32@2411"
2025-08-13 09:00:21 2025-08-13T16:00:21.927Z daemon INFO time="2025-08-13T09:00:21-07:00" level=info msg="Tool required for debug" tool="esp32:esp32-arduino-libs@idf-release_v5.5-b66b5448-v1"
2025-08-13 09:00:21 2025-08-13T16:00:21.927Z daemon INFO time="2025-08-13T09:00:21-07:00" level=info msg="Tool required for debug" tool="esp32:esptool_py@5.0.0"
2025-08-13 09:00:21 2025-08-13T16:00:21.927Z daemon INFO time="2025-08-13T09:00:21-07:00" level=info msg="Tool required for debug" tool="esp32:mklittlefs@3.0.0-gnu12-dc7f933"
2025-08-13 09:00:21 2025-08-13T16:00:21.927Z daemon INFO time="2025-08-13T09:00:21-07:00" level=info msg="Tool required for debug" tool="esp32:mkspiffs@0.2.3"
2025-08-13 09:00:21 2025-08-13T16:00:21.927Z daemon INFO time="2025-08-13T09:00:21-07:00" level=info msg="Tool required for debug" tool="esp32:openocd-esp32@v0.12.0-esp32-20250422"
2025-08-13 09:00:21 2025-08-13T16:00:21.927Z daemon INFO time="2025-08-13T09:00:21-07:00" level=info msg="Tool required for debug" tool="esp32:riscv32-esp-elf-gdb@16.2_20250324"
2025-08-13 09:00:21 2025-08-13T16:00:21.927Z daemon INFO time="2025-08-13T09:00:21-07:00" level=info msg="Tool required for debug" tool="esp32:xtensa-esp-elf-gdb@16.2_20250324"
2025-08-13 09:00:21 2025-08-13T16:00:21.927Z daemon INFO time="2025-08-13T09:00:21-07:00" level=info msg="Tool required for debug" tool="arduino:avr-gcc@7.3.0-atmel3.6.1-arduino7"
2025-08-13 09:00:21 2025-08-13T16:00:21.927Z daemon INFO time="2025-08-13T09:00:21-07:00" level=info msg="Tool required for debug" tool="builtin:ctags@5.8-arduino11"
2025-08-13 09:00:21 2025-08-13T16:00:21.927Z daemon INFO time="2025-08-13T09:00:21-07:00" level=info msg="Tool required for debug" tool="builtin:mdns-discovery@1.0.9"
2025-08-13 09:00:21 2025-08-13T16:00:21.927Z daemon INFO time="2025-08-13T09:00:21-07:00" level=info msg="Tool required for debug" tool="arduino:avrdude@6.3.0-arduino17"
2025-08-13 09:00:21 2025-08-13T16:00:21.927Z daemon INFO time="2025-08-13T09:00:21-07:00" level=info msg="Tool required for debug" tool="arduino:arduinoOTA@1.3.0"
2025-08-13 09:00:21 2025-08-13T16:00:21.927Z daemon INFO time="2025-08-13T09:00:21-07:00" level=info msg="Tool required for debug" tool="builtin:serial-discovery@1.4.1"
2025-08-13 09:00:21 2025-08-13T16:00:21.927Z daemon INFO time="2025-08-13T09:00:21-07:00" level=info msg="Tool required for debug" tool="builtin:dfu-discovery@0.1.2"
2025-08-13 09:00:21 2025-08-13T16:00:21.928Z daemon INFO time="2025-08-13T09:00:21-07:00" level=info msg="Tool required for debug" tool="builtin:serial-monitor@0.15.0"
2025-08-13 09:00:21 2025-08-13T16:00:21.931Z daemon INFO time="2025-08-13T09:00:21-07:00" level=info msg="Tool required for debug" tool="arduino:dfu-util@0.11.0-arduino5"
2025-08-13 09:00:21 2025-08-13T16:00:21.931Z daemon INFO time="2025-08-13T09:00:21-07:00" level=info msg="Tool required for debug" tool="esp32:esp-rv32@2411"
time="2025-08-13T09:00:21-07:00" level=info msg="Tool required for debug" tool="esp32:esp-x32@2411"
2025-08-13 09:00:21 2025-08-13T16:00:21.931Z daemon INFO time="2025-08-13T09:00:21-07:00" level=info msg="Tool required for debug" tool="esp32:esp32-arduino-libs@idf-release_v5.5-b66b5448-v1"
2025-08-13 09:00:21 2025-08-13T16:00:21.931Z daemon INFO time="2025-08-13T09:00:21-07:00" level=info msg="Tool required for debug" tool="esp32:esptool_py@5.0.0"
time="2025-08-13T09:00:21-07:00" level=info msg="Tool required for debug" tool="esp32:mklittlefs@3.0.0-gnu12-dc7f933"
2025-08-13 09:00:21 2025-08-13T16:00:21.931Z daemon INFO time="2025-08-13T09:00:21-07:00" level=info msg="Tool required for debug" tool="esp32:mkspiffs@0.2.3"
2025-08-13 09:00:21 2025-08-13T16:00:21.931Z daemon INFO time="2025-08-13T09:00:21-07:00" level=info msg="Tool required for debug" tool="esp32:openocd-esp32@v0.12.0-esp32-20250422"
time="2025-08-13T09:00:21-07:00" level=info msg="Tool required for debug" tool="esp32:riscv32-esp-elf-gdb@16.2_20250324"
2025-08-13 09:00:21 2025-08-13T16:00:21.931Z daemon INFO time="2025-08-13T09:00:21-07:00" level=info msg="Tool required for debug" tool="esp32:xtensa-esp-elf-gdb@16.2_20250324"
time="2025-08-13T09:00:21-07:00" level=info msg="Tool required for debug" tool="arduino:arduinoOTA@1.3.0"
2025-08-13 09:00:21 2025-08-13T16:00:21.931Z daemon INFO time="2025-08-13T09:00:21-07:00" level=info msg="Tool required for debug" tool="builtin:serial-discovery@1.4.1"
2025-08-13 09:00:21 2025-08-13T16:00:21.931Z daemon INFO time="2025-08-13T09:00:21-07:00" level=info msg="Tool required for debug" tool="builtin:serial-monitor@0.15.0"
2025-08-13 09:00:21 2025-08-13T16:00:21.931Z daemon INFO time="2025-08-13T09:00:21-07:00" level=info msg="Tool required for debug" tool="arduino:avr-gcc@7.3.0-atmel3.6.1-arduino7"
2025-08-13 09:00:21 2025-08-13T16:00:21.931Z daemon INFO time="2025-08-13T09:00:21-07:00" level=info msg="Tool required for debug" tool="builtin:mdns-discovery@1.0.9"
2025-08-13 09:00:21 2025-08-13T16:00:21.931Z daemon INFO time="2025-08-13T09:00:21-07:00" level=info msg="Tool required for debug" tool="builtin:ctags@5.8-arduino11"
2025-08-13 09:00:21 2025-08-13T16:00:21.931Z daemon INFO time="2025-08-13T09:00:21-07:00" level=info msg="Tool required for debug" tool="arduino:avrdude@6.3.0-arduino17"
2025-08-13 09:00:21 2025-08-13T16:00:21.931Z daemon INFO time="2025-08-13T09:00:21-07:00" level=info msg="Tool required for debug" tool="builtin:dfu-discovery@0.1.2"
2025-08-13 09:00:21 2025-08-13T16:00:21.932Z daemon INFO time="2025-08-13T09:00:21-07:00" level=info msg="Tool required for debug" tool="arduino:dfu-util@0.11.0-arduino5"
2025-08-13 09:00:21 2025-08-13T16:00:21.932Z daemon INFO time="2025-08-13T09:00:21-07:00" level=info msg="Tool required for debug" tool="esp32:esp-rv32@2411"
time="2025-08-13T09:00:21-07:00" level=info msg="Tool required for debug" tool="esp32:esp-x32@2411"
2025-08-13 09:00:21 2025-08-13T16:00:21.932Z daemon INFO time="2025-08-13T09:00:21-07:00" level=info msg="Tool required for debug" tool="esp32:esp32-arduino-libs@idf-release_v5.5-b66b5448-v1"
time="2025-08-13T09:00:21-07:00" level=info msg="Tool required for debug" tool="esp32:esptool_py@5.0.0"
2025-08-13 09:00:21 2025-08-13T16:00:21.932Z daemon INFO time="2025-08-13T09:00:21-07:00" level=info msg="Tool required for debug" tool="esp32:mklittlefs@3.0.0-gnu12-dc7f933"
time="2025-08-13T09:00:21-07:00" level=info msg="Tool required for debug" tool="esp32:mkspiffs@0.2.3"
time="2025-08-13T09:00:21-07:00" level=info msg="Tool required for debug" tool="esp32:openocd-esp32@v0.12.0-esp32-20250422"
2025-08-13 09:00:21 2025-08-13T16:00:21.932Z daemon INFO time="2025-08-13T09:00:21-07:00" level=info msg="Tool required for debug" tool="esp32:riscv32-esp-elf-gdb@16.2_20250324"
time="2025-08-13T09:00:21-07:00" level=info msg="Tool required for debug" tool="esp32:xtensa-esp-elf-gdb@16.2_20250324"
2025-08-13 09:00:21 2025-08-13T16:00:21.932Z daemon INFO time="2025-08-13T09:00:21-07:00" level=info msg="Tool required for debug" tool="arduino:avrdude@6.3.0-arduino17"
time="2025-08-13T09:00:21-07:00" level=info msg="Tool required for debug" tool="arduino:avr-gcc@7.3.0-atmel3.6.1-arduino7"
2025-08-13 09:00:21 2025-08-13T16:00:21.932Z daemon INFO time="2025-08-13T09:00:21-07:00" level=info msg="Tool required for debug" tool="builtin:mdns-discovery@1.0.9"
2025-08-13 09:00:21 2025-08-13T16:00:21.932Z daemon INFO time="2025-08-13T09:00:21-07:00" level=info msg="Tool required for debug" tool="builtin:serial-monitor@0.15.0"
2025-08-13 09:00:21 2025-08-13T16:00:21.932Z daemon INFO time="2025-08-13T09:00:21-07:00" level=info msg="Tool required for debug" tool="builtin:dfu-discovery@0.1.2"
time="2025-08-13T09:00:21-07:00" level=info msg="Tool required for debug" tool="arduino:arduinoOTA@1.3.0"
2025-08-13 09:00:21 2025-08-13T16:00:21.932Z daemon INFO time="2025-08-13T09:00:21-07:00" level=info msg="Tool required for debug" tool="builtin:serial-discovery@1.4.1"
2025-08-13 09:00:21 2025-08-13T16:00:21.932Z daemon INFO time="2025-08-13T09:00:21-07:00" level=info msg="Tool required for debug" tool="builtin:ctags@5.8-arduino11"
2025-08-13 09:00:21 2025-08-13T16:00:21.938Z daemon INFO time="2025-08-13T09:00:21-07:00" level=info msg="Tool required for debug" tool="arduino:dfu-util@0.11.0-arduino5"
time="2025-08-13T09:00:21-07:00" level=info msg="Tool required for debug" tool="esp32:esp-rv32@2411"
time="2025-08-13T09:00:21-07:00" level=info msg="Tool required for debug" tool="esp32:esp-x32@2411"
2025-08-13 09:00:21 2025-08-13T16:00:21.938Z daemon INFO time="2025-08-13T09:00:21-07:00" level=info msg="Tool required for debug" tool="esp32:esp32-arduino-libs@idf-release_v5.5-b66b5448-v1"
time="2025-08-13T09:00:21-07:00" level=info msg="Tool required for debug" tool="esp32:esptool_py@5.0.0"
time="2025-08-13T09:00:21-07:00" level=info msg="Tool required for debug" tool="esp32:mklittlefs@3.0.0-gnu12-dc7f933"
time="2025-08-13T09:00:21-07:00" level=info msg="Tool required for debug" tool="esp32:mkspiffs@0.2.3"
time="2025-08-13T09:00:21-07:00" level=info msg="Tool required for debug" tool="esp32:openocd-esp32@v0.12.0-esp32-20250422"
2025-08-13 09:00:21 2025-08-13T16:00:21.938Z daemon INFO time="2025-08-13T09:00:21-07:00" level=info msg="Tool required for debug" tool="esp32:riscv32-esp-elf-gdb@16.2_20250324"
time="2025-08-13T09:00:21-07:00" level=info msg="Tool required for debug" tool="esp32:xtensa-esp-elf-gdb@16.2_20250324"
time="2025-08-13T09:00:21-07:00" level=info msg="Tool required for debug" tool="builtin:serial-discovery@1.4.1"
2025-08-13 09:00:21 2025-08-13T16:00:21.938Z daemon INFO time="2025-08-13T09:00:21-07:00" level=info msg="Tool required for debug" tool="builtin:serial-monitor@0.15.0"
2025-08-13 09:00:21 2025-08-13T16:00:21.938Z daemon INFO time="2025-08-13T09:00:21-07:00" level=info msg="Tool required for debug" tool="arduino:avrdude@6.3.0-arduino17"
time="2025-08-13T09:00:21-07:00" level=info msg="Tool required for debug" tool="builtin:dfu-discovery@0.1.2"
time="2025-08-13T09:00:21-07:00" level=info msg="Tool required for debug" tool="builtin:mdns-discovery@1.0.9"
2025-08-13 09:00:21 2025-08-13T16:00:21.938Z daemon INFO time="2025-08-13T09:00:21-07:00" level=info msg="Tool required for debug" tool="builtin:ctags@5.8-arduino11"
time="2025-08-13T09:00:21-07:00" level=info msg="Tool required for debug" tool="arduino:arduinoOTA@1.3.0"
2025-08-13 09:00:21 2025-08-13T16:00:21.938Z daemon INFO time="2025-08-13T09:00:21-07:00" level=info msg="Tool required for debug" tool="arduino:avr-gcc@7.3.0-atmel3.6.1-arduino7"
2025-08-13 09:00:21 2025-08-13T16:00:21.938Z daemon INFO time="2025-08-13T09:00:21-07:00" level=info msg="Tool required for debug" tool="arduino:dfu-util@0.11.0-arduino5"
2025-08-13 09:00:21 2025-08-13T16:00:21.938Z daemon INFO time="2025-08-13T09:00:21-07:00" level=info msg="Tool required for debug" tool="esp32:esp-rv32@2411"
time="2025-08-13T09:00:21-07:00" level=info msg="Tool required for debug" tool="esp32:esp-x32@2411"
2025-08-13 09:00:21 2025-08-13T16:00:21.938Z daemon INFO time="2025-08-13T09:00:21-07:00" level=info msg="Tool required for debug" tool="esp32:esp32-arduino-libs@idf-release_v5.5-b66b5448-v1"
time="2025-08-13T09:00:21-07:00" level=info msg="Tool required for debug" tool="esp32:esptool_py@5.0.0"
time="2025-08-13T09:00:21-07:00" level=info msg="Tool required for debug" tool="esp32:mklittlefs@3.0.0-gnu12-dc7f933"
time="2025-08-13T09:00:21-07:00" level=info msg="Tool required for debug" tool="esp32:mkspiffs@0.2.3"
2025-08-13 09:00:21 2025-08-13T16:00:21.938Z daemon INFO time="2025-08-13T09:00:21-07:00" level=info msg="Tool required for debug" tool="esp32:openocd-esp32@v0.12.0-esp32-20250422"
time="2025-08-13T09:00:21-07:00" level=info msg="Tool required for debug" tool="esp32:riscv32-esp-elf-gdb@16.2_20250324"
2025-08-13 09:00:21 2025-08-13T16:00:21.938Z daemon INFO time="2025-08-13T09:00:21-07:00" level=info msg="Tool required for debug" tool="esp32:xtensa-esp-elf-gdb@16.2_20250324"
time="2025-08-13T09:00:21-07:00" level=info msg="Tool required for debug" tool="builtin:dfu-discovery@0.1.2"
2025-08-13 09:00:21 2025-08-13T16:00:21.938Z daemon INFO time="2025-08-13T09:00:21-07:00" level=info msg="Tool required for debug" tool="builtin:serial-monitor@0.15.0"
2025-08-13 09:00:21 2025-08-13T16:00:21.938Z daemon INFO time="2025-08-13T09:00:21-07:00" level=info msg="Tool required for debug" tool="arduino:arduinoOTA@1.3.0"
2025-08-13 09:00:21 2025-08-13T16:00:21.938Z daemon INFO time="2025-08-13T09:00:21-07:00" level=info msg="Tool required for debug" tool="arduino:avrdude@6.3.0-arduino17"
time="2025-08-13T09:00:21-07:00" level=info msg="Tool required for debug" tool="builtin:mdns-discovery@1.0.9"
2025-08-13 09:00:21 2025-08-13T16:00:21.938Z daemon INFO time="2025-08-13T09:00:21-07:00" level=info msg="Tool required for debug" tool="arduino:avr-gcc@7.3.0-atmel3.6.1-arduino7"
time="2025-08-13T09:00:21-07:00" level=info msg="Tool required for debug" tool="builtin:ctags@5.8-arduino11"
time="2025-08-13T09:00:21-07:00" level=info msg="Tool required for debug" tool="builtin:serial-discovery@1.4.1"
2025-08-13 09:00:21 2025-08-13T16:00:21.941Z daemon INFO time="2025-08-13T09:00:21-07:00" level=info msg="Tool required for debug" tool="arduino:dfu-util@0.11.0-arduino5"
2025-08-13 09:00:21 2025-08-13T16:00:21.941Z daemon INFO time="2025-08-13T09:00:21-07:00" level=info msg="Tool required for debug" tool="esp32:esp-rv32@2411"
time="2025-08-13T09:00:21-07:00" level=info msg="Tool required for debug" tool="esp32:esp-x32@2411"
2025-08-13 09:00:21 2025-08-13T16:00:21.941Z daemon INFO time="2025-08-13T09:00:21-07:00" level=info msg="Tool required for debug" tool="esp32:esp32-arduino-libs@idf-release_v5.5-b66b5448-v1"
2025-08-13 09:00:21 2025-08-13T16:00:21.941Z daemon INFO time="2025-08-13T09:00:21-07:00" level=info msg="Tool required for debug" tool="esp32:esptool_py@5.0.0"
2025-08-13 09:00:21 2025-08-13T16:00:21.941Z daemon INFO time="2025-08-13T09:00:21-07:00" level=info msg="Tool required for debug" tool="esp32:mklittlefs@3.0.0-gnu12-dc7f933"
2025-08-13 09:00:21 2025-08-13T16:00:21.941Z daemon INFO time="2025-08-13T09:00:21-07:00" level=info msg="Tool required for debug" tool="esp32:mkspiffs@0.2.3"
2025-08-13 09:00:21 2025-08-13T16:00:21.941Z daemon INFO time="2025-08-13T09:00:21-07:00" level=info msg="Tool required for debug" tool="esp32:openocd-esp32@v0.12.0-esp32-20250422"
2025-08-13 09:00:21 2025-08-13T16:00:21.941Z daemon INFO time="2025-08-13T09:00:21-07:00" level=info msg="Tool required for debug" tool="esp32:riscv32-esp-elf-gdb@16.2_20250324"
2025-08-13 09:00:21 2025-08-13T16:00:21.941Z daemon INFO time="2025-08-13T09:00:21-07:00" level=info msg="Tool required for debug" tool="esp32:xtensa-esp-elf-gdb@16.2_20250324"
2025-08-13 09:00:21 2025-08-13T16:00:21.941Z daemon INFO time="2025-08-13T09:00:21-07:00" level=info msg="Tool required for debug" tool="arduino:avr-gcc@7.3.0-atmel3.6.1-arduino7"
2025-08-13 09:00:21 2025-08-13T16:00:21.941Z daemon INFO time="2025-08-13T09:00:21-07:00" level=info msg="Tool required for debug" tool="builtin:serial-discovery@1.4.1"
2025-08-13 09:00:21 2025-08-13T16:00:21.941Z daemon INFO time="2025-08-13T09:00:21-07:00" level=info msg="Tool required for debug" tool="builtin:serial-monitor@0.15.0"
2025-08-13 09:00:21 2025-08-13T16:00:21.941Z daemon INFO time="2025-08-13T09:00:21-07:00" level=info msg="Tool required for debug" tool="builtin:ctags@5.8-arduino11"
2025-08-13 09:00:21 2025-08-13T16:00:21.941Z daemon INFO time="2025-08-13T09:00:21-07:00" level=info msg="Tool required for debug" tool="arduino:arduinoOTA@1.3.0"
2025-08-13 09:00:21 2025-08-13T16:00:21.941Z daemon INFO time="2025-08-13T09:00:21-07:00" level=info msg="Tool required for debug" tool="builtin:mdns-discovery@1.0.9"
2025-08-13 09:00:21 2025-08-13T16:00:21.941Z daemon INFO time="2025-08-13T09:00:21-07:00" level=info msg="Tool required for debug" tool="builtin:dfu-discovery@0.1.2"
2025-08-13 09:00:21 2025-08-13T16:00:21.942Z daemon INFO time="2025-08-13T09:00:21-07:00" level=info msg="Tool required for debug" tool="arduino:avrdude@6.3.0-arduino17"
2025-08-13 09:00:21 2025-08-13T16:00:21.943Z daemon INFO time="2025-08-13T09:00:21-07:00" level=info msg="Tool required for debug" tool="arduino:dfu-util@0.11.0-arduino5"
time="2025-08-13T09:00:21-07:00" level=info msg="Tool required for debug" tool="esp32:esp-rv32@2411"
time="2025-08-13T09:00:21-07:00" level=info msg="Tool required for debug" tool="esp32:esp-x32@2411"
2025-08-13 09:00:21 2025-08-13T16:00:21.943Z daemon INFO time="2025-08-13T09:00:21-07:00" level=info msg="Tool required for debug" tool="esp32:esp32-arduino-libs@idf-release_v5.5-b66b5448-v1"
time="2025-08-13T09:00:21-07:00" level=info msg="Tool required for debug" tool="esp32:esptool_py@5.0.0"
time="2025-08-13T09:00:21-07:00" level=info msg="Tool required for debug" tool="esp32:mklittlefs@3.0.0-gnu12-dc7f933"
time="2025-08-13T09:00:21-07:00" level=info msg="Tool required for debug" tool="esp32:mkspiffs@0.2.3"
time="2025-08-13T09:00:21-07:00" level=info msg="Tool required for debug" tool="esp32:openocd-esp32@v0.12.0-esp32-20250422"
2025-08-13 09:00:21 2025-08-13T16:00:21.943Z daemon INFO time="2025-08-13T09:00:21-07:00" level=info msg="Tool required for debug" tool="esp32:riscv32-esp-elf-gdb@16.2_20250324"
time="2025-08-13T09:00:21-07:00" level=info msg="Tool required for debug" tool="esp32:xtensa-esp-elf-gdb@16.2_20250324"
time="2025-08-13T09:00:21-07:00" level=info msg="Tool required for debug" tool="builtin:serial-monitor@0.15.0"
2025-08-13 09:00:21 2025-08-13T16:00:21.943Z daemon INFO time="2025-08-13T09:00:21-07:00" level=info msg="Tool required for debug" tool="builtin:serial-discovery@1.4.1"
2025-08-13 09:00:21 2025-08-13T16:00:21.943Z daemon INFO time="2025-08-13T09:00:21-07:00" level=info msg="Tool required for debug" tool="arduino:avrdude@6.3.0-arduino17"
time="2025-08-13T09:00:21-07:00" level=info msg="Tool required for debug" tool="builtin:ctags@5.8-arduino11"
2025-08-13 09:00:21 2025-08-13T16:00:21.943Z daemon INFO time="2025-08-13T09:00:21-07:00" level=info msg="Tool required for debug" tool="builtin:dfu-discovery@0.1.2"
2025-08-13 09:00:21 2025-08-13T16:00:21.943Z daemon INFO time="2025-08-13T09:00:21-07:00" level=info msg="Tool required for debug" tool="builtin:mdns-discovery@1.0.9"
time="2025-08-13T09:00:21-07:00" level=info msg="Tool required for debug" tool="arduino:arduinoOTA@1.3.0"
time="2025-08-13T09:00:21-07:00" level=info msg="Tool required for debug" tool="arduino:avr-gcc@7.3.0-atmel3.6.1-arduino7"
2025-08-13 09:00:21 2025-08-13T16:00:21.945Z daemon INFO time="2025-08-13T09:00:21-07:00" level=info msg="Tool required for debug" tool="arduino:dfu-util@0.11.0-arduino5"
time="2025-08-13T09:00:21-07:00" level=info msg="Tool required for debug" tool="esp32:esp-rv32@2411"
time="2025-08-13T09:00:21-07:00" level=info msg="Tool required for debug" tool="esp32:esp-x32@2411"
2025-08-13 09:00:21 2025-08-13T16:00:21.945Z daemon INFO time="2025-08-13T09:00:21-07:00" level=info msg="Tool required for debug" tool="esp32:esp32-arduino-libs@idf-release_v5.5-b66b5448-v1"
time="2025-08-13T09:00:21-07:00" level=info msg="Tool required for debug" tool="esp32:esptool_py@5.0.0"
time="2025-08-13T09:00:21-07:00" level=info msg="Tool required for debug" tool="esp32:mklittlefs@3.0.0-gnu12-dc7f933"
time="2025-08-13T09:00:21-07:00" level=info msg="Tool required for debug" tool="esp32:mkspiffs@0.2.3"
2025-08-13 09:00:21 2025-08-13T16:00:21.945Z daemon INFO time="2025-08-13T09:00:21-07:00" level=info msg="Tool required for debug" tool="esp32:openocd-esp32@v0.12.0-esp32-20250422"
time="2025-08-13T09:00:21-07:00" level=info msg="Tool required for debug" tool="esp32:riscv32-esp-elf-gdb@16.2_20250324"
time="2025-08-13T09:00:21-07:00" level=info msg="Tool required for debug" tool="esp32:xtensa-esp-elf-gdb@16.2_20250324"
2025-08-13 09:00:21 2025-08-13T16:00:21.945Z daemon INFO time="2025-08-13T09:00:21-07:00" level=info msg="Tool required for debug" tool="builtin:ctags@5.8-arduino11"
2025-08-13 09:00:21 2025-08-13T16:00:21.945Z daemon INFO time="2025-08-13T09:00:21-07:00" level=info msg="Tool required for debug" tool="arduino:avr-gcc@7.3.0-atmel3.6.1-arduino7"
time="2025-08-13T09:00:21-07:00" level=info msg="Tool required for debug" tool="builtin:dfu-discovery@0.1.2"
2025-08-13 09:00:21 2025-08-13T16:00:21.946Z daemon INFO time="2025-08-13T09:00:21-07:00" level=info msg="Tool required for debug" tool="builtin:mdns-discovery@1.0.9"
time="2025-08-13T09:00:21-07:00" level=info msg="Tool required for debug" tool="arduino:avrdude@6.3.0-arduino17"
2025-08-13 09:00:21 2025-08-13T16:00:21.946Z daemon INFO time="2025-08-13T09:00:21-07:00" level=info msg="Tool required for debug" tool="builtin:serial-discovery@1.4.1"
2025-08-13 09:00:21 2025-08-13T16:00:21.946Z daemon INFO time="2025-08-13T09:00:21-07:00" level=info msg="Tool required for debug" tool="arduino:arduinoOTA@1.3.0"
time="2025-08-13T09:00:21-07:00" level=info msg="Tool required for debug" tool="builtin:serial-monitor@0.15.0"
2025-08-13 09:00:21 2025-08-13T16:00:21.949Z daemon INFO time="2025-08-13T09:00:21-07:00" level=info msg="Tool required for debug" tool="arduino:dfu-util@0.11.0-arduino5"
time="2025-08-13T09:00:21-07:00" level=info msg="Tool required for debug" tool="esp32:esp-rv32@2411"
time="2025-08-13T09:00:21-07:00" level=info msg="Tool required for debug" tool="esp32:esp-x32@2411"
time="2025-08-13T09:00:21-07:00" level=info msg="Tool required for debug" tool="esp32:esp32-arduino-libs@idf-release_v5.5-b66b5448-v1"
time="2025-08-13T09:00:21-07:00" level=info msg="Tool required for debug" tool="esp32:esptool_py@5.0.0"
time="2025-08-13T09:00:21-07:00" level=info msg="Tool required for debug" tool="esp32:mklittlefs@3.0.0-gnu12-dc7f933"
time="2025-08-13T09:00:21-07:00" level=info msg="Tool required for debug" tool="esp32:mkspiffs@0.2.3"
time="2025-08-13T09:00:21-07:00" level=info msg="Tool required for debug" tool="esp32:openocd-esp32@v0.12.0-esp32-20250422"
time="2025-08-13T09:00:21-07:00" level=info msg="Tool required for debug" tool="esp32:riscv32-esp-elf-gdb@16.2_20250324"
time="2025-08-13T09:00:21-07:00" level=info msg="Tool required for debug" tool="esp32:xtensa-esp-elf-gdb@16.2_20250324"
time="2025-08-13T09:00:21-07:00" level=info msg="Tool required for debug" tool="builtin:ctags@5.8-arduino11"
time="2025-08-13T09:00:21-07:00" level=info msg="Tool required for debug" tool="builtin:dfu-discovery@0.1.2"
time="2025-08-13T09:00:21-07:00" level=info msg="Tool required for debug" tool="arduino:avr-gcc@7.3.0-atmel3.6.1-arduino7"
time="2025-08-13T09:00:21-07:00" level=info msg="Tool required for debug" tool="builtin:mdns-discovery@1.0.9"
2025-08-13 09:00:21 2025-08-13T16:00:21.949Z daemon INFO time="2025-08-13T09:00:21-07:00" level=info msg="Tool required for debug" tool="builtin:serial-discovery@1.4.1"
time="2025-08-13T09:00:21-07:00" level=info msg="Tool required for debug" tool="arduino:arduinoOTA@1.3.0"
time="2025-08-13T09:00:21-07:00" level=info msg="Tool required for debug" tool="arduino:avrdude@6.3.0-arduino17"
time="2025-08-13T09:00:21-07:00" level=info msg="Tool required for debug" tool="builtin:serial-monitor@0.15.0"
2025-08-13 09:00:21 2025-08-13T16:00:21.953Z daemon INFO time="2025-08-13T09:00:21-07:00" level=info msg="Tool required for debug" tool="arduino:dfu-util@0.11.0-arduino5"
time="2025-08-13T09:00:21-07:00" level=info msg="Tool required for debug" tool="esp32:esp-rv32@2411"
time="2025-08-13T09:00:21-07:00" level=info msg="Tool required for debug" tool="esp32:esp-x32@2411"
2025-08-13 09:00:21 2025-08-13T16:00:21.953Z daemon INFO time="2025-08-13T09:00:21-07:00" level=info msg="Tool required for debug" tool="esp32:esp32-arduino-libs@idf-release_v5.5-b66b5448-v1"
time="2025-08-13T09:00:21-07:00" level=info msg="Tool required for debug" tool="esp32:esptool_py@5.0.0"
time="2025-08-13T09:00:21-07:00" level=info msg="Tool required for debug" tool="esp32:mklittlefs@3.0.0-gnu12-dc7f933"
2025-08-13 09:00:21 2025-08-13T16:00:21.953Z daemon INFO time="2025-08-13T09:00:21-07:00" level=info msg="Tool required for debug" tool="esp32:mkspiffs@0.2.3"
time="2025-08-13T09:00:21-07:00" level=info msg="Tool required for debug" tool="esp32:openocd-esp32@v0.12.0-esp32-20250422"
time="2025-08-13T09:00:21-07:00" level=info msg="Tool required for debug" tool="esp32:riscv32-esp-elf-gdb@16.2_20250324"
time="2025-08-13T09:00:21-07:00" level=info msg="Tool required for debug" tool="esp32:xtensa-esp-elf-gdb@16.2_20250324"
time="2025-08-13T09:00:21-07:00" level=info msg="Tool required for debug" tool="arduino:avr-gcc@7.3.0-atmel3.6.1-arduino7"
time="2025-08-13T09:00:21-07:00" level=info msg="Tool required for debug" tool="builtin:dfu-discovery@0.1.2"
time="2025-08-13T09:00:21-07:00" level=info msg="Tool required for debug" tool="arduino:arduinoOTA@1.3.0"
2025-08-13 09:00:21 2025-08-13T16:00:21.953Z daemon INFO time="2025-08-13T09:00:21-07:00" level=info msg="Tool required for debug" tool="builtin:ctags@5.8-arduino11"
2025-08-13 09:00:21 2025-08-13T16:00:21.953Z daemon INFO time="2025-08-13T09:00:21-07:00" level=info msg="Tool required for debug" tool="builtin:mdns-discovery@1.0.9"
2025-08-13 09:00:21 2025-08-13T16:00:21.953Z daemon INFO time="2025-08-13T09:00:21-07:00" level=info msg="Tool required for debug" tool="builtin:serial-monitor@0.15.0"
2025-08-13 09:00:21 2025-08-13T16:00:21.953Z daemon INFO time="2025-08-13T09:00:21-07:00" level=info msg="Tool required for debug" tool="arduino:avrdude@6.3.0-arduino17"
2025-08-13 09:00:21 2025-08-13T16:00:21.953Z daemon INFO time="2025-08-13T09:00:21-07:00" level=info msg="Tool required for debug" tool="builtin:serial-discovery@1.4.1"
2025-08-13 09:00:21 2025-08-13T16:00:21.953Z daemon INFO time="2025-08-13T09:00:21-07:00" level=info msg="Tool required for debug" tool="arduino:dfu-util@0.11.0-arduino5"
2025-08-13 09:00:21 2025-08-13T16:00:21.953Z daemon INFO time="2025-08-13T09:00:21-07:00" level=info msg="Tool required for debug" tool="esp32:esp-rv32@2411"
2025-08-13 09:00:21 2025-08-13T16:00:21.954Z daemon INFO time="2025-08-13T09:00:21-07:00" level=info msg="Tool required for debug" tool="esp32:esp-x32@2411"
2025-08-13 09:00:21 2025-08-13T16:00:21.954Z daemon INFO time="2025-08-13T09:00:21-07:00" level=info msg="Tool required for debug" tool="esp32:esp32-arduino-libs@idf-release_v5.5-b66b5448-v1"
time="2025-08-13T09:00:21-07:00" level=info msg="Tool required for debug" tool="esp32:esptool_py@5.0.0"
2025-08-13 09:00:21 2025-08-13T16:00:21.954Z daemon INFO time="2025-08-13T09:00:21-07:00" level=info msg="Tool required for debug" tool="esp32:mklittlefs@3.0.0-gnu12-dc7f933"
2025-08-13 09:00:21 2025-08-13T16:00:21.954Z daemon INFO time="2025-08-13T09:00:21-07:00" level=info msg="Tool required for debug" tool="esp32:mkspiffs@0.2.3"
2025-08-13 09:00:21 2025-08-13T16:00:21.954Z daemon INFO time="2025-08-13T09:00:21-07:00" level=info msg="Tool required for debug" tool="esp32:openocd-esp32@v0.12.0-esp32-20250422"
2025-08-13 09:00:21 2025-08-13T16:00:21.954Z daemon INFO time="2025-08-13T09:00:21-07:00" level=info msg="Tool required for debug" tool="esp32:riscv32-esp-elf-gdb@16.2_20250324"
time="2025-08-13T09:00:21-07:00" level=info msg="Tool required for debug" tool="esp32:xtensa-esp-elf-gdb@16.2_20250324"
2025-08-13 09:00:21 2025-08-13T16:00:21.954Z daemon INFO time="2025-08-13T09:00:21-07:00" level=info msg="Tool required for debug" tool="arduino:arduinoOTA@1.3.0"
2025-08-13 09:00:21 2025-08-13T16:00:21.954Z daemon INFO time="2025-08-13T09:00:21-07:00" level=info msg="Tool required for debug" tool="builtin:ctags@5.8-arduino11"
2025-08-13 09:00:21 2025-08-13T16:00:21.954Z daemon INFO time="2025-08-13T09:00:21-07:00" level=info msg="Tool required for debug" tool="builtin:mdns-discovery@1.0.9"
time="2025-08-13T09:00:21-07:00" level=info msg="Tool required for debug" tool="builtin:serial-discovery@1.4.1"
time="2025-08-13T09:00:21-07:00" level=info msg="Tool required for debug" tool="arduino:avrdude@6.3.0-arduino17"
time="2025-08-13T09:00:21-07:00" level=info msg="Tool required for debug" tool="builtin:dfu-discovery@0.1.2"
time="2025-08-13T09:00:21-07:00" level=info msg="Tool required for debug" tool="builtin:serial-monitor@0.15.0"
time="2025-08-13T09:00:21-07:00" level=info msg="Tool required for debug" tool="arduino:avr-gcc@7.3.0-atmel3.6.1-arduino7"
2025-08-13 09:00:21 2025-08-13T16:00:21.954Z daemon INFO time="2025-08-13T09:00:21-07:00" level=info msg="Tool required for debug" tool="arduino:dfu-util@0.11.0-arduino5"
time="2025-08-13T09:00:21-07:00" level=info msg="Tool required for debug" tool="esp32:esp-rv32@2411"
2025-08-13 09:00:21 2025-08-13T16:00:21.955Z daemon INFO time="2025-08-13T09:00:21-07:00" level=info msg="Tool required for debug" tool="esp32:esp-x32@2411"
time="2025-08-13T09:00:21-07:00" level=info msg="Tool required for debug" tool="esp32:esp32-arduino-libs@idf-release_v5.5-b66b5448-v1"
time="2025-08-13T09:00:21-07:00" level=info msg="Tool required for debug" tool="esp32:esptool_py@5.0.0"
time="2025-08-13T09:00:21-07:00" level=info msg="Tool required for debug" tool="esp32:mklittlefs@3.0.0-gnu12-dc7f933"
2025-08-13 09:00:21 2025-08-13T16:00:21.955Z daemon INFO time="2025-08-13T09:00:21-07:00" level=info msg="Tool required for debug" tool="esp32:mkspiffs@0.2.3"
time="2025-08-13T09:00:21-07:00" level=info msg="Tool required for debug" tool="esp32:openocd-esp32@v0.12.0-esp32-20250422"
time="2025-08-13T09:00:21-07:00" level=info msg="Tool required for debug" tool="esp32:riscv32-esp-elf-gdb@16.2_20250324"
2025-08-13 09:00:21 2025-08-13T16:00:21.956Z daemon INFO time="2025-08-13T09:00:21-07:00" level=info msg="Tool required for debug" tool="esp32:xtensa-esp-elf-gdb@16.2_20250324"
time="2025-08-13T09:00:21-07:00" level=info msg="Tool required for debug" tool="builtin:serial-monitor@0.15.0"
time="2025-08-13T09:00:21-07:00" level=info msg="Tool required for debug" tool="builtin:dfu-discovery@0.1.2"
time="2025-08-13T09:00:21-07:00" level=info msg="Tool required for debug" tool="builtin:serial-discovery@1.4.1"
time="2025-08-13T09:00:21-07:00" level=info msg="Tool required for debug" tool="builtin:ctags@5.8-arduino11"
time="2025-08-13T09:00:21-07:00" level=info msg="Tool required for debug" tool="arduino:arduinoOTA@1.3.0"
time="2025-08-13T09:00:21-07:00" level=info msg="Tool required for debug" tool="arduino:avr-gcc@7.3.0-atmel3.6.1-arduino7"
time="2025-08-13T09:00:21-07:00" level=info msg="Tool required for debug" tool="arduino:avrdude@6.3.0-arduino17"
time="2025-08-13T09:00:21-07:00" level=info msg="Tool required for debug" tool="builtin:mdns-discovery@1.0.9"
2025-08-13 09:00:21 2025-08-13T16:00:21.956Z monitor-service INFO No port configuration changes have been detected. No need to send configure commands to the running monitor serial:/dev/ttyACM0.
2025-08-13 09:00:21 2025-08-13T16:00:21.963Z daemon INFO time="2025-08-13T09:00:21-07:00" level=info msg="Tool required for debug" tool="arduino:dfu-util@0.11.0-arduino5"
time="2025-08-13T09:00:21-07:00" level=info msg="Tool required for debug" tool="esp32:esp-rv32@2411"
time="2025-08-13T09:00:21-07:00" level=info msg="Tool required for debug" tool="esp32:esp-x32@2411"
time="2025-08-13T09:00:21-07:00" level=info msg="Tool required for debug" tool="esp32:esp32-arduino-libs@idf-release_v5.5-b66b5448-v1"
time="2025-08-13T09:00:21-07:00" level=info msg="Tool required for debug" tool="esp32:esptool_py@5.0.0"
time="2025-08-13T09:00:21-07:00" level=info msg="Tool required for debug" tool="esp32:mklittlefs@3.0.0-gnu12-dc7f933"
time="2025-08-13T09:00:21-07:00" level=info msg="Tool required for debug" tool="esp32:mkspiffs@0.2.3"
time="2025-08-13T09:00:21-07:00" level=info msg="Tool required for debug" tool="esp32:openocd-esp32@v0.12.0-esp32-20250422"
time="2025-08-13T09:00:21-07:00" level=info msg="Tool required for debug" tool="esp32:riscv32-esp-elf-gdb@16.2_20250324"
time="2025-08-13T09:00:21-07:00" level=info msg="Tool required for debug" tool="esp32:xtensa-esp-elf-gdb@16.2_20250324"
time="2025-08-13T09:00:21-07:00" level=info msg="Tool required for debug" tool="builtin:mdns-discovery@1.0.9"
time="2025-08-13T09:00:21-07:00" level=info msg="Tool required for debug" tool="builtin:ctags@5.8-arduino11"
time="2025-08-13T09:00:21-07:00" level=info msg="Tool required for debug" tool="arduino:avr-gcc@7.3.0-atmel3.6.1-arduino7"
time="2025-08-13T09:00:21-07:00" level=info msg="Tool required for debug" tool="arduino:arduinoOTA@1.3.0"
time="2025-08-13T09:00:21-07:00" level=info msg="Tool required for debug" tool="arduino:avrdude@6.3.0-arduino17"
time="2025-08-13T09:00:21-07:00" level=info msg="Tool required for debug" tool="builtin:serial-discovery@1.4.1"
time="2025-08-13T09:00:21-07:00" level=info msg="Tool required for debug" tool="builtin:serial-monitor@0.15.0"
time="2025-08-13T09:00:21-07:00" level=info msg="Tool required for debug" tool="builtin:dfu-discovery@0.1.2"
2025-08-13 09:00:21 2025-08-13T16:00:21.964Z daemon INFO time="2025-08-13T09:00:21-07:00" level=info msg="Tool required for debug" tool="arduino:dfu-util@0.11.0-arduino5"
time="2025-08-13T09:00:21-07:00" level=info msg="Tool required for debug" tool="esp32:esp-rv32@2411"
time="2025-08-13T09:00:21-07:00" level=info msg="Tool required for debug" tool="esp32:esp-x32@2411"
time="2025-08-13T09:00:21-07:00" level=info msg="Tool required for debug" tool="esp32:esp32-arduino-libs@idf-release_v5.5-b66b5448-v1"
time="2025-08-13T09:00:21-07:00" level=info msg="Tool required for debug" tool="esp32:esptool_py@5.0.0"
time="2025-08-13T09:00:21-07:00" level=info msg="Tool required for debug" tool="esp32:mklittlefs@3.0.0-gnu12-dc7f933"
time="2025-08-13T09:00:21-07:00" level=info msg="Tool required for debug" tool="esp32:mkspiffs@0.2.3"
time="2025-08-13T09:00:21-07:00" level=info msg="Tool required for debug" tool="esp32:openocd-esp32@v0.12.0-esp32-20250422"
time="2025-08-13T09:00:21-07:00" level=info msg="Tool required for debug" tool="esp32:riscv32-esp-elf-gdb@16.2_20250324"
time="2025-08-13T09:00:21-07:00" level=info msg="Tool required for debug" tool="esp32:xtensa-esp-elf-gdb@16.2_20250324"
time="2025-08-13T09:00:21-07:00" level=info msg="Tool required for debug" tool="builtin:serial-discovery@1.4.1"
time="2025-08-13T09:00:21-07:00" level=info msg="Tool required for debug" tool="arduino:avr-gcc@7.3.0-atmel3.6.1-arduino7"
time="2025-08-13T09:00:21-07:00" level=info msg="Tool required for debug" tool="arduino:arduinoOTA@1.3.0"
time="2025-08-13T09:00:21-07:00" level=info msg="Tool required for debug" tool="builtin:serial-monitor@0.15.0"
time="2025-08-13T09:00:21-07:00" level=info msg="Tool required for debug" tool="builtin:mdns-discovery@1.0.9"
time="2025-08-13T09:00:21-07:00" level=info msg="Tool required for debug" tool="builtin:ctags@5.8-arduino11"
time="2025-08-13T09:00:21-07:00" level=info msg="Tool required for debug" tool="builtin:dfu-discovery@0.1.2"
time="2025-08-13T09:00:21-07:00" level=info msg="Tool required for debug" tool="arduino:avrdude@6.3.0-arduino17"
time="2025-08-13T09:00:21-07:00" level=info msg="Tool required for debug" tool="arduino:dfu-util@0.11.0-arduino5"
time="2025-08-13T09:00:21-07:00" level=info msg="Tool required for debug" tool="esp32:esp-rv32@2411"
time="2025-08-13T09:00:21-07:00" level=info msg="Tool required for debug" tool="esp32:esp-x32@2411"
time="2025-08-13T09:00:21-07:00" level=info msg="Tool required for debug" tool="esp32:esp32-arduino-libs@idf-release_v5.5-b66b5448-v1"
time="2025-08-13T09:00:21-07:00" level=info msg="Tool required for debug" tool="esp32:esptool_py@5.0.0"
time="2025-08-13T09:00:21-07:00" level=info msg="Tool required for debug" tool="esp32:mklittlefs@3.0.0-gnu12-dc7f933"
2025-08-13 09:00:21 2025-08-13T16:00:21.964Z daemon INFO time="2025-08-13T09:00:21-07:00" level=info msg="Tool required for debug" tool="esp32:mkspiffs@0.2.3"
time="2025-08-13T09:00:21-07:00" level=info msg="Tool required for debug" tool="esp32:openocd-esp32@v0.12.0-esp32-20250422"
time="2025-08-13T09:00:21-07:00" level=info msg="Tool required for debug" tool="esp32:riscv32-esp-elf-gdb@16.2_20250324"
2025-08-13 09:00:21 2025-08-13T16:00:21.964Z daemon INFO time="2025-08-13T09:00:21-07:00" level=info msg="Tool required for debug" tool="esp32:xtensa-esp-elf-gdb@16.2_20250324"
time="2025-08-13T09:00:21-07:00" level=info msg="Tool required for debug" tool="arduino:avr-gcc@7.3.0-atmel3.6.1-arduino7"
time="2025-08-13T09:00:21-07:00" level=info msg="Tool required for debug" tool="builtin:mdns-discovery@1.0.9"
2025-08-13 09:00:21 2025-08-13T16:00:21.964Z daemon INFO time="2025-08-13T09:00:21-07:00" level=info msg="Tool required for debug" tool="builtin:serial-discovery@1.4.1"
2025-08-13 09:00:21 2025-08-13T16:00:21.964Z daemon INFO time="2025-08-13T09:00:21-07:00" level=info msg="Tool required for debug" tool="builtin:ctags@5.8-arduino11"
2025-08-13 09:00:21 2025-08-13T16:00:21.964Z daemon INFO time="2025-08-13T09:00:21-07:00" level=info msg="Tool required for debug" tool="arduino:avrdude@6.3.0-arduino17"
2025-08-13 09:00:21 2025-08-13T16:00:21.964Z daemon INFO time="2025-08-13T09:00:21-07:00" level=info msg="Tool required for debug" tool="builtin:dfu-discovery@0.1.2"
2025-08-13 09:00:21 2025-08-13T16:00:21.964Z daemon INFO time="2025-08-13T09:00:21-07:00" level=info msg="Tool required for debug" tool="arduino:arduinoOTA@1.3.0"
time="2025-08-13T09:00:21-07:00" level=info msg="Tool required for debug" tool="builtin:serial-monitor@0.15.0"
2025-08-13 09:00:21 2025-08-13T16:00:21.968Z daemon INFO time="2025-08-13T09:00:21-07:00" level=info msg="Tool required for debug" tool="arduino:dfu-util@0.11.0-arduino5"
time="2025-08-13T09:00:21-07:00" level=info msg="Tool required for debug" tool="esp32:esp-rv32@2411"
2025-08-13 09:00:21 2025-08-13T16:00:21.968Z daemon INFO time="2025-08-13T09:00:21-07:00" level=info msg="Tool required for debug" tool="esp32:esp-x32@2411"
time="2025-08-13T09:00:21-07:00" level=info msg="Tool required for debug" tool="esp32:esp32-arduino-libs@idf-release_v5.5-b66b5448-v1"
time="2025-08-13T09:00:21-07:00" level=info msg="Tool required for debug" tool="esp32:esptool_py@5.0.0"
time="2025-08-13T09:00:21-07:00" level=info msg="Tool required for debug" tool="esp32:mklittlefs@3.0.0-gnu12-dc7f933"
time="2025-08-13T09:00:21-07:00" level=info msg="Tool required for debug" tool="esp32:mkspiffs@0.2.3"
2025-08-13 09:00:21 2025-08-13T16:00:21.968Z daemon INFO time="2025-08-13T09:00:21-07:00" level=info msg="Tool required for debug" tool="esp32:openocd-esp32@v0.12.0-esp32-20250422"
time="2025-08-13T09:00:21-07:00" level=info msg="Tool required for debug" tool="esp32:riscv32-esp-elf-gdb@16.2_20250324"
time="2025-08-13T09:00:21-07:00" level=info msg="Tool required for debug" tool="esp32:xtensa-esp-elf-gdb@16.2_20250324"
time="2025-08-13T09:00:21-07:00" level=info msg="Tool required for debug" tool="builtin:mdns-discovery@1.0.9"
2025-08-13 09:00:21 2025-08-13T16:00:21.968Z daemon INFO time="2025-08-13T09:00:21-07:00" level=info msg="Tool required for debug" tool="arduino:avr-gcc@7.3.0-atmel3.6.1-arduino7"
time="2025-08-13T09:00:21-07:00" level=info msg="Tool required for debug" tool="builtin:dfu-discovery@0.1.2"
2025-08-13 09:00:21 2025-08-13T16:00:21.968Z daemon INFO time="2025-08-13T09:00:21-07:00" level=info msg="Tool required for debug" tool="builtin:serial-discovery@1.4.1"
2025-08-13 09:00:21 2025-08-13T16:00:21.968Z daemon INFO time="2025-08-13T09:00:21-07:00" level=info msg="Tool required for debug" tool="builtin:serial-monitor@0.15.0"
time="2025-08-13T09:00:21-07:00" level=info msg="Tool required for debug" tool="builtin:ctags@5.8-arduino11"
2025-08-13 09:00:21 2025-08-13T16:00:21.968Z daemon INFO time="2025-08-13T09:00:21-07:00" level=info msg="Tool required for debug" tool="arduino:arduinoOTA@1.3.0"
time="2025-08-13T09:00:21-07:00" level=info msg="Tool required for debug" tool="arduino:avrdude@6.3.0-arduino17"
2025-08-13 09:00:21 2025-08-13T16:00:21.972Z daemon INFO time="2025-08-13T09:00:21-07:00" level=info msg="Tool required for debug" tool="arduino:dfu-util@0.11.0-arduino5"
time="2025-08-13T09:00:21-07:00" level=info msg="Tool required for debug" tool="esp32:esp-rv32@2411"
time="2025-08-13T09:00:21-07:00" level=info msg="Tool required for debug" tool="esp32:esp-x32@2411"
time="2025-08-13T09:00:21-07:00" level=info msg="Tool required for debug" tool="esp32:esp32-arduino-libs@idf-release_v5.5-b66b5448-v1"
time="2025-08-13T09:00:21-07:00" level=info msg="Tool required for debug" tool="esp32:esptool_py@5.0.0"
time="2025-08-13T09:00:21-07:00" level=info msg="Tool required for debug" tool="esp32:mklittlefs@3.0.0-gnu12-dc7f933"
time="2025-08-13T09:00:21-07:00" level=info msg="Tool required for debug" tool="esp32:mkspiffs@0.2.3"
time="2025-08-13T09:00:21-07:00" level=info msg="Tool required for debug" tool="esp32:openocd-esp32@v0.12.0-esp32-20250422"
time="2025-08-13T09:00:21-07:00" level=info msg="Tool required for debug" tool="esp32:riscv32-esp-elf-gdb@16.2_20250324"
time="2025-08-13T09:00:21-07:00" level=info msg="Tool required for debug" tool="esp32:xtensa-esp-elf-gdb@16.2_20250324"
time="2025-08-13T09:00:21-07:00" level=info msg="Tool required for debug" tool="builtin:mdns-discovery@1.0.9"
time="2025-08-13T09:00:21-07:00" level=info msg="Tool required for debug" tool="arduino:arduinoOTA@1.3.0"
time="2025-08-13T09:00:21-07:00" level=info msg="Tool required for debug" tool="arduino:avrdude@6.3.0-arduino17"
time="2025-08-13T09:00:21-07:00" level=info msg="Tool required for debug" tool="builtin:serial-monitor@0.15.0"
time="2025-08-13T09:00:21-07:00" level=info msg="Tool required for debug" tool="builtin:serial-discovery@1.4.1"
time="2025-08-13T09:00:21-07:00" level=info msg="Tool required for debug" tool="arduino:avr-gcc@7.3.0-atmel3.6.1-arduino7"
time="2025-08-13T09:00:21-07:00" level=info msg="Tool required for debug" tool="builtin:ctags@5.8-arduino11"
time="2025-08-13T09:00:21-07:00" level=info msg="Tool required for debug" tool="builtin:dfu-discovery@0.1.2"
2025-08-13 09:00:21 2025-08-13T16:00:21.976Z daemon INFO time="2025-08-13T09:00:21-07:00" level=info msg="Tool required for debug" tool="arduino:dfu-util@0.11.0-arduino5"
time="2025-08-13T09:00:21-07:00" level=info msg="Tool required for debug" tool="esp32:esp-rv32@2411"
time="2025-08-13T09:00:21-07:00" level=info msg="Tool required for debug" tool="esp32:esp-x32@2411"
time="2025-08-13T09:00:21-07:00" level=info msg="Tool required for debug" tool="esp32:esp32-arduino-libs@idf-release_v5.5-b66b5448-v1"
time="2025-08-13T09:00:21-07:00" level=info msg="Tool required for debug" tool="esp32:esptool_py@5.0.0"
2025-08-13 09:00:21 2025-08-13T16:00:21.976Z daemon INFO time="2025-08-13T09:00:21-07:00" level=info msg="Tool required for debug" tool="esp32:mklittlefs@3.0.0-gnu12-dc7f933"
time="2025-08-13T09:00:21-07:00" level=info msg="Tool required for debug" tool="esp32:mkspiffs@0.2.3"
time="2025-08-13T09:00:21-07:00" level=info msg="Tool required for debug" tool="esp32:openocd-esp32@v0.12.0-esp32-20250422"
time="2025-08-13T09:00:21-07:00" level=info msg="Tool required for debug" tool="esp32:riscv32-esp-elf-gdb@16.2_20250324"
time="2025-08-13T09:00:21-07:00" level=info msg="Tool required for debug" tool="esp32:xtensa-esp-elf-gdb@16.2_20250324"
time="2025-08-13T09:00:21-07:00" level=info msg="Tool required for debug" tool="builtin:dfu-discovery@0.1.2"
time="2025-08-13T09:00:21-07:00" level=info msg="Tool required for debug" tool="builtin:mdns-discovery@1.0.9"
2025-08-13 09:00:21 2025-08-13T16:00:21.976Z daemon INFO time="2025-08-13T09:00:21-07:00" level=info msg="Tool required for debug" tool="arduino:avrdude@6.3.0-arduino17"
time="2025-08-13T09:00:21-07:00" level=info msg="Tool required for debug" tool="arduino:arduinoOTA@1.3.0"
time="2025-08-13T09:00:21-07:00" level=info msg="Tool required for debug" tool="builtin:ctags@5.8-arduino11"
time="2025-08-13T09:00:21-07:00" level=info msg="Tool required for debug" tool="arduino:avr-gcc@7.3.0-atmel3.6.1-arduino7"
2025-08-13 09:00:21 2025-08-13T16:00:21.976Z daemon INFO time="2025-08-13T09:00:21-07:00" level=info msg="Tool required for debug" tool="builtin:serial-discovery@1.4.1"
time="2025-08-13T09:00:21-07:00" level=info msg="Tool required for debug" tool="builtin:serial-monitor@0.15.0"
2025-08-13 09:00:21 2025-08-13T16:00:21.980Z daemon INFO time="2025-08-13T09:00:21-07:00" level=info msg="Tool required for debug" tool="arduino:dfu-util@0.11.0-arduino5"
time="2025-08-13T09:00:21-07:00" level=info msg="Tool required for debug" tool="esp32:esp-rv32@2411"
time="2025-08-13T09:00:21-07:00" level=info msg="Tool required for debug" tool="esp32:esp-x32@2411"
time="2025-08-13T09:00:21-07:00" level=info msg="Tool required for debug" tool="esp32:esp32-arduino-libs@idf-release_v5.5-b66b5448-v1"
2025-08-13 09:00:21 2025-08-13T16:00:21.980Z daemon INFO time="2025-08-13T09:00:21-07:00" level=info msg="Tool required for debug" tool="esp32:esptool_py@5.0.0"
time="2025-08-13T09:00:21-07:00" level=info msg="Tool required for debug" tool="esp32:mklittlefs@3.0.0-gnu12-dc7f933"
time="2025-08-13T09:00:21-07:00" level=info msg="Tool required for debug" tool="esp32:mkspiffs@0.2.3"
time="2025-08-13T09:00:21-07:00" level=info msg="Tool required for debug" tool="esp32:openocd-esp32@v0.12.0-esp32-20250422"
time="2025-08-13T09:00:21-07:00" level=info msg="Tool required for debug" tool="esp32:riscv32-esp-elf-gdb@16.2_20250324"
time="2025-08-13T09:00:21-07:00" level=info msg="Tool required for debug" tool="esp32:xtensa-esp-elf-gdb@16.2_20250324"
time="2025-08-13T09:00:21-07:00" level=info msg="Tool required for debug" tool="builtin:dfu-discovery@0.1.2"
time="2025-08-13T09:00:21-07:00" level=info msg="Tool required for debug" tool="builtin:serial-discovery@1.4.1"
2025-08-13 09:00:21 2025-08-13T16:00:21.980Z daemon INFO time="2025-08-13T09:00:21-07:00" level=info msg="Tool required for debug" tool="arduino:arduinoOTA@1.3.0"
time="2025-08-13T09:00:21-07:00" level=info msg="Tool required for debug" tool="builtin:serial-monitor@0.15.0"
time="2025-08-13T09:00:21-07:00" level=info msg="Tool required for debug" tool="arduino:avr-gcc@7.3.0-atmel3.6.1-arduino7"
2025-08-13 09:00:21 2025-08-13T16:00:21.980Z daemon INFO time="2025-08-13T09:00:21-07:00" level=info msg="Tool required for debug" tool="builtin:mdns-discovery@1.0.9"
time="2025-08-13T09:00:21-07:00" level=info msg="Tool required for debug" tool="arduino:avrdude@6.3.0-arduino17"
time="2025-08-13T09:00:21-07:00" level=info msg="Tool required for debug" tool="builtin:ctags@5.8-arduino11"
2025-08-13 09:00:21 2025-08-13T16:00:21.995Z daemon INFO time="2025-08-13T09:00:21-07:00" level=info msg="Adding libraries dir" dir=/home/aaron/.arduino15/libraries isSingleLibrary=false location=ide
time="2025-08-13T09:00:21-07:00" level=info msg="Adding libraries dir" dir=/home/aaron/.arduino15/packages/esp32/hardware/esp32/3.3.0/libraries isSingleLibrary=false location=platform
time="2025-08-13T09:00:21-07:00" level=info msg="Adding libraries dir" dir=/home/aaron/Arduino/libraries isSingleLibrary=false location=user
2025-08-13 09:00:23 2025-08-13T16:00:23.234Z daemon INFO time="2025-08-13T09:00:23-07:00" level=info msg="Resolving include TinyGPSPlus.h for arch esp32"
time="2025-08-13T09:00:23-07:00" level=info msg="  found better lib" lib=TinyGPSPlusPlus prio=517
2025-08-13 09:00:23 2025-08-13T16:00:23.234Z daemon INFO time="2025-08-13T09:00:23-07:00" level=info msg="  found better lib" lib=TinyGPSPlus-ESP32 prio=521
2025-08-13 09:00:23 2025-08-13T16:00:23.866Z daemon INFO time="2025-08-13T09:00:23-07:00" level=info msg="Resolving include WiFi.h for arch esp32"
time="2025-08-13T09:00:23-07:00" level=info msg="  found better lib" lib=WiFi prio=6B0
2025-08-13 09:00:24 2025-08-13T16:00:24.480Z daemon INFO time="2025-08-13T09:00:24-07:00" level=info msg="Resolving include Network.h for arch esp32"
time="2025-08-13T09:00:24-07:00" level=info msg="  found better lib" lib=Networking prio=64C
2025-08-13 09:00:24 isTempSketch: false. Input was /home/aaron/projects/esp32_ble/slave
2025-08-13 09:00:24 Marking workspace as a closed sketch. Workspace URI: file:///home/aaron/projects/esp32_ble/slave. Date: 1755100824524.
2025-08-13 09:00:24 isTempSketch: false. Input was /home/aaron/projects/esp32_ble/slave
2025-08-13 09:00:24 Marking workspace as a closed sketch. Workspace URI: file:///home/aaron/projects/esp32_ble/slave. Date: 1755100824529.
2025-08-13 09:00:24 Closing channel on service path '/services/electron-window'.
2025-08-13 09:00:24 Closing channel on service path '/services/ide-updater'.
2025-08-13 09:00:24 2025-08-13T16:00:24.540Z root INFO socked closed
2025-08-13 09:00:24 2025-08-13T16:00:24.540Z root INFO closing connection for 2
2025-08-13 09:00:24 2025-08-13T16:00:24.540Z root INFO Closing channel on service path '/localization-server'.
2025-08-13 09:00:24 2025-08-13T16:00:24.540Z root INFO Closing channel on service path '/os'.
2025-08-13 09:00:24 2025-08-13T16:00:24.540Z root INFO Closing channel on service path '/services/commands'.
2025-08-13 09:00:24 2025-08-13T16:00:24.540Z root INFO Closing channel on service path '/services/keyboard'.
2025-08-13 09:00:24 2025-08-13T16:00:24.540Z root INFO Closing channel on service path '/services/logger'.
2025-08-13 09:00:24 2025-08-13T16:00:24.540Z root INFO Closing channel on service path '/services/messageService'.
2025-08-13 09:00:24 2025-08-13T16:00:24.541Z root INFO Closing channel on service path '/services/ChannelCloseService'.
2025-08-13 09:00:24 2025-08-13T16:00:24.541Z root INFO Closing channel on service path '/services/remote-filesystem'.
2025-08-13 09:00:24 2025-08-13T16:00:24.541Z root INFO Closing channel on service path '/services/envs'.
2025-08-13 09:00:24 2025-08-13T16:00:24.541Z root INFO Closing channel on service path '/services/authentication-service'.
2025-08-13 09:00:24 2025-08-13T16:00:24.541Z root INFO Closing channel on service path '/services/sketches-service'.
2025-08-13 09:00:24 2025-08-13T16:00:24.541Z root INFO Closing channel on service path '/services/config-service'.
2025-08-13 09:00:24 2025-08-13T16:00:24.541Z root INFO Closing channel on service path '/services/workspace'.
2025-08-13 09:00:24 2025-08-13T16:00:24.541Z root INFO Closing channel on service path '/services/notification-service'.
2025-08-13 09:00:24 2025-08-13T16:00:24.541Z root INFO Closing channel on service path '/services/arduino-daemon'.
2025-08-13 09:00:24 2025-08-13T16:00:24.541Z root INFO Closing channel on service path '/services/stopwatch'.
2025-08-13 09:00:24 2025-08-13T16:00:24.541Z root INFO Closing channel on service path '/services/application'.
2025-08-13 09:00:24 2025-08-13T16:00:24.541Z root INFO Closing channel on service path '/services/i18n'.
2025-08-13 09:00:24 2025-08-13T16:00:24.541Z root INFO Closing channel on service path '/services/quickInput'.
2025-08-13 09:00:24 2025-08-13T16:00:24.541Z root INFO Closing channel on service path '/services/debug'.
2025-08-13 09:00:24 2025-08-13T16:00:24.541Z root INFO Closing channel on service path '/services/shell-terminal'.
2025-08-13 09:00:24 2025-08-13T16:00:24.541Z root INFO Closing channel on service path '/services/quickPick'.
2025-08-13 09:00:24 2025-08-13T16:00:24.541Z root INFO Closing channel on service path '/services/task'.
2025-08-13 09:00:24 2025-08-13T16:00:24.541Z root INFO Closing channel on service path '/services/search'.
2025-08-13 09:00:24 2025-08-13T16:00:24.541Z root INFO Closing channel on service path '/services/hostedPlugin'.
2025-08-13 09:00:24 2025-08-13T16:00:24.541Z root INFO Closing channel on service path '/services/plugin-ext'.
2025-08-13 09:00:24 2025-08-13T16:00:24.541Z root INFO Closing channel on service path '/services/plugin-paths'.
2025-08-13 09:00:24 2025-08-13T16:00:24.541Z root INFO Closing channel on service path '/services/cli-preferences'.
2025-08-13 09:00:24 2025-08-13T16:00:24.541Z root INFO Closing channel on service path '/services/boards-service'.
2025-08-13 09:00:24 2025-08-13T16:00:24.541Z root INFO Closing channel on service path '/services/response-service'.
2025-08-13 09:00:24 2025-08-13T16:00:24.541Z root INFO Closing channel on service path '/services/file-system-ext'.
2025-08-13 09:00:24 2025-08-13T16:00:24.541Z root INFO Closing channel on service path '/services/core-service'.
2025-08-13 09:00:24 2025-08-13T16:00:24.541Z root INFO Closing channel on service path '/services/example-service'.
2025-08-13 09:00:24 2025-08-13T16:00:24.541Z root INFO Closing channel on service path '/services/library-service'.
2025-08-13 09:00:24 2025-08-13T16:00:24.541Z root INFO Closing channel on service path '/services/executable-service'.
2025-08-13 09:00:24 2025-08-13T16:00:24.541Z root INFO Closing channel on service path '/services/arduino-firmware-uploader'.
2025-08-13 09:00:24 2025-08-13T16:00:24.541Z root INFO Closing channel on service path '/services/formatter'.
2025-08-13 09:00:24 2025-08-13T16:00:24.541Z root INFO Closing channel on service path '/services/search-in-workspace'.
2025-08-13 09:00:24 2025-08-13T16:00:24.541Z root INFO Closing channel on service path '/services/request-service'.
2025-08-13 09:00:24 2025-08-13T16:00:24.541Z root INFO Closing channel on service path '/services/keyStore'.
2025-08-13 09:00:24 2025-08-13T16:00:24.541Z root INFO Closing channel on service path '/services/languagePackService'.
2025-08-13 09:00:24 2025-08-13T16:00:24.541Z root INFO Closing channel on service path '/services/monitor-manager-proxy'.
2025-08-13 09:00:30 2025-08-13T16:00:30.170Z daemon INFO time="2025-08-13T09:00:30-07:00" level=info msg="Adding libraries dir" dir=/home/aaron/.arduino15/libraries isSingleLibrary=false location=ide
time="2025-08-13T09:00:30-07:00" level=info msg="Adding libraries dir" dir=/home/aaron/.arduino15/packages/esp32/hardware/esp32/3.3.0/libraries isSingleLibrary=false location=platform
time="2025-08-13T09:00:30-07:00" level=info msg="Adding libraries dir" dir=/home/aaron/Arduino/libraries isSingleLibrary=false location=user
2025-08-13 09:00:31 2025-08-13T16:00:31.381Z daemon INFO time="2025-08-13T09:00:31-07:00" level=info msg="Resolving include TinyGPSPlus.h for arch esp32"
time="2025-08-13T09:00:31-07:00" level=info msg="  found better lib" lib=TinyGPSPlusPlus prio=517
time="2025-08-13T09:00:31-07:00" level=info msg="  found better lib" lib=TinyGPSPlus-ESP32 prio=521
2025-08-13 09:00:32 2025-08-13T16:00:32.006Z daemon INFO time="2025-08-13T09:00:32-07:00" level=info msg="Resolving include WiFi.h for arch esp32"
2025-08-13 09:00:32 2025-08-13T16:00:32.006Z daemon INFO time="2025-08-13T09:00:32-07:00" level=info msg="  found better lib" lib=WiFi prio=6B0
2025-08-13 09:00:32 2025-08-13T16:00:32.666Z daemon INFO time="2025-08-13T09:00:32-07:00" level=info msg="Resolving include Network.h for arch esp32"
time="2025-08-13T09:00:32-07:00" level=info msg="  found better lib" lib=Networking prio=64C
2025-08-13 09:00:40 2025-08-13T16:00:40.074Z daemon INFO time="2025-08-13T09:00:40-07:00" level=info msg="Adding libraries dir" dir=/home/aaron/.arduino15/libraries isSingleLibrary=false location=ide
2025-08-13 09:00:40 2025-08-13T16:00:40.075Z daemon INFO time="2025-08-13T09:00:40-07:00" level=info msg="Adding libraries dir" dir=/home/aaron/.arduino15/packages/esp32/hardware/esp32/3.3.0/libraries isSingleLibrary=false location=platform
time="2025-08-13T09:00:40-07:00" level=info msg="Adding libraries dir" dir=/home/aaron/Arduino/libraries isSingleLibrary=false location=user
2025-08-13 09:00:49 2025-08-13T16:00:49.685Z root INFO compiler-errors Current error changed to d;23
2025-08-13 09:00:49 2025-08-13T16:00:49.719Z root INFO compiler-errors Handling selection change in editor file:///home/aaron/Arduino/slave_working/slave/slave.ino. New (monaco) selection: [19,9 -> 19,9]
2025-08-13 09:01:08 2025-08-13T16:01:08.252Z daemon INFO time="2025-08-13T09:01:08-07:00" level=info msg="sending command" command=CLOSE monitor=serial-monitor
2025-08-13 09:01:08 2025-08-13T16:01:08.254Z daemon INFO time="2025-08-13T09:01:08-07:00" level=info msg="received message" error=false event_type=close message=OK monitor=serial-monitor
2025-08-13 09:01:08 2025-08-13T16:01:08.254Z daemon INFO time="2025-08-13T09:01:08-07:00" level=info msg="sending command" command=QUIT monitor=serial-monitor
time="2025-08-13T09:01:08-07:00" level=info msg="received message" error=false event_type=quit message=OK monitor=serial-monitor
time="2025-08-13T09:01:08-07:00" level=info msg="Killing monitor process" monitor=serial-monitor
2025-08-13 09:01:08 2025-08-13T16:01:08.255Z daemon INFO time="2025-08-13T09:01:08-07:00" level=error msg="stopped decode loop: EOF" monitor=serial-monitor
2025-08-13 09:01:08 2025-08-13T16:01:08.255Z daemon INFO time="2025-08-13T09:01:08-07:00" level=info msg="Monitor process killed" monitor=serial-monitor
2025-08-13 09:01:08 2025-08-13T16:01:08.256Z monitor-service INFO monitor to /dev/ttyACM0 using serial closed by server
2025-08-13 09:01:08 2025-08-13T16:01:08.369Z daemon INFO time="2025-08-13T09:01:08-07:00" level=info msg="Starting monitor process" monitor=serial-monitor
time="2025-08-13T09:01:08-07:00" level=info msg="Monitor process started successfully!" monitor=serial-monitor
time="2025-08-13T09:01:08-07:00" level=info msg="sending command" command="HELLO 1 \"arduino-cli 1.2.0\"" monitor=serial-monitor
2025-08-13 09:01:08 2025-08-13T16:01:08.369Z daemon INFO time="2025-08-13T09:01:08-07:00" level=info msg="received message" error=false event_type=hello message=OK monitor=serial-monitor
time="2025-08-13T09:01:08-07:00" level=info msg="sending command" command=DESCRIBE monitor=serial-monitor
time="2025-08-13T09:01:08-07:00" level=info msg="received message" error=false event_type=describe message=OK monitor=serial-monitor
2025-08-13 09:01:08 2025-08-13T16:01:08.369Z daemon INFO time="2025-08-13T09:01:08-07:00" level=info msg="sending command" command=QUIT monitor=serial-monitor
2025-08-13 09:01:08 2025-08-13T16:01:08.369Z daemon INFO time="2025-08-13T09:01:08-07:00" level=info msg="received message" error=false event_type=quit message=OK monitor=serial-monitor
time="2025-08-13T09:01:08-07:00" level=info msg="Killing monitor process" monitor=serial-monitor
2025-08-13 09:01:08 2025-08-13T16:01:08.373Z daemon INFO time="2025-08-13T09:01:08-07:00" level=error msg="stopped decode loop: EOF" monitor=serial-monitor
time="2025-08-13T09:01:08-07:00" level=info msg="Monitor process killed" monitor=serial-monitor
2025-08-13 09:01:08 2025-08-13T16:01:08.534Z daemon INFO time="2025-08-13T09:01:08-07:00" level=info msg="Tool required for debug" tool="arduino:dfu-util@0.11.0-arduino5"
time="2025-08-13T09:01:08-07:00" level=info msg="Tool required for debug" tool="esp32:esp-rv32@2411"
time="2025-08-13T09:01:08-07:00" level=info msg="Tool required for debug" tool="esp32:esp-x32@2411"
time="2025-08-13T09:01:08-07:00" level=info msg="Tool required for debug" tool="esp32:esp32-arduino-libs@idf-release_v5.5-b66b5448-v1"
2025-08-13 09:01:08 2025-08-13T16:01:08.534Z daemon INFO time="2025-08-13T09:01:08-07:00" level=info msg="Tool required for debug" tool="esp32:esptool_py@5.0.0"
time="2025-08-13T09:01:08-07:00" level=info msg="Tool required for debug" tool="esp32:mklittlefs@3.0.0-gnu12-dc7f933"
time="2025-08-13T09:01:08-07:00" level=info msg="Tool required for debug" tool="esp32:mkspiffs@0.2.3"
time="2025-08-13T09:01:08-07:00" level=info msg="Tool required for debug" tool="esp32:openocd-esp32@v0.12.0-esp32-20250422"
time="2025-08-13T09:01:08-07:00" level=info msg="Tool required for debug" tool="esp32:riscv32-esp-elf-gdb@16.2_20250324"
time="2025-08-13T09:01:08-07:00" level=info msg="Tool required for debug" tool="esp32:xtensa-esp-elf-gdb@16.2_20250324"
time="2025-08-13T09:01:08-07:00" level=info msg="Tool required for debug" tool="builtin:serial-discovery@1.4.1"
time="2025-08-13T09:01:08-07:00" level=info msg="Tool required for debug" tool="builtin:serial-monitor@0.15.0"
2025-08-13 09:01:08 2025-08-13T16:01:08.534Z daemon INFO time="2025-08-13T09:01:08-07:00" level=info msg="Tool required for debug" tool="arduino:avr-gcc@7.3.0-atmel3.6.1-arduino7"
time="2025-08-13T09:01:08-07:00" level=info msg="Tool required for debug" tool="builtin:dfu-discovery@0.1.2"
time="2025-08-13T09:01:08-07:00" level=info msg="Tool required for debug" tool="builtin:ctags@5.8-arduino11"
2025-08-13 09:01:08 2025-08-13T16:01:08.534Z daemon INFO time="2025-08-13T09:01:08-07:00" level=info msg="Tool required for debug" tool="arduino:arduinoOTA@1.3.0"
time="2025-08-13T09:01:08-07:00" level=info msg="Tool required for debug" tool="builtin:mdns-discovery@1.0.9"
time="2025-08-13T09:01:08-07:00" level=info msg="Tool required for debug" tool="arduino:avrdude@6.3.0-arduino17"
2025-08-13 09:01:08 2025-08-13T16:01:08.539Z root INFO Starting language server: esp32:esp32:XIAO_ESP32C3:UploadSpeed=921600,CDCOnBoot=default,CPUFreq=160,FlashFreq=80,FlashMode=qio,FlashSize=4M,PartitionScheme=default,DebugLevel=none,EraseFlash=none
2025-08-13 09:01:08 2025-08-13T16:01:08.542Z daemon INFO time="2025-08-13T09:01:08-07:00" level=info msg="Tool required for debug" tool="arduino:dfu-util@0.11.0-arduino5"
time="2025-08-13T09:01:08-07:00" level=info msg="Tool required for debug" tool="esp32:esp-rv32@2411"
time="2025-08-13T09:01:08-07:00" level=info msg="Tool required for debug" tool="esp32:esp-x32@2411"
time="2025-08-13T09:01:08-07:00" level=info msg="Tool required for debug" tool="esp32:esp32-arduino-libs@idf-release_v5.5-b66b5448-v1"
2025-08-13 09:01:08 2025-08-13T16:01:08.542Z daemon INFO time="2025-08-13T09:01:08-07:00" level=info msg="Tool required for debug" tool="esp32:esptool_py@5.0.0"
time="2025-08-13T09:01:08-07:00" level=info msg="Tool required for debug" tool="esp32:mklittlefs@3.0.0-gnu12-dc7f933"
time="2025-08-13T09:01:08-07:00" level=info msg="Tool required for debug" tool="esp32:mkspiffs@0.2.3"
time="2025-08-13T09:01:08-07:00" level=info msg="Tool required for debug" tool="esp32:openocd-esp32@v0.12.0-esp32-20250422"
time="2025-08-13T09:01:08-07:00" level=info msg="Tool required for debug" tool="esp32:riscv32-esp-elf-gdb@16.2_20250324"
time="2025-08-13T09:01:08-07:00" level=info msg="Tool required for debug" tool="esp32:xtensa-esp-elf-gdb@16.2_20250324"
time="2025-08-13T09:01:08-07:00" level=info msg="Tool required for debug" tool="builtin:serial-discovery@1.4.1"
time="2025-08-13T09:01:08-07:00" level=info msg="Tool required for debug" tool="builtin:ctags@5.8-arduino11"
2025-08-13 09:01:08 2025-08-13T16:01:08.542Z daemon INFO time="2025-08-13T09:01:08-07:00" level=info msg="Tool required for debug" tool="arduino:avr-gcc@7.3.0-atmel3.6.1-arduino7"
time="2025-08-13T09:01:08-07:00" level=info msg="Tool required for debug" tool="arduino:arduinoOTA@1.3.0"
time="2025-08-13T09:01:08-07:00" level=info msg="Tool required for debug" tool="arduino:avrdude@6.3.0-arduino17"
2025-08-13 09:01:08 2025-08-13T16:01:08.542Z daemon INFO time="2025-08-13T09:01:08-07:00" level=info msg="Tool required for debug" tool="builtin:serial-monitor@0.15.0"
time="2025-08-13T09:01:08-07:00" level=info msg="Tool required for debug" tool="builtin:mdns-discovery@1.0.9"
time="2025-08-13T09:01:08-07:00" level=info msg="Tool required for debug" tool="builtin:dfu-discovery@0.1.2"
2025-08-13 09:01:08 2025-08-13T16:01:08.551Z daemon INFO time="2025-08-13T09:01:08-07:00" level=info msg="Tool required for debug" tool="arduino:dfu-util@0.11.0-arduino5"
time="2025-08-13T09:01:08-07:00" level=info msg="Tool required for debug" tool="esp32:esp-rv32@2411"
time="2025-08-13T09:01:08-07:00" level=info msg="Tool required for debug" tool="esp32:esp-x32@2411"
time="2025-08-13T09:01:08-07:00" level=info msg="Tool required for debug" tool="esp32:esp32-arduino-libs@idf-release_v5.5-b66b5448-v1"
time="2025-08-13T09:01:08-07:00" level=info msg="Tool required for debug" tool="esp32:esptool_py@5.0.0"
2025-08-13 09:01:08 2025-08-13T16:01:08.551Z daemon INFO time="2025-08-13T09:01:08-07:00" level=info msg="Tool required for debug" tool="esp32:mklittlefs@3.0.0-gnu12-dc7f933"
time="2025-08-13T09:01:08-07:00" level=info msg="Tool required for debug" tool="esp32:mkspiffs@0.2.3"
time="2025-08-13T09:01:08-07:00" level=info msg="Tool required for debug" tool="esp32:openocd-esp32@v0.12.0-esp32-20250422"
time="2025-08-13T09:01:08-07:00" level=info msg="Tool required for debug" tool="esp32:riscv32-esp-elf-gdb@16.2_20250324"
time="2025-08-13T09:01:08-07:00" level=info msg="Tool required for debug" tool="esp32:xtensa-esp-elf-gdb@16.2_20250324"
time="2025-08-13T09:01:08-07:00" level=info msg="Tool required for debug" tool="builtin:serial-discovery@1.4.1"
time="2025-08-13T09:01:08-07:00" level=info msg="Tool required for debug" tool="arduino:avrdude@6.3.0-arduino17"
time="2025-08-13T09:01:08-07:00" level=info msg="Tool required for debug" tool="builtin:ctags@5.8-arduino11"
time="2025-08-13T09:01:08-07:00" level=info msg="Tool required for debug" tool="arduino:avr-gcc@7.3.0-atmel3.6.1-arduino7"
2025-08-13 09:01:08 2025-08-13T16:01:08.551Z daemon INFO time="2025-08-13T09:01:08-07:00" level=info msg="Tool required for debug" tool="builtin:serial-monitor@0.15.0"
time="2025-08-13T09:01:08-07:00" level=info msg="Tool required for debug" tool="builtin:dfu-discovery@0.1.2"
time="2025-08-13T09:01:08-07:00" level=info msg="Tool required for debug" tool="arduino:arduinoOTA@1.3.0"
time="2025-08-13T09:01:08-07:00" level=info msg="Tool required for debug" tool="builtin:mdns-discovery@1.0.9"
2025-08-13 09:01:08 2025-08-13T16:01:08.559Z daemon INFO time="2025-08-13T09:01:08-07:00" level=info msg="Tool required for debug" tool="arduino:dfu-util@0.11.0-arduino5"
time="2025-08-13T09:01:08-07:00" level=info msg="Tool required for debug" tool="esp32:esp-rv32@2411"
time="2025-08-13T09:01:08-07:00" level=info msg="Tool required for debug" tool="esp32:esp-x32@2411"
time="2025-08-13T09:01:08-07:00" level=info msg="Tool required for debug" tool="esp32:esp32-arduino-libs@idf-release_v5.5-b66b5448-v1"
2025-08-13 09:01:08 2025-08-13T16:01:08.559Z daemon INFO time="2025-08-13T09:01:08-07:00" level=info msg="Tool required for debug" tool="esp32:esptool_py@5.0.0"
time="2025-08-13T09:01:08-07:00" level=info msg="Tool required for debug" tool="esp32:mklittlefs@3.0.0-gnu12-dc7f933"
time="2025-08-13T09:01:08-07:00" level=info msg="Tool required for debug" tool="esp32:mkspiffs@0.2.3"
time="2025-08-13T09:01:08-07:00" level=info msg="Tool required for debug" tool="esp32:openocd-esp32@v0.12.0-esp32-20250422"
time="2025-08-13T09:01:08-07:00" level=info msg="Tool required for debug" tool="esp32:riscv32-esp-elf-gdb@16.2_20250324"
time="2025-08-13T09:01:08-07:00" level=info msg="Tool required for debug" tool="esp32:xtensa-esp-elf-gdb@16.2_20250324"
time="2025-08-13T09:01:08-07:00" level=info msg="Tool required for debug" tool="builtin:serial-monitor@0.15.0"
2025-08-13 09:01:08 2025-08-13T16:01:08.559Z daemon INFO time="2025-08-13T09:01:08-07:00" level=info msg="Tool required for debug" tool="arduino:avrdude@6.3.0-arduino17"
time="2025-08-13T09:01:08-07:00" level=info msg="Tool required for debug" tool="builtin:dfu-discovery@0.1.2"
time="2025-08-13T09:01:08-07:00" level=info msg="Tool required for debug" tool="arduino:arduinoOTA@1.3.0"
2025-08-13 09:01:08 2025-08-13T16:01:08.559Z daemon INFO time="2025-08-13T09:01:08-07:00" level=info msg="Tool required for debug" tool="builtin:mdns-discovery@1.0.9"
time="2025-08-13T09:01:08-07:00" level=info msg="Tool required for debug" tool="builtin:serial-discovery@1.4.1"
2025-08-13 09:01:08 2025-08-13T16:01:08.559Z daemon INFO time="2025-08-13T09:01:08-07:00" level=info msg="Tool required for debug" tool="arduino:avr-gcc@7.3.0-atmel3.6.1-arduino7"
time="2025-08-13T09:01:08-07:00" level=info msg="Tool required for debug" tool="builtin:ctags@5.8-arduino11"
2025-08-13 09:01:08 2025-08-13T16:01:08.570Z daemon INFO time="2025-08-13T09:01:08-07:00" level=info msg="Tool required for debug" tool="arduino:dfu-util@0.11.0-arduino5"
time="2025-08-13T09:01:08-07:00" level=info msg="Tool required for debug" tool="esp32:esp-rv32@2411"
time="2025-08-13T09:01:08-07:00" level=info msg="Tool required for debug" tool="esp32:esp-x32@2411"
time="2025-08-13T09:01:08-07:00" level=info msg="Tool required for debug" tool="esp32:esp32-arduino-libs@idf-release_v5.5-b66b5448-v1"
time="2025-08-13T09:01:08-07:00" level=info msg="Tool required for debug" tool="esp32:esptool_py@5.0.0"
time="2025-08-13T09:01:08-07:00" level=info msg="Tool required for debug" tool="esp32:mklittlefs@3.0.0-gnu12-dc7f933"
time="2025-08-13T09:01:08-07:00" level=info msg="Tool required for debug" tool="esp32:mkspiffs@0.2.3"
time="2025-08-13T09:01:08-07:00" level=info msg="Tool required for debug" tool="esp32:openocd-esp32@v0.12.0-esp32-20250422"
time="2025-08-13T09:01:08-07:00" level=info msg="Tool required for debug" tool="esp32:riscv32-esp-elf-gdb@16.2_20250324"
time="2025-08-13T09:01:08-07:00" level=info msg="Tool required for debug" tool="esp32:xtensa-esp-elf-gdb@16.2_20250324"
time="2025-08-13T09:01:08-07:00" level=info msg="Tool required for debug" tool="builtin:mdns-discovery@1.0.9"
time="2025-08-13T09:01:08-07:00" level=info msg="Tool required for debug" tool="arduino:arduinoOTA@1.3.0"
time="2025-08-13T09:01:08-07:00" level=info msg="Tool required for debug" tool="builtin:serial-discovery@1.4.1"
time="2025-08-13T09:01:08-07:00" level=info msg="Tool required for debug" tool="builtin:serial-monitor@0.15.0"
time="2025-08-13T09:01:08-07:00" level=info msg="Tool required for debug" tool="arduino:avr-gcc@7.3.0-atmel3.6.1-arduino7"
time="2025-08-13T09:01:08-07:00" level=info msg="Tool required for debug" tool="builtin:ctags@5.8-arduino11"
time="2025-08-13T09:01:08-07:00" level=info msg="Tool required for debug" tool="arduino:avrdude@6.3.0-arduino17"
time="2025-08-13T09:01:08-07:00" level=info msg="Tool required for debug" tool="builtin:dfu-discovery@0.1.2"
2025-08-13 09:01:08 2025-08-13T16:01:08.571Z monitor-service INFO starting monitor
2025-08-13 09:01:08 2025-08-13T16:01:08.573Z daemon INFO time="2025-08-13T09:01:08-07:00" level=info msg="Starting monitor process" monitor=serial-monitor
2025-08-13 09:01:08 2025-08-13T16:01:08.574Z daemon INFO time="2025-08-13T09:01:08-07:00" level=info msg="Monitor process started successfully!" monitor=serial-monitor
time="2025-08-13T09:01:08-07:00" level=info msg="sending command" command="HELLO 1 \"arduino-cli 1.2.0\"" monitor=serial-monitor
2025-08-13 09:01:08 2025-08-13T16:01:08.576Z daemon INFO time="2025-08-13T09:01:08-07:00" level=info msg="Tool required for debug" tool="arduino:dfu-util@0.11.0-arduino5"
time="2025-08-13T09:01:08-07:00" level=info msg="Tool required for debug" tool="esp32:esp-rv32@2411"
time="2025-08-13T09:01:08-07:00" level=info msg="Tool required for debug" tool="esp32:esp-x32@2411"
2025-08-13 09:01:08 2025-08-13T16:01:08.576Z daemon INFO time="2025-08-13T09:01:08-07:00" level=info msg="received message" error=false event_type=hello message=OK monitor=serial-monitor
time="2025-08-13T09:01:08-07:00" level=info msg="sending command" command=DESCRIBE monitor=serial-monitor
time="2025-08-13T09:01:08-07:00" level=info msg="Tool required for debug" tool="esp32:esp32-arduino-libs@idf-release_v5.5-b66b5448-v1"
2025-08-13 09:01:08 2025-08-13T16:01:08.576Z daemon INFO time="2025-08-13T09:01:08-07:00" level=info msg="Tool required for debug" tool="esp32:esptool_py@5.0.0"
time="2025-08-13T09:01:08-07:00" level=info msg="Tool required for debug" tool="esp32:mklittlefs@3.0.0-gnu12-dc7f933"
time="2025-08-13T09:01:08-07:00" level=info msg="Tool required for debug" tool="esp32:mkspiffs@0.2.3"
time="2025-08-13T09:01:08-07:00" level=info msg="Tool required for debug" tool="esp32:openocd-esp32@v0.12.0-esp32-20250422"
time="2025-08-13T09:01:08-07:00" level=info msg="Tool required for debug" tool="esp32:riscv32-esp-elf-gdb@16.2_20250324"
2025-08-13 09:01:08 2025-08-13T16:01:08.576Z daemon INFO time="2025-08-13T09:01:08-07:00" level=info msg="Tool required for debug" tool="esp32:xtensa-esp-elf-gdb@16.2_20250324"
time="2025-08-13T09:01:08-07:00" level=info msg="Tool required for debug" tool="builtin:dfu-discovery@0.1.2"
2025-08-13 09:01:08 2025-08-13T16:01:08.576Z daemon INFO time="2025-08-13T09:01:08-07:00" level=info msg="received message" error=false event_type=describe message=OK monitor=serial-monitor
time="2025-08-13T09:01:08-07:00" level=info msg="sending command" command=QUIT monitor=serial-monitor
2025-08-13 09:01:08 2025-08-13T16:01:08.576Z daemon INFO time="2025-08-13T09:01:08-07:00" level=info msg="Tool required for debug" tool="builtin:serial-monitor@0.15.0"
2025-08-13 09:01:08 2025-08-13T16:01:08.577Z daemon INFO time="2025-08-13T09:01:08-07:00" level=info msg="Tool required for debug" tool="arduino:arduinoOTA@1.3.0"
time="2025-08-13T09:01:08-07:00" level=info msg="Tool required for debug" tool="arduino:avr-gcc@7.3.0-atmel3.6.1-arduino7"
time="2025-08-13T09:01:08-07:00" level=info msg="Tool required for debug" tool="arduino:avrdude@6.3.0-arduino17"
time="2025-08-13T09:01:08-07:00" level=info msg="Tool required for debug" tool="builtin:ctags@5.8-arduino11"
2025-08-13 09:01:08 2025-08-13T16:01:08.577Z daemon INFO time="2025-08-13T09:01:08-07:00" level=info msg="received message" error=false event_type=quit message=OK monitor=serial-monitor
time="2025-08-13T09:01:08-07:00" level=info msg="Killing monitor process" monitor=serial-monitor
2025-08-13 09:01:08 2025-08-13T16:01:08.577Z daemon INFO time="2025-08-13T09:01:08-07:00" level=info msg="Tool required for debug" tool="builtin:mdns-discovery@1.0.9"
2025-08-13 09:01:08 2025-08-13T16:01:08.577Z daemon INFO time="2025-08-13T09:01:08-07:00" level=info msg="Tool required for debug" tool="builtin:serial-discovery@1.4.1"
2025-08-13 09:01:08 2025-08-13T16:01:08.577Z daemon INFO time="2025-08-13T09:01:08-07:00" level=error msg="stopped decode loop: EOF" monitor=serial-monitor
2025-08-13 09:01:08 2025-08-13T16:01:08.577Z daemon INFO time="2025-08-13T09:01:08-07:00" level=info msg="Monitor process killed" monitor=serial-monitor
2025-08-13 09:01:08 2025-08-13T16:01:08.583Z daemon INFO time="2025-08-13T09:01:08-07:00" level=info msg="Starting monitor process" monitor=serial-monitor
time="2025-08-13T09:01:08-07:00" level=info msg="Monitor process started successfully!" monitor=serial-monitor
time="2025-08-13T09:01:08-07:00" level=info msg="sending command" command="HELLO 1 \"arduino-cli 1.2.0\"" monitor=serial-monitor
2025-08-13 09:01:08 2025-08-13T16:01:08.584Z daemon INFO time="2025-08-13T09:01:08-07:00" level=info msg="received message" error=false event_type=hello message=OK monitor=serial-monitor
2025-08-13 09:01:08 2025-08-13T16:01:08.584Z daemon INFO time="2025-08-13T09:01:08-07:00" level=info msg="sending command" command=DESCRIBE monitor=serial-monitor
2025-08-13 09:01:08 2025-08-13T16:01:08.584Z daemon INFO time="2025-08-13T09:01:08-07:00" level=info msg="received message" error=false event_type=describe message=OK monitor=serial-monitor
2025-08-13 09:01:08 2025-08-13T16:01:08.584Z daemon INFO time="2025-08-13T09:01:08-07:00" level=info msg="sending command" command="CONFIGURE baudrate 115200" monitor=serial-monitor
2025-08-13 09:01:08 2025-08-13T16:01:08.585Z daemon INFO time="2025-08-13T09:01:08-07:00" level=info msg="received message" error=false event_type=configure message=OK monitor=serial-monitor
time="2025-08-13T09:01:08-07:00" level=info msg="sending command" command="CONFIGURE bits 8" monitor=serial-monitor
time="2025-08-13T09:01:08-07:00" level=info msg="received message" error=false event_type=configure message=OK monitor=serial-monitor
time="2025-08-13T09:01:08-07:00" level=info msg="sending command" command="CONFIGURE dtr on" monitor=serial-monitor
time="2025-08-13T09:01:08-07:00" level=info msg="received message" error=false event_type=configure message=OK monitor=serial-monitor
time="2025-08-13T09:01:08-07:00" level=info msg="sending command" command="CONFIGURE parity none" monitor=serial-monitor
time="2025-08-13T09:01:08-07:00" level=info msg="received message" error=false event_type=configure message=OK monitor=serial-monitor
time="2025-08-13T09:01:08-07:00" level=info msg="sending command" command="CONFIGURE rts on" monitor=serial-monitor
time="2025-08-13T09:01:08-07:00" level=info msg="received message" error=false event_type=configure message=OK monitor=serial-monitor
time="2025-08-13T09:01:08-07:00" level=info msg="sending command" command="CONFIGURE stop_bits 1" monitor=serial-monitor
time="2025-08-13T09:01:08-07:00" level=info msg="received message" error=false event_type=configure message=OK monitor=serial-monitor
time="2025-08-13T09:01:08-07:00" level=info msg="sending command" command="OPEN 127.0.0.1:38383 /dev/ttyACM0" monitor=serial-monitor
2025-08-13 09:01:08 2025-08-13T16:01:08.586Z daemon INFO time="2025-08-13T09:01:08-07:00" level=info msg="received message" error=false event_type=open message=OK monitor=serial-monitor
2025-08-13 09:01:08 2025-08-13T16:01:08.586Z daemon INFO time="2025-08-13T09:01:08-07:00" level=info msg="Port /dev/ttyACM0 successfully opened"
time="2025-08-13T09:01:08-07:00" level=info msg="Tool required for debug" tool="arduino:dfu-util@0.11.0-arduino5"
time="2025-08-13T09:01:08-07:00" level=info msg="Tool required for debug" tool="esp32:esp-rv32@2411"
2025-08-13 09:01:08 2025-08-13T16:01:08.586Z daemon INFO time="2025-08-13T09:01:08-07:00" level=info msg="Tool required for debug" tool="esp32:esp-x32@2411"
time="2025-08-13T09:01:08-07:00" level=info msg="Tool required for debug" tool="esp32:esp32-arduino-libs@idf-release_v5.5-b66b5448-v1"
2025-08-13 09:01:08 2025-08-13T16:01:08.586Z monitor-service INFO Using port configuration for serial:/dev/ttyACM0: {"settingsList":[{"settingId":"baudrate","value":"115200"},{"settingId":"bits","value":"8"},{"settingId":"dtr","value":"on"},{"settingId":"parity","value":"none"},{"settingId":"rts","value":"on"},{"settingId":"stop_bits","value":"1"}]}
2025-08-13 09:01:08 2025-08-13T16:01:08.586Z monitor-service INFO started monitor to /dev/ttyACM0 using serial
2025-08-13 09:01:08 2025-08-13T16:01:08.586Z daemon INFO time="2025-08-13T09:01:08-07:00" level=info msg="Tool required for debug" tool="esp32:esptool_py@5.0.0"
time="2025-08-13T09:01:08-07:00" level=info msg="Tool required for debug" tool="esp32:mklittlefs@3.0.0-gnu12-dc7f933"
time="2025-08-13T09:01:08-07:00" level=info msg="Tool required for debug" tool="esp32:mkspiffs@0.2.3"
time="2025-08-13T09:01:08-07:00" level=info msg="Tool required for debug" tool="esp32:openocd-esp32@v0.12.0-esp32-20250422"
time="2025-08-13T09:01:08-07:00" level=info msg="Tool required for debug" tool="esp32:riscv32-esp-elf-gdb@16.2_20250324"
time="2025-08-13T09:01:08-07:00" level=info msg="Tool required for debug" tool="esp32:xtensa-esp-elf-gdb@16.2_20250324"
time="2025-08-13T09:01:08-07:00" level=info msg="Tool required for debug" tool="builtin:ctags@5.8-arduino11"
time="2025-08-13T09:01:08-07:00" level=info msg="Tool required for debug" tool="builtin:dfu-discovery@0.1.2"
time="2025-08-13T09:01:08-07:00" level=info msg="Tool required for debug" tool="arduino:arduinoOTA@1.3.0"
time="2025-08-13T09:01:08-07:00" level=info msg="Tool required for debug" tool="builtin:serial-monitor@0.15.0"
time="2025-08-13T09:01:08-07:00" level=info msg="Tool required for debug" tool="arduino:avr-gcc@7.3.0-atmel3.6.1-arduino7"
time="2025-08-13T09:01:08-07:00" level=info msg="Tool required for debug" tool="builtin:mdns-discovery@1.0.9"
time="2025-08-13T09:01:08-07:00" level=info msg="Tool required for debug" tool="arduino:avrdude@6.3.0-arduino17"
time="2025-08-13T09:01:08-07:00" level=info msg="Tool required for debug" tool="builtin:serial-discovery@1.4.1"
2025-08-13 09:01:08 2025-08-13T16:01:08.590Z daemon INFO time="2025-08-13T09:01:08-07:00" level=info msg="Adding libraries dir" dir=/home/aaron/.arduino15/libraries isSingleLibrary=false location=ide
2025-08-13 09:01:08 2025-08-13T16:01:08.590Z daemon INFO time="2025-08-13T09:01:08-07:00" level=info msg="Adding libraries dir" dir=/home/aaron/.arduino15/packages/esp32/hardware/esp32/3.3.0/libraries isSingleLibrary=false location=platform
time="2025-08-13T09:01:08-07:00" level=info msg="Adding libraries dir" dir=/home/aaron/Arduino/libraries isSingleLibrary=false location=user
2025-08-13 09:01:08 2025-08-13T16:01:08.591Z monitor-service INFO No port configuration changes have been detected. No need to send configure commands to the running monitor serial:/dev/ttyACM0.
2025-08-13 09:01:08 2025-08-13T16:01:08.592Z daemon INFO time="2025-08-13T09:01:08-07:00" level=info msg="Tool required for debug" tool="arduino:dfu-util@0.11.0-arduino5"
time="2025-08-13T09:01:08-07:00" level=info msg="Tool required for debug" tool="esp32:esp-rv32@2411"
2025-08-13 09:01:08 2025-08-13T16:01:08.592Z daemon INFO time="2025-08-13T09:01:08-07:00" level=info msg="Tool required for debug" tool="esp32:esp-x32@2411"
time="2025-08-13T09:01:08-07:00" level=info msg="Tool required for debug" tool="esp32:esp32-arduino-libs@idf-release_v5.5-b66b5448-v1"
time="2025-08-13T09:01:08-07:00" level=info msg="Tool required for debug" tool="esp32:esptool_py@5.0.0"
time="2025-08-13T09:01:08-07:00" level=info msg="Tool required for debug" tool="esp32:mklittlefs@3.0.0-gnu12-dc7f933"
time="2025-08-13T09:01:08-07:00" level=info msg="Tool required for debug" tool="esp32:mkspiffs@0.2.3"
time="2025-08-13T09:01:08-07:00" level=info msg="Tool required for debug" tool="esp32:openocd-esp32@v0.12.0-esp32-20250422"
time="2025-08-13T09:01:08-07:00" level=info msg="Tool required for debug" tool="esp32:riscv32-esp-elf-gdb@16.2_20250324"
time="2025-08-13T09:01:08-07:00" level=info msg="Tool required for debug" tool="esp32:xtensa-esp-elf-gdb@16.2_20250324"
time="2025-08-13T09:01:08-07:00" level=info msg="Tool required for debug" tool="arduino:arduinoOTA@1.3.0"
2025-08-13 09:01:08 2025-08-13T16:01:08.592Z daemon INFO time="2025-08-13T09:01:08-07:00" level=info msg="Tool required for debug" tool="arduino:avrdude@6.3.0-arduino17"
time="2025-08-13T09:01:08-07:00" level=info msg="Tool required for debug" tool="arduino:avr-gcc@7.3.0-atmel3.6.1-arduino7"
time="2025-08-13T09:01:08-07:00" level=info msg="Tool required for debug" tool="builtin:mdns-discovery@1.0.9"
time="2025-08-13T09:01:08-07:00" level=info msg="Tool required for debug" tool="builtin:serial-discovery@1.4.1"
time="2025-08-13T09:01:08-07:00" level=info msg="Tool required for debug" tool="builtin:serial-monitor@0.15.0"
2025-08-13 09:01:08 2025-08-13T16:01:08.592Z daemon INFO time="2025-08-13T09:01:08-07:00" level=info msg="Tool required for debug" tool="builtin:ctags@5.8-arduino11"
time="2025-08-13T09:01:08-07:00" level=info msg="Tool required for debug" tool="builtin:dfu-discovery@0.1.2"
2025-08-13 09:01:08 2025-08-13T16:01:08.597Z daemon INFO time="2025-08-13T09:01:08-07:00" level=info msg="Tool required for debug" tool="arduino:dfu-util@0.11.0-arduino5"
time="2025-08-13T09:01:08-07:00" level=info msg="Tool required for debug" tool="esp32:esp-rv32@2411"
time="2025-08-13T09:01:08-07:00" level=info msg="Tool required for debug" tool="esp32:esp-x32@2411"
2025-08-13 09:01:08 2025-08-13T16:01:08.597Z daemon INFO time="2025-08-13T09:01:08-07:00" level=info msg="Tool required for debug" tool="esp32:esp32-arduino-libs@idf-release_v5.5-b66b5448-v1"
time="2025-08-13T09:01:08-07:00" level=info msg="Tool required for debug" tool="esp32:esptool_py@5.0.0"
time="2025-08-13T09:01:08-07:00" level=info msg="Tool required for debug" tool="esp32:mklittlefs@3.0.0-gnu12-dc7f933"
time="2025-08-13T09:01:08-07:00" level=info msg="Tool required for debug" tool="esp32:mkspiffs@0.2.3"
time="2025-08-13T09:01:08-07:00" level=info msg="Tool required for debug" tool="esp32:openocd-esp32@v0.12.0-esp32-20250422"
time="2025-08-13T09:01:08-07:00" level=info msg="Tool required for debug" tool="esp32:riscv32-esp-elf-gdb@16.2_20250324"
time="2025-08-13T09:01:08-07:00" level=info msg="Tool required for debug" tool="esp32:xtensa-esp-elf-gdb@16.2_20250324"
time="2025-08-13T09:01:08-07:00" level=info msg="Tool required for debug" tool="arduino:avrdude@6.3.0-arduino17"
time="2025-08-13T09:01:08-07:00" level=info msg="Tool required for debug" tool="arduino:avr-gcc@7.3.0-atmel3.6.1-arduino7"
time="2025-08-13T09:01:08-07:00" level=info msg="Tool required for debug" tool="builtin:dfu-discovery@0.1.2"
2025-08-13 09:01:08 2025-08-13T16:01:08.597Z daemon INFO time="2025-08-13T09:01:08-07:00" level=info msg="Tool required for debug" tool="arduino:arduinoOTA@1.3.0"
time="2025-08-13T09:01:08-07:00" level=info msg="Tool required for debug" tool="builtin:serial-discovery@1.4.1"
time="2025-08-13T09:01:08-07:00" level=info msg="Tool required for debug" tool="builtin:mdns-discovery@1.0.9"
time="2025-08-13T09:01:08-07:00" level=info msg="Tool required for debug" tool="builtin:serial-monitor@0.15.0"
time="2025-08-13T09:01:08-07:00" level=info msg="Tool required for debug" tool="builtin:ctags@5.8-arduino11"
2025-08-13 09:01:08 2025-08-13T16:01:08.600Z daemon INFO time="2025-08-13T09:01:08-07:00" level=info msg="Tool required for debug" tool="arduino:dfu-util@0.11.0-arduino5"
time="2025-08-13T09:01:08-07:00" level=info msg="Tool required for debug" tool="esp32:esp-rv32@2411"
time="2025-08-13T09:01:08-07:00" level=info msg="Tool required for debug" tool="esp32:esp-x32@2411"
time="2025-08-13T09:01:08-07:00" level=info msg="Tool required for debug" tool="esp32:esp32-arduino-libs@idf-release_v5.5-b66b5448-v1"
time="2025-08-13T09:01:08-07:00" level=info msg="Tool required for debug" tool="esp32:esptool_py@5.0.0"
time="2025-08-13T09:01:08-07:00" level=info msg="Tool required for debug" tool="esp32:mklittlefs@3.0.0-gnu12-dc7f933"
time="2025-08-13T09:01:08-07:00" level=info msg="Tool required for debug" tool="esp32:mkspiffs@0.2.3"
time="2025-08-13T09:01:08-07:00" level=info msg="Tool required for debug" tool="esp32:openocd-esp32@v0.12.0-esp32-20250422"
2025-08-13 09:01:08 2025-08-13T16:01:08.600Z daemon INFO time="2025-08-13T09:01:08-07:00" level=info msg="Tool required for debug" tool="esp32:riscv32-esp-elf-gdb@16.2_20250324"
time="2025-08-13T09:01:08-07:00" level=info msg="Tool required for debug" tool="esp32:xtensa-esp-elf-gdb@16.2_20250324"
time="2025-08-13T09:01:08-07:00" level=info msg="Tool required for debug" tool="builtin:ctags@5.8-arduino11"
time="2025-08-13T09:01:08-07:00" level=info msg="Tool required for debug" tool="arduino:arduinoOTA@1.3.0"
time="2025-08-13T09:01:08-07:00" level=info msg="Tool required for debug" tool="arduino:avrdude@6.3.0-arduino17"
time="2025-08-13T09:01:08-07:00" level=info msg="Tool required for debug" tool="arduino:avr-gcc@7.3.0-atmel3.6.1-arduino7"
time="2025-08-13T09:01:08-07:00" level=info msg="Tool required for debug" tool="builtin:dfu-discovery@0.1.2"
time="2025-08-13T09:01:08-07:00" level=info msg="Tool required for debug" tool="builtin:mdns-discovery@1.0.9"
2025-08-13 09:01:08 2025-08-13T16:01:08.601Z daemon INFO time="2025-08-13T09:01:08-07:00" level=info msg="Tool required for debug" tool="builtin:serial-monitor@0.15.0"
time="2025-08-13T09:01:08-07:00" level=info msg="Tool required for debug" tool="builtin:serial-discovery@1.4.1"
2025-08-13 09:01:10 2025-08-13T16:01:10.228Z daemon INFO time="2025-08-13T09:01:10-07:00" level=info msg="Resolving include TinyGPSPlus.h for arch esp32"
time="2025-08-13T09:01:10-07:00" level=info msg="  found better lib" lib=TinyGPSPlus-ESP32 prio=521
time="2025-08-13T09:01:10-07:00" level=info msg="  discarded" lib=TinyGPSPlusPlus prio=517
2025-08-13 09:01:10 2025-08-13T16:01:10.621Z root WARN Widget was activated, but did not accept focus after 2000ms: serial-monitor
2025-08-13 09:01:10 2025-08-13T16:01:10.817Z daemon INFO time="2025-08-13T09:01:10-07:00" level=info msg="Resolving include WiFi.h for arch esp32"
time="2025-08-13T09:01:10-07:00" level=info msg="  found better lib" lib=WiFi prio=6B0
2025-08-13 09:01:11 2025-08-13T16:01:11.438Z daemon INFO time="2025-08-13T09:01:11-07:00" level=info msg="Resolving include Network.h for arch esp32"
time="2025-08-13T09:01:11-07:00" level=info msg="  found better lib" lib=Networking prio=64C
2025-08-13 09:01:13 2025-08-13T16:01:13.111Z root INFO creating connection for 5
2025-08-13 09:01:14 2025-08-13T16:01:14.066Z root ERROR TypeError: Cannot read properties of null (reading 'getCurrentKeyboardLayout')
    at r.getCurrentKeyboardLayout (/nix/store/2d5i1bzbqbnl4rgnhk8czrw5zmqqjdzv-arduino-ide-2.3.6-extracted/resources/app/lib/backend/main.js:2:4537759)
    at t.getCurrentKeyboardLayout (/nix/store/2d5i1bzbqbnl4rgnhk8czrw5zmqqjdzv-arduino-ide-2.3.6-extracted/resources/app/lib/backend/main.js:2:4538141)
    at s.getNativeLayoutSync (/nix/store/2d5i1bzbqbnl4rgnhk8czrw5zmqqjdzv-arduino-ide-2.3.6-extracted/resources/app/lib/backend/main.js:2:1830040)
    at s.getNativeLayout (/nix/store/2d5i1bzbqbnl4rgnhk8czrw5zmqqjdzv-arduino-ide-2.3.6-extracted/resources/app/lib/backend/main.js:2:1829981)
    at u.onRequest (/nix/store/2d5i1bzbqbnl4rgnhk8czrw5zmqqjdzv-arduino-ide-2.3.6-extracted/resources/app/lib/backend/main.js:2:4942964)
    at c.requestHandler (/nix/store/2d5i1bzbqbnl4rgnhk8czrw5zmqqjdzv-arduino-ide-2.3.6-extracted/resources/app/lib/backend/main.js:2:4942783)
    at c.handleRequest (/nix/store/2d5i1bzbqbnl4rgnhk8czrw5zmqqjdzv-arduino-ide-2.3.6-extracted/resources/app/lib/backend/main.js:2:524486)
    at c.handleMessage (/nix/store/2d5i1bzbqbnl4rgnhk8czrw5zmqqjdzv-arduino-ide-2.3.6-extracted/resources/app/lib/backend/main.js:2:522388)
    at /nix/store/2d5i1bzbqbnl4rgnhk8czrw5zmqqjdzv-arduino-ide-2.3.6-extracted/resources/app/lib/backend/main.js:2:522022
    at /nix/store/2d5i1bzbqbnl4rgnhk8czrw5zmqqjdzv-arduino-ide-2.3.6-extracted/resources/app/lib/backend/main.js:2:6419737
2025-08-13 09:01:14 2025-08-13T16:01:14.066Z root ERROR TypeError: Cannot read properties of null (reading 'getKeyMap')
    at r.getKeyMap (/nix/store/2d5i1bzbqbnl4rgnhk8czrw5zmqqjdzv-arduino-ide-2.3.6-extracted/resources/app/lib/backend/main.js:2:4537620)
    at t.getKeyMap (/nix/store/2d5i1bzbqbnl4rgnhk8czrw5zmqqjdzv-arduino-ide-2.3.6-extracted/resources/app/lib/backend/main.js:2:4538201)
    at s.getNativeLayoutSync (/nix/store/2d5i1bzbqbnl4rgnhk8czrw5zmqqjdzv-arduino-ide-2.3.6-extracted/resources/app/lib/backend/main.js:2:1830077)
    at s.getNativeLayout (/nix/store/2d5i1bzbqbnl4rgnhk8czrw5zmqqjdzv-arduino-ide-2.3.6-extracted/resources/app/lib/backend/main.js:2:1829981)
    at u.onRequest (/nix/store/2d5i1bzbqbnl4rgnhk8czrw5zmqqjdzv-arduino-ide-2.3.6-extracted/resources/app/lib/backend/main.js:2:4942964)
    at c.requestHandler (/nix/store/2d5i1bzbqbnl4rgnhk8czrw5zmqqjdzv-arduino-ide-2.3.6-extracted/resources/app/lib/backend/main.js:2:4942783)
    at c.handleRequest (/nix/store/2d5i1bzbqbnl4rgnhk8czrw5zmqqjdzv-arduino-ide-2.3.6-extracted/resources/app/lib/backend/main.js:2:524486)
    at c.handleMessage (/nix/store/2d5i1bzbqbnl4rgnhk8czrw5zmqqjdzv-arduino-ide-2.3.6-extracted/resources/app/lib/backend/main.js:2:522388)
    at /nix/store/2d5i1bzbqbnl4rgnhk8czrw5zmqqjdzv-arduino-ide-2.3.6-extracted/resources/app/lib/backend/main.js:2:522022
    at /nix/store/2d5i1bzbqbnl4rgnhk8czrw5zmqqjdzv-arduino-ide-2.3.6-extracted/resources/app/lib/backend/main.js:2:6419737
2025-08-13 09:01:14 2025-08-13T16:01:14.067Z root WARN A command editor.action.toggleStickyScroll is already registered.
2025-08-13 09:01:14 Opening channel for service path '/services/electron-window'.
2025-08-13 09:01:14 Opening channel for service path '/services/ide-updater'.
2025-08-13 09:01:14 2025-08-13T16:01:14.192Z root INFO Start frontend contributions: 289.2 ms [Finished 1.763 s after frontend start]
2025-08-13 09:01:14 2025-08-13T16:01:14.192Z root INFO Changed application state from 'init' to 'started_contributions'.
2025-08-13 09:01:14 2025-08-13T16:01:14.236Z root INFO Changed application state from 'started_contributions' to 'attached_shell'.
2025-08-13 09:01:14 2025-08-13T16:01:14.236Z root INFO >>> Restoring the layout state...
2025-08-13 09:01:14 2025-08-13T16:01:14.495Z root INFO [74d26163-7bbe-4e2f-a3d2-de850b852d18] Waiting for backend deployment: 100.0 ms [Finished 1.858 s after frontend start]
2025-08-13 09:01:14 2025-08-13T16:01:14.956Z root INFO ------- SERIALIZED LAYOUT DATA -------
2025-08-13 09:01:14 2025-08-13T16:01:14.956Z root INFO {"version":5,"mainPanel":{"main":{"type":"tab-area","widgets":[{"constructionOptions":{"factoryId":"code-editor-opener","options":{"counter":0,"kind":"navigatable","uri":"file:///home/aaron/projects/esp32_ble/slave/slave.ino"}},"innerWidgetState":"{\"cursorState\":[{\"inSelectionMode\":false,\"selectionStart\":{\"lineNumber\":42,\"column\":9},\"position\":{\"lineNumber\":42,\"column\":9}}],\"viewState\":{\"scrollLeft\":0,\"firstPosition\":{\"lineNumber\":1,\"column\":1},\"firstPositionDeltaTop\":0},\"contributionsState\":{\"editor.contrib.folding\":{\"lineCount\":295,\"provider\":\"indent\",\"foldedImports\":false},\"editor.contrib.wordHighlighter\":false}}"}],"currentIndex":0}},"mainPanelPinned":[false],"bottomPanel":{"config":{"main":{"type":"tab-area","widgets":[{"constructionOptions":{"factoryId":"outputView"},"innerWidgetState":"{\"locked\":false}"},{"constructionOptions":{"factoryId":"serial-monitor"}}],"currentIndex":0}},"pinned":[false,false],"size":191,"expanded":true},"leftPanel":{"type":"sidepanel","items":[{"widget":{"constructionOptions":{"factoryId":"arduino-sketchbook-widget"}},"rank":1,"expanded":false,"pinned":false},{"widget":{"constructionOptions":{"factoryId":"boards-list-widget"}},"rank":2,"expanded":false,"pinned":false},{"widget":{"constructionOptions":{"factoryId":"library-list-widget"}},"rank":3,"expanded":false,"pinned":false},{"widget":{"constructionOptions":{"factoryId":"debug"},"innerWidgetState":"{\"parts\":[{\"partId\":\"debug:threads:-1\",\"collapsed\":false,\"hidden\":false,\"relativeSize\":1.384,\"originalContainerId\":\"debug:view-container:-1\",\"originalContainerTitle\":{\"label\":\"debug\",\"iconClass\":\"codicon codicon-debug-alt\",\"closeable\":true},\"widget\":{\"constructionOptions\":{\"factoryId\":\"debug:threads\"},\"innerWidgetState\":\"{}\"}},{\"partId\":\"debug:frames:-1\",\"collapsed\":false,\"hidden\":false,\"relativeSize\":1.384,\"originalContainerId\":\"debug:view-container:-1\",\"originalContainerTitle\":{\"label\":\"debug\",\"iconClass\":\"codicon codicon-debug-alt\",\"closeable\":true},\"widget\":{\"constructionOptions\":{\"factoryId\":\"debug:frames\"},\"innerWidgetState\":\"{}\"}},{\"partId\":\"debug:variables:-1\",\"collapsed\":false,\"hidden\":false,\"relativeSize\":1.384,\"originalContainerId\":\"debug:view-container:-1\",\"originalContainerTitle\":{\"label\":\"debug\",\"iconClass\":\"codicon codicon-debug-alt\",\"closeable\":true},\"widget\":{\"constructionOptions\":{\"factoryId\":\"debug:variables\"},\"innerWidgetState\":\"{}\"}},{\"partId\":\"debug:watch:-1\",\"collapsed\":false,\"hidden\":false,\"relativeSize\":1.384,\"originalContainerId\":\"debug:view-container:-1\",\"originalContainerTitle\":{\"label\":\"debug\",\"iconClass\":\"codicon codicon-debug-alt\",\"closeable\":true},\"widget\":{\"constructionOptions\":{\"factoryId\":\"debug:watch\"},\"innerWidgetState\":\"{}\"}},{\"partId\":\"debug:breakpoints:-1\",\"collapsed\":false,\"hidden\":false,\"relativeSize\":1.384,\"originalContainerId\":\"debug:view-container:-1\",\"originalContainerTitle\":{\"label\":\"debug\",\"iconClass\":\"codicon codicon-debug-alt\",\"closeable\":true},\"widget\":{\"constructionOptions\":{\"factoryId\":\"debug:breakpoints\"},\"innerWidgetState\":\"{}\"}},{\"partId\":\"plugin-view:cortex-debug.peripherals\",\"collapsed\":true,\"hidden\":true,\"originalContainerId\":\"debug:view-container:-1\",\"originalContainerTitle\":{\"label\":\"debug\",\"iconClass\":\"codicon codicon-debug-alt\",\"closeable\":true},\"widget\":{\"constructionOptions\":{\"factoryId\":\"plugin-view\",\"options\":{\"id\":\"plugin-view:cortex-debug.peripherals\",\"viewId\":\"cortex-debug.peripherals\"}},\"innerWidgetState\":\"{\\\"label\\\":\\\"Cortex Peripherals\\\",\\\"widgets\\\":[],\\\"suppressUpdateViewVisibility\\\":false,\\\"currentViewContainerId\\\":\\\"debug\\\"}\"}},{\"partId\":\"plugin-view:cortex-debug.registers\",\"collapsed\":true,\"hidden\":true,\"originalContainerId\":\"debug:view-container:-1\",\"originalContainerTitle\":{\"label\":\"debug\",\"iconClass\":\"codicon codicon-debug-alt\",\"closeable\":true},\"widget\":{\"constructionOptions\":{\"factoryId\":\"plugin-view\",\"options\":{\"id\":\"plugin-view:cortex-debug.registers\",\"viewId\":\"cortex-debug.registers\"}},\"innerWidgetState\":\"{\\\"label\\\":\\\"Cortex Registers\\\",\\\"widgets\\\":[],\\\"suppressUpdateViewVisibility\\\":false,\\\"currentViewContainerId\\\":\\\"debug\\\"}\"}}],\"title\":{\"label\":\"debug\",\"iconClass\":\"codicon codicon-debug-alt\",\"closeable\":true}}"},"rank":4,"expanded":false,"pinned":false},{"widget":{"constructionOptions":{"factoryId":"search-view-container"},"innerWidgetState":"{\"parts\":[{\"partId\":\"search-in-workspace\",\"collapsed\":false,\"hidden\":false,\"originalContainerId\":\"search-view-container\",\"originalContainerTitle\":{\"label\":\"Search\",\"iconClass\":\"codicon codicon-search\",\"closeable\":true},\"widget\":{\"constructionOptions\":{\"factoryId\":\"search-in-workspace\"},\"innerWidgetState\":\"{\\\"matchCaseState\\\":{\\\"className\\\":\\\"codicon codicon-case-sensitive\\\",\\\"enabled\\\":false,\\\"title\\\":\\\"Match Case\\\"},\\\"wholeWordState\\\":{\\\"className\\\":\\\"codicon codicon-whole-word\\\",\\\"enabled\\\":false,\\\"title\\\":\\\"Match Whole Word\\\"},\\\"regExpState\\\":{\\\"className\\\":\\\"codicon codicon-regex\\\",\\\"enabled\\\":false,\\\"title\\\":\\\"Use Regular Expression\\\"},\\\"includeIgnoredState\\\":{\\\"className\\\":\\\"codicon codicon-eye\\\",\\\"enabled\\\":false,\\\"title\\\":\\\"Include Ignored Files\\\"},\\\"showSearchDetails\\\":false,\\\"searchInWorkspaceOptions\\\":{\\\"matchCase\\\":false,\\\"matchWholeWord\\\":false,\\\"useRegExp\\\":false,\\\"multiline\\\":false,\\\"includeIgnored\\\":false,\\\"include\\\":[],\\\"exclude\\\":[],\\\"maxResults\\\":2000},\\\"searchTerm\\\":\\\"\\\",\\\"replaceTerm\\\":\\\"\\\",\\\"showReplaceField\\\":false,\\\"searchHistoryState\\\":{\\\"history\\\":[],\\\"index\\\":0},\\\"replaceHistoryState\\\":{\\\"history\\\":[],\\\"index\\\":0},\\\"includeHistoryState\\\":{\\\"history\\\":[],\\\"index\\\":0},\\\"excludeHistoryState\\\":{\\\"history\\\":[],\\\"index\\\":0}}\"}}],\"title\":{\"label\":\"Search\",\"iconClass\":\"fa fa-arduino-search\",\"closeable\":true}}"},"rank":5,"expanded":false,"pinned":false}],"size":268},"rightPanel":{"type":"sidepanel","items":[]}}
2025-08-13 09:01:14 2025-08-13T16:01:14.956Z root INFO ------- END SERIALIZED LAYOUT DATA -------
2025-08-13 09:01:14 2025-08-13T16:01:14.957Z root INFO [hosted-plugin: 8309] PLUGIN_HOST(8309) starting instance
[Object: null prototype] {}
2025-08-13 09:01:15 2025-08-13T16:01:15.815Z root INFO [74d26163-7bbe-4e2f-a3d2-de850b852d18] Sync of 23 plugins: 1541.9 ms [Finished 3.400 s after frontend start]
2025-08-13 09:01:16 2025-08-13T16:01:16.139Z root INFO <<< The layout has been successfully restored.
2025-08-13 09:01:16 2025-08-13T16:01:16.227Z root INFO Initialize the workbench layout: 1904.2 ms [Finished 3.725 s after frontend start]
2025-08-13 09:01:16 2025-08-13T16:01:16.228Z root INFO Changed application state from 'attached_shell' to 'initialized_layout'.
2025-08-13 09:01:16 2025-08-13T16:01:16.229Z root INFO [74d26163-7bbe-4e2f-a3d2-de850b852d18] Loading plugin contributions
2025-08-13 09:01:16 2025-08-13T16:01:16.230Z root INFO [74d26163-7bbe-4e2f-a3d2-de850b852d18] Load contributions of 23 plugins: 84.4 ms [Finished 3.811 s after frontend start]
2025-08-13 09:01:16 2025-08-13T16:01:16.276Z root WARN 'cpp' language is remapped from 'source.cpp.embedded.macro' to 'source.cpp' scope
2025-08-13 09:01:16 2025-08-13T16:01:16.277Z root WARN a registered grammar configuration for 'cpp' language is overridden
2025-08-13 09:01:16 2025-08-13T16:01:16.397Z root ERROR [hosted-plugin: 8309] Conflict in settings file Default: Ignoring cortex-debug.armToolchainPath.linux as cortex-debug.armToolchainPath is null
2025-08-13 09:01:16 2025-08-13T16:01:16.397Z root ERROR [hosted-plugin: 8309] Conflict in settings file Default: Ignoring cortex-debug.armToolchainPath.osx as cortex-debug.armToolchainPath is null
Conflict in settings file Default: Ignoring cortex-debug.armToolchainPath.windows as cortex-debug.armToolchainPath is null
2025-08-13 09:01:16 2025-08-13T16:01:16.397Z root ERROR [hosted-plugin: 8309] Conflict in settings file Default: Ignoring cortex-debug.JLinkGDBServerPath.linux as cortex-debug.JLinkGDBServerPath is null
2025-08-13 09:01:16 2025-08-13T16:01:16.397Z root ERROR [hosted-plugin: 8309] Conflict in settings file Default: Ignoring cortex-debug.JLinkGDBServerPath.osx as cortex-debug.JLinkGDBServerPath is null
2025-08-13 09:01:16 2025-08-13T16:01:16.397Z root ERROR [hosted-plugin: 8309] Conflict in settings file Default: Ignoring cortex-debug.JLinkGDBServerPath.windows as cortex-debug.JLinkGDBServerPath is null
2025-08-13 09:01:16 2025-08-13T16:01:16.397Z root ERROR [hosted-plugin: 8309] Conflict in settings file Default: Ignoring cortex-debug.openocdPath.linux as cortex-debug.openocdPath is null
2025-08-13 09:01:16 2025-08-13T16:01:16.397Z root ERROR [hosted-plugin: 8309] Conflict in settings file Default: Ignoring cortex-debug.openocdPath.osx as cortex-debug.openocdPath is null
2025-08-13 09:01:16 2025-08-13T16:01:16.397Z root ERROR [hosted-plugin: 8309] Conflict in settings file Default: Ignoring cortex-debug.openocdPath.windows as cortex-debug.openocdPath is null
2025-08-13 09:01:16 2025-08-13T16:01:16.398Z root ERROR [hosted-plugin: 8309] Conflict in settings file Default: Ignoring cortex-debug.pyocdPath.linux as cortex-debug.pyocdPath is null
Conflict in settings file Default: Ignoring cortex-debug.pyocdPath.osx as cortex-debug.pyocdPath is null
2025-08-13 09:01:16 2025-08-13T16:01:16.398Z root ERROR [hosted-plugin: 8309] Conflict in settings file Default: Ignoring cortex-debug.pyocdPath.windows as cortex-debug.pyocdPath is null
Conflict in settings file Default: Ignoring cortex-debug.PEGDBServerPath.linux as cortex-debug.PEGDBServerPath is null
2025-08-13 09:01:16 2025-08-13T16:01:16.398Z root ERROR [hosted-plugin: 8309] Conflict in settings file Default: Ignoring cortex-debug.PEGDBServerPath.osx as cortex-debug.PEGDBServerPath is null
2025-08-13 09:01:16 2025-08-13T16:01:16.398Z root ERROR [hosted-plugin: 8309] Conflict in settings file Default: Ignoring cortex-debug.PEGDBServerPath.windows as cortex-debug.PEGDBServerPath is null
Conflict in settings file Default: Ignoring cortex-debug.stutilPath.linux as cortex-debug.stutilPath is null
2025-08-13 09:01:16 2025-08-13T16:01:16.398Z root ERROR [hosted-plugin: 8309] Conflict in settings file Default: Ignoring cortex-debug.stutilPath.osx as cortex-debug.stutilPath is null
Conflict in settings file Default: Ignoring cortex-debug.stutilPath.windows as cortex-debug.stutilPath is null
Conflict in settings file Default: Ignoring cortex-debug.stlinkPath.linux as cortex-debug.stlinkPath is null
2025-08-13 09:01:16 2025-08-13T16:01:16.398Z root ERROR [hosted-plugin: 8309] Conflict in settings file Default: Ignoring cortex-debug.stlinkPath.osx as cortex-debug.stlinkPath is null
Conflict in settings file Default: Ignoring cortex-debug.stlinkPath.windows as cortex-debug.stlinkPath is null
Conflict in settings file Default: Ignoring cortex-debug.stm32cubeprogrammer.linux as cortex-debug.stm32cubeprogrammer is null
2025-08-13 09:01:16 2025-08-13T16:01:16.398Z root ERROR [hosted-plugin: 8309] Conflict in settings file Default: Ignoring cortex-debug.stm32cubeprogrammer.osx as cortex-debug.stm32cubeprogrammer is null
Conflict in settings file Default: Ignoring cortex-debug.stm32cubeprogrammer.windows as cortex-debug.stm32cubeprogrammer is null
2025-08-13 09:01:16 2025-08-13T16:01:16.416Z root INFO [hosted-plugin: 8309] PLUGIN_HOST(8309): PluginManagerExtImpl/init()
2025-08-13 09:01:16 2025-08-13T16:01:16.419Z root INFO [hosted-plugin: 8309] PLUGIN_HOST(8309): initializing(vscode-arduino-api@0.1.2 with /nix/store/2d5i1bzbqbnl4rgnhk8czrw5zmqqjdzv-arduino-ide-2.3.6-extracted/resources/app/lib/backend/plugin-vscode-init)
2025-08-13 09:01:16 2025-08-13T16:01:16.508Z root INFO [hosted-plugin: 8309] PLUGIN_HOST(8309): initializing(json-language-features@1.88.1 with /nix/store/2d5i1bzbqbnl4rgnhk8czrw5zmqqjdzv-arduino-ide-2.3.6-extracted/resources/app/lib/backend/plugin-vscode-init)
2025-08-13 09:01:16 2025-08-13T16:01:16.513Z root INFO [hosted-plugin: 8309] PLUGIN_HOST(8309): initializing(cortex-debug@1.5.1 with /nix/store/2d5i1bzbqbnl4rgnhk8czrw5zmqqjdzv-arduino-ide-2.3.6-extracted/resources/app/lib/backend/plugin-vscode-init)
2025-08-13 09:01:16 2025-08-13T16:01:16.513Z root INFO [hosted-plugin: 8309] Debugger contribution has been registered: cortex-debug
2025-08-13 09:01:16 2025-08-13T16:01:16.515Z root INFO [hosted-plugin: 8309] PLUGIN_HOST(8309): initializing(vscode-arduino-tools@0.1.3 with /nix/store/2d5i1bzbqbnl4rgnhk8czrw5zmqqjdzv-arduino-ide-2.3.6-extracted/resources/app/lib/backend/plugin-vscode-init)
2025-08-13 09:01:16 2025-08-13T16:01:16.517Z root INFO [hosted-plugin: 8309] PLUGIN_HOST(8309): initializing(cpp@1.88.1 with /nix/store/2d5i1bzbqbnl4rgnhk8czrw5zmqqjdzv-arduino-ide-2.3.6-extracted/resources/app/lib/backend/plugin-vscode-init)
2025-08-13 09:01:16 2025-08-13T16:01:16.518Z root INFO [hosted-plugin: 8309] PLUGIN_HOST(8309): initializing(json@1.88.1 with /nix/store/2d5i1bzbqbnl4rgnhk8czrw5zmqqjdzv-arduino-ide-2.3.6-extracted/resources/app/lib/backend/plugin-vscode-init)
2025-08-13 09:01:16 2025-08-13T16:01:16.520Z root INFO [hosted-plugin: 8309] PLUGIN_HOST(8309): initializing(vscode-language-pack-bg@1.48.3 with /nix/store/2d5i1bzbqbnl4rgnhk8czrw5zmqqjdzv-arduino-ide-2.3.6-extracted/resources/app/lib/backend/plugin-vscode-init)
2025-08-13 09:01:16 2025-08-13T16:01:16.521Z root INFO [hosted-plugin: 8309] PLUGIN_HOST(8309): initializing(vscode-language-pack-cs@1.96.0 with /nix/store/2d5i1bzbqbnl4rgnhk8czrw5zmqqjdzv-arduino-ide-2.3.6-extracted/resources/app/lib/backend/plugin-vscode-init)
2025-08-13 09:01:16 2025-08-13T16:01:16.526Z root INFO [hosted-plugin: 8309] PLUGIN_HOST(8309): initializing(vscode-language-pack-de@1.96.0 with /nix/store/2d5i1bzbqbnl4rgnhk8czrw5zmqqjdzv-arduino-ide-2.3.6-extracted/resources/app/lib/backend/plugin-vscode-init)
2025-08-13 09:01:16 2025-08-13T16:01:16.527Z root INFO [hosted-plugin: 8309] PLUGIN_HOST(8309): initializing(vscode-language-pack-es@1.96.0 with /nix/store/2d5i1bzbqbnl4rgnhk8czrw5zmqqjdzv-arduino-ide-2.3.6-extracted/resources/app/lib/backend/plugin-vscode-init)
2025-08-13 09:01:16 2025-08-13T16:01:16.528Z root INFO [hosted-plugin: 8309] PLUGIN_HOST(8309): initializing(vscode-language-pack-fr@1.96.0 with /nix/store/2d5i1bzbqbnl4rgnhk8czrw5zmqqjdzv-arduino-ide-2.3.6-extracted/resources/app/lib/backend/plugin-vscode-init)
2025-08-13 09:01:16 2025-08-13T16:01:16.529Z root INFO [hosted-plugin: 8309] PLUGIN_HOST(8309): initializing(vscode-language-pack-hu@1.48.3 with /nix/store/2d5i1bzbqbnl4rgnhk8czrw5zmqqjdzv-arduino-ide-2.3.6-extracted/resources/app/lib/backend/plugin-vscode-init)
2025-08-13 09:01:16 2025-08-13T16:01:16.529Z root INFO [hosted-plugin: 8309] PLUGIN_HOST(8309): initializing(vscode-language-pack-it@1.96.0 with /nix/store/2d5i1bzbqbnl4rgnhk8czrw5zmqqjdzv-arduino-ide-2.3.6-extracted/resources/app/lib/backend/plugin-vscode-init)
2025-08-13 09:01:16 2025-08-13T16:01:16.530Z root INFO [hosted-plugin: 8309] PLUGIN_HOST(8309): initializing(vscode-language-pack-ja@1.96.0 with /nix/store/2d5i1bzbqbnl4rgnhk8czrw5zmqqjdzv-arduino-ide-2.3.6-extracted/resources/app/lib/backend/plugin-vscode-init)
2025-08-13 09:01:16 2025-08-13T16:01:16.530Z root INFO [hosted-plugin: 8309] PLUGIN_HOST(8309): initializing(vscode-language-pack-ko@1.96.0 with /nix/store/2d5i1bzbqbnl4rgnhk8czrw5zmqqjdzv-arduino-ide-2.3.6-extracted/resources/app/lib/backend/plugin-vscode-init)
2025-08-13 09:01:16 2025-08-13T16:01:16.530Z root INFO [hosted-plugin: 8309] PLUGIN_HOST(8309): initializing(vscode-language-pack-nl@1.48.3 with /nix/store/2d5i1bzbqbnl4rgnhk8czrw5zmqqjdzv-arduino-ide-2.3.6-extracted/resources/app/lib/backend/plugin-vscode-init)
2025-08-13 09:01:16 2025-08-13T16:01:16.531Z root INFO [hosted-plugin: 8309] PLUGIN_HOST(8309): initializing(vscode-language-pack-pl@1.96.0 with /nix/store/2d5i1bzbqbnl4rgnhk8czrw5zmqqjdzv-arduino-ide-2.3.6-extracted/resources/app/lib/backend/plugin-vscode-init)
2025-08-13 09:01:16 2025-08-13T16:01:16.531Z root INFO [hosted-plugin: 8309] PLUGIN_HOST(8309): initializing(vscode-language-pack-pt-BR@1.96.0 with /nix/store/2d5i1bzbqbnl4rgnhk8czrw5zmqqjdzv-arduino-ide-2.3.6-extracted/resources/app/lib/backend/plugin-vscode-init)
2025-08-13 09:01:16 2025-08-13T16:01:16.532Z root INFO [hosted-plugin: 8309] PLUGIN_HOST(8309): initializing(vscode-language-pack-ru@1.96.0 with /nix/store/2d5i1bzbqbnl4rgnhk8czrw5zmqqjdzv-arduino-ide-2.3.6-extracted/resources/app/lib/backend/plugin-vscode-init)
2025-08-13 09:01:16 2025-08-13T16:01:16.532Z root INFO [hosted-plugin: 8309] PLUGIN_HOST(8309): initializing(vscode-language-pack-tr@1.96.0 with /nix/store/2d5i1bzbqbnl4rgnhk8czrw5zmqqjdzv-arduino-ide-2.3.6-extracted/resources/app/lib/backend/plugin-vscode-init)
2025-08-13 09:01:16 2025-08-13T16:01:16.532Z root INFO [hosted-plugin: 8309] PLUGIN_HOST(8309): initializing(vscode-language-pack-uk@1.48.3 with /nix/store/2d5i1bzbqbnl4rgnhk8czrw5zmqqjdzv-arduino-ide-2.3.6-extracted/resources/app/lib/backend/plugin-vscode-init)
2025-08-13 09:01:16 2025-08-13T16:01:16.533Z root INFO [hosted-plugin: 8309] PLUGIN_HOST(8309): initializing(vscode-language-pack-zh-hans@1.96.0 with /nix/store/2d5i1bzbqbnl4rgnhk8czrw5zmqqjdzv-arduino-ide-2.3.6-extracted/resources/app/lib/backend/plugin-vscode-init)
2025-08-13 09:01:16 2025-08-13T16:01:16.533Z root INFO [hosted-plugin: 8309] PLUGIN_HOST(8309): initializing(vscode-language-pack-zh-hant@1.96.0 with /nix/store/2d5i1bzbqbnl4rgnhk8czrw5zmqqjdzv-arduino-ide-2.3.6-extracted/resources/app/lib/backend/plugin-vscode-init)
2025-08-13 09:01:16 2025-08-13T16:01:16.552Z root INFO [hosted-plugin: 8309] PLUGIN_HOST(8309): PluginManagerExtImpl/loadPlugin(/nix/store/2d5i1bzbqbnl4rgnhk8czrw5zmqqjdzv-arduino-ide-2.3.6-extracted/resources/app/plugins/vscode-builtin-json-language-features/extension/client/dist/node/jsonClientMain)
2025-08-13 09:01:16 2025-08-13T16:01:16.614Z root INFO [hosted-plugin: 8309] PLUGIN_HOST(8309): PluginManagerExtImpl/loadPlugin(/nix/store/2d5i1bzbqbnl4rgnhk8czrw5zmqqjdzv-arduino-ide-2.3.6-extracted/resources/app/plugins/vscode-arduino-tools/extension/dist/extension.js)
2025-08-13 09:01:16 2025-08-13T16:01:16.642Z root INFO [hosted-plugin: 8309] PLUGIN_HOST(8309): PluginManagerExtImpl/loadPlugin(/nix/store/2d5i1bzbqbnl4rgnhk8czrw5zmqqjdzv-arduino-ide-2.3.6-extracted/resources/app/plugins/vscode-arduino-api/extension/dist/extension.js)
2025-08-13 09:01:16 2025-08-13T16:01:16.645Z root INFO [hosted-plugin: 8309] calling activation function on VS Code Arduino Tools
calling activation function on Arduino IDE API for VS Code extensions
2025-08-13 09:01:16 2025-08-13T16:01:16.667Z root INFO [74d26163-7bbe-4e2f-a3d2-de850b852d18] Starting plugins.
2025-08-13 09:01:16 2025-08-13T16:01:16.701Z root INFO [hosted-plugin: 8309] PLUGIN_HOST(8309): PluginManagerExtImpl/loadPlugin(/nix/store/2d5i1bzbqbnl4rgnhk8czrw5zmqqjdzv-arduino-ide-2.3.6-extracted/resources/app/plugins/cortex-debug/extension/dist/extension.js)
2025-08-13 09:01:16 2025-08-13T16:01:16.737Z root INFO [hosted-plugin: 8309] Debug configuration provider has been registered: cortex-debug, trigger: 1
2025-08-13 09:01:16 2025-08-13T16:01:16.737Z root INFO [hosted-plugin: 8309] calling activation function on Cortex-Debug
2025-08-13 09:01:16 2025-08-13T16:01:16.739Z root INFO [hosted-plugin: 8309] GDB server console created
2025-08-13 09:01:16 2025-08-13T16:01:16.762Z root INFO [74d26163-7bbe-4e2f-a3d2-de850b852d18] Start of 23 plugins: 531.0 ms [Finished 4.347 s after frontend start]
2025-08-13 09:01:16 2025-08-13T16:01:16.888Z root INFO [hosted-plugin: 8309] calling activation function on JSON Language Features (built-in)
2025-08-13 09:01:17 2025-08-13T16:01:17.307Z root INFO Frontend application start: 3298.6 ms [Finished 7847.473 s after backend start]
2025-08-13 09:01:17 2025-08-13T16:01:17.337Z root INFO Replace loading indicator with ready workbench UI (animation): 832.2 ms [Finished 4.647 s after frontend start]
2025-08-13 09:01:17 2025-08-13T16:01:17.337Z root INFO Changed application state from 'initialized_layout' to 'ready'.
2025-08-13 09:01:17 2025-08-13T16:01:17.337Z root WARN Linked preference "workbench.colorCustomizations" not found.
2025-08-13 09:01:17 2025-08-13T16:01:17.349Z root INFO Executing startup tasks:
2025-08-13 09:01:17 2025-08-13T16:01:17.349Z root INFO  - 'arduino-use-inherited-boards-data' , args: [{"fqbn":"esp32:esp32:XIAO_ESP32C3","data":{"configOptions":[{"label":"Upload Speed","option":"UploadSpeed","values":[{"value":"921600","label":"921600","selected":true},{"value":"115200","label":"115200","selected":false},{"value":"230400","label":"230400","selected":false},{"value":"460800","label":"460800","selected":false}]},{"label":"USB CDC On Boot","option":"CDCOnBoot","values":[{"value":"default","label":"Enabled","selected":true},{"value":"cdc","label":"Disabled","selected":false}]},{"label":"CPU Frequency","option":"CPUFreq","values":[{"value":"160","label":"160MHz (WiFi)","selected":true},{"value":"80","label":"80MHz (WiFi)","selected":false},{"value":"40","label":"40MHz","selected":false},{"value":"20","label":"20MHz","selected":false},{"value":"10","label":"10MHz","selected":false}]},{"label":"Flash Frequency","option":"FlashFreq","values":[{"value":"80","label":"80MHz","selected":true},{"value":"40","label":"40MHz","selected":false}]},{"label":"Flash Mode","option":"FlashMode","values":[{"value":"qio","label":"QIO","selected":true},{"value":"dio","label":"DIO","selected":false}]},{"label":"Flash Size","option":"FlashSize","values":[{"value":"4M","label":"4MB (32Mb)","selected":true},{"value":"8M","label":"8MB (64Mb)","selected":false},{"value":"2M","label":"2MB (16Mb)","selected":false},{"value":"16M","label":"16MB (128Mb)","selected":false}]},{"label":"Partition Scheme","option":"PartitionScheme","values":[{"value":"default","label":"Default 4MB with spiffs (1.2MB APP/1.5MB SPIFFS)","selected":true},{"value":"defaultffat","label":"Default 4MB with ffat (1.2MB APP/1.5MB FATFS)","selected":false},{"value":"default_8MB","label":"8M with spiffs (3MB APP/1.5MB SPIFFS)","selected":false},{"value":"minimal","label":"Minimal (1.3MB APP/700KB SPIFFS)","selected":false},{"value":"no_ota","label":"No OTA (2MB APP/2MB SPIFFS)","selected":false},{"value":"noota_3g","label":"No OTA (1MB APP/3MB SPIFFS)","selected":false},{"value":"noota_ffat","label":"No OTA (2MB APP/2MB FATFS)","selected":false},{"value":"noota_3gffat","label":"No OTA (1MB APP/3MB FATFS)","selected":false},{"value":"huge_app","label":"Huge APP (3MB No OTA/1MB SPIFFS)","selected":false},{"value":"min_spiffs","label":"Minimal SPIFFS (1.9MB APP with OTA/190KB SPIFFS)","selected":false},{"value":"fatflash","label":"16M Flash (2MB APP/12.5MB FATFS)","selected":false},{"value":"app3M_fat9M_16MB","label":"16M Flash (3MB APP/9.9MB FATFS)","selected":false},{"value":"rainmaker","label":"RainMaker 4MB","selected":false},{"value":"rainmaker_4MB","label":"RainMaker 4MB No OTA","selected":false},{"value":"rainmaker_8MB","label":"RainMaker 8MB","selected":false}]},{"label":"Core Debug Level","option":"DebugLevel","values":[{"value":"none","label":"None","selected":true},{"value":"error","label":"Error","selected":false},{"value":"warn","label":"Warn","selected":false},{"value":"info","label":"Info","selected":false},{"value":"debug","label":"Debug","selected":false},{"value":"verbose","label":"Verbose","selected":false}]},{"label":"Erase All Flash Before Sketch Upload","option":"EraseFlash","values":[{"value":"none","label":"Disabled","selected":true},{"value":"all","label":"Enabled","selected":false}]}],"programmers":[{"id":"esptool","name":"Esptool","platform":"esp32:esp32@3.3.0"}]}}]
2025-08-13 09:01:17 2025-08-13T16:01:17.349Z root INFO  - 'arduino-use-inherited-boards-config' , args: [{"selectedBoard":{"name":"XIAO_ESP32C3","fqbn":"esp32:esp32:XIAO_ESP32C3","packageId":{"vendorId":"esp32","arch":"esp32"},"packageName":"esp32","manuallyInstalled":false,"selected":false,"missing":false},"selectedPort":{"address":"/dev/ttyACM0","addressLabel":"/dev/ttyACM0","protocol":"serial","protocolLabel":"Serial Port (USB)","properties":{"pid":"0x1001","serialNumber":"30:ED:A0:AD:83:34","vid":"0x303a"},"hardwareId":"30:ED:A0:AD:83:34"}},{"arduino+serial:///dev/ttyACM0":{"name":"XIAO_ESP32C3","fqbn":"esp32:esp32:XIAO_ESP32C3","packageId":{"vendorId":"esp32","arch":"esp32"},"packageName":"esp32","manuallyInstalled":false,"selected":false,"missing":false},"arduino+serial:///dev/ttyUSB0":{"name":"DOIT ESP32 DEVKIT V1","fqbn":"esp32:esp32:esp32doit-devkit-v1"},"arduino+serial:///dev/ttyACM1":{"name":"Waveshare ESP32-S3-LCD-1.47","fqbn":"esp32:esp32:waveshare_esp32_s3_lcd_147","packageId":{"vendorId":"esp32","arch":"esp32"},"packageName":"esp32","manuallyInstalled":false,"selected":false,"missing":false}}]
2025-08-13 09:01:17 2025-08-13T16:01:17.708Z daemon INFO time="2025-08-13T09:01:17-07:00" level=info msg="Starting monitor process" monitor=serial-monitor
time="2025-08-13T09:01:17-07:00" level=info msg="Tool required for debug" tool="arduino:dfu-util@0.11.0-arduino5"
time="2025-08-13T09:01:17-07:00" level=info msg="Tool required for debug" tool="esp32:esp-rv32@2411"
time="2025-08-13T09:01:17-07:00" level=info msg="Tool required for debug" tool="esp32:esp-x32@2411"
time="2025-08-13T09:01:17-07:00" level=info msg="Tool required for debug" tool="esp32:esp32-arduino-libs@idf-release_v5.5-b66b5448-v1"
time="2025-08-13T09:01:17-07:00" level=info msg="Tool required for debug" tool="esp32:esptool_py@5.0.0"
time="2025-08-13T09:01:17-07:00" level=info msg="Tool required for debug" tool="esp32:mklittlefs@3.0.0-gnu12-dc7f933"
time="2025-08-13T09:01:17-07:00" level=info msg="Tool required for debug" tool="esp32:mkspiffs@0.2.3"
time="2025-08-13T09:01:17-07:00" level=info msg="Tool required for debug" tool="esp32:openocd-esp32@v0.12.0-esp32-20250422"
time="2025-08-13T09:01:17-07:00" level=info msg="Tool required for debug" tool="esp32:riscv32-esp-elf-gdb@16.2_20250324"
time="2025-08-13T09:01:17-07:00" level=info msg="Tool required for debug" tool="esp32:xtensa-esp-elf-gdb@16.2_20250324"
time="2025-08-13T09:01:17-07:00" level=info msg="Tool required for debug" tool="arduino:avr-gcc@7.3.0-atmel3.6.1-arduino7"
time="2025-08-13T09:01:17-07:00" level=info msg="Tool required for debug" tool="builtin:mdns-discovery@1.0.9"
time="2025-08-13T09:01:17-07:00" level=info msg="Tool required for debug" tool="arduino:avrdude@6.3.0-arduino17"
time="2025-08-13T09:01:17-07:00" level=info msg="Tool required for debug" tool="arduino:arduinoOTA@1.3.0"
time="2025-08-13T09:01:17-07:00" level=info msg="Tool required for debug" tool="builtin:ctags@5.8-arduino11"
time="2025-08-13T09:01:17-07:00" level=info msg="Tool required for debug" tool="builtin:dfu-discovery@0.1.2"
time="2025-08-13T09:01:17-07:00" level=info msg="Tool required for debug" tool="builtin:serial-discovery@1.4.1"
time="2025-08-13T09:01:17-07:00" level=info msg="Tool required for debug" tool="builtin:serial-monitor@0.15.0"
time="2025-08-13T09:01:17-07:00" level=info msg="Monitor process started successfully!" monitor=serial-monitor
time="2025-08-13T09:01:17-07:00" level=info msg="sending command" command="HELLO 1 \"arduino-cli 1.2.0\"" monitor=serial-monitor
time="2025-08-13T09:01:17-07:00" level=info msg="Tool required for debug" tool="arduino:dfu-util@0.11.0-arduino5"
time="2025-08-13T09:01:17-07:00" level=info msg="Tool required for debug" tool="esp32:esp-rv32@2411"
time="2025-08-13T09:01:17-07:00" level=info msg="Tool required for debug" tool="esp32:esp-x32@2411"
time="2025-08-13T09:01:17-07:00" level=info msg="Tool required for debug" tool="esp32:esp32-arduino-libs@idf-release_v5.5-b66b5448-v1"
time="2025-08-13T09:01:17-07:00" level=info msg="Tool required for debug" tool="esp32:esptool_py@5.0.0"
time="2025-08-13T09:01:17-07:00" level=info msg="Tool required for debug" tool="esp32:mklittlefs@3.0.0-gnu12-dc7f933"
time="2025-08-13T09:01:17-07:00" level=info msg="Tool required for debug" tool="esp32:mkspiffs@0.2.3"
time="2025-08-13T09:01:17-07:00" level=info msg="Tool required for debug" tool="esp32:openocd-esp32@v0.12.0-esp32-20250422"
time="2025-08-13T09:01:17-07:00" level=info msg="Tool required for debug" tool="esp32:riscv32-esp-elf-gdb@16.2_20250324"
time="2025-08-13T09:01:17-07:00" level=info msg="Tool required for debug" tool="esp32:xtensa-esp-elf-gdb@16.2_20250324"
time="2025-08-13T09:01:17-07:00" level=info msg="Tool required for debug" tool="builtin:dfu-discovery@0.1.2"
time="2025-08-13T09:01:17-07:00" level=info msg="Tool required for debug" tool="builtin:ctags@5.8-arduino11"
time="2025-08-13T09:01:17-07:00" level=info msg="Tool required for debug" tool="arduino:avr-gcc@7.3.0-atmel3.6.1-arduino7"
time="2025-08-13T09:01:17-07:00" level=info msg="Tool required for debug" tool="builtin:mdns-discovery@1.0.9"
time="2025-08-13T09:01:17-07:00" level=info msg="Tool required for debug" tool="arduino:dfu-util@0.11.0-arduino5"
time="2025-08-13T09:01:17-07:00" level=info msg="Tool required for debug" tool="esp32:esp-rv32@2411"
time="2025-08-13T09:01:17-07:00" level=info msg="Tool required for debug" tool="esp32:esp-x32@2411"
time="2025-08-13T09:01:17-07:00" level=info msg="Tool required for debug" tool="esp32:esp32-arduino-libs@idf-release_v5.5-b66b5448-v1"
time="2025-08-13T09:01:17-07:00" level=info msg="Tool required for debug" tool="esp32:esptool_py@5.0.0"
time="2025-08-13T09:01:17-07:00" level=info msg="Tool required for debug" tool="esp32:mklittlefs@3.0.0-gnu12-dc7f933"
time="2025-08-13T09:01:17-07:00" level=info msg="Tool required for debug" tool="esp32:mkspiffs@0.2.3"
time="2025-08-13T09:01:17-07:00" level=info msg="Tool required for debug" tool="esp32:openocd-esp32@v0.12.0-esp32-20250422"
time="2025-08-13T09:01:17-07:00" level=info msg="Tool required for debug" tool="esp32:riscv32-esp-elf-gdb@16.2_20250324"
time="2025-08-13T09:01:17-07:00" level=info msg="Tool required for debug" tool="esp32:xtensa-esp-elf-gdb@16.2_20250324"
time="2025-08-13T09:01:17-07:00" level=info msg="Tool required for debug" tool="arduino:arduinoOTA@1.3.0"
time="2025-08-13T09:01:17-07:00" level=info msg="Tool required for debug" tool="builtin:ctags@5.8-arduino11"
time="2025-08-13T09:01:17-07:00" level=info msg="Tool required for debug" tool="builtin:serial-monitor@0.15.0"
time="2025-08-13T09:01:17-07:00" level=info msg="Tool required for debug" tool="arduino:arduinoOTA@1.3.0"
time="2025-08-13T09:01:17-07:00" level=info msg="Tool required for debug" tool="arduino:avrdude@6.3.0-arduino17"
time="2025-08-13T09:01:17-07:00" level=info msg="Tool required for debug" tool="builtin:serial-monitor@0.15.0"
time="2025-08-13T09:01:17-07:00" level=info msg="Tool required for debug" tool="builtin:serial-discovery@1.4.1"
time="2025-08-13T09:01:17-07:00" level=info msg="Tool required for debug" tool="arduino:avrdude@6.3.0-arduino17"
time="2025-08-13T09:01:17-07:00" level=info msg="Tool required for debug" tool="builtin:mdns-discovery@1.0.9"
time="2025-08-13T09:01:17-07:00" level=info msg="Tool required for debug" tool="arduino:avr-gcc@7.3.0-atmel3.6.1-arduino7"
time="2025-08-13T09:01:17-07:00" level=info msg="Tool required for debug" tool="builtin:dfu-discovery@0.1.2"
time="2025-08-13T09:01:17-07:00" level=info msg="Tool required for debug" tool="builtin:serial-discovery@1.4.1"
time="2025-08-13T09:01:17-07:00" level=info msg="received message" error=false event_type=hello message=OK monitor=serial-monitor
time="2025-08-13T09:01:17-07:00" level=info msg="sending command" command=DESCRIBE monitor=serial-monitor
2025-08-13 09:01:17 2025-08-13T16:01:17.708Z daemon INFO time="2025-08-13T09:01:17-07:00" level=info msg="received message" error=false event_type=describe message=OK monitor=serial-monitor
time="2025-08-13T09:01:17-07:00" level=info msg="sending command" command=QUIT monitor=serial-monitor
2025-08-13 09:01:17 2025-08-13T16:01:17.709Z daemon INFO time="2025-08-13T09:01:17-07:00" level=info msg="received message" error=false event_type=quit message=OK monitor=serial-monitor
time="2025-08-13T09:01:17-07:00" level=info msg="Killing monitor process" monitor=serial-monitor
2025-08-13 09:01:17 2025-08-13T16:01:17.709Z daemon INFO time="2025-08-13T09:01:17-07:00" level=error msg="stopped decode loop: EOF" monitor=serial-monitor
2025-08-13 09:01:17 2025-08-13T16:01:17.709Z daemon INFO time="2025-08-13T09:01:17-07:00" level=info msg="Monitor process killed" monitor=serial-monitor
2025-08-13 09:01:17 2025-08-13T16:01:17.714Z daemon INFO time="2025-08-13T09:01:17-07:00" level=info msg="Tool required for debug" tool="arduino:dfu-util@0.11.0-arduino5"
time="2025-08-13T09:01:17-07:00" level=info msg="Tool required for debug" tool="esp32:esp-rv32@2411"
time="2025-08-13T09:01:17-07:00" level=info msg="Tool required for debug" tool="esp32:esp-x32@2411"
time="2025-08-13T09:01:17-07:00" level=info msg="Tool required for debug" tool="esp32:esp32-arduino-libs@idf-release_v5.5-b66b5448-v1"
time="2025-08-13T09:01:17-07:00" level=info msg="Tool required for debug" tool="esp32:esptool_py@5.0.0"
time="2025-08-13T09:01:17-07:00" level=info msg="Tool required for debug" tool="esp32:mklittlefs@3.0.0-gnu12-dc7f933"
time="2025-08-13T09:01:17-07:00" level=info msg="Tool required for debug" tool="esp32:mkspiffs@0.2.3"
time="2025-08-13T09:01:17-07:00" level=info msg="Tool required for debug" tool="esp32:openocd-esp32@v0.12.0-esp32-20250422"
time="2025-08-13T09:01:17-07:00" level=info msg="Tool required for debug" tool="esp32:riscv32-esp-elf-gdb@16.2_20250324"
time="2025-08-13T09:01:17-07:00" level=info msg="Tool required for debug" tool="esp32:xtensa-esp-elf-gdb@16.2_20250324"
time="2025-08-13T09:01:17-07:00" level=info msg="Tool required for debug" tool="builtin:serial-monitor@0.15.0"
time="2025-08-13T09:01:17-07:00" level=info msg="Tool required for debug" tool="builtin:mdns-discovery@1.0.9"
time="2025-08-13T09:01:17-07:00" level=info msg="Tool required for debug" tool="builtin:serial-discovery@1.4.1"
time="2025-08-13T09:01:17-07:00" level=info msg="Tool required for debug" tool="arduino:avrdude@6.3.0-arduino17"
time="2025-08-13T09:01:17-07:00" level=info msg="Tool required for debug" tool="arduino:arduinoOTA@1.3.0"
time="2025-08-13T09:01:17-07:00" level=info msg="Tool required for debug" tool="arduino:avr-gcc@7.3.0-atmel3.6.1-arduino7"
time="2025-08-13T09:01:17-07:00" level=info msg="Tool required for debug" tool="builtin:ctags@5.8-arduino11"
time="2025-08-13T09:01:17-07:00" level=info msg="Tool required for debug" tool="builtin:dfu-discovery@0.1.2"
2025-08-13 09:01:17 2025-08-13T16:01:17.717Z daemon INFO time="2025-08-13T09:01:17-07:00" level=info msg="Tool required for debug" tool="arduino:dfu-util@0.11.0-arduino5"
time="2025-08-13T09:01:17-07:00" level=info msg="Tool required for debug" tool="esp32:esp-rv32@2411"
time="2025-08-13T09:01:17-07:00" level=info msg="Tool required for debug" tool="esp32:esp-x32@2411"
time="2025-08-13T09:01:17-07:00" level=info msg="Tool required for debug" tool="esp32:esp32-arduino-libs@idf-release_v5.5-b66b5448-v1"
time="2025-08-13T09:01:17-07:00" level=info msg="Tool required for debug" tool="esp32:esptool_py@5.0.0"
time="2025-08-13T09:01:17-07:00" level=info msg="Tool required for debug" tool="arduino:dfu-util@0.11.0-arduino5"
time="2025-08-13T09:01:17-07:00" level=info msg="Tool required for debug" tool="esp32:esp-rv32@2411"
time="2025-08-13T09:01:17-07:00" level=info msg="Tool required for debug" tool="esp32:mklittlefs@3.0.0-gnu12-dc7f933"
time="2025-08-13T09:01:17-07:00" level=info msg="Tool required for debug" tool="esp32:mkspiffs@0.2.3"
time="2025-08-13T09:01:17-07:00" level=info msg="Tool required for debug" tool="esp32:openocd-esp32@v0.12.0-esp32-20250422"
time="2025-08-13T09:01:17-07:00" level=info msg="Tool required for debug" tool="esp32:riscv32-esp-elf-gdb@16.2_20250324"
time="2025-08-13T09:01:17-07:00" level=info msg="Tool required for debug" tool="esp32:xtensa-esp-elf-gdb@16.2_20250324"
time="2025-08-13T09:01:17-07:00" level=info msg="Tool required for debug" tool="builtin:ctags@5.8-arduino11"
time="2025-08-13T09:01:17-07:00" level=info msg="Tool required for debug" tool="arduino:avrdude@6.3.0-arduino17"
time="2025-08-13T09:01:17-07:00" level=info msg="Tool required for debug" tool="esp32:esp-x32@2411"
time="2025-08-13T09:01:17-07:00" level=info msg="Tool required for debug" tool="esp32:esp32-arduino-libs@idf-release_v5.5-b66b5448-v1"
time="2025-08-13T09:01:17-07:00" level=info msg="Tool required for debug" tool="esp32:esptool_py@5.0.0"
time="2025-08-13T09:01:17-07:00" level=info msg="Tool required for debug" tool="esp32:mklittlefs@3.0.0-gnu12-dc7f933"
time="2025-08-13T09:01:17-07:00" level=info msg="Tool required for debug" tool="esp32:mkspiffs@0.2.3"
time="2025-08-13T09:01:17-07:00" level=info msg="Tool required for debug" tool="builtin:mdns-discovery@1.0.9"
time="2025-08-13T09:01:17-07:00" level=info msg="Tool required for debug" tool="esp32:openocd-esp32@v0.12.0-esp32-20250422"
time="2025-08-13T09:01:17-07:00" level=info msg="Tool required for debug" tool="arduino:avr-gcc@7.3.0-atmel3.6.1-arduino7"
time="2025-08-13T09:01:17-07:00" level=info msg="Tool required for debug" tool="builtin:serial-monitor@0.15.0"
time="2025-08-13T09:01:17-07:00" level=info msg="Tool required for debug" tool="builtin:dfu-discovery@0.1.2"
time="2025-08-13T09:01:17-07:00" level=info msg="Tool required for debug" tool="builtin:serial-discovery@1.4.1"
time="2025-08-13T09:01:17-07:00" level=info msg="Tool required for debug" tool="esp32:riscv32-esp-elf-gdb@16.2_20250324"
time="2025-08-13T09:01:17-07:00" level=info msg="Tool required for debug" tool="esp32:xtensa-esp-elf-gdb@16.2_20250324"
time="2025-08-13T09:01:17-07:00" level=info msg="Tool required for debug" tool="builtin:serial-discovery@1.4.1"
time="2025-08-13T09:01:17-07:00" level=info msg="Tool required for debug" tool="arduino:arduinoOTA@1.3.0"
time="2025-08-13T09:01:17-07:00" level=info msg="Tool required for debug" tool="arduino:arduinoOTA@1.3.0"
time="2025-08-13T09:01:17-07:00" level=info msg="Tool required for debug" tool="arduino:avr-gcc@7.3.0-atmel3.6.1-arduino7"
time="2025-08-13T09:01:17-07:00" level=info msg="Tool required for debug" tool="builtin:serial-monitor@0.15.0"
time="2025-08-13T09:01:17-07:00" level=info msg="Tool required for debug" tool="builtin:ctags@5.8-arduino11"
time="2025-08-13T09:01:17-07:00" level=info msg="Tool required for debug" tool="builtin:dfu-discovery@0.1.2"
time="2025-08-13T09:01:17-07:00" level=info msg="Tool required for debug" tool="arduino:avrdude@6.3.0-arduino17"
time="2025-08-13T09:01:17-07:00" level=info msg="Tool required for debug" tool="builtin:mdns-discovery@1.0.9"
2025-08-13 09:01:17 2025-08-13T16:01:17.722Z daemon INFO time="2025-08-13T09:01:17-07:00" level=info msg="Tool required for debug" tool="arduino:dfu-util@0.11.0-arduino5"
time="2025-08-13T09:01:17-07:00" level=info msg="Tool required for debug" tool="esp32:esp-rv32@2411"
time="2025-08-13T09:01:17-07:00" level=info msg="Tool required for debug" tool="esp32:esp-x32@2411"
time="2025-08-13T09:01:17-07:00" level=info msg="Tool required for debug" tool="esp32:esp32-arduino-libs@idf-release_v5.5-b66b5448-v1"
time="2025-08-13T09:01:17-07:00" level=info msg="Tool required for debug" tool="esp32:esptool_py@5.0.0"
time="2025-08-13T09:01:17-07:00" level=info msg="Tool required for debug" tool="esp32:mklittlefs@3.0.0-gnu12-dc7f933"
time="2025-08-13T09:01:17-07:00" level=info msg="Tool required for debug" tool="esp32:mkspiffs@0.2.3"
time="2025-08-13T09:01:17-07:00" level=info msg="Tool required for debug" tool="esp32:openocd-esp32@v0.12.0-esp32-20250422"
time="2025-08-13T09:01:17-07:00" level=info msg="Tool required for debug" tool="esp32:riscv32-esp-elf-gdb@16.2_20250324"
time="2025-08-13T09:01:17-07:00" level=info msg="Tool required for debug" tool="esp32:xtensa-esp-elf-gdb@16.2_20250324"
time="2025-08-13T09:01:17-07:00" level=info msg="Tool required for debug" tool="builtin:ctags@5.8-arduino11"
time="2025-08-13T09:01:17-07:00" level=info msg="Tool required for debug" tool="arduino:avrdude@6.3.0-arduino17"
time="2025-08-13T09:01:17-07:00" level=info msg="Tool required for debug" tool="arduino:arduinoOTA@1.3.0"
time="2025-08-13T09:01:17-07:00" level=info msg="Tool required for debug" tool="builtin:serial-monitor@0.15.0"
time="2025-08-13T09:01:17-07:00" level=info msg="Tool required for debug" tool="builtin:dfu-discovery@0.1.2"
time="2025-08-13T09:01:17-07:00" level=info msg="Tool required for debug" tool="builtin:mdns-discovery@1.0.9"
time="2025-08-13T09:01:17-07:00" level=info msg="Tool required for debug" tool="arduino:avr-gcc@7.3.0-atmel3.6.1-arduino7"
time="2025-08-13T09:01:17-07:00" level=info msg="Tool required for debug" tool="builtin:serial-discovery@1.4.1"
2025-08-13 09:01:17 2025-08-13T16:01:17.733Z daemon INFO time="2025-08-13T09:01:17-07:00" level=info msg="Tool required for debug" tool="arduino:dfu-util@0.11.0-arduino5"
time="2025-08-13T09:01:17-07:00" level=info msg="Tool required for debug" tool="esp32:esp-rv32@2411"
time="2025-08-13T09:01:17-07:00" level=info msg="Tool required for debug" tool="esp32:esp-x32@2411"
time="2025-08-13T09:01:17-07:00" level=info msg="Tool required for debug" tool="esp32:esp32-arduino-libs@idf-release_v5.5-b66b5448-v1"
time="2025-08-13T09:01:17-07:00" level=info msg="Tool required for debug" tool="esp32:esptool_py@5.0.0"
time="2025-08-13T09:01:17-07:00" level=info msg="Tool required for debug" tool="esp32:mklittlefs@3.0.0-gnu12-dc7f933"
time="2025-08-13T09:01:17-07:00" level=info msg="Tool required for debug" tool="esp32:mkspiffs@0.2.3"
time="2025-08-13T09:01:17-07:00" level=info msg="Tool required for debug" tool="esp32:openocd-esp32@v0.12.0-esp32-20250422"
time="2025-08-13T09:01:17-07:00" level=info msg="Tool required for debug" tool="esp32:riscv32-esp-elf-gdb@16.2_20250324"
time="2025-08-13T09:01:17-07:00" level=info msg="Tool required for debug" tool="esp32:xtensa-esp-elf-gdb@16.2_20250324"
time="2025-08-13T09:01:17-07:00" level=info msg="Tool required for debug" tool="builtin:serial-discovery@1.4.1"
time="2025-08-13T09:01:17-07:00" level=info msg="Tool required for debug" tool="builtin:serial-monitor@0.15.0"
time="2025-08-13T09:01:17-07:00" level=info msg="Tool required for debug" tool="arduino:avrdude@6.3.0-arduino17"
time="2025-08-13T09:01:17-07:00" level=info msg="Tool required for debug" tool="arduino:avr-gcc@7.3.0-atmel3.6.1-arduino7"
time="2025-08-13T09:01:17-07:00" level=info msg="Tool required for debug" tool="builtin:ctags@5.8-arduino11"
time="2025-08-13T09:01:17-07:00" level=info msg="Tool required for debug" tool="builtin:dfu-discovery@0.1.2"
time="2025-08-13T09:01:17-07:00" level=info msg="Tool required for debug" tool="builtin:mdns-discovery@1.0.9"
time="2025-08-13T09:01:17-07:00" level=info msg="Tool required for debug" tool="arduino:arduinoOTA@1.3.0"
time="2025-08-13T09:01:17-07:00" level=info msg="Tool required for debug" tool="arduino:dfu-util@0.11.0-arduino5"
time="2025-08-13T09:01:17-07:00" level=info msg="Tool required for debug" tool="esp32:esp-rv32@2411"
time="2025-08-13T09:01:17-07:00" level=info msg="Tool required for debug" tool="esp32:esp-x32@2411"
time="2025-08-13T09:01:17-07:00" level=info msg="Tool required for debug" tool="esp32:esp32-arduino-libs@idf-release_v5.5-b66b5448-v1"
time="2025-08-13T09:01:17-07:00" level=info msg="Tool required for debug" tool="esp32:esptool_py@5.0.0"
time="2025-08-13T09:01:17-07:00" level=info msg="Tool required for debug" tool="esp32:mklittlefs@3.0.0-gnu12-dc7f933"
time="2025-08-13T09:01:17-07:00" level=info msg="Tool required for debug" tool="esp32:mkspiffs@0.2.3"
time="2025-08-13T09:01:17-07:00" level=info msg="Tool required for debug" tool="esp32:openocd-esp32@v0.12.0-esp32-20250422"
time="2025-08-13T09:01:17-07:00" level=info msg="Tool required for debug" tool="esp32:riscv32-esp-elf-gdb@16.2_20250324"
time="2025-08-13T09:01:17-07:00" level=info msg="Tool required for debug" tool="esp32:xtensa-esp-elf-gdb@16.2_20250324"
time="2025-08-13T09:01:17-07:00" level=info msg="Tool required for debug" tool="arduino:arduinoOTA@1.3.0"
time="2025-08-13T09:01:17-07:00" level=info msg="Tool required for debug" tool="builtin:mdns-discovery@1.0.9"
time="2025-08-13T09:01:17-07:00" level=info msg="Tool required for debug" tool="arduino:avrdude@6.3.0-arduino17"
time="2025-08-13T09:01:17-07:00" level=info msg="Tool required for debug" tool="builtin:serial-monitor@0.15.0"
time="2025-08-13T09:01:17-07:00" level=info msg="Tool required for debug" tool="builtin:dfu-discovery@0.1.2"
time="2025-08-13T09:01:17-07:00" level=info msg="Tool required for debug" tool="arduino:avr-gcc@7.3.0-atmel3.6.1-arduino7"
time="2025-08-13T09:01:17-07:00" level=info msg="Tool required for debug" tool="builtin:serial-discovery@1.4.1"
time="2025-08-13T09:01:17-07:00" level=info msg="Tool required for debug" tool="builtin:ctags@5.8-arduino11"
time="2025-08-13T09:01:17-07:00" level=info msg="Tool required for debug" tool="arduino:dfu-util@0.11.0-arduino5"
time="2025-08-13T09:01:17-07:00" level=info msg="Tool required for debug" tool="esp32:esp-rv32@2411"
time="2025-08-13T09:01:17-07:00" level=info msg="Tool required for debug" tool="esp32:esp-x32@2411"
time="2025-08-13T09:01:17-07:00" level=info msg="Tool required for debug" tool="esp32:esp32-arduino-libs@idf-release_v5.5-b66b5448-v1"
time="2025-08-13T09:01:17-07:00" level=info msg="Tool required for debug" tool="esp32:esptool_py@5.0.0"
time="2025-08-13T09:01:17-07:00" level=info msg="Tool required for debug" tool="esp32:mklittlefs@3.0.0-gnu12-dc7f933"
time="2025-08-13T09:01:17-07:00" level=info msg="Tool required for debug" tool="esp32:mkspiffs@0.2.3"
time="2025-08-13T09:01:17-07:00" level=info msg="Tool required for debug" tool="esp32:openocd-esp32@v0.12.0-esp32-20250422"
time="2025-08-13T09:01:17-07:00" level=info msg="Tool required for debug" tool="esp32:riscv32-esp-elf-gdb@16.2_20250324"
time="2025-08-13T09:01:17-07:00" level=info msg="Tool required for debug" tool="esp32:xtensa-esp-elf-gdb@16.2_20250324"
time="2025-08-13T09:01:17-07:00" level=info msg="Tool required for debug" tool="arduino:avrdude@6.3.0-arduino17"
time="2025-08-13T09:01:17-07:00" level=info msg="Tool required for debug" tool="builtin:serial-monitor@0.15.0"
time="2025-08-13T09:01:17-07:00" level=info msg="Tool required for debug" tool="builtin:ctags@5.8-arduino11"
time="2025-08-13T09:01:17-07:00" level=info msg="Tool required for debug" tool="builtin:dfu-discovery@0.1.2"
time="2025-08-13T09:01:17-07:00" level=info msg="Tool required for debug" tool="builtin:mdns-discovery@1.0.9"
time="2025-08-13T09:01:17-07:00" level=info msg="Tool required for debug" tool="builtin:serial-discovery@1.4.1"
time="2025-08-13T09:01:17-07:00" level=info msg="Tool required for debug" tool="arduino:arduinoOTA@1.3.0"
time="2025-08-13T09:01:17-07:00" level=info msg="Tool required for debug" tool="arduino:avr-gcc@7.3.0-atmel3.6.1-arduino7"
time="2025-08-13T09:01:17-07:00" level=info msg="Tool required for debug" tool="arduino:dfu-util@0.11.0-arduino5"
time="2025-08-13T09:01:17-07:00" level=info msg="Tool required for debug" tool="esp32:esp-rv32@2411"
time="2025-08-13T09:01:17-07:00" level=info msg="Tool required for debug" tool="esp32:esp-x32@2411"
time="2025-08-13T09:01:17-07:00" level=info msg="Tool required for debug" tool="esp32:esp32-arduino-libs@idf-release_v5.5-b66b5448-v1"
time="2025-08-13T09:01:17-07:00" level=info msg="Tool required for debug" tool="esp32:esptool_py@5.0.0"
time="2025-08-13T09:01:17-07:00" level=info msg="Tool required for debug" tool="esp32:mklittlefs@3.0.0-gnu12-dc7f933"
2025-08-13 09:01:17 2025-08-13T16:01:17.733Z daemon INFO time="2025-08-13T09:01:17-07:00" level=info msg="Tool required for debug" tool="esp32:mkspiffs@0.2.3"
time="2025-08-13T09:01:17-07:00" level=info msg="Tool required for debug" tool="esp32:openocd-esp32@v0.12.0-esp32-20250422"
time="2025-08-13T09:01:17-07:00" level=info msg="Tool required for debug" tool="esp32:riscv32-esp-elf-gdb@16.2_20250324"
time="2025-08-13T09:01:17-07:00" level=info msg="Tool required for debug" tool="esp32:xtensa-esp-elf-gdb@16.2_20250324"
time="2025-08-13T09:01:17-07:00" level=info msg="Tool required for debug" tool="builtin:mdns-discovery@1.0.9"
time="2025-08-13T09:01:17-07:00" level=info msg="Tool required for debug" tool="arduino:avrdude@6.3.0-arduino17"
2025-08-13 09:01:17 2025-08-13T16:01:17.733Z daemon INFO time="2025-08-13T09:01:17-07:00" level=info msg="Tool required for debug" tool="builtin:dfu-discovery@0.1.2"
time="2025-08-13T09:01:17-07:00" level=info msg="Tool required for debug" tool="builtin:serial-discovery@1.4.1"
time="2025-08-13T09:01:17-07:00" level=info msg="Tool required for debug" tool="builtin:serial-monitor@0.15.0"
time="2025-08-13T09:01:17-07:00" level=info msg="Tool required for debug" tool="arduino:avr-gcc@7.3.0-atmel3.6.1-arduino7"
time="2025-08-13T09:01:17-07:00" level=info msg="Tool required for debug" tool="builtin:ctags@5.8-arduino11"
time="2025-08-13T09:01:17-07:00" level=info msg="Tool required for debug" tool="arduino:arduinoOTA@1.3.0"
2025-08-13 09:01:17 2025-08-13T16:01:17.733Z daemon INFO time="2025-08-13T09:01:17-07:00" level=info msg="Tool required for debug" tool="arduino:dfu-util@0.11.0-arduino5"
time="2025-08-13T09:01:17-07:00" level=info msg="Tool required for debug" tool="esp32:esp-rv32@2411"
time="2025-08-13T09:01:17-07:00" level=info msg="Tool required for debug" tool="esp32:esp-x32@2411"
time="2025-08-13T09:01:17-07:00" level=info msg="Tool required for debug" tool="esp32:esp32-arduino-libs@idf-release_v5.5-b66b5448-v1"
time="2025-08-13T09:01:17-07:00" level=info msg="Tool required for debug" tool="esp32:esptool_py@5.0.0"
2025-08-13 09:01:17 2025-08-13T16:01:17.734Z daemon INFO time="2025-08-13T09:01:17-07:00" level=info msg="Tool required for debug" tool="esp32:mklittlefs@3.0.0-gnu12-dc7f933"
time="2025-08-13T09:01:17-07:00" level=info msg="Tool required for debug" tool="esp32:mkspiffs@0.2.3"
time="2025-08-13T09:01:17-07:00" level=info msg="Tool required for debug" tool="esp32:openocd-esp32@v0.12.0-esp32-20250422"
time="2025-08-13T09:01:17-07:00" level=info msg="Tool required for debug" tool="esp32:riscv32-esp-elf-gdb@16.2_20250324"
time="2025-08-13T09:01:17-07:00" level=info msg="Tool required for debug" tool="esp32:xtensa-esp-elf-gdb@16.2_20250324"
time="2025-08-13T09:01:17-07:00" level=info msg="Tool required for debug" tool="arduino:avrdude@6.3.0-arduino17"
time="2025-08-13T09:01:17-07:00" level=info msg="Tool required for debug" tool="arduino:avr-gcc@7.3.0-atmel3.6.1-arduino7"
time="2025-08-13T09:01:17-07:00" level=info msg="Tool required for debug" tool="builtin:serial-monitor@0.15.0"
time="2025-08-13T09:01:17-07:00" level=info msg="Tool required for debug" tool="arduino:arduinoOTA@1.3.0"
2025-08-13 09:01:17 2025-08-13T16:01:17.734Z daemon INFO time="2025-08-13T09:01:17-07:00" level=info msg="Tool required for debug" tool="builtin:ctags@5.8-arduino11"
time="2025-08-13T09:01:17-07:00" level=info msg="Tool required for debug" tool="builtin:dfu-discovery@0.1.2"
time="2025-08-13T09:01:17-07:00" level=info msg="Tool required for debug" tool="builtin:mdns-discovery@1.0.9"
time="2025-08-13T09:01:17-07:00" level=info msg="Tool required for debug" tool="builtin:serial-discovery@1.4.1"
2025-08-13 09:01:17 2025-08-13T16:01:17.738Z daemon INFO time="2025-08-13T09:01:17-07:00" level=info msg="Tool required for debug" tool="arduino:dfu-util@0.11.0-arduino5"
time="2025-08-13T09:01:17-07:00" level=info msg="Tool required for debug" tool="esp32:esp-rv32@2411"
time="2025-08-13T09:01:17-07:00" level=info msg="Tool required for debug" tool="esp32:esp-x32@2411"
2025-08-13 09:01:17 2025-08-13T16:01:17.738Z daemon INFO time="2025-08-13T09:01:17-07:00" level=info msg="Tool required for debug" tool="esp32:esp32-arduino-libs@idf-release_v5.5-b66b5448-v1"
time="2025-08-13T09:01:17-07:00" level=info msg="Tool required for debug" tool="esp32:esptool_py@5.0.0"
time="2025-08-13T09:01:17-07:00" level=info msg="Tool required for debug" tool="esp32:mklittlefs@3.0.0-gnu12-dc7f933"
time="2025-08-13T09:01:17-07:00" level=info msg="Tool required for debug" tool="esp32:mkspiffs@0.2.3"
2025-08-13 09:01:17 2025-08-13T16:01:17.738Z daemon INFO time="2025-08-13T09:01:17-07:00" level=info msg="Tool required for debug" tool="esp32:openocd-esp32@v0.12.0-esp32-20250422"
time="2025-08-13T09:01:17-07:00" level=info msg="Tool required for debug" tool="esp32:riscv32-esp-elf-gdb@16.2_20250324"
time="2025-08-13T09:01:17-07:00" level=info msg="Tool required for debug" tool="esp32:xtensa-esp-elf-gdb@16.2_20250324"
2025-08-13 09:01:17 2025-08-13T16:01:17.738Z daemon INFO time="2025-08-13T09:01:17-07:00" level=info msg="Tool required for debug" tool="builtin:serial-monitor@0.15.0"
time="2025-08-13T09:01:17-07:00" level=info msg="Tool required for debug" tool="builtin:serial-discovery@1.4.1"
time="2025-08-13T09:01:17-07:00" level=info msg="Tool required for debug" tool="arduino:arduinoOTA@1.3.0"
time="2025-08-13T09:01:17-07:00" level=info msg="Tool required for debug" tool="builtin:dfu-discovery@0.1.2"
time="2025-08-13T09:01:17-07:00" level=info msg="Tool required for debug" tool="arduino:avr-gcc@7.3.0-atmel3.6.1-arduino7"
2025-08-13 09:01:17 2025-08-13T16:01:17.738Z daemon INFO time="2025-08-13T09:01:17-07:00" level=info msg="Tool required for debug" tool="arduino:avrdude@6.3.0-arduino17"
time="2025-08-13T09:01:17-07:00" level=info msg="Tool required for debug" tool="builtin:ctags@5.8-arduino11"
2025-08-13 09:01:17 2025-08-13T16:01:17.738Z daemon INFO time="2025-08-13T09:01:17-07:00" level=info msg="Tool required for debug" tool="builtin:mdns-discovery@1.0.9"
2025-08-13 09:01:17 2025-08-13T16:01:17.741Z daemon INFO time="2025-08-13T09:01:17-07:00" level=info msg="Tool required for debug" tool="arduino:dfu-util@0.11.0-arduino5"
time="2025-08-13T09:01:17-07:00" level=info msg="Tool required for debug" tool="esp32:esp-rv32@2411"
time="2025-08-13T09:01:17-07:00" level=info msg="Tool required for debug" tool="esp32:esp-x32@2411"
time="2025-08-13T09:01:17-07:00" level=info msg="Tool required for debug" tool="esp32:esp32-arduino-libs@idf-release_v5.5-b66b5448-v1"
time="2025-08-13T09:01:17-07:00" level=info msg="Tool required for debug" tool="esp32:esptool_py@5.0.0"
time="2025-08-13T09:01:17-07:00" level=info msg="Tool required for debug" tool="esp32:mklittlefs@3.0.0-gnu12-dc7f933"
time="2025-08-13T09:01:17-07:00" level=info msg="Tool required for debug" tool="esp32:mkspiffs@0.2.3"
time="2025-08-13T09:01:17-07:00" level=info msg="Tool required for debug" tool="esp32:openocd-esp32@v0.12.0-esp32-20250422"
time="2025-08-13T09:01:17-07:00" level=info msg="Tool required for debug" tool="esp32:riscv32-esp-elf-gdb@16.2_20250324"
time="2025-08-13T09:01:17-07:00" level=info msg="Tool required for debug" tool="esp32:xtensa-esp-elf-gdb@16.2_20250324"
time="2025-08-13T09:01:17-07:00" level=info msg="Tool required for debug" tool="builtin:serial-discovery@1.4.1"
2025-08-13 09:01:17 2025-08-13T16:01:17.741Z daemon INFO time="2025-08-13T09:01:17-07:00" level=info msg="Tool required for debug" tool="arduino:avrdude@6.3.0-arduino17"
time="2025-08-13T09:01:17-07:00" level=info msg="Tool required for debug" tool="arduino:arduinoOTA@1.3.0"
time="2025-08-13T09:01:17-07:00" level=info msg="Tool required for debug" tool="arduino:avr-gcc@7.3.0-atmel3.6.1-arduino7"
time="2025-08-13T09:01:17-07:00" level=info msg="Tool required for debug" tool="builtin:dfu-discovery@0.1.2"
time="2025-08-13T09:01:17-07:00" level=info msg="Tool required for debug" tool="builtin:serial-monitor@0.15.0"
time="2025-08-13T09:01:17-07:00" level=info msg="Tool required for debug" tool="builtin:ctags@5.8-arduino11"
time="2025-08-13T09:01:17-07:00" level=info msg="Tool required for debug" tool="builtin:mdns-discovery@1.0.9"
2025-08-13 09:01:17 2025-08-13T16:01:17.742Z daemon INFO time="2025-08-13T09:01:17-07:00" level=info msg="Tool required for debug" tool="arduino:dfu-util@0.11.0-arduino5"
time="2025-08-13T09:01:17-07:00" level=info msg="Tool required for debug" tool="esp32:esp-rv32@2411"
2025-08-13 09:01:17 2025-08-13T16:01:17.742Z daemon INFO time="2025-08-13T09:01:17-07:00" level=info msg="Tool required for debug" tool="esp32:esp-x32@2411"
time="2025-08-13T09:01:17-07:00" level=info msg="Tool required for debug" tool="esp32:esp32-arduino-libs@idf-release_v5.5-b66b5448-v1"
2025-08-13 09:01:17 2025-08-13T16:01:17.742Z daemon INFO time="2025-08-13T09:01:17-07:00" level=info msg="Tool required for debug" tool="esp32:esptool_py@5.0.0"
time="2025-08-13T09:01:17-07:00" level=info msg="Tool required for debug" tool="esp32:mklittlefs@3.0.0-gnu12-dc7f933"
time="2025-08-13T09:01:17-07:00" level=info msg="Tool required for debug" tool="esp32:mkspiffs@0.2.3"
time="2025-08-13T09:01:17-07:00" level=info msg="Tool required for debug" tool="esp32:openocd-esp32@v0.12.0-esp32-20250422"
time="2025-08-13T09:01:17-07:00" level=info msg="Tool required for debug" tool="esp32:riscv32-esp-elf-gdb@16.2_20250324"
2025-08-13 09:01:17 2025-08-13T16:01:17.742Z daemon INFO time="2025-08-13T09:01:17-07:00" level=info msg="Tool required for debug" tool="esp32:xtensa-esp-elf-gdb@16.2_20250324"
time="2025-08-13T09:01:17-07:00" level=info msg="Tool required for debug" tool="builtin:ctags@5.8-arduino11"
2025-08-13 09:01:17 2025-08-13T16:01:17.742Z daemon INFO time="2025-08-13T09:01:17-07:00" level=info msg="Tool required for debug" tool="builtin:mdns-discovery@1.0.9"
2025-08-13 09:01:17 2025-08-13T16:01:17.742Z daemon INFO time="2025-08-13T09:01:17-07:00" level=info msg="Tool required for debug" tool="arduino:avrdude@6.3.0-arduino17"
time="2025-08-13T09:01:17-07:00" level=info msg="Tool required for debug" tool="arduino:avr-gcc@7.3.0-atmel3.6.1-arduino7"
time="2025-08-13T09:01:17-07:00" level=info msg="Tool required for debug" tool="builtin:serial-discovery@1.4.1"
time="2025-08-13T09:01:17-07:00" level=info msg="Tool required for debug" tool="builtin:serial-monitor@0.15.0"
time="2025-08-13T09:01:17-07:00" level=info msg="Tool required for debug" tool="arduino:arduinoOTA@1.3.0"
2025-08-13 09:01:17 2025-08-13T16:01:17.742Z daemon INFO time="2025-08-13T09:01:17-07:00" level=info msg="Tool required for debug" tool="builtin:dfu-discovery@0.1.2"
2025-08-13 09:01:17 2025-08-13T16:01:17.742Z daemon INFO time="2025-08-13T09:01:17-07:00" level=info msg="Tool required for debug" tool="arduino:dfu-util@0.11.0-arduino5"
time="2025-08-13T09:01:17-07:00" level=info msg="Tool required for debug" tool="esp32:esp-rv32@2411"
2025-08-13 09:01:17 2025-08-13T16:01:17.742Z daemon INFO time="2025-08-13T09:01:17-07:00" level=info msg="Tool required for debug" tool="esp32:esp-x32@2411"
time="2025-08-13T09:01:17-07:00" level=info msg="Tool required for debug" tool="esp32:esp32-arduino-libs@idf-release_v5.5-b66b5448-v1"
2025-08-13 09:01:17 2025-08-13T16:01:17.742Z daemon INFO time="2025-08-13T09:01:17-07:00" level=info msg="Tool required for debug" tool="esp32:esptool_py@5.0.0"
time="2025-08-13T09:01:17-07:00" level=info msg="Tool required for debug" tool="esp32:mklittlefs@3.0.0-gnu12-dc7f933"
time="2025-08-13T09:01:17-07:00" level=info msg="Tool required for debug" tool="esp32:mkspiffs@0.2.3"
time="2025-08-13T09:01:17-07:00" level=info msg="Tool required for debug" tool="esp32:openocd-esp32@v0.12.0-esp32-20250422"
time="2025-08-13T09:01:17-07:00" level=info msg="Tool required for debug" tool="esp32:riscv32-esp-elf-gdb@16.2_20250324"
time="2025-08-13T09:01:17-07:00" level=info msg="Tool required for debug" tool="esp32:xtensa-esp-elf-gdb@16.2_20250324"
time="2025-08-13T09:01:17-07:00" level=info msg="Tool required for debug" tool="builtin:serial-monitor@0.15.0"
2025-08-13 09:01:17 2025-08-13T16:01:17.742Z daemon INFO time="2025-08-13T09:01:17-07:00" level=info msg="Tool required for debug" tool="arduino:arduinoOTA@1.3.0"
time="2025-08-13T09:01:17-07:00" level=info msg="Tool required for debug" tool="arduino:avr-gcc@7.3.0-atmel3.6.1-arduino7"
2025-08-13 09:01:17 2025-08-13T16:01:17.742Z daemon INFO time="2025-08-13T09:01:17-07:00" level=info msg="Tool required for debug" tool="builtin:ctags@5.8-arduino11"
2025-08-13 09:01:17 2025-08-13T16:01:17.743Z daemon INFO time="2025-08-13T09:01:17-07:00" level=info msg="Tool required for debug" tool="arduino:avrdude@6.3.0-arduino17"
time="2025-08-13T09:01:17-07:00" level=info msg="Tool required for debug" tool="builtin:serial-discovery@1.4.1"
2025-08-13 09:01:17 2025-08-13T16:01:17.743Z daemon INFO time="2025-08-13T09:01:17-07:00" level=info msg="Tool required for debug" tool="builtin:mdns-discovery@1.0.9"
time="2025-08-13T09:01:17-07:00" level=info msg="Tool required for debug" tool="builtin:dfu-discovery@0.1.2"
2025-08-13 09:01:17 2025-08-13T16:01:17.744Z daemon INFO time="2025-08-13T09:01:17-07:00" level=info msg="Tool required for debug" tool="arduino:dfu-util@0.11.0-arduino5"
time="2025-08-13T09:01:17-07:00" level=info msg="Tool required for debug" tool="esp32:esp-rv32@2411"
time="2025-08-13T09:01:17-07:00" level=info msg="Tool required for debug" tool="esp32:esp-x32@2411"
time="2025-08-13T09:01:17-07:00" level=info msg="Tool required for debug" tool="esp32:esp32-arduino-libs@idf-release_v5.5-b66b5448-v1"
time="2025-08-13T09:01:17-07:00" level=info msg="Tool required for debug" tool="esp32:esptool_py@5.0.0"
time="2025-08-13T09:01:17-07:00" level=info msg="Tool required for debug" tool="esp32:mklittlefs@3.0.0-gnu12-dc7f933"
time="2025-08-13T09:01:17-07:00" level=info msg="Tool required for debug" tool="esp32:mkspiffs@0.2.3"
time="2025-08-13T09:01:17-07:00" level=info msg="Tool required for debug" tool="esp32:openocd-esp32@v0.12.0-esp32-20250422"
time="2025-08-13T09:01:17-07:00" level=info msg="Tool required for debug" tool="esp32:riscv32-esp-elf-gdb@16.2_20250324"
time="2025-08-13T09:01:17-07:00" level=info msg="Tool required for debug" tool="esp32:xtensa-esp-elf-gdb@16.2_20250324"
time="2025-08-13T09:01:17-07:00" level=info msg="Tool required for debug" tool="arduino:avrdude@6.3.0-arduino17"
2025-08-13 09:01:17 2025-08-13T16:01:17.744Z daemon INFO time="2025-08-13T09:01:17-07:00" level=info msg="Tool required for debug" tool="builtin:dfu-discovery@0.1.2"
time="2025-08-13T09:01:17-07:00" level=info msg="Tool required for debug" tool="builtin:serial-monitor@0.15.0"
time="2025-08-13T09:01:17-07:00" level=info msg="Tool required for debug" tool="builtin:ctags@5.8-arduino11"
time="2025-08-13T09:01:17-07:00" level=info msg="Tool required for debug" tool="builtin:mdns-discovery@1.0.9"
time="2025-08-13T09:01:17-07:00" level=info msg="Tool required for debug" tool="builtin:serial-discovery@1.4.1"
time="2025-08-13T09:01:17-07:00" level=info msg="Tool required for debug" tool="arduino:arduinoOTA@1.3.0"
time="2025-08-13T09:01:17-07:00" level=info msg="Tool required for debug" tool="arduino:avr-gcc@7.3.0-atmel3.6.1-arduino7"
2025-08-13 09:01:17 2025-08-13T16:01:17.947Z daemon INFO time="2025-08-13T09:01:17-07:00" level=info msg="Tool required for debug" tool="arduino:dfu-util@0.11.0-arduino5"
time="2025-08-13T09:01:17-07:00" level=info msg="Tool required for debug" tool="esp32:esp-rv32@2411"
time="2025-08-13T09:01:17-07:00" level=info msg="Tool required for debug" tool="esp32:esp-x32@2411"
time="2025-08-13T09:01:17-07:00" level=info msg="Tool required for debug" tool="esp32:esp32-arduino-libs@idf-release_v5.5-b66b5448-v1"
time="2025-08-13T09:01:17-07:00" level=info msg="Tool required for debug" tool="esp32:esptool_py@5.0.0"
time="2025-08-13T09:01:17-07:00" level=info msg="Tool required for debug" tool="esp32:mklittlefs@3.0.0-gnu12-dc7f933"
time="2025-08-13T09:01:17-07:00" level=info msg="Tool required for debug" tool="esp32:mkspiffs@0.2.3"
time="2025-08-13T09:01:17-07:00" level=info msg="Tool required for debug" tool="esp32:openocd-esp32@v0.12.0-esp32-20250422"
time="2025-08-13T09:01:17-07:00" level=info msg="Tool required for debug" tool="esp32:riscv32-esp-elf-gdb@16.2_20250324"
time="2025-08-13T09:01:17-07:00" level=info msg="Tool required for debug" tool="esp32:xtensa-esp-elf-gdb@16.2_20250324"
time="2025-08-13T09:01:17-07:00" level=info msg="Tool required for debug" tool="builtin:serial-monitor@0.15.0"
time="2025-08-13T09:01:17-07:00" level=info msg="Tool required for debug" tool="builtin:mdns-discovery@1.0.9"
time="2025-08-13T09:01:17-07:00" level=info msg="Tool required for debug" tool="arduino:avrdude@6.3.0-arduino17"
time="2025-08-13T09:01:17-07:00" level=info msg="Tool required for debug" tool="builtin:ctags@5.8-arduino11"
time="2025-08-13T09:01:17-07:00" level=info msg="Tool required for debug" tool="arduino:arduinoOTA@1.3.0"
time="2025-08-13T09:01:17-07:00" level=info msg="Tool required for debug" tool="builtin:serial-discovery@1.4.1"
time="2025-08-13T09:01:17-07:00" level=info msg="Tool required for debug" tool="arduino:avr-gcc@7.3.0-atmel3.6.1-arduino7"
time="2025-08-13T09:01:17-07:00" level=info msg="Tool required for debug" tool="builtin:dfu-discovery@0.1.2"
time="2025-08-13T09:01:17-07:00" level=info msg="Tool required for debug" tool="arduino:dfu-util@0.11.0-arduino5"
time="2025-08-13T09:01:17-07:00" level=info msg="Tool required for debug" tool="esp32:esp-rv32@2411"
time="2025-08-13T09:01:17-07:00" level=info msg="Tool required for debug" tool="esp32:esp-x32@2411"
time="2025-08-13T09:01:17-07:00" level=info msg="Tool required for debug" tool="esp32:esp32-arduino-libs@idf-release_v5.5-b66b5448-v1"
time="2025-08-13T09:01:17-07:00" level=info msg="Tool required for debug" tool="esp32:esptool_py@5.0.0"
time="2025-08-13T09:01:17-07:00" level=info msg="Tool required for debug" tool="esp32:mklittlefs@3.0.0-gnu12-dc7f933"
time="2025-08-13T09:01:17-07:00" level=info msg="Tool required for debug" tool="esp32:mkspiffs@0.2.3"
time="2025-08-13T09:01:17-07:00" level=info msg="Tool required for debug" tool="esp32:openocd-esp32@v0.12.0-esp32-20250422"
time="2025-08-13T09:01:17-07:00" level=info msg="Tool required for debug" tool="esp32:riscv32-esp-elf-gdb@16.2_20250324"
time="2025-08-13T09:01:17-07:00" level=info msg="Tool required for debug" tool="esp32:xtensa-esp-elf-gdb@16.2_20250324"
time="2025-08-13T09:01:17-07:00" level=info msg="Tool required for debug" tool="builtin:serial-discovery@1.4.1"
time="2025-08-13T09:01:17-07:00" level=info msg="Tool required for debug" tool="arduino:arduinoOTA@1.3.0"
time="2025-08-13T09:01:17-07:00" level=info msg="Tool required for debug" tool="builtin:mdns-discovery@1.0.9"
time="2025-08-13T09:01:17-07:00" level=info msg="Tool required for debug" tool="builtin:dfu-discovery@0.1.2"
time="2025-08-13T09:01:17-07:00" level=info msg="Tool required for debug" tool="arduino:avr-gcc@7.3.0-atmel3.6.1-arduino7"
time="2025-08-13T09:01:17-07:00" level=info msg="Tool required for debug" tool="arduino:avrdude@6.3.0-arduino17"
time="2025-08-13T09:01:17-07:00" level=info msg="Tool required for debug" tool="builtin:ctags@5.8-arduino11"
time="2025-08-13T09:01:17-07:00" level=info msg="Tool required for debug" tool="builtin:serial-monitor@0.15.0"
time="2025-08-13T09:01:17-07:00" level=info msg="Tool required for debug" tool="arduino:dfu-util@0.11.0-arduino5"
time="2025-08-13T09:01:17-07:00" level=info msg="Tool required for debug" tool="esp32:esp-rv32@2411"
time="2025-08-13T09:01:17-07:00" level=info msg="Tool required for debug" tool="esp32:esp-x32@2411"
time="2025-08-13T09:01:17-07:00" level=info msg="Tool required for debug" tool="esp32:esp32-arduino-libs@idf-release_v5.5-b66b5448-v1"
time="2025-08-13T09:01:17-07:00" level=info msg="Tool required for debug" tool="esp32:esptool_py@5.0.0"
time="2025-08-13T09:01:17-07:00" level=info msg="Tool required for debug" tool="esp32:mklittlefs@3.0.0-gnu12-dc7f933"
time="2025-08-13T09:01:17-07:00" level=info msg="Tool required for debug" tool="esp32:mkspiffs@0.2.3"
time="2025-08-13T09:01:17-07:00" level=info msg="Tool required for debug" tool="esp32:openocd-esp32@v0.12.0-esp32-20250422"
time="2025-08-13T09:01:17-07:00" level=info msg="Tool required for debug" tool="esp32:riscv32-esp-elf-gdb@16.2_20250324"
time="2025-08-13T09:01:17-07:00" level=info msg="Tool required for debug" tool="esp32:xtensa-esp-elf-gdb@16.2_20250324"
time="2025-08-13T09:01:17-07:00" level=info msg="Tool required for debug" tool="builtin:mdns-discovery@1.0.9"
time="2025-08-13T09:01:17-07:00" level=info msg="Tool required for debug" tool="builtin:serial-discovery@1.4.1"
time="2025-08-13T09:01:17-07:00" level=info msg="Tool required for debug" tool="builtin:serial-monitor@0.15.0"
time="2025-08-13T09:01:17-07:00" level=info msg="Tool required for debug" tool="arduino:avr-gcc@7.3.0-atmel3.6.1-arduino7"
time="2025-08-13T09:01:17-07:00" level=info msg="Tool required for debug" tool="arduino:dfu-util@0.11.0-arduino5"
time="2025-08-13T09:01:17-07:00" level=info msg="Tool required for debug" tool="esp32:esp-rv32@2411"
time="2025-08-13T09:01:17-07:00" level=info msg="Tool required for debug" tool="arduino:arduinoOTA@1.3.0"
time="2025-08-13T09:01:17-07:00" level=info msg="Tool required for debug" tool="arduino:avrdude@6.3.0-arduino17"
time="2025-08-13T09:01:17-07:00" level=info msg="Tool required for debug" tool="builtin:ctags@5.8-arduino11"
time="2025-08-13T09:01:17-07:00" level=info msg="Tool required for debug" tool="esp32:esp-x32@2411"
time="2025-08-13T09:01:17-07:00" level=info msg="Tool required for debug" tool="esp32:esp32-arduino-libs@idf-release_v5.5-b66b5448-v1"
time="2025-08-13T09:01:17-07:00" level=info msg="Tool required for debug" tool="esp32:esptool_py@5.0.0"
time="2025-08-13T09:01:17-07:00" level=info msg="Tool required for debug" tool="esp32:mklittlefs@3.0.0-gnu12-dc7f933"
time="2025-08-13T09:01:17-07:00" level=info msg="Tool required for debug" tool="builtin:dfu-discovery@0.1.2"
time="2025-08-13T09:01:17-07:00" level=info msg="Tool required for debug" tool="esp32:mkspiffs@0.2.3"
time="2025-08-13T09:01:17-07:00" level=info msg="Tool required for debug" tool="esp32:openocd-esp32@v0.12.0-esp32-20250422"
time="2025-08-13T09:01:17-07:00" level=info msg="Tool required for debug" tool="esp32:riscv32-esp-elf-gdb@16.2_20250324"
time="2025-08-13T09:01:17-07:00" level=info msg="Tool required for debug" tool="esp32:xtensa-esp-elf-gdb@16.2_20250324"
time="2025-08-13T09:01:17-07:00" level=info msg="Tool required for debug" tool="arduino:avr-gcc@7.3.0-atmel3.6.1-arduino7"
time="2025-08-13T09:01:17-07:00" level=info msg="Tool required for debug" tool="builtin:ctags@5.8-arduino11"
time="2025-08-13T09:01:17-07:00" level=info msg="Tool required for debug" tool="builtin:mdns-discovery@1.0.9"
time="2025-08-13T09:01:17-07:00" level=info msg="Tool required for debug" tool="builtin:serial-discovery@1.4.1"
time="2025-08-13T09:01:17-07:00" level=info msg="Tool required for debug" tool="arduino:arduinoOTA@1.3.0"
time="2025-08-13T09:01:17-07:00" level=info msg="Tool required for debug" tool="arduino:avrdude@6.3.0-arduino17"
time="2025-08-13T09:01:17-07:00" level=info msg="Tool required for debug" tool="builtin:serial-monitor@0.15.0"
time="2025-08-13T09:01:17-07:00" level=info msg="Tool required for debug" tool="builtin:dfu-discovery@0.1.2"
time="2025-08-13T09:01:17-07:00" level=info msg="Tool required for debug" tool="arduino:dfu-util@0.11.0-arduino5"
time="2025-08-13T09:01:17-07:00" level=info msg="Tool required for debug" tool="esp32:esp-rv32@2411"
time="2025-08-13T09:01:17-07:00" level=info msg="Tool required for debug" tool="esp32:esp-x32@2411"
time="2025-08-13T09:01:17-07:00" level=info msg="Tool required for debug" tool="esp32:esp32-arduino-libs@idf-release_v5.5-b66b5448-v1"
time="2025-08-13T09:01:17-07:00" level=info msg="Tool required for debug" tool="esp32:esptool_py@5.0.0"
time="2025-08-13T09:01:17-07:00" level=info msg="Tool required for debug" tool="esp32:mklittlefs@3.0.0-gnu12-dc7f933"
time="2025-08-13T09:01:17-07:00" level=info msg="Tool required for debug" tool="esp32:mkspiffs@0.2.3"
time="2025-08-13T09:01:17-07:00" level=info msg="Tool required for debug" tool="esp32:openocd-esp32@v0.12.0-esp32-20250422"
time="2025-08-13T09:01:17-07:00" level=info msg="Tool required for debug" tool="esp32:riscv32-esp-elf-gdb@16.2_20250324"
time="2025-08-13T09:01:17-07:00" level=info msg="Tool required for debug" tool="esp32:xtensa-esp-elf-gdb@16.2_20250324"
time="2025-08-13T09:01:17-07:00" level=info msg="Tool required for debug" tool="arduino:avr-gcc@7.3.0-atmel3.6.1-arduino7"
time="2025-08-13T09:01:17-07:00" level=info msg="Tool required for debug" tool="builtin:ctags@5.8-arduino11"
time="2025-08-13T09:01:17-07:00" level=info msg="Tool required for debug" tool="builtin:serial-discovery@1.4.1"
time="2025-08-13T09:01:17-07:00" level=info msg="Tool required for debug" tool="builtin:mdns-discovery@1.0.9"
time="2025-08-13T09:01:17-07:00" level=info msg="Tool required for debug" tool="arduino:arduinoOTA@1.3.0"
time="2025-08-13T09:01:17-07:00" level=info msg="Tool required for debug" tool="arduino:avrdude@6.3.0-arduino17"
time="2025-08-13T09:01:17-07:00" level=info msg="Tool required for debug" tool="builtin:serial-monitor@0.15.0"
time="2025-08-13T09:01:17-07:00" level=info msg="Tool required for debug" tool="builtin:dfu-discovery@0.1.2"
time="2025-08-13T09:01:17-07:00" level=info msg="Tool required for debug" tool="arduino:dfu-util@0.11.0-arduino5"
time="2025-08-13T09:01:17-07:00" level=info msg="Tool required for debug" tool="esp32:esp-rv32@2411"
time="2025-08-13T09:01:17-07:00" level=info msg="Tool required for debug" tool="esp32:esp-x32@2411"
time="2025-08-13T09:01:17-07:00" level=info msg="Tool required for debug" tool="esp32:esp32-arduino-libs@idf-release_v5.5-b66b5448-v1"
time="2025-08-13T09:01:17-07:00" level=info msg="Tool required for debug" tool="esp32:esptool_py@5.0.0"
time="2025-08-13T09:01:17-07:00" level=info msg="Tool required for debug" tool="esp32:mklittlefs@3.0.0-gnu12-dc7f933"
time="2025-08-13T09:01:17-07:00" level=info msg="Tool required for debug" tool="esp32:mkspiffs@0.2.3"
time="2025-08-13T09:01:17-07:00" level=info msg="Tool required for debug" tool="esp32:openocd-esp32@v0.12.0-esp32-20250422"
time="2025-08-13T09:01:17-07:00" level=info msg="Tool required for debug" tool="esp32:riscv32-esp-elf-gdb@16.2_20250324"
time="2025-08-13T09:01:17-07:00" level=info msg="Tool required for debug" tool="esp32:xtensa-esp-elf-gdb@16.2_20250324"
time="2025-08-13T09:01:17-07:00" level=info msg="Tool required for debug" tool="arduino:avr-gcc@7.3.0-atmel3.6.1-arduino7"
time="2025-08-13T09:01:17-07:00" level=info msg="Tool required for debug" tool="arduino:arduinoOTA@1.3.0"
time="2025-08-13T09:01:17-07:00" level=info msg="Tool required for debug" tool="arduino:avrdude@6.3.0-arduino17"
time="2025-08-13T09:01:17-07:00" level=info msg="Tool required for debug" tool="builtin:ctags@5.8-arduino11"
time="2025-08-13T09:01:17-07:00" level=info msg="Tool required for debug" tool="builtin:dfu-discovery@0.1.2"
time="2025-08-13T09:01:17-07:00" level=info msg="Tool required for debug" tool="builtin:serial-monitor@0.15.0"
time="2025-08-13T09:01:17-07:00" level=info msg="Tool required for debug" tool="builtin:mdns-discovery@1.0.9"
time="2025-08-13T09:01:17-07:00" level=info msg="Tool required for debug" tool="builtin:serial-discovery@1.4.1"
time="2025-08-13T09:01:17-07:00" level=info msg="Tool required for debug" tool="arduino:dfu-util@0.11.0-arduino5"
time="2025-08-13T09:01:17-07:00" level=info msg="Tool required for debug" tool="esp32:esp-rv32@2411"
time="2025-08-13T09:01:17-07:00" level=info msg="Tool required for debug" tool="esp32:esp-x32@2411"
time="2025-08-13T09:01:17-07:00" level=info msg="Tool required for debug" tool="esp32:esp32-arduino-libs@idf-release_v5.5-b66b5448-v1"
time="2025-08-13T09:01:17-07:00" level=info msg="Tool required for debug" tool="esp32:esptool_py@5.0.0"
time="2025-08-13T09:01:17-07:00" level=info msg="Tool required for debug" tool="esp32:mklittlefs@3.0.0-gnu12-dc7f933"
time="2025-08-13T09:01:17-07:00" level=info msg="Tool required for debug" tool="esp32:mkspiffs@0.2.3"
time="2025-08-13T09:01:17-07:00" level=info msg="Tool required for debug" tool="esp32:openocd-esp32@v0.12.0-esp32-20250422"
time="2025-08-13T09:01:17-07:00" level=info msg="Tool required for debug" tool="esp32:riscv32-esp-elf-gdb@16.2_20250324"
time="2025-08-13T09:01:17-07:00" level=info msg="Tool required for debug" tool="esp32:xtensa-esp-elf-gdb@16.2_20250324"
time="2025-08-13T09:01:17-07:00" level=info msg="Tool required for debug" tool="arduino:arduinoOTA@1.3.0"
time="2025-08-13T09:01:17-07:00" level=info msg="Tool required for debug" tool="builtin:dfu-discovery@0.1.2"
time="2025-08-13T09:01:17-07:00" level=info msg="Tool required for debug" tool="builtin:serial-monitor@0.15.0"
time="2025-08-13T09:01:17-07:00" level=info msg="Tool required for debug" tool="builtin:mdns-discovery@1.0.9"
time="2025-08-13T09:01:17-07:00" level=info msg="Tool required for debug" tool="builtin:serial-discovery@1.4.1"
time="2025-08-13T09:01:17-07:00" level=info msg="Tool required for debug" tool="arduino:avrdude@6.3.0-arduino17"
time="2025-08-13T09:01:17-07:00" level=info msg="Tool required for debug" tool="builtin:ctags@5.8-arduino11"
time="2025-08-13T09:01:17-07:00" level=info msg="Tool required for debug" tool="arduino:avr-gcc@7.3.0-atmel3.6.1-arduino7"
time="2025-08-13T09:01:17-07:00" level=info msg="Tool required for debug" tool="arduino:dfu-util@0.11.0-arduino5"
time="2025-08-13T09:01:17-07:00" level=info msg="Tool required for debug" tool="esp32:esp-rv32@2411"
time="2025-08-13T09:01:17-07:00" level=info msg="Tool required for debug" tool="esp32:esp-x32@2411"
time="2025-08-13T09:01:17-07:00" level=info msg="Tool required for debug" tool="esp32:esp32-arduino-libs@idf-release_v5.5-b66b5448-v1"
time="2025-08-13T09:01:17-07:00" level=info msg="Tool required for debug" tool="esp32:esptool_py@5.0.0"
time="2025-08-13T09:01:17-07:00" level=info msg="Tool required for debug" tool="esp32:mklittlefs@3.0.0-gnu12-dc7f933"
time="2025-08-13T09:01:17-07:00" level=info msg="Tool required for debug" tool="esp32:mkspiffs@0.2.3"
time="2025-08-13T09:01:17-07:00" level=info msg="Tool required for debug" tool="esp32:openocd-esp32@v0.12.0-esp32-20250422"
time="2025-08-13T09:01:17-07:00" level=info msg="Tool required for debug" tool="esp32:riscv32-esp-elf-gdb@16.2_20250324"
time="2025-08-13T09:01:17-07:00" level=info msg="Tool required for debug" tool="esp32:xtensa-esp-elf-gdb@16.2_20250324"
time="2025-08-13T09:01:17-07:00" level=info msg="Tool required for debug" tool="builtin:ctags@5.8-arduino11"
time="2025-08-13T09:01:17-07:00" level=info msg="Tool required for debug" tool="builtin:mdns-discovery@1.0.9"
time="2025-08-13T09:01:17-07:00" level=info msg="Tool required for debug" tool="builtin:serial-discovery@1.4.1"
time="2025-08-13T09:01:17-07:00" level=info msg="Tool required for debug" tool="arduino:dfu-util@0.11.0-arduino5"
time="2025-08-13T09:01:17-07:00" level=info msg="Tool required for debug" tool="esp32:esp-rv32@2411"
time="2025-08-13T09:01:17-07:00" level=info msg="Tool required for debug" tool="esp32:esp-x32@2411"
time="2025-08-13T09:01:17-07:00" level=info msg="Tool required for debug" tool="builtin:serial-monitor@0.15.0"
time="2025-08-13T09:01:17-07:00" level=info msg="Tool required for debug" tool="arduino:arduinoOTA@1.3.0"
time="2025-08-13T09:01:17-07:00" level=info msg="Tool required for debug" tool="builtin:dfu-discovery@0.1.2"
time="2025-08-13T09:01:17-07:00" level=info msg="Tool required for debug" tool="arduino:avr-gcc@7.3.0-atmel3.6.1-arduino7"
time="2025-08-13T09:01:17-07:00" level=info msg="Tool required for debug" tool="arduino:avrdude@6.3.0-arduino17"
time="2025-08-13T09:01:17-07:00" level=info msg="Tool required for debug" tool="esp32:esp32-arduino-libs@idf-release_v5.5-b66b5448-v1"
time="2025-08-13T09:01:17-07:00" level=info msg="Tool required for debug" tool="esp32:esptool_py@5.0.0"
time="2025-08-13T09:01:17-07:00" level=info msg="Tool required for debug" tool="esp32:mklittlefs@3.0.0-gnu12-dc7f933"
time="2025-08-13T09:01:17-07:00" level=info msg="Tool required for debug" tool="esp32:mkspiffs@0.2.3"
time="2025-08-13T09:01:17-07:00" level=info msg="Tool required for debug" tool="esp32:openocd-esp32@v0.12.0-esp32-20250422"
time="2025-08-13T09:01:17-07:00" level=info msg="Tool required for debug" tool="esp32:riscv32-esp-elf-gdb@16.2_20250324"
time="2025-08-13T09:01:17-07:00" level=info msg="Tool required for debug" tool="esp32:xtensa-esp-elf-gdb@16.2_20250324"
time="2025-08-13T09:01:17-07:00" level=info msg="Tool required for debug" tool="builtin:serial-discovery@1.4.1"
time="2025-08-13T09:01:17-07:00" level=info msg="Tool required for debug" tool="builtin:serial-monitor@0.15.0"
time="2025-08-13T09:01:17-07:00" level=info msg="Tool required for debug" tool="builtin:dfu-discovery@0.1.2"
time="2025-08-13T09:01:17-07:00" level=info msg="Tool required for debug" tool="arduino:arduinoOTA@1.3.0"
time="2025-08-13T09:01:17-07:00" level=info msg="Tool required for debug" tool="arduino:avr-gcc@7.3.0-atmel3.6.1-arduino7"
time="2025-08-13T09:01:17-07:00" level=info msg="Tool required for debug" tool="arduino:avrdude@6.3.0-arduino17"
time="2025-08-13T09:01:17-07:00" level=info msg="Tool required for debug" tool="builtin:mdns-discovery@1.0.9"
time="2025-08-13T09:01:17-07:00" level=info msg="Tool required for debug" tool="builtin:ctags@5.8-arduino11"
time="2025-08-13T09:01:17-07:00" level=info msg="Tool required for debug" tool="arduino:dfu-util@0.11.0-arduino5"
time="2025-08-13T09:01:17-07:00" level=info msg="Tool required for debug" tool="esp32:esp-rv32@2411"
time="2025-08-13T09:01:17-07:00" level=info msg="Tool required for debug" tool="esp32:esp-x32@2411"
time="2025-08-13T09:01:17-07:00" level=info msg="Tool required for debug" tool="esp32:esp32-arduino-libs@idf-release_v5.5-b66b5448-v1"
time="2025-08-13T09:01:17-07:00" level=info msg="Tool required for debug" tool="esp32:esptool_py@5.0.0"
time="2025-08-13T09:01:17-07:00" level=info msg="Tool required for debug" tool="esp32:mklittlefs@3.0.0-gnu12-dc7f933"
time="2025-08-13T09:01:17-07:00" level=info msg="Tool required for debug" tool="esp32:mkspiffs@0.2.3"
time="2025-08-13T09:01:17-07:00" level=info msg="Tool required for debug" tool="esp32:openocd-esp32@v0.12.0-esp32-20250422"
time="2025-08-13T09:01:17-07:00" level=info msg="Tool required for debug" tool="esp32:riscv32-esp-elf-gdb@16.2_20250324"
time="2025-08-13T09:01:17-07:00" level=info msg="Tool required for debug" tool="esp32:xtensa-esp-elf-gdb@16.2_20250324"
time="2025-08-13T09:01:17-07:00" level=info msg="Tool required for debug" tool="arduino:arduinoOTA@1.3.0"
time="2025-08-13T09:01:17-07:00" level=info msg="Tool required for debug" tool="builtin:serial-discovery@1.4.1"
time="2025-08-13T09:01:17-07:00" level=info msg="Tool required for debug" tool="arduino:avrdude@6.3.0-arduino17"
time="2025-08-13T09:01:17-07:00" level=info msg="Tool required for debug" tool="builtin:dfu-discovery@0.1.2"
time="2025-08-13T09:01:17-07:00" level=info msg="Tool required for debug" tool="builtin:ctags@5.8-arduino11"
time="2025-08-13T09:01:17-07:00" level=info msg="Tool required for debug" tool="builtin:mdns-discovery@1.0.9"
time="2025-08-13T09:01:17-07:00" level=info msg="Tool required for debug" tool="arduino:avr-gcc@7.3.0-atmel3.6.1-arduino7"
time="2025-08-13T09:01:17-07:00" level=info msg="Tool required for debug" tool="builtin:serial-monitor@0.15.0"
time="2025-08-13T09:01:17-07:00" level=info msg="Tool required for debug" tool="arduino:dfu-util@0.11.0-arduino5"
time="2025-08-13T09:01:17-07:00" level=info msg="Tool required for debug" tool="esp32:esp-rv32@2411"
time="2025-08-13T09:01:17-07:00" level=info msg="Tool required for debug" tool="esp32:esp-x32@2411"
time="2025-08-13T09:01:17-07:00" level=info msg="Tool required for debug" tool="esp32:esp32-arduino-libs@idf-release_v5.5-b66b5448-v1"
time="2025-08-13T09:01:17-07:00" level=info msg="Tool required for debug" tool="esp32:esptool_py@5.0.0"
time="2025-08-13T09:01:17-07:00" level=info msg="Tool required for debug" tool="esp32:mklittlefs@3.0.0-gnu12-dc7f933"
time="2025-08-13T09:01:17-07:00" level=info msg="Tool required for debug" tool="esp32:mkspiffs@0.2.3"
time="2025-08-13T09:01:17-07:00" level=info msg="Tool required for debug" tool="esp32:openocd-esp32@v0.12.0-esp32-20250422"
time="2025-08-13T09:01:17-07:00" level=info msg="Tool required for debug" tool="esp32:riscv32-esp-elf-gdb@16.2_20250324"
time="2025-08-13T09:01:17-07:00" level=info msg="Tool required for debug" tool="esp32:xtensa-esp-elf-gdb@16.2_20250324"
time="2025-08-13T09:01:17-07:00" level=info msg="Tool required for debug" tool="builtin:serial-discovery@1.4.1"
time="2025-08-13T09:01:17-07:00" level=info msg="Tool required for debug" tool="arduino:avr-gcc@7.3.0-atmel3.6.1-arduino7"
time="2025-08-13T09:01:17-07:00" level=info msg="Tool required for debug" tool="builtin:dfu-discovery@0.1.2"
time="2025-08-13T09:01:17-07:00" level=info msg="Tool required for debug" tool="arduino:arduinoOTA@1.3.0"
time="2025-08-13T09:01:17-07:00" level=info msg="Tool required for debug" tool="builtin:serial-monitor@0.15.0"
time="2025-08-13T09:01:17-07:00" level=info msg="Tool required for debug" tool="arduino:avrdude@6.3.0-arduino17"
time="2025-08-13T09:01:17-07:00" level=info msg="Tool required for debug" tool="builtin:ctags@5.8-arduino11"
time="2025-08-13T09:01:17-07:00" level=info msg="Tool required for debug" tool="builtin:mdns-discovery@1.0.9"
time="2025-08-13T09:01:17-07:00" level=info msg="Tool required for debug" tool="arduino:dfu-util@0.11.0-arduino5"
time="2025-08-13T09:01:17-07:00" level=info msg="Tool required for debug" tool="esp32:esp-rv32@2411"
time="2025-08-13T09:01:17-07:00" level=info msg="Tool required for debug" tool="esp32:esp-x32@2411"
time="2025-08-13T09:01:17-07:00" level=info msg="Tool required for debug" tool="esp32:esp32-arduino-libs@idf-release_v5.5-b66b5448-v1"
time="2025-08-13T09:01:17-07:00" level=info msg="Tool required for debug" tool="esp32:esptool_py@5.0.0"
time="2025-08-13T09:01:17-07:00" level=info msg="Tool required for debug" tool="esp32:mklittlefs@3.0.0-gnu12-dc7f933"
time="2025-08-13T09:01:17-07:00" level=info msg="Tool required for debug" tool="esp32:mkspiffs@0.2.3"
time="2025-08-13T09:01:17-07:00" level=info msg="Tool required for debug" tool="esp32:openocd-esp32@v0.12.0-esp32-20250422"
time="2025-08-13T09:01:17-07:00" level=info msg="Tool required for debug" tool="esp32:riscv32-esp-elf-gdb@16.2_20250324"
time="2025-08-13T09:01:17-07:00" level=info msg="Tool required for debug" tool="esp32:xtensa-esp-elf-gdb@16.2_20250324"
time="2025-08-13T09:01:17-07:00" level=info msg="Tool required for debug" tool="arduino:avr-gcc@7.3.0-atmel3.6.1-arduino7"
time="2025-08-13T09:01:17-07:00" level=info msg="Tool required for debug" tool="builtin:mdns-discovery@1.0.9"
time="2025-08-13T09:01:17-07:00" level=info msg="Tool required for debug" tool="builtin:dfu-discovery@0.1.2"
time="2025-08-13T09:01:17-07:00" level=info msg="Tool required for debug" tool="builtin:serial-discovery@1.4.1"
time="2025-08-13T09:01:17-07:00" level=info msg="Tool required for debug" tool="arduino:arduinoOTA@1.3.0"
time="2025-08-13T09:01:17-07:00" level=info msg="Tool required for debug" tool="builtin:ctags@5.8-arduino11"
time="2025-08-13T09:01:17-07:00" level=info msg="Tool required for debug" tool="arduino:avrdude@6.3.0-arduino17"
time="2025-08-13T09:01:17-07:00" level=info msg="Tool required for debug" tool="builtin:serial-monitor@0.15.0"
time="2025-08-13T09:01:17-07:00" level=info msg="Tool required for debug" tool="arduino:dfu-util@0.11.0-arduino5"
time="2025-08-13T09:01:17-07:00" level=info msg="Tool required for debug" tool="esp32:esp-rv32@2411"
time="2025-08-13T09:01:17-07:00" level=info msg="Tool required for debug" tool="esp32:esp-x32@2411"
time="2025-08-13T09:01:17-07:00" level=info msg="Tool required for debug" tool="esp32:esp32-arduino-libs@idf-release_v5.5-b66b5448-v1"
time="2025-08-13T09:01:17-07:00" level=info msg="Tool required for debug" tool="esp32:esptool_py@5.0.0"
time="2025-08-13T09:01:17-07:00" level=info msg="Tool required for debug" tool="esp32:mklittlefs@3.0.0-gnu12-dc7f933"
time="2025-08-13T09:01:17-07:00" level=info msg="Tool required for debug" tool="esp32:mkspiffs@0.2.3"
time="2025-08-13T09:01:17-07:00" level=info msg="Tool required for debug" tool="esp32:openocd-esp32@v0.12.0-esp32-20250422"
time="2025-08-13T09:01:17-07:00" level=info msg="Tool required for debug" tool="esp32:riscv32-esp-elf-gdb@16.2_20250324"
time="2025-08-13T09:01:17-07:00" level=info msg="Tool required for debug" tool="esp32:xtensa-esp-elf-gdb@16.2_20250324"
time="2025-08-13T09:01:17-07:00" level=info msg="Tool required for debug" tool="builtin:serial-monitor@0.15.0"
time="2025-08-13T09:01:17-07:00" level=info msg="Tool required for debug" tool="arduino:avrdude@6.3.0-arduino17"
time="2025-08-13T09:01:17-07:00" level=info msg="Tool required for debug" tool="builtin:ctags@5.8-arduino11"
time="2025-08-13T09:01:17-07:00" level=info msg="Tool required for debug" tool="builtin:mdns-discovery@1.0.9"
time="2025-08-13T09:01:17-07:00" level=info msg="Tool required for debug" tool="arduino:arduinoOTA@1.3.0"
time="2025-08-13T09:01:17-07:00" level=info msg="Tool required for debug" tool="arduino:avr-gcc@7.3.0-atmel3.6.1-arduino7"
time="2025-08-13T09:01:17-07:00" level=info msg="Tool required for debug" tool="builtin:dfu-discovery@0.1.2"
time="2025-08-13T09:01:17-07:00" level=info msg="Tool required for debug" tool="builtin:serial-discovery@1.4.1"
time="2025-08-13T09:01:17-07:00" level=info msg="Tool required for debug" tool="arduino:dfu-util@0.11.0-arduino5"
time="2025-08-13T09:01:17-07:00" level=info msg="Tool required for debug" tool="esp32:esp-rv32@2411"
time="2025-08-13T09:01:17-07:00" level=info msg="Tool required for debug" tool="esp32:esp-x32@2411"
time="2025-08-13T09:01:17-07:00" level=info msg="Tool required for debug" tool="esp32:esp32-arduino-libs@idf-release_v5.5-b66b5448-v1"
time="2025-08-13T09:01:17-07:00" level=info msg="Tool required for debug" tool="esp32:esptool_py@5.0.0"
time="2025-08-13T09:01:17-07:00" level=info msg="Tool required for debug" tool="esp32:mklittlefs@3.0.0-gnu12-dc7f933"
time="2025-08-13T09:01:17-07:00" level=info msg="Tool required for debug" tool="esp32:mkspiffs@0.2.3"
time="2025-08-13T09:01:17-07:00" level=info msg="Tool required for debug" tool="esp32:openocd-esp32@v0.12.0-esp32-20250422"
time="2025-08-13T09:01:17-07:00" level=info msg="Tool required for debug" tool="esp32:riscv32-esp-elf-gdb@16.2_20250324"
time="2025-08-13T09:01:17-07:00" level=info msg="Tool required for debug" tool="esp32:xtensa-esp-elf-gdb@16.2_20250324"
time="2025-08-13T09:01:17-07:00" level=info msg="Tool required for debug" tool="builtin:dfu-discovery@0.1.2"
time="2025-08-13T09:01:17-07:00" level=info msg="Tool required for debug" tool="builtin:mdns-discovery@1.0.9"
time="2025-08-13T09:01:17-07:00" level=info msg="Tool required for debug" tool="arduino:dfu-util@0.11.0-arduino5"
time="2025-08-13T09:01:17-07:00" level=info msg="Tool required for debug" tool="esp32:esp-rv32@2411"
time="2025-08-13T09:01:17-07:00" level=info msg="Tool required for debug" tool="esp32:esp-x32@2411"
time="2025-08-13T09:01:17-07:00" level=info msg="Tool required for debug" tool="esp32:esp32-arduino-libs@idf-release_v5.5-b66b5448-v1"
time="2025-08-13T09:01:17-07:00" level=info msg="Tool required for debug" tool="esp32:esptool_py@5.0.0"
time="2025-08-13T09:01:17-07:00" level=info msg="Tool required for debug" tool="esp32:mklittlefs@3.0.0-gnu12-dc7f933"
time="2025-08-13T09:01:17-07:00" level=info msg="Tool required for debug" tool="arduino:arduinoOTA@1.3.0"
time="2025-08-13T09:01:17-07:00" level=info msg="Tool required for debug" tool="builtin:ctags@5.8-arduino11"
time="2025-08-13T09:01:17-07:00" level=info msg="Tool required for debug" tool="builtin:serial-discovery@1.4.1"
time="2025-08-13T09:01:17-07:00" level=info msg="Tool required for debug" tool="esp32:mkspiffs@0.2.3"
time="2025-08-13T09:01:17-07:00" level=info msg="Tool required for debug" tool="esp32:openocd-esp32@v0.12.0-esp32-20250422"
time="2025-08-13T09:01:17-07:00" level=info msg="Tool required for debug" tool="arduino:avrdude@6.3.0-arduino17"
time="2025-08-13T09:01:17-07:00" level=info msg="Tool required for debug" tool="builtin:serial-monitor@0.15.0"
time="2025-08-13T09:01:17-07:00" level=info msg="Tool required for debug" tool="esp32:riscv32-esp-elf-gdb@16.2_20250324"
time="2025-08-13T09:01:17-07:00" level=info msg="Tool required for debug" tool="arduino:avr-gcc@7.3.0-atmel3.6.1-arduino7"
time="2025-08-13T09:01:17-07:00" level=info msg="Tool required for debug" tool="esp32:xtensa-esp-elf-gdb@16.2_20250324"
time="2025-08-13T09:01:17-07:00" level=info msg="Tool required for debug" tool="arduino:arduinoOTA@1.3.0"
time="2025-08-13T09:01:17-07:00" level=info msg="Tool required for debug" tool="builtin:serial-discovery@1.4.1"
time="2025-08-13T09:01:17-07:00" level=info msg="Tool required for debug" tool="arduino:avrdude@6.3.0-arduino17"
time="2025-08-13T09:01:17-07:00" level=info msg="Tool required for debug" tool="builtin:serial-monitor@0.15.0"
time="2025-08-13T09:01:17-07:00" level=info msg="Tool required for debug" tool="builtin:ctags@5.8-arduino11"
time="2025-08-13T09:01:17-07:00" level=info msg="Tool required for debug" tool="arduino:avr-gcc@7.3.0-atmel3.6.1-arduino7"
time="2025-08-13T09:01:17-07:00" level=info msg="Tool required for debug" tool="builtin:dfu-discovery@0.1.2"
time="2025-08-13T09:01:17-07:00" level=info msg="Tool required for debug" tool="builtin:mdns-discovery@1.0.9"
time="2025-08-13T09:01:17-07:00" level=info msg="Tool required for debug" tool="arduino:dfu-util@0.11.0-arduino5"
time="2025-08-13T09:01:17-07:00" level=info msg="Tool required for debug" tool="esp32:esp-rv32@2411"
time="2025-08-13T09:01:17-07:00" level=info msg="Tool required for debug" tool="esp32:esp-x32@2411"
time="2025-08-13T09:01:17-07:00" level=info msg="Tool required for debug" tool="esp32:esp32-arduino-libs@idf-release_v5.5-b66b5448-v1"
time="2025-08-13T09:01:17-07:00" level=info msg="Tool required for debug" tool="esp32:esptool_py@5.0.0"
time="2025-08-13T09:01:17-07:00" level=info msg="Tool required for debug" tool="esp32:mklittlefs@3.0.0-gnu12-dc7f933"
time="2025-08-13T09:01:17-07:00" level=info msg="Tool required for debug" tool="esp32:mkspiffs@0.2.3"
time="2025-08-13T09:01:17-07:00" level=info msg="Tool required for debug" tool="esp32:openocd-esp32@v0.12.0-esp32-20250422"
time="2025-08-13T09:01:17-07:00" level=info msg="Tool required for debug" tool="esp32:riscv32-esp-elf-gdb@16.2_20250324"
2025-08-13 09:01:17 2025-08-13T16:01:17.956Z root INFO Starting language server: esp32:esp32:XIAO_ESP32C3:UploadSpeed=921600,CDCOnBoot=default,CPUFreq=160,FlashFreq=80,FlashMode=qio,FlashSize=4M,PartitionScheme=default,DebugLevel=none,EraseFlash=none
2025-08-13 09:01:17 2025-08-13T16:01:17.961Z daemon INFO time="2025-08-13T09:01:17-07:00" level=info msg="Tool required for debug" tool="esp32:xtensa-esp-elf-gdb@16.2_20250324"
time="2025-08-13T09:01:17-07:00" level=info msg="Tool required for debug" tool="arduino:dfu-util@0.11.0-arduino5"
time="2025-08-13T09:01:17-07:00" level=info msg="Tool required for debug" tool="arduino:arduinoOTA@1.3.0"
time="2025-08-13T09:01:17-07:00" level=info msg="Tool required for debug" tool="arduino:avr-gcc@7.3.0-atmel3.6.1-arduino7"
time="2025-08-13T09:01:17-07:00" level=info msg="Tool required for debug" tool="builtin:serial-monitor@0.15.0"
time="2025-08-13T09:01:17-07:00" level=info msg="Tool required for debug" tool="arduino:dfu-util@0.11.0-arduino5"
time="2025-08-13T09:01:17-07:00" level=info msg="Tool required for debug" tool="esp32:esp-rv32@2411"
time="2025-08-13T09:01:17-07:00" level=info msg="Tool required for debug" tool="esp32:esp-x32@2411"
time="2025-08-13T09:01:17-07:00" level=info msg="Tool required for debug" tool="esp32:esp32-arduino-libs@idf-release_v5.5-b66b5448-v1"
time="2025-08-13T09:01:17-07:00" level=info msg="Tool required for debug" tool="esp32:esptool_py@5.0.0"
time="2025-08-13T09:01:17-07:00" level=info msg="Tool required for debug" tool="builtin:mdns-discovery@1.0.9"
time="2025-08-13T09:01:17-07:00" level=info msg="Tool required for debug" tool="esp32:esp-rv32@2411"
time="2025-08-13T09:01:17-07:00" level=info msg="Tool required for debug" tool="esp32:mklittlefs@3.0.0-gnu12-dc7f933"
time="2025-08-13T09:01:17-07:00" level=info msg="Tool required for debug" tool="esp32:esp-x32@2411"
time="2025-08-13T09:01:17-07:00" level=info msg="Tool required for debug" tool="esp32:esp32-arduino-libs@idf-release_v5.5-b66b5448-v1"
time="2025-08-13T09:01:17-07:00" level=info msg="Tool required for debug" tool="esp32:esptool_py@5.0.0"
time="2025-08-13T09:01:17-07:00" level=info msg="Tool required for debug" tool="arduino:avrdude@6.3.0-arduino17"
time="2025-08-13T09:01:17-07:00" level=info msg="Tool required for debug" tool="builtin:serial-discovery@1.4.1"
time="2025-08-13T09:01:17-07:00" level=info msg="Tool required for debug" tool="esp32:mklittlefs@3.0.0-gnu12-dc7f933"
time="2025-08-13T09:01:17-07:00" level=info msg="Tool required for debug" tool="esp32:mkspiffs@0.2.3"
time="2025-08-13T09:01:17-07:00" level=info msg="Tool required for debug" tool="builtin:ctags@5.8-arduino11"
time="2025-08-13T09:01:17-07:00" level=info msg="Tool required for debug" tool="builtin:dfu-discovery@0.1.2"
time="2025-08-13T09:01:17-07:00" level=info msg="Tool required for debug" tool="esp32:mkspiffs@0.2.3"
time="2025-08-13T09:01:17-07:00" level=info msg="Tool required for debug" tool="esp32:openocd-esp32@v0.12.0-esp32-20250422"
time="2025-08-13T09:01:17-07:00" level=info msg="Tool required for debug" tool="esp32:openocd-esp32@v0.12.0-esp32-20250422"
time="2025-08-13T09:01:17-07:00" level=info msg="Tool required for debug" tool="esp32:riscv32-esp-elf-gdb@16.2_20250324"
time="2025-08-13T09:01:17-07:00" level=info msg="Tool required for debug" tool="esp32:xtensa-esp-elf-gdb@16.2_20250324"
time="2025-08-13T09:01:17-07:00" level=info msg="Tool required for debug" tool="arduino:avrdude@6.3.0-arduino17"
time="2025-08-13T09:01:17-07:00" level=info msg="Tool required for debug" tool="arduino:avr-gcc@7.3.0-atmel3.6.1-arduino7"
time="2025-08-13T09:01:17-07:00" level=info msg="Tool required for debug" tool="esp32:riscv32-esp-elf-gdb@16.2_20250324"
time="2025-08-13T09:01:17-07:00" level=info msg="Tool required for debug" tool="esp32:xtensa-esp-elf-gdb@16.2_20250324"
time="2025-08-13T09:01:17-07:00" level=info msg="Tool required for debug" tool="builtin:dfu-discovery@0.1.2"
time="2025-08-13T09:01:17-07:00" level=info msg="Tool required for debug" tool="builtin:mdns-discovery@1.0.9"
time="2025-08-13T09:01:17-07:00" level=info msg="Tool required for debug" tool="builtin:dfu-discovery@0.1.2"
time="2025-08-13T09:01:17-07:00" level=info msg="Tool required for debug" tool="arduino:avr-gcc@7.3.0-atmel3.6.1-arduino7"
time="2025-08-13T09:01:17-07:00" level=info msg="Tool required for debug" tool="arduino:avrdude@6.3.0-arduino17"
time="2025-08-13T09:01:17-07:00" level=info msg="Tool required for debug" tool="builtin:serial-monitor@0.15.0"
time="2025-08-13T09:01:17-07:00" level=info msg="Tool required for debug" tool="builtin:mdns-discovery@1.0.9"
time="2025-08-13T09:01:17-07:00" level=info msg="Tool required for debug" tool="builtin:serial-discovery@1.4.1"
time="2025-08-13T09:01:17-07:00" level=info msg="Tool required for debug" tool="builtin:ctags@5.8-arduino11"
time="2025-08-13T09:01:17-07:00" level=info msg="Tool required for debug" tool="builtin:ctags@5.8-arduino11"
time="2025-08-13T09:01:17-07:00" level=info msg="Tool required for debug" tool="arduino:arduinoOTA@1.3.0"
time="2025-08-13T09:01:17-07:00" level=info msg="Tool required for debug" tool="builtin:serial-discovery@1.4.1"
time="2025-08-13T09:01:17-07:00" level=info msg="Tool required for debug" tool="builtin:serial-monitor@0.15.0"
time="2025-08-13T09:01:17-07:00" level=info msg="Tool required for debug" tool="arduino:arduinoOTA@1.3.0"
time="2025-08-13T09:01:17-07:00" level=info msg="Tool required for debug" tool="arduino:dfu-util@0.11.0-arduino5"
time="2025-08-13T09:01:17-07:00" level=info msg="Tool required for debug" tool="esp32:esp-rv32@2411"
time="2025-08-13T09:01:17-07:00" level=info msg="Tool required for debug" tool="esp32:esp-x32@2411"
time="2025-08-13T09:01:17-07:00" level=info msg="Tool required for debug" tool="esp32:esp32-arduino-libs@idf-release_v5.5-b66b5448-v1"
time="2025-08-13T09:01:17-07:00" level=info msg="Tool required for debug" tool="esp32:esptool_py@5.0.0"
time="2025-08-13T09:01:17-07:00" level=info msg="Tool required for debug" tool="esp32:mklittlefs@3.0.0-gnu12-dc7f933"
time="2025-08-13T09:01:17-07:00" level=info msg="Tool required for debug" tool="esp32:mkspiffs@0.2.3"
time="2025-08-13T09:01:17-07:00" level=info msg="Tool required for debug" tool="esp32:openocd-esp32@v0.12.0-esp32-20250422"
time="2025-08-13T09:01:17-07:00" level=info msg="Tool required for debug" tool="esp32:riscv32-esp-elf-gdb@16.2_20250324"
time="2025-08-13T09:01:17-07:00" level=info msg="Tool required for debug" tool="esp32:xtensa-esp-elf-gdb@16.2_20250324"
time="2025-08-13T09:01:17-07:00" level=info msg="Tool required for debug" tool="builtin:serial-monitor@0.15.0"
time="2025-08-13T09:01:17-07:00" level=info msg="Tool required for debug" tool="builtin:ctags@5.8-arduino11"
time="2025-08-13T09:01:17-07:00" level=info msg="Tool required for debug" tool="arduino:arduinoOTA@1.3.0"
time="2025-08-13T09:01:17-07:00" level=info msg="Tool required for debug" tool="arduino:avrdude@6.3.0-arduino17"
time="2025-08-13T09:01:17-07:00" level=info msg="Tool required for debug" tool="arduino:avr-gcc@7.3.0-atmel3.6.1-arduino7"
time="2025-08-13T09:01:17-07:00" level=info msg="Tool required for debug" tool="builtin:mdns-discovery@1.0.9"
time="2025-08-13T09:01:17-07:00" level=info msg="Tool required for debug" tool="builtin:serial-discovery@1.4.1"
time="2025-08-13T09:01:17-07:00" level=info msg="Tool required for debug" tool="builtin:dfu-discovery@0.1.2"
time="2025-08-13T09:01:17-07:00" level=info msg="Tool required for debug" tool="arduino:dfu-util@0.11.0-arduino5"
time="2025-08-13T09:01:17-07:00" level=info msg="Tool required for debug" tool="esp32:esp-rv32@2411"
time="2025-08-13T09:01:17-07:00" level=info msg="Tool required for debug" tool="esp32:esp-x32@2411"
time="2025-08-13T09:01:17-07:00" level=info msg="Tool required for debug" tool="esp32:esp32-arduino-libs@idf-release_v5.5-b66b5448-v1"
time="2025-08-13T09:01:17-07:00" level=info msg="Tool required for debug" tool="esp32:esptool_py@5.0.0"
time="2025-08-13T09:01:17-07:00" level=info msg="Tool required for debug" tool="esp32:mklittlefs@3.0.0-gnu12-dc7f933"
time="2025-08-13T09:01:17-07:00" level=info msg="Tool required for debug" tool="esp32:mkspiffs@0.2.3"
time="2025-08-13T09:01:17-07:00" level=info msg="Tool required for debug" tool="esp32:openocd-esp32@v0.12.0-esp32-20250422"
time="2025-08-13T09:01:17-07:00" level=info msg="Tool required for debug" tool="esp32:riscv32-esp-elf-gdb@16.2_20250324"
time="2025-08-13T09:01:17-07:00" level=info msg="Tool required for debug" tool="esp32:xtensa-esp-elf-gdb@16.2_20250324"
time="2025-08-13T09:01:17-07:00" level=info msg="Tool required for debug" tool="builtin:ctags@5.8-arduino11"
time="2025-08-13T09:01:17-07:00" level=info msg="Tool required for debug" tool="builtin:serial-monitor@0.15.0"
time="2025-08-13T09:01:17-07:00" level=info msg="Tool required for debug" tool="arduino:arduinoOTA@1.3.0"
time="2025-08-13T09:01:17-07:00" level=info msg="Tool required for debug" tool="arduino:avrdude@6.3.0-arduino17"
time="2025-08-13T09:01:17-07:00" level=info msg="Tool required for debug" tool="builtin:dfu-discovery@0.1.2"
time="2025-08-13T09:01:17-07:00" level=info msg="Tool required for debug" tool="arduino:avr-gcc@7.3.0-atmel3.6.1-arduino7"
time="2025-08-13T09:01:17-07:00" level=info msg="Tool required for debug" tool="builtin:mdns-discovery@1.0.9"
time="2025-08-13T09:01:17-07:00" level=info msg="Tool required for debug" tool="builtin:serial-discovery@1.4.1"
2025-08-13 09:01:17 2025-08-13T16:01:17.964Z daemon INFO time="2025-08-13T09:01:17-07:00" level=info msg="Tool required for debug" tool="arduino:dfu-util@0.11.0-arduino5"
time="2025-08-13T09:01:17-07:00" level=info msg="Tool required for debug" tool="esp32:esp-rv32@2411"
time="2025-08-13T09:01:17-07:00" level=info msg="Tool required for debug" tool="esp32:esp-x32@2411"
time="2025-08-13T09:01:17-07:00" level=info msg="Tool required for debug" tool="esp32:esp32-arduino-libs@idf-release_v5.5-b66b5448-v1"
time="2025-08-13T09:01:17-07:00" level=info msg="Tool required for debug" tool="esp32:esptool_py@5.0.0"
time="2025-08-13T09:01:17-07:00" level=info msg="Tool required for debug" tool="esp32:mklittlefs@3.0.0-gnu12-dc7f933"
time="2025-08-13T09:01:17-07:00" level=info msg="Tool required for debug" tool="esp32:mkspiffs@0.2.3"
time="2025-08-13T09:01:17-07:00" level=info msg="Tool required for debug" tool="esp32:openocd-esp32@v0.12.0-esp32-20250422"
time="2025-08-13T09:01:17-07:00" level=info msg="Tool required for debug" tool="esp32:riscv32-esp-elf-gdb@16.2_20250324"
time="2025-08-13T09:01:17-07:00" level=info msg="Tool required for debug" tool="esp32:xtensa-esp-elf-gdb@16.2_20250324"
time="2025-08-13T09:01:17-07:00" level=info msg="Tool required for debug" tool="arduino:avrdude@6.3.0-arduino17"
time="2025-08-13T09:01:17-07:00" level=info msg="Tool required for debug" tool="builtin:mdns-discovery@1.0.9"
time="2025-08-13T09:01:17-07:00" level=info msg="Tool required for debug" tool="arduino:avr-gcc@7.3.0-atmel3.6.1-arduino7"
time="2025-08-13T09:01:17-07:00" level=info msg="Tool required for debug" tool="builtin:dfu-discovery@0.1.2"
time="2025-08-13T09:01:17-07:00" level=info msg="Tool required for debug" tool="builtin:serial-discovery@1.4.1"
time="2025-08-13T09:01:17-07:00" level=info msg="Tool required for debug" tool="builtin:serial-monitor@0.15.0"
time="2025-08-13T09:01:17-07:00" level=info msg="Tool required for debug" tool="arduino:arduinoOTA@1.3.0"
time="2025-08-13T09:01:17-07:00" level=info msg="Tool required for debug" tool="builtin:ctags@5.8-arduino11"
2025-08-13 09:01:17 2025-08-13T16:01:17.976Z monitor-service INFO starting monitor
2025-08-13 09:01:17 2025-08-13T16:01:17.978Z daemon INFO time="2025-08-13T09:01:17-07:00" level=info msg="Starting monitor process" monitor=serial-monitor
2025-08-13 09:01:17 2025-08-13T16:01:17.979Z daemon INFO time="2025-08-13T09:01:17-07:00" level=info msg="Monitor process started successfully!" monitor=serial-monitor
time="2025-08-13T09:01:17-07:00" level=info msg="sending command" command="HELLO 1 \"arduino-cli 1.2.0\"" monitor=serial-monitor
2025-08-13 09:01:17 2025-08-13T16:01:17.981Z daemon INFO time="2025-08-13T09:01:17-07:00" level=info msg="received message" error=false event_type=hello message=OK monitor=serial-monitor
time="2025-08-13T09:01:17-07:00" level=info msg="sending command" command=DESCRIBE monitor=serial-monitor
2025-08-13 09:01:17 2025-08-13T16:01:17.982Z daemon INFO time="2025-08-13T09:01:17-07:00" level=info msg="received message" error=false event_type=describe message=OK monitor=serial-monitor
2025-08-13 09:01:17 2025-08-13T16:01:17.982Z daemon INFO time="2025-08-13T09:01:17-07:00" level=info msg="sending command" command=QUIT monitor=serial-monitor
2025-08-13 09:01:17 2025-08-13T16:01:17.982Z daemon INFO time="2025-08-13T09:01:17-07:00" level=info msg="received message" error=false event_type=quit message=OK monitor=serial-monitor
2025-08-13 09:01:17 2025-08-13T16:01:17.982Z daemon INFO time="2025-08-13T09:01:17-07:00" level=info msg="Killing monitor process" monitor=serial-monitor
2025-08-13 09:01:17 2025-08-13T16:01:17.982Z daemon INFO time="2025-08-13T09:01:17-07:00" level=error msg="stopped decode loop: EOF" monitor=serial-monitor
2025-08-13 09:01:17 2025-08-13T16:01:17.982Z daemon INFO time="2025-08-13T09:01:17-07:00" level=info msg="Monitor process killed" monitor=serial-monitor
2025-08-13 09:01:17 2025-08-13T16:01:17.990Z daemon INFO time="2025-08-13T09:01:17-07:00" level=info msg="Starting monitor process" monitor=serial-monitor
2025-08-13 09:01:17 2025-08-13T16:01:17.990Z daemon INFO time="2025-08-13T09:01:17-07:00" level=info msg="Monitor process started successfully!" monitor=serial-monitor
time="2025-08-13T09:01:17-07:00" level=info msg="sending command" command="HELLO 1 \"arduino-cli 1.2.0\"" monitor=serial-monitor
2025-08-13 09:01:17 2025-08-13T16:01:17.993Z daemon INFO time="2025-08-13T09:01:17-07:00" level=info msg="received message" error=false event_type=hello message=OK monitor=serial-monitor
time="2025-08-13T09:01:17-07:00" level=info msg="sending command" command=DESCRIBE monitor=serial-monitor
time="2025-08-13T09:01:17-07:00" level=info msg="received message" error=false event_type=describe message=OK monitor=serial-monitor
time="2025-08-13T09:01:17-07:00" level=info msg="sending command" command="CONFIGURE rts on" monitor=serial-monitor
time="2025-08-13T09:01:17-07:00" level=info msg="received message" error=false event_type=configure message=OK monitor=serial-monitor
time="2025-08-13T09:01:17-07:00" level=info msg="sending command" command="CONFIGURE stop_bits 1" monitor=serial-monitor
time="2025-08-13T09:01:17-07:00" level=info msg="received message" error=false event_type=configure message=OK monitor=serial-monitor
time="2025-08-13T09:01:17-07:00" level=info msg="sending command" command="CONFIGURE baudrate 115200" monitor=serial-monitor
time="2025-08-13T09:01:17-07:00" level=info msg="received message" error=false event_type=configure message=OK monitor=serial-monitor
time="2025-08-13T09:01:17-07:00" level=info msg="sending command" command="CONFIGURE bits 8" monitor=serial-monitor
time="2025-08-13T09:01:17-07:00" level=info msg="received message" error=false event_type=configure message=OK monitor=serial-monitor
time="2025-08-13T09:01:17-07:00" level=info msg="sending command" command="CONFIGURE dtr on" monitor=serial-monitor
time="2025-08-13T09:01:17-07:00" level=info msg="received message" error=false event_type=configure message=OK monitor=serial-monitor
time="2025-08-13T09:01:17-07:00" level=info msg="sending command" command="CONFIGURE parity none" monitor=serial-monitor
time="2025-08-13T09:01:17-07:00" level=info msg="received message" error=false event_type=configure message=OK monitor=serial-monitor
time="2025-08-13T09:01:17-07:00" level=info msg="sending command" command="OPEN 127.0.0.1:44261 /dev/ttyACM0" monitor=serial-monitor
time="2025-08-13T09:01:17-07:00" level=info msg="received message" error=true event_type=open message="Serial port busy" monitor=serial-monitor
time="2025-08-13T09:01:17-07:00" level=info msg="sending command" command=QUIT monitor=serial-monitor
time="2025-08-13T09:01:17-07:00" level=info msg="received message" error=false event_type=quit message=OK monitor=serial-monitor
time="2025-08-13T09:01:17-07:00" level=info msg="Killing monitor process" monitor=serial-monitor
time="2025-08-13T09:01:17-07:00" level=error msg="stopped decode loop: read |0: file already closed" monitor=serial-monitor
time="2025-08-13T09:01:17-07:00" level=info msg="Monitor process killed" monitor=serial-monitor
2025-08-13 09:01:17 2025-08-13T16:01:17.994Z monitor-service ERROR Error: 13 INTERNAL: Port monitor error: command 'open' failed: Serial port busy
    at t.callErrorFromStatus (/nix/store/2d5i1bzbqbnl4rgnhk8czrw5zmqqjdzv-arduino-ide-2.3.6-extracted/resources/app/lib/backend/main.js:2:987037)
    at Object.onReceiveStatus (/nix/store/2d5i1bzbqbnl4rgnhk8czrw5zmqqjdzv-arduino-ide-2.3.6-extracted/resources/app/lib/backend/main.js:2:3786743)
    at Object.onReceiveStatus (/nix/store/2d5i1bzbqbnl4rgnhk8czrw5zmqqjdzv-arduino-ide-2.3.6-extracted/resources/app/lib/backend/main.js:2:2216111)
    at /nix/store/2d5i1bzbqbnl4rgnhk8czrw5zmqqjdzv-arduino-ide-2.3.6-extracted/resources/app/lib/backend/main.js:2:4354680
    at process.processTicksAndRejections (node:internal/process/task_queues:77:11)
for call at
    at s.makeBidiStreamRequest (/nix/store/2d5i1bzbqbnl4rgnhk8czrw5zmqqjdzv-arduino-ide-2.3.6-extracted/resources/app/lib/backend/main.js:2:3786510)
    at s.monitor (/nix/store/2d5i1bzbqbnl4rgnhk8czrw5zmqqjdzv-arduino-ide-2.3.6-extracted/resources/app/lib/backend/main.js:2:3311624)
    at y.createDuplex (/nix/store/2d5i1bzbqbnl4rgnhk8czrw5zmqqjdzv-arduino-ide-2.3.6-extracted/resources/app/lib/backend/main.js:2:3732370)
    at process.processTicksAndRejections (node:internal/process/task_queues:95:5)
    at async /nix/store/2d5i1bzbqbnl4rgnhk8czrw5zmqqjdzv-arduino-ide-2.3.6-extracted/resources/app/lib/backend/main.js:2:3733698
    at async t.retry (/nix/store/2d5i1bzbqbnl4rgnhk8czrw5zmqqjdzv-arduino-ide-2.3.6-extracted/resources/app/lib/backend/main.js:2:2019631)
    at async y.start (/nix/store/2d5i1bzbqbnl4rgnhk8czrw5zmqqjdzv-arduino-ide-2.3.6-extracted/resources/app/lib/backend/main.js:2:3731251)
    at async u.startMonitor (/nix/store/2d5i1bzbqbnl4rgnhk8czrw5zmqqjdzv-arduino-ide-2.3.6-extracted/resources/app/lib/backend/main.js:2:239367)
    at async u.onRequest (/nix/store/2d5i1bzbqbnl4rgnhk8czrw5zmqqjdzv-arduino-ide-2.3.6-extracted/resources/app/lib/backend/main.js:2:4942944)
    at async c.handleRequest (/nix/store/2d5i1bzbqbnl4rgnhk8czrw5zmqqjdzv-arduino-ide-2.3.6-extracted/resources/app/lib/backend/main.js:2:524475)
2025-08-13 09:01:17 2025-08-13T16:01:17.994Z monitor-service INFO monitor to /dev/ttyACM0 using serial closed by server
2025-08-13 09:01:17 2025-08-13T16:01:17.994Z monitor-service INFO monitor to /dev/ttyACM0 using serial closed by client
2025-08-13 09:01:18 2025-08-13T16:01:18.028Z daemon INFO time="2025-08-13T09:01:18-07:00" level=info msg="Adding libraries dir" dir=/home/aaron/.arduino15/libraries isSingleLibrary=false location=ide
time="2025-08-13T09:01:18-07:00" level=info msg="Adding libraries dir" dir=/home/aaron/.arduino15/packages/esp32/hardware/esp32/3.3.0/libraries isSingleLibrary=false location=platform
time="2025-08-13T09:01:18-07:00" level=info msg="Adding libraries dir" dir=/home/aaron/Arduino/libraries isSingleLibrary=false location=user
2025-08-13 09:01:18 2025-08-13T16:01:18.126Z root INFO Starting language server: esp32:esp32:esp32s3:UploadSpeed=921600,USBMode=hwcdc,CDCOnBoot=default,MSCOnBoot=default,DFUOnBoot=default,UploadMode=default,CPUFreq=240,FlashMode=qio,FlashSize=4M,PartitionScheme=default,DebugLevel=none,PSRAM=disabled,LoopCore=1,EventsCore=1,EraseFlash=none,JTAGAdapter=default,ZigbeeMode=default
2025-08-13 09:01:19 2025-08-13T16:01:19.184Z daemon INFO time="2025-08-13T09:01:19-07:00" level=info msg="Resolving include TinyGPSPlus.h for arch esp32"
time="2025-08-13T09:01:19-07:00" level=info msg="  found better lib" lib=TinyGPSPlus-ESP32 prio=521
time="2025-08-13T09:01:19-07:00" level=info msg="  discarded" lib=TinyGPSPlusPlus prio=517
2025-08-13 09:01:19 2025-08-13T16:01:19.795Z daemon INFO time="2025-08-13T09:01:19-07:00" level=info msg="Resolving include WiFi.h for arch esp32"
time="2025-08-13T09:01:19-07:00" level=info msg="  found better lib" lib=WiFi prio=6B0
2025-08-13 09:01:19 2025-08-13T16:01:19.998Z daemon INFO time="2025-08-13T09:01:19-07:00" level=info msg="Starting monitor process" monitor=serial-monitor
2025-08-13 09:01:19 2025-08-13T16:01:19.999Z daemon INFO time="2025-08-13T09:01:19-07:00" level=info msg="Monitor process started successfully!" monitor=serial-monitor
time="2025-08-13T09:01:19-07:00" level=info msg="sending command" command="HELLO 1 \"arduino-cli 1.2.0\"" monitor=serial-monitor
2025-08-13 09:01:20 2025-08-13T16:01:20.001Z daemon INFO time="2025-08-13T09:01:20-07:00" level=info msg="received message" error=false event_type=hello message=OK monitor=serial-monitor
time="2025-08-13T09:01:20-07:00" level=info msg="sending command" command=DESCRIBE monitor=serial-monitor
2025-08-13 09:01:20 2025-08-13T16:01:20.001Z daemon INFO time="2025-08-13T09:01:20-07:00" level=info msg="received message" error=false event_type=describe message=OK monitor=serial-monitor
2025-08-13 09:01:20 2025-08-13T16:01:20.001Z daemon INFO time="2025-08-13T09:01:20-07:00" level=info msg="sending command" command="CONFIGURE rts on" monitor=serial-monitor
2025-08-13 09:01:20 2025-08-13T16:01:20.002Z daemon INFO time="2025-08-13T09:01:20-07:00" level=info msg="received message" error=false event_type=configure message=OK monitor=serial-monitor
2025-08-13 09:01:20 2025-08-13T16:01:20.002Z daemon INFO time="2025-08-13T09:01:20-07:00" level=info msg="sending command" command="CONFIGURE stop_bits 1" monitor=serial-monitor
2025-08-13 09:01:20 2025-08-13T16:01:20.002Z daemon INFO time="2025-08-13T09:01:20-07:00" level=info msg="received message" error=false event_type=configure message=OK monitor=serial-monitor
2025-08-13 09:01:20 2025-08-13T16:01:20.002Z daemon INFO time="2025-08-13T09:01:20-07:00" level=info msg="sending command" command="CONFIGURE baudrate 115200" monitor=serial-monitor
2025-08-13 09:01:20 2025-08-13T16:01:20.002Z daemon INFO time="2025-08-13T09:01:20-07:00" level=info msg="received message" error=false event_type=configure message=OK monitor=serial-monitor
time="2025-08-13T09:01:20-07:00" level=info msg="sending command" command="CONFIGURE bits 8" monitor=serial-monitor
2025-08-13 09:01:20 2025-08-13T16:01:20.002Z daemon INFO time="2025-08-13T09:01:20-07:00" level=info msg="received message" error=false event_type=configure message=OK monitor=serial-monitor
2025-08-13 09:01:20 2025-08-13T16:01:20.002Z daemon INFO time="2025-08-13T09:01:20-07:00" level=info msg="sending command" command="CONFIGURE dtr on" monitor=serial-monitor
2025-08-13 09:01:20 2025-08-13T16:01:20.002Z daemon INFO time="2025-08-13T09:01:20-07:00" level=info msg="received message" error=false event_type=configure message=OK monitor=serial-monitor
time="2025-08-13T09:01:20-07:00" level=info msg="sending command" command="CONFIGURE parity none" monitor=serial-monitor
2025-08-13 09:01:20 2025-08-13T16:01:20.002Z daemon INFO time="2025-08-13T09:01:20-07:00" level=info msg="received message" error=false event_type=configure message=OK monitor=serial-monitor
2025-08-13 09:01:20 2025-08-13T16:01:20.002Z daemon INFO time="2025-08-13T09:01:20-07:00" level=info msg="sending command" command="OPEN 127.0.0.1:37983 /dev/ttyACM0" monitor=serial-monitor
2025-08-13 09:01:20 2025-08-13T16:01:20.002Z daemon INFO time="2025-08-13T09:01:20-07:00" level=info msg="received message" error=true event_type=open message="Serial port busy" monitor=serial-monitor
2025-08-13 09:01:20 2025-08-13T16:01:20.002Z daemon INFO time="2025-08-13T09:01:20-07:00" level=info msg="sending command" command=QUIT monitor=serial-monitor
2025-08-13 09:01:20 2025-08-13T16:01:20.002Z daemon INFO time="2025-08-13T09:01:20-07:00" level=info msg="received message" error=false event_type=quit message=OK monitor=serial-monitor
2025-08-13 09:01:20 2025-08-13T16:01:20.003Z daemon INFO time="2025-08-13T09:01:20-07:00" level=info msg="Killing monitor process" monitor=serial-monitor
2025-08-13 09:01:20 2025-08-13T16:01:20.003Z daemon INFO time="2025-08-13T09:01:20-07:00" level=error msg="stopped decode loop: EOF" monitor=serial-monitor
2025-08-13 09:01:20 2025-08-13T16:01:20.003Z daemon INFO time="2025-08-13T09:01:20-07:00" level=info msg="Monitor process killed" monitor=serial-monitor
2025-08-13 09:01:20 2025-08-13T16:01:20.004Z monitor-service ERROR Error: 13 INTERNAL: Port monitor error: command 'open' failed: Serial port busy
    at t.callErrorFromStatus (/nix/store/2d5i1bzbqbnl4rgnhk8czrw5zmqqjdzv-arduino-ide-2.3.6-extracted/resources/app/lib/backend/main.js:2:987037)
    at Object.onReceiveStatus (/nix/store/2d5i1bzbqbnl4rgnhk8czrw5zmqqjdzv-arduino-ide-2.3.6-extracted/resources/app/lib/backend/main.js:2:3786743)
    at Object.onReceiveStatus (/nix/store/2d5i1bzbqbnl4rgnhk8czrw5zmqqjdzv-arduino-ide-2.3.6-extracted/resources/app/lib/backend/main.js:2:2216111)
    at /nix/store/2d5i1bzbqbnl4rgnhk8czrw5zmqqjdzv-arduino-ide-2.3.6-extracted/resources/app/lib/backend/main.js:2:4354680
    at process.processTicksAndRejections (node:internal/process/task_queues:77:11)
for call at
    at s.makeBidiStreamRequest (/nix/store/2d5i1bzbqbnl4rgnhk8czrw5zmqqjdzv-arduino-ide-2.3.6-extracted/resources/app/lib/backend/main.js:2:3786510)
    at s.monitor (/nix/store/2d5i1bzbqbnl4rgnhk8czrw5zmqqjdzv-arduino-ide-2.3.6-extracted/resources/app/lib/backend/main.js:2:3311624)
    at y.createDuplex (/nix/store/2d5i1bzbqbnl4rgnhk8czrw5zmqqjdzv-arduino-ide-2.3.6-extracted/resources/app/lib/backend/main.js:2:3732370)
    at async /nix/store/2d5i1bzbqbnl4rgnhk8czrw5zmqqjdzv-arduino-ide-2.3.6-extracted/resources/app/lib/backend/main.js:2:3733698
    at async t.retry (/nix/store/2d5i1bzbqbnl4rgnhk8czrw5zmqqjdzv-arduino-ide-2.3.6-extracted/resources/app/lib/backend/main.js:2:2019631)
    at async y.start (/nix/store/2d5i1bzbqbnl4rgnhk8czrw5zmqqjdzv-arduino-ide-2.3.6-extracted/resources/app/lib/backend/main.js:2:3731251)
    at async u.startMonitor (/nix/store/2d5i1bzbqbnl4rgnhk8czrw5zmqqjdzv-arduino-ide-2.3.6-extracted/resources/app/lib/backend/main.js:2:239367)
    at async u.onRequest (/nix/store/2d5i1bzbqbnl4rgnhk8czrw5zmqqjdzv-arduino-ide-2.3.6-extracted/resources/app/lib/backend/main.js:2:4942944)
    at async c.handleRequest (/nix/store/2d5i1bzbqbnl4rgnhk8czrw5zmqqjdzv-arduino-ide-2.3.6-extracted/resources/app/lib/backend/main.js:2:524475)
2025-08-13 09:01:20 2025-08-13T16:01:20.004Z monitor-service INFO monitor to /dev/ttyACM0 using serial closed by server
2025-08-13 09:01:20 2025-08-13T16:01:20.004Z monitor-service INFO monitor to /dev/ttyACM0 using serial closed by client
2025-08-13 09:01:20 2025-08-13T16:01:20.010Z root WARN Widget was activated, but did not accept focus after 2000ms: serial-monitor
2025-08-13 09:01:20 2025-08-13T16:01:20.380Z daemon INFO time="2025-08-13T09:01:20-07:00" level=info msg="Resolving include Network.h for arch esp32"
time="2025-08-13T09:01:20-07:00" level=info msg="  found better lib" lib=Networking prio=64C
2025-08-13 09:01:21 2025-08-13T16:01:21.295Z daemon INFO time="2025-08-13T09:01:21-07:00" level=info msg="Resolving include BLEDevice.h for arch esp32"
time="2025-08-13T09:01:21-07:00" level=info msg="  found better lib" lib=BLE prio=3F4
2025-08-13 09:01:22 2025-08-13T16:01:22.006Z daemon INFO time="2025-08-13T09:01:22-07:00" level=info msg="Starting monitor process" monitor=serial-monitor
2025-08-13 09:01:22 2025-08-13T16:01:22.007Z daemon INFO time="2025-08-13T09:01:22-07:00" level=info msg="Monitor process started successfully!" monitor=serial-monitor
time="2025-08-13T09:01:22-07:00" level=info msg="sending command" command="HELLO 1 \"arduino-cli 1.2.0\"" monitor=serial-monitor
2025-08-13 09:01:22 2025-08-13T16:01:22.010Z daemon INFO time="2025-08-13T09:01:22-07:00" level=info msg="received message" error=false event_type=hello message=OK monitor=serial-monitor
time="2025-08-13T09:01:22-07:00" level=info msg="sending command" command=DESCRIBE monitor=serial-monitor
2025-08-13 09:01:22 2025-08-13T16:01:22.010Z daemon INFO time="2025-08-13T09:01:22-07:00" level=info msg="received message" error=false event_type=describe message=OK monitor=serial-monitor
time="2025-08-13T09:01:22-07:00" level=info msg="sending command" command="CONFIGURE rts on" monitor=serial-monitor
time="2025-08-13T09:01:22-07:00" level=info msg="received message" error=false event_type=configure message=OK monitor=serial-monitor
time="2025-08-13T09:01:22-07:00" level=info msg="sending command" command="CONFIGURE stop_bits 1" monitor=serial-monitor
2025-08-13 09:01:22 2025-08-13T16:01:22.010Z daemon INFO time="2025-08-13T09:01:22-07:00" level=info msg="received message" error=false event_type=configure message=OK monitor=serial-monitor
time="2025-08-13T09:01:22-07:00" level=info msg="sending command" command="CONFIGURE baudrate 115200" monitor=serial-monitor
2025-08-13 09:01:22 2025-08-13T16:01:22.011Z daemon INFO time="2025-08-13T09:01:22-07:00" level=info msg="received message" error=false event_type=configure message=OK monitor=serial-monitor
time="2025-08-13T09:01:22-07:00" level=info msg="sending command" command="CONFIGURE bits 8" monitor=serial-monitor
time="2025-08-13T09:01:22-07:00" level=info msg="received message" error=false event_type=configure message=OK monitor=serial-monitor
time="2025-08-13T09:01:22-07:00" level=info msg="sending command" command="CONFIGURE dtr on" monitor=serial-monitor
time="2025-08-13T09:01:22-07:00" level=info msg="received message" error=false event_type=configure message=OK monitor=serial-monitor
time="2025-08-13T09:01:22-07:00" level=info msg="sending command" command="CONFIGURE parity none" monitor=serial-monitor
2025-08-13 09:01:22 2025-08-13T16:01:22.011Z daemon INFO time="2025-08-13T09:01:22-07:00" level=info msg="received message" error=false event_type=configure message=OK monitor=serial-monitor
2025-08-13 09:01:22 2025-08-13T16:01:22.011Z daemon INFO time="2025-08-13T09:01:22-07:00" level=info msg="sending command" command="OPEN 127.0.0.1:33579 /dev/ttyACM0" monitor=serial-monitor
time="2025-08-13T09:01:22-07:00" level=info msg="received message" error=true event_type=open message="Serial port busy" monitor=serial-monitor
time="2025-08-13T09:01:22-07:00" level=info msg="sending command" command=QUIT monitor=serial-monitor
time="2025-08-13T09:01:22-07:00" level=info msg="received message" error=false event_type=quit message=OK monitor=serial-monitor
2025-08-13 09:01:22 2025-08-13T16:01:22.011Z daemon INFO time="2025-08-13T09:01:22-07:00" level=info msg="Killing monitor process" monitor=serial-monitor
2025-08-13 09:01:22 2025-08-13T16:01:22.012Z daemon INFO time="2025-08-13T09:01:22-07:00" level=error msg="stopped decode loop: EOF" monitor=serial-monitor
time="2025-08-13T09:01:22-07:00" level=info msg="Monitor process killed" monitor=serial-monitor
2025-08-13 09:01:22 2025-08-13T16:01:22.013Z monitor-service ERROR Error: 13 INTERNAL: Port monitor error: command 'open' failed: Serial port busy
    at t.callErrorFromStatus (/nix/store/2d5i1bzbqbnl4rgnhk8czrw5zmqqjdzv-arduino-ide-2.3.6-extracted/resources/app/lib/backend/main.js:2:987037)
    at Object.onReceiveStatus (/nix/store/2d5i1bzbqbnl4rgnhk8czrw5zmqqjdzv-arduino-ide-2.3.6-extracted/resources/app/lib/backend/main.js:2:3786743)
    at Object.onReceiveStatus (/nix/store/2d5i1bzbqbnl4rgnhk8czrw5zmqqjdzv-arduino-ide-2.3.6-extracted/resources/app/lib/backend/main.js:2:2216111)
    at /nix/store/2d5i1bzbqbnl4rgnhk8czrw5zmqqjdzv-arduino-ide-2.3.6-extracted/resources/app/lib/backend/main.js:2:4354680
    at process.processTicksAndRejections (node:internal/process/task_queues:77:11)
for call at
    at s.makeBidiStreamRequest (/nix/store/2d5i1bzbqbnl4rgnhk8czrw5zmqqjdzv-arduino-ide-2.3.6-extracted/resources/app/lib/backend/main.js:2:3786510)
    at s.monitor (/nix/store/2d5i1bzbqbnl4rgnhk8czrw5zmqqjdzv-arduino-ide-2.3.6-extracted/resources/app/lib/backend/main.js:2:3311624)
    at y.createDuplex (/nix/store/2d5i1bzbqbnl4rgnhk8czrw5zmqqjdzv-arduino-ide-2.3.6-extracted/resources/app/lib/backend/main.js:2:3732370)
    at async /nix/store/2d5i1bzbqbnl4rgnhk8czrw5zmqqjdzv-arduino-ide-2.3.6-extracted/resources/app/lib/backend/main.js:2:3733698
    at async t.retry (/nix/store/2d5i1bzbqbnl4rgnhk8czrw5zmqqjdzv-arduino-ide-2.3.6-extracted/resources/app/lib/backend/main.js:2:2019631)
    at async y.start (/nix/store/2d5i1bzbqbnl4rgnhk8czrw5zmqqjdzv-arduino-ide-2.3.6-extracted/resources/app/lib/backend/main.js:2:3731251)
    at async u.startMonitor (/nix/store/2d5i1bzbqbnl4rgnhk8czrw5zmqqjdzv-arduino-ide-2.3.6-extracted/resources/app/lib/backend/main.js:2:239367)
    at async u.onRequest (/nix/store/2d5i1bzbqbnl4rgnhk8czrw5zmqqjdzv-arduino-ide-2.3.6-extracted/resources/app/lib/backend/main.js:2:4942944)
    at async c.handleRequest (/nix/store/2d5i1bzbqbnl4rgnhk8czrw5zmqqjdzv-arduino-ide-2.3.6-extracted/resources/app/lib/backend/main.js:2:524475)
2025-08-13 09:01:22 2025-08-13T16:01:22.013Z monitor-service INFO monitor to /dev/ttyACM0 using serial closed by server
2025-08-13 09:01:22 2025-08-13T16:01:22.013Z monitor-service INFO monitor to /dev/ttyACM0 using serial closed by client
2025-08-13 09:01:24 2025-08-13T16:01:24.016Z daemon INFO time="2025-08-13T09:01:24-07:00" level=info msg="Starting monitor process" monitor=serial-monitor
2025-08-13 09:01:24 2025-08-13T16:01:24.017Z daemon INFO time="2025-08-13T09:01:24-07:00" level=info msg="Monitor process started successfully!" monitor=serial-monitor
time="2025-08-13T09:01:24-07:00" level=info msg="sending command" command="HELLO 1 \"arduino-cli 1.2.0\"" monitor=serial-monitor
2025-08-13 09:01:24 2025-08-13T16:01:24.020Z daemon INFO time="2025-08-13T09:01:24-07:00" level=info msg="received message" error=false event_type=hello message=OK monitor=serial-monitor
time="2025-08-13T09:01:24-07:00" level=info msg="sending command" command=DESCRIBE monitor=serial-monitor
2025-08-13 09:01:24 2025-08-13T16:01:24.020Z daemon INFO time="2025-08-13T09:01:24-07:00" level=info msg="received message" error=false event_type=describe message=OK monitor=serial-monitor
time="2025-08-13T09:01:24-07:00" level=info msg="sending command" command="CONFIGURE rts on" monitor=serial-monitor
2025-08-13 09:01:24 2025-08-13T16:01:24.020Z daemon INFO time="2025-08-13T09:01:24-07:00" level=info msg="received message" error=false event_type=configure message=OK monitor=serial-monitor
2025-08-13 09:01:24 2025-08-13T16:01:24.020Z daemon INFO time="2025-08-13T09:01:24-07:00" level=info msg="sending command" command="CONFIGURE stop_bits 1" monitor=serial-monitor
2025-08-13 09:01:24 2025-08-13T16:01:24.020Z daemon INFO time="2025-08-13T09:01:24-07:00" level=info msg="received message" error=false event_type=configure message=OK monitor=serial-monitor
time="2025-08-13T09:01:24-07:00" level=info msg="sending command" command="CONFIGURE baudrate 115200" monitor=serial-monitor
2025-08-13 09:01:24 2025-08-13T16:01:24.021Z daemon INFO time="2025-08-13T09:01:24-07:00" level=info msg="received message" error=false event_type=configure message=OK monitor=serial-monitor
2025-08-13 09:01:24 2025-08-13T16:01:24.021Z daemon INFO time="2025-08-13T09:01:24-07:00" level=info msg="sending command" command="CONFIGURE bits 8" monitor=serial-monitor
2025-08-13 09:01:24 2025-08-13T16:01:24.021Z daemon INFO time="2025-08-13T09:01:24-07:00" level=info msg="received message" error=false event_type=configure message=OK monitor=serial-monitor
time="2025-08-13T09:01:24-07:00" level=info msg="sending command" command="CONFIGURE dtr on" monitor=serial-monitor
2025-08-13 09:01:24 2025-08-13T16:01:24.021Z daemon INFO time="2025-08-13T09:01:24-07:00" level=info msg="received message" error=false event_type=configure message=OK monitor=serial-monitor
2025-08-13 09:01:24 2025-08-13T16:01:24.021Z daemon INFO time="2025-08-13T09:01:24-07:00" level=info msg="sending command" command="CONFIGURE parity none" monitor=serial-monitor
time="2025-08-13T09:01:24-07:00" level=info msg="received message" error=false event_type=configure message=OK monitor=serial-monitor
2025-08-13 09:01:24 2025-08-13T16:01:24.021Z daemon INFO time="2025-08-13T09:01:24-07:00" level=info msg="sending command" command="OPEN 127.0.0.1:36305 /dev/ttyACM0" monitor=serial-monitor
2025-08-13 09:01:24 2025-08-13T16:01:24.021Z daemon INFO time="2025-08-13T09:01:24-07:00" level=info msg="received message" error=true event_type=open message="Serial port busy" monitor=serial-monitor
2025-08-13 09:01:24 2025-08-13T16:01:24.021Z daemon INFO time="2025-08-13T09:01:24-07:00" level=info msg="sending command" command=QUIT monitor=serial-monitor
2025-08-13 09:01:24 2025-08-13T16:01:24.021Z daemon INFO time="2025-08-13T09:01:24-07:00" level=info msg="received message" error=false event_type=quit message=OK monitor=serial-monitor
time="2025-08-13T09:01:24-07:00" level=info msg="Killing monitor process" monitor=serial-monitor
2025-08-13 09:01:24 2025-08-13T16:01:24.022Z daemon INFO time="2025-08-13T09:01:24-07:00" level=error msg="stopped decode loop: EOF" monitor=serial-monitor
2025-08-13 09:01:24 2025-08-13T16:01:24.022Z daemon INFO time="2025-08-13T09:01:24-07:00" level=info msg="Monitor process killed" monitor=serial-monitor
2025-08-13 09:01:24 2025-08-13T16:01:24.023Z monitor-service ERROR Error: 13 INTERNAL: Port monitor error: command 'open' failed: Serial port busy
    at t.callErrorFromStatus (/nix/store/2d5i1bzbqbnl4rgnhk8czrw5zmqqjdzv-arduino-ide-2.3.6-extracted/resources/app/lib/backend/main.js:2:987037)
    at Object.onReceiveStatus (/nix/store/2d5i1bzbqbnl4rgnhk8czrw5zmqqjdzv-arduino-ide-2.3.6-extracted/resources/app/lib/backend/main.js:2:3786743)
    at Object.onReceiveStatus (/nix/store/2d5i1bzbqbnl4rgnhk8czrw5zmqqjdzv-arduino-ide-2.3.6-extracted/resources/app/lib/backend/main.js:2:2216111)
    at /nix/store/2d5i1bzbqbnl4rgnhk8czrw5zmqqjdzv-arduino-ide-2.3.6-extracted/resources/app/lib/backend/main.js:2:4354680
    at process.processTicksAndRejections (node:internal/process/task_queues:77:11)
for call at
    at s.makeBidiStreamRequest (/nix/store/2d5i1bzbqbnl4rgnhk8czrw5zmqqjdzv-arduino-ide-2.3.6-extracted/resources/app/lib/backend/main.js:2:3786510)
    at s.monitor (/nix/store/2d5i1bzbqbnl4rgnhk8czrw5zmqqjdzv-arduino-ide-2.3.6-extracted/resources/app/lib/backend/main.js:2:3311624)
    at y.createDuplex (/nix/store/2d5i1bzbqbnl4rgnhk8czrw5zmqqjdzv-arduino-ide-2.3.6-extracted/resources/app/lib/backend/main.js:2:3732370)
    at async /nix/store/2d5i1bzbqbnl4rgnhk8czrw5zmqqjdzv-arduino-ide-2.3.6-extracted/resources/app/lib/backend/main.js:2:3733698
    at async t.retry (/nix/store/2d5i1bzbqbnl4rgnhk8czrw5zmqqjdzv-arduino-ide-2.3.6-extracted/resources/app/lib/backend/main.js:2:2019631)
    at async y.start (/nix/store/2d5i1bzbqbnl4rgnhk8czrw5zmqqjdzv-arduino-ide-2.3.6-extracted/resources/app/lib/backend/main.js:2:3731251)
    at async u.startMonitor (/nix/store/2d5i1bzbqbnl4rgnhk8czrw5zmqqjdzv-arduino-ide-2.3.6-extracted/resources/app/lib/backend/main.js:2:239367)
    at async u.onRequest (/nix/store/2d5i1bzbqbnl4rgnhk8czrw5zmqqjdzv-arduino-ide-2.3.6-extracted/resources/app/lib/backend/main.js:2:4942944)
    at async c.handleRequest (/nix/store/2d5i1bzbqbnl4rgnhk8czrw5zmqqjdzv-arduino-ide-2.3.6-extracted/resources/app/lib/backend/main.js:2:524475)
2025-08-13 09:01:24 2025-08-13T16:01:24.023Z monitor-service INFO monitor to /dev/ttyACM0 using serial closed by server
2025-08-13 09:01:24 2025-08-13T16:01:24.023Z monitor-service INFO monitor to /dev/ttyACM0 using serial closed by client
2025-08-13 09:01:26 2025-08-13T16:01:26.026Z daemon INFO time="2025-08-13T09:01:26-07:00" level=info msg="Starting monitor process" monitor=serial-monitor
2025-08-13 09:01:26 2025-08-13T16:01:26.026Z daemon INFO time="2025-08-13T09:01:26-07:00" level=info msg="Monitor process started successfully!" monitor=serial-monitor
time="2025-08-13T09:01:26-07:00" level=info msg="sending command" command="HELLO 1 \"arduino-cli 1.2.0\"" monitor=serial-monitor
2025-08-13 09:01:26 2025-08-13T16:01:26.029Z daemon INFO time="2025-08-13T09:01:26-07:00" level=info msg="received message" error=false event_type=hello message=OK monitor=serial-monitor
time="2025-08-13T09:01:26-07:00" level=info msg="sending command" command=DESCRIBE monitor=serial-monitor
2025-08-13 09:01:26 2025-08-13T16:01:26.030Z daemon INFO time="2025-08-13T09:01:26-07:00" level=info msg="received message" error=false event_type=describe message=OK monitor=serial-monitor
2025-08-13 09:01:26 2025-08-13T16:01:26.030Z daemon INFO time="2025-08-13T09:01:26-07:00" level=info msg="sending command" command="CONFIGURE rts on" monitor=serial-monitor
2025-08-13 09:01:26 2025-08-13T16:01:26.030Z daemon INFO time="2025-08-13T09:01:26-07:00" level=info msg="received message" error=false event_type=configure message=OK monitor=serial-monitor
2025-08-13 09:01:26 2025-08-13T16:01:26.030Z daemon INFO time="2025-08-13T09:01:26-07:00" level=info msg="sending command" command="CONFIGURE stop_bits 1" monitor=serial-monitor
2025-08-13 09:01:26 2025-08-13T16:01:26.030Z daemon INFO time="2025-08-13T09:01:26-07:00" level=info msg="received message" error=false event_type=configure message=OK monitor=serial-monitor
2025-08-13 09:01:26 2025-08-13T16:01:26.030Z daemon INFO time="2025-08-13T09:01:26-07:00" level=info msg="sending command" command="CONFIGURE baudrate 115200" monitor=serial-monitor
2025-08-13 09:01:26 2025-08-13T16:01:26.030Z daemon INFO time="2025-08-13T09:01:26-07:00" level=info msg="received message" error=false event_type=configure message=OK monitor=serial-monitor
time="2025-08-13T09:01:26-07:00" level=info msg="sending command" command="CONFIGURE bits 8" monitor=serial-monitor
2025-08-13 09:01:26 2025-08-13T16:01:26.030Z daemon INFO time="2025-08-13T09:01:26-07:00" level=info msg="received message" error=false event_type=configure message=OK monitor=serial-monitor
2025-08-13 09:01:26 2025-08-13T16:01:26.030Z daemon INFO time="2025-08-13T09:01:26-07:00" level=info msg="sending command" command="CONFIGURE dtr on" monitor=serial-monitor
2025-08-13 09:01:26 2025-08-13T16:01:26.030Z daemon INFO time="2025-08-13T09:01:26-07:00" level=info msg="received message" error=false event_type=configure message=OK monitor=serial-monitor
time="2025-08-13T09:01:26-07:00" level=info msg="sending command" command="CONFIGURE parity none" monitor=serial-monitor
2025-08-13 09:01:26 2025-08-13T16:01:26.030Z daemon INFO time="2025-08-13T09:01:26-07:00" level=info msg="received message" error=false event_type=configure message=OK monitor=serial-monitor
2025-08-13 09:01:26 2025-08-13T16:01:26.031Z daemon INFO time="2025-08-13T09:01:26-07:00" level=info msg="sending command" command="OPEN 127.0.0.1:38809 /dev/ttyACM0" monitor=serial-monitor
2025-08-13 09:01:26 2025-08-13T16:01:26.031Z daemon INFO time="2025-08-13T09:01:26-07:00" level=info msg="received message" error=true event_type=open message="Serial port busy" monitor=serial-monitor
2025-08-13 09:01:26 2025-08-13T16:01:26.031Z daemon INFO time="2025-08-13T09:01:26-07:00" level=info msg="sending command" command=QUIT monitor=serial-monitor
2025-08-13 09:01:26 2025-08-13T16:01:26.031Z daemon INFO time="2025-08-13T09:01:26-07:00" level=info msg="received message" error=false event_type=quit message=OK monitor=serial-monitor
2025-08-13 09:01:26 2025-08-13T16:01:26.031Z daemon INFO time="2025-08-13T09:01:26-07:00" level=info msg="Killing monitor process" monitor=serial-monitor
2025-08-13 09:01:26 2025-08-13T16:01:26.031Z daemon INFO time="2025-08-13T09:01:26-07:00" level=error msg="stopped decode loop: EOF" monitor=serial-monitor
time="2025-08-13T09:01:26-07:00" level=info msg="Monitor process killed" monitor=serial-monitor
2025-08-13 09:01:26 2025-08-13T16:01:26.032Z monitor-service ERROR Error: 13 INTERNAL: Port monitor error: command 'open' failed: Serial port busy
    at t.callErrorFromStatus (/nix/store/2d5i1bzbqbnl4rgnhk8czrw5zmqqjdzv-arduino-ide-2.3.6-extracted/resources/app/lib/backend/main.js:2:987037)
    at Object.onReceiveStatus (/nix/store/2d5i1bzbqbnl4rgnhk8czrw5zmqqjdzv-arduino-ide-2.3.6-extracted/resources/app/lib/backend/main.js:2:3786743)
    at Object.onReceiveStatus (/nix/store/2d5i1bzbqbnl4rgnhk8czrw5zmqqjdzv-arduino-ide-2.3.6-extracted/resources/app/lib/backend/main.js:2:2216111)
    at /nix/store/2d5i1bzbqbnl4rgnhk8czrw5zmqqjdzv-arduino-ide-2.3.6-extracted/resources/app/lib/backend/main.js:2:4354680
    at process.processTicksAndRejections (node:internal/process/task_queues:77:11)
for call at
    at s.makeBidiStreamRequest (/nix/store/2d5i1bzbqbnl4rgnhk8czrw5zmqqjdzv-arduino-ide-2.3.6-extracted/resources/app/lib/backend/main.js:2:3786510)
    at s.monitor (/nix/store/2d5i1bzbqbnl4rgnhk8czrw5zmqqjdzv-arduino-ide-2.3.6-extracted/resources/app/lib/backend/main.js:2:3311624)
    at y.createDuplex (/nix/store/2d5i1bzbqbnl4rgnhk8czrw5zmqqjdzv-arduino-ide-2.3.6-extracted/resources/app/lib/backend/main.js:2:3732370)
    at async /nix/store/2d5i1bzbqbnl4rgnhk8czrw5zmqqjdzv-arduino-ide-2.3.6-extracted/resources/app/lib/backend/main.js:2:3733698
    at async t.retry (/nix/store/2d5i1bzbqbnl4rgnhk8czrw5zmqqjdzv-arduino-ide-2.3.6-extracted/resources/app/lib/backend/main.js:2:2019631)
    at async y.start (/nix/store/2d5i1bzbqbnl4rgnhk8czrw5zmqqjdzv-arduino-ide-2.3.6-extracted/resources/app/lib/backend/main.js:2:3731251)
    at async u.startMonitor (/nix/store/2d5i1bzbqbnl4rgnhk8czrw5zmqqjdzv-arduino-ide-2.3.6-extracted/resources/app/lib/backend/main.js:2:239367)
    at async u.onRequest (/nix/store/2d5i1bzbqbnl4rgnhk8czrw5zmqqjdzv-arduino-ide-2.3.6-extracted/resources/app/lib/backend/main.js:2:4942944)
    at async c.handleRequest (/nix/store/2d5i1bzbqbnl4rgnhk8czrw5zmqqjdzv-arduino-ide-2.3.6-extracted/resources/app/lib/backend/main.js:2:524475)
2025-08-13 09:01:26 2025-08-13T16:01:26.032Z monitor-service INFO monitor to /dev/ttyACM0 using serial closed by server
2025-08-13 09:01:26 2025-08-13T16:01:26.032Z monitor-service INFO monitor to /dev/ttyACM0 using serial closed by client
2025-08-13 09:01:26 2025-08-13T16:01:26.423Z daemon INFO time="2025-08-13T09:01:26-07:00" level=info msg="Adding libraries dir" dir=/home/aaron/.arduino15/libraries isSingleLibrary=false location=ide
2025-08-13 09:01:26 2025-08-13T16:01:26.423Z daemon INFO time="2025-08-13T09:01:26-07:00" level=info msg="Adding libraries dir" dir=/home/aaron/.arduino15/packages/esp32/hardware/esp32/3.3.0/libraries isSingleLibrary=false location=platform
time="2025-08-13T09:01:26-07:00" level=info msg="Adding libraries dir" dir=/home/aaron/Arduino/libraries isSingleLibrary=false location=user
2025-08-13 09:01:28 2025-08-13T16:01:28.037Z daemon INFO time="2025-08-13T09:01:28-07:00" level=info msg="Starting monitor process" monitor=serial-monitor
2025-08-13 09:01:28 2025-08-13T16:01:28.042Z daemon INFO time="2025-08-13T09:01:28-07:00" level=info msg="Monitor process started successfully!" monitor=serial-monitor
time="2025-08-13T09:01:28-07:00" level=info msg="sending command" command="HELLO 1 \"arduino-cli 1.2.0\"" monitor=serial-monitor
time="2025-08-13T09:01:28-07:00" level=info msg="received message" error=false event_type=hello message=OK monitor=serial-monitor
2025-08-13 09:01:28 2025-08-13T16:01:28.042Z daemon INFO time="2025-08-13T09:01:28-07:00" level=info msg="sending command" command=DESCRIBE monitor=serial-monitor
2025-08-13 09:01:28 2025-08-13T16:01:28.043Z daemon INFO time="2025-08-13T09:01:28-07:00" level=info msg="received message" error=false event_type=describe message=OK monitor=serial-monitor
time="2025-08-13T09:01:28-07:00" level=info msg="sending command" command="CONFIGURE rts on" monitor=serial-monitor
2025-08-13 09:01:28 2025-08-13T16:01:28.044Z daemon INFO time="2025-08-13T09:01:28-07:00" level=info msg="received message" error=false event_type=configure message=OK monitor=serial-monitor
time="2025-08-13T09:01:28-07:00" level=info msg="sending command" command="CONFIGURE stop_bits 1" monitor=serial-monitor
2025-08-13 09:01:28 2025-08-13T16:01:28.044Z daemon INFO time="2025-08-13T09:01:28-07:00" level=info msg="received message" error=false event_type=configure message=OK monitor=serial-monitor
time="2025-08-13T09:01:28-07:00" level=info msg="sending command" command="CONFIGURE baudrate 115200" monitor=serial-monitor
time="2025-08-13T09:01:28-07:00" level=info msg="received message" error=false event_type=configure message=OK monitor=serial-monitor
2025-08-13 09:01:28 2025-08-13T16:01:28.044Z daemon INFO time="2025-08-13T09:01:28-07:00" level=info msg="sending command" command="CONFIGURE bits 8" monitor=serial-monitor
2025-08-13 09:01:28 2025-08-13T16:01:28.044Z daemon INFO time="2025-08-13T09:01:28-07:00" level=info msg="received message" error=false event_type=configure message=OK monitor=serial-monitor
time="2025-08-13T09:01:28-07:00" level=info msg="sending command" command="CONFIGURE dtr on" monitor=serial-monitor
2025-08-13 09:01:28 2025-08-13T16:01:28.044Z daemon INFO time="2025-08-13T09:01:28-07:00" level=info msg="received message" error=false event_type=configure message=OK monitor=serial-monitor
2025-08-13 09:01:28 2025-08-13T16:01:28.044Z daemon INFO time="2025-08-13T09:01:28-07:00" level=info msg="sending command" command="CONFIGURE parity none" monitor=serial-monitor
2025-08-13 09:01:28 2025-08-13T16:01:28.044Z daemon INFO time="2025-08-13T09:01:28-07:00" level=info msg="received message" error=false event_type=configure message=OK monitor=serial-monitor
2025-08-13 09:01:28 2025-08-13T16:01:28.044Z daemon INFO time="2025-08-13T09:01:28-07:00" level=info msg="sending command" command="OPEN 127.0.0.1:38171 /dev/ttyACM0" monitor=serial-monitor
2025-08-13 09:01:28 2025-08-13T16:01:28.044Z daemon INFO time="2025-08-13T09:01:28-07:00" level=info msg="received message" error=true event_type=open message="Serial port busy" monitor=serial-monitor
2025-08-13 09:01:28 2025-08-13T16:01:28.044Z daemon INFO time="2025-08-13T09:01:28-07:00" level=info msg="sending command" command=QUIT monitor=serial-monitor
2025-08-13 09:01:28 2025-08-13T16:01:28.044Z daemon INFO time="2025-08-13T09:01:28-07:00" level=info msg="received message" error=false event_type=quit message=OK monitor=serial-monitor
2025-08-13 09:01:28 2025-08-13T16:01:28.045Z daemon INFO time="2025-08-13T09:01:28-07:00" level=info msg="Killing monitor process" monitor=serial-monitor
2025-08-13 09:01:28 2025-08-13T16:01:28.045Z daemon INFO time="2025-08-13T09:01:28-07:00" level=error msg="stopped decode loop: EOF" monitor=serial-monitor
time="2025-08-13T09:01:28-07:00" level=info msg="Monitor process killed" monitor=serial-monitor
2025-08-13 09:01:28 2025-08-13T16:01:28.046Z monitor-service ERROR Error: 13 INTERNAL: Port monitor error: command 'open' failed: Serial port busy
    at t.callErrorFromStatus (/nix/store/2d5i1bzbqbnl4rgnhk8czrw5zmqqjdzv-arduino-ide-2.3.6-extracted/resources/app/lib/backend/main.js:2:987037)
    at Object.onReceiveStatus (/nix/store/2d5i1bzbqbnl4rgnhk8czrw5zmqqjdzv-arduino-ide-2.3.6-extracted/resources/app/lib/backend/main.js:2:3786743)
    at Object.onReceiveStatus (/nix/store/2d5i1bzbqbnl4rgnhk8czrw5zmqqjdzv-arduino-ide-2.3.6-extracted/resources/app/lib/backend/main.js:2:2216111)
    at /nix/store/2d5i1bzbqbnl4rgnhk8czrw5zmqqjdzv-arduino-ide-2.3.6-extracted/resources/app/lib/backend/main.js:2:4354680
    at process.processTicksAndRejections (node:internal/process/task_queues:77:11)
for call at
    at s.makeBidiStreamRequest (/nix/store/2d5i1bzbqbnl4rgnhk8czrw5zmqqjdzv-arduino-ide-2.3.6-extracted/resources/app/lib/backend/main.js:2:3786510)
    at s.monitor (/nix/store/2d5i1bzbqbnl4rgnhk8czrw5zmqqjdzv-arduino-ide-2.3.6-extracted/resources/app/lib/backend/main.js:2:3311624)
    at y.createDuplex (/nix/store/2d5i1bzbqbnl4rgnhk8czrw5zmqqjdzv-arduino-ide-2.3.6-extracted/resources/app/lib/backend/main.js:2:3732370)
    at async /nix/store/2d5i1bzbqbnl4rgnhk8czrw5zmqqjdzv-arduino-ide-2.3.6-extracted/resources/app/lib/backend/main.js:2:3733698
    at async t.retry (/nix/store/2d5i1bzbqbnl4rgnhk8czrw5zmqqjdzv-arduino-ide-2.3.6-extracted/resources/app/lib/backend/main.js:2:2019631)
    at async y.start (/nix/store/2d5i1bzbqbnl4rgnhk8czrw5zmqqjdzv-arduino-ide-2.3.6-extracted/resources/app/lib/backend/main.js:2:3731251)
    at async u.startMonitor (/nix/store/2d5i1bzbqbnl4rgnhk8czrw5zmqqjdzv-arduino-ide-2.3.6-extracted/resources/app/lib/backend/main.js:2:239367)
    at async u.onRequest (/nix/store/2d5i1bzbqbnl4rgnhk8czrw5zmqqjdzv-arduino-ide-2.3.6-extracted/resources/app/lib/backend/main.js:2:4942944)
    at async c.handleRequest (/nix/store/2d5i1bzbqbnl4rgnhk8czrw5zmqqjdzv-arduino-ide-2.3.6-extracted/resources/app/lib/backend/main.js:2:524475)
2025-08-13 09:01:28 2025-08-13T16:01:28.046Z monitor-service INFO monitor to /dev/ttyACM0 using serial closed by server
2025-08-13 09:01:28 2025-08-13T16:01:28.046Z monitor-service INFO monitor to /dev/ttyACM0 using serial closed by client
2025-08-13 09:01:28 2025-08-13T16:01:28.903Z monitor-service WARN monitor to /dev/ttyACM0 using serial already stopped
2025-08-13 09:01:29 2025-08-13T16:01:29.120Z daemon INFO time="2025-08-13T09:01:29-07:00" level=info msg="Tool required for debug" tool="arduino:dfu-util@0.11.0-arduino5"
time="2025-08-13T09:01:29-07:00" level=info msg="Tool required for debug" tool="esp32:esp-rv32@2411"
time="2025-08-13T09:01:29-07:00" level=info msg="Tool required for debug" tool="esp32:esp-x32@2411"
time="2025-08-13T09:01:29-07:00" level=info msg="Tool required for debug" tool="esp32:esp32-arduino-libs@idf-release_v5.5-b66b5448-v1"
2025-08-13 09:01:29 2025-08-13T16:01:29.120Z daemon INFO time="2025-08-13T09:01:29-07:00" level=info msg="Tool required for debug" tool="esp32:esptool_py@5.0.0"
time="2025-08-13T09:01:29-07:00" level=info msg="Tool required for debug" tool="esp32:mklittlefs@3.0.0-gnu12-dc7f933"
time="2025-08-13T09:01:29-07:00" level=info msg="Tool required for debug" tool="esp32:mkspiffs@0.2.3"
time="2025-08-13T09:01:29-07:00" level=info msg="Tool required for debug" tool="esp32:openocd-esp32@v0.12.0-esp32-20250422"
time="2025-08-13T09:01:29-07:00" level=info msg="Tool required for debug" tool="esp32:riscv32-esp-elf-gdb@16.2_20250324"
time="2025-08-13T09:01:29-07:00" level=info msg="Tool required for debug" tool="esp32:xtensa-esp-elf-gdb@16.2_20250324"
time="2025-08-13T09:01:29-07:00" level=info msg="Tool required for debug" tool="builtin:dfu-discovery@0.1.2"
time="2025-08-13T09:01:29-07:00" level=info msg="Tool required for debug" tool="arduino:avrdude@6.3.0-arduino17"
time="2025-08-13T09:01:29-07:00" level=info msg="Tool required for debug" tool="arduino:arduinoOTA@1.3.0"
2025-08-13 09:01:29 2025-08-13T16:01:29.120Z daemon INFO time="2025-08-13T09:01:29-07:00" level=info msg="Tool required for debug" tool="arduino:avr-gcc@7.3.0-atmel3.6.1-arduino7"
time="2025-08-13T09:01:29-07:00" level=info msg="Tool required for debug" tool="builtin:mdns-discovery@1.0.9"
time="2025-08-13T09:01:29-07:00" level=info msg="Tool required for debug" tool="builtin:ctags@5.8-arduino11"
2025-08-13 09:01:29 2025-08-13T16:01:29.120Z daemon INFO time="2025-08-13T09:01:29-07:00" level=info msg="Tool required for debug" tool="builtin:serial-discovery@1.4.1"
time="2025-08-13T09:01:29-07:00" level=info msg="Tool required for debug" tool="builtin:serial-monitor@0.15.0"
2025-08-13 09:01:29 2025-08-13T16:01:29.129Z daemon INFO time="2025-08-13T09:01:29-07:00" level=info msg="Tool required for debug" tool="arduino:dfu-util@0.11.0-arduino5"
time="2025-08-13T09:01:29-07:00" level=info msg="Tool required for debug" tool="esp32:esp-rv32@2411"
time="2025-08-13T09:01:29-07:00" level=info msg="Tool required for debug" tool="esp32:esp-x32@2411"
time="2025-08-13T09:01:29-07:00" level=info msg="Tool required for debug" tool="esp32:esp32-arduino-libs@idf-release_v5.5-b66b5448-v1"
time="2025-08-13T09:01:29-07:00" level=info msg="Tool required for debug" tool="esp32:esptool_py@5.0.0"
2025-08-13 09:01:29 2025-08-13T16:01:29.129Z daemon INFO time="2025-08-13T09:01:29-07:00" level=info msg="Tool required for debug" tool="esp32:mklittlefs@3.0.0-gnu12-dc7f933"
time="2025-08-13T09:01:29-07:00" level=info msg="Tool required for debug" tool="esp32:mkspiffs@0.2.3"
time="2025-08-13T09:01:29-07:00" level=info msg="Tool required for debug" tool="esp32:openocd-esp32@v0.12.0-esp32-20250422"
time="2025-08-13T09:01:29-07:00" level=info msg="Tool required for debug" tool="esp32:riscv32-esp-elf-gdb@16.2_20250324"
time="2025-08-13T09:01:29-07:00" level=info msg="Tool required for debug" tool="esp32:xtensa-esp-elf-gdb@16.2_20250324"
time="2025-08-13T09:01:29-07:00" level=info msg="Tool required for debug" tool="arduino:arduinoOTA@1.3.0"
time="2025-08-13T09:01:29-07:00" level=info msg="Tool required for debug" tool="arduino:avrdude@6.3.0-arduino17"
time="2025-08-13T09:01:29-07:00" level=info msg="Tool required for debug" tool="builtin:ctags@5.8-arduino11"
2025-08-13 09:01:29 2025-08-13T16:01:29.129Z daemon INFO time="2025-08-13T09:01:29-07:00" level=info msg="Tool required for debug" tool="builtin:serial-monitor@0.15.0"
time="2025-08-13T09:01:29-07:00" level=info msg="Tool required for debug" tool="builtin:serial-discovery@1.4.1"
2025-08-13 09:01:29 2025-08-13T16:01:29.129Z daemon INFO time="2025-08-13T09:01:29-07:00" level=info msg="Tool required for debug" tool="arduino:avr-gcc@7.3.0-atmel3.6.1-arduino7"
time="2025-08-13T09:01:29-07:00" level=info msg="Tool required for debug" tool="builtin:dfu-discovery@0.1.2"
time="2025-08-13T09:01:29-07:00" level=info msg="Tool required for debug" tool="builtin:mdns-discovery@1.0.9"
2025-08-13 09:01:29 2025-08-13T16:01:29.137Z daemon INFO time="2025-08-13T09:01:29-07:00" level=info msg="Tool required for debug" tool="arduino:dfu-util@0.11.0-arduino5"
time="2025-08-13T09:01:29-07:00" level=info msg="Tool required for debug" tool="esp32:esp-rv32@2411"
2025-08-13 09:01:29 2025-08-13T16:01:29.137Z daemon INFO time="2025-08-13T09:01:29-07:00" level=info msg="Tool required for debug" tool="esp32:esp-x32@2411"
time="2025-08-13T09:01:29-07:00" level=info msg="Tool required for debug" tool="esp32:esp32-arduino-libs@idf-release_v5.5-b66b5448-v1"
time="2025-08-13T09:01:29-07:00" level=info msg="Tool required for debug" tool="esp32:esptool_py@5.0.0"
time="2025-08-13T09:01:29-07:00" level=info msg="Tool required for debug" tool="esp32:mklittlefs@3.0.0-gnu12-dc7f933"
time="2025-08-13T09:01:29-07:00" level=info msg="Tool required for debug" tool="esp32:mkspiffs@0.2.3"
time="2025-08-13T09:01:29-07:00" level=info msg="Tool required for debug" tool="esp32:openocd-esp32@v0.12.0-esp32-20250422"
time="2025-08-13T09:01:29-07:00" level=info msg="Tool required for debug" tool="esp32:riscv32-esp-elf-gdb@16.2_20250324"
time="2025-08-13T09:01:29-07:00" level=info msg="Tool required for debug" tool="esp32:xtensa-esp-elf-gdb@16.2_20250324"
2025-08-13 09:01:29 2025-08-13T16:01:29.137Z daemon INFO time="2025-08-13T09:01:29-07:00" level=info msg="Tool required for debug" tool="builtin:dfu-discovery@0.1.2"
time="2025-08-13T09:01:29-07:00" level=info msg="Tool required for debug" tool="builtin:serial-monitor@0.15.0"
time="2025-08-13T09:01:29-07:00" level=info msg="Tool required for debug" tool="arduino:arduinoOTA@1.3.0"
time="2025-08-13T09:01:29-07:00" level=info msg="Tool required for debug" tool="builtin:ctags@5.8-arduino11"
2025-08-13 09:01:29 2025-08-13T16:01:29.137Z daemon INFO time="2025-08-13T09:01:29-07:00" level=info msg="Tool required for debug" tool="builtin:mdns-discovery@1.0.9"
2025-08-13 09:01:29 2025-08-13T16:01:29.137Z daemon INFO time="2025-08-13T09:01:29-07:00" level=info msg="Tool required for debug" tool="builtin:serial-discovery@1.4.1"
time="2025-08-13T09:01:29-07:00" level=info msg="Tool required for debug" tool="arduino:avr-gcc@7.3.0-atmel3.6.1-arduino7"
time="2025-08-13T09:01:29-07:00" level=info msg="Tool required for debug" tool="arduino:avrdude@6.3.0-arduino17"
2025-08-13 09:01:29 2025-08-13T16:01:29.145Z daemon INFO time="2025-08-13T09:01:29-07:00" level=info msg="Tool required for debug" tool="arduino:dfu-util@0.11.0-arduino5"
time="2025-08-13T09:01:29-07:00" level=info msg="Tool required for debug" tool="esp32:esp-rv32@2411"
time="2025-08-13T09:01:29-07:00" level=info msg="Tool required for debug" tool="esp32:esp-x32@2411"
time="2025-08-13T09:01:29-07:00" level=info msg="Tool required for debug" tool="esp32:esp32-arduino-libs@idf-release_v5.5-b66b5448-v1"
2025-08-13 09:01:29 2025-08-13T16:01:29.145Z daemon INFO time="2025-08-13T09:01:29-07:00" level=info msg="Tool required for debug" tool="esp32:esptool_py@5.0.0"
time="2025-08-13T09:01:29-07:00" level=info msg="Tool required for debug" tool="esp32:mklittlefs@3.0.0-gnu12-dc7f933"
time="2025-08-13T09:01:29-07:00" level=info msg="Tool required for debug" tool="esp32:mkspiffs@0.2.3"
time="2025-08-13T09:01:29-07:00" level=info msg="Tool required for debug" tool="esp32:openocd-esp32@v0.12.0-esp32-20250422"
time="2025-08-13T09:01:29-07:00" level=info msg="Tool required for debug" tool="esp32:riscv32-esp-elf-gdb@16.2_20250324"
time="2025-08-13T09:01:29-07:00" level=info msg="Tool required for debug" tool="esp32:xtensa-esp-elf-gdb@16.2_20250324"
time="2025-08-13T09:01:29-07:00" level=info msg="Tool required for debug" tool="arduino:arduinoOTA@1.3.0"
2025-08-13 09:01:29 2025-08-13T16:01:29.145Z daemon INFO time="2025-08-13T09:01:29-07:00" level=info msg="Tool required for debug" tool="arduino:avrdude@6.3.0-arduino17"
time="2025-08-13T09:01:29-07:00" level=info msg="Tool required for debug" tool="arduino:avr-gcc@7.3.0-atmel3.6.1-arduino7"
time="2025-08-13T09:01:29-07:00" level=info msg="Tool required for debug" tool="builtin:mdns-discovery@1.0.9"
2025-08-13 09:01:29 2025-08-13T16:01:29.145Z daemon INFO time="2025-08-13T09:01:29-07:00" level=info msg="Tool required for debug" tool="builtin:dfu-discovery@0.1.2"
time="2025-08-13T09:01:29-07:00" level=info msg="Tool required for debug" tool="builtin:serial-monitor@0.15.0"
2025-08-13 09:01:29 2025-08-13T16:01:29.145Z daemon INFO time="2025-08-13T09:01:29-07:00" level=info msg="Tool required for debug" tool="builtin:ctags@5.8-arduino11"
time="2025-08-13T09:01:29-07:00" level=info msg="Tool required for debug" tool="builtin:serial-discovery@1.4.1"
2025-08-13 09:01:29 2025-08-13T16:01:29.154Z daemon INFO time="2025-08-13T09:01:29-07:00" level=info msg="Tool required for debug" tool="arduino:dfu-util@0.11.0-arduino5"
time="2025-08-13T09:01:29-07:00" level=info msg="Tool required for debug" tool="esp32:esp-rv32@2411"
time="2025-08-13T09:01:29-07:00" level=info msg="Tool required for debug" tool="esp32:esp-x32@2411"
time="2025-08-13T09:01:29-07:00" level=info msg="Tool required for debug" tool="esp32:esp32-arduino-libs@idf-release_v5.5-b66b5448-v1"
2025-08-13 09:01:29 2025-08-13T16:01:29.154Z daemon INFO time="2025-08-13T09:01:29-07:00" level=info msg="Tool required for debug" tool="esp32:esptool_py@5.0.0"
time="2025-08-13T09:01:29-07:00" level=info msg="Tool required for debug" tool="esp32:mklittlefs@3.0.0-gnu12-dc7f933"
time="2025-08-13T09:01:29-07:00" level=info msg="Tool required for debug" tool="esp32:mkspiffs@0.2.3"
time="2025-08-13T09:01:29-07:00" level=info msg="Tool required for debug" tool="esp32:openocd-esp32@v0.12.0-esp32-20250422"
time="2025-08-13T09:01:29-07:00" level=info msg="Tool required for debug" tool="esp32:riscv32-esp-elf-gdb@16.2_20250324"
time="2025-08-13T09:01:29-07:00" level=info msg="Tool required for debug" tool="esp32:xtensa-esp-elf-gdb@16.2_20250324"
time="2025-08-13T09:01:29-07:00" level=info msg="Tool required for debug" tool="arduino:avrdude@6.3.0-arduino17"
time="2025-08-13T09:01:29-07:00" level=info msg="Tool required for debug" tool="builtin:serial-monitor@0.15.0"
2025-08-13 09:01:29 2025-08-13T16:01:29.154Z daemon INFO time="2025-08-13T09:01:29-07:00" level=info msg="Tool required for debug" tool="arduino:arduinoOTA@1.3.0"
time="2025-08-13T09:01:29-07:00" level=info msg="Tool required for debug" tool="builtin:ctags@5.8-arduino11"
time="2025-08-13T09:01:29-07:00" level=info msg="Tool required for debug" tool="builtin:serial-discovery@1.4.1"
2025-08-13 09:01:29 2025-08-13T16:01:29.154Z daemon INFO time="2025-08-13T09:01:29-07:00" level=info msg="Tool required for debug" tool="builtin:dfu-discovery@0.1.2"
time="2025-08-13T09:01:29-07:00" level=info msg="Tool required for debug" tool="arduino:avr-gcc@7.3.0-atmel3.6.1-arduino7"
2025-08-13 09:01:29 2025-08-13T16:01:29.154Z daemon INFO time="2025-08-13T09:01:29-07:00" level=info msg="Tool required for debug" tool="builtin:mdns-discovery@1.0.9"
2025-08-13 09:01:29 2025-08-13T16:01:29.170Z monitor-service INFO No port configuration changes have been detected. No need to send configure commands to the running monitor serial:/dev/ttyACM0.
2025-08-13 09:01:29 2025-08-13T16:01:29.171Z daemon INFO time="2025-08-13T09:01:29-07:00" level=info msg="Tool required for debug" tool="arduino:dfu-util@0.11.0-arduino5"
time="2025-08-13T09:01:29-07:00" level=info msg="Tool required for debug" tool="esp32:esp-rv32@2411"
time="2025-08-13T09:01:29-07:00" level=info msg="Tool required for debug" tool="esp32:esp-x32@2411"
time="2025-08-13T09:01:29-07:00" level=info msg="Tool required for debug" tool="esp32:esp32-arduino-libs@idf-release_v5.5-b66b5448-v1"
time="2025-08-13T09:01:29-07:00" level=info msg="Tool required for debug" tool="esp32:esptool_py@5.0.0"
time="2025-08-13T09:01:29-07:00" level=info msg="Tool required for debug" tool="esp32:mklittlefs@3.0.0-gnu12-dc7f933"
time="2025-08-13T09:01:29-07:00" level=info msg="Tool required for debug" tool="esp32:mkspiffs@0.2.3"
time="2025-08-13T09:01:29-07:00" level=info msg="Tool required for debug" tool="esp32:openocd-esp32@v0.12.0-esp32-20250422"
time="2025-08-13T09:01:29-07:00" level=info msg="Tool required for debug" tool="esp32:riscv32-esp-elf-gdb@16.2_20250324"
time="2025-08-13T09:01:29-07:00" level=info msg="Tool required for debug" tool="esp32:xtensa-esp-elf-gdb@16.2_20250324"
2025-08-13 09:01:29 2025-08-13T16:01:29.171Z daemon INFO time="2025-08-13T09:01:29-07:00" level=info msg="Tool required for debug" tool="arduino:avr-gcc@7.3.0-atmel3.6.1-arduino7"
time="2025-08-13T09:01:29-07:00" level=info msg="Tool required for debug" tool="builtin:serial-monitor@0.15.0"
time="2025-08-13T09:01:29-07:00" level=info msg="Tool required for debug" tool="builtin:ctags@5.8-arduino11"
time="2025-08-13T09:01:29-07:00" level=info msg="Tool required for debug" tool="builtin:mdns-discovery@1.0.9"
2025-08-13 09:01:29 2025-08-13T16:01:29.171Z daemon INFO time="2025-08-13T09:01:29-07:00" level=info msg="Tool required for debug" tool="builtin:serial-discovery@1.4.1"
time="2025-08-13T09:01:29-07:00" level=info msg="Tool required for debug" tool="arduino:arduinoOTA@1.3.0"
time="2025-08-13T09:01:29-07:00" level=info msg="Tool required for debug" tool="arduino:avrdude@6.3.0-arduino17"
2025-08-13 09:01:29 2025-08-13T16:01:29.171Z daemon INFO time="2025-08-13T09:01:29-07:00" level=info msg="Tool required for debug" tool="builtin:dfu-discovery@0.1.2"
2025-08-13 09:01:29 2025-08-13T16:01:29.181Z daemon INFO time="2025-08-13T09:01:29-07:00" level=info msg="Tool required for debug" tool="arduino:dfu-util@0.11.0-arduino5"
time="2025-08-13T09:01:29-07:00" level=info msg="Tool required for debug" tool="esp32:esp-rv32@2411"
time="2025-08-13T09:01:29-07:00" level=info msg="Tool required for debug" tool="esp32:esp-x32@2411"
time="2025-08-13T09:01:29-07:00" level=info msg="Tool required for debug" tool="esp32:esp32-arduino-libs@idf-release_v5.5-b66b5448-v1"
time="2025-08-13T09:01:29-07:00" level=info msg="Tool required for debug" tool="esp32:esptool_py@5.0.0"
time="2025-08-13T09:01:29-07:00" level=info msg="Tool required for debug" tool="esp32:mklittlefs@3.0.0-gnu12-dc7f933"
time="2025-08-13T09:01:29-07:00" level=info msg="Tool required for debug" tool="esp32:mkspiffs@0.2.3"
time="2025-08-13T09:01:29-07:00" level=info msg="Tool required for debug" tool="esp32:openocd-esp32@v0.12.0-esp32-20250422"
time="2025-08-13T09:01:29-07:00" level=info msg="Tool required for debug" tool="esp32:riscv32-esp-elf-gdb@16.2_20250324"
time="2025-08-13T09:01:29-07:00" level=info msg="Tool required for debug" tool="esp32:xtensa-esp-elf-gdb@16.2_20250324"
time="2025-08-13T09:01:29-07:00" level=info msg="Tool required for debug" tool="arduino:arduinoOTA@1.3.0"
time="2025-08-13T09:01:29-07:00" level=info msg="Tool required for debug" tool="builtin:dfu-discovery@0.1.2"
time="2025-08-13T09:01:29-07:00" level=info msg="Tool required for debug" tool="builtin:serial-monitor@0.15.0"
time="2025-08-13T09:01:29-07:00" level=info msg="Tool required for debug" tool="arduino:avr-gcc@7.3.0-atmel3.6.1-arduino7"
time="2025-08-13T09:01:29-07:00" level=info msg="Tool required for debug" tool="builtin:mdns-discovery@1.0.9"
time="2025-08-13T09:01:29-07:00" level=info msg="Tool required for debug" tool="arduino:avrdude@6.3.0-arduino17"
time="2025-08-13T09:01:29-07:00" level=info msg="Tool required for debug" tool="builtin:ctags@5.8-arduino11"
time="2025-08-13T09:01:29-07:00" level=info msg="Tool required for debug" tool="builtin:serial-discovery@1.4.1"
2025-08-13 09:01:29 2025-08-13T16:01:29.189Z daemon INFO time="2025-08-13T09:01:29-07:00" level=info msg="Tool required for debug" tool="arduino:dfu-util@0.11.0-arduino5"
time="2025-08-13T09:01:29-07:00" level=info msg="Tool required for debug" tool="esp32:esp-rv32@2411"
time="2025-08-13T09:01:29-07:00" level=info msg="Tool required for debug" tool="esp32:esp-x32@2411"
time="2025-08-13T09:01:29-07:00" level=info msg="Tool required for debug" tool="esp32:esp32-arduino-libs@idf-release_v5.5-b66b5448-v1"
time="2025-08-13T09:01:29-07:00" level=info msg="Tool required for debug" tool="esp32:esptool_py@5.0.0"
2025-08-13 09:01:29 2025-08-13T16:01:29.189Z daemon INFO time="2025-08-13T09:01:29-07:00" level=info msg="Tool required for debug" tool="esp32:mklittlefs@3.0.0-gnu12-dc7f933"
time="2025-08-13T09:01:29-07:00" level=info msg="Tool required for debug" tool="esp32:mkspiffs@0.2.3"
time="2025-08-13T09:01:29-07:00" level=info msg="Tool required for debug" tool="esp32:openocd-esp32@v0.12.0-esp32-20250422"
time="2025-08-13T09:01:29-07:00" level=info msg="Tool required for debug" tool="esp32:riscv32-esp-elf-gdb@16.2_20250324"
time="2025-08-13T09:01:29-07:00" level=info msg="Tool required for debug" tool="esp32:xtensa-esp-elf-gdb@16.2_20250324"
time="2025-08-13T09:01:29-07:00" level=info msg="Tool required for debug" tool="builtin:ctags@5.8-arduino11"
time="2025-08-13T09:01:29-07:00" level=info msg="Tool required for debug" tool="builtin:mdns-discovery@1.0.9"
time="2025-08-13T09:01:29-07:00" level=info msg="Tool required for debug" tool="arduino:avrdude@6.3.0-arduino17"
time="2025-08-13T09:01:29-07:00" level=info msg="Tool required for debug" tool="builtin:dfu-discovery@0.1.2"
time="2025-08-13T09:01:29-07:00" level=info msg="Tool required for debug" tool="arduino:arduinoOTA@1.3.0"
time="2025-08-13T09:01:29-07:00" level=info msg="Tool required for debug" tool="builtin:serial-discovery@1.4.1"
2025-08-13 09:01:29 2025-08-13T16:01:29.189Z daemon INFO time="2025-08-13T09:01:29-07:00" level=info msg="Tool required for debug" tool="builtin:serial-monitor@0.15.0"
time="2025-08-13T09:01:29-07:00" level=info msg="Tool required for debug" tool="arduino:avr-gcc@7.3.0-atmel3.6.1-arduino7"
2025-08-13 09:01:29 2025-08-13T16:01:29.198Z daemon INFO time="2025-08-13T09:01:29-07:00" level=info msg="Tool required for debug" tool="arduino:dfu-util@0.11.0-arduino5"
time="2025-08-13T09:01:29-07:00" level=info msg="Tool required for debug" tool="esp32:esp-rv32@2411"
time="2025-08-13T09:01:29-07:00" level=info msg="Tool required for debug" tool="esp32:esp-x32@2411"
time="2025-08-13T09:01:29-07:00" level=info msg="Tool required for debug" tool="esp32:esp32-arduino-libs@idf-release_v5.5-b66b5448-v1"
2025-08-13 09:01:29 2025-08-13T16:01:29.198Z daemon INFO time="2025-08-13T09:01:29-07:00" level=info msg="Tool required for debug" tool="esp32:esptool_py@5.0.0"
time="2025-08-13T09:01:29-07:00" level=info msg="Tool required for debug" tool="esp32:mklittlefs@3.0.0-gnu12-dc7f933"
time="2025-08-13T09:01:29-07:00" level=info msg="Tool required for debug" tool="esp32:mkspiffs@0.2.3"
time="2025-08-13T09:01:29-07:00" level=info msg="Tool required for debug" tool="esp32:openocd-esp32@v0.12.0-esp32-20250422"
time="2025-08-13T09:01:29-07:00" level=info msg="Tool required for debug" tool="esp32:riscv32-esp-elf-gdb@16.2_20250324"
time="2025-08-13T09:01:29-07:00" level=info msg="Tool required for debug" tool="esp32:xtensa-esp-elf-gdb@16.2_20250324"
time="2025-08-13T09:01:29-07:00" level=info msg="Tool required for debug" tool="arduino:avr-gcc@7.3.0-atmel3.6.1-arduino7"
2025-08-13 09:01:29 2025-08-13T16:01:29.198Z daemon INFO time="2025-08-13T09:01:29-07:00" level=info msg="Tool required for debug" tool="builtin:dfu-discovery@0.1.2"
time="2025-08-13T09:01:29-07:00" level=info msg="Tool required for debug" tool="builtin:serial-discovery@1.4.1"
time="2025-08-13T09:01:29-07:00" level=info msg="Tool required for debug" tool="builtin:serial-monitor@0.15.0"
2025-08-13 09:01:29 2025-08-13T16:01:29.198Z daemon INFO time="2025-08-13T09:01:29-07:00" level=info msg="Tool required for debug" tool="arduino:avrdude@6.3.0-arduino17"
time="2025-08-13T09:01:29-07:00" level=info msg="Tool required for debug" tool="builtin:ctags@5.8-arduino11"
2025-08-13 09:01:29 2025-08-13T16:01:29.198Z daemon INFO time="2025-08-13T09:01:29-07:00" level=info msg="Tool required for debug" tool="builtin:mdns-discovery@1.0.9"
time="2025-08-13T09:01:29-07:00" level=info msg="Tool required for debug" tool="arduino:arduinoOTA@1.3.0"
2025-08-13 09:01:29 2025-08-13T16:01:29.207Z daemon INFO time="2025-08-13T09:01:29-07:00" level=info msg="Tool required for debug" tool="arduino:dfu-util@0.11.0-arduino5"
time="2025-08-13T09:01:29-07:00" level=info msg="Tool required for debug" tool="esp32:esp-rv32@2411"
time="2025-08-13T09:01:29-07:00" level=info msg="Tool required for debug" tool="esp32:esp-x32@2411"
time="2025-08-13T09:01:29-07:00" level=info msg="Tool required for debug" tool="esp32:esp32-arduino-libs@idf-release_v5.5-b66b5448-v1"
2025-08-13 09:01:29 2025-08-13T16:01:29.207Z daemon INFO time="2025-08-13T09:01:29-07:00" level=info msg="Tool required for debug" tool="esp32:esptool_py@5.0.0"
time="2025-08-13T09:01:29-07:00" level=info msg="Tool required for debug" tool="esp32:mklittlefs@3.0.0-gnu12-dc7f933"
time="2025-08-13T09:01:29-07:00" level=info msg="Tool required for debug" tool="esp32:mkspiffs@0.2.3"
time="2025-08-13T09:01:29-07:00" level=info msg="Tool required for debug" tool="esp32:openocd-esp32@v0.12.0-esp32-20250422"
time="2025-08-13T09:01:29-07:00" level=info msg="Tool required for debug" tool="esp32:riscv32-esp-elf-gdb@16.2_20250324"
time="2025-08-13T09:01:29-07:00" level=info msg="Tool required for debug" tool="esp32:xtensa-esp-elf-gdb@16.2_20250324"
time="2025-08-13T09:01:29-07:00" level=info msg="Tool required for debug" tool="arduino:arduinoOTA@1.3.0"
time="2025-08-13T09:01:29-07:00" level=info msg="Tool required for debug" tool="builtin:mdns-discovery@1.0.9"
2025-08-13 09:01:29 2025-08-13T16:01:29.207Z daemon INFO time="2025-08-13T09:01:29-07:00" level=info msg="Tool required for debug" tool="builtin:serial-discovery@1.4.1"
time="2025-08-13T09:01:29-07:00" level=info msg="Tool required for debug" tool="arduino:avrdude@6.3.0-arduino17"
time="2025-08-13T09:01:29-07:00" level=info msg="Tool required for debug" tool="builtin:ctags@5.8-arduino11"
2025-08-13 09:01:29 2025-08-13T16:01:29.207Z daemon INFO time="2025-08-13T09:01:29-07:00" level=info msg="Tool required for debug" tool="builtin:dfu-discovery@0.1.2"
time="2025-08-13T09:01:29-07:00" level=info msg="Tool required for debug" tool="arduino:avr-gcc@7.3.0-atmel3.6.1-arduino7"
time="2025-08-13T09:01:29-07:00" level=info msg="Tool required for debug" tool="builtin:serial-monitor@0.15.0"
2025-08-13 09:01:30 2025-08-13T16:01:30.050Z daemon INFO time="2025-08-13T09:01:30-07:00" level=info msg="Starting monitor process" monitor=serial-monitor
2025-08-13 09:01:30 2025-08-13T16:01:30.051Z daemon INFO time="2025-08-13T09:01:30-07:00" level=info msg="Monitor process started successfully!" monitor=serial-monitor
time="2025-08-13T09:01:30-07:00" level=info msg="sending command" command="HELLO 1 \"arduino-cli 1.2.0\"" monitor=serial-monitor
2025-08-13 09:01:30 2025-08-13T16:01:30.053Z daemon INFO time="2025-08-13T09:01:30-07:00" level=info msg="received message" error=false event_type=hello message=OK monitor=serial-monitor
time="2025-08-13T09:01:30-07:00" level=info msg="sending command" command=DESCRIBE monitor=serial-monitor
2025-08-13 09:01:30 2025-08-13T16:01:30.054Z daemon INFO time="2025-08-13T09:01:30-07:00" level=info msg="received message" error=false event_type=describe message=OK monitor=serial-monitor
time="2025-08-13T09:01:30-07:00" level=info msg="sending command" command="CONFIGURE rts on" monitor=serial-monitor
2025-08-13 09:01:30 2025-08-13T16:01:30.054Z daemon INFO time="2025-08-13T09:01:30-07:00" level=info msg="received message" error=false event_type=configure message=OK monitor=serial-monitor
2025-08-13 09:01:30 2025-08-13T16:01:30.054Z daemon INFO time="2025-08-13T09:01:30-07:00" level=info msg="sending command" command="CONFIGURE stop_bits 1" monitor=serial-monitor
2025-08-13 09:01:30 2025-08-13T16:01:30.054Z daemon INFO time="2025-08-13T09:01:30-07:00" level=info msg="received message" error=false event_type=configure message=OK monitor=serial-monitor
time="2025-08-13T09:01:30-07:00" level=info msg="sending command" command="CONFIGURE baudrate 115200" monitor=serial-monitor
2025-08-13 09:01:30 2025-08-13T16:01:30.054Z daemon INFO time="2025-08-13T09:01:30-07:00" level=info msg="received message" error=false event_type=configure message=OK monitor=serial-monitor
2025-08-13 09:01:30 2025-08-13T16:01:30.054Z daemon INFO time="2025-08-13T09:01:30-07:00" level=info msg="sending command" command="CONFIGURE bits 8" monitor=serial-monitor
time="2025-08-13T09:01:30-07:00" level=info msg="received message" error=false event_type=configure message=OK monitor=serial-monitor
2025-08-13 09:01:30 2025-08-13T16:01:30.054Z daemon INFO time="2025-08-13T09:01:30-07:00" level=info msg="sending command" command="CONFIGURE dtr on" monitor=serial-monitor
2025-08-13 09:01:30 2025-08-13T16:01:30.055Z daemon INFO time="2025-08-13T09:01:30-07:00" level=info msg="received message" error=false event_type=configure message=OK monitor=serial-monitor
time="2025-08-13T09:01:30-07:00" level=info msg="sending command" command="CONFIGURE parity none" monitor=serial-monitor
time="2025-08-13T09:01:30-07:00" level=info msg="received message" error=false event_type=configure message=OK monitor=serial-monitor
2025-08-13 09:01:30 2025-08-13T16:01:30.055Z daemon INFO time="2025-08-13T09:01:30-07:00" level=info msg="sending command" command="OPEN 127.0.0.1:37171 /dev/ttyACM0" monitor=serial-monitor
time="2025-08-13T09:01:30-07:00" level=info msg="received message" error=true event_type=open message="Serial port busy" monitor=serial-monitor
2025-08-13 09:01:30 2025-08-13T16:01:30.055Z daemon INFO time="2025-08-13T09:01:30-07:00" level=info msg="sending command" command=QUIT monitor=serial-monitor
time="2025-08-13T09:01:30-07:00" level=info msg="received message" error=false event_type=quit message=OK monitor=serial-monitor
2025-08-13 09:01:30 2025-08-13T16:01:30.055Z daemon INFO time="2025-08-13T09:01:30-07:00" level=info msg="Killing monitor process" monitor=serial-monitor
2025-08-13 09:01:30 2025-08-13T16:01:30.055Z daemon INFO time="2025-08-13T09:01:30-07:00" level=error msg="stopped decode loop: EOF" monitor=serial-monitor
2025-08-13 09:01:30 2025-08-13T16:01:30.055Z daemon INFO time="2025-08-13T09:01:30-07:00" level=info msg="Monitor process killed" monitor=serial-monitor
2025-08-13 09:01:30 2025-08-13T16:01:30.056Z monitor-service ERROR Error: 13 INTERNAL: Port monitor error: command 'open' failed: Serial port busy
    at t.callErrorFromStatus (/nix/store/2d5i1bzbqbnl4rgnhk8czrw5zmqqjdzv-arduino-ide-2.3.6-extracted/resources/app/lib/backend/main.js:2:987037)
    at Object.onReceiveStatus (/nix/store/2d5i1bzbqbnl4rgnhk8czrw5zmqqjdzv-arduino-ide-2.3.6-extracted/resources/app/lib/backend/main.js:2:3786743)
    at Object.onReceiveStatus (/nix/store/2d5i1bzbqbnl4rgnhk8czrw5zmqqjdzv-arduino-ide-2.3.6-extracted/resources/app/lib/backend/main.js:2:2216111)
    at /nix/store/2d5i1bzbqbnl4rgnhk8czrw5zmqqjdzv-arduino-ide-2.3.6-extracted/resources/app/lib/backend/main.js:2:4354680
    at process.processTicksAndRejections (node:internal/process/task_queues:77:11)
for call at
    at s.makeBidiStreamRequest (/nix/store/2d5i1bzbqbnl4rgnhk8czrw5zmqqjdzv-arduino-ide-2.3.6-extracted/resources/app/lib/backend/main.js:2:3786510)
    at s.monitor (/nix/store/2d5i1bzbqbnl4rgnhk8czrw5zmqqjdzv-arduino-ide-2.3.6-extracted/resources/app/lib/backend/main.js:2:3311624)
    at y.createDuplex (/nix/store/2d5i1bzbqbnl4rgnhk8czrw5zmqqjdzv-arduino-ide-2.3.6-extracted/resources/app/lib/backend/main.js:2:3732370)
    at async /nix/store/2d5i1bzbqbnl4rgnhk8czrw5zmqqjdzv-arduino-ide-2.3.6-extracted/resources/app/lib/backend/main.js:2:3733698
    at async t.retry (/nix/store/2d5i1bzbqbnl4rgnhk8czrw5zmqqjdzv-arduino-ide-2.3.6-extracted/resources/app/lib/backend/main.js:2:2019631)
    at async y.start (/nix/store/2d5i1bzbqbnl4rgnhk8czrw5zmqqjdzv-arduino-ide-2.3.6-extracted/resources/app/lib/backend/main.js:2:3731251)
    at async u.startMonitor (/nix/store/2d5i1bzbqbnl4rgnhk8czrw5zmqqjdzv-arduino-ide-2.3.6-extracted/resources/app/lib/backend/main.js:2:239367)
    at async u.onRequest (/nix/store/2d5i1bzbqbnl4rgnhk8czrw5zmqqjdzv-arduino-ide-2.3.6-extracted/resources/app/lib/backend/main.js:2:4942944)
    at async c.handleRequest (/nix/store/2d5i1bzbqbnl4rgnhk8czrw5zmqqjdzv-arduino-ide-2.3.6-extracted/resources/app/lib/backend/main.js:2:524475)
2025-08-13 09:01:30 2025-08-13T16:01:30.057Z monitor-service INFO monitor to /dev/ttyACM0 using serial closed by server
2025-08-13 09:01:30 2025-08-13T16:01:30.057Z monitor-service INFO monitor to /dev/ttyACM0 using serial closed by client
2025-08-13 09:01:31 2025-08-13T16:01:31.182Z root WARN Widget was activated, but did not accept focus after 2000ms: serial-monitor
2025-08-13 09:01:32 2025-08-13T16:01:32.060Z daemon INFO time="2025-08-13T09:01:32-07:00" level=info msg="Starting monitor process" monitor=serial-monitor
2025-08-13 09:01:32 2025-08-13T16:01:32.061Z daemon INFO time="2025-08-13T09:01:32-07:00" level=info msg="Monitor process started successfully!" monitor=serial-monitor
time="2025-08-13T09:01:32-07:00" level=info msg="sending command" command="HELLO 1 \"arduino-cli 1.2.0\"" monitor=serial-monitor
2025-08-13 09:01:32 2025-08-13T16:01:32.063Z daemon INFO time="2025-08-13T09:01:32-07:00" level=info msg="received message" error=false event_type=hello message=OK monitor=serial-monitor
2025-08-13 09:01:32 2025-08-13T16:01:32.063Z daemon INFO time="2025-08-13T09:01:32-07:00" level=info msg="sending command" command=DESCRIBE monitor=serial-monitor
2025-08-13 09:01:32 2025-08-13T16:01:32.063Z daemon INFO time="2025-08-13T09:01:32-07:00" level=info msg="received message" error=false event_type=describe message=OK monitor=serial-monitor
2025-08-13 09:01:32 2025-08-13T16:01:32.063Z daemon INFO time="2025-08-13T09:01:32-07:00" level=info msg="sending command" command="CONFIGURE rts on" monitor=serial-monitor
2025-08-13 09:01:32 2025-08-13T16:01:32.064Z daemon INFO time="2025-08-13T09:01:32-07:00" level=info msg="received message" error=false event_type=configure message=OK monitor=serial-monitor
2025-08-13 09:01:32 2025-08-13T16:01:32.064Z daemon INFO time="2025-08-13T09:01:32-07:00" level=info msg="sending command" command="CONFIGURE stop_bits 1" monitor=serial-monitor
2025-08-13 09:01:32 2025-08-13T16:01:32.064Z daemon INFO time="2025-08-13T09:01:32-07:00" level=info msg="received message" error=false event_type=configure message=OK monitor=serial-monitor
2025-08-13 09:01:32 2025-08-13T16:01:32.064Z daemon INFO time="2025-08-13T09:01:32-07:00" level=info msg="sending command" command="CONFIGURE baudrate 115200" monitor=serial-monitor
2025-08-13 09:01:32 2025-08-13T16:01:32.064Z daemon INFO time="2025-08-13T09:01:32-07:00" level=info msg="received message" error=false event_type=configure message=OK monitor=serial-monitor
2025-08-13 09:01:32 2025-08-13T16:01:32.064Z daemon INFO time="2025-08-13T09:01:32-07:00" level=info msg="sending command" command="CONFIGURE bits 8" monitor=serial-monitor
2025-08-13 09:01:32 2025-08-13T16:01:32.064Z daemon INFO time="2025-08-13T09:01:32-07:00" level=info msg="received message" error=false event_type=configure message=OK monitor=serial-monitor
2025-08-13 09:01:32 2025-08-13T16:01:32.064Z daemon INFO time="2025-08-13T09:01:32-07:00" level=info msg="sending command" command="CONFIGURE dtr on" monitor=serial-monitor
2025-08-13 09:01:32 2025-08-13T16:01:32.064Z daemon INFO time="2025-08-13T09:01:32-07:00" level=info msg="received message" error=false event_type=configure message=OK monitor=serial-monitor
2025-08-13 09:01:32 2025-08-13T16:01:32.064Z daemon INFO time="2025-08-13T09:01:32-07:00" level=info msg="sending command" command="CONFIGURE parity none" monitor=serial-monitor
2025-08-13 09:01:32 2025-08-13T16:01:32.064Z daemon INFO time="2025-08-13T09:01:32-07:00" level=info msg="received message" error=false event_type=configure message=OK monitor=serial-monitor
2025-08-13 09:01:32 2025-08-13T16:01:32.064Z daemon INFO time="2025-08-13T09:01:32-07:00" level=info msg="sending command" command="OPEN 127.0.0.1:33799 /dev/ttyACM0" monitor=serial-monitor
2025-08-13 09:01:32 2025-08-13T16:01:32.065Z daemon INFO time="2025-08-13T09:01:32-07:00" level=info msg="received message" error=true event_type=open message="Serial port busy" monitor=serial-monitor
2025-08-13 09:01:32 2025-08-13T16:01:32.065Z daemon INFO time="2025-08-13T09:01:32-07:00" level=info msg="sending command" command=QUIT monitor=serial-monitor
2025-08-13 09:01:32 2025-08-13T16:01:32.065Z daemon INFO time="2025-08-13T09:01:32-07:00" level=info msg="received message" error=false event_type=quit message=OK monitor=serial-monitor
2025-08-13 09:01:32 2025-08-13T16:01:32.065Z daemon INFO time="2025-08-13T09:01:32-07:00" level=info msg="Killing monitor process" monitor=serial-monitor
2025-08-13 09:01:32 2025-08-13T16:01:32.065Z daemon INFO time="2025-08-13T09:01:32-07:00" level=error msg="stopped decode loop: EOF" monitor=serial-monitor
time="2025-08-13T09:01:32-07:00" level=info msg="Monitor process killed" monitor=serial-monitor
2025-08-13 09:01:32 2025-08-13T16:01:32.066Z monitor-service ERROR Error: 13 INTERNAL: Port monitor error: command 'open' failed: Serial port busy
    at t.callErrorFromStatus (/nix/store/2d5i1bzbqbnl4rgnhk8czrw5zmqqjdzv-arduino-ide-2.3.6-extracted/resources/app/lib/backend/main.js:2:987037)
    at Object.onReceiveStatus (/nix/store/2d5i1bzbqbnl4rgnhk8czrw5zmqqjdzv-arduino-ide-2.3.6-extracted/resources/app/lib/backend/main.js:2:3786743)
    at Object.onReceiveStatus (/nix/store/2d5i1bzbqbnl4rgnhk8czrw5zmqqjdzv-arduino-ide-2.3.6-extracted/resources/app/lib/backend/main.js:2:2216111)
    at /nix/store/2d5i1bzbqbnl4rgnhk8czrw5zmqqjdzv-arduino-ide-2.3.6-extracted/resources/app/lib/backend/main.js:2:4354680
    at process.processTicksAndRejections (node:internal/process/task_queues:77:11)
for call at
    at s.makeBidiStreamRequest (/nix/store/2d5i1bzbqbnl4rgnhk8czrw5zmqqjdzv-arduino-ide-2.3.6-extracted/resources/app/lib/backend/main.js:2:3786510)
    at s.monitor (/nix/store/2d5i1bzbqbnl4rgnhk8czrw5zmqqjdzv-arduino-ide-2.3.6-extracted/resources/app/lib/backend/main.js:2:3311624)
    at y.createDuplex (/nix/store/2d5i1bzbqbnl4rgnhk8czrw5zmqqjdzv-arduino-ide-2.3.6-extracted/resources/app/lib/backend/main.js:2:3732370)
    at async /nix/store/2d5i1bzbqbnl4rgnhk8czrw5zmqqjdzv-arduino-ide-2.3.6-extracted/resources/app/lib/backend/main.js:2:3733698
    at async t.retry (/nix/store/2d5i1bzbqbnl4rgnhk8czrw5zmqqjdzv-arduino-ide-2.3.6-extracted/resources/app/lib/backend/main.js:2:2019631)
    at async y.start (/nix/store/2d5i1bzbqbnl4rgnhk8czrw5zmqqjdzv-arduino-ide-2.3.6-extracted/resources/app/lib/backend/main.js:2:3731251)
    at async u.startMonitor (/nix/store/2d5i1bzbqbnl4rgnhk8czrw5zmqqjdzv-arduino-ide-2.3.6-extracted/resources/app/lib/backend/main.js:2:239367)
    at async u.onRequest (/nix/store/2d5i1bzbqbnl4rgnhk8czrw5zmqqjdzv-arduino-ide-2.3.6-extracted/resources/app/lib/backend/main.js:2:4942944)
    at async c.handleRequest (/nix/store/2d5i1bzbqbnl4rgnhk8czrw5zmqqjdzv-arduino-ide-2.3.6-extracted/resources/app/lib/backend/main.js:2:524475)
2025-08-13 09:01:32 2025-08-13T16:01:32.066Z monitor-service INFO monitor to /dev/ttyACM0 using serial closed by server
2025-08-13 09:01:32 2025-08-13T16:01:32.066Z monitor-service INFO monitor to /dev/ttyACM0 using serial closed by client
2025-08-13 09:01:34 2025-08-13T16:01:34.070Z daemon INFO time="2025-08-13T09:01:34-07:00" level=info msg="Starting monitor process" monitor=serial-monitor
2025-08-13 09:01:34 2025-08-13T16:01:34.071Z daemon INFO time="2025-08-13T09:01:34-07:00" level=info msg="Monitor process started successfully!" monitor=serial-monitor
time="2025-08-13T09:01:34-07:00" level=info msg="sending command" command="HELLO 1 \"arduino-cli 1.2.0\"" monitor=serial-monitor
2025-08-13 09:01:34 2025-08-13T16:01:34.073Z daemon INFO time="2025-08-13T09:01:34-07:00" level=info msg="received message" error=false event_type=hello message=OK monitor=serial-monitor
time="2025-08-13T09:01:34-07:00" level=info msg="sending command" command=DESCRIBE monitor=serial-monitor
2025-08-13 09:01:34 2025-08-13T16:01:34.074Z daemon INFO time="2025-08-13T09:01:34-07:00" level=info msg="received message" error=false event_type=describe message=OK monitor=serial-monitor
time="2025-08-13T09:01:34-07:00" level=info msg="sending command" command="CONFIGURE rts on" monitor=serial-monitor
2025-08-13 09:01:34 2025-08-13T16:01:34.074Z daemon INFO time="2025-08-13T09:01:34-07:00" level=info msg="received message" error=false event_type=configure message=OK monitor=serial-monitor
2025-08-13 09:01:34 2025-08-13T16:01:34.074Z daemon INFO time="2025-08-13T09:01:34-07:00" level=info msg="sending command" command="CONFIGURE stop_bits 1" monitor=serial-monitor
time="2025-08-13T09:01:34-07:00" level=info msg="received message" error=false event_type=configure message=OK monitor=serial-monitor
2025-08-13 09:01:34 2025-08-13T16:01:34.074Z daemon INFO time="2025-08-13T09:01:34-07:00" level=info msg="sending command" command="CONFIGURE baudrate 115200" monitor=serial-monitor
2025-08-13 09:01:34 2025-08-13T16:01:34.074Z daemon INFO time="2025-08-13T09:01:34-07:00" level=info msg="received message" error=false event_type=configure message=OK monitor=serial-monitor
time="2025-08-13T09:01:34-07:00" level=info msg="sending command" command="CONFIGURE bits 8" monitor=serial-monitor
2025-08-13 09:01:34 2025-08-13T16:01:34.074Z daemon INFO time="2025-08-13T09:01:34-07:00" level=info msg="received message" error=false event_type=configure message=OK monitor=serial-monitor
2025-08-13 09:01:34 2025-08-13T16:01:34.074Z daemon INFO time="2025-08-13T09:01:34-07:00" level=info msg="sending command" command="CONFIGURE dtr on" monitor=serial-monitor
2025-08-13 09:01:34 2025-08-13T16:01:34.074Z daemon INFO time="2025-08-13T09:01:34-07:00" level=info msg="received message" error=false event_type=configure message=OK monitor=serial-monitor
2025-08-13 09:01:34 2025-08-13T16:01:34.074Z daemon INFO time="2025-08-13T09:01:34-07:00" level=info msg="sending command" command="CONFIGURE parity none" monitor=serial-monitor
2025-08-13 09:01:34 2025-08-13T16:01:34.074Z daemon INFO time="2025-08-13T09:01:34-07:00" level=info msg="received message" error=false event_type=configure message=OK monitor=serial-monitor
2025-08-13 09:01:34 2025-08-13T16:01:34.074Z daemon INFO time="2025-08-13T09:01:34-07:00" level=info msg="sending command" command="OPEN 127.0.0.1:34079 /dev/ttyACM0" monitor=serial-monitor
2025-08-13 09:01:34 2025-08-13T16:01:34.074Z daemon INFO time="2025-08-13T09:01:34-07:00" level=info msg="received message" error=true event_type=open message="Serial port busy" monitor=serial-monitor
2025-08-13 09:01:34 2025-08-13T16:01:34.074Z daemon INFO time="2025-08-13T09:01:34-07:00" level=info msg="sending command" command=QUIT monitor=serial-monitor
2025-08-13 09:01:34 2025-08-13T16:01:34.075Z daemon INFO time="2025-08-13T09:01:34-07:00" level=info msg="received message" error=false event_type=quit message=OK monitor=serial-monitor
2025-08-13 09:01:34 2025-08-13T16:01:34.075Z daemon INFO time="2025-08-13T09:01:34-07:00" level=info msg="Killing monitor process" monitor=serial-monitor
2025-08-13 09:01:34 2025-08-13T16:01:34.075Z daemon INFO time="2025-08-13T09:01:34-07:00" level=error msg="stopped decode loop: EOF" monitor=serial-monitor
2025-08-13 09:01:34 2025-08-13T16:01:34.075Z daemon INFO time="2025-08-13T09:01:34-07:00" level=info msg="Monitor process killed" monitor=serial-monitor
2025-08-13 09:01:34 2025-08-13T16:01:34.076Z monitor-service ERROR Error: 13 INTERNAL: Port monitor error: command 'open' failed: Serial port busy
    at t.callErrorFromStatus (/nix/store/2d5i1bzbqbnl4rgnhk8czrw5zmqqjdzv-arduino-ide-2.3.6-extracted/resources/app/lib/backend/main.js:2:987037)
    at Object.onReceiveStatus (/nix/store/2d5i1bzbqbnl4rgnhk8czrw5zmqqjdzv-arduino-ide-2.3.6-extracted/resources/app/lib/backend/main.js:2:3786743)
    at Object.onReceiveStatus (/nix/store/2d5i1bzbqbnl4rgnhk8czrw5zmqqjdzv-arduino-ide-2.3.6-extracted/resources/app/lib/backend/main.js:2:2216111)
    at /nix/store/2d5i1bzbqbnl4rgnhk8czrw5zmqqjdzv-arduino-ide-2.3.6-extracted/resources/app/lib/backend/main.js:2:4354680
    at process.processTicksAndRejections (node:internal/process/task_queues:77:11)
for call at
    at s.makeBidiStreamRequest (/nix/store/2d5i1bzbqbnl4rgnhk8czrw5zmqqjdzv-arduino-ide-2.3.6-extracted/resources/app/lib/backend/main.js:2:3786510)
    at s.monitor (/nix/store/2d5i1bzbqbnl4rgnhk8czrw5zmqqjdzv-arduino-ide-2.3.6-extracted/resources/app/lib/backend/main.js:2:3311624)
    at y.createDuplex (/nix/store/2d5i1bzbqbnl4rgnhk8czrw5zmqqjdzv-arduino-ide-2.3.6-extracted/resources/app/lib/backend/main.js:2:3732370)
    at async /nix/store/2d5i1bzbqbnl4rgnhk8czrw5zmqqjdzv-arduino-ide-2.3.6-extracted/resources/app/lib/backend/main.js:2:3733698
    at async t.retry (/nix/store/2d5i1bzbqbnl4rgnhk8czrw5zmqqjdzv-arduino-ide-2.3.6-extracted/resources/app/lib/backend/main.js:2:2019631)
    at async y.start (/nix/store/2d5i1bzbqbnl4rgnhk8czrw5zmqqjdzv-arduino-ide-2.3.6-extracted/resources/app/lib/backend/main.js:2:3731251)
    at async u.startMonitor (/nix/store/2d5i1bzbqbnl4rgnhk8czrw5zmqqjdzv-arduino-ide-2.3.6-extracted/resources/app/lib/backend/main.js:2:239367)
    at async u.onRequest (/nix/store/2d5i1bzbqbnl4rgnhk8czrw5zmqqjdzv-arduino-ide-2.3.6-extracted/resources/app/lib/backend/main.js:2:4942944)
    at async c.handleRequest (/nix/store/2d5i1bzbqbnl4rgnhk8czrw5zmqqjdzv-arduino-ide-2.3.6-extracted/resources/app/lib/backend/main.js:2:524475)
2025-08-13 09:01:34 2025-08-13T16:01:34.076Z monitor-service INFO monitor to /dev/ttyACM0 using serial closed by server
2025-08-13 09:01:34 2025-08-13T16:01:34.076Z monitor-service INFO monitor to /dev/ttyACM0 using serial closed by client
2025-08-13 09:01:35 2025-08-13T16:01:35.849Z daemon INFO time="2025-08-13T09:01:35-07:00" level=info msg="Adding libraries dir" dir=/home/aaron/.arduino15/libraries isSingleLibrary=false location=ide
2025-08-13 09:01:35 2025-08-13T16:01:35.850Z daemon INFO time="2025-08-13T09:01:35-07:00" level=info msg="Adding libraries dir" dir=/home/aaron/.arduino15/packages/esp32/hardware/esp32/3.3.0/libraries isSingleLibrary=false location=platform
time="2025-08-13T09:01:35-07:00" level=info msg="Adding libraries dir" dir=/home/aaron/Arduino/libraries isSingleLibrary=false location=user
2025-08-13 09:01:36 2025-08-13T16:01:36.078Z daemon INFO time="2025-08-13T09:01:36-07:00" level=info msg="Starting monitor process" monitor=serial-monitor
2025-08-13 09:01:36 2025-08-13T16:01:36.079Z daemon INFO time="2025-08-13T09:01:36-07:00" level=info msg="Monitor process started successfully!" monitor=serial-monitor
time="2025-08-13T09:01:36-07:00" level=info msg="sending command" command="HELLO 1 \"arduino-cli 1.2.0\"" monitor=serial-monitor
2025-08-13 09:01:36 2025-08-13T16:01:36.081Z daemon INFO time="2025-08-13T09:01:36-07:00" level=info msg="received message" error=false event_type=hello message=OK monitor=serial-monitor
time="2025-08-13T09:01:36-07:00" level=info msg="sending command" command=DESCRIBE monitor=serial-monitor
2025-08-13 09:01:36 2025-08-13T16:01:36.081Z daemon INFO time="2025-08-13T09:01:36-07:00" level=info msg="received message" error=false event_type=describe message=OK monitor=serial-monitor
2025-08-13 09:01:36 2025-08-13T16:01:36.082Z daemon INFO time="2025-08-13T09:01:36-07:00" level=info msg="sending command" command="CONFIGURE rts on" monitor=serial-monitor
2025-08-13 09:01:36 2025-08-13T16:01:36.082Z daemon INFO time="2025-08-13T09:01:36-07:00" level=info msg="received message" error=false event_type=configure message=OK monitor=serial-monitor
time="2025-08-13T09:01:36-07:00" level=info msg="sending command" command="CONFIGURE stop_bits 1" monitor=serial-monitor
2025-08-13 09:01:36 2025-08-13T16:01:36.082Z daemon INFO time="2025-08-13T09:01:36-07:00" level=info msg="received message" error=false event_type=configure message=OK monitor=serial-monitor
2025-08-13 09:01:36 2025-08-13T16:01:36.082Z daemon INFO time="2025-08-13T09:01:36-07:00" level=info msg="sending command" command="CONFIGURE baudrate 115200" monitor=serial-monitor
2025-08-13 09:01:36 2025-08-13T16:01:36.082Z daemon INFO time="2025-08-13T09:01:36-07:00" level=info msg="received message" error=false event_type=configure message=OK monitor=serial-monitor
time="2025-08-13T09:01:36-07:00" level=info msg="sending command" command="CONFIGURE bits 8" monitor=serial-monitor
2025-08-13 09:01:36 2025-08-13T16:01:36.082Z daemon INFO time="2025-08-13T09:01:36-07:00" level=info msg="received message" error=false event_type=configure message=OK monitor=serial-monitor
2025-08-13 09:01:36 2025-08-13T16:01:36.082Z daemon INFO time="2025-08-13T09:01:36-07:00" level=info msg="sending command" command="CONFIGURE dtr on" monitor=serial-monitor
2025-08-13 09:01:36 2025-08-13T16:01:36.082Z daemon INFO time="2025-08-13T09:01:36-07:00" level=info msg="received message" error=false event_type=configure message=OK monitor=serial-monitor
time="2025-08-13T09:01:36-07:00" level=info msg="sending command" command="CONFIGURE parity none" monitor=serial-monitor
2025-08-13 09:01:36 2025-08-13T16:01:36.082Z daemon INFO time="2025-08-13T09:01:36-07:00" level=info msg="received message" error=false event_type=configure message=OK monitor=serial-monitor
2025-08-13 09:01:36 2025-08-13T16:01:36.082Z daemon INFO time="2025-08-13T09:01:36-07:00" level=info msg="sending command" command="OPEN 127.0.0.1:39357 /dev/ttyACM0" monitor=serial-monitor
2025-08-13 09:01:36 2025-08-13T16:01:36.082Z daemon INFO time="2025-08-13T09:01:36-07:00" level=info msg="received message" error=true event_type=open message="Serial port busy" monitor=serial-monitor
2025-08-13 09:01:36 2025-08-13T16:01:36.082Z daemon INFO time="2025-08-13T09:01:36-07:00" level=info msg="sending command" command=QUIT monitor=serial-monitor
2025-08-13 09:01:36 2025-08-13T16:01:36.083Z daemon INFO time="2025-08-13T09:01:36-07:00" level=info msg="received message" error=false event_type=quit message=OK monitor=serial-monitor
2025-08-13 09:01:36 2025-08-13T16:01:36.083Z daemon INFO time="2025-08-13T09:01:36-07:00" level=info msg="Killing monitor process" monitor=serial-monitor
2025-08-13 09:01:36 2025-08-13T16:01:36.083Z daemon INFO time="2025-08-13T09:01:36-07:00" level=error msg="stopped decode loop: EOF" monitor=serial-monitor
2025-08-13 09:01:36 2025-08-13T16:01:36.083Z daemon INFO time="2025-08-13T09:01:36-07:00" level=info msg="Monitor process killed" monitor=serial-monitor
2025-08-13 09:01:36 2025-08-13T16:01:36.084Z monitor-service ERROR Error: 13 INTERNAL: Port monitor error: command 'open' failed: Serial port busy
    at t.callErrorFromStatus (/nix/store/2d5i1bzbqbnl4rgnhk8czrw5zmqqjdzv-arduino-ide-2.3.6-extracted/resources/app/lib/backend/main.js:2:987037)
    at Object.onReceiveStatus (/nix/store/2d5i1bzbqbnl4rgnhk8czrw5zmqqjdzv-arduino-ide-2.3.6-extracted/resources/app/lib/backend/main.js:2:3786743)
    at Object.onReceiveStatus (/nix/store/2d5i1bzbqbnl4rgnhk8czrw5zmqqjdzv-arduino-ide-2.3.6-extracted/resources/app/lib/backend/main.js:2:2216111)
    at /nix/store/2d5i1bzbqbnl4rgnhk8czrw5zmqqjdzv-arduino-ide-2.3.6-extracted/resources/app/lib/backend/main.js:2:4354680
    at process.processTicksAndRejections (node:internal/process/task_queues:77:11)
for call at
    at s.makeBidiStreamRequest (/nix/store/2d5i1bzbqbnl4rgnhk8czrw5zmqqjdzv-arduino-ide-2.3.6-extracted/resources/app/lib/backend/main.js:2:3786510)
    at s.monitor (/nix/store/2d5i1bzbqbnl4rgnhk8czrw5zmqqjdzv-arduino-ide-2.3.6-extracted/resources/app/lib/backend/main.js:2:3311624)
    at y.createDuplex (/nix/store/2d5i1bzbqbnl4rgnhk8czrw5zmqqjdzv-arduino-ide-2.3.6-extracted/resources/app/lib/backend/main.js:2:3732370)
    at async /nix/store/2d5i1bzbqbnl4rgnhk8czrw5zmqqjdzv-arduino-ide-2.3.6-extracted/resources/app/lib/backend/main.js:2:3733698
    at async t.retry (/nix/store/2d5i1bzbqbnl4rgnhk8czrw5zmqqjdzv-arduino-ide-2.3.6-extracted/resources/app/lib/backend/main.js:2:2019631)
    at async y.start (/nix/store/2d5i1bzbqbnl4rgnhk8czrw5zmqqjdzv-arduino-ide-2.3.6-extracted/resources/app/lib/backend/main.js:2:3731251)
    at async u.startMonitor (/nix/store/2d5i1bzbqbnl4rgnhk8czrw5zmqqjdzv-arduino-ide-2.3.6-extracted/resources/app/lib/backend/main.js:2:239367)
    at async u.onRequest (/nix/store/2d5i1bzbqbnl4rgnhk8czrw5zmqqjdzv-arduino-ide-2.3.6-extracted/resources/app/lib/backend/main.js:2:4942944)
    at async c.handleRequest (/nix/store/2d5i1bzbqbnl4rgnhk8czrw5zmqqjdzv-arduino-ide-2.3.6-extracted/resources/app/lib/backend/main.js:2:524475)
2025-08-13 09:01:36 2025-08-13T16:01:36.084Z monitor-service INFO monitor to /dev/ttyACM0 using serial closed by server
2025-08-13 09:01:36 2025-08-13T16:01:36.084Z monitor-service INFO monitor to /dev/ttyACM0 using serial closed by client
2025-08-13 09:01:37 2025-08-13T16:01:37.015Z daemon INFO time="2025-08-13T09:01:37-07:00" level=info msg="Resolving include TinyGPSPlus.h for arch esp32"
time="2025-08-13T09:01:37-07:00" level=info msg="  found better lib" lib=TinyGPSPlusPlus prio=517
2025-08-13 09:01:37 2025-08-13T16:01:37.015Z daemon INFO time="2025-08-13T09:01:37-07:00" level=info msg="  found better lib" lib=TinyGPSPlus-ESP32 prio=521
2025-08-13 09:01:37 2025-08-13T16:01:37.594Z daemon INFO time="2025-08-13T09:01:37-07:00" level=info msg="Resolving include WiFi.h for arch esp32"
time="2025-08-13T09:01:37-07:00" level=info msg="  found better lib" lib=WiFi prio=6B0
2025-08-13 09:01:38 2025-08-13T16:01:38.085Z monitor-service WARN failed starting monitor to /dev/ttyACM0 using serial
2025-08-13 09:01:38 2025-08-13T16:01:38.130Z root INFO Failed to start language server. Original FQBN: esp32:esp32:esp32s3 Error: Timeout after 20000 ms.
    at file:///nix/store/2d5i1bzbqbnl4rgnhk8czrw5zmqqjdzv-arduino-ide-2.3.6-extracted/resources/app/lib/frontend/bundle.js:2:11010057
2025-08-13 09:01:38 2025-08-13T16:01:38.207Z root INFO Starting language server: esp32:esp32:XIAO_ESP32C3:UploadSpeed=921600,CDCOnBoot=default,CPUFreq=160,FlashFreq=80,FlashMode=qio,FlashSize=4M,PartitionScheme=default,DebugLevel=none,EraseFlash=none
2025-08-13 09:01:38 2025-08-13T16:01:38.213Z daemon INFO time="2025-08-13T09:01:38-07:00" level=info msg="Resolving include Network.h for arch esp32"
time="2025-08-13T09:01:38-07:00" level=info msg="  found better lib" lib=Networking prio=64C
2025-08-13 09:01:39 2025-08-13T16:01:39.155Z daemon INFO time="2025-08-13T09:01:39-07:00" level=info msg="Resolving include BLEDevice.h for arch esp32"
time="2025-08-13T09:01:39-07:00" level=info msg="  found better lib" lib=BLE prio=3F4
2025-08-13 09:01:47 isTempSketch: false. Input was /home/aaron/Arduino/slave_working/slave
2025-08-13 09:01:47 Marking workspace as a closed sketch. Workspace URI: file:///home/aaron/Arduino/slave_working/slave. Date: 1755100907833.
2025-08-13 09:01:47 isTempSketch: false. Input was /home/aaron/Arduino/slave_working/slave
2025-08-13 09:01:47 Marking workspace as a closed sketch. Workspace URI: file:///home/aaron/Arduino/slave_working/slave. Date: 1755100907837.
2025-08-13 09:01:47 2025-08-13T16:01:47.849Z root INFO socked closed
2025-08-13 09:01:47 2025-08-13T16:01:47.849Z root INFO closing connection for 4
2025-08-13 09:01:47 2025-08-13T16:01:47.849Z root INFO Closing channel on service path '/localization-server'.
2025-08-13 09:01:47 2025-08-13T16:01:47.849Z root INFO Closing channel on service path '/os'.
2025-08-13 09:01:47 2025-08-13T16:01:47.849Z root INFO Closing channel on service path '/services/commands'.
2025-08-13 09:01:47 2025-08-13T16:01:47.849Z root INFO Closing channel on service path '/services/keyboard'.
2025-08-13 09:01:47 2025-08-13T16:01:47.849Z root INFO Closing channel on service path '/services/logger'.
2025-08-13 09:01:47 2025-08-13T16:01:47.849Z root INFO Closing channel on service path '/services/messageService'.
2025-08-13 09:01:47 2025-08-13T16:01:47.849Z root INFO Closing channel on service path '/services/ChannelCloseService'.
2025-08-13 09:01:47 2025-08-13T16:01:47.849Z root INFO Closing channel on service path '/services/remote-filesystem'.
2025-08-13 09:01:47 2025-08-13T16:01:47.849Z root INFO Closing channel on service path '/services/envs'.
2025-08-13 09:01:47 2025-08-13T16:01:47.849Z root INFO Closing channel on service path '/services/authentication-service'.
2025-08-13 09:01:47 2025-08-13T16:01:47.849Z root INFO Closing channel on service path '/services/sketches-service'.
2025-08-13 09:01:47 2025-08-13T16:01:47.849Z root INFO Closing channel on service path '/services/config-service'.
2025-08-13 09:01:47 2025-08-13T16:01:47.849Z root INFO Closing channel on service path '/services/workspace'.
2025-08-13 09:01:47 2025-08-13T16:01:47.849Z root INFO Closing channel on service path '/services/notification-service'.
2025-08-13 09:01:47 2025-08-13T16:01:47.849Z root INFO Closing channel on service path '/services/arduino-daemon'.
2025-08-13 09:01:47 2025-08-13T16:01:47.849Z root INFO Closing channel on service path '/services/stopwatch'.
2025-08-13 09:01:47 2025-08-13T16:01:47.849Z root INFO Closing channel on service path '/services/application'.
2025-08-13 09:01:47 2025-08-13T16:01:47.849Z root INFO Closing channel on service path '/services/i18n'.
2025-08-13 09:01:47 2025-08-13T16:01:47.849Z root INFO Closing channel on service path '/services/quickInput'.
2025-08-13 09:01:47 2025-08-13T16:01:47.849Z root INFO Closing channel on service path '/services/debug'.
2025-08-13 09:01:47 2025-08-13T16:01:47.849Z root INFO Closing channel on service path '/services/shell-terminal'.
2025-08-13 09:01:47 2025-08-13T16:01:47.849Z root INFO Closing channel on service path '/services/quickPick'.
2025-08-13 09:01:47 2025-08-13T16:01:47.849Z root INFO Closing channel on service path '/services/task'.
2025-08-13 09:01:47 2025-08-13T16:01:47.849Z root INFO Closing channel on service path '/services/search'.
2025-08-13 09:01:47 2025-08-13T16:01:47.849Z root INFO Closing channel on service path '/services/hostedPlugin'.
2025-08-13 09:01:47 2025-08-13T16:01:47.849Z root INFO Closing channel on service path '/services/plugin-ext'.
2025-08-13 09:01:47 2025-08-13T16:01:47.849Z root INFO Closing channel on service path '/services/plugin-paths'.
2025-08-13 09:01:47 2025-08-13T16:01:47.849Z root INFO Closing channel on service path '/services/cli-preferences'.
2025-08-13 09:01:47 2025-08-13T16:01:47.849Z root INFO Closing channel on service path '/services/boards-service'.
2025-08-13 09:01:47 2025-08-13T16:01:47.849Z root INFO Closing channel on service path '/services/response-service'.
2025-08-13 09:01:47 2025-08-13T16:01:47.849Z root INFO Closing channel on service path '/services/file-system-ext'.
2025-08-13 09:01:47 2025-08-13T16:01:47.849Z root INFO Closing channel on service path '/services/core-service'.
2025-08-13 09:01:47 2025-08-13T16:01:47.849Z root INFO Closing channel on service path '/services/example-service'.
2025-08-13 09:01:47 2025-08-13T16:01:47.849Z root INFO Closing channel on service path '/services/library-service'.
2025-08-13 09:01:47 2025-08-13T16:01:47.849Z root INFO Closing channel on service path '/services/executable-service'.
2025-08-13 09:01:47 2025-08-13T16:01:47.849Z root INFO Closing channel on service path '/services/arduino-firmware-uploader'.
2025-08-13 09:01:47 2025-08-13T16:01:47.849Z root INFO Closing channel on service path '/services/formatter'.
2025-08-13 09:01:47 2025-08-13T16:01:47.849Z root INFO Closing channel on service path '/services/search-in-workspace'.
2025-08-13 09:01:47 2025-08-13T16:01:47.849Z root INFO Closing channel on service path '/services/request-service'.
2025-08-13 09:01:47 2025-08-13T16:01:47.849Z root INFO Closing channel on service path '/services/keyStore'.
2025-08-13 09:01:47 2025-08-13T16:01:47.849Z root INFO Closing channel on service path '/services/languagePackService'.
2025-08-13 09:01:47 2025-08-13T16:01:47.849Z root INFO Closing channel on service path '/services/monitor-manager-proxy'.
2025-08-13 09:01:47 Closing channel on service path '/services/electron-window'.
2025-08-13 09:01:47 Closing channel on service path '/services/ide-updater'.
2025-08-13 09:01:58 2025-08-13T16:01:58.211Z root INFO Failed to start language server. Original FQBN: esp32:esp32:XIAO_ESP32C3 Error: Timeout after 20000 ms.
    at file:///nix/store/2d5i1bzbqbnl4rgnhk8czrw5zmqqjdzv-arduino-ide-2.3.6-extracted/resources/app/lib/frontend/bundle.js:2:11010057
2025-08-13 09:01:58 2025-08-13T16:01:58.605Z daemon INFO time="2025-08-13T09:01:58-07:00" level=info msg="Adding libraries dir" dir=/home/aaron/.arduino15/libraries isSingleLibrary=false location=ide
time="2025-08-13T09:01:58-07:00" level=info msg="Adding libraries dir" dir=/home/aaron/.arduino15/packages/esp32/hardware/esp32/3.3.0/libraries isSingleLibrary=false location=platform
2025-08-13 09:01:58 2025-08-13T16:01:58.605Z daemon INFO time="2025-08-13T09:01:58-07:00" level=info msg="Adding libraries dir" dir=/home/aaron/Arduino/libraries isSingleLibrary=false location=user
2025-08-13 09:02:03 2025-08-13T16:02:03.317Z daemon INFO time="2025-08-13T09:02:03-07:00" level=info msg="Adding libraries dir" dir=/home/aaron/.arduino15/libraries isSingleLibrary=false location=ide
time="2025-08-13T09:02:03-07:00" level=info msg="Adding libraries dir" dir=/home/aaron/.arduino15/packages/esp32/hardware/esp32/3.3.0/libraries isSingleLibrary=false location=platform
2025-08-13 09:02:03 2025-08-13T16:02:03.318Z daemon INFO time="2025-08-13T09:02:03-07:00" level=info msg="Adding libraries dir" dir=/home/aaron/Arduino/libraries isSingleLibrary=false location=user
2025-08-13 09:02:04 2025-08-13T16:02:04.439Z daemon INFO time="2025-08-13T09:02:04-07:00" level=info msg="Resolving include TinyGPSPlus.h for arch esp32"
time="2025-08-13T09:02:04-07:00" level=info msg="  found better lib" lib=TinyGPSPlusPlus prio=517
2025-08-13 09:02:04 2025-08-13T16:02:04.439Z daemon INFO time="2025-08-13T09:02:04-07:00" level=info msg="  found better lib" lib=TinyGPSPlus-ESP32 prio=521
2025-08-13 09:02:05 2025-08-13T16:02:05.019Z daemon INFO time="2025-08-13T09:02:05-07:00" level=info msg="Resolving include WiFi.h for arch esp32"
time="2025-08-13T09:02:05-07:00" level=info msg="  found better lib" lib=WiFi prio=6B0
2025-08-13 09:02:05 2025-08-13T16:02:05.634Z daemon INFO time="2025-08-13T09:02:05-07:00" level=info msg="Resolving include Network.h for arch esp32"
time="2025-08-13T09:02:05-07:00" level=info msg="  found better lib" lib=Networking prio=64C
2025-08-13 09:02:06 2025-08-13T16:02:06.553Z daemon INFO time="2025-08-13T09:02:06-07:00" level=info msg="Resolving include BLEDevice.h for arch esp32"
time="2025-08-13T09:02:06-07:00" level=info msg="  found better lib" lib=BLE prio=3F4
2025-08-13 09:02:28 2025-08-13T16:02:28.417Z root INFO Executing 'arduino.languageserver.notifyBuildDidComplete' with "file:///home/aaron/.cache/arduino/sketches/ED6F1CC7C9CBABD2D7344A0572EDD68B"
2025-08-13 09:02:28 2025-08-13T16:02:28.423Z daemon INFO time="2025-08-13T09:02:28-07:00" level=info msg="sending command" command=CLOSE monitor=serial-monitor
time="2025-08-13T09:02:28-07:00" level=info msg="received message" error=false event_type=close message=OK monitor=serial-monitor
2025-08-13 09:02:28 2025-08-13T16:02:28.423Z daemon INFO time="2025-08-13T09:02:28-07:00" level=info msg="sending command" command=QUIT monitor=serial-monitor
2025-08-13 09:02:28 2025-08-13T16:02:28.423Z daemon INFO time="2025-08-13T09:02:28-07:00" level=info msg="received message" error=false event_type=quit message=OK monitor=serial-monitor
time="2025-08-13T09:02:28-07:00" level=info msg="Killing monitor process" monitor=serial-monitor
2025-08-13 09:02:28 2025-08-13T16:02:28.424Z daemon INFO time="2025-08-13T09:02:28-07:00" level=error msg="stopped decode loop: EOF" monitor=serial-monitor
2025-08-13 09:02:28 2025-08-13T16:02:28.424Z daemon INFO time="2025-08-13T09:02:28-07:00" level=info msg="Monitor process killed" monitor=serial-monitor
2025-08-13 09:02:28 2025-08-13T16:02:28.427Z monitor-service INFO monitor to /dev/ttyACM0 using serial closed by server
2025-08-13 09:02:28 2025-08-13T16:02:28.442Z root ERROR Unexpected error when firing event on build did complete. "file:///home/aaron/.cache/arduino/sketches/ED6F1CC7C9CBABD2D7344A0572EDD68B" Error: Language client is not ready yet
    at D.sendNotification (/nix/store/2d5i1bzbqbnl4rgnhk8czrw5zmqqjdzv-arduino-ide-2.3.6-extracted/resources/app/plugins/vscode-arduino-tools/extension/dist/extension.js:2:139187)
    at /nix/store/2d5i1bzbqbnl4rgnhk8czrw5zmqqjdzv-arduino-ide-2.3.6-extracted/resources/app/plugins/vscode-arduino-tools/extension/dist/extension.js:2:10112
    at /nix/store/2d5i1bzbqbnl4rgnhk8czrw5zmqqjdzv-arduino-ide-2.3.6-extracted/resources/app/lib/backend/plugin-host.js:2:1564317
    at t.CommandRegistryImpl.executeLocalCommand (/nix/store/2d5i1bzbqbnl4rgnhk8czrw5zmqqjdzv-arduino-ide-2.3.6-extracted/resources/app/lib/backend/plugin-host.js:2:1564961)
    at t.CommandRegistryImpl.$executeCommand (/nix/store/2d5i1bzbqbnl4rgnhk8czrw5zmqqjdzv-arduino-ide-2.3.6-extracted/resources/app/lib/backend/plugin-host.js:2:1564473)
    at t.RPCProtocolImpl.handleRequest (/nix/store/2d5i1bzbqbnl4rgnhk8czrw5zmqqjdzv-arduino-ide-2.3.6-extracted/resources/app/lib/backend/plugin-host.js:2:1026128)
    at c.requestHandler (/nix/store/2d5i1bzbqbnl4rgnhk8czrw5zmqqjdzv-arduino-ide-2.3.6-extracted/resources/app/lib/backend/plugin-host.js:2:1025699)
    at c.handleRequest (/nix/store/2d5i1bzbqbnl4rgnhk8czrw5zmqqjdzv-arduino-ide-2.3.6-extracted/resources/app/lib/backend/plugin-host.js:2:223918)
    at c.handleMessage (/nix/store/2d5i1bzbqbnl4rgnhk8czrw5zmqqjdzv-arduino-ide-2.3.6-extracted/resources/app/lib/backend/plugin-host.js:2:221820)
    at /nix/store/2d5i1bzbqbnl4rgnhk8czrw5zmqqjdzv-arduino-ide-2.3.6-extracted/resources/app/lib/backend/plugin-host.js:2:221454
2025-08-13 09:02:40 2025-08-13T16:02:40.705Z root INFO Received port after upload [arduino+serial:///dev/ttyACM0, esp32:esp32:XIAO_ESP32C3:UploadSpeed=921600,CDCOnBoot=default,CPUFreq=160,FlashFreq=80,FlashMode=qio,FlashSize=4M,PartitionScheme=default,DebugLevel=none,EraseFlash=none, slave]. Before port: {"address":"/dev/ttyACM0","addressLabel":"/dev/ttyACM0","protocol":"serial","protocolLabel":"Serial Port (USB)","properties":{"pid":"0x1001","serialNumber":"30:ED:A0:AD:83:34","vid":"0x303a"},"hardwareId":"30:ED:A0:AD:83:34"}, after port: {"address":"/dev/ttyACM0","addressLabel":"/dev/ttyACM0","protocol":"serial","protocolLabel":"Serial Port (USB)","properties":{"pid":"0x1001","serialNumber":"94:A9:90:77:71:34","vid":"0x303a"},"hardwareId":"94:A9:90:77:71:34"}
2025-08-13 09:02:40 2025-08-13T16:02:40.707Z monitor-service INFO starting monitor
2025-08-13 09:02:40 2025-08-13T16:02:40.709Z daemon INFO time="2025-08-13T09:02:40-07:00" level=info msg="Starting monitor process" monitor=serial-monitor
2025-08-13 09:02:40 2025-08-13T16:02:40.710Z daemon INFO time="2025-08-13T09:02:40-07:00" level=info msg="Monitor process started successfully!" monitor=serial-monitor
time="2025-08-13T09:02:40-07:00" level=info msg="sending command" command="HELLO 1 \"arduino-cli 1.2.0\"" monitor=serial-monitor
2025-08-13 09:02:40 2025-08-13T16:02:40.713Z daemon INFO time="2025-08-13T09:02:40-07:00" level=info msg="received message" error=false event_type=hello message=OK monitor=serial-monitor
time="2025-08-13T09:02:40-07:00" level=info msg="sending command" command=DESCRIBE monitor=serial-monitor
2025-08-13 09:02:40 2025-08-13T16:02:40.713Z daemon INFO time="2025-08-13T09:02:40-07:00" level=info msg="received message" error=false event_type=describe message=OK monitor=serial-monitor
2025-08-13 09:02:40 2025-08-13T16:02:40.713Z daemon INFO time="2025-08-13T09:02:40-07:00" level=info msg="sending command" command=QUIT monitor=serial-monitor
time="2025-08-13T09:02:40-07:00" level=info msg="received message" error=false event_type=quit message=OK monitor=serial-monitor
2025-08-13 09:02:40 2025-08-13T16:02:40.713Z daemon INFO time="2025-08-13T09:02:40-07:00" level=info msg="Killing monitor process" monitor=serial-monitor
2025-08-13 09:02:40 2025-08-13T16:02:40.714Z daemon INFO time="2025-08-13T09:02:40-07:00" level=error msg="stopped decode loop: EOF" monitor=serial-monitor
2025-08-13 09:02:40 2025-08-13T16:02:40.714Z daemon INFO time="2025-08-13T09:02:40-07:00" level=info msg="Monitor process killed" monitor=serial-monitor
2025-08-13 09:02:40 2025-08-13T16:02:40.718Z daemon INFO time="2025-08-13T09:02:40-07:00" level=info msg="Starting monitor process" monitor=serial-monitor
2025-08-13 09:02:40 2025-08-13T16:02:40.720Z daemon INFO time="2025-08-13T09:02:40-07:00" level=info msg="Monitor process started successfully!" monitor=serial-monitor
time="2025-08-13T09:02:40-07:00" level=info msg="sending command" command="HELLO 1 \"arduino-cli 1.2.0\"" monitor=serial-monitor
2025-08-13 09:02:40 2025-08-13T16:02:40.722Z daemon INFO time="2025-08-13T09:02:40-07:00" level=info msg="received message" error=false event_type=hello message=OK monitor=serial-monitor
time="2025-08-13T09:02:40-07:00" level=info msg="sending command" command=DESCRIBE monitor=serial-monitor
2025-08-13 09:02:40 2025-08-13T16:02:40.722Z daemon INFO time="2025-08-13T09:02:40-07:00" level=info msg="received message" error=false event_type=describe message=OK monitor=serial-monitor
time="2025-08-13T09:02:40-07:00" level=info msg="sending command" command="CONFIGURE baudrate 115200" monitor=serial-monitor
2025-08-13 09:02:40 2025-08-13T16:02:40.723Z daemon INFO time="2025-08-13T09:02:40-07:00" level=info msg="received message" error=false event_type=configure message=OK monitor=serial-monitor
2025-08-13 09:02:40 2025-08-13T16:02:40.723Z daemon INFO time="2025-08-13T09:02:40-07:00" level=info msg="sending command" command="CONFIGURE bits 8" monitor=serial-monitor
time="2025-08-13T09:02:40-07:00" level=info msg="received message" error=false event_type=configure message=OK monitor=serial-monitor
2025-08-13 09:02:40 2025-08-13T16:02:40.723Z daemon INFO time="2025-08-13T09:02:40-07:00" level=info msg="sending command" command="CONFIGURE dtr on" monitor=serial-monitor
time="2025-08-13T09:02:40-07:00" level=info msg="received message" error=false event_type=configure message=OK monitor=serial-monitor
2025-08-13 09:02:40 2025-08-13T16:02:40.723Z daemon INFO time="2025-08-13T09:02:40-07:00" level=info msg="sending command" command="CONFIGURE parity none" monitor=serial-monitor
2025-08-13 09:02:40 2025-08-13T16:02:40.723Z daemon INFO time="2025-08-13T09:02:40-07:00" level=info msg="received message" error=false event_type=configure message=OK monitor=serial-monitor
time="2025-08-13T09:02:40-07:00" level=info msg="sending command" command="CONFIGURE rts on" monitor=serial-monitor
2025-08-13 09:02:40 2025-08-13T16:02:40.723Z daemon INFO time="2025-08-13T09:02:40-07:00" level=info msg="received message" error=false event_type=configure message=OK monitor=serial-monitor
time="2025-08-13T09:02:40-07:00" level=info msg="sending command" command="CONFIGURE stop_bits 1" monitor=serial-monitor
2025-08-13 09:02:40 2025-08-13T16:02:40.723Z daemon INFO time="2025-08-13T09:02:40-07:00" level=info msg="received message" error=false event_type=configure message=OK monitor=serial-monitor
time="2025-08-13T09:02:40-07:00" level=info msg="sending command" command="OPEN 127.0.0.1:34143 /dev/ttyACM0" monitor=serial-monitor
2025-08-13 09:02:40 2025-08-13T16:02:40.724Z daemon INFO time="2025-08-13T09:02:40-07:00" level=info msg="received message" error=false event_type=open message=OK monitor=serial-monitor
2025-08-13 09:02:40 2025-08-13T16:02:40.724Z daemon INFO time="2025-08-13T09:02:40-07:00" level=info msg="Port /dev/ttyACM0 successfully opened"
2025-08-13 09:02:40 2025-08-13T16:02:40.726Z monitor-service INFO Using port configuration for serial:/dev/ttyACM0: {"settingsList":[{"settingId":"baudrate","value":"115200"},{"settingId":"bits","value":"8"},{"settingId":"dtr","value":"on"},{"settingId":"parity","value":"none"},{"settingId":"rts","value":"on"},{"settingId":"stop_bits","value":"1"}]}
2025-08-13 09:02:40 2025-08-13T16:02:40.726Z monitor-service INFO started monitor to /dev/ttyACM0 using serial
2025-08-13 09:02:40 2025-08-13T16:02:40.754Z monitor-service INFO No port configuration changes have been detected. No need to send configure commands to the running monitor serial:/dev/ttyACM0.
2025-08-13 09:02:40 2025-08-13T16:02:40.754Z monitor-service INFO No port configuration changes have been detected. No need to send configure commands to the running monitor serial:/dev/ttyACM0.
2025-08-13 09:02:42 2025-08-13T16:02:42.806Z root WARN Widget was activated, but did not accept focus after 2000ms: serial-monitor
2025-08-13 09:02:45 2025-08-13T16:02:45.457Z daemon INFO time="2025-08-13T09:02:45-07:00" level=info msg="Adding libraries dir" dir=/home/aaron/.arduino15/libraries isSingleLibrary=false location=ide
time="2025-08-13T09:02:45-07:00" level=info msg="Adding libraries dir" dir=/home/aaron/.arduino15/packages/esp32/hardware/esp32/3.3.0/libraries isSingleLibrary=false location=platform
time="2025-08-13T09:02:45-07:00" level=info msg="Adding libraries dir" dir=/home/aaron/Arduino/libraries isSingleLibrary=false location=user
2025-08-13 09:02:47 2025-08-13T16:02:47.525Z daemon INFO time="2025-08-13T09:02:47-07:00" level=info msg="Adding libraries dir" dir=/home/aaron/.arduino15/libraries isSingleLibrary=false location=ide
2025-08-13 09:02:47 2025-08-13T16:02:47.525Z daemon INFO time="2025-08-13T09:02:47-07:00" level=info msg="Adding libraries dir" dir=/home/aaron/.arduino15/packages/esp32/hardware/esp32/3.3.0/libraries isSingleLibrary=false location=platform
time="2025-08-13T09:02:47-07:00" level=info msg="Adding libraries dir" dir=/home/aaron/Arduino/libraries isSingleLibrary=false location=user
2025-08-13 09:02:48 2025-08-13T16:02:48.648Z daemon INFO time="2025-08-13T09:02:48-07:00" level=info msg="Resolving include TinyGPSPlus.h for arch esp32"
time="2025-08-13T09:02:48-07:00" level=info msg="  found better lib" lib=TinyGPSPlus-ESP32 prio=521
time="2025-08-13T09:02:48-07:00" level=info msg="  discarded" lib=TinyGPSPlusPlus prio=517
2025-08-13 09:02:49 2025-08-13T16:02:49.218Z daemon INFO time="2025-08-13T09:02:49-07:00" level=info msg="Resolving include WiFi.h for arch esp32"
time="2025-08-13T09:02:49-07:00" level=info msg="  found better lib" lib=WiFi prio=6B0
2025-08-13 09:02:49 2025-08-13T16:02:49.823Z daemon INFO time="2025-08-13T09:02:49-07:00" level=info msg="Resolving include Network.h for arch esp32"
time="2025-08-13T09:02:49-07:00" level=info msg="  found better lib" lib=Networking prio=64C
2025-08-13 09:02:50 2025-08-13T16:02:50.692Z daemon INFO time="2025-08-13T09:02:50-07:00" level=info msg="Resolving include BLEDevice.h for arch esp32"
time="2025-08-13T09:02:50-07:00" level=info msg="  found better lib" lib=BLE prio=3F4
2025-08-13 09:03:27 2025-08-13T16:03:27.016Z daemon INFO time="2025-08-13T09:03:27-07:00" level=info msg="Adding libraries dir" dir=/home/aaron/.arduino15/libraries isSingleLibrary=false location=ide
time="2025-08-13T09:03:27-07:00" level=info msg="Adding libraries dir" dir=/home/aaron/.arduino15/packages/esp32/hardware/esp32/3.3.0/libraries isSingleLibrary=false location=platform
2025-08-13 09:03:27 2025-08-13T16:03:27.016Z daemon INFO time="2025-08-13T09:03:27-07:00" level=info msg="Adding libraries dir" dir=/home/aaron/Arduino/libraries isSingleLibrary=false location=user
2025-08-13 09:03:49 2025-08-13T16:03:49.603Z daemon INFO time="2025-08-13T09:03:49-07:00" level=info msg="sending command" command=CLOSE monitor=serial-monitor
2025-08-13 09:03:49 2025-08-13T16:03:49.604Z daemon INFO time="2025-08-13T09:03:49-07:00" level=info msg="received message" error=true event_type=port_closed message="readfrom tcp 127.0.0.1:48514->127.0.0.1:34143: Port has been closed" monitor=serial-monitor
time="2025-08-13T09:03:49-07:00" level=info msg="monitor port has been closed externally" monitor=serial-monitor
time="2025-08-13T09:03:49-07:00" level=info msg="received message" error=true event_type=close message="port already closed" monitor=serial-monitor
2025-08-13 09:03:49 2025-08-13T16:03:49.604Z daemon INFO time="2025-08-13T09:03:49-07:00" level=info msg="sending command" command=QUIT monitor=serial-monitor
2025-08-13 09:03:49 2025-08-13T16:03:49.604Z daemon INFO time="2025-08-13T09:03:49-07:00" level=info msg="received message" error=false event_type=quit message=OK monitor=serial-monitor
time="2025-08-13T09:03:49-07:00" level=info msg="Killing monitor process" monitor=serial-monitor
2025-08-13 09:03:49 2025-08-13T16:03:49.606Z discovery-log INFO {"eventType":"remove","port":{"matchingBoardsList":[],"port":{"address":"/dev/ttyACM0","label":"","protocol":"serial","protocolLabel":"","propertiesMap":[],"hardwareId":""}},"error":""}
2025-08-13 09:03:49 2025-08-13T16:03:49.607Z monitor-service INFO monitor to /dev/ttyACM0 using serial closed by server
2025-08-13 09:03:49 2025-08-13T16:03:49.607Z daemon INFO time="2025-08-13T09:03:49-07:00" level=error msg="stopped decode loop: EOF" monitor=serial-monitor
time="2025-08-13T09:03:49-07:00" level=info msg="Monitor process killed" monitor=serial-monitor
2025-08-13 09:04:09 2025-08-13T16:04:09.024Z discovery-log INFO {"eventType":"add","port":{"matchingBoardsList":[],"port":{"address":"/dev/ttyACM0","label":"/dev/ttyACM0","protocol":"serial","protocolLabel":"Serial Port (USB)","propertiesMap":[["pid","0x55d3"],["serialNumber","5A4E104763"],["vid","0x1a86"]],"hardwareId":"5A4E104763"}},"error":""}
2025-08-13 09:04:09 2025-08-13T16:04:09.224Z monitor-service WARN monitor to /dev/ttyACM0 using serial already stopped
2025-08-13 09:04:09 2025-08-13T16:04:09.321Z daemon INFO time="2025-08-13T09:04:09-07:00" level=info msg="Starting monitor process" monitor=serial-monitor
2025-08-13 09:04:09 2025-08-13T16:04:09.321Z daemon INFO time="2025-08-13T09:04:09-07:00" level=info msg="Monitor process started successfully!" monitor=serial-monitor
time="2025-08-13T09:04:09-07:00" level=info msg="sending command" command="HELLO 1 \"arduino-cli 1.2.0\"" monitor=serial-monitor
2025-08-13 09:04:09 2025-08-13T16:04:09.324Z daemon INFO time="2025-08-13T09:04:09-07:00" level=info msg="received message" error=false event_type=hello message=OK monitor=serial-monitor
time="2025-08-13T09:04:09-07:00" level=info msg="sending command" command=DESCRIBE monitor=serial-monitor
2025-08-13 09:04:09 2025-08-13T16:04:09.324Z daemon INFO time="2025-08-13T09:04:09-07:00" level=info msg="received message" error=false event_type=describe message=OK monitor=serial-monitor
2025-08-13 09:04:09 2025-08-13T16:04:09.324Z daemon INFO time="2025-08-13T09:04:09-07:00" level=info msg="sending command" command=QUIT monitor=serial-monitor
2025-08-13 09:04:09 2025-08-13T16:04:09.324Z daemon INFO time="2025-08-13T09:04:09-07:00" level=info msg="received message" error=false event_type=quit message=OK monitor=serial-monitor
time="2025-08-13T09:04:09-07:00" level=info msg="Killing monitor process" monitor=serial-monitor
2025-08-13 09:04:09 2025-08-13T16:04:09.325Z daemon INFO time="2025-08-13T09:04:09-07:00" level=error msg="stopped decode loop: EOF" monitor=serial-monitor
time="2025-08-13T09:04:09-07:00" level=info msg="Monitor process killed" monitor=serial-monitor
2025-08-13 09:04:09 2025-08-13T16:04:09.385Z monitor-service INFO starting monitor
2025-08-13 09:04:09 2025-08-13T16:04:09.387Z daemon INFO time="2025-08-13T09:04:09-07:00" level=info msg="Starting monitor process" monitor=serial-monitor
2025-08-13 09:04:09 2025-08-13T16:04:09.387Z daemon INFO time="2025-08-13T09:04:09-07:00" level=info msg="Monitor process started successfully!" monitor=serial-monitor
2025-08-13 09:04:09 2025-08-13T16:04:09.387Z daemon INFO time="2025-08-13T09:04:09-07:00" level=info msg="sending command" command="HELLO 1 \"arduino-cli 1.2.0\"" monitor=serial-monitor
2025-08-13 09:04:09 2025-08-13T16:04:09.390Z daemon INFO time="2025-08-13T09:04:09-07:00" level=info msg="received message" error=false event_type=hello message=OK monitor=serial-monitor
2025-08-13 09:04:09 2025-08-13T16:04:09.390Z daemon INFO time="2025-08-13T09:04:09-07:00" level=info msg="sending command" command=DESCRIBE monitor=serial-monitor
2025-08-13 09:04:09 2025-08-13T16:04:09.390Z daemon INFO time="2025-08-13T09:04:09-07:00" level=info msg="received message" error=false event_type=describe message=OK monitor=serial-monitor
2025-08-13 09:04:09 2025-08-13T16:04:09.390Z daemon INFO time="2025-08-13T09:04:09-07:00" level=info msg="sending command" command=QUIT monitor=serial-monitor
2025-08-13 09:04:09 2025-08-13T16:04:09.391Z daemon INFO time="2025-08-13T09:04:09-07:00" level=info msg="received message" error=false event_type=quit message=OK monitor=serial-monitor
time="2025-08-13T09:04:09-07:00" level=info msg="Killing monitor process" monitor=serial-monitor
2025-08-13 09:04:09 2025-08-13T16:04:09.391Z daemon INFO time="2025-08-13T09:04:09-07:00" level=error msg="stopped decode loop: EOF" monitor=serial-monitor
2025-08-13 09:04:09 2025-08-13T16:04:09.391Z daemon INFO time="2025-08-13T09:04:09-07:00" level=info msg="Monitor process killed" monitor=serial-monitor
2025-08-13 09:04:09 2025-08-13T16:04:09.395Z daemon INFO time="2025-08-13T09:04:09-07:00" level=info msg="Starting monitor process" monitor=serial-monitor
2025-08-13 09:04:09 2025-08-13T16:04:09.395Z daemon INFO time="2025-08-13T09:04:09-07:00" level=info msg="Monitor process started successfully!" monitor=serial-monitor
time="2025-08-13T09:04:09-07:00" level=info msg="sending command" command="HELLO 1 \"arduino-cli 1.2.0\"" monitor=serial-monitor
2025-08-13 09:04:09 2025-08-13T16:04:09.398Z daemon INFO time="2025-08-13T09:04:09-07:00" level=info msg="received message" error=false event_type=hello message=OK monitor=serial-monitor
time="2025-08-13T09:04:09-07:00" level=info msg="sending command" command=DESCRIBE monitor=serial-monitor
2025-08-13 09:04:09 2025-08-13T16:04:09.398Z daemon INFO time="2025-08-13T09:04:09-07:00" level=info msg="received message" error=false event_type=describe message=OK monitor=serial-monitor
2025-08-13 09:04:09 2025-08-13T16:04:09.398Z daemon INFO time="2025-08-13T09:04:09-07:00" level=info msg="sending command" command="CONFIGURE baudrate 115200" monitor=serial-monitor
time="2025-08-13T09:04:09-07:00" level=info msg="received message" error=false event_type=configure message=OK monitor=serial-monitor
time="2025-08-13T09:04:09-07:00" level=info msg="sending command" command="CONFIGURE bits 8" monitor=serial-monitor
2025-08-13 09:04:09 2025-08-13T16:04:09.398Z daemon INFO time="2025-08-13T09:04:09-07:00" level=info msg="received message" error=false event_type=configure message=OK monitor=serial-monitor
2025-08-13 09:04:09 2025-08-13T16:04:09.398Z daemon INFO time="2025-08-13T09:04:09-07:00" level=info msg="sending command" command="CONFIGURE dtr on" monitor=serial-monitor
2025-08-13 09:04:09 2025-08-13T16:04:09.398Z daemon INFO time="2025-08-13T09:04:09-07:00" level=info msg="received message" error=false event_type=configure message=OK monitor=serial-monitor
2025-08-13 09:04:09 2025-08-13T16:04:09.398Z daemon INFO time="2025-08-13T09:04:09-07:00" level=info msg="sending command" command="CONFIGURE parity none" monitor=serial-monitor
2025-08-13 09:04:09 2025-08-13T16:04:09.398Z daemon INFO time="2025-08-13T09:04:09-07:00" level=info msg="received message" error=false event_type=configure message=OK monitor=serial-monitor
2025-08-13 09:04:09 2025-08-13T16:04:09.398Z daemon INFO time="2025-08-13T09:04:09-07:00" level=info msg="sending command" command="CONFIGURE rts on" monitor=serial-monitor
2025-08-13 09:04:09 2025-08-13T16:04:09.399Z daemon INFO time="2025-08-13T09:04:09-07:00" level=info msg="received message" error=false event_type=configure message=OK monitor=serial-monitor
2025-08-13 09:04:09 2025-08-13T16:04:09.399Z daemon INFO time="2025-08-13T09:04:09-07:00" level=info msg="sending command" command="CONFIGURE stop_bits 1" monitor=serial-monitor
2025-08-13 09:04:09 2025-08-13T16:04:09.399Z daemon INFO time="2025-08-13T09:04:09-07:00" level=info msg="received message" error=false event_type=configure message=OK monitor=serial-monitor
2025-08-13 09:04:09 2025-08-13T16:04:09.399Z daemon INFO time="2025-08-13T09:04:09-07:00" level=info msg="sending command" command="OPEN 127.0.0.1:35867 /dev/ttyACM0" monitor=serial-monitor
2025-08-13 09:04:09 2025-08-13T16:04:09.400Z daemon INFO time="2025-08-13T09:04:09-07:00" level=info msg="received message" error=false event_type=open message=OK monitor=serial-monitor
2025-08-13 09:04:09 2025-08-13T16:04:09.401Z daemon INFO time="2025-08-13T09:04:09-07:00" level=info msg="Port /dev/ttyACM0 successfully opened"
2025-08-13 09:04:09 2025-08-13T16:04:09.401Z monitor-service INFO Using port configuration for serial:/dev/ttyACM0: {"settingsList":[{"settingId":"baudrate","value":"115200"},{"settingId":"bits","value":"8"},{"settingId":"dtr","value":"on"},{"settingId":"parity","value":"none"},{"settingId":"rts","value":"on"},{"settingId":"stop_bits","value":"1"}]}
2025-08-13 09:04:09 2025-08-13T16:04:09.401Z monitor-service INFO started monitor to /dev/ttyACM0 using serial
2025-08-13 09:04:09 2025-08-13T16:04:09.403Z monitor-service INFO No port configuration changes have been detected. No need to send configure commands to the running monitor serial:/dev/ttyACM0.
2025-08-13 09:21:31 2025-08-13T16:21:31.223Z daemon INFO time="2025-08-13T09:21:31-07:00" level=info msg="sending command" command=CLOSE monitor=serial-monitor
2025-08-13 09:21:31 2025-08-13T16:21:31.223Z discovery-log INFO {"eventType":"remove","port":{"matchingBoardsList":[],"port":{"address":"/dev/ttyACM0","label":"","protocol":"serial","protocolLabel":"","propertiesMap":[],"hardwareId":""}},"error":""}
2025-08-13 09:21:31 2025-08-13T16:21:31.223Z daemon INFO time="2025-08-13T09:21:31-07:00" level=info msg="received message" error=true event_type=port_closed message="readfrom tcp 127.0.0.1:35774->127.0.0.1:35867: Port has been closed" monitor=serial-monitor
time="2025-08-13T09:21:31-07:00" level=info msg="monitor port has been closed externally" monitor=serial-monitor
time="2025-08-13T09:21:31-07:00" level=info msg="received message" error=true event_type=close message="port already closed" monitor=serial-monitor
time="2025-08-13T09:21:31-07:00" level=info msg="sending command" command=QUIT monitor=serial-monitor
time="2025-08-13T09:21:31-07:00" level=info msg="received message" error=false event_type=quit message=OK monitor=serial-monitor
time="2025-08-13T09:21:31-07:00" level=info msg="Killing monitor process" monitor=serial-monitor
2025-08-13 09:21:31 2025-08-13T16:21:31.225Z daemon INFO time="2025-08-13T09:21:31-07:00" level=error msg="stopped decode loop: EOF" monitor=serial-monitor
time="2025-08-13T09:21:31-07:00" level=info msg="Monitor process killed" monitor=serial-monitor
2025-08-13 09:21:31 2025-08-13T16:21:31.225Z monitor-service INFO monitor to /dev/ttyACM0 using serial closed by server
2025-08-13 09:21:51 2025-08-13T16:21:51.320Z discovery-log INFO {"eventType":"add","port":{"matchingBoardsList":[{"name":"ESP32 Family Device","fqbn":"esp32:esp32:esp32_family","isHidden":true}],"port":{"address":"/dev/ttyACM0","label":"/dev/ttyACM0","protocol":"serial","protocolLabel":"Serial Port (USB)","propertiesMap":[["pid","0x1001"],["serialNumber","94:A9:90:78:33:BC"],["vid","0x303a"]],"hardwareId":"94:A9:90:78:33:BC"}},"error":""}
2025-08-13 09:21:51 2025-08-13T16:21:51.510Z discovery-log INFO {"eventType":"remove","port":{"matchingBoardsList":[],"port":{"address":"/dev/ttyACM0","label":"","protocol":"serial","protocolLabel":"","propertiesMap":[],"hardwareId":""}},"error":""}
2025-08-13 09:21:51 2025-08-13T16:21:51.518Z monitor-service WARN monitor to /dev/ttyACM0 using serial already stopped
2025-08-13 09:21:51 2025-08-13T16:21:51.615Z daemon INFO time="2025-08-13T09:21:51-07:00" level=info msg="Starting monitor process" monitor=serial-monitor
2025-08-13 09:21:51 2025-08-13T16:21:51.616Z daemon INFO time="2025-08-13T09:21:51-07:00" level=info msg="Monitor process started successfully!" monitor=serial-monitor
time="2025-08-13T09:21:51-07:00" level=info msg="sending command" command="HELLO 1 \"arduino-cli 1.2.0\"" monitor=serial-monitor
2025-08-13 09:21:51 2025-08-13T16:21:51.620Z daemon INFO time="2025-08-13T09:21:51-07:00" level=info msg="received message" error=false event_type=hello message=OK monitor=serial-monitor
time="2025-08-13T09:21:51-07:00" level=info msg="sending command" command=DESCRIBE monitor=serial-monitor
2025-08-13 09:21:51 2025-08-13T16:21:51.620Z daemon INFO time="2025-08-13T09:21:51-07:00" level=info msg="received message" error=false event_type=describe message=OK monitor=serial-monitor
time="2025-08-13T09:21:51-07:00" level=info msg="sending command" command=QUIT monitor=serial-monitor
2025-08-13 09:21:51 2025-08-13T16:21:51.620Z daemon INFO time="2025-08-13T09:21:51-07:00" level=info msg="received message" error=false event_type=quit message=OK monitor=serial-monitor
2025-08-13 09:21:51 2025-08-13T16:21:51.620Z daemon INFO time="2025-08-13T09:21:51-07:00" level=info msg="Killing monitor process" monitor=serial-monitor
2025-08-13 09:21:51 2025-08-13T16:21:51.620Z daemon INFO time="2025-08-13T09:21:51-07:00" level=error msg="stopped decode loop: EOF" monitor=serial-monitor
time="2025-08-13T09:21:51-07:00" level=info msg="Monitor process killed" monitor=serial-monitor
2025-08-13 09:21:51 2025-08-13T16:21:51.746Z monitor-service INFO starting monitor
2025-08-13 09:21:51 2025-08-13T16:21:51.749Z daemon INFO time="2025-08-13T09:21:51-07:00" level=info msg="Starting monitor process" monitor=serial-monitor
2025-08-13 09:21:51 2025-08-13T16:21:51.749Z daemon INFO time="2025-08-13T09:21:51-07:00" level=info msg="Monitor process started successfully!" monitor=serial-monitor
time="2025-08-13T09:21:51-07:00" level=info msg="sending command" command="HELLO 1 \"arduino-cli 1.2.0\"" monitor=serial-monitor
2025-08-13 09:21:51 2025-08-13T16:21:51.752Z daemon INFO time="2025-08-13T09:21:51-07:00" level=info msg="received message" error=false event_type=hello message=OK monitor=serial-monitor
2025-08-13 09:21:51 2025-08-13T16:21:51.753Z daemon INFO time="2025-08-13T09:21:51-07:00" level=info msg="sending command" command=DESCRIBE monitor=serial-monitor
2025-08-13 09:21:51 2025-08-13T16:21:51.753Z daemon INFO time="2025-08-13T09:21:51-07:00" level=info msg="received message" error=false event_type=describe message=OK monitor=serial-monitor
2025-08-13 09:21:51 2025-08-13T16:21:51.753Z daemon INFO time="2025-08-13T09:21:51-07:00" level=info msg="sending command" command=QUIT monitor=serial-monitor
2025-08-13 09:21:51 2025-08-13T16:21:51.753Z daemon INFO time="2025-08-13T09:21:51-07:00" level=info msg="received message" error=false event_type=quit message=OK monitor=serial-monitor
time="2025-08-13T09:21:51-07:00" level=info msg="Killing monitor process" monitor=serial-monitor
2025-08-13 09:21:51 2025-08-13T16:21:51.753Z daemon INFO time="2025-08-13T09:21:51-07:00" level=error msg="stopped decode loop: EOF" monitor=serial-monitor
time="2025-08-13T09:21:51-07:00" level=info msg="Monitor process killed" monitor=serial-monitor
2025-08-13 09:21:51 2025-08-13T16:21:51.758Z daemon INFO time="2025-08-13T09:21:51-07:00" level=info msg="Starting monitor process" monitor=serial-monitor
2025-08-13 09:21:51 2025-08-13T16:21:51.758Z daemon INFO time="2025-08-13T09:21:51-07:00" level=info msg="Monitor process started successfully!" monitor=serial-monitor
time="2025-08-13T09:21:51-07:00" level=info msg="sending command" command="HELLO 1 \"arduino-cli 1.2.0\"" monitor=serial-monitor
2025-08-13 09:21:51 2025-08-13T16:21:51.760Z daemon INFO time="2025-08-13T09:21:51-07:00" level=info msg="received message" error=false event_type=hello message=OK monitor=serial-monitor
time="2025-08-13T09:21:51-07:00" level=info msg="sending command" command=DESCRIBE monitor=serial-monitor
2025-08-13 09:21:51 2025-08-13T16:21:51.760Z daemon INFO time="2025-08-13T09:21:51-07:00" level=info msg="received message" error=false event_type=describe message=OK monitor=serial-monitor
2025-08-13 09:21:51 2025-08-13T16:21:51.761Z daemon INFO time="2025-08-13T09:21:51-07:00" level=info msg="sending command" command="CONFIGURE baudrate 115200" monitor=serial-monitor
2025-08-13 09:21:51 2025-08-13T16:21:51.761Z daemon INFO time="2025-08-13T09:21:51-07:00" level=info msg="received message" error=false event_type=configure message=OK monitor=serial-monitor
2025-08-13 09:21:51 2025-08-13T16:21:51.761Z daemon INFO time="2025-08-13T09:21:51-07:00" level=info msg="sending command" command="CONFIGURE bits 8" monitor=serial-monitor
2025-08-13 09:21:51 2025-08-13T16:21:51.761Z daemon INFO time="2025-08-13T09:21:51-07:00" level=info msg="received message" error=false event_type=configure message=OK monitor=serial-monitor
2025-08-13 09:21:51 2025-08-13T16:21:51.761Z daemon INFO time="2025-08-13T09:21:51-07:00" level=info msg="sending command" command="CONFIGURE dtr on" monitor=serial-monitor
2025-08-13 09:21:51 2025-08-13T16:21:51.761Z daemon INFO time="2025-08-13T09:21:51-07:00" level=info msg="received message" error=false event_type=configure message=OK monitor=serial-monitor
time="2025-08-13T09:21:51-07:00" level=info msg="sending command" command="CONFIGURE parity none" monitor=serial-monitor
2025-08-13 09:21:51 2025-08-13T16:21:51.761Z daemon INFO time="2025-08-13T09:21:51-07:00" level=info msg="received message" error=false event_type=configure message=OK monitor=serial-monitor
2025-08-13 09:21:51 2025-08-13T16:21:51.761Z daemon INFO time="2025-08-13T09:21:51-07:00" level=info msg="sending command" command="CONFIGURE rts on" monitor=serial-monitor
2025-08-13 09:21:51 2025-08-13T16:21:51.761Z daemon INFO time="2025-08-13T09:21:51-07:00" level=info msg="received message" error=false event_type=configure message=OK monitor=serial-monitor
time="2025-08-13T09:21:51-07:00" level=info msg="sending command" command="CONFIGURE stop_bits 1" monitor=serial-monitor
2025-08-13 09:21:51 2025-08-13T16:21:51.761Z daemon INFO time="2025-08-13T09:21:51-07:00" level=info msg="received message" error=false event_type=configure message=OK monitor=serial-monitor
2025-08-13 09:21:51 2025-08-13T16:21:51.761Z daemon INFO time="2025-08-13T09:21:51-07:00" level=info msg="sending command" command="OPEN 127.0.0.1:35345 /dev/ttyACM0" monitor=serial-monitor
2025-08-13 09:21:51 2025-08-13T16:21:51.762Z daemon INFO time="2025-08-13T09:21:51-07:00" level=info msg="received message" error=true event_type=open message="no such file or directory" monitor=serial-monitor
2025-08-13 09:21:51 2025-08-13T16:21:51.762Z daemon INFO time="2025-08-13T09:21:51-07:00" level=info msg="sending command" command=QUIT monitor=serial-monitor
2025-08-13 09:21:51 2025-08-13T16:21:51.762Z daemon INFO time="2025-08-13T09:21:51-07:00" level=info msg="received message" error=false event_type=quit message=OK monitor=serial-monitor
time="2025-08-13T09:21:51-07:00" level=info msg="Killing monitor process" monitor=serial-monitor
2025-08-13 09:21:51 2025-08-13T16:21:51.762Z daemon INFO time="2025-08-13T09:21:51-07:00" level=error msg="stopped decode loop: EOF" monitor=serial-monitor
2025-08-13 09:21:51 2025-08-13T16:21:51.762Z daemon INFO time="2025-08-13T09:21:51-07:00" level=info msg="Monitor process killed" monitor=serial-monitor
2025-08-13 09:21:51 2025-08-13T16:21:51.763Z monitor-service ERROR Error: 13 INTERNAL: Port monitor error: command 'open' failed: no such file or directory
    at t.callErrorFromStatus (/nix/store/2d5i1bzbqbnl4rgnhk8czrw5zmqqjdzv-arduino-ide-2.3.6-extracted/resources/app/lib/backend/main.js:2:987037)
    at Object.onReceiveStatus (/nix/store/2d5i1bzbqbnl4rgnhk8czrw5zmqqjdzv-arduino-ide-2.3.6-extracted/resources/app/lib/backend/main.js:2:3786743)
    at Object.onReceiveStatus (/nix/store/2d5i1bzbqbnl4rgnhk8czrw5zmqqjdzv-arduino-ide-2.3.6-extracted/resources/app/lib/backend/main.js:2:2216111)
    at /nix/store/2d5i1bzbqbnl4rgnhk8czrw5zmqqjdzv-arduino-ide-2.3.6-extracted/resources/app/lib/backend/main.js:2:4354680
    at process.processTicksAndRejections (node:internal/process/task_queues:77:11)
for call at
    at s.makeBidiStreamRequest (/nix/store/2d5i1bzbqbnl4rgnhk8czrw5zmqqjdzv-arduino-ide-2.3.6-extracted/resources/app/lib/backend/main.js:2:3786510)
    at s.monitor (/nix/store/2d5i1bzbqbnl4rgnhk8czrw5zmqqjdzv-arduino-ide-2.3.6-extracted/resources/app/lib/backend/main.js:2:3311624)
    at y.createDuplex (/nix/store/2d5i1bzbqbnl4rgnhk8czrw5zmqqjdzv-arduino-ide-2.3.6-extracted/resources/app/lib/backend/main.js:2:3732370)
    at process.processTicksAndRejections (node:internal/process/task_queues:95:5)
    at async /nix/store/2d5i1bzbqbnl4rgnhk8czrw5zmqqjdzv-arduino-ide-2.3.6-extracted/resources/app/lib/backend/main.js:2:3733698
    at async t.retry (/nix/store/2d5i1bzbqbnl4rgnhk8czrw5zmqqjdzv-arduino-ide-2.3.6-extracted/resources/app/lib/backend/main.js:2:2019631)
    at async y.start (/nix/store/2d5i1bzbqbnl4rgnhk8czrw5zmqqjdzv-arduino-ide-2.3.6-extracted/resources/app/lib/backend/main.js:2:3731251)
    at async u.startMonitor (/nix/store/2d5i1bzbqbnl4rgnhk8czrw5zmqqjdzv-arduino-ide-2.3.6-extracted/resources/app/lib/backend/main.js:2:239367)
    at async u.onRequest (/nix/store/2d5i1bzbqbnl4rgnhk8czrw5zmqqjdzv-arduino-ide-2.3.6-extracted/resources/app/lib/backend/main.js:2:4942944)
    at async c.handleRequest (/nix/store/2d5i1bzbqbnl4rgnhk8czrw5zmqqjdzv-arduino-ide-2.3.6-extracted/resources/app/lib/backend/main.js:2:524475)
2025-08-13 09:21:51 2025-08-13T16:21:51.763Z monitor-service INFO monitor to /dev/ttyACM0 using serial closed by server
2025-08-13 09:21:51 2025-08-13T16:21:51.763Z monitor-service INFO monitor to /dev/ttyACM0 using serial closed by client
2025-08-13 09:21:51 2025-08-13T16:21:51.910Z discovery-log INFO {"eventType":"add","port":{"matchingBoardsList":[{"name":"ESP32 Family Device","fqbn":"esp32:esp32:esp32_family","isHidden":true}],"port":{"address":"/dev/ttyACM0","label":"/dev/ttyACM0","protocol":"serial","protocolLabel":"Serial Port (USB)","propertiesMap":[["pid","0x1001"],["serialNumber","94:A9:90:78:33:BC"],["vid","0x303a"]],"hardwareId":"94:A9:90:78:33:BC"}},"error":""}
2025-08-13 09:21:52 2025-08-13T16:21:52.886Z discovery-log INFO {"eventType":"remove","port":{"matchingBoardsList":[],"port":{"address":"/dev/ttyACM0","label":"","protocol":"serial","protocolLabel":"","propertiesMap":[],"hardwareId":""}},"error":""}
2025-08-13 09:21:53 2025-08-13T16:21:53.768Z daemon INFO time="2025-08-13T09:21:53-07:00" level=info msg="Starting monitor process" monitor=serial-monitor
2025-08-13 09:21:53 2025-08-13T16:21:53.769Z daemon INFO time="2025-08-13T09:21:53-07:00" level=info msg="Monitor process started successfully!" monitor=serial-monitor
time="2025-08-13T09:21:53-07:00" level=info msg="sending command" command="HELLO 1 \"arduino-cli 1.2.0\"" monitor=serial-monitor
2025-08-13 09:21:53 2025-08-13T16:21:53.771Z daemon INFO time="2025-08-13T09:21:53-07:00" level=info msg="received message" error=false event_type=hello message=OK monitor=serial-monitor
time="2025-08-13T09:21:53-07:00" level=info msg="sending command" command=DESCRIBE monitor=serial-monitor
2025-08-13 09:21:53 2025-08-13T16:21:53.772Z daemon INFO time="2025-08-13T09:21:53-07:00" level=info msg="received message" error=false event_type=describe message=OK monitor=serial-monitor
2025-08-13 09:21:53 2025-08-13T16:21:53.772Z daemon INFO time="2025-08-13T09:21:53-07:00" level=info msg="sending command" command="CONFIGURE baudrate 115200" monitor=serial-monitor
2025-08-13 09:21:53 2025-08-13T16:21:53.772Z daemon INFO time="2025-08-13T09:21:53-07:00" level=info msg="received message" error=false event_type=configure message=OK monitor=serial-monitor
2025-08-13 09:21:53 2025-08-13T16:21:53.772Z daemon INFO time="2025-08-13T09:21:53-07:00" level=info msg="sending command" command="CONFIGURE bits 8" monitor=serial-monitor
2025-08-13 09:21:53 2025-08-13T16:21:53.772Z daemon INFO time="2025-08-13T09:21:53-07:00" level=info msg="received message" error=false event_type=configure message=OK monitor=serial-monitor
time="2025-08-13T09:21:53-07:00" level=info msg="sending command" command="CONFIGURE dtr on" monitor=serial-monitor
2025-08-13 09:21:53 2025-08-13T16:21:53.772Z daemon INFO time="2025-08-13T09:21:53-07:00" level=info msg="received message" error=false event_type=configure message=OK monitor=serial-monitor
2025-08-13 09:21:53 2025-08-13T16:21:53.772Z daemon INFO time="2025-08-13T09:21:53-07:00" level=info msg="sending command" command="CONFIGURE parity none" monitor=serial-monitor
2025-08-13 09:21:53 2025-08-13T16:21:53.772Z daemon INFO time="2025-08-13T09:21:53-07:00" level=info msg="received message" error=false event_type=configure message=OK monitor=serial-monitor
2025-08-13 09:21:53 2025-08-13T16:21:53.772Z daemon INFO time="2025-08-13T09:21:53-07:00" level=info msg="sending command" command="CONFIGURE rts on" monitor=serial-monitor
2025-08-13 09:21:53 2025-08-13T16:21:53.772Z daemon INFO time="2025-08-13T09:21:53-07:00" level=info msg="received message" error=false event_type=configure message=OK monitor=serial-monitor
time="2025-08-13T09:21:53-07:00" level=info msg="sending command" command="CONFIGURE stop_bits 1" monitor=serial-monitor
2025-08-13 09:21:53 2025-08-13T16:21:53.773Z daemon INFO time="2025-08-13T09:21:53-07:00" level=info msg="received message" error=false event_type=configure message=OK monitor=serial-monitor
2025-08-13 09:21:53 2025-08-13T16:21:53.773Z daemon INFO time="2025-08-13T09:21:53-07:00" level=info msg="sending command" command="OPEN 127.0.0.1:42535 /dev/ttyACM0" monitor=serial-monitor
2025-08-13 09:21:53 2025-08-13T16:21:53.773Z daemon INFO time="2025-08-13T09:21:53-07:00" level=info msg="received message" error=true event_type=open message="no such file or directory" monitor=serial-monitor
2025-08-13 09:21:53 2025-08-13T16:21:53.773Z daemon INFO time="2025-08-13T09:21:53-07:00" level=info msg="sending command" command=QUIT monitor=serial-monitor
2025-08-13 09:21:53 2025-08-13T16:21:53.773Z daemon INFO time="2025-08-13T09:21:53-07:00" level=info msg="received message" error=false event_type=quit message=OK monitor=serial-monitor
2025-08-13 09:21:53 2025-08-13T16:21:53.773Z daemon INFO time="2025-08-13T09:21:53-07:00" level=info msg="Killing monitor process" monitor=serial-monitor
2025-08-13 09:21:53 2025-08-13T16:21:53.773Z daemon INFO time="2025-08-13T09:21:53-07:00" level=error msg="stopped decode loop: EOF" monitor=serial-monitor
2025-08-13 09:21:53 2025-08-13T16:21:53.773Z daemon INFO time="2025-08-13T09:21:53-07:00" level=info msg="Monitor process killed" monitor=serial-monitor
2025-08-13 09:21:53 2025-08-13T16:21:53.774Z monitor-service ERROR Error: 13 INTERNAL: Port monitor error: command 'open' failed: no such file or directory
    at t.callErrorFromStatus (/nix/store/2d5i1bzbqbnl4rgnhk8czrw5zmqqjdzv-arduino-ide-2.3.6-extracted/resources/app/lib/backend/main.js:2:987037)
    at Object.onReceiveStatus (/nix/store/2d5i1bzbqbnl4rgnhk8czrw5zmqqjdzv-arduino-ide-2.3.6-extracted/resources/app/lib/backend/main.js:2:3786743)
    at Object.onReceiveStatus (/nix/store/2d5i1bzbqbnl4rgnhk8czrw5zmqqjdzv-arduino-ide-2.3.6-extracted/resources/app/lib/backend/main.js:2:2216111)
    at /nix/store/2d5i1bzbqbnl4rgnhk8czrw5zmqqjdzv-arduino-ide-2.3.6-extracted/resources/app/lib/backend/main.js:2:4354680
    at process.processTicksAndRejections (node:internal/process/task_queues:77:11)
for call at
    at s.makeBidiStreamRequest (/nix/store/2d5i1bzbqbnl4rgnhk8czrw5zmqqjdzv-arduino-ide-2.3.6-extracted/resources/app/lib/backend/main.js:2:3786510)
    at s.monitor (/nix/store/2d5i1bzbqbnl4rgnhk8czrw5zmqqjdzv-arduino-ide-2.3.6-extracted/resources/app/lib/backend/main.js:2:3311624)
    at y.createDuplex (/nix/store/2d5i1bzbqbnl4rgnhk8czrw5zmqqjdzv-arduino-ide-2.3.6-extracted/resources/app/lib/backend/main.js:2:3732370)
    at async /nix/store/2d5i1bzbqbnl4rgnhk8czrw5zmqqjdzv-arduino-ide-2.3.6-extracted/resources/app/lib/backend/main.js:2:3733698
    at async t.retry (/nix/store/2d5i1bzbqbnl4rgnhk8czrw5zmqqjdzv-arduino-ide-2.3.6-extracted/resources/app/lib/backend/main.js:2:2019631)
    at async y.start (/nix/store/2d5i1bzbqbnl4rgnhk8czrw5zmqqjdzv-arduino-ide-2.3.6-extracted/resources/app/lib/backend/main.js:2:3731251)
    at async u.startMonitor (/nix/store/2d5i1bzbqbnl4rgnhk8czrw5zmqqjdzv-arduino-ide-2.3.6-extracted/resources/app/lib/backend/main.js:2:239367)
    at async u.onRequest (/nix/store/2d5i1bzbqbnl4rgnhk8czrw5zmqqjdzv-arduino-ide-2.3.6-extracted/resources/app/lib/backend/main.js:2:4942944)
    at async c.handleRequest (/nix/store/2d5i1bzbqbnl4rgnhk8czrw5zmqqjdzv-arduino-ide-2.3.6-extracted/resources/app/lib/backend/main.js:2:524475)
2025-08-13 09:21:53 2025-08-13T16:21:53.774Z monitor-service INFO monitor to /dev/ttyACM0 using serial closed by server
2025-08-13 09:21:53 2025-08-13T16:21:53.774Z monitor-service INFO monitor to /dev/ttyACM0 using serial closed by client
2025-08-13 09:21:54 2025-08-13T16:21:54.799Z discovery-log INFO {"eventType":"add","port":{"matchingBoardsList":[{"name":"ESP32 Family Device","fqbn":"esp32:esp32:esp32_family","isHidden":true}],"port":{"address":"/dev/ttyACM0","label":"/dev/ttyACM0","protocol":"serial","protocolLabel":"Serial Port (USB)","propertiesMap":[["pid","0x1001"],["serialNumber","94:A9:90:78:33:BC"],["vid","0x303a"]],"hardwareId":"94:A9:90:78:33:BC"}},"error":""}
2025-08-13 09:21:55 2025-08-13T16:21:55.779Z daemon INFO time="2025-08-13T09:21:55-07:00" level=info msg="Starting monitor process" monitor=serial-monitor
2025-08-13 09:21:55 2025-08-13T16:21:55.780Z daemon INFO time="2025-08-13T09:21:55-07:00" level=info msg="Monitor process started successfully!" monitor=serial-monitor
time="2025-08-13T09:21:55-07:00" level=info msg="sending command" command="HELLO 1 \"arduino-cli 1.2.0\"" monitor=serial-monitor
2025-08-13 09:21:55 2025-08-13T16:21:55.783Z daemon INFO time="2025-08-13T09:21:55-07:00" level=info msg="received message" error=false event_type=hello message=OK monitor=serial-monitor
2025-08-13 09:21:55 2025-08-13T16:21:55.783Z daemon INFO time="2025-08-13T09:21:55-07:00" level=info msg="sending command" command=DESCRIBE monitor=serial-monitor
2025-08-13 09:21:55 2025-08-13T16:21:55.783Z daemon INFO time="2025-08-13T09:21:55-07:00" level=info msg="received message" error=false event_type=describe message=OK monitor=serial-monitor
2025-08-13 09:21:55 2025-08-13T16:21:55.783Z daemon INFO time="2025-08-13T09:21:55-07:00" level=info msg="sending command" command="CONFIGURE baudrate 115200" monitor=serial-monitor
2025-08-13 09:21:55 2025-08-13T16:21:55.783Z daemon INFO time="2025-08-13T09:21:55-07:00" level=info msg="received message" error=false event_type=configure message=OK monitor=serial-monitor
time="2025-08-13T09:21:55-07:00" level=info msg="sending command" command="CONFIGURE bits 8" monitor=serial-monitor
time="2025-08-13T09:21:55-07:00" level=info msg="received message" error=false event_type=configure message=OK monitor=serial-monitor
2025-08-13 09:21:55 2025-08-13T16:21:55.783Z daemon INFO time="2025-08-13T09:21:55-07:00" level=info msg="sending command" command="CONFIGURE dtr on" monitor=serial-monitor
time="2025-08-13T09:21:55-07:00" level=info msg="received message" error=false event_type=configure message=OK monitor=serial-monitor
2025-08-13 09:21:55 2025-08-13T16:21:55.783Z daemon INFO time="2025-08-13T09:21:55-07:00" level=info msg="sending command" command="CONFIGURE parity none" monitor=serial-monitor
2025-08-13 09:21:55 2025-08-13T16:21:55.783Z daemon INFO time="2025-08-13T09:21:55-07:00" level=info msg="received message" error=false event_type=configure message=OK monitor=serial-monitor
time="2025-08-13T09:21:55-07:00" level=info msg="sending command" command="CONFIGURE rts on" monitor=serial-monitor
2025-08-13 09:21:55 2025-08-13T16:21:55.783Z daemon INFO time="2025-08-13T09:21:55-07:00" level=info msg="received message" error=false event_type=configure message=OK monitor=serial-monitor
time="2025-08-13T09:21:55-07:00" level=info msg="sending command" command="CONFIGURE stop_bits 1" monitor=serial-monitor
time="2025-08-13T09:21:55-07:00" level=info msg="received message" error=false event_type=configure message=OK monitor=serial-monitor
2025-08-13 09:21:55 2025-08-13T16:21:55.783Z daemon INFO time="2025-08-13T09:21:55-07:00" level=info msg="sending command" command="OPEN 127.0.0.1:41577 /dev/ttyACM0" monitor=serial-monitor
2025-08-13 09:21:55 2025-08-13T16:21:55.784Z daemon INFO time="2025-08-13T09:21:55-07:00" level=info msg="received message" error=false event_type=open message=OK monitor=serial-monitor
2025-08-13 09:21:55 2025-08-13T16:21:55.784Z daemon INFO time="2025-08-13T09:21:55-07:00" level=info msg="Port /dev/ttyACM0 successfully opened"
2025-08-13 09:21:55 2025-08-13T16:21:55.785Z monitor-service INFO Using port configuration for serial:/dev/ttyACM0: {"settingsList":[{"settingId":"baudrate","value":"115200"},{"settingId":"bits","value":"8"},{"settingId":"dtr","value":"on"},{"settingId":"parity","value":"none"},{"settingId":"rts","value":"on"},{"settingId":"stop_bits","value":"1"}]}
2025-08-13 09:21:55 2025-08-13T16:21:55.786Z monitor-service INFO started monitor to /dev/ttyACM0 using serial
2025-08-13 09:21:55 2025-08-13T16:21:55.787Z monitor-service INFO No port configuration changes have been detected. No need to send configure commands to the running monitor serial:/dev/ttyACM0.
2025-08-13 09:22:06 2025-08-13T16:22:06.502Z daemon INFO time="2025-08-13T09:22:06-07:00" level=info msg="Adding libraries dir" dir=/home/aaron/.arduino15/libraries isSingleLibrary=false location=ide
2025-08-13 09:22:06 2025-08-13T16:22:06.502Z daemon INFO time="2025-08-13T09:22:06-07:00" level=info msg="Adding libraries dir" dir=/home/aaron/.arduino15/packages/esp32/hardware/esp32/3.3.0/libraries isSingleLibrary=false location=platform
time="2025-08-13T09:22:06-07:00" level=info msg="Adding libraries dir" dir=/home/aaron/Arduino/libraries isSingleLibrary=false location=user
2025-08-13 09:22:07 2025-08-13T16:22:07.711Z daemon INFO time="2025-08-13T09:22:07-07:00" level=info msg="Resolving include TinyGPSPlus.h for arch esp32"
time="2025-08-13T09:22:07-07:00" level=info msg="  found better lib" lib=TinyGPSPlus-ESP32 prio=521
time="2025-08-13T09:22:07-07:00" level=info msg="  discarded" lib=TinyGPSPlusPlus prio=517
2025-08-13 09:22:08 2025-08-13T16:22:08.295Z daemon INFO time="2025-08-13T09:22:08-07:00" level=info msg="Resolving include WiFi.h for arch esp32"
time="2025-08-13T09:22:08-07:00" level=info msg="  found better lib" lib=WiFi prio=6B0
2025-08-13 09:22:08 2025-08-13T16:22:08.897Z daemon INFO time="2025-08-13T09:22:08-07:00" level=info msg="Resolving include Network.h for arch esp32"
time="2025-08-13T09:22:08-07:00" level=info msg="  found better lib" lib=Networking prio=64C
2025-08-13 09:22:09 2025-08-13T16:22:09.782Z daemon INFO time="2025-08-13T09:22:09-07:00" level=info msg="Resolving include BLEDevice.h for arch esp32"
time="2025-08-13T09:22:09-07:00" level=info msg="  found better lib" lib=BLE prio=3F4
2025-08-13 09:22:16 2025-08-13T16:22:16.484Z root INFO Executing 'arduino.languageserver.notifyBuildDidComplete' with "file:///home/aaron/.cache/arduino/sketches/ED6F1CC7C9CBABD2D7344A0572EDD68B"
2025-08-13 09:22:16 2025-08-13T16:22:16.486Z daemon INFO time="2025-08-13T09:22:16-07:00" level=info msg="sending command" command=CLOSE monitor=serial-monitor
2025-08-13 09:22:16 2025-08-13T16:22:16.488Z daemon INFO time="2025-08-13T09:22:16-07:00" level=info msg="received message" error=false event_type=close message=OK monitor=serial-monitor
time="2025-08-13T09:22:16-07:00" level=info msg="sending command" command=QUIT monitor=serial-monitor
2025-08-13 09:22:16 2025-08-13T16:22:16.488Z daemon INFO time="2025-08-13T09:22:16-07:00" level=info msg="received message" error=false event_type=quit message=OK monitor=serial-monitor
time="2025-08-13T09:22:16-07:00" level=info msg="Killing monitor process" monitor=serial-monitor
2025-08-13 09:22:16 2025-08-13T16:22:16.489Z daemon INFO time="2025-08-13T09:22:16-07:00" level=error msg="stopped decode loop: EOF" monitor=serial-monitor
2025-08-13 09:22:16 2025-08-13T16:22:16.489Z daemon INFO time="2025-08-13T09:22:16-07:00" level=info msg="Monitor process killed" monitor=serial-monitor
2025-08-13 09:22:16 2025-08-13T16:22:16.490Z monitor-service INFO monitor to /dev/ttyACM0 using serial closed by server
2025-08-13 09:22:16 2025-08-13T16:22:16.596Z daemon INFO time="2025-08-13T09:22:16-07:00" level=info msg="Tool required for debug" tool="arduino:dfu-util@0.11.0-arduino5"
time="2025-08-13T09:22:16-07:00" level=info msg="Tool required for debug" tool="esp32:esp-rv32@2411"
time="2025-08-13T09:22:16-07:00" level=info msg="Tool required for debug" tool="esp32:esp-x32@2411"
time="2025-08-13T09:22:16-07:00" level=info msg="Tool required for debug" tool="esp32:esp32-arduino-libs@idf-release_v5.5-b66b5448-v1"
time="2025-08-13T09:22:16-07:00" level=info msg="Tool required for debug" tool="esp32:esptool_py@5.0.0"
2025-08-13 09:22:16 2025-08-13T16:22:16.596Z daemon INFO time="2025-08-13T09:22:16-07:00" level=info msg="Tool required for debug" tool="esp32:mklittlefs@3.0.0-gnu12-dc7f933"
time="2025-08-13T09:22:16-07:00" level=info msg="Tool required for debug" tool="esp32:mkspiffs@0.2.3"
time="2025-08-13T09:22:16-07:00" level=info msg="Tool required for debug" tool="esp32:openocd-esp32@v0.12.0-esp32-20250422"
time="2025-08-13T09:22:16-07:00" level=info msg="Tool required for debug" tool="esp32:riscv32-esp-elf-gdb@16.2_20250324"
time="2025-08-13T09:22:16-07:00" level=info msg="Tool required for debug" tool="esp32:xtensa-esp-elf-gdb@16.2_20250324"
time="2025-08-13T09:22:16-07:00" level=info msg="Tool required for debug" tool="arduino:avrdude@6.3.0-arduino17"
time="2025-08-13T09:22:16-07:00" level=info msg="Tool required for debug" tool="builtin:dfu-discovery@0.1.2"
time="2025-08-13T09:22:16-07:00" level=info msg="Tool required for debug" tool="builtin:serial-discovery@1.4.1"
time="2025-08-13T09:22:16-07:00" level=info msg="Tool required for debug" tool="builtin:ctags@5.8-arduino11"
time="2025-08-13T09:22:16-07:00" level=info msg="Tool required for debug" tool="builtin:mdns-discovery@1.0.9"
2025-08-13 09:22:16 2025-08-13T16:22:16.597Z daemon INFO time="2025-08-13T09:22:16-07:00" level=info msg="Tool required for debug" tool="arduino:arduinoOTA@1.3.0"
time="2025-08-13T09:22:16-07:00" level=info msg="Tool required for debug" tool="arduino:avr-gcc@7.3.0-atmel3.6.1-arduino7"
time="2025-08-13T09:22:16-07:00" level=info msg="Tool required for debug" tool="builtin:serial-monitor@0.15.0"
2025-08-13 09:22:16 2025-08-13T16:22:16.604Z daemon INFO time="2025-08-13T09:22:16-07:00" level=info msg="Tool required for debug" tool="arduino:dfu-util@0.11.0-arduino5"
time="2025-08-13T09:22:16-07:00" level=info msg="Tool required for debug" tool="esp32:esp-rv32@2411"
time="2025-08-13T09:22:16-07:00" level=info msg="Tool required for debug" tool="esp32:esp-x32@2411"
time="2025-08-13T09:22:16-07:00" level=info msg="Tool required for debug" tool="esp32:esp32-arduino-libs@idf-release_v5.5-b66b5448-v1"
time="2025-08-13T09:22:16-07:00" level=info msg="Tool required for debug" tool="esp32:esptool_py@5.0.0"
time="2025-08-13T09:22:16-07:00" level=info msg="Tool required for debug" tool="esp32:mklittlefs@3.0.0-gnu12-dc7f933"
time="2025-08-13T09:22:16-07:00" level=info msg="Tool required for debug" tool="esp32:mkspiffs@0.2.3"
2025-08-13 09:22:16 2025-08-13T16:22:16.604Z daemon INFO time="2025-08-13T09:22:16-07:00" level=info msg="Tool required for debug" tool="esp32:openocd-esp32@v0.12.0-esp32-20250422"
time="2025-08-13T09:22:16-07:00" level=info msg="Tool required for debug" tool="esp32:riscv32-esp-elf-gdb@16.2_20250324"
time="2025-08-13T09:22:16-07:00" level=info msg="Tool required for debug" tool="esp32:xtensa-esp-elf-gdb@16.2_20250324"
time="2025-08-13T09:22:16-07:00" level=info msg="Tool required for debug" tool="arduino:arduinoOTA@1.3.0"
time="2025-08-13T09:22:16-07:00" level=info msg="Tool required for debug" tool="builtin:serial-monitor@0.15.0"
time="2025-08-13T09:22:16-07:00" level=info msg="Tool required for debug" tool="builtin:ctags@5.8-arduino11"
time="2025-08-13T09:22:16-07:00" level=info msg="Tool required for debug" tool="builtin:dfu-discovery@0.1.2"
2025-08-13 09:22:16 2025-08-13T16:22:16.604Z daemon INFO time="2025-08-13T09:22:16-07:00" level=info msg="Tool required for debug" tool="builtin:serial-discovery@1.4.1"
time="2025-08-13T09:22:16-07:00" level=info msg="Tool required for debug" tool="arduino:avr-gcc@7.3.0-atmel3.6.1-arduino7"
time="2025-08-13T09:22:16-07:00" level=info msg="Tool required for debug" tool="builtin:mdns-discovery@1.0.9"
time="2025-08-13T09:22:16-07:00" level=info msg="Tool required for debug" tool="arduino:avrdude@6.3.0-arduino17"
2025-08-13 09:22:16 2025-08-13T16:22:16.611Z daemon INFO time="2025-08-13T09:22:16-07:00" level=info msg="Tool required for debug" tool="arduino:dfu-util@0.11.0-arduino5"
time="2025-08-13T09:22:16-07:00" level=info msg="Tool required for debug" tool="esp32:esp-rv32@2411"
time="2025-08-13T09:22:16-07:00" level=info msg="Tool required for debug" tool="esp32:esp-x32@2411"
time="2025-08-13T09:22:16-07:00" level=info msg="Tool required for debug" tool="esp32:esp32-arduino-libs@idf-release_v5.5-b66b5448-v1"
time="2025-08-13T09:22:16-07:00" level=info msg="Tool required for debug" tool="esp32:esptool_py@5.0.0"
time="2025-08-13T09:22:16-07:00" level=info msg="Tool required for debug" tool="esp32:mklittlefs@3.0.0-gnu12-dc7f933"
2025-08-13 09:22:16 2025-08-13T16:22:16.611Z daemon INFO time="2025-08-13T09:22:16-07:00" level=info msg="Tool required for debug" tool="esp32:mkspiffs@0.2.3"
time="2025-08-13T09:22:16-07:00" level=info msg="Tool required for debug" tool="esp32:openocd-esp32@v0.12.0-esp32-20250422"
time="2025-08-13T09:22:16-07:00" level=info msg="Tool required for debug" tool="esp32:riscv32-esp-elf-gdb@16.2_20250324"
time="2025-08-13T09:22:16-07:00" level=info msg="Tool required for debug" tool="esp32:xtensa-esp-elf-gdb@16.2_20250324"
time="2025-08-13T09:22:16-07:00" level=info msg="Tool required for debug" tool="builtin:serial-discovery@1.4.1"
time="2025-08-13T09:22:16-07:00" level=info msg="Tool required for debug" tool="arduino:arduinoOTA@1.3.0"
time="2025-08-13T09:22:16-07:00" level=info msg="Tool required for debug" tool="arduino:avrdude@6.3.0-arduino17"
time="2025-08-13T09:22:16-07:00" level=info msg="Tool required for debug" tool="builtin:mdns-discovery@1.0.9"
time="2025-08-13T09:22:16-07:00" level=info msg="Tool required for debug" tool="builtin:serial-monitor@0.15.0"
time="2025-08-13T09:22:16-07:00" level=info msg="Tool required for debug" tool="arduino:avr-gcc@7.3.0-atmel3.6.1-arduino7"
time="2025-08-13T09:22:16-07:00" level=info msg="Tool required for debug" tool="builtin:ctags@5.8-arduino11"
time="2025-08-13T09:22:16-07:00" level=info msg="Tool required for debug" tool="builtin:dfu-discovery@0.1.2"
2025-08-13 09:22:16 2025-08-13T16:22:16.618Z daemon INFO time="2025-08-13T09:22:16-07:00" level=info msg="Tool required for debug" tool="arduino:dfu-util@0.11.0-arduino5"
time="2025-08-13T09:22:16-07:00" level=info msg="Tool required for debug" tool="esp32:esp-rv32@2411"
time="2025-08-13T09:22:16-07:00" level=info msg="Tool required for debug" tool="esp32:esp-x32@2411"
time="2025-08-13T09:22:16-07:00" level=info msg="Tool required for debug" tool="esp32:esp32-arduino-libs@idf-release_v5.5-b66b5448-v1"
time="2025-08-13T09:22:16-07:00" level=info msg="Tool required for debug" tool="esp32:esptool_py@5.0.0"
2025-08-13 09:22:16 2025-08-13T16:22:16.618Z daemon INFO time="2025-08-13T09:22:16-07:00" level=info msg="Tool required for debug" tool="esp32:mklittlefs@3.0.0-gnu12-dc7f933"
time="2025-08-13T09:22:16-07:00" level=info msg="Tool required for debug" tool="esp32:mkspiffs@0.2.3"
time="2025-08-13T09:22:16-07:00" level=info msg="Tool required for debug" tool="esp32:openocd-esp32@v0.12.0-esp32-20250422"
time="2025-08-13T09:22:16-07:00" level=info msg="Tool required for debug" tool="esp32:riscv32-esp-elf-gdb@16.2_20250324"
time="2025-08-13T09:22:16-07:00" level=info msg="Tool required for debug" tool="esp32:xtensa-esp-elf-gdb@16.2_20250324"
time="2025-08-13T09:22:16-07:00" level=info msg="Tool required for debug" tool="builtin:serial-discovery@1.4.1"
time="2025-08-13T09:22:16-07:00" level=info msg="Tool required for debug" tool="builtin:mdns-discovery@1.0.9"
time="2025-08-13T09:22:16-07:00" level=info msg="Tool required for debug" tool="arduino:avr-gcc@7.3.0-atmel3.6.1-arduino7"
2025-08-13 09:22:16 2025-08-13T16:22:16.618Z daemon INFO time="2025-08-13T09:22:16-07:00" level=info msg="Tool required for debug" tool="builtin:serial-monitor@0.15.0"
time="2025-08-13T09:22:16-07:00" level=info msg="Tool required for debug" tool="builtin:ctags@5.8-arduino11"
time="2025-08-13T09:22:16-07:00" level=info msg="Tool required for debug" tool="arduino:arduinoOTA@1.3.0"
time="2025-08-13T09:22:16-07:00" level=info msg="Tool required for debug" tool="arduino:avrdude@6.3.0-arduino17"
2025-08-13 09:22:16 2025-08-13T16:22:16.618Z daemon INFO time="2025-08-13T09:22:16-07:00" level=info msg="Tool required for debug" tool="builtin:dfu-discovery@0.1.2"
2025-08-13 09:22:16 2025-08-13T16:22:16.625Z daemon INFO time="2025-08-13T09:22:16-07:00" level=info msg="Tool required for debug" tool="arduino:dfu-util@0.11.0-arduino5"
time="2025-08-13T09:22:16-07:00" level=info msg="Tool required for debug" tool="esp32:esp-rv32@2411"
time="2025-08-13T09:22:16-07:00" level=info msg="Tool required for debug" tool="esp32:esp-x32@2411"
time="2025-08-13T09:22:16-07:00" level=info msg="Tool required for debug" tool="esp32:esp32-arduino-libs@idf-release_v5.5-b66b5448-v1"
time="2025-08-13T09:22:16-07:00" level=info msg="Tool required for debug" tool="esp32:esptool_py@5.0.0"
time="2025-08-13T09:22:16-07:00" level=info msg="Tool required for debug" tool="esp32:mklittlefs@3.0.0-gnu12-dc7f933"
2025-08-13 09:22:16 2025-08-13T16:22:16.625Z daemon INFO time="2025-08-13T09:22:16-07:00" level=info msg="Tool required for debug" tool="esp32:mkspiffs@0.2.3"
time="2025-08-13T09:22:16-07:00" level=info msg="Tool required for debug" tool="esp32:openocd-esp32@v0.12.0-esp32-20250422"
time="2025-08-13T09:22:16-07:00" level=info msg="Tool required for debug" tool="esp32:riscv32-esp-elf-gdb@16.2_20250324"
time="2025-08-13T09:22:16-07:00" level=info msg="Tool required for debug" tool="esp32:xtensa-esp-elf-gdb@16.2_20250324"
time="2025-08-13T09:22:16-07:00" level=info msg="Tool required for debug" tool="arduino:arduinoOTA@1.3.0"
time="2025-08-13T09:22:16-07:00" level=info msg="Tool required for debug" tool="builtin:ctags@5.8-arduino11"
time="2025-08-13T09:22:16-07:00" level=info msg="Tool required for debug" tool="builtin:mdns-discovery@1.0.9"
time="2025-08-13T09:22:16-07:00" level=info msg="Tool required for debug" tool="arduino:avr-gcc@7.3.0-atmel3.6.1-arduino7"
time="2025-08-13T09:22:16-07:00" level=info msg="Tool required for debug" tool="arduino:avrdude@6.3.0-arduino17"
2025-08-13 09:22:16 2025-08-13T16:22:16.625Z daemon INFO time="2025-08-13T09:22:16-07:00" level=info msg="Tool required for debug" tool="builtin:dfu-discovery@0.1.2"
2025-08-13 09:22:16 2025-08-13T16:22:16.626Z daemon INFO time="2025-08-13T09:22:16-07:00" level=info msg="Tool required for debug" tool="builtin:serial-discovery@1.4.1"
time="2025-08-13T09:22:16-07:00" level=info msg="Tool required for debug" tool="builtin:serial-monitor@0.15.0"
2025-08-13 09:22:16 2025-08-13T16:22:16.640Z daemon INFO time="2025-08-13T09:22:16-07:00" level=info msg="Tool required for debug" tool="arduino:dfu-util@0.11.0-arduino5"
time="2025-08-13T09:22:16-07:00" level=info msg="Tool required for debug" tool="esp32:esp-rv32@2411"
time="2025-08-13T09:22:16-07:00" level=info msg="Tool required for debug" tool="esp32:esp-x32@2411"
time="2025-08-13T09:22:16-07:00" level=info msg="Tool required for debug" tool="esp32:esp32-arduino-libs@idf-release_v5.5-b66b5448-v1"
2025-08-13 09:22:16 2025-08-13T16:22:16.640Z daemon INFO time="2025-08-13T09:22:16-07:00" level=info msg="Tool required for debug" tool="esp32:esptool_py@5.0.0"
time="2025-08-13T09:22:16-07:00" level=info msg="Tool required for debug" tool="esp32:mklittlefs@3.0.0-gnu12-dc7f933"
time="2025-08-13T09:22:16-07:00" level=info msg="Tool required for debug" tool="esp32:mkspiffs@0.2.3"
time="2025-08-13T09:22:16-07:00" level=info msg="Tool required for debug" tool="esp32:openocd-esp32@v0.12.0-esp32-20250422"
time="2025-08-13T09:22:16-07:00" level=info msg="Tool required for debug" tool="esp32:riscv32-esp-elf-gdb@16.2_20250324"
time="2025-08-13T09:22:16-07:00" level=info msg="Tool required for debug" tool="esp32:xtensa-esp-elf-gdb@16.2_20250324"
time="2025-08-13T09:22:16-07:00" level=info msg="Tool required for debug" tool="builtin:mdns-discovery@1.0.9"
time="2025-08-13T09:22:16-07:00" level=info msg="Tool required for debug" tool="builtin:dfu-discovery@0.1.2"
time="2025-08-13T09:22:16-07:00" level=info msg="Tool required for debug" tool="arduino:avrdude@6.3.0-arduino17"
2025-08-13 09:22:16 2025-08-13T16:22:16.640Z daemon INFO time="2025-08-13T09:22:16-07:00" level=info msg="Tool required for debug" tool="arduino:arduinoOTA@1.3.0"
time="2025-08-13T09:22:16-07:00" level=info msg="Tool required for debug" tool="arduino:avr-gcc@7.3.0-atmel3.6.1-arduino7"
time="2025-08-13T09:22:16-07:00" level=info msg="Tool required for debug" tool="builtin:serial-discovery@1.4.1"
time="2025-08-13T09:22:16-07:00" level=info msg="Tool required for debug" tool="builtin:serial-monitor@0.15.0"
2025-08-13 09:22:16 2025-08-13T16:22:16.640Z daemon INFO time="2025-08-13T09:22:16-07:00" level=info msg="Tool required for debug" tool="builtin:ctags@5.8-arduino11"
2025-08-13 09:22:16 2025-08-13T16:22:16.649Z daemon INFO time="2025-08-13T09:22:16-07:00" level=info msg="Tool required for debug" tool="arduino:dfu-util@0.11.0-arduino5"
time="2025-08-13T09:22:16-07:00" level=info msg="Tool required for debug" tool="esp32:esp-rv32@2411"
time="2025-08-13T09:22:16-07:00" level=info msg="Tool required for debug" tool="esp32:esp-x32@2411"
2025-08-13 09:22:16 2025-08-13T16:22:16.649Z daemon INFO time="2025-08-13T09:22:16-07:00" level=info msg="Tool required for debug" tool="esp32:esp32-arduino-libs@idf-release_v5.5-b66b5448-v1"
time="2025-08-13T09:22:16-07:00" level=info msg="Tool required for debug" tool="esp32:esptool_py@5.0.0"
time="2025-08-13T09:22:16-07:00" level=info msg="Tool required for debug" tool="esp32:mklittlefs@3.0.0-gnu12-dc7f933"
time="2025-08-13T09:22:16-07:00" level=info msg="Tool required for debug" tool="esp32:mkspiffs@0.2.3"
time="2025-08-13T09:22:16-07:00" level=info msg="Tool required for debug" tool="esp32:openocd-esp32@v0.12.0-esp32-20250422"
time="2025-08-13T09:22:16-07:00" level=info msg="Tool required for debug" tool="esp32:riscv32-esp-elf-gdb@16.2_20250324"
time="2025-08-13T09:22:16-07:00" level=info msg="Tool required for debug" tool="esp32:xtensa-esp-elf-gdb@16.2_20250324"
time="2025-08-13T09:22:16-07:00" level=info msg="Tool required for debug" tool="arduino:avr-gcc@7.3.0-atmel3.6.1-arduino7"
time="2025-08-13T09:22:16-07:00" level=info msg="Tool required for debug" tool="builtin:serial-monitor@0.15.0"
2025-08-13 09:22:16 2025-08-13T16:22:16.649Z daemon INFO time="2025-08-13T09:22:16-07:00" level=info msg="Tool required for debug" tool="builtin:ctags@5.8-arduino11"
time="2025-08-13T09:22:16-07:00" level=info msg="Tool required for debug" tool="builtin:serial-discovery@1.4.1"
time="2025-08-13T09:22:16-07:00" level=info msg="Tool required for debug" tool="builtin:dfu-discovery@0.1.2"
2025-08-13 09:22:16 2025-08-13T16:22:16.649Z daemon INFO time="2025-08-13T09:22:16-07:00" level=info msg="Tool required for debug" tool="arduino:arduinoOTA@1.3.0"
time="2025-08-13T09:22:16-07:00" level=info msg="Tool required for debug" tool="builtin:mdns-discovery@1.0.9"
time="2025-08-13T09:22:16-07:00" level=info msg="Tool required for debug" tool="arduino:avrdude@6.3.0-arduino17"
2025-08-13 09:22:16 2025-08-13T16:22:16.658Z daemon INFO time="2025-08-13T09:22:16-07:00" level=info msg="Tool required for debug" tool="arduino:dfu-util@0.11.0-arduino5"
time="2025-08-13T09:22:16-07:00" level=info msg="Tool required for debug" tool="esp32:esp-rv32@2411"
time="2025-08-13T09:22:16-07:00" level=info msg="Tool required for debug" tool="esp32:esp-x32@2411"
2025-08-13 09:22:16 2025-08-13T16:22:16.658Z daemon INFO time="2025-08-13T09:22:16-07:00" level=info msg="Tool required for debug" tool="esp32:esp32-arduino-libs@idf-release_v5.5-b66b5448-v1"
time="2025-08-13T09:22:16-07:00" level=info msg="Tool required for debug" tool="esp32:esptool_py@5.0.0"
time="2025-08-13T09:22:16-07:00" level=info msg="Tool required for debug" tool="esp32:mklittlefs@3.0.0-gnu12-dc7f933"
time="2025-08-13T09:22:16-07:00" level=info msg="Tool required for debug" tool="esp32:mkspiffs@0.2.3"
time="2025-08-13T09:22:16-07:00" level=info msg="Tool required for debug" tool="esp32:openocd-esp32@v0.12.0-esp32-20250422"
time="2025-08-13T09:22:16-07:00" level=info msg="Tool required for debug" tool="esp32:riscv32-esp-elf-gdb@16.2_20250324"
time="2025-08-13T09:22:16-07:00" level=info msg="Tool required for debug" tool="esp32:xtensa-esp-elf-gdb@16.2_20250324"
2025-08-13 09:22:16 2025-08-13T16:22:16.658Z daemon INFO time="2025-08-13T09:22:16-07:00" level=info msg="Tool required for debug" tool="arduino:avr-gcc@7.3.0-atmel3.6.1-arduino7"
time="2025-08-13T09:22:16-07:00" level=info msg="Tool required for debug" tool="builtin:dfu-discovery@0.1.2"
time="2025-08-13T09:22:16-07:00" level=info msg="Tool required for debug" tool="builtin:serial-monitor@0.15.0"
time="2025-08-13T09:22:16-07:00" level=info msg="Tool required for debug" tool="arduino:avrdude@6.3.0-arduino17"
2025-08-13 09:22:16 2025-08-13T16:22:16.659Z daemon INFO time="2025-08-13T09:22:16-07:00" level=info msg="Tool required for debug" tool="builtin:serial-discovery@1.4.1"
time="2025-08-13T09:22:16-07:00" level=info msg="Tool required for debug" tool="builtin:ctags@5.8-arduino11"
time="2025-08-13T09:22:16-07:00" level=info msg="Tool required for debug" tool="builtin:mdns-discovery@1.0.9"
time="2025-08-13T09:22:16-07:00" level=info msg="Tool required for debug" tool="arduino:arduinoOTA@1.3.0"
2025-08-13 09:22:16 2025-08-13T16:22:16.667Z daemon INFO time="2025-08-13T09:22:16-07:00" level=info msg="Tool required for debug" tool="arduino:dfu-util@0.11.0-arduino5"
time="2025-08-13T09:22:16-07:00" level=info msg="Tool required for debug" tool="esp32:esp-rv32@2411"
time="2025-08-13T09:22:16-07:00" level=info msg="Tool required for debug" tool="esp32:esp-x32@2411"
time="2025-08-13T09:22:16-07:00" level=info msg="Tool required for debug" tool="esp32:esp32-arduino-libs@idf-release_v5.5-b66b5448-v1"
time="2025-08-13T09:22:16-07:00" level=info msg="Tool required for debug" tool="esp32:esptool_py@5.0.0"
time="2025-08-13T09:22:16-07:00" level=info msg="Tool required for debug" tool="esp32:mklittlefs@3.0.0-gnu12-dc7f933"
2025-08-13 09:22:16 2025-08-13T16:22:16.667Z daemon INFO time="2025-08-13T09:22:16-07:00" level=info msg="Tool required for debug" tool="esp32:mkspiffs@0.2.3"
time="2025-08-13T09:22:16-07:00" level=info msg="Tool required for debug" tool="esp32:openocd-esp32@v0.12.0-esp32-20250422"
time="2025-08-13T09:22:16-07:00" level=info msg="Tool required for debug" tool="esp32:riscv32-esp-elf-gdb@16.2_20250324"
time="2025-08-13T09:22:16-07:00" level=info msg="Tool required for debug" tool="esp32:xtensa-esp-elf-gdb@16.2_20250324"
time="2025-08-13T09:22:16-07:00" level=info msg="Tool required for debug" tool="arduino:avr-gcc@7.3.0-atmel3.6.1-arduino7"
time="2025-08-13T09:22:16-07:00" level=info msg="Tool required for debug" tool="builtin:serial-monitor@0.15.0"
time="2025-08-13T09:22:16-07:00" level=info msg="Tool required for debug" tool="builtin:dfu-discovery@0.1.2"
2025-08-13 09:22:16 2025-08-13T16:22:16.667Z daemon INFO time="2025-08-13T09:22:16-07:00" level=info msg="Tool required for debug" tool="builtin:serial-discovery@1.4.1"
time="2025-08-13T09:22:16-07:00" level=info msg="Tool required for debug" tool="arduino:avrdude@6.3.0-arduino17"
time="2025-08-13T09:22:16-07:00" level=info msg="Tool required for debug" tool="builtin:ctags@5.8-arduino11"
2025-08-13 09:22:16 2025-08-13T16:22:16.667Z daemon INFO time="2025-08-13T09:22:16-07:00" level=info msg="Tool required for debug" tool="arduino:arduinoOTA@1.3.0"
time="2025-08-13T09:22:16-07:00" level=info msg="Tool required for debug" tool="builtin:mdns-discovery@1.0.9"
2025-08-13 09:22:16 2025-08-13T16:22:16.675Z daemon INFO time="2025-08-13T09:22:16-07:00" level=info msg="Tool required for debug" tool="arduino:dfu-util@0.11.0-arduino5"
time="2025-08-13T09:22:16-07:00" level=info msg="Tool required for debug" tool="esp32:esp-rv32@2411"
time="2025-08-13T09:22:16-07:00" level=info msg="Tool required for debug" tool="esp32:esp-x32@2411"
time="2025-08-13T09:22:16-07:00" level=info msg="Tool required for debug" tool="esp32:esp32-arduino-libs@idf-release_v5.5-b66b5448-v1"
time="2025-08-13T09:22:16-07:00" level=info msg="Tool required for debug" tool="esp32:esptool_py@5.0.0"
2025-08-13 09:22:16 2025-08-13T16:22:16.675Z daemon INFO time="2025-08-13T09:22:16-07:00" level=info msg="Tool required for debug" tool="esp32:mklittlefs@3.0.0-gnu12-dc7f933"
time="2025-08-13T09:22:16-07:00" level=info msg="Tool required for debug" tool="esp32:mkspiffs@0.2.3"
time="2025-08-13T09:22:16-07:00" level=info msg="Tool required for debug" tool="esp32:openocd-esp32@v0.12.0-esp32-20250422"
time="2025-08-13T09:22:16-07:00" level=info msg="Tool required for debug" tool="esp32:riscv32-esp-elf-gdb@16.2_20250324"
time="2025-08-13T09:22:16-07:00" level=info msg="Tool required for debug" tool="esp32:xtensa-esp-elf-gdb@16.2_20250324"
time="2025-08-13T09:22:16-07:00" level=info msg="Tool required for debug" tool="builtin:serial-monitor@0.15.0"
time="2025-08-13T09:22:16-07:00" level=info msg="Tool required for debug" tool="arduino:avr-gcc@7.3.0-atmel3.6.1-arduino7"
2025-08-13 09:22:16 2025-08-13T16:22:16.675Z daemon INFO time="2025-08-13T09:22:16-07:00" level=info msg="Tool required for debug" tool="builtin:mdns-discovery@1.0.9"
time="2025-08-13T09:22:16-07:00" level=info msg="Tool required for debug" tool="builtin:serial-discovery@1.4.1"
2025-08-13 09:22:16 2025-08-13T16:22:16.675Z daemon INFO time="2025-08-13T09:22:16-07:00" level=info msg="Tool required for debug" tool="builtin:dfu-discovery@0.1.2"
time="2025-08-13T09:22:16-07:00" level=info msg="Tool required for debug" tool="arduino:avrdude@6.3.0-arduino17"
time="2025-08-13T09:22:16-07:00" level=info msg="Tool required for debug" tool="arduino:arduinoOTA@1.3.0"
2025-08-13 09:22:16 2025-08-13T16:22:16.675Z daemon INFO time="2025-08-13T09:22:16-07:00" level=info msg="Tool required for debug" tool="builtin:ctags@5.8-arduino11"
2025-08-13 09:22:17 2025-08-13T16:22:17.574Z daemon INFO time="2025-08-13T09:22:17-07:00" level=info msg="Adding libraries dir" dir=/home/aaron/.arduino15/libraries isSingleLibrary=false location=ide
time="2025-08-13T09:22:17-07:00" level=info msg="Adding libraries dir" dir=/home/aaron/.arduino15/packages/esp32/hardware/esp32/3.3.0/libraries isSingleLibrary=false location=platform
2025-08-13 09:22:17 2025-08-13T16:22:17.574Z daemon INFO time="2025-08-13T09:22:17-07:00" level=info msg="Adding libraries dir" dir=/home/aaron/Arduino/libraries isSingleLibrary=false location=user
2025-08-13 09:22:18 2025-08-13T16:22:18.480Z root WARN Widget was activated, but did not accept focus after 2000ms: serial-monitor
2025-08-13 09:22:29 2025-08-13T16:22:29.056Z root INFO Received port after upload [arduino+serial:///dev/ttyACM0, esp32:esp32:XIAO_ESP32C3:UploadSpeed=921600,CDCOnBoot=default,CPUFreq=160,FlashFreq=80,FlashMode=qio,FlashSize=4M,PartitionScheme=default,DebugLevel=none,EraseFlash=none, slave]. Before port: {"address":"/dev/ttyACM0","addressLabel":"/dev/ttyACM0","protocol":"serial","protocolLabel":"Serial Port (USB)","properties":{"pid":"0x1001","serialNumber":"30:ED:A0:AD:83:34","vid":"0x303a"},"hardwareId":"30:ED:A0:AD:83:34"}, after port: {"address":"/dev/ttyACM0","addressLabel":"/dev/ttyACM0","protocol":"serial","protocolLabel":"Serial Port (USB)","properties":{"pid":"0x1001","serialNumber":"94:A9:90:78:33:BC","vid":"0x303a"},"hardwareId":"94:A9:90:78:33:BC"}
2025-08-13 09:22:29 2025-08-13T16:22:29.057Z monitor-service INFO starting monitor
2025-08-13 09:22:29 2025-08-13T16:22:29.059Z daemon INFO time="2025-08-13T09:22:29-07:00" level=info msg="Starting monitor process" monitor=serial-monitor
2025-08-13 09:22:29 2025-08-13T16:22:29.060Z daemon INFO time="2025-08-13T09:22:29-07:00" level=info msg="Monitor process started successfully!" monitor=serial-monitor
time="2025-08-13T09:22:29-07:00" level=info msg="sending command" command="HELLO 1 \"arduino-cli 1.2.0\"" monitor=serial-monitor
2025-08-13 09:22:29 2025-08-13T16:22:29.063Z daemon INFO time="2025-08-13T09:22:29-07:00" level=info msg="received message" error=false event_type=hello message=OK monitor=serial-monitor
time="2025-08-13T09:22:29-07:00" level=info msg="sending command" command=DESCRIBE monitor=serial-monitor
2025-08-13 09:22:29 2025-08-13T16:22:29.063Z daemon INFO time="2025-08-13T09:22:29-07:00" level=info msg="received message" error=false event_type=describe message=OK monitor=serial-monitor
2025-08-13 09:22:29 2025-08-13T16:22:29.063Z daemon INFO time="2025-08-13T09:22:29-07:00" level=info msg="sending command" command=QUIT monitor=serial-monitor
time="2025-08-13T09:22:29-07:00" level=info msg="received message" error=false event_type=quit message=OK monitor=serial-monitor
2025-08-13 09:22:29 2025-08-13T16:22:29.064Z daemon INFO time="2025-08-13T09:22:29-07:00" level=info msg="Killing monitor process" monitor=serial-monitor
2025-08-13 09:22:29 2025-08-13T16:22:29.064Z daemon INFO time="2025-08-13T09:22:29-07:00" level=error msg="stopped decode loop: EOF" monitor=serial-monitor
2025-08-13 09:22:29 2025-08-13T16:22:29.064Z daemon INFO time="2025-08-13T09:22:29-07:00" level=info msg="Monitor process killed" monitor=serial-monitor
2025-08-13 09:22:29 2025-08-13T16:22:29.070Z daemon INFO time="2025-08-13T09:22:29-07:00" level=info msg="Starting monitor process" monitor=serial-monitor
time="2025-08-13T09:22:29-07:00" level=info msg="Monitor process started successfully!" monitor=serial-monitor
time="2025-08-13T09:22:29-07:00" level=info msg="sending command" command="HELLO 1 \"arduino-cli 1.2.0\"" monitor=serial-monitor
2025-08-13 09:22:29 2025-08-13T16:22:29.072Z daemon INFO time="2025-08-13T09:22:29-07:00" level=info msg="received message" error=false event_type=hello message=OK monitor=serial-monitor
time="2025-08-13T09:22:29-07:00" level=info msg="sending command" command=DESCRIBE monitor=serial-monitor
2025-08-13 09:22:29 2025-08-13T16:22:29.072Z daemon INFO time="2025-08-13T09:22:29-07:00" level=info msg="received message" error=false event_type=describe message=OK monitor=serial-monitor
2025-08-13 09:22:29 2025-08-13T16:22:29.072Z daemon INFO time="2025-08-13T09:22:29-07:00" level=info msg="sending command" command="CONFIGURE baudrate 115200" monitor=serial-monitor
2025-08-13 09:22:29 2025-08-13T16:22:29.072Z daemon INFO time="2025-08-13T09:22:29-07:00" level=info msg="received message" error=false event_type=configure message=OK monitor=serial-monitor
time="2025-08-13T09:22:29-07:00" level=info msg="sending command" command="CONFIGURE bits 8" monitor=serial-monitor
2025-08-13 09:22:29 2025-08-13T16:22:29.073Z daemon INFO time="2025-08-13T09:22:29-07:00" level=info msg="received message" error=false event_type=configure message=OK monitor=serial-monitor
2025-08-13 09:22:29 2025-08-13T16:22:29.073Z daemon INFO time="2025-08-13T09:22:29-07:00" level=info msg="sending command" command="CONFIGURE dtr on" monitor=serial-monitor
2025-08-13 09:22:29 2025-08-13T16:22:29.073Z daemon INFO time="2025-08-13T09:22:29-07:00" level=info msg="received message" error=false event_type=configure message=OK monitor=serial-monitor
time="2025-08-13T09:22:29-07:00" level=info msg="sending command" command="CONFIGURE parity none" monitor=serial-monitor
2025-08-13 09:22:29 2025-08-13T16:22:29.073Z daemon INFO time="2025-08-13T09:22:29-07:00" level=info msg="received message" error=false event_type=configure message=OK monitor=serial-monitor
2025-08-13 09:22:29 2025-08-13T16:22:29.073Z daemon INFO time="2025-08-13T09:22:29-07:00" level=info msg="sending command" command="CONFIGURE rts on" monitor=serial-monitor
2025-08-13 09:22:29 2025-08-13T16:22:29.073Z daemon INFO time="2025-08-13T09:22:29-07:00" level=info msg="received message" error=false event_type=configure message=OK monitor=serial-monitor
time="2025-08-13T09:22:29-07:00" level=info msg="sending command" command="CONFIGURE stop_bits 1" monitor=serial-monitor
2025-08-13 09:22:29 2025-08-13T16:22:29.073Z daemon INFO time="2025-08-13T09:22:29-07:00" level=info msg="received message" error=false event_type=configure message=OK monitor=serial-monitor
2025-08-13 09:22:29 2025-08-13T16:22:29.073Z daemon INFO time="2025-08-13T09:22:29-07:00" level=info msg="sending command" command="OPEN 127.0.0.1:34117 /dev/ttyACM0" monitor=serial-monitor
2025-08-13 09:22:29 2025-08-13T16:22:29.074Z daemon INFO time="2025-08-13T09:22:29-07:00" level=info msg="received message" error=false event_type=open message=OK monitor=serial-monitor
2025-08-13 09:22:29 2025-08-13T16:22:29.074Z daemon INFO time="2025-08-13T09:22:29-07:00" level=info msg="Port /dev/ttyACM0 successfully opened"
2025-08-13 09:22:29 2025-08-13T16:22:29.074Z monitor-service INFO Using port configuration for serial:/dev/ttyACM0: {"settingsList":[{"settingId":"baudrate","value":"115200"},{"settingId":"bits","value":"8"},{"settingId":"dtr","value":"on"},{"settingId":"parity","value":"none"},{"settingId":"rts","value":"on"},{"settingId":"stop_bits","value":"1"}]}
2025-08-13 09:22:29 2025-08-13T16:22:29.075Z monitor-service INFO started monitor to /dev/ttyACM0 using serial
2025-08-13 09:22:29 2025-08-13T16:22:29.191Z monitor-service INFO No port configuration changes have been detected. No need to send configure commands to the running monitor serial:/dev/ttyACM0.
2025-08-13 09:22:38 2025-08-13T16:22:38.824Z daemon INFO time="2025-08-13T09:22:38-07:00" level=info msg="sending command" command=CLOSE monitor=serial-monitor
2025-08-13 09:22:38 2025-08-13T16:22:38.824Z discovery-log INFO {"eventType":"remove","port":{"matchingBoardsList":[],"port":{"address":"/dev/ttyACM0","label":"","protocol":"serial","protocolLabel":"","propertiesMap":[],"hardwareId":""}},"error":""}
2025-08-13 09:22:38 2025-08-13T16:22:38.824Z daemon INFO time="2025-08-13T09:22:38-07:00" level=info msg="received message" error=true event_type=port_closed message="readfrom tcp 127.0.0.1:56290->127.0.0.1:34117: Port has been closed" monitor=serial-monitor
time="2025-08-13T09:22:38-07:00" level=info msg="monitor port has been closed externally" monitor=serial-monitor
time="2025-08-13T09:22:38-07:00" level=info msg="received message" error=true event_type=close message="port already closed" monitor=serial-monitor
time="2025-08-13T09:22:38-07:00" level=info msg="sending command" command=QUIT monitor=serial-monitor
time="2025-08-13T09:22:38-07:00" level=info msg="received message" error=false event_type=quit message=OK monitor=serial-monitor
time="2025-08-13T09:22:38-07:00" level=info msg="Killing monitor process" monitor=serial-monitor
2025-08-13 09:22:38 2025-08-13T16:22:38.825Z daemon INFO time="2025-08-13T09:22:38-07:00" level=error msg="stopped decode loop: EOF" monitor=serial-monitor
2025-08-13 09:22:38 2025-08-13T16:22:38.825Z daemon INFO time="2025-08-13T09:22:38-07:00" level=info msg="Monitor process killed" monitor=serial-monitor
2025-08-13 09:22:38 2025-08-13T16:22:38.826Z monitor-service INFO monitor to /dev/ttyACM0 using serial closed by server
2025-08-13 09:22:42 2025-08-13T16:22:42.867Z discovery-log INFO {"eventType":"add","port":{"matchingBoardsList":[],"port":{"address":"/dev/ttyACM0","label":"/dev/ttyACM0","protocol":"serial","protocolLabel":"Serial Port (USB)","propertiesMap":[["pid","0x55d3"],["serialNumber","5A4E104763"],["vid","0x1a86"]],"hardwareId":"5A4E104763"}},"error":""}
2025-08-13 09:22:43 2025-08-13T16:22:43.061Z monitor-service WARN monitor to /dev/ttyACM0 using serial already stopped
2025-08-13 09:22:43 2025-08-13T16:22:43.148Z daemon INFO time="2025-08-13T09:22:43-07:00" level=info msg="Starting monitor process" monitor=serial-monitor
2025-08-13 09:22:43 2025-08-13T16:22:43.148Z daemon INFO time="2025-08-13T09:22:43-07:00" level=info msg="Monitor process started successfully!" monitor=serial-monitor
time="2025-08-13T09:22:43-07:00" level=info msg="sending command" command="HELLO 1 \"arduino-cli 1.2.0\"" monitor=serial-monitor
2025-08-13 09:22:43 2025-08-13T16:22:43.151Z daemon INFO time="2025-08-13T09:22:43-07:00" level=info msg="received message" error=false event_type=hello message=OK monitor=serial-monitor
time="2025-08-13T09:22:43-07:00" level=info msg="sending command" command=DESCRIBE monitor=serial-monitor
2025-08-13 09:22:43 2025-08-13T16:22:43.152Z daemon INFO time="2025-08-13T09:22:43-07:00" level=info msg="received message" error=false event_type=describe message=OK monitor=serial-monitor
2025-08-13 09:22:43 2025-08-13T16:22:43.152Z daemon INFO time="2025-08-13T09:22:43-07:00" level=info msg="sending command" command=QUIT monitor=serial-monitor
2025-08-13 09:22:43 2025-08-13T16:22:43.152Z daemon INFO time="2025-08-13T09:22:43-07:00" level=info msg="received message" error=false event_type=quit message=OK monitor=serial-monitor
time="2025-08-13T09:22:43-07:00" level=info msg="Killing monitor process" monitor=serial-monitor
2025-08-13 09:22:43 2025-08-13T16:22:43.152Z daemon INFO time="2025-08-13T09:22:43-07:00" level=error msg="stopped decode loop: EOF" monitor=serial-monitor
time="2025-08-13T09:22:43-07:00" level=info msg="Monitor process killed" monitor=serial-monitor
2025-08-13 09:22:43 2025-08-13T16:22:43.202Z monitor-service INFO starting monitor
2025-08-13 09:22:43 2025-08-13T16:22:43.204Z daemon INFO time="2025-08-13T09:22:43-07:00" level=info msg="Starting monitor process" monitor=serial-monitor
2025-08-13 09:22:43 2025-08-13T16:22:43.205Z daemon INFO time="2025-08-13T09:22:43-07:00" level=info msg="Monitor process started successfully!" monitor=serial-monitor
time="2025-08-13T09:22:43-07:00" level=info msg="sending command" command="HELLO 1 \"arduino-cli 1.2.0\"" monitor=serial-monitor
2025-08-13 09:22:43 2025-08-13T16:22:43.207Z daemon INFO time="2025-08-13T09:22:43-07:00" level=info msg="received message" error=false event_type=hello message=OK monitor=serial-monitor
time="2025-08-13T09:22:43-07:00" level=info msg="sending command" command=DESCRIBE monitor=serial-monitor
2025-08-13 09:22:43 2025-08-13T16:22:43.207Z daemon INFO time="2025-08-13T09:22:43-07:00" level=info msg="received message" error=false event_type=describe message=OK monitor=serial-monitor
2025-08-13 09:22:43 2025-08-13T16:22:43.208Z daemon INFO time="2025-08-13T09:22:43-07:00" level=info msg="sending command" command=QUIT monitor=serial-monitor
time="2025-08-13T09:22:43-07:00" level=info msg="received message" error=false event_type=quit message=OK monitor=serial-monitor
2025-08-13 09:22:43 2025-08-13T16:22:43.208Z daemon INFO time="2025-08-13T09:22:43-07:00" level=info msg="Killing monitor process" monitor=serial-monitor
2025-08-13 09:22:43 2025-08-13T16:22:43.208Z daemon INFO time="2025-08-13T09:22:43-07:00" level=error msg="stopped decode loop: EOF" monitor=serial-monitor
time="2025-08-13T09:22:43-07:00" level=info msg="Monitor process killed" monitor=serial-monitor
2025-08-13 09:22:43 2025-08-13T16:22:43.213Z daemon INFO time="2025-08-13T09:22:43-07:00" level=info msg="Starting monitor process" monitor=serial-monitor
2025-08-13 09:22:43 2025-08-13T16:22:43.213Z daemon INFO time="2025-08-13T09:22:43-07:00" level=info msg="Monitor process started successfully!" monitor=serial-monitor
time="2025-08-13T09:22:43-07:00" level=info msg="sending command" command="HELLO 1 \"arduino-cli 1.2.0\"" monitor=serial-monitor
2025-08-13 09:22:43 2025-08-13T16:22:43.217Z daemon INFO time="2025-08-13T09:22:43-07:00" level=info msg="received message" error=false event_type=hello message=OK monitor=serial-monitor
time="2025-08-13T09:22:43-07:00" level=info msg="sending command" command=DESCRIBE monitor=serial-monitor
2025-08-13 09:22:43 2025-08-13T16:22:43.217Z daemon INFO time="2025-08-13T09:22:43-07:00" level=info msg="received message" error=false event_type=describe message=OK monitor=serial-monitor
2025-08-13 09:22:43 2025-08-13T16:22:43.217Z daemon INFO time="2025-08-13T09:22:43-07:00" level=info msg="sending command" command="CONFIGURE baudrate 115200" monitor=serial-monitor
2025-08-13 09:22:43 2025-08-13T16:22:43.217Z daemon INFO time="2025-08-13T09:22:43-07:00" level=info msg="received message" error=false event_type=configure message=OK monitor=serial-monitor
2025-08-13 09:22:43 2025-08-13T16:22:43.217Z daemon INFO time="2025-08-13T09:22:43-07:00" level=info msg="sending command" command="CONFIGURE bits 8" monitor=serial-monitor
2025-08-13 09:22:43 2025-08-13T16:22:43.217Z daemon INFO time="2025-08-13T09:22:43-07:00" level=info msg="received message" error=false event_type=configure message=OK monitor=serial-monitor
2025-08-13 09:22:43 2025-08-13T16:22:43.217Z daemon INFO time="2025-08-13T09:22:43-07:00" level=info msg="sending command" command="CONFIGURE dtr on" monitor=serial-monitor
2025-08-13 09:22:43 2025-08-13T16:22:43.217Z daemon INFO time="2025-08-13T09:22:43-07:00" level=info msg="received message" error=false event_type=configure message=OK monitor=serial-monitor
2025-08-13 09:22:43 2025-08-13T16:22:43.217Z daemon INFO time="2025-08-13T09:22:43-07:00" level=info msg="sending command" command="CONFIGURE parity none" monitor=serial-monitor
2025-08-13 09:22:43 2025-08-13T16:22:43.217Z daemon INFO time="2025-08-13T09:22:43-07:00" level=info msg="received message" error=false event_type=configure message=OK monitor=serial-monitor
2025-08-13 09:22:43 2025-08-13T16:22:43.217Z daemon INFO time="2025-08-13T09:22:43-07:00" level=info msg="sending command" command="CONFIGURE rts on" monitor=serial-monitor
2025-08-13 09:22:43 2025-08-13T16:22:43.217Z daemon INFO time="2025-08-13T09:22:43-07:00" level=info msg="received message" error=false event_type=configure message=OK monitor=serial-monitor
2025-08-13 09:22:43 2025-08-13T16:22:43.217Z daemon INFO time="2025-08-13T09:22:43-07:00" level=info msg="sending command" command="CONFIGURE stop_bits 1" monitor=serial-monitor
2025-08-13 09:22:43 2025-08-13T16:22:43.217Z daemon INFO time="2025-08-13T09:22:43-07:00" level=info msg="received message" error=false event_type=configure message=OK monitor=serial-monitor
2025-08-13 09:22:43 2025-08-13T16:22:43.218Z daemon INFO time="2025-08-13T09:22:43-07:00" level=info msg="sending command" command="OPEN 127.0.0.1:42983 /dev/ttyACM0" monitor=serial-monitor
2025-08-13 09:22:43 2025-08-13T16:22:43.220Z daemon INFO time="2025-08-13T09:22:43-07:00" level=info msg="received message" error=false event_type=open message=OK monitor=serial-monitor
2025-08-13 09:22:43 2025-08-13T16:22:43.220Z daemon INFO time="2025-08-13T09:22:43-07:00" level=info msg="Port /dev/ttyACM0 successfully opened"
2025-08-13 09:22:43 2025-08-13T16:22:43.221Z monitor-service INFO Using port configuration for serial:/dev/ttyACM0: {"settingsList":[{"settingId":"baudrate","value":"115200"},{"settingId":"bits","value":"8"},{"settingId":"dtr","value":"on"},{"settingId":"parity","value":"none"},{"settingId":"rts","value":"on"},{"settingId":"stop_bits","value":"1"}]}
2025-08-13 09:22:43 2025-08-13T16:22:43.221Z monitor-service INFO started monitor to /dev/ttyACM0 using serial
2025-08-13 09:22:43 2025-08-13T16:22:43.235Z monitor-service INFO No port configuration changes have been detected. No need to send configure commands to the running monitor serial:/dev/ttyACM0.
