2025-08-24 13:52:39 Arduino IDE 2.3.6
2025-08-24 13:52:39 Checking for frontend application configuration customizations. Module path: /nix/store/2d5i1bzbqbnl4rgnhk8czrw5zmqqjdzv-arduino-ide-2.3.6-extracted/resources/app/lib/backend/electron-main.js, destination 'package.json': /nix/store/2d5i1bzbqbnl4rgnhk8czrw5zmqqjdzv-arduino-ide-2.3.6-extracted/resources/app/package.json
2025-08-24 13:52:39 Setting 'theia.frontend.config.appVersion' application configuration value to: "2.3.6" (type of string)
2025-08-24 13:52:39 Setting 'theia.frontend.config.cliVersion' application configuration value to: "1.2.0" (type of string)
2025-08-24 13:52:39 Setting 'theia.frontend.config.buildDate' application configuration value to: "2025-04-09T11:24:04.835Z" (type of string)
2025-08-24 13:52:39 Frontend application configuration after modifications: {"applicationName":"Arduino IDE","defaultTheme":{"light":"arduino-theme","dark":"arduino-theme-dark"},"defaultIconTheme":"none","electron":{"windowOptions":{},"showWindowEarly":true,"splashScreenOptions":{},"uriScheme":"arduino-ide"},"defaultLocale":"","validatePreferencesSchema":false,"reloadOnReconnect":true,"uriScheme":"theia","preferences":{"window.title":"${rootName}${activeEditorShort}${appName}","files.autoSave":"afterDelay","editor.minimap.enabled":false,"editor.tabSize":2,"editor.scrollBeyondLastLine":false,"editor.quickSuggestions":{"other":false,"comments":false,"strings":false},"editor.maxTokenizationLineLength":500,"editor.bracketPairColorization.enabled":false,"breadcrumbs.enabled":false,"workbench.tree.renderIndentGuides":"none","explorer.compactFolders":false},"appVersion":"2.3.6","cliVersion":"1.2.0","buildDate":"2025-04-09T11:24:04.835Z"}
2025-08-24 13:52:39 Starting backend process. PID: 19545
2025-08-24 13:52:40 Showing main window early
2025-08-24 13:52:40 Using browser-only version of superagent in non-browser environment
2025-08-24 13:52:40 Configuration directory URI: 'file:///home/aaron/.arduinoIDE'
2025-08-24 13:52:40 Configuring to accept webviews on '^.+\.webview\..+$' hostname.
2025-08-24 13:52:40 2025-08-24T20:52:40.734Z root INFO Backend u.initialize: 38.5 ms [Finished 0.807 s after backend start]
2025-08-24 13:52:40 2025-08-24T20:52:40.737Z root INFO Backend Object.initialize: 36.7 ms [Finished 0.807 s after backend start]
2025-08-24 13:52:40 2025-08-24T20:52:40.737Z root INFO Backend a.initialize: 2.0 ms [Finished 0.807 s after backend start]
2025-08-24 13:52:40 2025-08-24T20:52:40.737Z root INFO Backend a.initialize: 1.6 ms [Finished 0.807 s after backend start]
2025-08-24 13:52:40 2025-08-24T20:52:40.737Z root INFO Backend u.initialize: 2.0 ms [Finished 0.807 s after backend start]
2025-08-24 13:52:40 2025-08-24T20:52:40.740Z root INFO Backend l.initialize: 38.7 ms [Finished 0.809 s after backend start]
2025-08-24 13:52:40 2025-08-24T20:52:40.748Z root INFO configured all backend app contributions
2025-08-24 13:52:40 2025-08-24T20:52:40.749Z root INFO Backend l.onStart: 1.8 ms [Finished 0.823 s after backend start]
2025-08-24 13:52:40 2025-08-24T20:52:40.749Z root INFO Backend d.onStart: 0.1 ms [Finished 0.823 s after backend start]
2025-08-24 13:52:40 2025-08-24T20:52:40.750Z root INFO Backend a.onStart: 0.4 ms [Finished 0.824 s after backend start]
2025-08-24 13:52:40 2025-08-24T20:52:40.750Z config INFO >>> Initializing CLI configuration...
2025-08-24 13:52:40 2025-08-24T20:52:40.750Z root INFO Backend x.onStart: 0.4 ms [Finished 0.824 s after backend start]
2025-08-24 13:52:40 2025-08-24T20:52:40.750Z config INFO Loading CLI configuration from /home/aaron/.arduinoIDE/arduino-cli.yaml...
2025-08-24 13:52:40 2025-08-24T20:52:40.750Z daemon INFO Starting daemon from /nix/store/2d5i1bzbqbnl4rgnhk8czrw5zmqqjdzv-arduino-ide-2.3.6-extracted/resources/app/lib/backend/resources/arduino-cli...
2025-08-24 13:52:40 2025-08-24T20:52:40.750Z root INFO Backend w.onStart: 0.4 ms [Finished 0.825 s after backend start]
2025-08-24 13:52:40 2025-08-24T20:52:40.750Z discovery-log INFO start
2025-08-24 13:52:40 2025-08-24T20:52:40.750Z discovery-log INFO start new deferred
2025-08-24 13:52:40 2025-08-24T20:52:40.750Z root INFO Backend v.onStart: 0.2 ms [Finished 0.825 s after backend start]
2025-08-24 13:52:40 2025-08-24T20:52:40.750Z root INFO Backend a.onStart: 0.1 ms [Finished 0.825 s after backend start]
2025-08-24 13:52:40 2025-08-24T20:52:40.754Z root INFO Theia app listening on http://127.0.0.1:42661.
2025-08-24 13:52:40 2025-08-24T20:52:40.755Z root INFO Finished starting backend application: 4.3 ms [Finished 0.830 s after backend start]
2025-08-24 13:52:40 Error: node-loader:
Error: libxkbfile.so.1: cannot open shared object file: No such file or directory
    at 95585 (/nix/store/2d5i1bzbqbnl4rgnhk8czrw5zmqqjdzv-arduino-ide-2.3.6-extracted/resources/app/lib/backend/electron-main.js:8:1529780)
    at __webpack_require__ (/nix/store/2d5i1bzbqbnl4rgnhk8czrw5zmqqjdzv-arduino-ide-2.3.6-extracted/resources/app/lib/backend/electron-main.js:8:1985382)
    at o._init (/nix/store/2d5i1bzbqbnl4rgnhk8czrw5zmqqjdzv-arduino-ide-2.3.6-extracted/resources/app/lib/backend/electron-main.js:5:1319254)
    at o.onDidChangeKeyboardLayout (/nix/store/2d5i1bzbqbnl4rgnhk8czrw5zmqqjdzv-arduino-ide-2.3.6-extracted/resources/app/lib/backend/electron-main.js:5:1319604)
    at t.onDidChangeKeyboardLayout (/nix/store/2d5i1bzbqbnl4rgnhk8czrw5zmqqjdzv-arduino-ide-2.3.6-extracted/resources/app/lib/backend/electron-main.js:5:1319982)
    at a.onStart (/nix/store/2d5i1bzbqbnl4rgnhk8czrw5zmqqjdzv-arduino-ide-2.3.6-extracted/resources/app/lib/backend/electron-main.js:2:205197)
    at A.startContributions (/nix/store/2d5i1bzbqbnl4rgnhk8czrw5zmqqjdzv-arduino-ide-2.3.6-extracted/resources/app/lib/backend/electron-main.js:8:1599586)
    at Object.handler (/nix/store/2d5i1bzbqbnl4rgnhk8czrw5zmqqjdzv-arduino-ide-2.3.6-extracted/resources/app/lib/backend/electron-main.js:2:1217714)
    at process.processTicksAndRejections (node:internal/process/task_queues:95:5)
2025-08-24 13:52:40 Restoring workspace roots: /home/aaron/projects/esp32_ble/master
2025-08-24 13:52:40 2025-08-24T20:52:40.756Z root WARN The local plugin referenced by local-dir:/home/aaron/.arduinoIDE/plugins does not exist.
2025-08-24 13:52:40 2025-08-24T20:52:40.756Z root WARN The local plugin referenced by local-dir:/home/aaron/.arduinoIDE/deployedPlugins does not exist.
2025-08-24 13:52:40 2025-08-24T20:52:40.760Z config INFO Loaded CLI configuration: {"board_manager":{"additional_urls":["https://raw.githubusercontent.com/espressif/arduino-esp32/gh-pages/package_esp32_index.json"]},"directories":{"builtin":{"libraries":"/home/aaron/.arduino15/libraries"},"data":"/home/aaron/.arduino15","user":"/home/aaron/Arduino"},"locale":"en"}
2025-08-24 13:52:40 2025-08-24T20:52:40.760Z config INFO 'directories.data' and 'directories.user' are set in the CLI configuration model.
2025-08-24 13:52:40 2025-08-24T20:52:40.760Z config INFO Loaded the CLI configuration.
2025-08-24 13:52:40 2025-08-24T20:52:40.770Z config INFO Mapped the CLI configuration: {"dataDirUri":"file:///home/aaron/.arduino15","sketchDirUri":"file:///home/aaron/Arduino","additionalUrls":["https://raw.githubusercontent.com/espressif/arduino-esp32/gh-pages/package_esp32_index.json"],"network":"none","locale":"en"}
2025-08-24 13:52:40 2025-08-24T20:52:40.770Z config INFO Validating the CLI configuration...
2025-08-24 13:52:40 2025-08-24T20:52:40.771Z config INFO The CLI config is valid.
2025-08-24 13:52:40 2025-08-24T20:52:40.771Z config INFO <<< Initialized the CLI configuration.
2025-08-24 13:52:40 isTempSketch: false. Input was /home/aaron/projects/esp32_ble/master/master.ino
2025-08-24 13:52:40 2025-08-24T20:52:40.804Z root INFO Resolve plugins list: 51.8 ms [Finished 0.878 s after backend start]
2025-08-24 13:52:40 2025-08-24T20:52:40.961Z daemon INFO time="2025-08-24T13:52:40-07:00" level=info msg="arduino-cli version 1.2.0"
time="2025-08-24T13:52:40-07:00" level=info msg="Using config file: /home/aaron/.arduinoIDE/arduino-cli.yaml"
time="2025-08-24T13:52:40-07:00" level=info msg="Executing `arduino-cli daemon`"
Daemon is now listening on 127.0.0.1:33855
{"IP":"127.0.0.1","Port":"33855"}
2025-08-24 13:52:40 2025-08-24T20:52:40.961Z daemon INFO Daemon is running.
2025-08-24 13:52:41 2025-08-24T20:52:41.053Z daemon INFO time="2025-08-24T13:52:41-07:00" level=info msg="Checking signature" index=/home/aaron/.arduino15/package_index.json signatureFile=/home/aaron/.arduino15/package_index.json.sig trusted=true
2025-08-24 13:52:41 2025-08-24T20:52:41.061Z daemon INFO time="2025-08-24T13:52:41-07:00" level=info msg="Missing signature file" index=/home/aaron/.arduino15/package_esp32_index.json
time="2025-08-24T13:52:41-07:00" level=info msg="Loading hardware from: /home/aaron/.arduino15/packages"
time="2025-08-24T13:52:41-07:00" level=info msg="Loading package arduino from: /home/aaron/.arduino15/packages/arduino/hardware"
2025-08-24 13:52:41 2025-08-24T20:52:41.071Z daemon INFO time="2025-08-24T13:52:41-07:00" level=info msg="Missing signature file" index=/home/aaron/.arduino15/packages/arduino/hardware/avr/1.8.6/installed.json
time="2025-08-24T13:52:41-07:00" level=info msg="Adding monitor tool" protocol=serial tool="builtin:serial-monitor"
time="2025-08-24T13:52:41-07:00" level=info msg="Loaded platform" platform="arduino:avr@1.8.6"
time="2025-08-24T13:52:41-07:00" level=info msg="Missing signature file" index=/home/aaron/.arduino15/packages/arduino/hardware/renesas_uno/1.5.0/installed.json
time="2025-08-24T13:52:41-07:00" level=info msg="Adding monitor tool" protocol=serial tool="builtin:serial-monitor"
time="2025-08-24T13:52:41-07:00" level=info msg="Loaded platform" platform="arduino:renesas_uno@1.5.0"
time="2025-08-24T13:52:41-07:00" level=info msg="Checking existence of 'tools' path: /home/aaron/.arduino15/packages/arduino/tools"
time="2025-08-24T13:52:41-07:00" level=info msg="Loading tools from dir: /home/aaron/.arduino15/packages/arduino/tools"
2025-08-24 13:52:41 2025-08-24T20:52:41.071Z daemon INFO time="2025-08-24T13:52:41-07:00" level=info msg="Loaded tool" tool="arduino:arduinoOTA@1.3.0"
2025-08-24 13:52:41 2025-08-24T20:52:41.080Z daemon INFO time="2025-08-24T13:52:41-07:00" level=info msg="Loaded tool" tool="arduino:arm-none-eabi-gcc@7-2017q4"
time="2025-08-24T13:52:41-07:00" level=info msg="Loaded tool" tool="arduino:avr-gcc@7.3.0-atmel3.6.1-arduino7"
time="2025-08-24T13:52:41-07:00" level=info msg="Loaded tool" tool="arduino:avrdude@6.3.0-arduino17"
time="2025-08-24T13:52:41-07:00" level=info msg="Loaded tool" tool="arduino:bossac@1.9.1-arduino5"
time="2025-08-24T13:52:41-07:00" level=info msg="Loaded tool" tool="arduino:dfu-util@0.11.0-arduino5"
time="2025-08-24T13:52:41-07:00" level=info msg="Loaded tool" tool="arduino:openocd@0.11.0-arduino2"
time="2025-08-24T13:52:41-07:00" level=info msg="Loading package builtin from: /home/aaron/.arduino15/packages/builtin"
time="2025-08-24T13:52:41-07:00" level=info msg="Checking existence of 'tools' path: /home/aaron/.arduino15/packages/builtin/tools"
time="2025-08-24T13:52:41-07:00" level=info msg="Loading tools from dir: /home/aaron/.arduino15/packages/builtin/tools"
time="2025-08-24T13:52:41-07:00" level=info msg="Loaded tool" tool="builtin:ctags@5.8-arduino11"
time="2025-08-24T13:52:41-07:00" level=info msg="Loaded tool" tool="builtin:dfu-discovery@0.1.2"
time="2025-08-24T13:52:41-07:00" level=info msg="Loaded tool" tool="builtin:mdns-discovery@1.0.9"
time="2025-08-24T13:52:41-07:00" level=info msg="Loaded tool" tool="builtin:serial-discovery@1.4.1"
time="2025-08-24T13:52:41-07:00" level=info msg="Loaded tool" tool="builtin:serial-monitor@0.15.0"
time="2025-08-24T13:52:41-07:00" level=info msg="Loading package esp32 from: /home/aaron/.arduino15/packages/esp32/hardware"
time="2025-08-24T13:52:41-07:00" level=info msg="Missing signature file" index=/home/aaron/.arduino15/packages/esp32/hardware/esp32/3.3.0/installed.json
2025-08-24 13:52:41 2025-08-24T20:52:41.299Z daemon INFO time="2025-08-24T13:52:41-07:00" level=info msg="Adding monitor tool" protocol=serial tool="builtin:serial-monitor"
time="2025-08-24T13:52:41-07:00" level=info msg="Loaded platform" platform="esp32:esp32@3.3.0"
time="2025-08-24T13:52:41-07:00" level=info msg="Checking existence of 'tools' path: /home/aaron/.arduino15/packages/esp32/tools"
time="2025-08-24T13:52:41-07:00" level=info msg="Loading tools from dir: /home/aaron/.arduino15/packages/esp32/tools"
time="2025-08-24T13:52:41-07:00" level=info msg="Loaded tool" tool="esp32:esp-rv32@2411"
time="2025-08-24T13:52:41-07:00" level=info msg="Loaded tool" tool="esp32:esp-x32@2411"
time="2025-08-24T13:52:41-07:00" level=info msg="Loaded tool" tool="esp32:esp32-arduino-libs@idf-release_v5.5-b66b5448-v1"
time="2025-08-24T13:52:41-07:00" level=info msg="Loaded tool" tool="esp32:esptool_py@5.0.0"
time="2025-08-24T13:52:41-07:00" level=info msg="Loaded tool" tool="esp32:mklittlefs@3.0.0-gnu12-dc7f933"
time="2025-08-24T13:52:41-07:00" level=info msg="Loaded tool" tool="esp32:mkspiffs@0.2.3"
time="2025-08-24T13:52:41-07:00" level=info msg="Loaded tool" tool="esp32:openocd-esp32@v0.12.0-esp32-20250422"
time="2025-08-24T13:52:41-07:00" level=info msg="Loaded tool" tool="esp32:riscv32-esp-elf-gdb@16.2_20250324"
time="2025-08-24T13:52:41-07:00" level=info msg="Loaded tool" tool="esp32:xtensa-esp-elf-gdb@16.2_20250324"
2025-08-24 13:52:41 2025-08-24T20:52:41.311Z daemon INFO time="2025-08-24T13:52:41-07:00" level=info msg="Adding libraries dir" dir=/home/aaron/.arduino15/packages/esp32/hardware/esp32/3.3.0/libraries isSingleLibrary=false location=platform
time="2025-08-24T13:52:41-07:00" level=info msg="Adding libraries dir" dir=/home/aaron/.arduino15/packages/arduino/hardware/renesas_uno/1.5.0/libraries isSingleLibrary=false location=platform
time="2025-08-24T13:52:41-07:00" level=info msg="Adding libraries dir" dir=/home/aaron/.arduino15/packages/arduino/hardware/avr/1.8.6/libraries isSingleLibrary=false location=platform
time="2025-08-24T13:52:41-07:00" level=info msg="Loading libraries index file" index=/home/aaron/.arduino15/library_index.json
2025-08-24 13:52:41 2025-08-24T20:52:41.668Z root INFO Deploy plugins list: 916.7 ms [Finished 1.743 s after backend start]
2025-08-24 13:52:41 2025-08-24T20:52:41.747Z daemon INFO time="2025-08-24T13:52:41-07:00" level=info msg="Adding libraries dir" dir=/home/aaron/.arduino15/libraries isSingleLibrary=false location=ide
time="2025-08-24T13:52:41-07:00" level=info msg="Adding libraries dir" dir=/home/aaron/Arduino/libraries isSingleLibrary=false location=user
2025-08-24 13:52:41 2025-08-24T20:52:41.910Z root INFO creating connection for 1
2025-08-24 13:52:42 2025-08-24T20:52:42.080Z daemon INFO time="2025-08-24T13:52:42-07:00" level=warning msg="Error loading library" error="rpc error: code = Internal desc = loading library from /home/aaron/Arduino/libraries/SoftSerialTest: invalid library: no header files found"
2025-08-24 13:52:42 2025-08-24T20:52:42.089Z discovery-log INFO start resolved watching
2025-08-24 13:52:42 2025-08-24T20:52:42.126Z discovery-log INFO {"eventType":"add","port":{"matchingBoardsList":[],"port":{"address":"/dev/ttyS0","label":"/dev/ttyS0","protocol":"serial","protocolLabel":"Serial Port","propertiesMap":[],"hardwareId":""}},"error":""}
2025-08-24 13:52:43 2025-08-24T20:52:43.070Z root ERROR Error: node-loader:
Error: libxkbfile.so.1: cannot open shared object file: No such file or directory
    at 95585 (/nix/store/2d5i1bzbqbnl4rgnhk8czrw5zmqqjdzv-arduino-ide-2.3.6-extracted/resources/app/lib/backend/main.js:2:6468723)
    at __webpack_require__ (/nix/store/2d5i1bzbqbnl4rgnhk8czrw5zmqqjdzv-arduino-ide-2.3.6-extracted/resources/app/lib/backend/main.js:2:7034640)
    at r._init (/nix/store/2d5i1bzbqbnl4rgnhk8czrw5zmqqjdzv-arduino-ide-2.3.6-extracted/resources/app/lib/backend/main.js:2:4537535)
    at r.getCurrentKeyboardLayout (/nix/store/2d5i1bzbqbnl4rgnhk8czrw5zmqqjdzv-arduino-ide-2.3.6-extracted/resources/app/lib/backend/main.js:2:4537734)
    at t.getCurrentKeyboardLayout (/nix/store/2d5i1bzbqbnl4rgnhk8czrw5zmqqjdzv-arduino-ide-2.3.6-extracted/resources/app/lib/backend/main.js:2:4538141)
    at s.getNativeLayoutSync (/nix/store/2d5i1bzbqbnl4rgnhk8czrw5zmqqjdzv-arduino-ide-2.3.6-extracted/resources/app/lib/backend/main.js:2:1830040)
    at s.getNativeLayout (/nix/store/2d5i1bzbqbnl4rgnhk8czrw5zmqqjdzv-arduino-ide-2.3.6-extracted/resources/app/lib/backend/main.js:2:1829981)
    at u.onRequest (/nix/store/2d5i1bzbqbnl4rgnhk8czrw5zmqqjdzv-arduino-ide-2.3.6-extracted/resources/app/lib/backend/main.js:2:4942964)
    at c.requestHandler (/nix/store/2d5i1bzbqbnl4rgnhk8czrw5zmqqjdzv-arduino-ide-2.3.6-extracted/resources/app/lib/backend/main.js:2:4942783)
    at c.handleRequest (/nix/store/2d5i1bzbqbnl4rgnhk8czrw5zmqqjdzv-arduino-ide-2.3.6-extracted/resources/app/lib/backend/main.js:2:524486)
2025-08-24 13:52:43 2025-08-24T20:52:43.070Z root ERROR TypeError: Cannot read properties of null (reading 'getKeyMap')
    at r.getKeyMap (/nix/store/2d5i1bzbqbnl4rgnhk8czrw5zmqqjdzv-arduino-ide-2.3.6-extracted/resources/app/lib/backend/main.js:2:4537620)
    at t.getKeyMap (/nix/store/2d5i1bzbqbnl4rgnhk8czrw5zmqqjdzv-arduino-ide-2.3.6-extracted/resources/app/lib/backend/main.js:2:4538201)
    at s.getNativeLayoutSync (/nix/store/2d5i1bzbqbnl4rgnhk8czrw5zmqqjdzv-arduino-ide-2.3.6-extracted/resources/app/lib/backend/main.js:2:1830077)
    at s.getNativeLayout (/nix/store/2d5i1bzbqbnl4rgnhk8czrw5zmqqjdzv-arduino-ide-2.3.6-extracted/resources/app/lib/backend/main.js:2:1829981)
    at u.onRequest (/nix/store/2d5i1bzbqbnl4rgnhk8czrw5zmqqjdzv-arduino-ide-2.3.6-extracted/resources/app/lib/backend/main.js:2:4942964)
    at c.requestHandler (/nix/store/2d5i1bzbqbnl4rgnhk8czrw5zmqqjdzv-arduino-ide-2.3.6-extracted/resources/app/lib/backend/main.js:2:4942783)
    at c.handleRequest (/nix/store/2d5i1bzbqbnl4rgnhk8czrw5zmqqjdzv-arduino-ide-2.3.6-extracted/resources/app/lib/backend/main.js:2:524486)
    at c.handleMessage (/nix/store/2d5i1bzbqbnl4rgnhk8czrw5zmqqjdzv-arduino-ide-2.3.6-extracted/resources/app/lib/backend/main.js:2:522388)
    at /nix/store/2d5i1bzbqbnl4rgnhk8czrw5zmqqjdzv-arduino-ide-2.3.6-extracted/resources/app/lib/backend/main.js:2:522022
    at /nix/store/2d5i1bzbqbnl4rgnhk8czrw5zmqqjdzv-arduino-ide-2.3.6-extracted/resources/app/lib/backend/main.js:2:6419737
2025-08-24 13:52:43 2025-08-24T20:52:43.071Z root WARN A command editor.action.toggleStickyScroll is already registered.
2025-08-24 13:52:43 2025-08-24T20:52:43.104Z sketches-service WARN Warning! The request sketch path was different than the response sketch path from the CLI. This could be a potential bug. Request: </home/aaron/projects/esp32_ble/master/master.ino>, response: </home/aaron/projects/esp32_ble/master>.
2025-08-24 13:52:43 Opening channel for service path '/services/electron-window'.
2025-08-24 13:52:43 Opening channel for service path '/services/ide-updater'.
2025-08-24 13:52:43 2025-08-24T20:52:43.212Z root INFO Start frontend contributions: 330.3 ms [Finished 2.417 s after frontend start]
2025-08-24 13:52:43 2025-08-24T20:52:43.212Z root INFO Changed application state from 'init' to 'started_contributions'.
2025-08-24 13:52:43 2025-08-24T20:52:43.221Z root INFO Changed application state from 'started_contributions' to 'attached_shell'.
2025-08-24 13:52:43 2025-08-24T20:52:43.221Z root INFO >>> Restoring the layout state...
2025-08-24 13:52:43 2025-08-24T20:52:43.268Z root INFO [b7b7e244-297c-4ff1-b73a-d36994deff27] Waiting for backend deployment: 68.2 ms [Finished 2.479 s after frontend start]
2025-08-24 13:52:43 2025-08-24T20:52:43.983Z root INFO [hosted-plugin: 19736] PLUGIN_HOST(19736) starting instance
[Object: null prototype] {}
2025-08-24 13:52:44 2025-08-24T20:52:44.709Z root INFO [b7b7e244-297c-4ff1-b73a-d36994deff27] Sync of 23 plugins: 1450.0 ms [Finished 3.929 s after frontend start]
2025-08-24 13:52:44 2025-08-24T20:52:44.734Z root INFO ------- SERIALIZED LAYOUT DATA -------
2025-08-24 13:52:44 2025-08-24T20:52:44.734Z root INFO {"version":5,"mainPanel":{"main":{"type":"tab-area","widgets":[{"constructionOptions":{"factoryId":"code-editor-opener","options":{"counter":0,"kind":"navigatable","uri":"file:///home/aaron/projects/esp32_ble/master/master.ino"}},"innerWidgetState":"{\"cursorState\":[{\"inSelectionMode\":false,\"selectionStart\":{\"lineNumber\":15,\"column\":3},\"position\":{\"lineNumber\":15,\"column\":3}}],\"viewState\":{\"scrollLeft\":0,\"firstPosition\":{\"lineNumber\":1,\"column\":1},\"firstPositionDeltaTop\":0},\"contributionsState\":{\"editor.contrib.folding\":{\"lineCount\":145,\"provider\":\"indent\",\"foldedImports\":false},\"editor.contrib.wordHighlighter\":false}}"},{"constructionOptions":{"factoryId":"code-editor-opener","options":{"counter":1,"kind":"navigatable","uri":"file:///home/aaron/projects/esp32_ble/master/sd_read_write.h"}},"innerWidgetState":"{\"cursorState\":[{\"inSelectionMode\":false,\"selectionStart\":{\"lineNumber\":1,\"column\":1},\"position\":{\"lineNumber\":1,\"column\":1}}],\"viewState\":{\"scrollLeft\":0,\"firstPosition\":{\"lineNumber\":1,\"column\":1},\"firstPositionDeltaTop\":0},\"contributionsState\":{\"editor.contrib.folding\":{\"lineCount\":18,\"provider\":\"indent\",\"foldedImports\":false},\"editor.contrib.wordHighlighter\":false}}"},{"constructionOptions":{"factoryId":"code-editor-opener","options":{"counter":1,"kind":"navigatable","uri":"file:///home/aaron/projects/esp32_ble/master/sd_read_write.cpp"}},"innerWidgetState":"{\"cursorState\":[{\"inSelectionMode\":false,\"selectionStart\":{\"lineNumber\":1,\"column\":1},\"position\":{\"lineNumber\":1,\"column\":1}}],\"viewState\":{\"scrollLeft\":0,\"firstPosition\":{\"lineNumber\":1,\"column\":1},\"firstPositionDeltaTop\":0},\"contributionsState\":{\"editor.contrib.folding\":{\"lineCount\":154,\"provider\":\"indent\",\"foldedImports\":false},\"editor.contrib.wordHighlighter\":false}}"}],"currentIndex":0}},"mainPanelPinned":[false,false,false],"bottomPanel":{"config":{"main":{"type":"tab-area","widgets":[{"constructionOptions":{"factoryId":"outputView"},"innerWidgetState":"{\"locked\":false}"}],"currentIndex":0}},"pinned":[false],"size":384,"expanded":true},"leftPanel":{"type":"sidepanel","items":[{"widget":{"constructionOptions":{"factoryId":"arduino-sketchbook-widget"}},"rank":1,"expanded":false,"pinned":false},{"widget":{"constructionOptions":{"factoryId":"boards-list-widget"}},"rank":2,"expanded":false,"pinned":false},{"widget":{"constructionOptions":{"factoryId":"library-list-widget"}},"rank":3,"expanded":false,"pinned":false},{"widget":{"constructionOptions":{"factoryId":"debug"},"innerWidgetState":"{\"parts\":[{\"partId\":\"debug:threads:-1\",\"collapsed\":false,\"hidden\":false,\"relativeSize\":1.384,\"originalContainerId\":\"debug:view-container:-1\",\"originalContainerTitle\":{\"label\":\"debug\",\"iconClass\":\"codicon codicon-debug-alt\",\"closeable\":true},\"widget\":{\"constructionOptions\":{\"factoryId\":\"debug:threads\"},\"innerWidgetState\":\"{}\"}},{\"partId\":\"debug:frames:-1\",\"collapsed\":false,\"hidden\":false,\"relativeSize\":1.384,\"originalContainerId\":\"debug:view-container:-1\",\"originalContainerTitle\":{\"label\":\"debug\",\"iconClass\":\"codicon codicon-debug-alt\",\"closeable\":true},\"widget\":{\"constructionOptions\":{\"factoryId\":\"debug:frames\"},\"innerWidgetState\":\"{}\"}},{\"partId\":\"debug:variables:-1\",\"collapsed\":false,\"hidden\":false,\"relativeSize\":1.384,\"originalContainerId\":\"debug:view-container:-1\",\"originalContainerTitle\":{\"label\":\"debug\",\"iconClass\":\"codicon codicon-debug-alt\",\"closeable\":true},\"widget\":{\"constructionOptions\":{\"factoryId\":\"debug:variables\"},\"innerWidgetState\":\"{}\"}},{\"partId\":\"debug:watch:-1\",\"collapsed\":false,\"hidden\":false,\"relativeSize\":1.384,\"originalContainerId\":\"debug:view-container:-1\",\"originalContainerTitle\":{\"label\":\"debug\",\"iconClass\":\"codicon codicon-debug-alt\",\"closeable\":true},\"widget\":{\"constructionOptions\":{\"factoryId\":\"debug:watch\"},\"innerWidgetState\":\"{}\"}},{\"partId\":\"debug:breakpoints:-1\",\"collapsed\":false,\"hidden\":false,\"relativeSize\":1.384,\"originalContainerId\":\"debug:view-container:-1\",\"originalContainerTitle\":{\"label\":\"debug\",\"iconClass\":\"codicon codicon-debug-alt\",\"closeable\":true},\"widget\":{\"constructionOptions\":{\"factoryId\":\"debug:breakpoints\"},\"innerWidgetState\":\"{}\"}},{\"partId\":\"plugin-view:cortex-debug.peripherals\",\"collapsed\":true,\"hidden\":true,\"originalContainerId\":\"debug:view-container:-1\",\"originalContainerTitle\":{\"label\":\"debug\",\"iconClass\":\"codicon codicon-debug-alt\",\"closeable\":true},\"widget\":{\"constructionOptions\":{\"factoryId\":\"plugin-view\",\"options\":{\"id\":\"plugin-view:cortex-debug.peripherals\",\"viewId\":\"cortex-debug.peripherals\"}},\"innerWidgetState\":\"{\\\"label\\\":\\\"Cortex Peripherals\\\",\\\"widgets\\\":[],\\\"suppressUpdateViewVisibility\\\":false,\\\"currentViewContainerId\\\":\\\"debug\\\"}\"}},{\"partId\":\"plugin-view:cortex-debug.registers\",\"collapsed\":true,\"hidden\":true,\"originalContainerId\":\"debug:view-container:-1\",\"originalContainerTitle\":{\"label\":\"debug\",\"iconClass\":\"codicon codicon-debug-alt\",\"closeable\":true},\"widget\":{\"constructionOptions\":{\"factoryId\":\"plugin-view\",\"options\":{\"id\":\"plugin-view:cortex-debug.registers\",\"viewId\":\"cortex-debug.registers\"}},\"innerWidgetState\":\"{\\\"label\\\":\\\"Cortex Registers\\\",\\\"widgets\\\":[],\\\"suppressUpdateViewVisibility\\\":false,\\\"currentViewContainerId\\\":\\\"debug\\\"}\"}}],\"title\":{\"label\":\"debug\",\"iconClass\":\"codicon codicon-debug-alt\",\"closeable\":true}}"},"rank":4,"expanded":false,"pinned":false},{"widget":{"constructionOptions":{"factoryId":"search-view-container"},"innerWidgetState":"{\"parts\":[{\"partId\":\"search-in-workspace\",\"collapsed\":false,\"hidden\":false,\"originalContainerId\":\"search-view-container\",\"originalContainerTitle\":{\"label\":\"Search\",\"iconClass\":\"codicon codicon-search\",\"closeable\":true},\"widget\":{\"constructionOptions\":{\"factoryId\":\"search-in-workspace\"},\"innerWidgetState\":\"{\\\"matchCaseState\\\":{\\\"className\\\":\\\"codicon codicon-case-sensitive\\\",\\\"enabled\\\":false,\\\"title\\\":\\\"Match Case\\\"},\\\"wholeWordState\\\":{\\\"className\\\":\\\"codicon codicon-whole-word\\\",\\\"enabled\\\":false,\\\"title\\\":\\\"Match Whole Word\\\"},\\\"regExpState\\\":{\\\"className\\\":\\\"codicon codicon-regex\\\",\\\"enabled\\\":false,\\\"title\\\":\\\"Use Regular Expression\\\"},\\\"includeIgnoredState\\\":{\\\"className\\\":\\\"codicon codicon-eye\\\",\\\"enabled\\\":false,\\\"title\\\":\\\"Include Ignored Files\\\"},\\\"showSearchDetails\\\":false,\\\"searchInWorkspaceOptions\\\":{\\\"matchCase\\\":false,\\\"matchWholeWord\\\":false,\\\"useRegExp\\\":false,\\\"multiline\\\":false,\\\"includeIgnored\\\":false,\\\"include\\\":[],\\\"exclude\\\":[],\\\"maxResults\\\":2000},\\\"searchTerm\\\":\\\"\\\",\\\"replaceTerm\\\":\\\"\\\",\\\"showReplaceField\\\":false,\\\"searchHistoryState\\\":{\\\"history\\\":[],\\\"index\\\":0},\\\"replaceHistoryState\\\":{\\\"history\\\":[],\\\"index\\\":0},\\\"includeHistoryState\\\":{\\\"history\\\":[],\\\"index\\\":0},\\\"excludeHistoryState\\\":{\\\"history\\\":[],\\\"index\\\":0}}\"}}],\"title\":{\"label\":\"Search\",\"iconClass\":\"fa fa-arduino-search\",\"closeable\":true}}"},"rank":5,"expanded":false,"pinned":false}],"size":268},"rightPanel":{"type":"sidepanel","items":[]}}
2025-08-24 13:52:44 2025-08-24T20:52:44.734Z root INFO ------- END SERIALIZED LAYOUT DATA -------
2025-08-24 13:52:45 2025-08-24T20:52:45.128Z root INFO <<< The layout has been successfully restored.
2025-08-24 13:52:45 2025-08-24T20:52:45.246Z root INFO Initialize the workbench layout: 1907.6 ms [Finished 4.349 s after frontend start]
2025-08-24 13:52:45 2025-08-24T20:52:45.248Z root INFO Changed application state from 'attached_shell' to 'initialized_layout'.
2025-08-24 13:52:45 2025-08-24T20:52:45.249Z root INFO [b7b7e244-297c-4ff1-b73a-d36994deff27] Loading plugin contributions
2025-08-24 13:52:45 2025-08-24T20:52:45.250Z root INFO [b7b7e244-297c-4ff1-b73a-d36994deff27] Load contributions of 23 plugins: 114.5 ms [Finished 4.465 s after frontend start]
2025-08-24 13:52:45 2025-08-24T20:52:45.305Z root WARN 'cpp' language is remapped from 'source.cpp.embedded.macro' to 'source.cpp' scope
2025-08-24 13:52:45 2025-08-24T20:52:45.305Z root WARN a registered grammar configuration for 'cpp' language is overridden
2025-08-24 13:52:45 2025-08-24T20:52:45.416Z root ERROR [hosted-plugin: 19736] Conflict in settings file Default: Ignoring cortex-debug.armToolchainPath.linux as cortex-debug.armToolchainPath is null
2025-08-24 13:52:45 2025-08-24T20:52:45.416Z root ERROR [hosted-plugin: 19736] Conflict in settings file Default: Ignoring cortex-debug.armToolchainPath.osx as cortex-debug.armToolchainPath is null
Conflict in settings file Default: Ignoring cortex-debug.armToolchainPath.windows as cortex-debug.armToolchainPath is null
Conflict in settings file Default: Ignoring cortex-debug.JLinkGDBServerPath.linux as cortex-debug.JLinkGDBServerPath is null
2025-08-24 13:52:45 2025-08-24T20:52:45.417Z root ERROR [hosted-plugin: 19736] Conflict in settings file Default: Ignoring cortex-debug.JLinkGDBServerPath.osx as cortex-debug.JLinkGDBServerPath is null
Conflict in settings file Default: Ignoring cortex-debug.JLinkGDBServerPath.windows as cortex-debug.JLinkGDBServerPath is null
Conflict in settings file Default: Ignoring cortex-debug.openocdPath.linux as cortex-debug.openocdPath is null
2025-08-24 13:52:45 2025-08-24T20:52:45.417Z root ERROR [hosted-plugin: 19736] Conflict in settings file Default: Ignoring cortex-debug.openocdPath.osx as cortex-debug.openocdPath is null
Conflict in settings file Default: Ignoring cortex-debug.openocdPath.windows as cortex-debug.openocdPath is null
2025-08-24 13:52:45 2025-08-24T20:52:45.417Z root ERROR [hosted-plugin: 19736] Conflict in settings file Default: Ignoring cortex-debug.pyocdPath.linux as cortex-debug.pyocdPath is null
Conflict in settings file Default: Ignoring cortex-debug.pyocdPath.osx as cortex-debug.pyocdPath is null
2025-08-24 13:52:45 2025-08-24T20:52:45.417Z root ERROR [hosted-plugin: 19736] Conflict in settings file Default: Ignoring cortex-debug.pyocdPath.windows as cortex-debug.pyocdPath is null
2025-08-24 13:52:45 2025-08-24T20:52:45.417Z root ERROR [hosted-plugin: 19736] Conflict in settings file Default: Ignoring cortex-debug.PEGDBServerPath.linux as cortex-debug.PEGDBServerPath is null
Conflict in settings file Default: Ignoring cortex-debug.PEGDBServerPath.osx as cortex-debug.PEGDBServerPath is null
Conflict in settings file Default: Ignoring cortex-debug.PEGDBServerPath.windows as cortex-debug.PEGDBServerPath is null
Conflict in settings file Default: Ignoring cortex-debug.stutilPath.linux as cortex-debug.stutilPath is null
2025-08-24 13:52:45 2025-08-24T20:52:45.418Z root ERROR [hosted-plugin: 19736] Conflict in settings file Default: Ignoring cortex-debug.stutilPath.osx as cortex-debug.stutilPath is null
Conflict in settings file Default: Ignoring cortex-debug.stutilPath.windows as cortex-debug.stutilPath is null
Conflict in settings file Default: Ignoring cortex-debug.stlinkPath.linux as cortex-debug.stlinkPath is null
2025-08-24 13:52:45 2025-08-24T20:52:45.418Z root ERROR [hosted-plugin: 19736] Conflict in settings file Default: Ignoring cortex-debug.stlinkPath.osx as cortex-debug.stlinkPath is null
Conflict in settings file Default: Ignoring cortex-debug.stlinkPath.windows as cortex-debug.stlinkPath is null
2025-08-24 13:52:45 2025-08-24T20:52:45.418Z root ERROR [hosted-plugin: 19736] Conflict in settings file Default: Ignoring cortex-debug.stm32cubeprogrammer.linux as cortex-debug.stm32cubeprogrammer is null
Conflict in settings file Default: Ignoring cortex-debug.stm32cubeprogrammer.osx as cortex-debug.stm32cubeprogrammer is null
Conflict in settings file Default: Ignoring cortex-debug.stm32cubeprogrammer.windows as cortex-debug.stm32cubeprogrammer is null
2025-08-24 13:52:45 2025-08-24T20:52:45.445Z root INFO [hosted-plugin: 19736] PLUGIN_HOST(19736): PluginManagerExtImpl/init()
2025-08-24 13:52:45 2025-08-24T20:52:45.448Z root INFO [hosted-plugin: 19736] PLUGIN_HOST(19736): initializing(vscode-arduino-api@0.1.2 with /nix/store/2d5i1bzbqbnl4rgnhk8czrw5zmqqjdzv-arduino-ide-2.3.6-extracted/resources/app/lib/backend/plugin-vscode-init)
2025-08-24 13:52:45 2025-08-24T20:52:45.524Z root INFO [hosted-plugin: 19736] PLUGIN_HOST(19736): initializing(json-language-features@1.88.1 with /nix/store/2d5i1bzbqbnl4rgnhk8czrw5zmqqjdzv-arduino-ide-2.3.6-extracted/resources/app/lib/backend/plugin-vscode-init)
2025-08-24 13:52:45 2025-08-24T20:52:45.540Z root INFO [hosted-plugin: 19736] PLUGIN_HOST(19736): initializing(cortex-debug@1.5.1 with /nix/store/2d5i1bzbqbnl4rgnhk8czrw5zmqqjdzv-arduino-ide-2.3.6-extracted/resources/app/lib/backend/plugin-vscode-init)
2025-08-24 13:52:45 2025-08-24T20:52:45.540Z root INFO [hosted-plugin: 19736] Debugger contribution has been registered: cortex-debug
2025-08-24 13:52:45 2025-08-24T20:52:45.542Z root INFO [hosted-plugin: 19736] PLUGIN_HOST(19736): initializing(vscode-arduino-tools@0.1.3 with /nix/store/2d5i1bzbqbnl4rgnhk8czrw5zmqqjdzv-arduino-ide-2.3.6-extracted/resources/app/lib/backend/plugin-vscode-init)
2025-08-24 13:52:45 2025-08-24T20:52:45.542Z root INFO [hosted-plugin: 19736] PLUGIN_HOST(19736): initializing(cpp@1.88.1 with /nix/store/2d5i1bzbqbnl4rgnhk8czrw5zmqqjdzv-arduino-ide-2.3.6-extracted/resources/app/lib/backend/plugin-vscode-init)
2025-08-24 13:52:45 2025-08-24T20:52:45.543Z root INFO [hosted-plugin: 19736] PLUGIN_HOST(19736): initializing(json@1.88.1 with /nix/store/2d5i1bzbqbnl4rgnhk8czrw5zmqqjdzv-arduino-ide-2.3.6-extracted/resources/app/lib/backend/plugin-vscode-init)
2025-08-24 13:52:45 2025-08-24T20:52:45.544Z root INFO [hosted-plugin: 19736] PLUGIN_HOST(19736): initializing(vscode-language-pack-bg@1.48.3 with /nix/store/2d5i1bzbqbnl4rgnhk8czrw5zmqqjdzv-arduino-ide-2.3.6-extracted/resources/app/lib/backend/plugin-vscode-init)
2025-08-24 13:52:45 2025-08-24T20:52:45.545Z root INFO [hosted-plugin: 19736] PLUGIN_HOST(19736): initializing(vscode-language-pack-cs@1.96.0 with /nix/store/2d5i1bzbqbnl4rgnhk8czrw5zmqqjdzv-arduino-ide-2.3.6-extracted/resources/app/lib/backend/plugin-vscode-init)
2025-08-24 13:52:45 2025-08-24T20:52:45.545Z root INFO [hosted-plugin: 19736] PLUGIN_HOST(19736): initializing(vscode-language-pack-de@1.96.0 with /nix/store/2d5i1bzbqbnl4rgnhk8czrw5zmqqjdzv-arduino-ide-2.3.6-extracted/resources/app/lib/backend/plugin-vscode-init)
2025-08-24 13:52:45 2025-08-24T20:52:45.546Z root INFO [hosted-plugin: 19736] PLUGIN_HOST(19736): initializing(vscode-language-pack-es@1.96.0 with /nix/store/2d5i1bzbqbnl4rgnhk8czrw5zmqqjdzv-arduino-ide-2.3.6-extracted/resources/app/lib/backend/plugin-vscode-init)
2025-08-24 13:52:45 2025-08-24T20:52:45.548Z root INFO [hosted-plugin: 19736] PLUGIN_HOST(19736): initializing(vscode-language-pack-fr@1.96.0 with /nix/store/2d5i1bzbqbnl4rgnhk8czrw5zmqqjdzv-arduino-ide-2.3.6-extracted/resources/app/lib/backend/plugin-vscode-init)
2025-08-24 13:52:45 2025-08-24T20:52:45.548Z root INFO [hosted-plugin: 19736] PLUGIN_HOST(19736): initializing(vscode-language-pack-hu@1.48.3 with /nix/store/2d5i1bzbqbnl4rgnhk8czrw5zmqqjdzv-arduino-ide-2.3.6-extracted/resources/app/lib/backend/plugin-vscode-init)
2025-08-24 13:52:45 2025-08-24T20:52:45.549Z root INFO [hosted-plugin: 19736] PLUGIN_HOST(19736): initializing(vscode-language-pack-it@1.96.0 with /nix/store/2d5i1bzbqbnl4rgnhk8czrw5zmqqjdzv-arduino-ide-2.3.6-extracted/resources/app/lib/backend/plugin-vscode-init)
2025-08-24 13:52:45 2025-08-24T20:52:45.550Z root INFO [hosted-plugin: 19736] PLUGIN_HOST(19736): initializing(vscode-language-pack-ja@1.96.0 with /nix/store/2d5i1bzbqbnl4rgnhk8czrw5zmqqjdzv-arduino-ide-2.3.6-extracted/resources/app/lib/backend/plugin-vscode-init)
2025-08-24 13:52:45 2025-08-24T20:52:45.550Z root INFO [hosted-plugin: 19736] PLUGIN_HOST(19736): initializing(vscode-language-pack-ko@1.96.0 with /nix/store/2d5i1bzbqbnl4rgnhk8czrw5zmqqjdzv-arduino-ide-2.3.6-extracted/resources/app/lib/backend/plugin-vscode-init)
2025-08-24 13:52:45 2025-08-24T20:52:45.551Z root INFO [hosted-plugin: 19736] PLUGIN_HOST(19736): initializing(vscode-language-pack-nl@1.48.3 with /nix/store/2d5i1bzbqbnl4rgnhk8czrw5zmqqjdzv-arduino-ide-2.3.6-extracted/resources/app/lib/backend/plugin-vscode-init)
2025-08-24 13:52:45 2025-08-24T20:52:45.551Z root INFO [hosted-plugin: 19736] PLUGIN_HOST(19736): initializing(vscode-language-pack-pl@1.96.0 with /nix/store/2d5i1bzbqbnl4rgnhk8czrw5zmqqjdzv-arduino-ide-2.3.6-extracted/resources/app/lib/backend/plugin-vscode-init)
2025-08-24 13:52:45 2025-08-24T20:52:45.551Z root INFO [hosted-plugin: 19736] PLUGIN_HOST(19736): initializing(vscode-language-pack-pt-BR@1.96.0 with /nix/store/2d5i1bzbqbnl4rgnhk8czrw5zmqqjdzv-arduino-ide-2.3.6-extracted/resources/app/lib/backend/plugin-vscode-init)
2025-08-24 13:52:45 2025-08-24T20:52:45.552Z root INFO [hosted-plugin: 19736] PLUGIN_HOST(19736): initializing(vscode-language-pack-ru@1.96.0 with /nix/store/2d5i1bzbqbnl4rgnhk8czrw5zmqqjdzv-arduino-ide-2.3.6-extracted/resources/app/lib/backend/plugin-vscode-init)
2025-08-24 13:52:45 2025-08-24T20:52:45.552Z root INFO [hosted-plugin: 19736] PLUGIN_HOST(19736): initializing(vscode-language-pack-tr@1.96.0 with /nix/store/2d5i1bzbqbnl4rgnhk8czrw5zmqqjdzv-arduino-ide-2.3.6-extracted/resources/app/lib/backend/plugin-vscode-init)
2025-08-24 13:52:45 2025-08-24T20:52:45.553Z root INFO [hosted-plugin: 19736] PLUGIN_HOST(19736): initializing(vscode-language-pack-uk@1.48.3 with /nix/store/2d5i1bzbqbnl4rgnhk8czrw5zmqqjdzv-arduino-ide-2.3.6-extracted/resources/app/lib/backend/plugin-vscode-init)
2025-08-24 13:52:45 2025-08-24T20:52:45.553Z root INFO [hosted-plugin: 19736] PLUGIN_HOST(19736): initializing(vscode-language-pack-zh-hans@1.96.0 with /nix/store/2d5i1bzbqbnl4rgnhk8czrw5zmqqjdzv-arduino-ide-2.3.6-extracted/resources/app/lib/backend/plugin-vscode-init)
2025-08-24 13:52:45 2025-08-24T20:52:45.553Z root INFO [hosted-plugin: 19736] PLUGIN_HOST(19736): initializing(vscode-language-pack-zh-hant@1.96.0 with /nix/store/2d5i1bzbqbnl4rgnhk8czrw5zmqqjdzv-arduino-ide-2.3.6-extracted/resources/app/lib/backend/plugin-vscode-init)
2025-08-24 13:52:45 2025-08-24T20:52:45.623Z root INFO [hosted-plugin: 19736] PLUGIN_HOST(19736): PluginManagerExtImpl/loadPlugin(/nix/store/2d5i1bzbqbnl4rgnhk8czrw5zmqqjdzv-arduino-ide-2.3.6-extracted/resources/app/plugins/vscode-builtin-json-language-features/extension/client/dist/node/jsonClientMain)
2025-08-24 13:52:45 2025-08-24T20:52:45.687Z root INFO [hosted-plugin: 19736] PLUGIN_HOST(19736): PluginManagerExtImpl/loadPlugin(/nix/store/2d5i1bzbqbnl4rgnhk8czrw5zmqqjdzv-arduino-ide-2.3.6-extracted/resources/app/plugins/vscode-arduino-tools/extension/dist/extension.js)
2025-08-24 13:52:45 2025-08-24T20:52:45.716Z root INFO [hosted-plugin: 19736] PLUGIN_HOST(19736): PluginManagerExtImpl/loadPlugin(/nix/store/2d5i1bzbqbnl4rgnhk8czrw5zmqqjdzv-arduino-ide-2.3.6-extracted/resources/app/plugins/vscode-arduino-api/extension/dist/extension.js)
2025-08-24 13:52:45 2025-08-24T20:52:45.720Z root INFO [hosted-plugin: 19736] calling activation function on VS Code Arduino Tools
calling activation function on Arduino IDE API for VS Code extensions
2025-08-24 13:52:45 2025-08-24T20:52:45.817Z root INFO [b7b7e244-297c-4ff1-b73a-d36994deff27] Starting plugins.
2025-08-24 13:52:45 2025-08-24T20:52:45.824Z root INFO [hosted-plugin: 19736] PLUGIN_HOST(19736): PluginManagerExtImpl/loadPlugin(/nix/store/2d5i1bzbqbnl4rgnhk8czrw5zmqqjdzv-arduino-ide-2.3.6-extracted/resources/app/plugins/cortex-debug/extension/dist/extension.js)
2025-08-24 13:52:45 2025-08-24T20:52:45.862Z root INFO [hosted-plugin: 19736] Debug configuration provider has been registered: cortex-debug, trigger: 1
2025-08-24 13:52:45 2025-08-24T20:52:45.863Z root INFO [hosted-plugin: 19736] calling activation function on Cortex-Debug
2025-08-24 13:52:45 2025-08-24T20:52:45.865Z root INFO [hosted-plugin: 19736] GDB server console created
2025-08-24 13:52:45 2025-08-24T20:52:45.883Z root INFO [b7b7e244-297c-4ff1-b73a-d36994deff27] Start of 23 plugins: 634.8 ms [Finished 5.104 s after frontend start]
2025-08-24 13:52:45 2025-08-24T20:52:45.967Z root INFO [hosted-plugin: 19736] calling activation function on JSON Language Features (built-in)
2025-08-24 13:52:46 2025-08-24T20:52:46.304Z root INFO Frontend application start: 3289.5 ms [Finished 6.378 s after backend start]
2025-08-24 13:52:46 Checking for update
2025-08-24 13:52:46 2025-08-24T20:52:46.388Z root INFO Replace loading indicator with ready workbench UI (animation): 848.7 ms [Finished 5.317 s after frontend start]
2025-08-24 13:52:46 2025-08-24T20:52:46.388Z root INFO Changed application state from 'initialized_layout' to 'ready'.
2025-08-24 13:52:46 2025-08-24T20:52:46.388Z root WARN Linked preference "workbench.colorCustomizations" not found.
2025-08-24 13:52:46 2025-08-24T20:52:46.455Z daemon INFO time="2025-08-24T13:52:46-07:00" level=info msg="Updating index" url="https://downloads.arduino.cc/packages/package_index.tar.bz2"
time="2025-08-24T13:52:46-07:00" level=info msg="Starting download" url="https://downloads.arduino.cc/libraries/library_index.tar.bz2"
time="2025-08-24T13:52:46-07:00" level=info msg="Starting download" url="https://downloads.arduino.cc/packages/package_index.tar.bz2"
2025-08-24 13:52:46 2025-08-24T20:52:46.495Z root INFO core-client-provider [platform-index] Downloading index: package_index.tar.bz2

2025-08-24 13:52:46 2025-08-24T20:52:46.496Z root INFO core-client-provider [library-index] Downloading index: library_index.tar.bz2

2025-08-24 13:52:46 2025-08-24T20:52:46.612Z root INFO Starting language server: esp32:esp32:sparkfun_esp32s3_thing_plus:UploadSpeed=921600,USBMode=default,CDCOnBoot=default,MSCOnBoot=default,DFUOnBoot=default,UploadMode=default,CPUFreq=240,FlashMode=qio,PartitionScheme=default,DebugLevel=none,PSRAM=enabled,LoopCore=1,EventsCore=1,EraseFlash=none,JTAGAdapter=default,ZigbeeMode=default
2025-08-24 13:52:46 2025-08-24T20:52:46.615Z daemon INFO time="2025-08-24T13:52:46-07:00" level=info msg="Tool required for debug" tool="arduino:dfu-util@0.11.0-arduino5"
time="2025-08-24T13:52:46-07:00" level=info msg="Tool required for debug" tool="esp32:esp-rv32@2411"
time="2025-08-24T13:52:46-07:00" level=info msg="Tool required for debug" tool="esp32:esp-x32@2411"
time="2025-08-24T13:52:46-07:00" level=info msg="Tool required for debug" tool="esp32:esp32-arduino-libs@idf-release_v5.5-b66b5448-v1"
time="2025-08-24T13:52:46-07:00" level=info msg="Tool required for debug" tool="esp32:esptool_py@5.0.0"
time="2025-08-24T13:52:46-07:00" level=info msg="Tool required for debug" tool="esp32:mklittlefs@3.0.0-gnu12-dc7f933"
time="2025-08-24T13:52:46-07:00" level=info msg="Tool required for debug" tool="esp32:mkspiffs@0.2.3"
time="2025-08-24T13:52:46-07:00" level=info msg="Tool required for debug" tool="esp32:openocd-esp32@v0.12.0-esp32-20250422"
time="2025-08-24T13:52:46-07:00" level=info msg="Tool required for debug" tool="esp32:riscv32-esp-elf-gdb@16.2_20250324"
time="2025-08-24T13:52:46-07:00" level=info msg="Tool required for debug" tool="esp32:xtensa-esp-elf-gdb@16.2_20250324"
time="2025-08-24T13:52:46-07:00" level=info msg="Tool required for debug" tool="arduino:avrdude@6.3.0-arduino17"
time="2025-08-24T13:52:46-07:00" level=info msg="Tool required for debug" tool="arduino:bossac@1.9.1-arduino5"
time="2025-08-24T13:52:46-07:00" level=info msg="Tool required for debug" tool="arduino:avr-gcc@7.3.0-atmel3.6.1-arduino7"
time="2025-08-24T13:52:46-07:00" level=info msg="Tool required for debug" tool="builtin:mdns-discovery@1.0.9"
time="2025-08-24T13:52:46-07:00" level=info msg="Tool required for debug" tool="builtin:serial-discovery@1.4.1"
time="2025-08-24T13:52:46-07:00" level=info msg="Tool required for debug" tool="builtin:serial-monitor@0.15.0"
time="2025-08-24T13:52:46-07:00" level=info msg="Tool required for debug" tool="builtin:ctags@5.8-arduino11"
time="2025-08-24T13:52:46-07:00" level=info msg="Tool required for debug" tool="arduino:arduinoOTA@1.3.0"
time="2025-08-24T13:52:46-07:00" level=info msg="Tool required for debug" tool="arduino:openocd@0.11.0-arduino2"
time="2025-08-24T13:52:46-07:00" level=info msg="Tool required for debug" tool="builtin:dfu-discovery@0.1.2"
time="2025-08-24T13:52:46-07:00" level=info msg="Tool required for debug" tool="arduino:arm-none-eabi-gcc@7-2017q4"
2025-08-24 13:52:46 2025-08-24T20:52:46.622Z daemon INFO time="2025-08-24T13:52:46-07:00" level=info msg="Tool required for debug" tool="arduino:dfu-util@0.11.0-arduino5"
time="2025-08-24T13:52:46-07:00" level=info msg="Tool required for debug" tool="esp32:esp-rv32@2411"
time="2025-08-24T13:52:46-07:00" level=info msg="Tool required for debug" tool="esp32:esp-x32@2411"
time="2025-08-24T13:52:46-07:00" level=info msg="Tool required for debug" tool="esp32:esp32-arduino-libs@idf-release_v5.5-b66b5448-v1"
time="2025-08-24T13:52:46-07:00" level=info msg="Tool required for debug" tool="esp32:esptool_py@5.0.0"
time="2025-08-24T13:52:46-07:00" level=info msg="Tool required for debug" tool="esp32:mklittlefs@3.0.0-gnu12-dc7f933"
time="2025-08-24T13:52:46-07:00" level=info msg="Tool required for debug" tool="esp32:mkspiffs@0.2.3"
time="2025-08-24T13:52:46-07:00" level=info msg="Tool required for debug" tool="esp32:openocd-esp32@v0.12.0-esp32-20250422"
time="2025-08-24T13:52:46-07:00" level=info msg="Tool required for debug" tool="esp32:riscv32-esp-elf-gdb@16.2_20250324"
time="2025-08-24T13:52:46-07:00" level=info msg="Tool required for debug" tool="esp32:xtensa-esp-elf-gdb@16.2_20250324"
time="2025-08-24T13:52:46-07:00" level=info msg="Tool required for debug" tool="builtin:serial-discovery@1.4.1"
time="2025-08-24T13:52:46-07:00" level=info msg="Tool required for debug" tool="arduino:avr-gcc@7.3.0-atmel3.6.1-arduino7"
time="2025-08-24T13:52:46-07:00" level=info msg="Tool required for debug" tool="arduino:arm-none-eabi-gcc@7-2017q4"
time="2025-08-24T13:52:46-07:00" level=info msg="Tool required for debug" tool="arduino:avrdude@6.3.0-arduino17"
time="2025-08-24T13:52:46-07:00" level=info msg="Tool required for debug" tool="arduino:bossac@1.9.1-arduino5"
time="2025-08-24T13:52:46-07:00" level=info msg="Tool required for debug" tool="builtin:serial-monitor@0.15.0"
time="2025-08-24T13:52:46-07:00" level=info msg="Tool required for debug" tool="arduino:arduinoOTA@1.3.0"
time="2025-08-24T13:52:46-07:00" level=info msg="Tool required for debug" tool="arduino:openocd@0.11.0-arduino2"
2025-08-24 13:52:46 2025-08-24T20:52:46.623Z daemon INFO time="2025-08-24T13:52:46-07:00" level=info msg="Tool required for debug" tool="builtin:mdns-discovery@1.0.9"
time="2025-08-24T13:52:46-07:00" level=info msg="Tool required for debug" tool="builtin:ctags@5.8-arduino11"
time="2025-08-24T13:52:46-07:00" level=info msg="Tool required for debug" tool="builtin:dfu-discovery@0.1.2"
2025-08-24 13:52:46 2025-08-24T20:52:46.628Z daemon INFO time="2025-08-24T13:52:46-07:00" level=info msg="Tool required for debug" tool="arduino:dfu-util@0.11.0-arduino5"
time="2025-08-24T13:52:46-07:00" level=info msg="Tool required for debug" tool="esp32:esp-rv32@2411"
time="2025-08-24T13:52:46-07:00" level=info msg="Tool required for debug" tool="esp32:esp-x32@2411"
time="2025-08-24T13:52:46-07:00" level=info msg="Tool required for debug" tool="esp32:esp32-arduino-libs@idf-release_v5.5-b66b5448-v1"
time="2025-08-24T13:52:46-07:00" level=info msg="Tool required for debug" tool="esp32:esptool_py@5.0.0"
time="2025-08-24T13:52:46-07:00" level=info msg="Tool required for debug" tool="esp32:mklittlefs@3.0.0-gnu12-dc7f933"
time="2025-08-24T13:52:46-07:00" level=info msg="Tool required for debug" tool="esp32:mkspiffs@0.2.3"
time="2025-08-24T13:52:46-07:00" level=info msg="Tool required for debug" tool="esp32:openocd-esp32@v0.12.0-esp32-20250422"
time="2025-08-24T13:52:46-07:00" level=info msg="Tool required for debug" tool="esp32:riscv32-esp-elf-gdb@16.2_20250324"
time="2025-08-24T13:52:46-07:00" level=info msg="Tool required for debug" tool="esp32:xtensa-esp-elf-gdb@16.2_20250324"
time="2025-08-24T13:52:46-07:00" level=info msg="Tool required for debug" tool="arduino:arduinoOTA@1.3.0"
time="2025-08-24T13:52:46-07:00" level=info msg="Tool required for debug" tool="builtin:ctags@5.8-arduino11"
time="2025-08-24T13:52:46-07:00" level=info msg="Tool required for debug" tool="arduino:arm-none-eabi-gcc@7-2017q4"
time="2025-08-24T13:52:46-07:00" level=info msg="Tool required for debug" tool="arduino:bossac@1.9.1-arduino5"
time="2025-08-24T13:52:46-07:00" level=info msg="Tool required for debug" tool="arduino:avrdude@6.3.0-arduino17"
time="2025-08-24T13:52:46-07:00" level=info msg="Tool required for debug" tool="builtin:mdns-discovery@1.0.9"
time="2025-08-24T13:52:46-07:00" level=info msg="Tool required for debug" tool="builtin:serial-monitor@0.15.0"
time="2025-08-24T13:52:46-07:00" level=info msg="Tool required for debug" tool="arduino:openocd@0.11.0-arduino2"
time="2025-08-24T13:52:46-07:00" level=info msg="Tool required for debug" tool="arduino:avr-gcc@7.3.0-atmel3.6.1-arduino7"
time="2025-08-24T13:52:46-07:00" level=info msg="Tool required for debug" tool="builtin:dfu-discovery@0.1.2"
time="2025-08-24T13:52:46-07:00" level=info msg="Tool required for debug" tool="builtin:serial-discovery@1.4.1"
2025-08-24 13:52:46 2025-08-24T20:52:46.641Z daemon INFO time="2025-08-24T13:52:46-07:00" level=info msg="Tool required for debug" tool="arduino:dfu-util@0.11.0-arduino5"
time="2025-08-24T13:52:46-07:00" level=info msg="Tool required for debug" tool="esp32:esp-rv32@2411"
time="2025-08-24T13:52:46-07:00" level=info msg="Tool required for debug" tool="esp32:esp-x32@2411"
time="2025-08-24T13:52:46-07:00" level=info msg="Tool required for debug" tool="esp32:esp32-arduino-libs@idf-release_v5.5-b66b5448-v1"
time="2025-08-24T13:52:46-07:00" level=info msg="Tool required for debug" tool="esp32:esptool_py@5.0.0"
time="2025-08-24T13:52:46-07:00" level=info msg="Tool required for debug" tool="esp32:mklittlefs@3.0.0-gnu12-dc7f933"
time="2025-08-24T13:52:46-07:00" level=info msg="Tool required for debug" tool="esp32:mkspiffs@0.2.3"
time="2025-08-24T13:52:46-07:00" level=info msg="Tool required for debug" tool="esp32:openocd-esp32@v0.12.0-esp32-20250422"
time="2025-08-24T13:52:46-07:00" level=info msg="Tool required for debug" tool="esp32:riscv32-esp-elf-gdb@16.2_20250324"
time="2025-08-24T13:52:46-07:00" level=info msg="Tool required for debug" tool="esp32:xtensa-esp-elf-gdb@16.2_20250324"
time="2025-08-24T13:52:46-07:00" level=info msg="Tool required for debug" tool="builtin:serial-monitor@0.15.0"
time="2025-08-24T13:52:46-07:00" level=info msg="Tool required for debug" tool="builtin:dfu-discovery@0.1.2"
time="2025-08-24T13:52:46-07:00" level=info msg="Tool required for debug" tool="builtin:mdns-discovery@1.0.9"
time="2025-08-24T13:52:46-07:00" level=info msg="Tool required for debug" tool="arduino:avrdude@6.3.0-arduino17"
time="2025-08-24T13:52:46-07:00" level=info msg="Tool required for debug" tool="arduino:avr-gcc@7.3.0-atmel3.6.1-arduino7"
time="2025-08-24T13:52:46-07:00" level=info msg="Tool required for debug" tool="builtin:serial-discovery@1.4.1"
time="2025-08-24T13:52:46-07:00" level=info msg="Tool required for debug" tool="arduino:arduinoOTA@1.3.0"
time="2025-08-24T13:52:46-07:00" level=info msg="Tool required for debug" tool="builtin:ctags@5.8-arduino11"
time="2025-08-24T13:52:46-07:00" level=info msg="Tool required for debug" tool="arduino:openocd@0.11.0-arduino2"
time="2025-08-24T13:52:46-07:00" level=info msg="Tool required for debug" tool="arduino:arm-none-eabi-gcc@7-2017q4"
time="2025-08-24T13:52:46-07:00" level=info msg="Tool required for debug" tool="arduino:bossac@1.9.1-arduino5"
time="2025-08-24T13:52:46-07:00" level=info msg="Tool required for debug" tool="arduino:dfu-util@0.11.0-arduino5"
time="2025-08-24T13:52:46-07:00" level=info msg="Tool required for debug" tool="esp32:esp-rv32@2411"
time="2025-08-24T13:52:46-07:00" level=info msg="Tool required for debug" tool="esp32:esp-x32@2411"
time="2025-08-24T13:52:46-07:00" level=info msg="Tool required for debug" tool="esp32:esp32-arduino-libs@idf-release_v5.5-b66b5448-v1"
time="2025-08-24T13:52:46-07:00" level=info msg="Tool required for debug" tool="esp32:esptool_py@5.0.0"
time="2025-08-24T13:52:46-07:00" level=info msg="Tool required for debug" tool="esp32:mklittlefs@3.0.0-gnu12-dc7f933"
time="2025-08-24T13:52:46-07:00" level=info msg="Tool required for debug" tool="esp32:mkspiffs@0.2.3"
time="2025-08-24T13:52:46-07:00" level=info msg="Tool required for debug" tool="esp32:openocd-esp32@v0.12.0-esp32-20250422"
time="2025-08-24T13:52:46-07:00" level=info msg="Tool required for debug" tool="esp32:riscv32-esp-elf-gdb@16.2_20250324"
time="2025-08-24T13:52:46-07:00" level=info msg="Tool required for debug" tool="esp32:xtensa-esp-elf-gdb@16.2_20250324"
time="2025-08-24T13:52:46-07:00" level=info msg="Tool required for debug" tool="arduino:arduinoOTA@1.3.0"
time="2025-08-24T13:52:46-07:00" level=info msg="Tool required for debug" tool="builtin:mdns-discovery@1.0.9"
time="2025-08-24T13:52:46-07:00" level=info msg="Tool required for debug" tool="arduino:avr-gcc@7.3.0-atmel3.6.1-arduino7"
time="2025-08-24T13:52:46-07:00" level=info msg="Tool required for debug" tool="arduino:avrdude@6.3.0-arduino17"
time="2025-08-24T13:52:46-07:00" level=info msg="Tool required for debug" tool="arduino:arm-none-eabi-gcc@7-2017q4"
time="2025-08-24T13:52:46-07:00" level=info msg="Tool required for debug" tool="builtin:serial-monitor@0.15.0"
time="2025-08-24T13:52:46-07:00" level=info msg="Tool required for debug" tool="arduino:bossac@1.9.1-arduino5"
time="2025-08-24T13:52:46-07:00" level=info msg="Tool required for debug" tool="builtin:ctags@5.8-arduino11"
time="2025-08-24T13:52:46-07:00" level=info msg="Tool required for debug" tool="builtin:dfu-discovery@0.1.2"
time="2025-08-24T13:52:46-07:00" level=info msg="Tool required for debug" tool="arduino:openocd@0.11.0-arduino2"
time="2025-08-24T13:52:46-07:00" level=info msg="Tool required for debug" tool="builtin:serial-discovery@1.4.1"
2025-08-24 13:52:46 2025-08-24T20:52:46.651Z daemon INFO time="2025-08-24T13:52:46-07:00" level=info msg="Tool required for debug" tool="arduino:dfu-util@0.11.0-arduino5"
time="2025-08-24T13:52:46-07:00" level=info msg="Tool required for debug" tool="esp32:esp-rv32@2411"
time="2025-08-24T13:52:46-07:00" level=info msg="Tool required for debug" tool="esp32:esp-x32@2411"
time="2025-08-24T13:52:46-07:00" level=info msg="Tool required for debug" tool="esp32:esp32-arduino-libs@idf-release_v5.5-b66b5448-v1"
time="2025-08-24T13:52:46-07:00" level=info msg="Tool required for debug" tool="esp32:esptool_py@5.0.0"
time="2025-08-24T13:52:46-07:00" level=info msg="Tool required for debug" tool="esp32:mklittlefs@3.0.0-gnu12-dc7f933"
time="2025-08-24T13:52:46-07:00" level=info msg="Tool required for debug" tool="esp32:mkspiffs@0.2.3"
time="2025-08-24T13:52:46-07:00" level=info msg="Tool required for debug" tool="esp32:openocd-esp32@v0.12.0-esp32-20250422"
time="2025-08-24T13:52:46-07:00" level=info msg="Tool required for debug" tool="esp32:riscv32-esp-elf-gdb@16.2_20250324"
time="2025-08-24T13:52:46-07:00" level=info msg="Tool required for debug" tool="esp32:xtensa-esp-elf-gdb@16.2_20250324"
time="2025-08-24T13:52:46-07:00" level=info msg="Tool required for debug" tool="builtin:serial-monitor@0.15.0"
time="2025-08-24T13:52:46-07:00" level=info msg="Tool required for debug" tool="arduino:avrdude@6.3.0-arduino17"
time="2025-08-24T13:52:46-07:00" level=info msg="Tool required for debug" tool="builtin:dfu-discovery@0.1.2"
time="2025-08-24T13:52:46-07:00" level=info msg="Tool required for debug" tool="builtin:ctags@5.8-arduino11"
time="2025-08-24T13:52:46-07:00" level=info msg="Tool required for debug" tool="arduino:arm-none-eabi-gcc@7-2017q4"
time="2025-08-24T13:52:46-07:00" level=info msg="Tool required for debug" tool="arduino:arduinoOTA@1.3.0"
time="2025-08-24T13:52:46-07:00" level=info msg="Tool required for debug" tool="builtin:serial-discovery@1.4.1"
time="2025-08-24T13:52:46-07:00" level=info msg="Tool required for debug" tool="arduino:openocd@0.11.0-arduino2"
time="2025-08-24T13:52:46-07:00" level=info msg="Tool required for debug" tool="builtin:mdns-discovery@1.0.9"
time="2025-08-24T13:52:46-07:00" level=info msg="Tool required for debug" tool="arduino:avr-gcc@7.3.0-atmel3.6.1-arduino7"
time="2025-08-24T13:52:46-07:00" level=info msg="Tool required for debug" tool="arduino:bossac@1.9.1-arduino5"
time="2025-08-24T13:52:46-07:00" level=info msg="Tool required for debug" tool="arduino:dfu-util@0.11.0-arduino5"
time="2025-08-24T13:52:46-07:00" level=info msg="Tool required for debug" tool="esp32:esp-rv32@2411"
time="2025-08-24T13:52:46-07:00" level=info msg="Tool required for debug" tool="esp32:esp-x32@2411"
time="2025-08-24T13:52:46-07:00" level=info msg="Tool required for debug" tool="esp32:esp32-arduino-libs@idf-release_v5.5-b66b5448-v1"
time="2025-08-24T13:52:46-07:00" level=info msg="Tool required for debug" tool="esp32:esptool_py@5.0.0"
time="2025-08-24T13:52:46-07:00" level=info msg="Tool required for debug" tool="esp32:mklittlefs@3.0.0-gnu12-dc7f933"
time="2025-08-24T13:52:46-07:00" level=info msg="Tool required for debug" tool="esp32:mkspiffs@0.2.3"
time="2025-08-24T13:52:46-07:00" level=info msg="Tool required for debug" tool="esp32:openocd-esp32@v0.12.0-esp32-20250422"
time="2025-08-24T13:52:46-07:00" level=info msg="Tool required for debug" tool="esp32:riscv32-esp-elf-gdb@16.2_20250324"
time="2025-08-24T13:52:46-07:00" level=info msg="Tool required for debug" tool="esp32:xtensa-esp-elf-gdb@16.2_20250324"
time="2025-08-24T13:52:46-07:00" level=info msg="Tool required for debug" tool="builtin:mdns-discovery@1.0.9"
time="2025-08-24T13:52:46-07:00" level=info msg="Tool required for debug" tool="builtin:serial-discovery@1.4.1"
time="2025-08-24T13:52:46-07:00" level=info msg="Tool required for debug" tool="arduino:arduinoOTA@1.3.0"
time="2025-08-24T13:52:46-07:00" level=info msg="Tool required for debug" tool="arduino:avrdude@6.3.0-arduino17"
time="2025-08-24T13:52:46-07:00" level=info msg="Tool required for debug" tool="arduino:bossac@1.9.1-arduino5"
time="2025-08-24T13:52:46-07:00" level=info msg="Tool required for debug" tool="builtin:ctags@5.8-arduino11"
time="2025-08-24T13:52:46-07:00" level=info msg="Tool required for debug" tool="builtin:dfu-discovery@0.1.2"
time="2025-08-24T13:52:46-07:00" level=info msg="Tool required for debug" tool="arduino:openocd@0.11.0-arduino2"
time="2025-08-24T13:52:46-07:00" level=info msg="Tool required for debug" tool="arduino:avr-gcc@7.3.0-atmel3.6.1-arduino7"
time="2025-08-24T13:52:46-07:00" level=info msg="Tool required for debug" tool="builtin:serial-monitor@0.15.0"
time="2025-08-24T13:52:46-07:00" level=info msg="Tool required for debug" tool="arduino:arm-none-eabi-gcc@7-2017q4"
time="2025-08-24T13:52:46-07:00" level=info msg="Tool required for debug" tool="arduino:dfu-util@0.11.0-arduino5"
time="2025-08-24T13:52:46-07:00" level=info msg="Tool required for debug" tool="esp32:esp-rv32@2411"
time="2025-08-24T13:52:46-07:00" level=info msg="Tool required for debug" tool="esp32:esp-x32@2411"
time="2025-08-24T13:52:46-07:00" level=info msg="Tool required for debug" tool="esp32:esp32-arduino-libs@idf-release_v5.5-b66b5448-v1"
time="2025-08-24T13:52:46-07:00" level=info msg="Tool required for debug" tool="esp32:esptool_py@5.0.0"
time="2025-08-24T13:52:46-07:00" level=info msg="Tool required for debug" tool="esp32:mklittlefs@3.0.0-gnu12-dc7f933"
time="2025-08-24T13:52:46-07:00" level=info msg="Tool required for debug" tool="esp32:mkspiffs@0.2.3"
time="2025-08-24T13:52:46-07:00" level=info msg="Tool required for debug" tool="esp32:openocd-esp32@v0.12.0-esp32-20250422"
time="2025-08-24T13:52:46-07:00" level=info msg="Tool required for debug" tool="esp32:riscv32-esp-elf-gdb@16.2_20250324"
time="2025-08-24T13:52:46-07:00" level=info msg="Tool required for debug" tool="esp32:xtensa-esp-elf-gdb@16.2_20250324"
time="2025-08-24T13:52:46-07:00" level=info msg="Tool required for debug" tool="arduino:arm-none-eabi-gcc@7-2017q4"
time="2025-08-24T13:52:46-07:00" level=info msg="Tool required for debug" tool="builtin:ctags@5.8-arduino11"
time="2025-08-24T13:52:46-07:00" level=info msg="Tool required for debug" tool="builtin:mdns-discovery@1.0.9"
time="2025-08-24T13:52:46-07:00" level=info msg="Tool required for debug" tool="arduino:avrdude@6.3.0-arduino17"
time="2025-08-24T13:52:46-07:00" level=info msg="Tool required for debug" tool="arduino:avr-gcc@7.3.0-atmel3.6.1-arduino7"
time="2025-08-24T13:52:46-07:00" level=info msg="Tool required for debug" tool="arduino:arduinoOTA@1.3.0"
time="2025-08-24T13:52:46-07:00" level=info msg="Tool required for debug" tool="builtin:serial-monitor@0.15.0"
time="2025-08-24T13:52:46-07:00" level=info msg="Tool required for debug" tool="builtin:serial-discovery@1.4.1"
time="2025-08-24T13:52:46-07:00" level=info msg="Tool required for debug" tool="arduino:bossac@1.9.1-arduino5"
time="2025-08-24T13:52:46-07:00" level=info msg="Tool required for debug" tool="arduino:openocd@0.11.0-arduino2"
time="2025-08-24T13:52:46-07:00" level=info msg="Tool required for debug" tool="builtin:dfu-discovery@0.1.2"
2025-08-24 13:52:46 2025-08-24T20:52:46.655Z daemon INFO time="2025-08-24T13:52:46-07:00" level=info msg="Tool required for debug" tool="arduino:dfu-util@0.11.0-arduino5"
time="2025-08-24T13:52:46-07:00" level=info msg="Tool required for debug" tool="esp32:esp-rv32@2411"
2025-08-24 13:52:46 2025-08-24T20:52:46.655Z daemon INFO time="2025-08-24T13:52:46-07:00" level=info msg="Tool required for debug" tool="esp32:esp-x32@2411"
time="2025-08-24T13:52:46-07:00" level=info msg="Tool required for debug" tool="esp32:esp32-arduino-libs@idf-release_v5.5-b66b5448-v1"
time="2025-08-24T13:52:46-07:00" level=info msg="Tool required for debug" tool="esp32:esptool_py@5.0.0"
time="2025-08-24T13:52:46-07:00" level=info msg="Tool required for debug" tool="esp32:mklittlefs@3.0.0-gnu12-dc7f933"
time="2025-08-24T13:52:46-07:00" level=info msg="Tool required for debug" tool="esp32:mkspiffs@0.2.3"
time="2025-08-24T13:52:46-07:00" level=info msg="Tool required for debug" tool="esp32:openocd-esp32@v0.12.0-esp32-20250422"
2025-08-24 13:52:46 2025-08-24T20:52:46.656Z daemon INFO time="2025-08-24T13:52:46-07:00" level=info msg="Tool required for debug" tool="esp32:riscv32-esp-elf-gdb@16.2_20250324"
time="2025-08-24T13:52:46-07:00" level=info msg="Tool required for debug" tool="esp32:xtensa-esp-elf-gdb@16.2_20250324"
time="2025-08-24T13:52:46-07:00" level=info msg="Tool required for debug" tool="builtin:serial-discovery@1.4.1"
time="2025-08-24T13:52:46-07:00" level=info msg="Tool required for debug" tool="arduino:arduinoOTA@1.3.0"
time="2025-08-24T13:52:46-07:00" level=info msg="Tool required for debug" tool="builtin:dfu-discovery@0.1.2"
time="2025-08-24T13:52:46-07:00" level=info msg="Tool required for debug" tool="arduino:avr-gcc@7.3.0-atmel3.6.1-arduino7"
time="2025-08-24T13:52:46-07:00" level=info msg="Tool required for debug" tool="builtin:mdns-discovery@1.0.9"
time="2025-08-24T13:52:46-07:00" level=info msg="Tool required for debug" tool="builtin:ctags@5.8-arduino11"
time="2025-08-24T13:52:46-07:00" level=info msg="Tool required for debug" tool="arduino:openocd@0.11.0-arduino2"
time="2025-08-24T13:52:46-07:00" level=info msg="Tool required for debug" tool="arduino:avrdude@6.3.0-arduino17"
time="2025-08-24T13:52:46-07:00" level=info msg="Tool required for debug" tool="arduino:arm-none-eabi-gcc@7-2017q4"
time="2025-08-24T13:52:46-07:00" level=info msg="Tool required for debug" tool="arduino:bossac@1.9.1-arduino5"
time="2025-08-24T13:52:46-07:00" level=info msg="Tool required for debug" tool="builtin:serial-monitor@0.15.0"
2025-08-24 13:52:46 2025-08-24T20:52:46.659Z daemon INFO time="2025-08-24T13:52:46-07:00" level=info msg="Tool required for debug" tool="arduino:dfu-util@0.11.0-arduino5"
time="2025-08-24T13:52:46-07:00" level=info msg="Tool required for debug" tool="esp32:esp-rv32@2411"
time="2025-08-24T13:52:46-07:00" level=info msg="Tool required for debug" tool="esp32:esp-x32@2411"
time="2025-08-24T13:52:46-07:00" level=info msg="Tool required for debug" tool="esp32:esp32-arduino-libs@idf-release_v5.5-b66b5448-v1"
time="2025-08-24T13:52:46-07:00" level=info msg="Tool required for debug" tool="esp32:esptool_py@5.0.0"
time="2025-08-24T13:52:46-07:00" level=info msg="Tool required for debug" tool="esp32:mklittlefs@3.0.0-gnu12-dc7f933"
time="2025-08-24T13:52:46-07:00" level=info msg="Tool required for debug" tool="esp32:mkspiffs@0.2.3"
time="2025-08-24T13:52:46-07:00" level=info msg="Tool required for debug" tool="esp32:openocd-esp32@v0.12.0-esp32-20250422"
time="2025-08-24T13:52:46-07:00" level=info msg="Tool required for debug" tool="esp32:riscv32-esp-elf-gdb@16.2_20250324"
2025-08-24 13:52:46 2025-08-24T20:52:46.659Z daemon INFO time="2025-08-24T13:52:46-07:00" level=info msg="Tool required for debug" tool="esp32:xtensa-esp-elf-gdb@16.2_20250324"
time="2025-08-24T13:52:46-07:00" level=info msg="Tool required for debug" tool="arduino:avr-gcc@7.3.0-atmel3.6.1-arduino7"
time="2025-08-24T13:52:46-07:00" level=info msg="Tool required for debug" tool="arduino:openocd@0.11.0-arduino2"
time="2025-08-24T13:52:46-07:00" level=info msg="Tool required for debug" tool="arduino:bossac@1.9.1-arduino5"
time="2025-08-24T13:52:46-07:00" level=info msg="Tool required for debug" tool="builtin:mdns-discovery@1.0.9"
time="2025-08-24T13:52:46-07:00" level=info msg="Tool required for debug" tool="builtin:serial-discovery@1.4.1"
time="2025-08-24T13:52:46-07:00" level=info msg="Tool required for debug" tool="builtin:ctags@5.8-arduino11"
time="2025-08-24T13:52:46-07:00" level=info msg="Tool required for debug" tool="builtin:serial-monitor@0.15.0"
time="2025-08-24T13:52:46-07:00" level=info msg="Tool required for debug" tool="builtin:dfu-discovery@0.1.2"
time="2025-08-24T13:52:46-07:00" level=info msg="Tool required for debug" tool="arduino:arduinoOTA@1.3.0"
time="2025-08-24T13:52:46-07:00" level=info msg="Tool required for debug" tool="arduino:avrdude@6.3.0-arduino17"
time="2025-08-24T13:52:46-07:00" level=info msg="Tool required for debug" tool="arduino:arm-none-eabi-gcc@7-2017q4"
2025-08-24 13:52:46 2025-08-24T20:52:46.662Z daemon INFO time="2025-08-24T13:52:46-07:00" level=info msg="Tool required for debug" tool="arduino:dfu-util@0.11.0-arduino5"
2025-08-24 13:52:46 2025-08-24T20:52:46.662Z daemon INFO time="2025-08-24T13:52:46-07:00" level=info msg="Tool required for debug" tool="esp32:esp-rv32@2411"
time="2025-08-24T13:52:46-07:00" level=info msg="Tool required for debug" tool="esp32:esp-x32@2411"
time="2025-08-24T13:52:46-07:00" level=info msg="Tool required for debug" tool="esp32:esp32-arduino-libs@idf-release_v5.5-b66b5448-v1"
2025-08-24 13:52:46 2025-08-24T20:52:46.663Z daemon INFO time="2025-08-24T13:52:46-07:00" level=info msg="Tool required for debug" tool="esp32:esptool_py@5.0.0"
time="2025-08-24T13:52:46-07:00" level=info msg="Tool required for debug" tool="esp32:mklittlefs@3.0.0-gnu12-dc7f933"
2025-08-24 13:52:46 2025-08-24T20:52:46.663Z daemon INFO time="2025-08-24T13:52:46-07:00" level=info msg="Tool required for debug" tool="esp32:mkspiffs@0.2.3"
time="2025-08-24T13:52:46-07:00" level=info msg="Tool required for debug" tool="esp32:openocd-esp32@v0.12.0-esp32-20250422"
time="2025-08-24T13:52:46-07:00" level=info msg="Tool required for debug" tool="esp32:riscv32-esp-elf-gdb@16.2_20250324"
time="2025-08-24T13:52:46-07:00" level=info msg="Tool required for debug" tool="esp32:xtensa-esp-elf-gdb@16.2_20250324"
time="2025-08-24T13:52:46-07:00" level=info msg="Tool required for debug" tool="arduino:arduinoOTA@1.3.0"
time="2025-08-24T13:52:46-07:00" level=info msg="Tool required for debug" tool="arduino:arm-none-eabi-gcc@7-2017q4"
time="2025-08-24T13:52:46-07:00" level=info msg="Tool required for debug" tool="builtin:ctags@5.8-arduino11"
time="2025-08-24T13:52:46-07:00" level=info msg="Tool required for debug" tool="arduino:avr-gcc@7.3.0-atmel3.6.1-arduino7"
time="2025-08-24T13:52:46-07:00" level=info msg="Tool required for debug" tool="builtin:serial-discovery@1.4.1"
time="2025-08-24T13:52:46-07:00" level=info msg="Tool required for debug" tool="builtin:dfu-discovery@0.1.2"
time="2025-08-24T13:52:46-07:00" level=info msg="Tool required for debug" tool="arduino:avrdude@6.3.0-arduino17"
time="2025-08-24T13:52:46-07:00" level=info msg="Tool required for debug" tool="arduino:openocd@0.11.0-arduino2"
time="2025-08-24T13:52:46-07:00" level=info msg="Tool required for debug" tool="arduino:bossac@1.9.1-arduino5"
2025-08-24 13:52:46 2025-08-24T20:52:46.663Z daemon INFO time="2025-08-24T13:52:46-07:00" level=info msg="Tool required for debug" tool="builtin:mdns-discovery@1.0.9"
time="2025-08-24T13:52:46-07:00" level=info msg="Tool required for debug" tool="builtin:serial-monitor@0.15.0"
2025-08-24 13:52:46 2025-08-24T20:52:46.850Z daemon INFO time="2025-08-24T13:52:46-07:00" level=info msg="Tool required for debug" tool="arduino:dfu-util@0.11.0-arduino5"
time="2025-08-24T13:52:46-07:00" level=info msg="Tool required for debug" tool="esp32:esp-rv32@2411"
time="2025-08-24T13:52:46-07:00" level=info msg="Tool required for debug" tool="esp32:esp-x32@2411"
time="2025-08-24T13:52:46-07:00" level=info msg="Tool required for debug" tool="esp32:esp32-arduino-libs@idf-release_v5.5-b66b5448-v1"
time="2025-08-24T13:52:46-07:00" level=info msg="Tool required for debug" tool="esp32:esptool_py@5.0.0"
time="2025-08-24T13:52:46-07:00" level=info msg="Tool required for debug" tool="esp32:mklittlefs@3.0.0-gnu12-dc7f933"
time="2025-08-24T13:52:46-07:00" level=info msg="Tool required for debug" tool="esp32:mkspiffs@0.2.3"
time="2025-08-24T13:52:46-07:00" level=info msg="Tool required for debug" tool="esp32:openocd-esp32@v0.12.0-esp32-20250422"
time="2025-08-24T13:52:46-07:00" level=info msg="Tool required for debug" tool="esp32:riscv32-esp-elf-gdb@16.2_20250324"
time="2025-08-24T13:52:46-07:00" level=info msg="Tool required for debug" tool="esp32:xtensa-esp-elf-gdb@16.2_20250324"
time="2025-08-24T13:52:46-07:00" level=info msg="Tool required for debug" tool="arduino:openocd@0.11.0-arduino2"
time="2025-08-24T13:52:46-07:00" level=info msg="Tool required for debug" tool="arduino:avr-gcc@7.3.0-atmel3.6.1-arduino7"
time="2025-08-24T13:52:46-07:00" level=info msg="Tool required for debug" tool="builtin:dfu-discovery@0.1.2"
time="2025-08-24T13:52:46-07:00" level=info msg="Tool required for debug" tool="builtin:serial-discovery@1.4.1"
time="2025-08-24T13:52:46-07:00" level=info msg="Tool required for debug" tool="arduino:avrdude@6.3.0-arduino17"
time="2025-08-24T13:52:46-07:00" level=info msg="Tool required for debug" tool="arduino:arm-none-eabi-gcc@7-2017q4"
time="2025-08-24T13:52:46-07:00" level=info msg="Tool required for debug" tool="arduino:arduinoOTA@1.3.0"
time="2025-08-24T13:52:46-07:00" level=info msg="Tool required for debug" tool="arduino:bossac@1.9.1-arduino5"
time="2025-08-24T13:52:46-07:00" level=info msg="Tool required for debug" tool="builtin:mdns-discovery@1.0.9"
time="2025-08-24T13:52:46-07:00" level=info msg="Tool required for debug" tool="builtin:ctags@5.8-arduino11"
time="2025-08-24T13:52:46-07:00" level=info msg="Tool required for debug" tool="builtin:serial-monitor@0.15.0"
time="2025-08-24T13:52:46-07:00" level=info msg="Tool required for debug" tool="arduino:dfu-util@0.11.0-arduino5"
time="2025-08-24T13:52:46-07:00" level=info msg="Tool required for debug" tool="esp32:esp-rv32@2411"
time="2025-08-24T13:52:46-07:00" level=info msg="Tool required for debug" tool="esp32:esp-x32@2411"
time="2025-08-24T13:52:46-07:00" level=info msg="Tool required for debug" tool="esp32:esp32-arduino-libs@idf-release_v5.5-b66b5448-v1"
time="2025-08-24T13:52:46-07:00" level=info msg="Tool required for debug" tool="esp32:esptool_py@5.0.0"
time="2025-08-24T13:52:46-07:00" level=info msg="Tool required for debug" tool="esp32:mklittlefs@3.0.0-gnu12-dc7f933"
time="2025-08-24T13:52:46-07:00" level=info msg="Tool required for debug" tool="esp32:mkspiffs@0.2.3"
time="2025-08-24T13:52:46-07:00" level=info msg="Tool required for debug" tool="esp32:openocd-esp32@v0.12.0-esp32-20250422"
time="2025-08-24T13:52:46-07:00" level=info msg="Tool required for debug" tool="esp32:riscv32-esp-elf-gdb@16.2_20250324"
time="2025-08-24T13:52:46-07:00" level=info msg="Tool required for debug" tool="esp32:xtensa-esp-elf-gdb@16.2_20250324"
time="2025-08-24T13:52:46-07:00" level=info msg="Tool required for debug" tool="builtin:dfu-discovery@0.1.2"
time="2025-08-24T13:52:46-07:00" level=info msg="Tool required for debug" tool="arduino:openocd@0.11.0-arduino2"
time="2025-08-24T13:52:46-07:00" level=info msg="Tool required for debug" tool="arduino:arm-none-eabi-gcc@7-2017q4"
time="2025-08-24T13:52:46-07:00" level=info msg="Tool required for debug" tool="builtin:mdns-discovery@1.0.9"
time="2025-08-24T13:52:46-07:00" level=info msg="Tool required for debug" tool="builtin:serial-monitor@0.15.0"
time="2025-08-24T13:52:46-07:00" level=info msg="Tool required for debug" tool="arduino:arduinoOTA@1.3.0"
time="2025-08-24T13:52:46-07:00" level=info msg="Tool required for debug" tool="arduino:avr-gcc@7.3.0-atmel3.6.1-arduino7"
time="2025-08-24T13:52:46-07:00" level=info msg="Tool required for debug" tool="arduino:avrdude@6.3.0-arduino17"
time="2025-08-24T13:52:46-07:00" level=info msg="Tool required for debug" tool="builtin:serial-discovery@1.4.1"
time="2025-08-24T13:52:46-07:00" level=info msg="Tool required for debug" tool="builtin:ctags@5.8-arduino11"
time="2025-08-24T13:52:46-07:00" level=info msg="Tool required for debug" tool="arduino:bossac@1.9.1-arduino5"
time="2025-08-24T13:52:46-07:00" level=info msg="Tool required for debug" tool="arduino:dfu-util@0.11.0-arduino5"
time="2025-08-24T13:52:46-07:00" level=info msg="Tool required for debug" tool="esp32:esp-rv32@2411"
time="2025-08-24T13:52:46-07:00" level=info msg="Tool required for debug" tool="esp32:esp-x32@2411"
time="2025-08-24T13:52:46-07:00" level=info msg="Tool required for debug" tool="esp32:esp32-arduino-libs@idf-release_v5.5-b66b5448-v1"
time="2025-08-24T13:52:46-07:00" level=info msg="Tool required for debug" tool="esp32:esptool_py@5.0.0"
time="2025-08-24T13:52:46-07:00" level=info msg="Tool required for debug" tool="esp32:mklittlefs@3.0.0-gnu12-dc7f933"
time="2025-08-24T13:52:46-07:00" level=info msg="Tool required for debug" tool="esp32:mkspiffs@0.2.3"
time="2025-08-24T13:52:46-07:00" level=info msg="Tool required for debug" tool="esp32:openocd-esp32@v0.12.0-esp32-20250422"
time="2025-08-24T13:52:46-07:00" level=info msg="Tool required for debug" tool="esp32:riscv32-esp-elf-gdb@16.2_20250324"
time="2025-08-24T13:52:46-07:00" level=info msg="Tool required for debug" tool="esp32:xtensa-esp-elf-gdb@16.2_20250324"
time="2025-08-24T13:52:46-07:00" level=info msg="Tool required for debug" tool="arduino:avr-gcc@7.3.0-atmel3.6.1-arduino7"
time="2025-08-24T13:52:46-07:00" level=info msg="Tool required for debug" tool="arduino:openocd@0.11.0-arduino2"
time="2025-08-24T13:52:46-07:00" level=info msg="Tool required for debug" tool="arduino:arm-none-eabi-gcc@7-2017q4"
time="2025-08-24T13:52:46-07:00" level=info msg="Tool required for debug" tool="builtin:mdns-discovery@1.0.9"
time="2025-08-24T13:52:46-07:00" level=info msg="Tool required for debug" tool="arduino:arduinoOTA@1.3.0"
time="2025-08-24T13:52:46-07:00" level=info msg="Tool required for debug" tool="builtin:serial-discovery@1.4.1"
time="2025-08-24T13:52:46-07:00" level=info msg="Tool required for debug" tool="builtin:serial-monitor@0.15.0"
time="2025-08-24T13:52:46-07:00" level=info msg="Tool required for debug" tool="builtin:ctags@5.8-arduino11"
time="2025-08-24T13:52:46-07:00" level=info msg="Tool required for debug" tool="arduino:bossac@1.9.1-arduino5"
time="2025-08-24T13:52:46-07:00" level=info msg="Tool required for debug" tool="builtin:dfu-discovery@0.1.2"
time="2025-08-24T13:52:46-07:00" level=info msg="Tool required for debug" tool="arduino:avrdude@6.3.0-arduino17"
time="2025-08-24T13:52:46-07:00" level=info msg="Tool required for debug" tool="arduino:dfu-util@0.11.0-arduino5"
time="2025-08-24T13:52:46-07:00" level=info msg="Tool required for debug" tool="esp32:esp-rv32@2411"
time="2025-08-24T13:52:46-07:00" level=info msg="Tool required for debug" tool="esp32:esp-x32@2411"
time="2025-08-24T13:52:46-07:00" level=info msg="Tool required for debug" tool="esp32:esp32-arduino-libs@idf-release_v5.5-b66b5448-v1"
time="2025-08-24T13:52:46-07:00" level=info msg="Tool required for debug" tool="esp32:esptool_py@5.0.0"
time="2025-08-24T13:52:46-07:00" level=info msg="Tool required for debug" tool="esp32:mklittlefs@3.0.0-gnu12-dc7f933"
time="2025-08-24T13:52:46-07:00" level=info msg="Tool required for debug" tool="esp32:mkspiffs@0.2.3"
time="2025-08-24T13:52:46-07:00" level=info msg="Tool required for debug" tool="esp32:openocd-esp32@v0.12.0-esp32-20250422"
time="2025-08-24T13:52:46-07:00" level=info msg="Tool required for debug" tool="esp32:riscv32-esp-elf-gdb@16.2_20250324"
time="2025-08-24T13:52:46-07:00" level=info msg="Tool required for debug" tool="esp32:xtensa-esp-elf-gdb@16.2_20250324"
time="2025-08-24T13:52:46-07:00" level=info msg="Tool required for debug" tool="arduino:arduinoOTA@1.3.0"
time="2025-08-24T13:52:46-07:00" level=info msg="Tool required for debug" tool="arduino:avr-gcc@7.3.0-atmel3.6.1-arduino7"
time="2025-08-24T13:52:46-07:00" level=info msg="Tool required for debug" tool="builtin:dfu-discovery@0.1.2"
time="2025-08-24T13:52:46-07:00" level=info msg="Tool required for debug" tool="arduino:bossac@1.9.1-arduino5"
time="2025-08-24T13:52:46-07:00" level=info msg="Tool required for debug" tool="builtin:serial-discovery@1.4.1"
time="2025-08-24T13:52:46-07:00" level=info msg="Tool required for debug" tool="arduino:avrdude@6.3.0-arduino17"
time="2025-08-24T13:52:46-07:00" level=info msg="Tool required for debug" tool="arduino:openocd@0.11.0-arduino2"
time="2025-08-24T13:52:46-07:00" level=info msg="Tool required for debug" tool="arduino:arm-none-eabi-gcc@7-2017q4"
time="2025-08-24T13:52:46-07:00" level=info msg="Tool required for debug" tool="builtin:serial-monitor@0.15.0"
time="2025-08-24T13:52:46-07:00" level=info msg="Tool required for debug" tool="builtin:ctags@5.8-arduino11"
time="2025-08-24T13:52:46-07:00" level=info msg="Tool required for debug" tool="builtin:mdns-discovery@1.0.9"
time="2025-08-24T13:52:46-07:00" level=info msg="Tool required for debug" tool="arduino:dfu-util@0.11.0-arduino5"
time="2025-08-24T13:52:46-07:00" level=info msg="Tool required for debug" tool="esp32:esp-rv32@2411"
time="2025-08-24T13:52:46-07:00" level=info msg="Tool required for debug" tool="esp32:esp-x32@2411"
time="2025-08-24T13:52:46-07:00" level=info msg="Tool required for debug" tool="esp32:esp32-arduino-libs@idf-release_v5.5-b66b5448-v1"
time="2025-08-24T13:52:46-07:00" level=info msg="Tool required for debug" tool="esp32:esptool_py@5.0.0"
time="2025-08-24T13:52:46-07:00" level=info msg="Tool required for debug" tool="esp32:mklittlefs@3.0.0-gnu12-dc7f933"
time="2025-08-24T13:52:46-07:00" level=info msg="Tool required for debug" tool="esp32:mkspiffs@0.2.3"
time="2025-08-24T13:52:46-07:00" level=info msg="Tool required for debug" tool="esp32:openocd-esp32@v0.12.0-esp32-20250422"
time="2025-08-24T13:52:46-07:00" level=info msg="Tool required for debug" tool="esp32:riscv32-esp-elf-gdb@16.2_20250324"
time="2025-08-24T13:52:46-07:00" level=info msg="Tool required for debug" tool="esp32:xtensa-esp-elf-gdb@16.2_20250324"
time="2025-08-24T13:52:46-07:00" level=info msg="Tool required for debug" tool="builtin:ctags@5.8-arduino11"
time="2025-08-24T13:52:46-07:00" level=info msg="Tool required for debug" tool="arduino:bossac@1.9.1-arduino5"
time="2025-08-24T13:52:46-07:00" level=info msg="Tool required for debug" tool="builtin:dfu-discovery@0.1.2"
time="2025-08-24T13:52:46-07:00" level=info msg="Tool required for debug" tool="builtin:mdns-discovery@1.0.9"
time="2025-08-24T13:52:46-07:00" level=info msg="Tool required for debug" tool="builtin:serial-monitor@0.15.0"
time="2025-08-24T13:52:46-07:00" level=info msg="Tool required for debug" tool="arduino:avrdude@6.3.0-arduino17"
time="2025-08-24T13:52:46-07:00" level=info msg="Tool required for debug" tool="arduino:openocd@0.11.0-arduino2"
time="2025-08-24T13:52:46-07:00" level=info msg="Tool required for debug" tool="builtin:serial-discovery@1.4.1"
time="2025-08-24T13:52:46-07:00" level=info msg="Tool required for debug" tool="arduino:arduinoOTA@1.3.0"
time="2025-08-24T13:52:46-07:00" level=info msg="Tool required for debug" tool="arduino:avr-gcc@7.3.0-atmel3.6.1-arduino7"
time="2025-08-24T13:52:46-07:00" level=info msg="Tool required for debug" tool="arduino:arm-none-eabi-gcc@7-2017q4"
time="2025-08-24T13:52:46-07:00" level=info msg="Tool required for debug" tool="arduino:dfu-util@0.11.0-arduino5"
time="2025-08-24T13:52:46-07:00" level=info msg="Tool required for debug" tool="esp32:esp-rv32@2411"
time="2025-08-24T13:52:46-07:00" level=info msg="Tool required for debug" tool="esp32:esp-x32@2411"
time="2025-08-24T13:52:46-07:00" level=info msg="Tool required for debug" tool="esp32:esp32-arduino-libs@idf-release_v5.5-b66b5448-v1"
time="2025-08-24T13:52:46-07:00" level=info msg="Tool required for debug" tool="esp32:esptool_py@5.0.0"
time="2025-08-24T13:52:46-07:00" level=info msg="Tool required for debug" tool="esp32:mklittlefs@3.0.0-gnu12-dc7f933"
time="2025-08-24T13:52:46-07:00" level=info msg="Tool required for debug" tool="esp32:mkspiffs@0.2.3"
time="2025-08-24T13:52:46-07:00" level=info msg="Tool required for debug" tool="esp32:openocd-esp32@v0.12.0-esp32-20250422"
time="2025-08-24T13:52:46-07:00" level=info msg="Tool required for debug" tool="esp32:riscv32-esp-elf-gdb@16.2_20250324"
time="2025-08-24T13:52:46-07:00" level=info msg="Tool required for debug" tool="esp32:xtensa-esp-elf-gdb@16.2_20250324"
time="2025-08-24T13:52:46-07:00" level=info msg="Tool required for debug" tool="arduino:bossac@1.9.1-arduino5"
time="2025-08-24T13:52:46-07:00" level=info msg="Tool required for debug" tool="builtin:dfu-discovery@0.1.2"
time="2025-08-24T13:52:46-07:00" level=info msg="Tool required for debug" tool="arduino:openocd@0.11.0-arduino2"
time="2025-08-24T13:52:46-07:00" level=info msg="Tool required for debug" tool="arduino:arduinoOTA@1.3.0"
time="2025-08-24T13:52:46-07:00" level=info msg="Tool required for debug" tool="arduino:avrdude@6.3.0-arduino17"
time="2025-08-24T13:52:46-07:00" level=info msg="Tool required for debug" tool="arduino:arm-none-eabi-gcc@7-2017q4"
time="2025-08-24T13:52:46-07:00" level=info msg="Tool required for debug" tool="builtin:mdns-discovery@1.0.9"
time="2025-08-24T13:52:46-07:00" level=info msg="Tool required for debug" tool="builtin:serial-discovery@1.4.1"
time="2025-08-24T13:52:46-07:00" level=info msg="Tool required for debug" tool="builtin:serial-monitor@0.15.0"
time="2025-08-24T13:52:46-07:00" level=info msg="Tool required for debug" tool="arduino:avr-gcc@7.3.0-atmel3.6.1-arduino7"
time="2025-08-24T13:52:46-07:00" level=info msg="Tool required for debug" tool="builtin:ctags@5.8-arduino11"
time="2025-08-24T13:52:46-07:00" level=info msg="Adding libraries dir" dir=/home/aaron/.arduino15/libraries isSingleLibrary=false location=ide
time="2025-08-24T13:52:46-07:00" level=info msg="Adding libraries dir" dir=/home/aaron/.arduino15/packages/esp32/hardware/esp32/3.3.0/libraries isSingleLibrary=false location=platform
time="2025-08-24T13:52:46-07:00" level=info msg="Adding libraries dir" dir=/home/aaron/Arduino/libraries isSingleLibrary=false location=user
2025-08-24 13:52:47 2025-08-24T20:52:47.040Z root INFO core-client-provider [platform-index] Downloading index: package_esp32_index.json

2025-08-24 13:52:47 2025-08-24T20:52:47.040Z daemon INFO time="2025-08-24T13:52:46-07:00" level=info msg="Updating index" url="https://raw.githubusercontent.com/espressif/arduino-esp32/gh-pages/package_esp32_index.json"
time="2025-08-24T13:52:46-07:00" level=info msg="Starting download" url="https://raw.githubusercontent.com/espressif/arduino-esp32/gh-pages/package_esp32_index.json"
2025-08-24 13:52:47 Update for version 2.3.6 is not available (latest version: 2.3.6, downgrade is allowed).
2025-08-24 13:52:47 2025-08-24T20:52:47.286Z root ERROR ---- !!!SLOW!!! DURATION: search took 898.894 ms. Args: [{"type":"Updatable"}] ----
2025-08-24 13:52:48 2025-08-24T20:52:48.411Z daemon INFO time="2025-08-24T13:52:48-07:00" level=info msg="Resolving include TinyGPSPlus.h for arch esp32"
time="2025-08-24T13:52:48-07:00" level=info msg="  found better lib" lib=TinyGPSPlus-ESP32 prio=521
time="2025-08-24T13:52:48-07:00" level=info msg="  discarded" lib=TinyGPSPlusPlus prio=517
time="2025-08-24T13:52:48-07:00" level=info msg="  found better lib" lib=TinyGPSPlus prio=6A7
2025-08-24 13:52:48 2025-08-24T20:52:48.879Z daemon INFO time="2025-08-24T13:52:48-07:00" level=info msg="Checking signature" index=/home/aaron/.arduino15/package_index.json signatureFile=/home/aaron/.arduino15/package_index.json.sig trusted=true
2025-08-24 13:52:48 2025-08-24T20:52:48.888Z daemon INFO time="2025-08-24T13:52:48-07:00" level=info msg="Missing signature file" index=/home/aaron/.arduino15/package_esp32_index.json
2025-08-24 13:52:48 2025-08-24T20:52:48.889Z daemon INFO time="2025-08-24T13:52:48-07:00" level=info msg="Loading hardware from: /home/aaron/.arduino15/packages"
2025-08-24 13:52:48 2025-08-24T20:52:48.889Z daemon INFO time="2025-08-24T13:52:48-07:00" level=info msg="Loading package arduino from: /home/aaron/.arduino15/packages/arduino/hardware"
2025-08-24 13:52:48 2025-08-24T20:52:48.892Z daemon INFO time="2025-08-24T13:52:48-07:00" level=info msg="Missing signature file" index=/home/aaron/.arduino15/packages/arduino/hardware/avr/1.8.6/installed.json
2025-08-24 13:52:48 2025-08-24T20:52:48.896Z daemon INFO time="2025-08-24T13:52:48-07:00" level=info msg="Adding monitor tool" protocol=serial tool="builtin:serial-monitor"
time="2025-08-24T13:52:48-07:00" level=info msg="Loaded platform" platform="arduino:avr@1.8.6"
2025-08-24 13:52:48 2025-08-24T20:52:48.898Z daemon INFO time="2025-08-24T13:52:48-07:00" level=info msg="Missing signature file" index=/home/aaron/.arduino15/packages/arduino/hardware/renesas_uno/1.5.0/installed.json
2025-08-24 13:52:48 2025-08-24T20:52:48.899Z daemon INFO time="2025-08-24T13:52:48-07:00" level=info msg="Adding monitor tool" protocol=serial tool="builtin:serial-monitor"
time="2025-08-24T13:52:48-07:00" level=info msg="Loaded platform" platform="arduino:renesas_uno@1.5.0"
time="2025-08-24T13:52:48-07:00" level=info msg="Checking existence of 'tools' path: /home/aaron/.arduino15/packages/arduino/tools"
time="2025-08-24T13:52:48-07:00" level=info msg="Loading tools from dir: /home/aaron/.arduino15/packages/arduino/tools"
2025-08-24 13:52:48 2025-08-24T20:52:48.899Z daemon INFO time="2025-08-24T13:52:48-07:00" level=info msg="Loaded tool" tool="arduino:arduinoOTA@1.3.0"
time="2025-08-24T13:52:48-07:00" level=info msg="Loaded tool" tool="arduino:arm-none-eabi-gcc@7-2017q4"
time="2025-08-24T13:52:48-07:00" level=info msg="Loaded tool" tool="arduino:avr-gcc@7.3.0-atmel3.6.1-arduino7"
2025-08-24 13:52:48 2025-08-24T20:52:48.899Z daemon INFO time="2025-08-24T13:52:48-07:00" level=info msg="Loaded tool" tool="arduino:avrdude@6.3.0-arduino17"
time="2025-08-24T13:52:48-07:00" level=info msg="Loaded tool" tool="arduino:bossac@1.9.1-arduino5"
2025-08-24 13:52:48 2025-08-24T20:52:48.900Z daemon INFO time="2025-08-24T13:52:48-07:00" level=info msg="Loaded tool" tool="arduino:dfu-util@0.11.0-arduino5"
time="2025-08-24T13:52:48-07:00" level=info msg="Loaded tool" tool="arduino:openocd@0.11.0-arduino2"
2025-08-24 13:52:48 2025-08-24T20:52:48.900Z daemon INFO time="2025-08-24T13:52:48-07:00" level=info msg="Loading package builtin from: /home/aaron/.arduino15/packages/builtin"
time="2025-08-24T13:52:48-07:00" level=info msg="Checking existence of 'tools' path: /home/aaron/.arduino15/packages/builtin/tools"
time="2025-08-24T13:52:48-07:00" level=info msg="Loading tools from dir: /home/aaron/.arduino15/packages/builtin/tools"
2025-08-24 13:52:48 2025-08-24T20:52:48.900Z daemon INFO time="2025-08-24T13:52:48-07:00" level=info msg="Loaded tool" tool="builtin:ctags@5.8-arduino11"
2025-08-24 13:52:48 2025-08-24T20:52:48.900Z daemon INFO time="2025-08-24T13:52:48-07:00" level=info msg="Loaded tool" tool="builtin:dfu-discovery@0.1.2"
time="2025-08-24T13:52:48-07:00" level=info msg="Loaded tool" tool="builtin:mdns-discovery@1.0.9"
2025-08-24 13:52:48 2025-08-24T20:52:48.900Z daemon INFO time="2025-08-24T13:52:48-07:00" level=info msg="Loaded tool" tool="builtin:serial-discovery@1.4.1"
time="2025-08-24T13:52:48-07:00" level=info msg="Loaded tool" tool="builtin:serial-monitor@0.15.0"
time="2025-08-24T13:52:48-07:00" level=info msg="Loading package esp32 from: /home/aaron/.arduino15/packages/esp32/hardware"
2025-08-24 13:52:48 2025-08-24T20:52:48.903Z daemon INFO time="2025-08-24T13:52:48-07:00" level=info msg="Missing signature file" index=/home/aaron/.arduino15/packages/esp32/hardware/esp32/3.3.0/installed.json
2025-08-24 13:52:49 2025-08-24T20:52:49.070Z daemon INFO time="2025-08-24T13:52:49-07:00" level=info msg="Adding monitor tool" protocol=serial tool="builtin:serial-monitor"
time="2025-08-24T13:52:49-07:00" level=info msg="Loaded platform" platform="esp32:esp32@3.3.0"
time="2025-08-24T13:52:49-07:00" level=info msg="Checking existence of 'tools' path: /home/aaron/.arduino15/packages/esp32/tools"
time="2025-08-24T13:52:49-07:00" level=info msg="Loading tools from dir: /home/aaron/.arduino15/packages/esp32/tools"
2025-08-24 13:52:49 2025-08-24T20:52:49.070Z daemon INFO time="2025-08-24T13:52:49-07:00" level=info msg="Loaded tool" tool="esp32:esp-rv32@2411"
time="2025-08-24T13:52:49-07:00" level=info msg="Loaded tool" tool="esp32:esp-x32@2411"
time="2025-08-24T13:52:49-07:00" level=info msg="Loaded tool" tool="esp32:esp32-arduino-libs@idf-release_v5.5-b66b5448-v1"
time="2025-08-24T13:52:49-07:00" level=info msg="Loaded tool" tool="esp32:esptool_py@5.0.0"
time="2025-08-24T13:52:49-07:00" level=info msg="Loaded tool" tool="esp32:mklittlefs@3.0.0-gnu12-dc7f933"
time="2025-08-24T13:52:49-07:00" level=info msg="Loaded tool" tool="esp32:mkspiffs@0.2.3"
time="2025-08-24T13:52:49-07:00" level=info msg="Loaded tool" tool="esp32:openocd-esp32@v0.12.0-esp32-20250422"
2025-08-24 13:52:49 2025-08-24T20:52:49.071Z daemon INFO time="2025-08-24T13:52:49-07:00" level=info msg="Loaded tool" tool="esp32:riscv32-esp-elf-gdb@16.2_20250324"
time="2025-08-24T13:52:49-07:00" level=info msg="Loaded tool" tool="esp32:xtensa-esp-elf-gdb@16.2_20250324"
2025-08-24 13:52:49 2025-08-24T20:52:49.075Z daemon INFO time="2025-08-24T13:52:49-07:00" level=info msg="Discovery event channel closed builtin:serial-discovery. Exiting goroutine."
2025-08-24 13:52:49 2025-08-24T20:52:49.075Z discovery-log INFO {"eventType":"remove","port":{"matchingBoardsList":[],"port":{"address":"/dev/ttyS0","label":"/dev/ttyS0","protocol":"serial","protocolLabel":"Serial Port","propertiesMap":[],"hardwareId":""}},"error":""}
2025-08-24 13:52:49 2025-08-24T20:52:49.076Z daemon INFO time="2025-08-24T13:52:49-07:00" level=info msg="Closed and removed discovery builtin:serial-discovery"
time="2025-08-24T13:52:49-07:00" level=error msg="Stopped decode loop: EOF" discovery="builtin:serial-discovery"
2025-08-24 13:52:49 2025-08-24T20:52:49.076Z daemon INFO time="2025-08-24T13:52:49-07:00" level=info msg="Discovery event channel closed builtin:mdns-discovery. Exiting goroutine."
2025-08-24 13:52:49 2025-08-24T20:52:49.077Z daemon INFO time="2025-08-24T13:52:49-07:00" level=info msg="Closed and removed discovery builtin:mdns-discovery"
time="2025-08-24T13:52:49-07:00" level=error msg="Stopped decode loop: EOF" discovery="builtin:mdns-discovery"
2025-08-24 13:52:49 2025-08-24T20:52:49.077Z daemon INFO time="2025-08-24T13:52:49-07:00" level=info msg="Discovery event channel closed builtin:dfu-discovery. Exiting goroutine."
2025-08-24 13:52:49 2025-08-24T20:52:49.078Z daemon INFO time="2025-08-24T13:52:49-07:00" level=info msg="Closed and removed discovery builtin:dfu-discovery"
2025-08-24 13:52:49 2025-08-24T20:52:49.078Z daemon INFO time="2025-08-24T13:52:49-07:00" level=error msg="Stopped decode loop: EOF" discovery="builtin:dfu-discovery"
2025-08-24 13:52:49 2025-08-24T20:52:49.084Z discovery-log INFO {"eventType":"add","port":{"matchingBoardsList":[],"port":{"address":"/dev/ttyS0","label":"/dev/ttyS0","protocol":"serial","protocolLabel":"Serial Port","propertiesMap":[],"hardwareId":""}},"error":""}
2025-08-24 13:52:49 2025-08-24T20:52:49.091Z daemon INFO time="2025-08-24T13:52:49-07:00" level=info msg="Adding libraries dir" dir=/home/aaron/.arduino15/packages/esp32/hardware/esp32/3.3.0/libraries isSingleLibrary=false location=platform
2025-08-24 13:52:49 2025-08-24T20:52:49.091Z daemon INFO time="2025-08-24T13:52:49-07:00" level=info msg="Adding libraries dir" dir=/home/aaron/.arduino15/packages/arduino/hardware/renesas_uno/1.5.0/libraries isSingleLibrary=false location=platform
2025-08-24 13:52:49 2025-08-24T20:52:49.091Z daemon INFO time="2025-08-24T13:52:49-07:00" level=info msg="Adding libraries dir" dir=/home/aaron/.arduino15/packages/arduino/hardware/avr/1.8.6/libraries isSingleLibrary=false location=platform
2025-08-24 13:52:49 2025-08-24T20:52:49.091Z daemon INFO time="2025-08-24T13:52:49-07:00" level=info msg="Loading libraries index file" index=/home/aaron/.arduino15/library_index.json
2025-08-24 13:52:49 2025-08-24T20:52:49.415Z daemon INFO time="2025-08-24T13:52:49-07:00" level=info msg="Adding libraries dir" dir=/home/aaron/.arduino15/libraries isSingleLibrary=false location=ide
time="2025-08-24T13:52:49-07:00" level=info msg="Adding libraries dir" dir=/home/aaron/Arduino/libraries isSingleLibrary=false location=user
2025-08-24 13:52:49 2025-08-24T20:52:49.473Z daemon INFO time="2025-08-24T13:52:49-07:00" level=warning msg="Error loading library" error="rpc error: code = Internal desc = loading library from /home/aaron/Arduino/libraries/SoftSerialTest: invalid library: no header files found"
2025-08-24 13:52:49 2025-08-24T20:52:49.870Z daemon INFO time="2025-08-24T13:52:49-07:00" level=info msg="Resolving include FS.h for arch esp32"
time="2025-08-24T13:52:49-07:00" level=info msg="  found better lib" lib=FS prio=6B0
2025-08-24 13:52:54 2025-08-24T20:52:54.328Z daemon INFO time="2025-08-24T13:52:54-07:00" level=info msg="Adding libraries dir" dir=/home/aaron/.arduino15/libraries isSingleLibrary=false location=ide
time="2025-08-24T13:52:54-07:00" level=info msg="Adding libraries dir" dir=/home/aaron/.arduino15/packages/esp32/hardware/esp32/3.3.0/libraries isSingleLibrary=false location=platform
time="2025-08-24T13:52:54-07:00" level=info msg="Adding libraries dir" dir=/home/aaron/Arduino/libraries isSingleLibrary=false location=user
2025-08-24 13:53:16 2025-08-24T20:53:16.457Z sketches-service WARN Warning! The request sketch path was different than the response sketch path from the CLI. This could be a potential bug. Request: </home/aaron/projects/esp32_ble/wroom/master/master.ino>, response: </home/aaron/projects/esp32_ble/wroom/master>.
2025-08-24 13:53:17 2025-08-24T20:53:17.358Z root INFO creating connection for 2
2025-08-24 13:53:18 2025-08-24T20:53:18.319Z root ERROR TypeError: Cannot read properties of null (reading 'getCurrentKeyboardLayout')
    at r.getCurrentKeyboardLayout (/nix/store/2d5i1bzbqbnl4rgnhk8czrw5zmqqjdzv-arduino-ide-2.3.6-extracted/resources/app/lib/backend/main.js:2:4537759)
    at t.getCurrentKeyboardLayout (/nix/store/2d5i1bzbqbnl4rgnhk8czrw5zmqqjdzv-arduino-ide-2.3.6-extracted/resources/app/lib/backend/main.js:2:4538141)
    at s.getNativeLayoutSync (/nix/store/2d5i1bzbqbnl4rgnhk8czrw5zmqqjdzv-arduino-ide-2.3.6-extracted/resources/app/lib/backend/main.js:2:1830040)
    at s.getNativeLayout (/nix/store/2d5i1bzbqbnl4rgnhk8czrw5zmqqjdzv-arduino-ide-2.3.6-extracted/resources/app/lib/backend/main.js:2:1829981)
    at u.onRequest (/nix/store/2d5i1bzbqbnl4rgnhk8czrw5zmqqjdzv-arduino-ide-2.3.6-extracted/resources/app/lib/backend/main.js:2:4942964)
    at c.requestHandler (/nix/store/2d5i1bzbqbnl4rgnhk8czrw5zmqqjdzv-arduino-ide-2.3.6-extracted/resources/app/lib/backend/main.js:2:4942783)
    at c.handleRequest (/nix/store/2d5i1bzbqbnl4rgnhk8czrw5zmqqjdzv-arduino-ide-2.3.6-extracted/resources/app/lib/backend/main.js:2:524486)
    at c.handleMessage (/nix/store/2d5i1bzbqbnl4rgnhk8czrw5zmqqjdzv-arduino-ide-2.3.6-extracted/resources/app/lib/backend/main.js:2:522388)
    at /nix/store/2d5i1bzbqbnl4rgnhk8czrw5zmqqjdzv-arduino-ide-2.3.6-extracted/resources/app/lib/backend/main.js:2:522022
    at /nix/store/2d5i1bzbqbnl4rgnhk8czrw5zmqqjdzv-arduino-ide-2.3.6-extracted/resources/app/lib/backend/main.js:2:6419737
2025-08-24 13:53:18 2025-08-24T20:53:18.319Z root ERROR TypeError: Cannot read properties of null (reading 'getKeyMap')
    at r.getKeyMap (/nix/store/2d5i1bzbqbnl4rgnhk8czrw5zmqqjdzv-arduino-ide-2.3.6-extracted/resources/app/lib/backend/main.js:2:4537620)
    at t.getKeyMap (/nix/store/2d5i1bzbqbnl4rgnhk8czrw5zmqqjdzv-arduino-ide-2.3.6-extracted/resources/app/lib/backend/main.js:2:4538201)
    at s.getNativeLayoutSync (/nix/store/2d5i1bzbqbnl4rgnhk8czrw5zmqqjdzv-arduino-ide-2.3.6-extracted/resources/app/lib/backend/main.js:2:1830077)
    at s.getNativeLayout (/nix/store/2d5i1bzbqbnl4rgnhk8czrw5zmqqjdzv-arduino-ide-2.3.6-extracted/resources/app/lib/backend/main.js:2:1829981)
    at u.onRequest (/nix/store/2d5i1bzbqbnl4rgnhk8czrw5zmqqjdzv-arduino-ide-2.3.6-extracted/resources/app/lib/backend/main.js:2:4942964)
    at c.requestHandler (/nix/store/2d5i1bzbqbnl4rgnhk8czrw5zmqqjdzv-arduino-ide-2.3.6-extracted/resources/app/lib/backend/main.js:2:4942783)
    at c.handleRequest (/nix/store/2d5i1bzbqbnl4rgnhk8czrw5zmqqjdzv-arduino-ide-2.3.6-extracted/resources/app/lib/backend/main.js:2:524486)
    at c.handleMessage (/nix/store/2d5i1bzbqbnl4rgnhk8czrw5zmqqjdzv-arduino-ide-2.3.6-extracted/resources/app/lib/backend/main.js:2:522388)
    at /nix/store/2d5i1bzbqbnl4rgnhk8czrw5zmqqjdzv-arduino-ide-2.3.6-extracted/resources/app/lib/backend/main.js:2:522022
    at /nix/store/2d5i1bzbqbnl4rgnhk8czrw5zmqqjdzv-arduino-ide-2.3.6-extracted/resources/app/lib/backend/main.js:2:6419737
2025-08-24 13:53:18 2025-08-24T20:53:18.319Z root WARN A command editor.action.toggleStickyScroll is already registered.
2025-08-24 13:53:18 Opening channel for service path '/services/electron-window'.
2025-08-24 13:53:18 Opening channel for service path '/services/ide-updater'.
2025-08-24 13:53:18 2025-08-24T20:53:18.455Z root INFO Start frontend contributions: 300.7 ms [Finished 1.813 s after frontend start]
2025-08-24 13:53:18 2025-08-24T20:53:18.456Z root INFO Changed application state from 'init' to 'started_contributions'.
2025-08-24 13:53:18 2025-08-24T20:53:18.465Z root INFO Changed application state from 'started_contributions' to 'attached_shell'.
2025-08-24 13:53:18 2025-08-24T20:53:18.465Z root INFO >>> Restoring the layout state...
2025-08-24 13:53:18 2025-08-24T20:53:18.541Z root INFO [109bd09e-9ab1-4115-8173-fbc9f4beac40] Waiting for backend deployment: 104.8 ms [Finished 1.911 s after frontend start]
2025-08-24 13:53:18 2025-08-24T20:53:18.768Z root INFO ------- SERIALIZED LAYOUT DATA -------
2025-08-24 13:53:18 2025-08-24T20:53:18.768Z root INFO {"version":5,"mainPanel":{"main":{"type":"tab-area","widgets":[{"constructionOptions":{"factoryId":"code-editor-opener","options":{"counter":0,"kind":"navigatable","uri":"file:///home/aaron/projects/esp32_ble/wroom/master/master.ino"}},"innerWidgetState":"{\"cursorState\":[{\"inSelectionMode\":false,\"selectionStart\":{\"lineNumber\":55,\"column\":1},\"position\":{\"lineNumber\":55,\"column\":1}}],\"viewState\":{\"scrollLeft\":0,\"firstPosition\":{\"lineNumber\":40,\"column\":1},\"firstPositionDeltaTop\":-7},\"contributionsState\":{\"editor.contrib.folding\":{\"lineCount\":368,\"provider\":\"indent\",\"foldedImports\":false},\"editor.contrib.wordHighlighter\":false}}"},{"constructionOptions":{"factoryId":"code-editor-opener","options":{"counter":0,"kind":"navigatable","uri":"file:///home/aaron/projects/esp32_ble/wroom/master/sd_read_write.cpp"}},"innerWidgetState":"{\"cursorState\":[{\"inSelectionMode\":false,\"selectionStart\":{\"lineNumber\":1,\"column\":1},\"position\":{\"lineNumber\":1,\"column\":1}}],\"viewState\":{\"scrollLeft\":0,\"firstPosition\":{\"lineNumber\":1,\"column\":1},\"firstPositionDeltaTop\":0},\"contributionsState\":{\"editor.contrib.folding\":{\"lineCount\":154,\"provider\":\"indent\",\"foldedImports\":false},\"editor.contrib.wordHighlighter\":false}}"},{"constructionOptions":{"factoryId":"code-editor-opener","options":{"counter":0,"kind":"navigatable","uri":"file:///home/aaron/projects/esp32_ble/wroom/master/sd_read_write.h"}},"innerWidgetState":"{\"cursorState\":[{\"inSelectionMode\":false,\"selectionStart\":{\"lineNumber\":1,\"column\":1},\"position\":{\"lineNumber\":1,\"column\":1}}],\"viewState\":{\"scrollLeft\":0,\"firstPosition\":{\"lineNumber\":1,\"column\":1},\"firstPositionDeltaTop\":0},\"contributionsState\":{\"editor.contrib.folding\":{\"lineCount\":19,\"provider\":\"indent\",\"foldedImports\":false},\"editor.contrib.wordHighlighter\":false}}"}],"currentIndex":0}},"mainPanelPinned":[false,false,false],"bottomPanel":{"config":{"main":{"type":"tab-area","widgets":[{"constructionOptions":{"factoryId":"outputView"},"innerWidgetState":"{\"locked\":false}"},{"constructionOptions":{"factoryId":"serial-monitor"}}],"currentIndex":1}},"pinned":[false,false],"size":376,"expanded":true},"leftPanel":{"type":"sidepanel","items":[{"widget":{"constructionOptions":{"factoryId":"arduino-sketchbook-widget"}},"rank":1,"expanded":false,"pinned":false},{"widget":{"constructionOptions":{"factoryId":"boards-list-widget"}},"rank":2,"expanded":false,"pinned":false},{"widget":{"constructionOptions":{"factoryId":"library-list-widget"}},"rank":3,"expanded":false,"pinned":false},{"widget":{"constructionOptions":{"factoryId":"debug"},"innerWidgetState":"{\"parts\":[{\"partId\":\"debug:threads:-1\",\"collapsed\":false,\"hidden\":false,\"originalContainerId\":\"debug:view-container:-1\",\"originalContainerTitle\":{\"label\":\"debug\",\"iconClass\":\"codicon codicon-debug-alt\",\"closeable\":true},\"widget\":{\"constructionOptions\":{\"factoryId\":\"debug:threads\"},\"innerWidgetState\":\"{}\"}},{\"partId\":\"debug:frames:-1\",\"collapsed\":false,\"hidden\":false,\"originalContainerId\":\"debug:view-container:-1\",\"originalContainerTitle\":{\"label\":\"debug\",\"iconClass\":\"codicon codicon-debug-alt\",\"closeable\":true},\"widget\":{\"constructionOptions\":{\"factoryId\":\"debug:frames\"},\"innerWidgetState\":\"{}\"}},{\"partId\":\"debug:variables:-1\",\"collapsed\":false,\"hidden\":false,\"originalContainerId\":\"debug:view-container:-1\",\"originalContainerTitle\":{\"label\":\"debug\",\"iconClass\":\"codicon codicon-debug-alt\",\"closeable\":true},\"widget\":{\"constructionOptions\":{\"factoryId\":\"debug:variables\"},\"innerWidgetState\":\"{}\"}},{\"partId\":\"debug:watch:-1\",\"collapsed\":false,\"hidden\":false,\"originalContainerId\":\"debug:view-container:-1\",\"originalContainerTitle\":{\"label\":\"debug\",\"iconClass\":\"codicon codicon-debug-alt\",\"closeable\":true},\"widget\":{\"constructionOptions\":{\"factoryId\":\"debug:watch\"},\"innerWidgetState\":\"{}\"}},{\"partId\":\"debug:breakpoints:-1\",\"collapsed\":false,\"hidden\":false,\"originalContainerId\":\"debug:view-container:-1\",\"originalContainerTitle\":{\"label\":\"debug\",\"iconClass\":\"codicon codicon-debug-alt\",\"closeable\":true},\"widget\":{\"constructionOptions\":{\"factoryId\":\"debug:breakpoints\"},\"innerWidgetState\":\"{}\"}},{\"partId\":\"plugin-view:cortex-debug.peripherals\",\"collapsed\":true,\"hidden\":true,\"originalContainerId\":\"debug:view-container:-1\",\"originalContainerTitle\":{\"label\":\"debug\",\"iconClass\":\"codicon codicon-debug-alt\",\"closeable\":true},\"widget\":{\"constructionOptions\":{\"factoryId\":\"plugin-view\",\"options\":{\"id\":\"plugin-view:cortex-debug.peripherals\",\"viewId\":\"cortex-debug.peripherals\"}},\"innerWidgetState\":\"{\\\"label\\\":\\\"Cortex Peripherals\\\",\\\"widgets\\\":[],\\\"suppressUpdateViewVisibility\\\":false,\\\"currentViewContainerId\\\":\\\"debug\\\"}\"}},{\"partId\":\"plugin-view:cortex-debug.registers\",\"collapsed\":true,\"hidden\":true,\"originalContainerId\":\"debug:view-container:-1\",\"originalContainerTitle\":{\"label\":\"debug\",\"iconClass\":\"codicon codicon-debug-alt\",\"closeable\":true},\"widget\":{\"constructionOptions\":{\"factoryId\":\"plugin-view\",\"options\":{\"id\":\"plugin-view:cortex-debug.registers\",\"viewId\":\"cortex-debug.registers\"}},\"innerWidgetState\":\"{\\\"label\\\":\\\"Cortex Registers\\\",\\\"widgets\\\":[],\\\"suppressUpdateViewVisibility\\\":false,\\\"currentViewContainerId\\\":\\\"debug\\\"}\"}}],\"title\":{\"label\":\"debug\",\"iconClass\":\"codicon codicon-debug-alt\",\"closeable\":true}}"},"rank":4,"expanded":false,"pinned":false},{"widget":{"constructionOptions":{"factoryId":"search-view-container"},"innerWidgetState":"{\"parts\":[{\"partId\":\"search-in-workspace\",\"collapsed\":false,\"hidden\":false,\"originalContainerId\":\"search-view-container\",\"originalContainerTitle\":{\"label\":\"Search\",\"iconClass\":\"codicon codicon-search\",\"closeable\":true},\"widget\":{\"constructionOptions\":{\"factoryId\":\"search-in-workspace\"},\"innerWidgetState\":\"{\\\"matchCaseState\\\":{\\\"className\\\":\\\"codicon codicon-case-sensitive\\\",\\\"enabled\\\":false,\\\"title\\\":\\\"Match Case\\\"},\\\"wholeWordState\\\":{\\\"className\\\":\\\"codicon codicon-whole-word\\\",\\\"enabled\\\":false,\\\"title\\\":\\\"Match Whole Word\\\"},\\\"regExpState\\\":{\\\"className\\\":\\\"codicon codicon-regex\\\",\\\"enabled\\\":false,\\\"title\\\":\\\"Use Regular Expression\\\"},\\\"includeIgnoredState\\\":{\\\"className\\\":\\\"codicon codicon-eye\\\",\\\"enabled\\\":false,\\\"title\\\":\\\"Include Ignored Files\\\"},\\\"showSearchDetails\\\":false,\\\"searchInWorkspaceOptions\\\":{\\\"matchCase\\\":false,\\\"matchWholeWord\\\":false,\\\"useRegExp\\\":false,\\\"multiline\\\":false,\\\"includeIgnored\\\":false,\\\"include\\\":[],\\\"exclude\\\":[],\\\"maxResults\\\":2000},\\\"searchTerm\\\":\\\"\\\",\\\"replaceTerm\\\":\\\"\\\",\\\"showReplaceField\\\":false,\\\"searchHistoryState\\\":{\\\"history\\\":[],\\\"index\\\":0},\\\"replaceHistoryState\\\":{\\\"history\\\":[],\\\"index\\\":0},\\\"includeHistoryState\\\":{\\\"history\\\":[],\\\"index\\\":0},\\\"excludeHistoryState\\\":{\\\"history\\\":[],\\\"index\\\":0}}\"}}],\"title\":{\"label\":\"Search\",\"iconClass\":\"fa fa-arduino-search\",\"closeable\":true}}"},"rank":5,"expanded":false,"pinned":false}]},"rightPanel":{"type":"sidepanel","items":[]},"activeWidgetId":"serial-monitor"}
2025-08-24 13:53:18 2025-08-24T20:53:18.768Z root INFO ------- END SERIALIZED LAYOUT DATA -------
2025-08-24 13:53:19 2025-08-24T20:53:19.195Z root INFO [hosted-plugin: 19968] PLUGIN_HOST(19968) starting instance
[Object: null prototype] {}
2025-08-24 13:53:19 2025-08-24T20:53:19.979Z root INFO [109bd09e-9ab1-4115-8173-fbc9f4beac40] Sync of 23 plugins: 1439.3 ms [Finished 3.351 s after frontend start]
2025-08-24 13:53:20 isTempSketch: false. Input was /home/aaron/projects/esp32_ble/master
2025-08-24 13:53:20 Marking workspace as a closed sketch. Workspace URI: file:///home/aaron/projects/esp32_ble/master. Date: 1756068800186.
2025-08-24 13:53:20 isTempSketch: false. Input was /home/aaron/projects/esp32_ble/master
2025-08-24 13:53:20 Marking workspace as a closed sketch. Workspace URI: file:///home/aaron/projects/esp32_ble/master. Date: 1756068800198.
2025-08-24 13:53:20 Closing channel on service path '/services/electron-window'.
2025-08-24 13:53:20 Closing channel on service path '/services/ide-updater'.
2025-08-24 13:53:20 2025-08-24T20:53:20.216Z root INFO socked closed
2025-08-24 13:53:20 2025-08-24T20:53:20.216Z root INFO closing connection for 1
2025-08-24 13:53:20 2025-08-24T20:53:20.216Z root INFO Closing channel on service path '/localization-server'.
2025-08-24 13:53:20 2025-08-24T20:53:20.216Z root INFO Closing channel on service path '/os'.
2025-08-24 13:53:20 2025-08-24T20:53:20.216Z root INFO Closing channel on service path '/services/commands'.
2025-08-24 13:53:20 2025-08-24T20:53:20.216Z root INFO Closing channel on service path '/services/keyboard'.
2025-08-24 13:53:20 2025-08-24T20:53:20.216Z root INFO Closing channel on service path '/services/logger'.
2025-08-24 13:53:20 2025-08-24T20:53:20.216Z root INFO Closing channel on service path '/services/messageService'.
2025-08-24 13:53:20 2025-08-24T20:53:20.216Z root INFO Closing channel on service path '/services/ChannelCloseService'.
2025-08-24 13:53:20 2025-08-24T20:53:20.216Z root INFO Closing channel on service path '/services/remote-filesystem'.
2025-08-24 13:53:20 2025-08-24T20:53:20.216Z root INFO Closing channel on service path '/services/envs'.
2025-08-24 13:53:20 2025-08-24T20:53:20.216Z root INFO Closing channel on service path '/services/authentication-service'.
2025-08-24 13:53:20 2025-08-24T20:53:20.216Z root INFO Closing channel on service path '/services/sketches-service'.
2025-08-24 13:53:20 2025-08-24T20:53:20.216Z root INFO Closing channel on service path '/services/config-service'.
2025-08-24 13:53:20 2025-08-24T20:53:20.216Z root INFO Closing channel on service path '/services/workspace'.
2025-08-24 13:53:20 2025-08-24T20:53:20.216Z root INFO Closing channel on service path '/services/notification-service'.
2025-08-24 13:53:20 2025-08-24T20:53:20.216Z root INFO Closing channel on service path '/services/arduino-daemon'.
2025-08-24 13:53:20 2025-08-24T20:53:20.216Z root INFO Closing channel on service path '/services/stopwatch'.
2025-08-24 13:53:20 2025-08-24T20:53:20.216Z root INFO Closing channel on service path '/services/application'.
2025-08-24 13:53:20 2025-08-24T20:53:20.216Z root INFO Closing channel on service path '/services/i18n'.
2025-08-24 13:53:20 2025-08-24T20:53:20.216Z root INFO Closing channel on service path '/services/quickInput'.
2025-08-24 13:53:20 2025-08-24T20:53:20.216Z root INFO Closing channel on service path '/services/debug'.
2025-08-24 13:53:20 2025-08-24T20:53:20.216Z root INFO Closing channel on service path '/services/shell-terminal'.
2025-08-24 13:53:20 2025-08-24T20:53:20.216Z root INFO Closing channel on service path '/services/quickPick'.
2025-08-24 13:53:20 2025-08-24T20:53:20.216Z root INFO Closing channel on service path '/services/task'.
2025-08-24 13:53:20 2025-08-24T20:53:20.216Z root INFO Closing channel on service path '/services/search'.
2025-08-24 13:53:20 2025-08-24T20:53:20.216Z root INFO Closing channel on service path '/services/hostedPlugin'.
2025-08-24 13:53:20 2025-08-24T20:53:20.216Z root INFO Closing channel on service path '/services/plugin-ext'.
2025-08-24 13:53:20 2025-08-24T20:53:20.216Z root INFO Closing channel on service path '/services/plugin-paths'.
2025-08-24 13:53:20 2025-08-24T20:53:20.216Z root INFO Closing channel on service path '/services/cli-preferences'.
2025-08-24 13:53:20 2025-08-24T20:53:20.216Z root INFO Closing channel on service path '/services/boards-service'.
2025-08-24 13:53:20 2025-08-24T20:53:20.216Z root INFO Closing channel on service path '/services/response-service'.
2025-08-24 13:53:20 2025-08-24T20:53:20.216Z root INFO Closing channel on service path '/services/file-system-ext'.
2025-08-24 13:53:20 2025-08-24T20:53:20.216Z root INFO Closing channel on service path '/services/core-service'.
2025-08-24 13:53:20 2025-08-24T20:53:20.216Z root INFO Closing channel on service path '/services/example-service'.
2025-08-24 13:53:20 2025-08-24T20:53:20.216Z root INFO Closing channel on service path '/services/library-service'.
2025-08-24 13:53:20 2025-08-24T20:53:20.216Z root INFO Closing channel on service path '/services/executable-service'.
2025-08-24 13:53:20 2025-08-24T20:53:20.216Z root INFO Closing channel on service path '/services/arduino-firmware-uploader'.
2025-08-24 13:53:20 2025-08-24T20:53:20.216Z root INFO Closing channel on service path '/services/formatter'.
2025-08-24 13:53:20 2025-08-24T20:53:20.216Z root INFO Closing channel on service path '/services/search-in-workspace'.
2025-08-24 13:53:20 2025-08-24T20:53:20.216Z root INFO Closing channel on service path '/services/request-service'.
2025-08-24 13:53:20 2025-08-24T20:53:20.216Z root INFO Closing channel on service path '/services/keyStore'.
2025-08-24 13:53:20 2025-08-24T20:53:20.216Z root INFO Closing channel on service path '/services/languagePackService'.
2025-08-24 13:53:20 2025-08-24T20:53:20.402Z root INFO <<< The layout has been successfully restored.
2025-08-24 13:53:20 2025-08-24T20:53:20.545Z root INFO Initialize the workbench layout: 1937.9 ms [Finished 3.775 s after frontend start]
2025-08-24 13:53:20 2025-08-24T20:53:20.546Z root INFO Changed application state from 'attached_shell' to 'initialized_layout'.
2025-08-24 13:53:20 2025-08-24T20:53:20.548Z root INFO [109bd09e-9ab1-4115-8173-fbc9f4beac40] Loading plugin contributions
2025-08-24 13:53:20 2025-08-24T20:53:20.548Z root INFO [109bd09e-9ab1-4115-8173-fbc9f4beac40] Load contributions of 23 plugins: 138.8 ms [Finished 3.916 s after frontend start]
2025-08-24 13:53:20 2025-08-24T20:53:20.610Z root WARN 'cpp' language is remapped from 'source.cpp.embedded.macro' to 'source.cpp' scope
2025-08-24 13:53:20 2025-08-24T20:53:20.610Z root WARN a registered grammar configuration for 'cpp' language is overridden
2025-08-24 13:53:21 2025-08-24T20:53:21.054Z root ERROR [hosted-plugin: 19968] Conflict in settings file Default: Ignoring cortex-debug.armToolchainPath.linux as cortex-debug.armToolchainPath is null
2025-08-24 13:53:21 2025-08-24T20:53:21.054Z root ERROR [hosted-plugin: 19968] Conflict in settings file Default: Ignoring cortex-debug.armToolchainPath.osx as cortex-debug.armToolchainPath is null
Conflict in settings file Default: Ignoring cortex-debug.armToolchainPath.windows as cortex-debug.armToolchainPath is null
2025-08-24 13:53:21 2025-08-24T20:53:21.054Z root ERROR [hosted-plugin: 19968] Conflict in settings file Default: Ignoring cortex-debug.JLinkGDBServerPath.linux as cortex-debug.JLinkGDBServerPath is null
2025-08-24 13:53:21 2025-08-24T20:53:21.054Z root ERROR [hosted-plugin: 19968] Conflict in settings file Default: Ignoring cortex-debug.JLinkGDBServerPath.osx as cortex-debug.JLinkGDBServerPath is null
Conflict in settings file Default: Ignoring cortex-debug.JLinkGDBServerPath.windows as cortex-debug.JLinkGDBServerPath is null
2025-08-24 13:53:21 2025-08-24T20:53:21.054Z root ERROR [hosted-plugin: 19968] Conflict in settings file Default: Ignoring cortex-debug.openocdPath.linux as cortex-debug.openocdPath is null
2025-08-24 13:53:21 2025-08-24T20:53:21.054Z root ERROR [hosted-plugin: 19968] Conflict in settings file Default: Ignoring cortex-debug.openocdPath.osx as cortex-debug.openocdPath is null
2025-08-24 13:53:21 2025-08-24T20:53:21.054Z root ERROR [hosted-plugin: 19968] Conflict in settings file Default: Ignoring cortex-debug.openocdPath.windows as cortex-debug.openocdPath is null
Conflict in settings file Default: Ignoring cortex-debug.pyocdPath.linux as cortex-debug.pyocdPath is null
2025-08-24 13:53:21 2025-08-24T20:53:21.055Z root ERROR [hosted-plugin: 19968] Conflict in settings file Default: Ignoring cortex-debug.pyocdPath.osx as cortex-debug.pyocdPath is null
2025-08-24 13:53:21 2025-08-24T20:53:21.055Z root ERROR [hosted-plugin: 19968] Conflict in settings file Default: Ignoring cortex-debug.pyocdPath.windows as cortex-debug.pyocdPath is null
Conflict in settings file Default: Ignoring cortex-debug.PEGDBServerPath.linux as cortex-debug.PEGDBServerPath is null
Conflict in settings file Default: Ignoring cortex-debug.PEGDBServerPath.osx as cortex-debug.PEGDBServerPath is null
2025-08-24 13:53:21 2025-08-24T20:53:21.055Z root ERROR [hosted-plugin: 19968] Conflict in settings file Default: Ignoring cortex-debug.PEGDBServerPath.windows as cortex-debug.PEGDBServerPath is null
2025-08-24 13:53:21 2025-08-24T20:53:21.055Z root ERROR [hosted-plugin: 19968] Conflict in settings file Default: Ignoring cortex-debug.stutilPath.linux as cortex-debug.stutilPath is null
Conflict in settings file Default: Ignoring cortex-debug.stutilPath.osx as cortex-debug.stutilPath is null
Conflict in settings file Default: Ignoring cortex-debug.stutilPath.windows as cortex-debug.stutilPath is null
Conflict in settings file Default: Ignoring cortex-debug.stlinkPath.linux as cortex-debug.stlinkPath is null
2025-08-24 13:53:21 2025-08-24T20:53:21.055Z root ERROR [hosted-plugin: 19968] Conflict in settings file Default: Ignoring cortex-debug.stlinkPath.osx as cortex-debug.stlinkPath is null
Conflict in settings file Default: Ignoring cortex-debug.stlinkPath.windows as cortex-debug.stlinkPath is null
Conflict in settings file Default: Ignoring cortex-debug.stm32cubeprogrammer.linux as cortex-debug.stm32cubeprogrammer is null
Conflict in settings file Default: Ignoring cortex-debug.stm32cubeprogrammer.osx as cortex-debug.stm32cubeprogrammer is null
Conflict in settings file Default: Ignoring cortex-debug.stm32cubeprogrammer.windows as cortex-debug.stm32cubeprogrammer is null
2025-08-24 13:53:21 2025-08-24T20:53:21.078Z root INFO [hosted-plugin: 19968] PLUGIN_HOST(19968): PluginManagerExtImpl/init()
2025-08-24 13:53:21 2025-08-24T20:53:21.080Z root INFO [hosted-plugin: 19968] PLUGIN_HOST(19968): initializing(vscode-arduino-api@0.1.2 with /nix/store/2d5i1bzbqbnl4rgnhk8czrw5zmqqjdzv-arduino-ide-2.3.6-extracted/resources/app/lib/backend/plugin-vscode-init)
2025-08-24 13:53:21 2025-08-24T20:53:21.167Z root INFO [hosted-plugin: 19968] PLUGIN_HOST(19968): initializing(json-language-features@1.88.1 with /nix/store/2d5i1bzbqbnl4rgnhk8czrw5zmqqjdzv-arduino-ide-2.3.6-extracted/resources/app/lib/backend/plugin-vscode-init)
2025-08-24 13:53:21 2025-08-24T20:53:21.183Z root INFO [hosted-plugin: 19968] PLUGIN_HOST(19968): initializing(cortex-debug@1.5.1 with /nix/store/2d5i1bzbqbnl4rgnhk8czrw5zmqqjdzv-arduino-ide-2.3.6-extracted/resources/app/lib/backend/plugin-vscode-init)
2025-08-24 13:53:21 2025-08-24T20:53:21.184Z root INFO [hosted-plugin: 19968] Debugger contribution has been registered: cortex-debug
2025-08-24 13:53:21 2025-08-24T20:53:21.185Z root INFO [hosted-plugin: 19968] PLUGIN_HOST(19968): initializing(vscode-arduino-tools@0.1.3 with /nix/store/2d5i1bzbqbnl4rgnhk8czrw5zmqqjdzv-arduino-ide-2.3.6-extracted/resources/app/lib/backend/plugin-vscode-init)
2025-08-24 13:53:21 2025-08-24T20:53:21.186Z root INFO [hosted-plugin: 19968] PLUGIN_HOST(19968): initializing(cpp@1.88.1 with /nix/store/2d5i1bzbqbnl4rgnhk8czrw5zmqqjdzv-arduino-ide-2.3.6-extracted/resources/app/lib/backend/plugin-vscode-init)
2025-08-24 13:53:21 2025-08-24T20:53:21.187Z root INFO [hosted-plugin: 19968] PLUGIN_HOST(19968): initializing(json@1.88.1 with /nix/store/2d5i1bzbqbnl4rgnhk8czrw5zmqqjdzv-arduino-ide-2.3.6-extracted/resources/app/lib/backend/plugin-vscode-init)
2025-08-24 13:53:21 2025-08-24T20:53:21.188Z root INFO [hosted-plugin: 19968] PLUGIN_HOST(19968): initializing(vscode-language-pack-bg@1.48.3 with /nix/store/2d5i1bzbqbnl4rgnhk8czrw5zmqqjdzv-arduino-ide-2.3.6-extracted/resources/app/lib/backend/plugin-vscode-init)
2025-08-24 13:53:21 2025-08-24T20:53:21.188Z root INFO [hosted-plugin: 19968] PLUGIN_HOST(19968): initializing(vscode-language-pack-cs@1.96.0 with /nix/store/2d5i1bzbqbnl4rgnhk8czrw5zmqqjdzv-arduino-ide-2.3.6-extracted/resources/app/lib/backend/plugin-vscode-init)
2025-08-24 13:53:21 2025-08-24T20:53:21.189Z root INFO [hosted-plugin: 19968] PLUGIN_HOST(19968): initializing(vscode-language-pack-de@1.96.0 with /nix/store/2d5i1bzbqbnl4rgnhk8czrw5zmqqjdzv-arduino-ide-2.3.6-extracted/resources/app/lib/backend/plugin-vscode-init)
2025-08-24 13:53:21 2025-08-24T20:53:21.190Z root INFO [hosted-plugin: 19968] PLUGIN_HOST(19968): initializing(vscode-language-pack-es@1.96.0 with /nix/store/2d5i1bzbqbnl4rgnhk8czrw5zmqqjdzv-arduino-ide-2.3.6-extracted/resources/app/lib/backend/plugin-vscode-init)
2025-08-24 13:53:21 2025-08-24T20:53:21.191Z root INFO [hosted-plugin: 19968] PLUGIN_HOST(19968): initializing(vscode-language-pack-fr@1.96.0 with /nix/store/2d5i1bzbqbnl4rgnhk8czrw5zmqqjdzv-arduino-ide-2.3.6-extracted/resources/app/lib/backend/plugin-vscode-init)
2025-08-24 13:53:21 2025-08-24T20:53:21.192Z root INFO [hosted-plugin: 19968] PLUGIN_HOST(19968): initializing(vscode-language-pack-hu@1.48.3 with /nix/store/2d5i1bzbqbnl4rgnhk8czrw5zmqqjdzv-arduino-ide-2.3.6-extracted/resources/app/lib/backend/plugin-vscode-init)
2025-08-24 13:53:21 2025-08-24T20:53:21.193Z root INFO [hosted-plugin: 19968] PLUGIN_HOST(19968): initializing(vscode-language-pack-it@1.96.0 with /nix/store/2d5i1bzbqbnl4rgnhk8czrw5zmqqjdzv-arduino-ide-2.3.6-extracted/resources/app/lib/backend/plugin-vscode-init)
2025-08-24 13:53:21 2025-08-24T20:53:21.194Z root INFO [hosted-plugin: 19968] PLUGIN_HOST(19968): initializing(vscode-language-pack-ja@1.96.0 with /nix/store/2d5i1bzbqbnl4rgnhk8czrw5zmqqjdzv-arduino-ide-2.3.6-extracted/resources/app/lib/backend/plugin-vscode-init)
2025-08-24 13:53:21 2025-08-24T20:53:21.194Z root INFO [hosted-plugin: 19968] PLUGIN_HOST(19968): initializing(vscode-language-pack-ko@1.96.0 with /nix/store/2d5i1bzbqbnl4rgnhk8czrw5zmqqjdzv-arduino-ide-2.3.6-extracted/resources/app/lib/backend/plugin-vscode-init)
2025-08-24 13:53:21 2025-08-24T20:53:21.195Z root INFO [hosted-plugin: 19968] PLUGIN_HOST(19968): initializing(vscode-language-pack-nl@1.48.3 with /nix/store/2d5i1bzbqbnl4rgnhk8czrw5zmqqjdzv-arduino-ide-2.3.6-extracted/resources/app/lib/backend/plugin-vscode-init)
2025-08-24 13:53:21 2025-08-24T20:53:21.195Z root INFO [hosted-plugin: 19968] PLUGIN_HOST(19968): initializing(vscode-language-pack-pl@1.96.0 with /nix/store/2d5i1bzbqbnl4rgnhk8czrw5zmqqjdzv-arduino-ide-2.3.6-extracted/resources/app/lib/backend/plugin-vscode-init)
2025-08-24 13:53:21 2025-08-24T20:53:21.196Z root INFO [hosted-plugin: 19968] PLUGIN_HOST(19968): initializing(vscode-language-pack-pt-BR@1.96.0 with /nix/store/2d5i1bzbqbnl4rgnhk8czrw5zmqqjdzv-arduino-ide-2.3.6-extracted/resources/app/lib/backend/plugin-vscode-init)
2025-08-24 13:53:21 2025-08-24T20:53:21.196Z root INFO [hosted-plugin: 19968] PLUGIN_HOST(19968): initializing(vscode-language-pack-ru@1.96.0 with /nix/store/2d5i1bzbqbnl4rgnhk8czrw5zmqqjdzv-arduino-ide-2.3.6-extracted/resources/app/lib/backend/plugin-vscode-init)
2025-08-24 13:53:21 2025-08-24T20:53:21.197Z root INFO [hosted-plugin: 19968] PLUGIN_HOST(19968): initializing(vscode-language-pack-tr@1.96.0 with /nix/store/2d5i1bzbqbnl4rgnhk8czrw5zmqqjdzv-arduino-ide-2.3.6-extracted/resources/app/lib/backend/plugin-vscode-init)
2025-08-24 13:53:21 2025-08-24T20:53:21.197Z root INFO [hosted-plugin: 19968] PLUGIN_HOST(19968): initializing(vscode-language-pack-uk@1.48.3 with /nix/store/2d5i1bzbqbnl4rgnhk8czrw5zmqqjdzv-arduino-ide-2.3.6-extracted/resources/app/lib/backend/plugin-vscode-init)
2025-08-24 13:53:21 2025-08-24T20:53:21.197Z root INFO [hosted-plugin: 19968] PLUGIN_HOST(19968): initializing(vscode-language-pack-zh-hans@1.96.0 with /nix/store/2d5i1bzbqbnl4rgnhk8czrw5zmqqjdzv-arduino-ide-2.3.6-extracted/resources/app/lib/backend/plugin-vscode-init)
2025-08-24 13:53:21 2025-08-24T20:53:21.198Z root INFO [hosted-plugin: 19968] PLUGIN_HOST(19968): initializing(vscode-language-pack-zh-hant@1.96.0 with /nix/store/2d5i1bzbqbnl4rgnhk8czrw5zmqqjdzv-arduino-ide-2.3.6-extracted/resources/app/lib/backend/plugin-vscode-init)
2025-08-24 13:53:21 2025-08-24T20:53:21.206Z root INFO [hosted-plugin: 19968] PLUGIN_HOST(19968): PluginManagerExtImpl/loadPlugin(/nix/store/2d5i1bzbqbnl4rgnhk8czrw5zmqqjdzv-arduino-ide-2.3.6-extracted/resources/app/plugins/vscode-builtin-json-language-features/extension/client/dist/node/jsonClientMain)
2025-08-24 13:53:21 2025-08-24T20:53:21.266Z root INFO [hosted-plugin: 19968] PLUGIN_HOST(19968): PluginManagerExtImpl/loadPlugin(/nix/store/2d5i1bzbqbnl4rgnhk8czrw5zmqqjdzv-arduino-ide-2.3.6-extracted/resources/app/plugins/vscode-arduino-tools/extension/dist/extension.js)
2025-08-24 13:53:21 2025-08-24T20:53:21.295Z root INFO [hosted-plugin: 19968] PLUGIN_HOST(19968): PluginManagerExtImpl/loadPlugin(/nix/store/2d5i1bzbqbnl4rgnhk8czrw5zmqqjdzv-arduino-ide-2.3.6-extracted/resources/app/plugins/vscode-arduino-api/extension/dist/extension.js)
2025-08-24 13:53:21 2025-08-24T20:53:21.298Z root INFO [hosted-plugin: 19968] calling activation function on VS Code Arduino Tools
calling activation function on Arduino IDE API for VS Code extensions
2025-08-24 13:53:21 2025-08-24T20:53:21.319Z root INFO [109bd09e-9ab1-4115-8173-fbc9f4beac40] Starting plugins.
2025-08-24 13:53:21 2025-08-24T20:53:21.364Z root INFO [hosted-plugin: 19968] PLUGIN_HOST(19968): PluginManagerExtImpl/loadPlugin(/nix/store/2d5i1bzbqbnl4rgnhk8czrw5zmqqjdzv-arduino-ide-2.3.6-extracted/resources/app/plugins/cortex-debug/extension/dist/extension.js)
2025-08-24 13:53:21 2025-08-24T20:53:21.400Z root INFO [hosted-plugin: 19968] Debug configuration provider has been registered: cortex-debug, trigger: 1
2025-08-24 13:53:21 2025-08-24T20:53:21.400Z root INFO [hosted-plugin: 19968] calling activation function on Cortex-Debug
2025-08-24 13:53:21 2025-08-24T20:53:21.402Z root INFO [hosted-plugin: 19968] GDB server console created
2025-08-24 13:53:21 2025-08-24T20:53:21.569Z root INFO [hosted-plugin: 19968] calling activation function on JSON Language Features (built-in)
2025-08-24 13:53:21 2025-08-24T20:53:21.635Z root INFO Frontend application start: 3367.9 ms [Finished 41.710 s after backend start]
2025-08-24 13:53:21 2025-08-24T20:53:21.655Z root INFO Replace loading indicator with ready workbench UI (animation): 855.3 ms [Finished 4.775 s after frontend start]
2025-08-24 13:53:21 2025-08-24T20:53:21.655Z root INFO Changed application state from 'initialized_layout' to 'ready'.
2025-08-24 13:53:21 2025-08-24T20:53:21.655Z root WARN Linked preference "workbench.colorCustomizations" not found.
2025-08-24 13:53:21 2025-08-24T20:53:21.702Z root INFO Executing startup tasks:
2025-08-24 13:53:21 2025-08-24T20:53:21.702Z root INFO  - 'arduino-use-inherited-boards-data' , args: [{"fqbn":"esp32:esp32:sparkfun_esp32s3_thing_plus","data":{"configOptions":[{"label":"Upload Speed","option":"UploadSpeed","values":[{"value":"921600","label":"921600","selected":true},{"value":"115200","label":"115200","selected":false},{"value":"230400","label":"230400","selected":false},{"value":"460800","label":"460800","selected":false}]},{"label":"USB Mode","option":"USBMode","values":[{"value":"default","label":"Hardware CDC and JTAG","selected":true},{"value":"hwcdc","label":"USB-OTG (TinyUSB)","selected":false}]},{"label":"USB CDC On Boot","option":"CDCOnBoot","values":[{"value":"default","label":"Disabled","selected":true},{"value":"cdc","label":"Enabled","selected":false}]},{"label":"USB Firmware MSC On Boot","option":"MSCOnBoot","values":[{"value":"default","label":"Disabled","selected":true},{"value":"msc","label":"Enabled (Requires USB-OTG Mode)","selected":false}]},{"label":"USB DFU On Boot","option":"DFUOnBoot","values":[{"value":"default","label":"Disabled","selected":true},{"value":"dfu","label":"Enabled (Requires USB-OTG Mode)","selected":false}]},{"label":"Upload Mode","option":"UploadMode","values":[{"value":"default","label":"UART0 / Hardware CDC","selected":true},{"value":"cdc","label":"USB-OTG CDC (TinyUSB)","selected":false}]},{"label":"CPU Frequency","option":"CPUFreq","values":[{"value":"240","label":"240MHz (WiFi)","selected":true},{"value":"160","label":"160MHz (WiFi)","selected":false},{"value":"80","label":"80MHz (WiFi)","selected":false},{"value":"40","label":"40MHz","selected":false},{"value":"20","label":"20MHz","selected":false},{"value":"10","label":"10MHz","selected":false}]},{"label":"Flash Mode","option":"FlashMode","values":[{"value":"qio","label":"QIO 80MHz","selected":true},{"value":"qio120","label":"QIO 120MHz","selected":false},{"value":"dio","label":"DIO 80MHz","selected":false}]},{"label":"Partition Scheme","option":"PartitionScheme","values":[{"value":"default","label":"Default 4MB with spiffs (1.2MB APP/1.5MB SPIFFS)","selected":true},{"value":"defaultffat","label":"Default 4MB with ffat (1.2MB APP/1.5MB FATFS)","selected":false},{"value":"minimal","label":"Minimal (1.3MB APP/700KB SPIFFS)","selected":false},{"value":"no_fs","label":"No FS 4MB (2MB APP x2)","selected":false},{"value":"no_ota","label":"No OTA (2MB APP/2MB SPIFFS)","selected":false},{"value":"noota_3g","label":"No OTA (1MB APP/3MB SPIFFS)","selected":false},{"value":"noota_ffat","label":"No OTA (2MB APP/2MB FATFS)","selected":false},{"value":"noota_3gffat","label":"No OTA (1MB APP/3MB FATFS)","selected":false},{"value":"huge_app","label":"Huge APP (3MB No OTA/1MB SPIFFS)","selected":false},{"value":"min_spiffs","label":"Minimal SPIFFS (1.9MB APP with OTA/190KB SPIFFS)","selected":false},{"value":"rainmaker","label":"RainMaker 4MB","selected":false},{"value":"rainmaker_4MB","label":"RainMaker 4MB No OTA","selected":false},{"value":"zigbee_zczr","label":"Zigbee ZCZR 4MB with spiffs","selected":false},{"value":"custom","label":"Custom","selected":false}]},{"label":"Core Debug Level","option":"DebugLevel","values":[{"value":"none","label":"None","selected":true},{"value":"error","label":"Error","selected":false},{"value":"warn","label":"Warn","selected":false},{"value":"info","label":"Info","selected":false},{"value":"debug","label":"Debug","selected":false},{"value":"verbose","label":"Verbose","selected":false}]},{"label":"PSRAM","option":"PSRAM","values":[{"value":"enabled","label":"QSPI PSRAM","selected":true},{"value":"disabled","label":"Disabled","selected":false},{"value":"opi","label":"OPI PSRAM","selected":false}]},{"label":"Arduino Runs On","option":"LoopCore","values":[{"value":"1","label":"Core 1","selected":true},{"value":"0","label":"Core 0","selected":false}]},{"label":"Events Run On","option":"EventsCore","values":[{"value":"1","label":"Core 1","selected":true},{"value":"0","label":"Core 0","selected":false}]},{"label":"Erase All Flash Before Sketch Upload","option":"EraseFlash","values":[{"value":"none","label":"Disabled","selected":true},{"value":"all","label":"Enabled","selected":false}]},{"label":"JTAG Adapter","option":"JTAGAdapter","values":[{"value":"default","label":"Disabled","selected":true},{"value":"builtin","label":"Integrated USB JTAG","selected":false},{"value":"external","label":"FTDI Adapter","selected":false},{"value":"bridge","label":"ESP USB Bridge","selected":false}]},{"label":"Zigbee Mode","option":"ZigbeeMode","values":[{"value":"default","label":"Disabled","selected":true},{"value":"zczr","label":"Zigbee ZCZR (coordinator)","selected":false}]}],"programmers":[{"id":"esptool","name":"Esptool","platform":"esp32:esp32@3.3.0"}]}}]
2025-08-24 13:53:21 2025-08-24T20:53:21.703Z root INFO  - 'arduino-use-inherited-boards-config' , args: [{"selectedBoard":{"name":"SparkFun ESP32-S3 Thing Plus","fqbn":"esp32:esp32:sparkfun_esp32s3_thing_plus","packageId":{"vendorId":"esp32","arch":"esp32"},"packageName":"esp32","manuallyInstalled":false,"selected":false,"missing":false},"selectedPort":{"address":"/dev/ttyACM0","addressLabel":"/dev/ttyACM0","protocol":"serial","protocolLabel":"Serial Port (USB)","properties":{"pid":"0x1001","serialNumber":"94:A9:90:7D:0E:B4","vid":"0x303a"},"hardwareId":"94:A9:90:7D:0E:B4"}},{"arduino+serial:///dev/ttyUSB0":{"name":"DOIT ESP32 DEVKIT V1","fqbn":"esp32:esp32:esp32doit-devkit-v1"},"arduino+serial:///dev/ttyACM0":{"name":"SparkFun ESP32-S3 Thing Plus","fqbn":"esp32:esp32:sparkfun_esp32s3_thing_plus","packageId":{"vendorId":"esp32","arch":"esp32"},"packageName":"esp32","manuallyInstalled":false,"selected":false,"missing":false}}]
2025-08-24 13:53:21 2025-08-24T20:53:21.738Z root INFO [109bd09e-9ab1-4115-8173-fbc9f4beac40] Start of 23 plugins: 1183.1 ms [Finished 5.103 s after frontend start]
2025-08-24 13:53:21 2025-08-24T20:53:21.988Z daemon INFO time="2025-08-24T13:53:21-07:00" level=info msg="Tool required for debug" tool="arduino:dfu-util@0.11.0-arduino5"
time="2025-08-24T13:53:21-07:00" level=info msg="Tool required for debug" tool="esp32:esp-rv32@2411"
time="2025-08-24T13:53:21-07:00" level=info msg="Tool required for debug" tool="esp32:esp-x32@2411"
time="2025-08-24T13:53:21-07:00" level=info msg="Tool required for debug" tool="esp32:esp32-arduino-libs@idf-release_v5.5-b66b5448-v1"
time="2025-08-24T13:53:21-07:00" level=info msg="Tool required for debug" tool="esp32:esptool_py@5.0.0"
time="2025-08-24T13:53:21-07:00" level=info msg="Tool required for debug" tool="esp32:mklittlefs@3.0.0-gnu12-dc7f933"
time="2025-08-24T13:53:21-07:00" level=info msg="Tool required for debug" tool="esp32:mkspiffs@0.2.3"
time="2025-08-24T13:53:21-07:00" level=info msg="Tool required for debug" tool="esp32:openocd-esp32@v0.12.0-esp32-20250422"
time="2025-08-24T13:53:21-07:00" level=info msg="Tool required for debug" tool="esp32:riscv32-esp-elf-gdb@16.2_20250324"
time="2025-08-24T13:53:21-07:00" level=info msg="Tool required for debug" tool="esp32:xtensa-esp-elf-gdb@16.2_20250324"
time="2025-08-24T13:53:21-07:00" level=info msg="Tool required for debug" tool="builtin:serial-discovery@1.4.1"
time="2025-08-24T13:53:21-07:00" level=info msg="Tool required for debug" tool="builtin:serial-monitor@0.15.0"
time="2025-08-24T13:53:21-07:00" level=info msg="Tool required for debug" tool="builtin:dfu-discovery@0.1.2"
time="2025-08-24T13:53:21-07:00" level=info msg="Tool required for debug" tool="builtin:mdns-discovery@1.0.9"
time="2025-08-24T13:53:21-07:00" level=info msg="Tool required for debug" tool="arduino:avr-gcc@7.3.0-atmel3.6.1-arduino7"
time="2025-08-24T13:53:21-07:00" level=info msg="Tool required for debug" tool="arduino:avrdude@6.3.0-arduino17"
time="2025-08-24T13:53:21-07:00" level=info msg="Tool required for debug" tool="builtin:ctags@5.8-arduino11"
time="2025-08-24T13:53:21-07:00" level=info msg="Tool required for debug" tool="arduino:bossac@1.9.1-arduino5"
time="2025-08-24T13:53:21-07:00" level=info msg="Tool required for debug" tool="arduino:openocd@0.11.0-arduino2"
time="2025-08-24T13:53:21-07:00" level=info msg="Tool required for debug" tool="arduino:arm-none-eabi-gcc@7-2017q4"
time="2025-08-24T13:53:21-07:00" level=info msg="Tool required for debug" tool="arduino:arduinoOTA@1.3.0"
2025-08-24 13:53:22 2025-08-24T20:53:21.997Z daemon INFO time="2025-08-24T13:53:21-07:00" level=info msg="Tool required for debug" tool="arduino:dfu-util@0.11.0-arduino5"
time="2025-08-24T13:53:21-07:00" level=info msg="Tool required for debug" tool="esp32:esp-rv32@2411"
time="2025-08-24T13:53:21-07:00" level=info msg="Tool required for debug" tool="esp32:esp-x32@2411"
time="2025-08-24T13:53:21-07:00" level=info msg="Tool required for debug" tool="esp32:esp32-arduino-libs@idf-release_v5.5-b66b5448-v1"
time="2025-08-24T13:53:21-07:00" level=info msg="Tool required for debug" tool="esp32:esptool_py@5.0.0"
time="2025-08-24T13:53:21-07:00" level=info msg="Tool required for debug" tool="esp32:mklittlefs@3.0.0-gnu12-dc7f933"
time="2025-08-24T13:53:21-07:00" level=info msg="Tool required for debug" tool="esp32:mkspiffs@0.2.3"
time="2025-08-24T13:53:21-07:00" level=info msg="Tool required for debug" tool="esp32:openocd-esp32@v0.12.0-esp32-20250422"
time="2025-08-24T13:53:21-07:00" level=info msg="Tool required for debug" tool="esp32:riscv32-esp-elf-gdb@16.2_20250324"
time="2025-08-24T13:53:21-07:00" level=info msg="Tool required for debug" tool="esp32:xtensa-esp-elf-gdb@16.2_20250324"
time="2025-08-24T13:53:21-07:00" level=info msg="Tool required for debug" tool="arduino:avr-gcc@7.3.0-atmel3.6.1-arduino7"
time="2025-08-24T13:53:21-07:00" level=info msg="Tool required for debug" tool="builtin:mdns-discovery@1.0.9"
time="2025-08-24T13:53:21-07:00" level=info msg="Tool required for debug" tool="arduino:bossac@1.9.1-arduino5"
time="2025-08-24T13:53:21-07:00" level=info msg="Tool required for debug" tool="builtin:serial-monitor@0.15.0"
time="2025-08-24T13:53:21-07:00" level=info msg="Tool required for debug" tool="arduino:arm-none-eabi-gcc@7-2017q4"
time="2025-08-24T13:53:21-07:00" level=info msg="Tool required for debug" tool="arduino:openocd@0.11.0-arduino2"
time="2025-08-24T13:53:21-07:00" level=info msg="Tool required for debug" tool="arduino:arduinoOTA@1.3.0"
time="2025-08-24T13:53:21-07:00" level=info msg="Tool required for debug" tool="builtin:serial-discovery@1.4.1"
time="2025-08-24T13:53:21-07:00" level=info msg="Tool required for debug" tool="arduino:avrdude@6.3.0-arduino17"
time="2025-08-24T13:53:21-07:00" level=info msg="Tool required for debug" tool="builtin:ctags@5.8-arduino11"
time="2025-08-24T13:53:21-07:00" level=info msg="Tool required for debug" tool="builtin:dfu-discovery@0.1.2"
time="2025-08-24T13:53:21-07:00" level=info msg="Tool required for debug" tool="arduino:dfu-util@0.11.0-arduino5"
time="2025-08-24T13:53:21-07:00" level=info msg="Tool required for debug" tool="esp32:esp-rv32@2411"
time="2025-08-24T13:53:21-07:00" level=info msg="Tool required for debug" tool="esp32:esp-x32@2411"
time="2025-08-24T13:53:21-07:00" level=info msg="Tool required for debug" tool="esp32:esp32-arduino-libs@idf-release_v5.5-b66b5448-v1"
time="2025-08-24T13:53:21-07:00" level=info msg="Tool required for debug" tool="esp32:esptool_py@5.0.0"
time="2025-08-24T13:53:21-07:00" level=info msg="Tool required for debug" tool="esp32:mklittlefs@3.0.0-gnu12-dc7f933"
time="2025-08-24T13:53:21-07:00" level=info msg="Tool required for debug" tool="esp32:mkspiffs@0.2.3"
time="2025-08-24T13:53:21-07:00" level=info msg="Tool required for debug" tool="esp32:openocd-esp32@v0.12.0-esp32-20250422"
time="2025-08-24T13:53:21-07:00" level=info msg="Tool required for debug" tool="esp32:riscv32-esp-elf-gdb@16.2_20250324"
time="2025-08-24T13:53:21-07:00" level=info msg="Tool required for debug" tool="esp32:xtensa-esp-elf-gdb@16.2_20250324"
time="2025-08-24T13:53:21-07:00" level=info msg="Tool required for debug" tool="builtin:ctags@5.8-arduino11"
time="2025-08-24T13:53:21-07:00" level=info msg="Tool required for debug" tool="builtin:mdns-discovery@1.0.9"
time="2025-08-24T13:53:21-07:00" level=info msg="Tool required for debug" tool="arduino:avr-gcc@7.3.0-atmel3.6.1-arduino7"
time="2025-08-24T13:53:21-07:00" level=info msg="Tool required for debug" tool="builtin:serial-discovery@1.4.1"
time="2025-08-24T13:53:21-07:00" level=info msg="Tool required for debug" tool="arduino:arm-none-eabi-gcc@7-2017q4"
time="2025-08-24T13:53:21-07:00" level=info msg="Tool required for debug" tool="arduino:openocd@0.11.0-arduino2"
time="2025-08-24T13:53:21-07:00" level=info msg="Tool required for debug" tool="arduino:arduinoOTA@1.3.0"
time="2025-08-24T13:53:21-07:00" level=info msg="Tool required for debug" tool="arduino:bossac@1.9.1-arduino5"
time="2025-08-24T13:53:21-07:00" level=info msg="Tool required for debug" tool="builtin:dfu-discovery@0.1.2"
time="2025-08-24T13:53:21-07:00" level=info msg="Tool required for debug" tool="builtin:serial-monitor@0.15.0"
time="2025-08-24T13:53:21-07:00" level=info msg="Tool required for debug" tool="arduino:avrdude@6.3.0-arduino17"
time="2025-08-24T13:53:21-07:00" level=info msg="Tool required for debug" tool="arduino:dfu-util@0.11.0-arduino5"
time="2025-08-24T13:53:21-07:00" level=info msg="Tool required for debug" tool="esp32:esp-rv32@2411"
time="2025-08-24T13:53:21-07:00" level=info msg="Tool required for debug" tool="esp32:esp-x32@2411"
time="2025-08-24T13:53:21-07:00" level=info msg="Tool required for debug" tool="esp32:esp32-arduino-libs@idf-release_v5.5-b66b5448-v1"
time="2025-08-24T13:53:21-07:00" level=info msg="Tool required for debug" tool="esp32:esptool_py@5.0.0"
time="2025-08-24T13:53:21-07:00" level=info msg="Tool required for debug" tool="esp32:mklittlefs@3.0.0-gnu12-dc7f933"
time="2025-08-24T13:53:21-07:00" level=info msg="Tool required for debug" tool="esp32:mkspiffs@0.2.3"
time="2025-08-24T13:53:21-07:00" level=info msg="Tool required for debug" tool="esp32:openocd-esp32@v0.12.0-esp32-20250422"
time="2025-08-24T13:53:21-07:00" level=info msg="Tool required for debug" tool="esp32:riscv32-esp-elf-gdb@16.2_20250324"
time="2025-08-24T13:53:21-07:00" level=info msg="Tool required for debug" tool="esp32:xtensa-esp-elf-gdb@16.2_20250324"
time="2025-08-24T13:53:21-07:00" level=info msg="Tool required for debug" tool="arduino:arm-none-eabi-gcc@7-2017q4"
time="2025-08-24T13:53:21-07:00" level=info msg="Tool required for debug" tool="builtin:mdns-discovery@1.0.9"
time="2025-08-24T13:53:21-07:00" level=info msg="Tool required for debug" tool="arduino:arduinoOTA@1.3.0"
time="2025-08-24T13:53:21-07:00" level=info msg="Tool required for debug" tool="arduino:bossac@1.9.1-arduino5"
time="2025-08-24T13:53:21-07:00" level=info msg="Tool required for debug" tool="arduino:openocd@0.11.0-arduino2"
time="2025-08-24T13:53:21-07:00" level=info msg="Tool required for debug" tool="builtin:dfu-discovery@0.1.2"
time="2025-08-24T13:53:21-07:00" level=info msg="Tool required for debug" tool="builtin:serial-discovery@1.4.1"
time="2025-08-24T13:53:21-07:00" level=info msg="Tool required for debug" tool="builtin:ctags@5.8-arduino11"
time="2025-08-24T13:53:21-07:00" level=info msg="Tool required for debug" tool="arduino:avrdude@6.3.0-arduino17"
time="2025-08-24T13:53:21-07:00" level=info msg="Tool required for debug" tool="arduino:avr-gcc@7.3.0-atmel3.6.1-arduino7"
time="2025-08-24T13:53:21-07:00" level=info msg="Tool required for debug" tool="builtin:serial-monitor@0.15.0"
2025-08-24 13:53:22 2025-08-24T20:53:22.011Z daemon INFO time="2025-08-24T13:53:22-07:00" level=info msg="Tool required for debug" tool="arduino:dfu-util@0.11.0-arduino5"
time="2025-08-24T13:53:22-07:00" level=info msg="Tool required for debug" tool="esp32:esp-rv32@2411"
time="2025-08-24T13:53:22-07:00" level=info msg="Tool required for debug" tool="esp32:esp-x32@2411"
time="2025-08-24T13:53:22-07:00" level=info msg="Tool required for debug" tool="esp32:esp32-arduino-libs@idf-release_v5.5-b66b5448-v1"
time="2025-08-24T13:53:22-07:00" level=info msg="Tool required for debug" tool="esp32:esptool_py@5.0.0"
time="2025-08-24T13:53:22-07:00" level=info msg="Tool required for debug" tool="esp32:mklittlefs@3.0.0-gnu12-dc7f933"
time="2025-08-24T13:53:22-07:00" level=info msg="Tool required for debug" tool="esp32:mkspiffs@0.2.3"
time="2025-08-24T13:53:22-07:00" level=info msg="Tool required for debug" tool="esp32:openocd-esp32@v0.12.0-esp32-20250422"
time="2025-08-24T13:53:22-07:00" level=info msg="Tool required for debug" tool="esp32:riscv32-esp-elf-gdb@16.2_20250324"
time="2025-08-24T13:53:22-07:00" level=info msg="Tool required for debug" tool="esp32:xtensa-esp-elf-gdb@16.2_20250324"
time="2025-08-24T13:53:22-07:00" level=info msg="Tool required for debug" tool="builtin:ctags@5.8-arduino11"
time="2025-08-24T13:53:22-07:00" level=info msg="Tool required for debug" tool="builtin:serial-discovery@1.4.1"
time="2025-08-24T13:53:22-07:00" level=info msg="Tool required for debug" tool="arduino:avrdude@6.3.0-arduino17"
time="2025-08-24T13:53:22-07:00" level=info msg="Tool required for debug" tool="builtin:dfu-discovery@0.1.2"
time="2025-08-24T13:53:22-07:00" level=info msg="Tool required for debug" tool="arduino:arduinoOTA@1.3.0"
time="2025-08-24T13:53:22-07:00" level=info msg="Tool required for debug" tool="builtin:serial-monitor@0.15.0"
time="2025-08-24T13:53:22-07:00" level=info msg="Tool required for debug" tool="arduino:avr-gcc@7.3.0-atmel3.6.1-arduino7"
time="2025-08-24T13:53:22-07:00" level=info msg="Tool required for debug" tool="arduino:arm-none-eabi-gcc@7-2017q4"
time="2025-08-24T13:53:22-07:00" level=info msg="Tool required for debug" tool="arduino:openocd@0.11.0-arduino2"
time="2025-08-24T13:53:22-07:00" level=info msg="Tool required for debug" tool="builtin:mdns-discovery@1.0.9"
time="2025-08-24T13:53:22-07:00" level=info msg="Tool required for debug" tool="arduino:bossac@1.9.1-arduino5"
time="2025-08-24T13:53:22-07:00" level=info msg="Tool required for debug" tool="arduino:dfu-util@0.11.0-arduino5"
time="2025-08-24T13:53:22-07:00" level=info msg="Tool required for debug" tool="esp32:esp-rv32@2411"
time="2025-08-24T13:53:22-07:00" level=info msg="Tool required for debug" tool="esp32:esp-x32@2411"
time="2025-08-24T13:53:22-07:00" level=info msg="Tool required for debug" tool="esp32:esp32-arduino-libs@idf-release_v5.5-b66b5448-v1"
time="2025-08-24T13:53:22-07:00" level=info msg="Tool required for debug" tool="esp32:esptool_py@5.0.0"
time="2025-08-24T13:53:22-07:00" level=info msg="Tool required for debug" tool="esp32:mklittlefs@3.0.0-gnu12-dc7f933"
time="2025-08-24T13:53:22-07:00" level=info msg="Tool required for debug" tool="esp32:mkspiffs@0.2.3"
time="2025-08-24T13:53:22-07:00" level=info msg="Tool required for debug" tool="esp32:openocd-esp32@v0.12.0-esp32-20250422"
time="2025-08-24T13:53:22-07:00" level=info msg="Tool required for debug" tool="esp32:riscv32-esp-elf-gdb@16.2_20250324"
time="2025-08-24T13:53:22-07:00" level=info msg="Tool required for debug" tool="esp32:xtensa-esp-elf-gdb@16.2_20250324"
time="2025-08-24T13:53:22-07:00" level=info msg="Tool required for debug" tool="builtin:mdns-discovery@1.0.9"
time="2025-08-24T13:53:22-07:00" level=info msg="Tool required for debug" tool="builtin:serial-monitor@0.15.0"
time="2025-08-24T13:53:22-07:00" level=info msg="Tool required for debug" tool="arduino:arm-none-eabi-gcc@7-2017q4"
time="2025-08-24T13:53:22-07:00" level=info msg="Tool required for debug" tool="builtin:ctags@5.8-arduino11"
time="2025-08-24T13:53:22-07:00" level=info msg="Tool required for debug" tool="builtin:dfu-discovery@0.1.2"
time="2025-08-24T13:53:22-07:00" level=info msg="Tool required for debug" tool="arduino:avr-gcc@7.3.0-atmel3.6.1-arduino7"
time="2025-08-24T13:53:22-07:00" level=info msg="Tool required for debug" tool="builtin:serial-discovery@1.4.1"
time="2025-08-24T13:53:22-07:00" level=info msg="Tool required for debug" tool="arduino:arduinoOTA@1.3.0"
time="2025-08-24T13:53:22-07:00" level=info msg="Tool required for debug" tool="arduino:bossac@1.9.1-arduino5"
time="2025-08-24T13:53:22-07:00" level=info msg="Tool required for debug" tool="arduino:openocd@0.11.0-arduino2"
time="2025-08-24T13:53:22-07:00" level=info msg="Tool required for debug" tool="arduino:avrdude@6.3.0-arduino17"
time="2025-08-24T13:53:22-07:00" level=info msg="Tool required for debug" tool="arduino:dfu-util@0.11.0-arduino5"
time="2025-08-24T13:53:22-07:00" level=info msg="Tool required for debug" tool="esp32:esp-rv32@2411"
time="2025-08-24T13:53:22-07:00" level=info msg="Tool required for debug" tool="esp32:esp-x32@2411"
time="2025-08-24T13:53:22-07:00" level=info msg="Tool required for debug" tool="esp32:esp32-arduino-libs@idf-release_v5.5-b66b5448-v1"
time="2025-08-24T13:53:22-07:00" level=info msg="Tool required for debug" tool="esp32:esptool_py@5.0.0"
time="2025-08-24T13:53:22-07:00" level=info msg="Tool required for debug" tool="esp32:mklittlefs@3.0.0-gnu12-dc7f933"
time="2025-08-24T13:53:22-07:00" level=info msg="Tool required for debug" tool="esp32:mkspiffs@0.2.3"
time="2025-08-24T13:53:22-07:00" level=info msg="Tool required for debug" tool="esp32:openocd-esp32@v0.12.0-esp32-20250422"
time="2025-08-24T13:53:22-07:00" level=info msg="Tool required for debug" tool="esp32:riscv32-esp-elf-gdb@16.2_20250324"
time="2025-08-24T13:53:22-07:00" level=info msg="Tool required for debug" tool="esp32:xtensa-esp-elf-gdb@16.2_20250324"
time="2025-08-24T13:53:22-07:00" level=info msg="Tool required for debug" tool="arduino:arm-none-eabi-gcc@7-2017q4"
time="2025-08-24T13:53:22-07:00" level=info msg="Tool required for debug" tool="arduino:avrdude@6.3.0-arduino17"
time="2025-08-24T13:53:22-07:00" level=info msg="Tool required for debug" tool="arduino:arduinoOTA@1.3.0"
time="2025-08-24T13:53:22-07:00" level=info msg="Tool required for debug" tool="builtin:serial-monitor@0.15.0"
time="2025-08-24T13:53:22-07:00" level=info msg="Tool required for debug" tool="builtin:ctags@5.8-arduino11"
time="2025-08-24T13:53:22-07:00" level=info msg="Tool required for debug" tool="builtin:mdns-discovery@1.0.9"
time="2025-08-24T13:53:22-07:00" level=info msg="Tool required for debug" tool="arduino:avr-gcc@7.3.0-atmel3.6.1-arduino7"
time="2025-08-24T13:53:22-07:00" level=info msg="Tool required for debug" tool="builtin:dfu-discovery@0.1.2"
time="2025-08-24T13:53:22-07:00" level=info msg="Tool required for debug" tool="arduino:openocd@0.11.0-arduino2"
time="2025-08-24T13:53:22-07:00" level=info msg="Tool required for debug" tool="builtin:serial-discovery@1.4.1"
time="2025-08-24T13:53:22-07:00" level=info msg="Tool required for debug" tool="arduino:bossac@1.9.1-arduino5"
2025-08-24 13:53:22 2025-08-24T20:53:22.011Z daemon INFO time="2025-08-24T13:53:22-07:00" level=info msg="Tool required for debug" tool="arduino:dfu-util@0.11.0-arduino5"
time="2025-08-24T13:53:22-07:00" level=info msg="Tool required for debug" tool="esp32:esp-rv32@2411"
time="2025-08-24T13:53:22-07:00" level=info msg="Tool required for debug" tool="esp32:esp-x32@2411"
time="2025-08-24T13:53:22-07:00" level=info msg="Tool required for debug" tool="esp32:esp32-arduino-libs@idf-release_v5.5-b66b5448-v1"
time="2025-08-24T13:53:22-07:00" level=info msg="Tool required for debug" tool="esp32:esptool_py@5.0.0"
2025-08-24 13:53:22 2025-08-24T20:53:22.011Z daemon INFO time="2025-08-24T13:53:22-07:00" level=info msg="Tool required for debug" tool="esp32:mklittlefs@3.0.0-gnu12-dc7f933"
time="2025-08-24T13:53:22-07:00" level=info msg="Tool required for debug" tool="esp32:mkspiffs@0.2.3"
2025-08-24 13:53:22 2025-08-24T20:53:22.011Z daemon INFO time="2025-08-24T13:53:22-07:00" level=info msg="Tool required for debug" tool="esp32:openocd-esp32@v0.12.0-esp32-20250422"
time="2025-08-24T13:53:22-07:00" level=info msg="Tool required for debug" tool="esp32:riscv32-esp-elf-gdb@16.2_20250324"
2025-08-24 13:53:22 2025-08-24T20:53:22.012Z daemon INFO time="2025-08-24T13:53:22-07:00" level=info msg="Tool required for debug" tool="esp32:xtensa-esp-elf-gdb@16.2_20250324"
time="2025-08-24T13:53:22-07:00" level=info msg="Tool required for debug" tool="arduino:bossac@1.9.1-arduino5"
time="2025-08-24T13:53:22-07:00" level=info msg="Tool required for debug" tool="arduino:openocd@0.11.0-arduino2"
time="2025-08-24T13:53:22-07:00" level=info msg="Tool required for debug" tool="builtin:dfu-discovery@0.1.2"
time="2025-08-24T13:53:22-07:00" level=info msg="Tool required for debug" tool="builtin:serial-discovery@1.4.1"
2025-08-24 13:53:22 2025-08-24T20:53:22.012Z daemon INFO time="2025-08-24T13:53:22-07:00" level=info msg="Tool required for debug" tool="arduino:arm-none-eabi-gcc@7-2017q4"
time="2025-08-24T13:53:22-07:00" level=info msg="Tool required for debug" tool="arduino:avrdude@6.3.0-arduino17"
2025-08-24 13:53:22 2025-08-24T20:53:22.012Z daemon INFO time="2025-08-24T13:53:22-07:00" level=info msg="Tool required for debug" tool="arduino:arduinoOTA@1.3.0"
time="2025-08-24T13:53:22-07:00" level=info msg="Tool required for debug" tool="builtin:mdns-discovery@1.0.9"
2025-08-24 13:53:22 2025-08-24T20:53:22.012Z daemon INFO time="2025-08-24T13:53:22-07:00" level=info msg="Tool required for debug" tool="builtin:ctags@5.8-arduino11"
2025-08-24 13:53:22 2025-08-24T20:53:22.012Z daemon INFO time="2025-08-24T13:53:22-07:00" level=info msg="Tool required for debug" tool="arduino:avr-gcc@7.3.0-atmel3.6.1-arduino7"
time="2025-08-24T13:53:22-07:00" level=info msg="Tool required for debug" tool="builtin:serial-monitor@0.15.0"
2025-08-24 13:53:22 2025-08-24T20:53:22.017Z daemon INFO time="2025-08-24T13:53:22-07:00" level=info msg="Tool required for debug" tool="arduino:dfu-util@0.11.0-arduino5"
time="2025-08-24T13:53:22-07:00" level=info msg="Tool required for debug" tool="esp32:esp-rv32@2411"
time="2025-08-24T13:53:22-07:00" level=info msg="Tool required for debug" tool="esp32:esp-x32@2411"
2025-08-24 13:53:22 2025-08-24T20:53:22.017Z daemon INFO time="2025-08-24T13:53:22-07:00" level=info msg="Tool required for debug" tool="esp32:esp32-arduino-libs@idf-release_v5.5-b66b5448-v1"
time="2025-08-24T13:53:22-07:00" level=info msg="Tool required for debug" tool="esp32:esptool_py@5.0.0"
time="2025-08-24T13:53:22-07:00" level=info msg="Tool required for debug" tool="esp32:mklittlefs@3.0.0-gnu12-dc7f933"
2025-08-24 13:53:22 2025-08-24T20:53:22.018Z daemon INFO time="2025-08-24T13:53:22-07:00" level=info msg="Tool required for debug" tool="esp32:mkspiffs@0.2.3"
time="2025-08-24T13:53:22-07:00" level=info msg="Tool required for debug" tool="esp32:openocd-esp32@v0.12.0-esp32-20250422"
time="2025-08-24T13:53:22-07:00" level=info msg="Tool required for debug" tool="esp32:riscv32-esp-elf-gdb@16.2_20250324"
2025-08-24 13:53:22 2025-08-24T20:53:22.018Z daemon INFO time="2025-08-24T13:53:22-07:00" level=info msg="Tool required for debug" tool="esp32:xtensa-esp-elf-gdb@16.2_20250324"
time="2025-08-24T13:53:22-07:00" level=info msg="Tool required for debug" tool="builtin:dfu-discovery@0.1.2"
2025-08-24 13:53:22 2025-08-24T20:53:22.018Z daemon INFO time="2025-08-24T13:53:22-07:00" level=info msg="Tool required for debug" tool="arduino:arduinoOTA@1.3.0"
time="2025-08-24T13:53:22-07:00" level=info msg="Tool required for debug" tool="builtin:ctags@5.8-arduino11"
time="2025-08-24T13:53:22-07:00" level=info msg="Tool required for debug" tool="arduino:avr-gcc@7.3.0-atmel3.6.1-arduino7"
time="2025-08-24T13:53:22-07:00" level=info msg="Tool required for debug" tool="arduino:bossac@1.9.1-arduino5"
2025-08-24 13:53:22 2025-08-24T20:53:22.018Z daemon INFO time="2025-08-24T13:53:22-07:00" level=info msg="Tool required for debug" tool="builtin:serial-monitor@0.15.0"
2025-08-24 13:53:22 2025-08-24T20:53:22.018Z daemon INFO time="2025-08-24T13:53:22-07:00" level=info msg="Tool required for debug" tool="arduino:openocd@0.11.0-arduino2"
time="2025-08-24T13:53:22-07:00" level=info msg="Tool required for debug" tool="builtin:serial-discovery@1.4.1"
time="2025-08-24T13:53:22-07:00" level=info msg="Tool required for debug" tool="arduino:arm-none-eabi-gcc@7-2017q4"
time="2025-08-24T13:53:22-07:00" level=info msg="Tool required for debug" tool="arduino:avrdude@6.3.0-arduino17"
time="2025-08-24T13:53:22-07:00" level=info msg="Tool required for debug" tool="builtin:mdns-discovery@1.0.9"
2025-08-24 13:53:22 2025-08-24T20:53:22.018Z daemon INFO time="2025-08-24T13:53:22-07:00" level=info msg="Tool required for debug" tool="arduino:dfu-util@0.11.0-arduino5"
2025-08-24 13:53:22 2025-08-24T20:53:22.018Z daemon INFO time="2025-08-24T13:53:22-07:00" level=info msg="Tool required for debug" tool="esp32:esp-rv32@2411"
time="2025-08-24T13:53:22-07:00" level=info msg="Tool required for debug" tool="esp32:esp-x32@2411"
2025-08-24 13:53:22 2025-08-24T20:53:22.019Z daemon INFO time="2025-08-24T13:53:22-07:00" level=info msg="Tool required for debug" tool="esp32:esp32-arduino-libs@idf-release_v5.5-b66b5448-v1"
time="2025-08-24T13:53:22-07:00" level=info msg="Tool required for debug" tool="esp32:esptool_py@5.0.0"
time="2025-08-24T13:53:22-07:00" level=info msg="Tool required for debug" tool="esp32:mklittlefs@3.0.0-gnu12-dc7f933"
time="2025-08-24T13:53:22-07:00" level=info msg="Tool required for debug" tool="esp32:mkspiffs@0.2.3"
time="2025-08-24T13:53:22-07:00" level=info msg="Tool required for debug" tool="esp32:openocd-esp32@v0.12.0-esp32-20250422"
time="2025-08-24T13:53:22-07:00" level=info msg="Tool required for debug" tool="esp32:riscv32-esp-elf-gdb@16.2_20250324"
2025-08-24 13:53:22 2025-08-24T20:53:22.019Z daemon INFO time="2025-08-24T13:53:22-07:00" level=info msg="Tool required for debug" tool="esp32:xtensa-esp-elf-gdb@16.2_20250324"
time="2025-08-24T13:53:22-07:00" level=info msg="Tool required for debug" tool="arduino:avrdude@6.3.0-arduino17"
time="2025-08-24T13:53:22-07:00" level=info msg="Tool required for debug" tool="builtin:dfu-discovery@0.1.2"
2025-08-24 13:53:22 2025-08-24T20:53:22.019Z daemon INFO time="2025-08-24T13:53:22-07:00" level=info msg="Tool required for debug" tool="arduino:arduinoOTA@1.3.0"
2025-08-24 13:53:22 2025-08-24T20:53:22.019Z daemon INFO time="2025-08-24T13:53:22-07:00" level=info msg="Tool required for debug" tool="builtin:ctags@5.8-arduino11"
2025-08-24 13:53:22 2025-08-24T20:53:22.019Z daemon INFO time="2025-08-24T13:53:22-07:00" level=info msg="Tool required for debug" tool="arduino:arm-none-eabi-gcc@7-2017q4"
2025-08-24 13:53:22 2025-08-24T20:53:22.019Z daemon INFO time="2025-08-24T13:53:22-07:00" level=info msg="Tool required for debug" tool="arduino:openocd@0.11.0-arduino2"
time="2025-08-24T13:53:22-07:00" level=info msg="Tool required for debug" tool="builtin:serial-discovery@1.4.1"
time="2025-08-24T13:53:22-07:00" level=info msg="Tool required for debug" tool="builtin:serial-monitor@0.15.0"
time="2025-08-24T13:53:22-07:00" level=info msg="Tool required for debug" tool="arduino:avr-gcc@7.3.0-atmel3.6.1-arduino7"
time="2025-08-24T13:53:22-07:00" level=info msg="Tool required for debug" tool="arduino:bossac@1.9.1-arduino5"
2025-08-24 13:53:22 2025-08-24T20:53:22.019Z daemon INFO time="2025-08-24T13:53:22-07:00" level=info msg="Tool required for debug" tool="builtin:mdns-discovery@1.0.9"
2025-08-24 13:53:22 2025-08-24T20:53:22.029Z daemon INFO time="2025-08-24T13:53:22-07:00" level=info msg="Tool required for debug" tool="arduino:dfu-util@0.11.0-arduino5"
2025-08-24 13:53:22 2025-08-24T20:53:22.030Z daemon INFO time="2025-08-24T13:53:22-07:00" level=info msg="Tool required for debug" tool="esp32:esp-rv32@2411"
time="2025-08-24T13:53:22-07:00" level=info msg="Tool required for debug" tool="esp32:esp-x32@2411"
2025-08-24 13:53:22 2025-08-24T20:53:22.031Z daemon INFO time="2025-08-24T13:53:22-07:00" level=info msg="Tool required for debug" tool="esp32:esp32-arduino-libs@idf-release_v5.5-b66b5448-v1"
time="2025-08-24T13:53:22-07:00" level=info msg="Tool required for debug" tool="esp32:esptool_py@5.0.0"
time="2025-08-24T13:53:22-07:00" level=info msg="Tool required for debug" tool="esp32:mklittlefs@3.0.0-gnu12-dc7f933"
time="2025-08-24T13:53:22-07:00" level=info msg="Tool required for debug" tool="esp32:mkspiffs@0.2.3"
time="2025-08-24T13:53:22-07:00" level=info msg="Tool required for debug" tool="esp32:openocd-esp32@v0.12.0-esp32-20250422"
time="2025-08-24T13:53:22-07:00" level=info msg="Tool required for debug" tool="esp32:riscv32-esp-elf-gdb@16.2_20250324"
time="2025-08-24T13:53:22-07:00" level=info msg="Tool required for debug" tool="esp32:xtensa-esp-elf-gdb@16.2_20250324"
time="2025-08-24T13:53:22-07:00" level=info msg="Tool required for debug" tool="builtin:serial-discovery@1.4.1"
time="2025-08-24T13:53:22-07:00" level=info msg="Tool required for debug" tool="arduino:avrdude@6.3.0-arduino17"
time="2025-08-24T13:53:22-07:00" level=info msg="Tool required for debug" tool="arduino:arduinoOTA@1.3.0"
time="2025-08-24T13:53:22-07:00" level=info msg="Tool required for debug" tool="arduino:avr-gcc@7.3.0-atmel3.6.1-arduino7"
time="2025-08-24T13:53:22-07:00" level=info msg="Tool required for debug" tool="arduino:bossac@1.9.1-arduino5"
time="2025-08-24T13:53:22-07:00" level=info msg="Tool required for debug" tool="builtin:dfu-discovery@0.1.2"
time="2025-08-24T13:53:22-07:00" level=info msg="Tool required for debug" tool="arduino:arm-none-eabi-gcc@7-2017q4"
time="2025-08-24T13:53:22-07:00" level=info msg="Tool required for debug" tool="builtin:serial-monitor@0.15.0"
time="2025-08-24T13:53:22-07:00" level=info msg="Tool required for debug" tool="builtin:mdns-discovery@1.0.9"
time="2025-08-24T13:53:22-07:00" level=info msg="Tool required for debug" tool="builtin:ctags@5.8-arduino11"
time="2025-08-24T13:53:22-07:00" level=info msg="Tool required for debug" tool="arduino:openocd@0.11.0-arduino2"
2025-08-24 13:53:22 2025-08-24T20:53:22.033Z daemon INFO time="2025-08-24T13:53:22-07:00" level=info msg="Tool required for debug" tool="arduino:dfu-util@0.11.0-arduino5"
time="2025-08-24T13:53:22-07:00" level=info msg="Tool required for debug" tool="esp32:esp-rv32@2411"
time="2025-08-24T13:53:22-07:00" level=info msg="Tool required for debug" tool="esp32:esp-x32@2411"
time="2025-08-24T13:53:22-07:00" level=info msg="Tool required for debug" tool="esp32:esp32-arduino-libs@idf-release_v5.5-b66b5448-v1"
time="2025-08-24T13:53:22-07:00" level=info msg="Tool required for debug" tool="esp32:esptool_py@5.0.0"
time="2025-08-24T13:53:22-07:00" level=info msg="Tool required for debug" tool="esp32:mklittlefs@3.0.0-gnu12-dc7f933"
time="2025-08-24T13:53:22-07:00" level=info msg="Tool required for debug" tool="esp32:mkspiffs@0.2.3"
time="2025-08-24T13:53:22-07:00" level=info msg="Tool required for debug" tool="esp32:openocd-esp32@v0.12.0-esp32-20250422"
2025-08-24 13:53:22 2025-08-24T20:53:22.034Z daemon INFO time="2025-08-24T13:53:22-07:00" level=info msg="Tool required for debug" tool="esp32:riscv32-esp-elf-gdb@16.2_20250324"
time="2025-08-24T13:53:22-07:00" level=info msg="Tool required for debug" tool="esp32:xtensa-esp-elf-gdb@16.2_20250324"
time="2025-08-24T13:53:22-07:00" level=info msg="Tool required for debug" tool="arduino:arduinoOTA@1.3.0"
time="2025-08-24T13:53:22-07:00" level=info msg="Tool required for debug" tool="builtin:mdns-discovery@1.0.9"
time="2025-08-24T13:53:22-07:00" level=info msg="Tool required for debug" tool="builtin:dfu-discovery@0.1.2"
time="2025-08-24T13:53:22-07:00" level=info msg="Tool required for debug" tool="arduino:bossac@1.9.1-arduino5"
time="2025-08-24T13:53:22-07:00" level=info msg="Tool required for debug" tool="arduino:arm-none-eabi-gcc@7-2017q4"
time="2025-08-24T13:53:22-07:00" level=info msg="Tool required for debug" tool="arduino:avrdude@6.3.0-arduino17"
time="2025-08-24T13:53:22-07:00" level=info msg="Tool required for debug" tool="arduino:openocd@0.11.0-arduino2"
time="2025-08-24T13:53:22-07:00" level=info msg="Tool required for debug" tool="builtin:ctags@5.8-arduino11"
time="2025-08-24T13:53:22-07:00" level=info msg="Tool required for debug" tool="builtin:serial-discovery@1.4.1"
time="2025-08-24T13:53:22-07:00" level=info msg="Tool required for debug" tool="arduino:avr-gcc@7.3.0-atmel3.6.1-arduino7"
time="2025-08-24T13:53:22-07:00" level=info msg="Tool required for debug" tool="builtin:serial-monitor@0.15.0"
2025-08-24 13:53:22 2025-08-24T20:53:22.037Z daemon INFO time="2025-08-24T13:53:22-07:00" level=info msg="Tool required for debug" tool="arduino:dfu-util@0.11.0-arduino5"
2025-08-24 13:53:22 2025-08-24T20:53:22.037Z daemon INFO time="2025-08-24T13:53:22-07:00" level=info msg="Tool required for debug" tool="esp32:esp-rv32@2411"
time="2025-08-24T13:53:22-07:00" level=info msg="Tool required for debug" tool="esp32:esp-x32@2411"
time="2025-08-24T13:53:22-07:00" level=info msg="Tool required for debug" tool="esp32:esp32-arduino-libs@idf-release_v5.5-b66b5448-v1"
time="2025-08-24T13:53:22-07:00" level=info msg="Tool required for debug" tool="esp32:esptool_py@5.0.0"
time="2025-08-24T13:53:22-07:00" level=info msg="Tool required for debug" tool="esp32:mklittlefs@3.0.0-gnu12-dc7f933"
time="2025-08-24T13:53:22-07:00" level=info msg="Tool required for debug" tool="esp32:mkspiffs@0.2.3"
time="2025-08-24T13:53:22-07:00" level=info msg="Tool required for debug" tool="esp32:openocd-esp32@v0.12.0-esp32-20250422"
2025-08-24 13:53:22 2025-08-24T20:53:22.037Z daemon INFO time="2025-08-24T13:53:22-07:00" level=info msg="Tool required for debug" tool="esp32:riscv32-esp-elf-gdb@16.2_20250324"
time="2025-08-24T13:53:22-07:00" level=info msg="Tool required for debug" tool="esp32:xtensa-esp-elf-gdb@16.2_20250324"
time="2025-08-24T13:53:22-07:00" level=info msg="Tool required for debug" tool="arduino:bossac@1.9.1-arduino5"
time="2025-08-24T13:53:22-07:00" level=info msg="Tool required for debug" tool="arduino:arduinoOTA@1.3.0"
time="2025-08-24T13:53:22-07:00" level=info msg="Tool required for debug" tool="builtin:serial-discovery@1.4.1"
time="2025-08-24T13:53:22-07:00" level=info msg="Tool required for debug" tool="arduino:avrdude@6.3.0-arduino17"
time="2025-08-24T13:53:22-07:00" level=info msg="Tool required for debug" tool="builtin:dfu-discovery@0.1.2"
time="2025-08-24T13:53:22-07:00" level=info msg="Tool required for debug" tool="builtin:serial-monitor@0.15.0"
time="2025-08-24T13:53:22-07:00" level=info msg="Tool required for debug" tool="arduino:avr-gcc@7.3.0-atmel3.6.1-arduino7"
time="2025-08-24T13:53:22-07:00" level=info msg="Tool required for debug" tool="arduino:openocd@0.11.0-arduino2"
time="2025-08-24T13:53:22-07:00" level=info msg="Tool required for debug" tool="builtin:mdns-discovery@1.0.9"
time="2025-08-24T13:53:22-07:00" level=info msg="Tool required for debug" tool="arduino:arm-none-eabi-gcc@7-2017q4"
time="2025-08-24T13:53:22-07:00" level=info msg="Tool required for debug" tool="builtin:ctags@5.8-arduino11"
2025-08-24 13:53:22 2025-08-24T20:53:22.040Z daemon INFO time="2025-08-24T13:53:22-07:00" level=info msg="Tool required for debug" tool="arduino:dfu-util@0.11.0-arduino5"
time="2025-08-24T13:53:22-07:00" level=info msg="Tool required for debug" tool="esp32:esp-rv32@2411"
time="2025-08-24T13:53:22-07:00" level=info msg="Tool required for debug" tool="esp32:esp-x32@2411"
time="2025-08-24T13:53:22-07:00" level=info msg="Tool required for debug" tool="esp32:esp32-arduino-libs@idf-release_v5.5-b66b5448-v1"
time="2025-08-24T13:53:22-07:00" level=info msg="Tool required for debug" tool="esp32:esptool_py@5.0.0"
time="2025-08-24T13:53:22-07:00" level=info msg="Tool required for debug" tool="esp32:mklittlefs@3.0.0-gnu12-dc7f933"
time="2025-08-24T13:53:22-07:00" level=info msg="Tool required for debug" tool="esp32:mkspiffs@0.2.3"
time="2025-08-24T13:53:22-07:00" level=info msg="Tool required for debug" tool="esp32:openocd-esp32@v0.12.0-esp32-20250422"
time="2025-08-24T13:53:22-07:00" level=info msg="Tool required for debug" tool="esp32:riscv32-esp-elf-gdb@16.2_20250324"
time="2025-08-24T13:53:22-07:00" level=info msg="Tool required for debug" tool="esp32:xtensa-esp-elf-gdb@16.2_20250324"
time="2025-08-24T13:53:22-07:00" level=info msg="Tool required for debug" tool="arduino:avrdude@6.3.0-arduino17"
time="2025-08-24T13:53:22-07:00" level=info msg="Tool required for debug" tool="builtin:serial-monitor@0.15.0"
time="2025-08-24T13:53:22-07:00" level=info msg="Tool required for debug" tool="builtin:ctags@5.8-arduino11"
time="2025-08-24T13:53:22-07:00" level=info msg="Tool required for debug" tool="builtin:dfu-discovery@0.1.2"
2025-08-24 13:53:22 2025-08-24T20:53:22.040Z daemon INFO time="2025-08-24T13:53:22-07:00" level=info msg="Tool required for debug" tool="arduino:arm-none-eabi-gcc@7-2017q4"
time="2025-08-24T13:53:22-07:00" level=info msg="Tool required for debug" tool="arduino:arduinoOTA@1.3.0"
2025-08-24 13:53:22 2025-08-24T20:53:22.040Z daemon INFO time="2025-08-24T13:53:22-07:00" level=info msg="Tool required for debug" tool="builtin:mdns-discovery@1.0.9"
time="2025-08-24T13:53:22-07:00" level=info msg="Tool required for debug" tool="builtin:serial-discovery@1.4.1"
2025-08-24 13:53:22 2025-08-24T20:53:22.040Z daemon INFO time="2025-08-24T13:53:22-07:00" level=info msg="Tool required for debug" tool="arduino:avr-gcc@7.3.0-atmel3.6.1-arduino7"
time="2025-08-24T13:53:22-07:00" level=info msg="Tool required for debug" tool="arduino:bossac@1.9.1-arduino5"
time="2025-08-24T13:53:22-07:00" level=info msg="Tool required for debug" tool="arduino:openocd@0.11.0-arduino2"
2025-08-24 13:53:22 2025-08-24T20:53:22.040Z daemon INFO time="2025-08-24T13:53:22-07:00" level=info msg="Tool required for debug" tool="arduino:dfu-util@0.11.0-arduino5"
time="2025-08-24T13:53:22-07:00" level=info msg="Tool required for debug" tool="esp32:esp-rv32@2411"
time="2025-08-24T13:53:22-07:00" level=info msg="Tool required for debug" tool="esp32:esp-x32@2411"
2025-08-24 13:53:22 2025-08-24T20:53:22.040Z daemon INFO time="2025-08-24T13:53:22-07:00" level=info msg="Tool required for debug" tool="esp32:esp32-arduino-libs@idf-release_v5.5-b66b5448-v1"
time="2025-08-24T13:53:22-07:00" level=info msg="Tool required for debug" tool="esp32:esptool_py@5.0.0"
time="2025-08-24T13:53:22-07:00" level=info msg="Tool required for debug" tool="esp32:mklittlefs@3.0.0-gnu12-dc7f933"
time="2025-08-24T13:53:22-07:00" level=info msg="Tool required for debug" tool="esp32:mkspiffs@0.2.3"
2025-08-24 13:53:22 2025-08-24T20:53:22.040Z daemon INFO time="2025-08-24T13:53:22-07:00" level=info msg="Tool required for debug" tool="esp32:openocd-esp32@v0.12.0-esp32-20250422"
time="2025-08-24T13:53:22-07:00" level=info msg="Tool required for debug" tool="esp32:riscv32-esp-elf-gdb@16.2_20250324"
time="2025-08-24T13:53:22-07:00" level=info msg="Tool required for debug" tool="esp32:xtensa-esp-elf-gdb@16.2_20250324"
time="2025-08-24T13:53:22-07:00" level=info msg="Tool required for debug" tool="arduino:avr-gcc@7.3.0-atmel3.6.1-arduino7"
time="2025-08-24T13:53:22-07:00" level=info msg="Tool required for debug" tool="arduino:bossac@1.9.1-arduino5"
time="2025-08-24T13:53:22-07:00" level=info msg="Tool required for debug" tool="builtin:mdns-discovery@1.0.9"
time="2025-08-24T13:53:22-07:00" level=info msg="Tool required for debug" tool="arduino:arm-none-eabi-gcc@7-2017q4"
time="2025-08-24T13:53:22-07:00" level=info msg="Tool required for debug" tool="arduino:openocd@0.11.0-arduino2"
time="2025-08-24T13:53:22-07:00" level=info msg="Tool required for debug" tool="builtin:ctags@5.8-arduino11"
time="2025-08-24T13:53:22-07:00" level=info msg="Tool required for debug" tool="builtin:dfu-discovery@0.1.2"
time="2025-08-24T13:53:22-07:00" level=info msg="Tool required for debug" tool="builtin:serial-discovery@1.4.1"
time="2025-08-24T13:53:22-07:00" level=info msg="Tool required for debug" tool="arduino:avrdude@6.3.0-arduino17"
2025-08-24 13:53:22 2025-08-24T20:53:22.040Z daemon INFO time="2025-08-24T13:53:22-07:00" level=info msg="Tool required for debug" tool="arduino:arduinoOTA@1.3.0"
time="2025-08-24T13:53:22-07:00" level=info msg="Tool required for debug" tool="builtin:serial-monitor@0.15.0"
2025-08-24 13:53:22 2025-08-24T20:53:22.043Z daemon INFO time="2025-08-24T13:53:22-07:00" level=info msg="Tool required for debug" tool="arduino:dfu-util@0.11.0-arduino5"
time="2025-08-24T13:53:22-07:00" level=info msg="Tool required for debug" tool="esp32:esp-rv32@2411"
time="2025-08-24T13:53:22-07:00" level=info msg="Tool required for debug" tool="esp32:esp-x32@2411"
time="2025-08-24T13:53:22-07:00" level=info msg="Tool required for debug" tool="esp32:esp32-arduino-libs@idf-release_v5.5-b66b5448-v1"
time="2025-08-24T13:53:22-07:00" level=info msg="Tool required for debug" tool="esp32:esptool_py@5.0.0"
time="2025-08-24T13:53:22-07:00" level=info msg="Tool required for debug" tool="esp32:mklittlefs@3.0.0-gnu12-dc7f933"
time="2025-08-24T13:53:22-07:00" level=info msg="Tool required for debug" tool="esp32:mkspiffs@0.2.3"
time="2025-08-24T13:53:22-07:00" level=info msg="Tool required for debug" tool="esp32:openocd-esp32@v0.12.0-esp32-20250422"
time="2025-08-24T13:53:22-07:00" level=info msg="Tool required for debug" tool="esp32:riscv32-esp-elf-gdb@16.2_20250324"
time="2025-08-24T13:53:22-07:00" level=info msg="Tool required for debug" tool="esp32:xtensa-esp-elf-gdb@16.2_20250324"
2025-08-24 13:53:22 2025-08-24T20:53:22.043Z daemon INFO time="2025-08-24T13:53:22-07:00" level=info msg="Tool required for debug" tool="arduino:openocd@0.11.0-arduino2"
time="2025-08-24T13:53:22-07:00" level=info msg="Tool required for debug" tool="arduino:avr-gcc@7.3.0-atmel3.6.1-arduino7"
time="2025-08-24T13:53:22-07:00" level=info msg="Tool required for debug" tool="arduino:bossac@1.9.1-arduino5"
time="2025-08-24T13:53:22-07:00" level=info msg="Tool required for debug" tool="arduino:arm-none-eabi-gcc@7-2017q4"
time="2025-08-24T13:53:22-07:00" level=info msg="Tool required for debug" tool="arduino:avrdude@6.3.0-arduino17"
time="2025-08-24T13:53:22-07:00" level=info msg="Tool required for debug" tool="builtin:serial-discovery@1.4.1"
time="2025-08-24T13:53:22-07:00" level=info msg="Tool required for debug" tool="arduino:arduinoOTA@1.3.0"
time="2025-08-24T13:53:22-07:00" level=info msg="Tool required for debug" tool="builtin:dfu-discovery@0.1.2"
time="2025-08-24T13:53:22-07:00" level=info msg="Tool required for debug" tool="builtin:mdns-discovery@1.0.9"
time="2025-08-24T13:53:22-07:00" level=info msg="Tool required for debug" tool="builtin:ctags@5.8-arduino11"
time="2025-08-24T13:53:22-07:00" level=info msg="Tool required for debug" tool="builtin:serial-monitor@0.15.0"
2025-08-24 13:53:22 2025-08-24T20:53:22.237Z daemon INFO time="2025-08-24T13:53:22-07:00" level=info msg="Tool required for debug" tool="arduino:dfu-util@0.11.0-arduino5"
time="2025-08-24T13:53:22-07:00" level=info msg="Tool required for debug" tool="esp32:esp-rv32@2411"
time="2025-08-24T13:53:22-07:00" level=info msg="Tool required for debug" tool="esp32:esp-x32@2411"
time="2025-08-24T13:53:22-07:00" level=info msg="Tool required for debug" tool="esp32:esp32-arduino-libs@idf-release_v5.5-b66b5448-v1"
time="2025-08-24T13:53:22-07:00" level=info msg="Tool required for debug" tool="esp32:esptool_py@5.0.0"
time="2025-08-24T13:53:22-07:00" level=info msg="Tool required for debug" tool="esp32:mklittlefs@3.0.0-gnu12-dc7f933"
time="2025-08-24T13:53:22-07:00" level=info msg="Tool required for debug" tool="esp32:mkspiffs@0.2.3"
time="2025-08-24T13:53:22-07:00" level=info msg="Tool required for debug" tool="esp32:openocd-esp32@v0.12.0-esp32-20250422"
time="2025-08-24T13:53:22-07:00" level=info msg="Tool required for debug" tool="esp32:riscv32-esp-elf-gdb@16.2_20250324"
time="2025-08-24T13:53:22-07:00" level=info msg="Tool required for debug" tool="esp32:xtensa-esp-elf-gdb@16.2_20250324"
time="2025-08-24T13:53:22-07:00" level=info msg="Tool required for debug" tool="builtin:ctags@5.8-arduino11"
time="2025-08-24T13:53:22-07:00" level=info msg="Tool required for debug" tool="arduino:openocd@0.11.0-arduino2"
time="2025-08-24T13:53:22-07:00" level=info msg="Tool required for debug" tool="arduino:arm-none-eabi-gcc@7-2017q4"
time="2025-08-24T13:53:22-07:00" level=info msg="Tool required for debug" tool="builtin:dfu-discovery@0.1.2"
time="2025-08-24T13:53:22-07:00" level=info msg="Tool required for debug" tool="arduino:avr-gcc@7.3.0-atmel3.6.1-arduino7"
time="2025-08-24T13:53:22-07:00" level=info msg="Tool required for debug" tool="arduino:bossac@1.9.1-arduino5"
time="2025-08-24T13:53:22-07:00" level=info msg="Tool required for debug" tool="builtin:mdns-discovery@1.0.9"
time="2025-08-24T13:53:22-07:00" level=info msg="Tool required for debug" tool="builtin:serial-monitor@0.15.0"
time="2025-08-24T13:53:22-07:00" level=info msg="Tool required for debug" tool="arduino:dfu-util@0.11.0-arduino5"
time="2025-08-24T13:53:22-07:00" level=info msg="Tool required for debug" tool="esp32:esp-rv32@2411"
time="2025-08-24T13:53:22-07:00" level=info msg="Tool required for debug" tool="esp32:esp-x32@2411"
time="2025-08-24T13:53:22-07:00" level=info msg="Tool required for debug" tool="esp32:esp32-arduino-libs@idf-release_v5.5-b66b5448-v1"
time="2025-08-24T13:53:22-07:00" level=info msg="Tool required for debug" tool="esp32:esptool_py@5.0.0"
time="2025-08-24T13:53:22-07:00" level=info msg="Tool required for debug" tool="esp32:mklittlefs@3.0.0-gnu12-dc7f933"
time="2025-08-24T13:53:22-07:00" level=info msg="Tool required for debug" tool="builtin:serial-discovery@1.4.1"
time="2025-08-24T13:53:22-07:00" level=info msg="Tool required for debug" tool="arduino:arduinoOTA@1.3.0"
time="2025-08-24T13:53:22-07:00" level=info msg="Tool required for debug" tool="arduino:avrdude@6.3.0-arduino17"
time="2025-08-24T13:53:22-07:00" level=info msg="Tool required for debug" tool="esp32:mkspiffs@0.2.3"
time="2025-08-24T13:53:22-07:00" level=info msg="Tool required for debug" tool="esp32:openocd-esp32@v0.12.0-esp32-20250422"
time="2025-08-24T13:53:22-07:00" level=info msg="Tool required for debug" tool="esp32:riscv32-esp-elf-gdb@16.2_20250324"
time="2025-08-24T13:53:22-07:00" level=info msg="Tool required for debug" tool="esp32:xtensa-esp-elf-gdb@16.2_20250324"
time="2025-08-24T13:53:22-07:00" level=info msg="Tool required for debug" tool="arduino:arduinoOTA@1.3.0"
time="2025-08-24T13:53:22-07:00" level=info msg="Tool required for debug" tool="builtin:mdns-discovery@1.0.9"
time="2025-08-24T13:53:22-07:00" level=info msg="Tool required for debug" tool="arduino:avr-gcc@7.3.0-atmel3.6.1-arduino7"
time="2025-08-24T13:53:22-07:00" level=info msg="Tool required for debug" tool="arduino:arm-none-eabi-gcc@7-2017q4"
time="2025-08-24T13:53:22-07:00" level=info msg="Tool required for debug" tool="arduino:openocd@0.11.0-arduino2"
time="2025-08-24T13:53:22-07:00" level=info msg="Tool required for debug" tool="builtin:serial-monitor@0.15.0"
time="2025-08-24T13:53:22-07:00" level=info msg="Tool required for debug" tool="builtin:dfu-discovery@0.1.2"
time="2025-08-24T13:53:22-07:00" level=info msg="Tool required for debug" tool="builtin:serial-discovery@1.4.1"
time="2025-08-24T13:53:22-07:00" level=info msg="Tool required for debug" tool="arduino:avrdude@6.3.0-arduino17"
time="2025-08-24T13:53:22-07:00" level=info msg="Tool required for debug" tool="arduino:bossac@1.9.1-arduino5"
time="2025-08-24T13:53:22-07:00" level=info msg="Tool required for debug" tool="builtin:ctags@5.8-arduino11"
time="2025-08-24T13:53:22-07:00" level=info msg="Tool required for debug" tool="arduino:dfu-util@0.11.0-arduino5"
time="2025-08-24T13:53:22-07:00" level=info msg="Tool required for debug" tool="esp32:esp-rv32@2411"
time="2025-08-24T13:53:22-07:00" level=info msg="Tool required for debug" tool="esp32:esp-x32@2411"
time="2025-08-24T13:53:22-07:00" level=info msg="Tool required for debug" tool="esp32:esp32-arduino-libs@idf-release_v5.5-b66b5448-v1"
time="2025-08-24T13:53:22-07:00" level=info msg="Tool required for debug" tool="esp32:esptool_py@5.0.0"
time="2025-08-24T13:53:22-07:00" level=info msg="Tool required for debug" tool="esp32:mklittlefs@3.0.0-gnu12-dc7f933"
time="2025-08-24T13:53:22-07:00" level=info msg="Tool required for debug" tool="esp32:mkspiffs@0.2.3"
time="2025-08-24T13:53:22-07:00" level=info msg="Tool required for debug" tool="esp32:openocd-esp32@v0.12.0-esp32-20250422"
time="2025-08-24T13:53:22-07:00" level=info msg="Tool required for debug" tool="esp32:riscv32-esp-elf-gdb@16.2_20250324"
time="2025-08-24T13:53:22-07:00" level=info msg="Tool required for debug" tool="esp32:xtensa-esp-elf-gdb@16.2_20250324"
time="2025-08-24T13:53:22-07:00" level=info msg="Tool required for debug" tool="arduino:bossac@1.9.1-arduino5"
time="2025-08-24T13:53:22-07:00" level=info msg="Tool required for debug" tool="arduino:arm-none-eabi-gcc@7-2017q4"
time="2025-08-24T13:53:22-07:00" level=info msg="Tool required for debug" tool="arduino:avrdude@6.3.0-arduino17"
time="2025-08-24T13:53:22-07:00" level=info msg="Tool required for debug" tool="builtin:mdns-discovery@1.0.9"
time="2025-08-24T13:53:22-07:00" level=info msg="Tool required for debug" tool="arduino:avr-gcc@7.3.0-atmel3.6.1-arduino7"
time="2025-08-24T13:53:22-07:00" level=info msg="Tool required for debug" tool="arduino:arduinoOTA@1.3.0"
time="2025-08-24T13:53:22-07:00" level=info msg="Tool required for debug" tool="builtin:dfu-discovery@0.1.2"
time="2025-08-24T13:53:22-07:00" level=info msg="Tool required for debug" tool="builtin:serial-discovery@1.4.1"
time="2025-08-24T13:53:22-07:00" level=info msg="Tool required for debug" tool="builtin:serial-monitor@0.15.0"
time="2025-08-24T13:53:22-07:00" level=info msg="Tool required for debug" tool="arduino:openocd@0.11.0-arduino2"
time="2025-08-24T13:53:22-07:00" level=info msg="Tool required for debug" tool="builtin:ctags@5.8-arduino11"
time="2025-08-24T13:53:22-07:00" level=info msg="Tool required for debug" tool="arduino:dfu-util@0.11.0-arduino5"
time="2025-08-24T13:53:22-07:00" level=info msg="Tool required for debug" tool="esp32:esp-rv32@2411"
time="2025-08-24T13:53:22-07:00" level=info msg="Tool required for debug" tool="esp32:esp-x32@2411"
time="2025-08-24T13:53:22-07:00" level=info msg="Tool required for debug" tool="esp32:esp32-arduino-libs@idf-release_v5.5-b66b5448-v1"
time="2025-08-24T13:53:22-07:00" level=info msg="Tool required for debug" tool="esp32:esptool_py@5.0.0"
time="2025-08-24T13:53:22-07:00" level=info msg="Tool required for debug" tool="esp32:mklittlefs@3.0.0-gnu12-dc7f933"
time="2025-08-24T13:53:22-07:00" level=info msg="Tool required for debug" tool="esp32:mkspiffs@0.2.3"
time="2025-08-24T13:53:22-07:00" level=info msg="Tool required for debug" tool="esp32:openocd-esp32@v0.12.0-esp32-20250422"
time="2025-08-24T13:53:22-07:00" level=info msg="Tool required for debug" tool="esp32:riscv32-esp-elf-gdb@16.2_20250324"
time="2025-08-24T13:53:22-07:00" level=info msg="Tool required for debug" tool="esp32:xtensa-esp-elf-gdb@16.2_20250324"
time="2025-08-24T13:53:22-07:00" level=info msg="Tool required for debug" tool="arduino:avr-gcc@7.3.0-atmel3.6.1-arduino7"
time="2025-08-24T13:53:22-07:00" level=info msg="Tool required for debug" tool="builtin:ctags@5.8-arduino11"
time="2025-08-24T13:53:22-07:00" level=info msg="Tool required for debug" tool="builtin:dfu-discovery@0.1.2"
time="2025-08-24T13:53:22-07:00" level=info msg="Tool required for debug" tool="builtin:serial-discovery@1.4.1"
time="2025-08-24T13:53:22-07:00" level=info msg="Tool required for debug" tool="arduino:arm-none-eabi-gcc@7-2017q4"
time="2025-08-24T13:53:22-07:00" level=info msg="Tool required for debug" tool="arduino:avrdude@6.3.0-arduino17"
time="2025-08-24T13:53:22-07:00" level=info msg="Tool required for debug" tool="arduino:openocd@0.11.0-arduino2"
time="2025-08-24T13:53:22-07:00" level=info msg="Tool required for debug" tool="arduino:arduinoOTA@1.3.0"
time="2025-08-24T13:53:22-07:00" level=info msg="Tool required for debug" tool="builtin:serial-monitor@0.15.0"
time="2025-08-24T13:53:22-07:00" level=info msg="Tool required for debug" tool="arduino:bossac@1.9.1-arduino5"
time="2025-08-24T13:53:22-07:00" level=info msg="Tool required for debug" tool="builtin:mdns-discovery@1.0.9"
time="2025-08-24T13:53:22-07:00" level=info msg="Tool required for debug" tool="arduino:dfu-util@0.11.0-arduino5"
time="2025-08-24T13:53:22-07:00" level=info msg="Tool required for debug" tool="esp32:esp-rv32@2411"
time="2025-08-24T13:53:22-07:00" level=info msg="Tool required for debug" tool="esp32:esp-x32@2411"
time="2025-08-24T13:53:22-07:00" level=info msg="Tool required for debug" tool="esp32:esp32-arduino-libs@idf-release_v5.5-b66b5448-v1"
time="2025-08-24T13:53:22-07:00" level=info msg="Tool required for debug" tool="esp32:esptool_py@5.0.0"
time="2025-08-24T13:53:22-07:00" level=info msg="Tool required for debug" tool="esp32:mklittlefs@3.0.0-gnu12-dc7f933"
time="2025-08-24T13:53:22-07:00" level=info msg="Tool required for debug" tool="esp32:mkspiffs@0.2.3"
time="2025-08-24T13:53:22-07:00" level=info msg="Tool required for debug" tool="esp32:openocd-esp32@v0.12.0-esp32-20250422"
time="2025-08-24T13:53:22-07:00" level=info msg="Tool required for debug" tool="esp32:riscv32-esp-elf-gdb@16.2_20250324"
time="2025-08-24T13:53:22-07:00" level=info msg="Tool required for debug" tool="esp32:xtensa-esp-elf-gdb@16.2_20250324"
time="2025-08-24T13:53:22-07:00" level=info msg="Tool required for debug" tool="arduino:openocd@0.11.0-arduino2"
time="2025-08-24T13:53:22-07:00" level=info msg="Tool required for debug" tool="arduino:arduinoOTA@1.3.0"
time="2025-08-24T13:53:22-07:00" level=info msg="Tool required for debug" tool="arduino:bossac@1.9.1-arduino5"
time="2025-08-24T13:53:22-07:00" level=info msg="Tool required for debug" tool="builtin:dfu-discovery@0.1.2"
time="2025-08-24T13:53:22-07:00" level=info msg="Tool required for debug" tool="builtin:mdns-discovery@1.0.9"
time="2025-08-24T13:53:22-07:00" level=info msg="Tool required for debug" tool="builtin:serial-monitor@0.15.0"
time="2025-08-24T13:53:22-07:00" level=info msg="Tool required for debug" tool="arduino:arm-none-eabi-gcc@7-2017q4"
time="2025-08-24T13:53:22-07:00" level=info msg="Tool required for debug" tool="arduino:avrdude@6.3.0-arduino17"
time="2025-08-24T13:53:22-07:00" level=info msg="Tool required for debug" tool="arduino:avr-gcc@7.3.0-atmel3.6.1-arduino7"
time="2025-08-24T13:53:22-07:00" level=info msg="Tool required for debug" tool="builtin:serial-discovery@1.4.1"
time="2025-08-24T13:53:22-07:00" level=info msg="Tool required for debug" tool="builtin:ctags@5.8-arduino11"
time="2025-08-24T13:53:22-07:00" level=info msg="Tool required for debug" tool="arduino:dfu-util@0.11.0-arduino5"
time="2025-08-24T13:53:22-07:00" level=info msg="Tool required for debug" tool="esp32:esp-rv32@2411"
time="2025-08-24T13:53:22-07:00" level=info msg="Tool required for debug" tool="esp32:esp-x32@2411"
time="2025-08-24T13:53:22-07:00" level=info msg="Tool required for debug" tool="esp32:esp32-arduino-libs@idf-release_v5.5-b66b5448-v1"
time="2025-08-24T13:53:22-07:00" level=info msg="Tool required for debug" tool="esp32:esptool_py@5.0.0"
time="2025-08-24T13:53:22-07:00" level=info msg="Tool required for debug" tool="esp32:mklittlefs@3.0.0-gnu12-dc7f933"
time="2025-08-24T13:53:22-07:00" level=info msg="Tool required for debug" tool="esp32:mkspiffs@0.2.3"
time="2025-08-24T13:53:22-07:00" level=info msg="Tool required for debug" tool="esp32:openocd-esp32@v0.12.0-esp32-20250422"
time="2025-08-24T13:53:22-07:00" level=info msg="Tool required for debug" tool="esp32:riscv32-esp-elf-gdb@16.2_20250324"
time="2025-08-24T13:53:22-07:00" level=info msg="Tool required for debug" tool="esp32:xtensa-esp-elf-gdb@16.2_20250324"
time="2025-08-24T13:53:22-07:00" level=info msg="Tool required for debug" tool="arduino:bossac@1.9.1-arduino5"
time="2025-08-24T13:53:22-07:00" level=info msg="Tool required for debug" tool="arduino:arm-none-eabi-gcc@7-2017q4"
time="2025-08-24T13:53:22-07:00" level=info msg="Tool required for debug" tool="arduino:avrdude@6.3.0-arduino17"
time="2025-08-24T13:53:22-07:00" level=info msg="Tool required for debug" tool="arduino:openocd@0.11.0-arduino2"
time="2025-08-24T13:53:22-07:00" level=info msg="Tool required for debug" tool="builtin:dfu-discovery@0.1.2"
time="2025-08-24T13:53:22-07:00" level=info msg="Tool required for debug" tool="builtin:serial-discovery@1.4.1"
time="2025-08-24T13:53:22-07:00" level=info msg="Tool required for debug" tool="arduino:avr-gcc@7.3.0-atmel3.6.1-arduino7"
time="2025-08-24T13:53:22-07:00" level=info msg="Tool required for debug" tool="builtin:ctags@5.8-arduino11"
time="2025-08-24T13:53:22-07:00" level=info msg="Tool required for debug" tool="builtin:mdns-discovery@1.0.9"
time="2025-08-24T13:53:22-07:00" level=info msg="Tool required for debug" tool="builtin:serial-monitor@0.15.0"
time="2025-08-24T13:53:22-07:00" level=info msg="Tool required for debug" tool="arduino:arduinoOTA@1.3.0"
time="2025-08-24T13:53:22-07:00" level=info msg="Tool required for debug" tool="arduino:dfu-util@0.11.0-arduino5"
time="2025-08-24T13:53:22-07:00" level=info msg="Tool required for debug" tool="esp32:esp-rv32@2411"
time="2025-08-24T13:53:22-07:00" level=info msg="Tool required for debug" tool="esp32:esp-x32@2411"
time="2025-08-24T13:53:22-07:00" level=info msg="Tool required for debug" tool="esp32:esp32-arduino-libs@idf-release_v5.5-b66b5448-v1"
time="2025-08-24T13:53:22-07:00" level=info msg="Tool required for debug" tool="esp32:esptool_py@5.0.0"
time="2025-08-24T13:53:22-07:00" level=info msg="Tool required for debug" tool="esp32:mklittlefs@3.0.0-gnu12-dc7f933"
time="2025-08-24T13:53:22-07:00" level=info msg="Tool required for debug" tool="esp32:mkspiffs@0.2.3"
time="2025-08-24T13:53:22-07:00" level=info msg="Tool required for debug" tool="esp32:openocd-esp32@v0.12.0-esp32-20250422"
time="2025-08-24T13:53:22-07:00" level=info msg="Tool required for debug" tool="esp32:riscv32-esp-elf-gdb@16.2_20250324"
time="2025-08-24T13:53:22-07:00" level=info msg="Tool required for debug" tool="esp32:xtensa-esp-elf-gdb@16.2_20250324"
time="2025-08-24T13:53:22-07:00" level=info msg="Tool required for debug" tool="builtin:ctags@5.8-arduino11"
time="2025-08-24T13:53:22-07:00" level=info msg="Tool required for debug" tool="builtin:dfu-discovery@0.1.2"
time="2025-08-24T13:53:22-07:00" level=info msg="Tool required for debug" tool="builtin:serial-discovery@1.4.1"
time="2025-08-24T13:53:22-07:00" level=info msg="Tool required for debug" tool="arduino:openocd@0.11.0-arduino2"
time="2025-08-24T13:53:22-07:00" level=info msg="Tool required for debug" tool="arduino:arm-none-eabi-gcc@7-2017q4"
time="2025-08-24T13:53:22-07:00" level=info msg="Tool required for debug" tool="arduino:avr-gcc@7.3.0-atmel3.6.1-arduino7"
time="2025-08-24T13:53:22-07:00" level=info msg="Tool required for debug" tool="arduino:bossac@1.9.1-arduino5"
time="2025-08-24T13:53:22-07:00" level=info msg="Tool required for debug" tool="builtin:mdns-discovery@1.0.9"
time="2025-08-24T13:53:22-07:00" level=info msg="Tool required for debug" tool="builtin:serial-monitor@0.15.0"
time="2025-08-24T13:53:22-07:00" level=info msg="Tool required for debug" tool="arduino:arduinoOTA@1.3.0"
time="2025-08-24T13:53:22-07:00" level=info msg="Tool required for debug" tool="arduino:avrdude@6.3.0-arduino17"
time="2025-08-24T13:53:22-07:00" level=info msg="Tool required for debug" tool="arduino:dfu-util@0.11.0-arduino5"
time="2025-08-24T13:53:22-07:00" level=info msg="Tool required for debug" tool="esp32:esp-rv32@2411"
time="2025-08-24T13:53:22-07:00" level=info msg="Tool required for debug" tool="esp32:esp-x32@2411"
time="2025-08-24T13:53:22-07:00" level=info msg="Tool required for debug" tool="esp32:esp32-arduino-libs@idf-release_v5.5-b66b5448-v1"
time="2025-08-24T13:53:22-07:00" level=info msg="Tool required for debug" tool="esp32:esptool_py@5.0.0"
time="2025-08-24T13:53:22-07:00" level=info msg="Tool required for debug" tool="esp32:mklittlefs@3.0.0-gnu12-dc7f933"
time="2025-08-24T13:53:22-07:00" level=info msg="Tool required for debug" tool="esp32:mkspiffs@0.2.3"
time="2025-08-24T13:53:22-07:00" level=info msg="Tool required for debug" tool="esp32:openocd-esp32@v0.12.0-esp32-20250422"
time="2025-08-24T13:53:22-07:00" level=info msg="Tool required for debug" tool="esp32:riscv32-esp-elf-gdb@16.2_20250324"
time="2025-08-24T13:53:22-07:00" level=info msg="Tool required for debug" tool="esp32:xtensa-esp-elf-gdb@16.2_20250324"
time="2025-08-24T13:53:22-07:00" level=info msg="Tool required for debug" tool="arduino:bossac@1.9.1-arduino5"
time="2025-08-24T13:53:22-07:00" level=info msg="Tool required for debug" tool="arduino:arm-none-eabi-gcc@7-2017q4"
time="2025-08-24T13:53:22-07:00" level=info msg="Tool required for debug" tool="arduino:avrdude@6.3.0-arduino17"
time="2025-08-24T13:53:22-07:00" level=info msg="Tool required for debug" tool="builtin:dfu-discovery@0.1.2"
time="2025-08-24T13:53:22-07:00" level=info msg="Tool required for debug" tool="builtin:mdns-discovery@1.0.9"
time="2025-08-24T13:53:22-07:00" level=info msg="Tool required for debug" tool="builtin:serial-discovery@1.4.1"
time="2025-08-24T13:53:22-07:00" level=info msg="Tool required for debug" tool="builtin:ctags@5.8-arduino11"
time="2025-08-24T13:53:22-07:00" level=info msg="Tool required for debug" tool="builtin:serial-monitor@0.15.0"
time="2025-08-24T13:53:22-07:00" level=info msg="Tool required for debug" tool="arduino:avr-gcc@7.3.0-atmel3.6.1-arduino7"
time="2025-08-24T13:53:22-07:00" level=info msg="Tool required for debug" tool="arduino:openocd@0.11.0-arduino2"
time="2025-08-24T13:53:22-07:00" level=info msg="Tool required for debug" tool="arduino:arduinoOTA@1.3.0"
time="2025-08-24T13:53:22-07:00" level=info msg="Tool required for debug" tool="arduino:dfu-util@0.11.0-arduino5"
time="2025-08-24T13:53:22-07:00" level=info msg="Tool required for debug" tool="esp32:esp-rv32@2411"
time="2025-08-24T13:53:22-07:00" level=info msg="Tool required for debug" tool="esp32:esp-x32@2411"
time="2025-08-24T13:53:22-07:00" level=info msg="Tool required for debug" tool="esp32:esp32-arduino-libs@idf-release_v5.5-b66b5448-v1"
time="2025-08-24T13:53:22-07:00" level=info msg="Tool required for debug" tool="esp32:esptool_py@5.0.0"
time="2025-08-24T13:53:22-07:00" level=info msg="Tool required for debug" tool="esp32:mklittlefs@3.0.0-gnu12-dc7f933"
time="2025-08-24T13:53:22-07:00" level=info msg="Tool required for debug" tool="esp32:mkspiffs@0.2.3"
time="2025-08-24T13:53:22-07:00" level=info msg="Tool required for debug" tool="esp32:openocd-esp32@v0.12.0-esp32-20250422"
time="2025-08-24T13:53:22-07:00" level=info msg="Tool required for debug" tool="esp32:riscv32-esp-elf-gdb@16.2_20250324"
time="2025-08-24T13:53:22-07:00" level=info msg="Tool required for debug" tool="esp32:xtensa-esp-elf-gdb@16.2_20250324"
time="2025-08-24T13:53:22-07:00" level=info msg="Tool required for debug" tool="arduino:avrdude@6.3.0-arduino17"
time="2025-08-24T13:53:22-07:00" level=info msg="Tool required for debug" tool="builtin:mdns-discovery@1.0.9"
time="2025-08-24T13:53:22-07:00" level=info msg="Tool required for debug" tool="arduino:arm-none-eabi-gcc@7-2017q4"
time="2025-08-24T13:53:22-07:00" level=info msg="Tool required for debug" tool="arduino:avr-gcc@7.3.0-atmel3.6.1-arduino7"
time="2025-08-24T13:53:22-07:00" level=info msg="Tool required for debug" tool="builtin:serial-monitor@0.15.0"
time="2025-08-24T13:53:22-07:00" level=info msg="Tool required for debug" tool="builtin:ctags@5.8-arduino11"
time="2025-08-24T13:53:22-07:00" level=info msg="Tool required for debug" tool="arduino:arduinoOTA@1.3.0"
time="2025-08-24T13:53:22-07:00" level=info msg="Tool required for debug" tool="arduino:openocd@0.11.0-arduino2"
time="2025-08-24T13:53:22-07:00" level=info msg="Tool required for debug" tool="builtin:serial-discovery@1.4.1"
time="2025-08-24T13:53:22-07:00" level=info msg="Tool required for debug" tool="builtin:dfu-discovery@0.1.2"
time="2025-08-24T13:53:22-07:00" level=info msg="Tool required for debug" tool="arduino:bossac@1.9.1-arduino5"
time="2025-08-24T13:53:22-07:00" level=info msg="Tool required for debug" tool="arduino:dfu-util@0.11.0-arduino5"
time="2025-08-24T13:53:22-07:00" level=info msg="Tool required for debug" tool="esp32:esp-rv32@2411"
time="2025-08-24T13:53:22-07:00" level=info msg="Tool required for debug" tool="esp32:esp-x32@2411"
time="2025-08-24T13:53:22-07:00" level=info msg="Tool required for debug" tool="esp32:esp32-arduino-libs@idf-release_v5.5-b66b5448-v1"
time="2025-08-24T13:53:22-07:00" level=info msg="Tool required for debug" tool="esp32:esptool_py@5.0.0"
time="2025-08-24T13:53:22-07:00" level=info msg="Tool required for debug" tool="esp32:mklittlefs@3.0.0-gnu12-dc7f933"
time="2025-08-24T13:53:22-07:00" level=info msg="Tool required for debug" tool="esp32:mkspiffs@0.2.3"
time="2025-08-24T13:53:22-07:00" level=info msg="Tool required for debug" tool="esp32:openocd-esp32@v0.12.0-esp32-20250422"
time="2025-08-24T13:53:22-07:00" level=info msg="Tool required for debug" tool="esp32:riscv32-esp-elf-gdb@16.2_20250324"
time="2025-08-24T13:53:22-07:00" level=info msg="Tool required for debug" tool="esp32:xtensa-esp-elf-gdb@16.2_20250324"
time="2025-08-24T13:53:22-07:00" level=info msg="Tool required for debug" tool="builtin:ctags@5.8-arduino11"
time="2025-08-24T13:53:22-07:00" level=info msg="Tool required for debug" tool="arduino:bossac@1.9.1-arduino5"
time="2025-08-24T13:53:22-07:00" level=info msg="Tool required for debug" tool="arduino:avr-gcc@7.3.0-atmel3.6.1-arduino7"
time="2025-08-24T13:53:22-07:00" level=info msg="Tool required for debug" tool="builtin:mdns-discovery@1.0.9"
time="2025-08-24T13:53:22-07:00" level=info msg="Tool required for debug" tool="arduino:avrdude@6.3.0-arduino17"
time="2025-08-24T13:53:22-07:00" level=info msg="Tool required for debug" tool="arduino:openocd@0.11.0-arduino2"
time="2025-08-24T13:53:22-07:00" level=info msg="Tool required for debug" tool="builtin:serial-discovery@1.4.1"
time="2025-08-24T13:53:22-07:00" level=info msg="Tool required for debug" tool="builtin:serial-monitor@0.15.0"
time="2025-08-24T13:53:22-07:00" level=info msg="Tool required for debug" tool="arduino:arm-none-eabi-gcc@7-2017q4"
time="2025-08-24T13:53:22-07:00" level=info msg="Tool required for debug" tool="builtin:dfu-discovery@0.1.2"
time="2025-08-24T13:53:22-07:00" level=info msg="Tool required for debug" tool="arduino:arduinoOTA@1.3.0"
time="2025-08-24T13:53:22-07:00" level=info msg="Tool required for debug" tool="arduino:dfu-util@0.11.0-arduino5"
time="2025-08-24T13:53:22-07:00" level=info msg="Tool required for debug" tool="esp32:esp-rv32@2411"
time="2025-08-24T13:53:22-07:00" level=info msg="Tool required for debug" tool="esp32:esp-x32@2411"
time="2025-08-24T13:53:22-07:00" level=info msg="Tool required for debug" tool="esp32:esp32-arduino-libs@idf-release_v5.5-b66b5448-v1"
time="2025-08-24T13:53:22-07:00" level=info msg="Tool required for debug" tool="esp32:esptool_py@5.0.0"
time="2025-08-24T13:53:22-07:00" level=info msg="Tool required for debug" tool="esp32:mklittlefs@3.0.0-gnu12-dc7f933"
time="2025-08-24T13:53:22-07:00" level=info msg="Tool required for debug" tool="esp32:mkspiffs@0.2.3"
time="2025-08-24T13:53:22-07:00" level=info msg="Tool required for debug" tool="esp32:openocd-esp32@v0.12.0-esp32-20250422"
time="2025-08-24T13:53:22-07:00" level=info msg="Tool required for debug" tool="esp32:riscv32-esp-elf-gdb@16.2_20250324"
time="2025-08-24T13:53:22-07:00" level=info msg="Tool required for debug" tool="esp32:xtensa-esp-elf-gdb@16.2_20250324"
time="2025-08-24T13:53:22-07:00" level=info msg="Tool required for debug" tool="arduino:bossac@1.9.1-arduino5"
time="2025-08-24T13:53:22-07:00" level=info msg="Tool required for debug" tool="arduino:avrdude@6.3.0-arduino17"
time="2025-08-24T13:53:22-07:00" level=info msg="Tool required for debug" tool="builtin:dfu-discovery@0.1.2"
time="2025-08-24T13:53:22-07:00" level=info msg="Tool required for debug" tool="builtin:serial-discovery@1.4.1"
time="2025-08-24T13:53:22-07:00" level=info msg="Tool required for debug" tool="arduino:avr-gcc@7.3.0-atmel3.6.1-arduino7"
time="2025-08-24T13:53:22-07:00" level=info msg="Tool required for debug" tool="builtin:mdns-discovery@1.0.9"
time="2025-08-24T13:53:22-07:00" level=info msg="Tool required for debug" tool="builtin:serial-monitor@0.15.0"
time="2025-08-24T13:53:22-07:00" level=info msg="Tool required for debug" tool="arduino:arm-none-eabi-gcc@7-2017q4"
time="2025-08-24T13:53:22-07:00" level=info msg="Tool required for debug" tool="arduino:openocd@0.11.0-arduino2"
time="2025-08-24T13:53:22-07:00" level=info msg="Tool required for debug" tool="arduino:arduinoOTA@1.3.0"
time="2025-08-24T13:53:22-07:00" level=info msg="Tool required for debug" tool="builtin:ctags@5.8-arduino11"
time="2025-08-24T13:53:22-07:00" level=info msg="Tool required for debug" tool="arduino:dfu-util@0.11.0-arduino5"
time="2025-08-24T13:53:22-07:00" level=info msg="Tool required for debug" tool="esp32:esp-rv32@2411"
time="2025-08-24T13:53:22-07:00" level=info msg="Tool required for debug" tool="esp32:esp-x32@2411"
time="2025-08-24T13:53:22-07:00" level=info msg="Tool required for debug" tool="esp32:esp32-arduino-libs@idf-release_v5.5-b66b5448-v1"
time="2025-08-24T13:53:22-07:00" level=info msg="Tool required for debug" tool="esp32:esptool_py@5.0.0"
time="2025-08-24T13:53:22-07:00" level=info msg="Tool required for debug" tool="esp32:mklittlefs@3.0.0-gnu12-dc7f933"
time="2025-08-24T13:53:22-07:00" level=info msg="Tool required for debug" tool="esp32:mkspiffs@0.2.3"
time="2025-08-24T13:53:22-07:00" level=info msg="Tool required for debug" tool="esp32:openocd-esp32@v0.12.0-esp32-20250422"
time="2025-08-24T13:53:22-07:00" level=info msg="Tool required for debug" tool="esp32:riscv32-esp-elf-gdb@16.2_20250324"
time="2025-08-24T13:53:22-07:00" level=info msg="Tool required for debug" tool="esp32:xtensa-esp-elf-gdb@16.2_20250324"
time="2025-08-24T13:53:22-07:00" level=info msg="Tool required for debug" tool="builtin:serial-discovery@1.4.1"
time="2025-08-24T13:53:22-07:00" level=info msg="Tool required for debug" tool="arduino:avr-gcc@7.3.0-atmel3.6.1-arduino7"
time="2025-08-24T13:53:22-07:00" level=info msg="Tool required for debug" tool="arduino:avrdude@6.3.0-arduino17"
time="2025-08-24T13:53:22-07:00" level=info msg="Tool required for debug" tool="builtin:ctags@5.8-arduino11"
time="2025-08-24T13:53:22-07:00" level=info msg="Tool required for debug" tool="arduino:bossac@1.9.1-arduino5"
time="2025-08-24T13:53:22-07:00" level=info msg="Tool required for debug" tool="arduino:arduinoOTA@1.3.0"
time="2025-08-24T13:53:22-07:00" level=info msg="Tool required for debug" tool="arduino:openocd@0.11.0-arduino2"
time="2025-08-24T13:53:22-07:00" level=info msg="Tool required for debug" tool="builtin:mdns-discovery@1.0.9"
time="2025-08-24T13:53:22-07:00" level=info msg="Tool required for debug" tool="builtin:dfu-discovery@0.1.2"
time="2025-08-24T13:53:22-07:00" level=info msg="Tool required for debug" tool="builtin:serial-monitor@0.15.0"
time="2025-08-24T13:53:22-07:00" level=info msg="Tool required for debug" tool="arduino:arm-none-eabi-gcc@7-2017q4"
time="2025-08-24T13:53:22-07:00" level=info msg="Tool required for debug" tool="arduino:dfu-util@0.11.0-arduino5"
time="2025-08-24T13:53:22-07:00" level=info msg="Tool required for debug" tool="esp32:esp-rv32@2411"
time="2025-08-24T13:53:22-07:00" level=info msg="Tool required for debug" tool="esp32:esp-x32@2411"
time="2025-08-24T13:53:22-07:00" level=info msg="Tool required for debug" tool="esp32:esp32-arduino-libs@idf-release_v5.5-b66b5448-v1"
time="2025-08-24T13:53:22-07:00" level=info msg="Tool required for debug" tool="esp32:esptool_py@5.0.0"
time="2025-08-24T13:53:22-07:00" level=info msg="Tool required for debug" tool="esp32:mklittlefs@3.0.0-gnu12-dc7f933"
time="2025-08-24T13:53:22-07:00" level=info msg="Tool required for debug" tool="esp32:mkspiffs@0.2.3"
time="2025-08-24T13:53:22-07:00" level=info msg="Tool required for debug" tool="esp32:openocd-esp32@v0.12.0-esp32-20250422"
time="2025-08-24T13:53:22-07:00" level=info msg="Tool required for debug" tool="esp32:riscv32-esp-elf-gdb@16.2_20250324"
time="2025-08-24T13:53:22-07:00" level=info msg="Tool required for debug" tool="esp32:xtensa-esp-elf-gdb@16.2_20250324"
time="2025-08-24T13:53:22-07:00" level=info msg="Tool required for debug" tool="arduino:arduinoOTA@1.3.0"
time="2025-08-24T13:53:22-07:00" level=info msg="Tool required for debug" tool="builtin:ctags@5.8-arduino11"
time="2025-08-24T13:53:22-07:00" level=info msg="Tool required for debug" tool="builtin:mdns-discovery@1.0.9"
time="2025-08-24T13:53:22-07:00" level=info msg="Tool required for debug" tool="arduino:bossac@1.9.1-arduino5"
time="2025-08-24T13:53:22-07:00" level=info msg="Tool required for debug" tool="arduino:arm-none-eabi-gcc@7-2017q4"
time="2025-08-24T13:53:22-07:00" level=info msg="Tool required for debug" tool="arduino:openocd@0.11.0-arduino2"
time="2025-08-24T13:53:22-07:00" level=info msg="Tool required for debug" tool="builtin:dfu-discovery@0.1.2"
time="2025-08-24T13:53:22-07:00" level=info msg="Tool required for debug" tool="builtin:serial-discovery@1.4.1"
time="2025-08-24T13:53:22-07:00" level=info msg="Tool required for debug" tool="arduino:avr-gcc@7.3.0-atmel3.6.1-arduino7"
time="2025-08-24T13:53:22-07:00" level=info msg="Tool required for debug" tool="arduino:avrdude@6.3.0-arduino17"
time="2025-08-24T13:53:22-07:00" level=info msg="Tool required for debug" tool="builtin:serial-monitor@0.15.0"
time="2025-08-24T13:53:22-07:00" level=info msg="Tool required for debug" tool="arduino:dfu-util@0.11.0-arduino5"
time="2025-08-24T13:53:22-07:00" level=info msg="Tool required for debug" tool="esp32:esp-rv32@2411"
time="2025-08-24T13:53:22-07:00" level=info msg="Tool required for debug" tool="esp32:esp-x32@2411"
time="2025-08-24T13:53:22-07:00" level=info msg="Tool required for debug" tool="esp32:esp32-arduino-libs@idf-release_v5.5-b66b5448-v1"
time="2025-08-24T13:53:22-07:00" level=info msg="Tool required for debug" tool="esp32:esptool_py@5.0.0"
time="2025-08-24T13:53:22-07:00" level=info msg="Tool required for debug" tool="esp32:mklittlefs@3.0.0-gnu12-dc7f933"
2025-08-24 13:53:22 2025-08-24T20:53:22.239Z daemon INFO time="2025-08-24T13:53:22-07:00" level=info msg="Tool required for debug" tool="esp32:mkspiffs@0.2.3"
time="2025-08-24T13:53:22-07:00" level=info msg="Tool required for debug" tool="esp32:openocd-esp32@v0.12.0-esp32-20250422"
time="2025-08-24T13:53:22-07:00" level=info msg="Tool required for debug" tool="esp32:riscv32-esp-elf-gdb@16.2_20250324"
time="2025-08-24T13:53:22-07:00" level=info msg="Tool required for debug" tool="esp32:xtensa-esp-elf-gdb@16.2_20250324"
time="2025-08-24T13:53:22-07:00" level=info msg="Tool required for debug" tool="arduino:avr-gcc@7.3.0-atmel3.6.1-arduino7"
time="2025-08-24T13:53:22-07:00" level=info msg="Tool required for debug" tool="arduino:bossac@1.9.1-arduino5"
time="2025-08-24T13:53:22-07:00" level=info msg="Tool required for debug" tool="builtin:serial-discovery@1.4.1"
time="2025-08-24T13:53:22-07:00" level=info msg="Tool required for debug" tool="builtin:serial-monitor@0.15.0"
time="2025-08-24T13:53:22-07:00" level=info msg="Tool required for debug" tool="arduino:arm-none-eabi-gcc@7-2017q4"
time="2025-08-24T13:53:22-07:00" level=info msg="Tool required for debug" tool="arduino:openocd@0.11.0-arduino2"
time="2025-08-24T13:53:22-07:00" level=info msg="Tool required for debug" tool="builtin:ctags@5.8-arduino11"
time="2025-08-24T13:53:22-07:00" level=info msg="Tool required for debug" tool="builtin:dfu-discovery@0.1.2"
time="2025-08-24T13:53:22-07:00" level=info msg="Tool required for debug" tool="arduino:avrdude@6.3.0-arduino17"
time="2025-08-24T13:53:22-07:00" level=info msg="Tool required for debug" tool="arduino:arduinoOTA@1.3.0"
time="2025-08-24T13:53:22-07:00" level=info msg="Tool required for debug" tool="builtin:mdns-discovery@1.0.9"
2025-08-24 13:53:22 2025-08-24T20:53:22.248Z daemon INFO time="2025-08-24T13:53:22-07:00" level=info msg="Tool required for debug" tool="arduino:dfu-util@0.11.0-arduino5"
time="2025-08-24T13:53:22-07:00" level=info msg="Tool required for debug" tool="esp32:esp-rv32@2411"
time="2025-08-24T13:53:22-07:00" level=info msg="Tool required for debug" tool="esp32:esp-x32@2411"
time="2025-08-24T13:53:22-07:00" level=info msg="Tool required for debug" tool="esp32:esp32-arduino-libs@idf-release_v5.5-b66b5448-v1"
time="2025-08-24T13:53:22-07:00" level=info msg="Tool required for debug" tool="esp32:esptool_py@5.0.0"
time="2025-08-24T13:53:22-07:00" level=info msg="Tool required for debug" tool="esp32:mklittlefs@3.0.0-gnu12-dc7f933"
time="2025-08-24T13:53:22-07:00" level=info msg="Tool required for debug" tool="esp32:mkspiffs@0.2.3"
time="2025-08-24T13:53:22-07:00" level=info msg="Tool required for debug" tool="esp32:openocd-esp32@v0.12.0-esp32-20250422"
time="2025-08-24T13:53:22-07:00" level=info msg="Tool required for debug" tool="esp32:riscv32-esp-elf-gdb@16.2_20250324"
time="2025-08-24T13:53:22-07:00" level=info msg="Tool required for debug" tool="esp32:xtensa-esp-elf-gdb@16.2_20250324"
time="2025-08-24T13:53:22-07:00" level=info msg="Tool required for debug" tool="arduino:arduinoOTA@1.3.0"
time="2025-08-24T13:53:22-07:00" level=info msg="Tool required for debug" tool="builtin:ctags@5.8-arduino11"
time="2025-08-24T13:53:22-07:00" level=info msg="Tool required for debug" tool="builtin:mdns-discovery@1.0.9"
time="2025-08-24T13:53:22-07:00" level=info msg="Tool required for debug" tool="arduino:arm-none-eabi-gcc@7-2017q4"
time="2025-08-24T13:53:22-07:00" level=info msg="Tool required for debug" tool="builtin:serial-monitor@0.15.0"
time="2025-08-24T13:53:22-07:00" level=info msg="Tool required for debug" tool="builtin:dfu-discovery@0.1.2"
time="2025-08-24T13:53:22-07:00" level=info msg="Tool required for debug" tool="arduino:openocd@0.11.0-arduino2"
time="2025-08-24T13:53:22-07:00" level=info msg="Tool required for debug" tool="arduino:avrdude@6.3.0-arduino17"
time="2025-08-24T13:53:22-07:00" level=info msg="Tool required for debug" tool="arduino:avr-gcc@7.3.0-atmel3.6.1-arduino7"
time="2025-08-24T13:53:22-07:00" level=info msg="Tool required for debug" tool="arduino:bossac@1.9.1-arduino5"
time="2025-08-24T13:53:22-07:00" level=info msg="Tool required for debug" tool="builtin:serial-discovery@1.4.1"
2025-08-24 13:53:22 2025-08-24T20:53:22.251Z daemon INFO time="2025-08-24T13:53:22-07:00" level=info msg="Tool required for debug" tool="arduino:dfu-util@0.11.0-arduino5"
time="2025-08-24T13:53:22-07:00" level=info msg="Tool required for debug" tool="esp32:esp-rv32@2411"
2025-08-24 13:53:22 2025-08-24T20:53:22.251Z daemon INFO time="2025-08-24T13:53:22-07:00" level=info msg="Tool required for debug" tool="esp32:esp-x32@2411"
time="2025-08-24T13:53:22-07:00" level=info msg="Tool required for debug" tool="esp32:esp32-arduino-libs@idf-release_v5.5-b66b5448-v1"
time="2025-08-24T13:53:22-07:00" level=info msg="Tool required for debug" tool="esp32:esptool_py@5.0.0"
time="2025-08-24T13:53:22-07:00" level=info msg="Tool required for debug" tool="esp32:mklittlefs@3.0.0-gnu12-dc7f933"
time="2025-08-24T13:53:22-07:00" level=info msg="Tool required for debug" tool="esp32:mkspiffs@0.2.3"
time="2025-08-24T13:53:22-07:00" level=info msg="Tool required for debug" tool="esp32:openocd-esp32@v0.12.0-esp32-20250422"
time="2025-08-24T13:53:22-07:00" level=info msg="Tool required for debug" tool="esp32:riscv32-esp-elf-gdb@16.2_20250324"
time="2025-08-24T13:53:22-07:00" level=info msg="Tool required for debug" tool="esp32:xtensa-esp-elf-gdb@16.2_20250324"
time="2025-08-24T13:53:22-07:00" level=info msg="Tool required for debug" tool="builtin:ctags@5.8-arduino11"
2025-08-24 13:53:22 2025-08-24T20:53:22.251Z daemon INFO time="2025-08-24T13:53:22-07:00" level=info msg="Tool required for debug" tool="arduino:bossac@1.9.1-arduino5"
time="2025-08-24T13:53:22-07:00" level=info msg="Tool required for debug" tool="arduino:avrdude@6.3.0-arduino17"
time="2025-08-24T13:53:22-07:00" level=info msg="Tool required for debug" tool="arduino:avr-gcc@7.3.0-atmel3.6.1-arduino7"
time="2025-08-24T13:53:22-07:00" level=info msg="Tool required for debug" tool="arduino:openocd@0.11.0-arduino2"
time="2025-08-24T13:53:22-07:00" level=info msg="Tool required for debug" tool="builtin:dfu-discovery@0.1.2"
time="2025-08-24T13:53:22-07:00" level=info msg="Tool required for debug" tool="builtin:serial-discovery@1.4.1"
2025-08-24 13:53:22 2025-08-24T20:53:22.251Z daemon INFO time="2025-08-24T13:53:22-07:00" level=info msg="Tool required for debug" tool="builtin:serial-monitor@0.15.0"
time="2025-08-24T13:53:22-07:00" level=info msg="Tool required for debug" tool="builtin:mdns-discovery@1.0.9"
2025-08-24 13:53:22 2025-08-24T20:53:22.251Z daemon INFO time="2025-08-24T13:53:22-07:00" level=info msg="Tool required for debug" tool="arduino:arduinoOTA@1.3.0"
time="2025-08-24T13:53:22-07:00" level=info msg="Tool required for debug" tool="arduino:arm-none-eabi-gcc@7-2017q4"
2025-08-24 13:53:22 2025-08-24T20:53:22.258Z daemon INFO time="2025-08-24T13:53:22-07:00" level=info msg="Tool required for debug" tool="arduino:dfu-util@0.11.0-arduino5"
time="2025-08-24T13:53:22-07:00" level=info msg="Tool required for debug" tool="esp32:esp-rv32@2411"
2025-08-24 13:53:22 2025-08-24T20:53:22.258Z daemon INFO time="2025-08-24T13:53:22-07:00" level=info msg="Tool required for debug" tool="esp32:esp-x32@2411"
time="2025-08-24T13:53:22-07:00" level=info msg="Tool required for debug" tool="esp32:esp32-arduino-libs@idf-release_v5.5-b66b5448-v1"
time="2025-08-24T13:53:22-07:00" level=info msg="Tool required for debug" tool="esp32:esptool_py@5.0.0"
time="2025-08-24T13:53:22-07:00" level=info msg="Tool required for debug" tool="esp32:mklittlefs@3.0.0-gnu12-dc7f933"
time="2025-08-24T13:53:22-07:00" level=info msg="Tool required for debug" tool="esp32:mkspiffs@0.2.3"
time="2025-08-24T13:53:22-07:00" level=info msg="Tool required for debug" tool="esp32:openocd-esp32@v0.12.0-esp32-20250422"
time="2025-08-24T13:53:22-07:00" level=info msg="Tool required for debug" tool="esp32:riscv32-esp-elf-gdb@16.2_20250324"
time="2025-08-24T13:53:22-07:00" level=info msg="Tool required for debug" tool="esp32:xtensa-esp-elf-gdb@16.2_20250324"
time="2025-08-24T13:53:22-07:00" level=info msg="Tool required for debug" tool="arduino:arduinoOTA@1.3.0"
2025-08-24 13:53:22 2025-08-24T20:53:22.258Z daemon INFO time="2025-08-24T13:53:22-07:00" level=info msg="Tool required for debug" tool="builtin:ctags@5.8-arduino11"
time="2025-08-24T13:53:22-07:00" level=info msg="Tool required for debug" tool="builtin:serial-discovery@1.4.1"
2025-08-24 13:53:22 2025-08-24T20:53:22.258Z daemon INFO time="2025-08-24T13:53:22-07:00" level=info msg="Tool required for debug" tool="arduino:bossac@1.9.1-arduino5"
time="2025-08-24T13:53:22-07:00" level=info msg="Tool required for debug" tool="builtin:dfu-discovery@0.1.2"
2025-08-24 13:53:22 2025-08-24T20:53:22.258Z daemon INFO time="2025-08-24T13:53:22-07:00" level=info msg="Tool required for debug" tool="builtin:mdns-discovery@1.0.9"
time="2025-08-24T13:53:22-07:00" level=info msg="Tool required for debug" tool="arduino:avrdude@6.3.0-arduino17"
time="2025-08-24T13:53:22-07:00" level=info msg="Tool required for debug" tool="arduino:avr-gcc@7.3.0-atmel3.6.1-arduino7"
2025-08-24 13:53:22 2025-08-24T20:53:22.258Z daemon INFO time="2025-08-24T13:53:22-07:00" level=info msg="Tool required for debug" tool="arduino:openocd@0.11.0-arduino2"
time="2025-08-24T13:53:22-07:00" level=info msg="Tool required for debug" tool="arduino:arm-none-eabi-gcc@7-2017q4"
time="2025-08-24T13:53:22-07:00" level=info msg="Tool required for debug" tool="builtin:serial-monitor@0.15.0"
2025-08-24 13:53:22 2025-08-24T20:53:22.264Z daemon INFO time="2025-08-24T13:53:22-07:00" level=info msg="Tool required for debug" tool="arduino:dfu-util@0.11.0-arduino5"
time="2025-08-24T13:53:22-07:00" level=info msg="Tool required for debug" tool="esp32:esp-rv32@2411"
time="2025-08-24T13:53:22-07:00" level=info msg="Tool required for debug" tool="esp32:esp-x32@2411"
time="2025-08-24T13:53:22-07:00" level=info msg="Tool required for debug" tool="esp32:esp32-arduino-libs@idf-release_v5.5-b66b5448-v1"
2025-08-24 13:53:22 2025-08-24T20:53:22.264Z daemon INFO time="2025-08-24T13:53:22-07:00" level=info msg="Tool required for debug" tool="esp32:esptool_py@5.0.0"
time="2025-08-24T13:53:22-07:00" level=info msg="Tool required for debug" tool="esp32:mklittlefs@3.0.0-gnu12-dc7f933"
time="2025-08-24T13:53:22-07:00" level=info msg="Tool required for debug" tool="esp32:mkspiffs@0.2.3"
time="2025-08-24T13:53:22-07:00" level=info msg="Tool required for debug" tool="esp32:openocd-esp32@v0.12.0-esp32-20250422"
time="2025-08-24T13:53:22-07:00" level=info msg="Tool required for debug" tool="esp32:riscv32-esp-elf-gdb@16.2_20250324"
2025-08-24 13:53:22 2025-08-24T20:53:22.264Z daemon INFO time="2025-08-24T13:53:22-07:00" level=info msg="Tool required for debug" tool="esp32:xtensa-esp-elf-gdb@16.2_20250324"
time="2025-08-24T13:53:22-07:00" level=info msg="Tool required for debug" tool="builtin:ctags@5.8-arduino11"
time="2025-08-24T13:53:22-07:00" level=info msg="Tool required for debug" tool="builtin:serial-discovery@1.4.1"
2025-08-24 13:53:22 2025-08-24T20:53:22.264Z daemon INFO time="2025-08-24T13:53:22-07:00" level=info msg="Tool required for debug" tool="arduino:bossac@1.9.1-arduino5"
time="2025-08-24T13:53:22-07:00" level=info msg="Tool required for debug" tool="arduino:arm-none-eabi-gcc@7-2017q4"
time="2025-08-24T13:53:22-07:00" level=info msg="Tool required for debug" tool="arduino:avrdude@6.3.0-arduino17"
2025-08-24 13:53:22 2025-08-24T20:53:22.264Z daemon INFO time="2025-08-24T13:53:22-07:00" level=info msg="Tool required for debug" tool="builtin:dfu-discovery@0.1.2"
time="2025-08-24T13:53:22-07:00" level=info msg="Tool required for debug" tool="builtin:serial-monitor@0.15.0"
2025-08-24 13:53:22 2025-08-24T20:53:22.264Z daemon INFO time="2025-08-24T13:53:22-07:00" level=info msg="Tool required for debug" tool="arduino:openocd@0.11.0-arduino2"
time="2025-08-24T13:53:22-07:00" level=info msg="Tool required for debug" tool="builtin:mdns-discovery@1.0.9"
2025-08-24 13:53:22 2025-08-24T20:53:22.264Z daemon INFO time="2025-08-24T13:53:22-07:00" level=info msg="Tool required for debug" tool="arduino:avr-gcc@7.3.0-atmel3.6.1-arduino7"
time="2025-08-24T13:53:22-07:00" level=info msg="Tool required for debug" tool="arduino:arduinoOTA@1.3.0"
2025-08-24 13:53:22 2025-08-24T20:53:22.352Z daemon INFO time="2025-08-24T13:53:22-07:00" level=info msg="Tool required for debug" tool="arduino:dfu-util@0.11.0-arduino5"
time="2025-08-24T13:53:22-07:00" level=info msg="Tool required for debug" tool="esp32:esp-rv32@2411"
time="2025-08-24T13:53:22-07:00" level=info msg="Tool required for debug" tool="esp32:esp-x32@2411"
2025-08-24 13:53:22 2025-08-24T20:53:22.352Z daemon INFO time="2025-08-24T13:53:22-07:00" level=info msg="Tool required for debug" tool="esp32:esp32-arduino-libs@idf-release_v5.5-b66b5448-v1"
time="2025-08-24T13:53:22-07:00" level=info msg="Tool required for debug" tool="esp32:esptool_py@5.0.0"
time="2025-08-24T13:53:22-07:00" level=info msg="Tool required for debug" tool="esp32:mklittlefs@3.0.0-gnu12-dc7f933"
time="2025-08-24T13:53:22-07:00" level=info msg="Tool required for debug" tool="esp32:mkspiffs@0.2.3"
time="2025-08-24T13:53:22-07:00" level=info msg="Tool required for debug" tool="esp32:openocd-esp32@v0.12.0-esp32-20250422"
time="2025-08-24T13:53:22-07:00" level=info msg="Tool required for debug" tool="esp32:riscv32-esp-elf-gdb@16.2_20250324"
time="2025-08-24T13:53:22-07:00" level=info msg="Tool required for debug" tool="esp32:xtensa-esp-elf-gdb@16.2_20250324"
2025-08-24 13:53:22 2025-08-24T20:53:22.352Z daemon INFO time="2025-08-24T13:53:22-07:00" level=info msg="Tool required for debug" tool="arduino:avrdude@6.3.0-arduino17"
time="2025-08-24T13:53:22-07:00" level=info msg="Tool required for debug" tool="builtin:ctags@5.8-arduino11"
2025-08-24 13:53:22 2025-08-24T20:53:22.352Z daemon INFO time="2025-08-24T13:53:22-07:00" level=info msg="Tool required for debug" tool="builtin:mdns-discovery@1.0.9"
time="2025-08-24T13:53:22-07:00" level=info msg="Tool required for debug" tool="arduino:openocd@0.11.0-arduino2"
2025-08-24 13:53:22 2025-08-24T20:53:22.352Z daemon INFO time="2025-08-24T13:53:22-07:00" level=info msg="Tool required for debug" tool="arduino:arduinoOTA@1.3.0"
time="2025-08-24T13:53:22-07:00" level=info msg="Tool required for debug" tool="builtin:serial-monitor@0.15.0"
2025-08-24 13:53:22 2025-08-24T20:53:22.352Z daemon INFO time="2025-08-24T13:53:22-07:00" level=info msg="Tool required for debug" tool="builtin:dfu-discovery@0.1.2"
time="2025-08-24T13:53:22-07:00" level=info msg="Tool required for debug" tool="builtin:serial-discovery@1.4.1"
2025-08-24 13:53:22 2025-08-24T20:53:22.352Z daemon INFO time="2025-08-24T13:53:22-07:00" level=info msg="Tool required for debug" tool="arduino:arm-none-eabi-gcc@7-2017q4"
2025-08-24 13:53:22 2025-08-24T20:53:22.352Z daemon INFO time="2025-08-24T13:53:22-07:00" level=info msg="Tool required for debug" tool="arduino:bossac@1.9.1-arduino5"
time="2025-08-24T13:53:22-07:00" level=info msg="Tool required for debug" tool="arduino:avr-gcc@7.3.0-atmel3.6.1-arduino7"
2025-08-24 13:53:22 2025-08-24T20:53:22.358Z root INFO Starting language server: esp32:esp32:sparkfun_esp32s3_thing_plus:UploadSpeed=921600,USBMode=default,CDCOnBoot=default,MSCOnBoot=default,DFUOnBoot=default,UploadMode=default,CPUFreq=240,FlashMode=qio,PartitionScheme=default,DebugLevel=none,PSRAM=enabled,LoopCore=1,EventsCore=1,EraseFlash=none,JTAGAdapter=default,ZigbeeMode=default
2025-08-24 13:53:22 2025-08-24T20:53:22.360Z daemon INFO time="2025-08-24T13:53:22-07:00" level=info msg="Tool required for debug" tool="arduino:dfu-util@0.11.0-arduino5"
time="2025-08-24T13:53:22-07:00" level=info msg="Tool required for debug" tool="esp32:esp-rv32@2411"
2025-08-24 13:53:22 2025-08-24T20:53:22.360Z daemon INFO time="2025-08-24T13:53:22-07:00" level=info msg="Tool required for debug" tool="esp32:esp-x32@2411"
time="2025-08-24T13:53:22-07:00" level=info msg="Tool required for debug" tool="esp32:esp32-arduino-libs@idf-release_v5.5-b66b5448-v1"
time="2025-08-24T13:53:22-07:00" level=info msg="Tool required for debug" tool="esp32:esptool_py@5.0.0"
time="2025-08-24T13:53:22-07:00" level=info msg="Tool required for debug" tool="esp32:mklittlefs@3.0.0-gnu12-dc7f933"
time="2025-08-24T13:53:22-07:00" level=info msg="Tool required for debug" tool="esp32:mkspiffs@0.2.3"
2025-08-24 13:53:22 2025-08-24T20:53:22.360Z daemon INFO time="2025-08-24T13:53:22-07:00" level=info msg="Tool required for debug" tool="esp32:openocd-esp32@v0.12.0-esp32-20250422"
time="2025-08-24T13:53:22-07:00" level=info msg="Tool required for debug" tool="esp32:riscv32-esp-elf-gdb@16.2_20250324"
time="2025-08-24T13:53:22-07:00" level=info msg="Tool required for debug" tool="esp32:xtensa-esp-elf-gdb@16.2_20250324"
2025-08-24 13:53:22 2025-08-24T20:53:22.360Z daemon INFO time="2025-08-24T13:53:22-07:00" level=info msg="Tool required for debug" tool="arduino:bossac@1.9.1-arduino5"
time="2025-08-24T13:53:22-07:00" level=info msg="Tool required for debug" tool="builtin:mdns-discovery@1.0.9"
2025-08-24 13:53:22 2025-08-24T20:53:22.360Z daemon INFO time="2025-08-24T13:53:22-07:00" level=info msg="Tool required for debug" tool="arduino:arm-none-eabi-gcc@7-2017q4"
time="2025-08-24T13:53:22-07:00" level=info msg="Tool required for debug" tool="builtin:ctags@5.8-arduino11"
2025-08-24 13:53:22 2025-08-24T20:53:22.360Z daemon INFO time="2025-08-24T13:53:22-07:00" level=info msg="Tool required for debug" tool="arduino:avrdude@6.3.0-arduino17"
time="2025-08-24T13:53:22-07:00" level=info msg="Tool required for debug" tool="arduino:openocd@0.11.0-arduino2"
2025-08-24 13:53:22 2025-08-24T20:53:22.360Z daemon INFO time="2025-08-24T13:53:22-07:00" level=info msg="Tool required for debug" tool="arduino:arduinoOTA@1.3.0"
time="2025-08-24T13:53:22-07:00" level=info msg="Tool required for debug" tool="builtin:serial-discovery@1.4.1"
2025-08-24 13:53:22 2025-08-24T20:53:22.360Z daemon INFO time="2025-08-24T13:53:22-07:00" level=info msg="Tool required for debug" tool="builtin:serial-monitor@0.15.0"
2025-08-24 13:53:22 2025-08-24T20:53:22.360Z daemon INFO time="2025-08-24T13:53:22-07:00" level=info msg="Tool required for debug" tool="arduino:avr-gcc@7.3.0-atmel3.6.1-arduino7"
time="2025-08-24T13:53:22-07:00" level=info msg="Tool required for debug" tool="builtin:dfu-discovery@0.1.2"
2025-08-24 13:53:22 2025-08-24T20:53:22.368Z daemon INFO time="2025-08-24T13:53:22-07:00" level=info msg="Tool required for debug" tool="arduino:dfu-util@0.11.0-arduino5"
time="2025-08-24T13:53:22-07:00" level=info msg="Tool required for debug" tool="esp32:esp-rv32@2411"
time="2025-08-24T13:53:22-07:00" level=info msg="Tool required for debug" tool="esp32:esp-x32@2411"
time="2025-08-24T13:53:22-07:00" level=info msg="Tool required for debug" tool="esp32:esp32-arduino-libs@idf-release_v5.5-b66b5448-v1"
2025-08-24 13:53:22 2025-08-24T20:53:22.368Z daemon INFO time="2025-08-24T13:53:22-07:00" level=info msg="Tool required for debug" tool="esp32:esptool_py@5.0.0"
time="2025-08-24T13:53:22-07:00" level=info msg="Tool required for debug" tool="esp32:mklittlefs@3.0.0-gnu12-dc7f933"
time="2025-08-24T13:53:22-07:00" level=info msg="Tool required for debug" tool="esp32:mkspiffs@0.2.3"
time="2025-08-24T13:53:22-07:00" level=info msg="Tool required for debug" tool="esp32:openocd-esp32@v0.12.0-esp32-20250422"
time="2025-08-24T13:53:22-07:00" level=info msg="Tool required for debug" tool="esp32:riscv32-esp-elf-gdb@16.2_20250324"
time="2025-08-24T13:53:22-07:00" level=info msg="Tool required for debug" tool="esp32:xtensa-esp-elf-gdb@16.2_20250324"
time="2025-08-24T13:53:22-07:00" level=info msg="Tool required for debug" tool="arduino:arm-none-eabi-gcc@7-2017q4"
time="2025-08-24T13:53:22-07:00" level=info msg="Tool required for debug" tool="builtin:serial-discovery@1.4.1"
2025-08-24 13:53:22 2025-08-24T20:53:22.368Z daemon INFO time="2025-08-24T13:53:22-07:00" level=info msg="Tool required for debug" tool="arduino:bossac@1.9.1-arduino5"
time="2025-08-24T13:53:22-07:00" level=info msg="Tool required for debug" tool="arduino:arduinoOTA@1.3.0"
time="2025-08-24T13:53:22-07:00" level=info msg="Tool required for debug" tool="builtin:dfu-discovery@0.1.2"
2025-08-24 13:53:22 2025-08-24T20:53:22.368Z daemon INFO time="2025-08-24T13:53:22-07:00" level=info msg="Tool required for debug" tool="builtin:serial-monitor@0.15.0"
time="2025-08-24T13:53:22-07:00" level=info msg="Tool required for debug" tool="arduino:avr-gcc@7.3.0-atmel3.6.1-arduino7"
time="2025-08-24T13:53:22-07:00" level=info msg="Tool required for debug" tool="builtin:ctags@5.8-arduino11"
2025-08-24 13:53:22 2025-08-24T20:53:22.368Z daemon INFO time="2025-08-24T13:53:22-07:00" level=info msg="Tool required for debug" tool="builtin:mdns-discovery@1.0.9"
time="2025-08-24T13:53:22-07:00" level=info msg="Tool required for debug" tool="arduino:avrdude@6.3.0-arduino17"
time="2025-08-24T13:53:22-07:00" level=info msg="Tool required for debug" tool="arduino:openocd@0.11.0-arduino2"
2025-08-24 13:53:22 2025-08-24T20:53:22.376Z daemon INFO time="2025-08-24T13:53:22-07:00" level=info msg="Tool required for debug" tool="arduino:dfu-util@0.11.0-arduino5"
time="2025-08-24T13:53:22-07:00" level=info msg="Tool required for debug" tool="esp32:esp-rv32@2411"
time="2025-08-24T13:53:22-07:00" level=info msg="Tool required for debug" tool="esp32:esp-x32@2411"
time="2025-08-24T13:53:22-07:00" level=info msg="Tool required for debug" tool="esp32:esp32-arduino-libs@idf-release_v5.5-b66b5448-v1"
time="2025-08-24T13:53:22-07:00" level=info msg="Tool required for debug" tool="esp32:esptool_py@5.0.0"
2025-08-24 13:53:22 2025-08-24T20:53:22.376Z daemon INFO time="2025-08-24T13:53:22-07:00" level=info msg="Tool required for debug" tool="esp32:mklittlefs@3.0.0-gnu12-dc7f933"
time="2025-08-24T13:53:22-07:00" level=info msg="Tool required for debug" tool="esp32:mkspiffs@0.2.3"
time="2025-08-24T13:53:22-07:00" level=info msg="Tool required for debug" tool="esp32:openocd-esp32@v0.12.0-esp32-20250422"
time="2025-08-24T13:53:22-07:00" level=info msg="Tool required for debug" tool="esp32:riscv32-esp-elf-gdb@16.2_20250324"
time="2025-08-24T13:53:22-07:00" level=info msg="Tool required for debug" tool="esp32:xtensa-esp-elf-gdb@16.2_20250324"
time="2025-08-24T13:53:22-07:00" level=info msg="Tool required for debug" tool="arduino:bossac@1.9.1-arduino5"
time="2025-08-24T13:53:22-07:00" level=info msg="Tool required for debug" tool="builtin:serial-monitor@0.15.0"
time="2025-08-24T13:53:22-07:00" level=info msg="Tool required for debug" tool="builtin:ctags@5.8-arduino11"
2025-08-24 13:53:22 2025-08-24T20:53:22.376Z daemon INFO time="2025-08-24T13:53:22-07:00" level=info msg="Tool required for debug" tool="builtin:mdns-discovery@1.0.9"
time="2025-08-24T13:53:22-07:00" level=info msg="Tool required for debug" tool="arduino:avr-gcc@7.3.0-atmel3.6.1-arduino7"
time="2025-08-24T13:53:22-07:00" level=info msg="Tool required for debug" tool="arduino:arm-none-eabi-gcc@7-2017q4"
2025-08-24 13:53:22 2025-08-24T20:53:22.376Z daemon INFO time="2025-08-24T13:53:22-07:00" level=info msg="Tool required for debug" tool="arduino:arduinoOTA@1.3.0"
time="2025-08-24T13:53:22-07:00" level=info msg="Tool required for debug" tool="builtin:serial-discovery@1.4.1"
time="2025-08-24T13:53:22-07:00" level=info msg="Tool required for debug" tool="builtin:dfu-discovery@0.1.2"
time="2025-08-24T13:53:22-07:00" level=info msg="Tool required for debug" tool="arduino:avrdude@6.3.0-arduino17"
time="2025-08-24T13:53:22-07:00" level=info msg="Tool required for debug" tool="arduino:openocd@0.11.0-arduino2"
2025-08-24 13:53:22 2025-08-24T20:53:22.384Z daemon INFO time="2025-08-24T13:53:22-07:00" level=info msg="Tool required for debug" tool="arduino:dfu-util@0.11.0-arduino5"
time="2025-08-24T13:53:22-07:00" level=info msg="Tool required for debug" tool="esp32:esp-rv32@2411"
time="2025-08-24T13:53:22-07:00" level=info msg="Tool required for debug" tool="esp32:esp-x32@2411"
time="2025-08-24T13:53:22-07:00" level=info msg="Tool required for debug" tool="esp32:esp32-arduino-libs@idf-release_v5.5-b66b5448-v1"
2025-08-24 13:53:22 2025-08-24T20:53:22.384Z daemon INFO time="2025-08-24T13:53:22-07:00" level=info msg="Tool required for debug" tool="esp32:esptool_py@5.0.0"
time="2025-08-24T13:53:22-07:00" level=info msg="Tool required for debug" tool="esp32:mklittlefs@3.0.0-gnu12-dc7f933"
time="2025-08-24T13:53:22-07:00" level=info msg="Tool required for debug" tool="esp32:mkspiffs@0.2.3"
time="2025-08-24T13:53:22-07:00" level=info msg="Tool required for debug" tool="esp32:openocd-esp32@v0.12.0-esp32-20250422"
time="2025-08-24T13:53:22-07:00" level=info msg="Tool required for debug" tool="esp32:riscv32-esp-elf-gdb@16.2_20250324"
time="2025-08-24T13:53:22-07:00" level=info msg="Tool required for debug" tool="esp32:xtensa-esp-elf-gdb@16.2_20250324"
time="2025-08-24T13:53:22-07:00" level=info msg="Tool required for debug" tool="builtin:serial-monitor@0.15.0"
time="2025-08-24T13:53:22-07:00" level=info msg="Tool required for debug" tool="builtin:ctags@5.8-arduino11"
2025-08-24 13:53:22 2025-08-24T20:53:22.384Z daemon INFO time="2025-08-24T13:53:22-07:00" level=info msg="Tool required for debug" tool="arduino:avr-gcc@7.3.0-atmel3.6.1-arduino7"
time="2025-08-24T13:53:22-07:00" level=info msg="Tool required for debug" tool="arduino:arm-none-eabi-gcc@7-2017q4"
time="2025-08-24T13:53:22-07:00" level=info msg="Tool required for debug" tool="builtin:serial-discovery@1.4.1"
2025-08-24 13:53:22 2025-08-24T20:53:22.384Z daemon INFO time="2025-08-24T13:53:22-07:00" level=info msg="Tool required for debug" tool="arduino:avrdude@6.3.0-arduino17"
time="2025-08-24T13:53:22-07:00" level=info msg="Tool required for debug" tool="builtin:dfu-discovery@0.1.2"
time="2025-08-24T13:53:22-07:00" level=info msg="Tool required for debug" tool="builtin:mdns-discovery@1.0.9"
2025-08-24 13:53:22 2025-08-24T20:53:22.384Z daemon INFO time="2025-08-24T13:53:22-07:00" level=info msg="Tool required for debug" tool="arduino:bossac@1.9.1-arduino5"
time="2025-08-24T13:53:22-07:00" level=info msg="Tool required for debug" tool="arduino:openocd@0.11.0-arduino2"
time="2025-08-24T13:53:22-07:00" level=info msg="Tool required for debug" tool="arduino:arduinoOTA@1.3.0"
2025-08-24 13:53:22 2025-08-24T20:53:22.397Z daemon INFO time="2025-08-24T13:53:22-07:00" level=info msg="Tool required for debug" tool="arduino:dfu-util@0.11.0-arduino5"
time="2025-08-24T13:53:22-07:00" level=info msg="Tool required for debug" tool="esp32:esp-rv32@2411"
time="2025-08-24T13:53:22-07:00" level=info msg="Tool required for debug" tool="esp32:esp-x32@2411"
time="2025-08-24T13:53:22-07:00" level=info msg="Tool required for debug" tool="esp32:esp32-arduino-libs@idf-release_v5.5-b66b5448-v1"
time="2025-08-24T13:53:22-07:00" level=info msg="Tool required for debug" tool="esp32:esptool_py@5.0.0"
time="2025-08-24T13:53:22-07:00" level=info msg="Tool required for debug" tool="esp32:mklittlefs@3.0.0-gnu12-dc7f933"
time="2025-08-24T13:53:22-07:00" level=info msg="Tool required for debug" tool="esp32:mkspiffs@0.2.3"
time="2025-08-24T13:53:22-07:00" level=info msg="Tool required for debug" tool="esp32:openocd-esp32@v0.12.0-esp32-20250422"
time="2025-08-24T13:53:22-07:00" level=info msg="Tool required for debug" tool="esp32:riscv32-esp-elf-gdb@16.2_20250324"
time="2025-08-24T13:53:22-07:00" level=info msg="Tool required for debug" tool="esp32:xtensa-esp-elf-gdb@16.2_20250324"
time="2025-08-24T13:53:22-07:00" level=info msg="Tool required for debug" tool="arduino:bossac@1.9.1-arduino5"
time="2025-08-24T13:53:22-07:00" level=info msg="Tool required for debug" tool="builtin:serial-monitor@0.15.0"
time="2025-08-24T13:53:22-07:00" level=info msg="Tool required for debug" tool="builtin:serial-discovery@1.4.1"
time="2025-08-24T13:53:22-07:00" level=info msg="Tool required for debug" tool="arduino:avrdude@6.3.0-arduino17"
time="2025-08-24T13:53:22-07:00" level=info msg="Tool required for debug" tool="arduino:openocd@0.11.0-arduino2"
time="2025-08-24T13:53:22-07:00" level=info msg="Tool required for debug" tool="builtin:ctags@5.8-arduino11"
time="2025-08-24T13:53:22-07:00" level=info msg="Tool required for debug" tool="arduino:arduinoOTA@1.3.0"
time="2025-08-24T13:53:22-07:00" level=info msg="Tool required for debug" tool="arduino:avr-gcc@7.3.0-atmel3.6.1-arduino7"
time="2025-08-24T13:53:22-07:00" level=info msg="Tool required for debug" tool="builtin:mdns-discovery@1.0.9"
time="2025-08-24T13:53:22-07:00" level=info msg="Tool required for debug" tool="arduino:arm-none-eabi-gcc@7-2017q4"
time="2025-08-24T13:53:22-07:00" level=info msg="Tool required for debug" tool="builtin:dfu-discovery@0.1.2"
2025-08-24 13:53:22 2025-08-24T20:53:22.403Z daemon INFO time="2025-08-24T13:53:22-07:00" level=info msg="Tool required for debug" tool="arduino:dfu-util@0.11.0-arduino5"
time="2025-08-24T13:53:22-07:00" level=info msg="Tool required for debug" tool="esp32:esp-rv32@2411"
time="2025-08-24T13:53:22-07:00" level=info msg="Tool required for debug" tool="esp32:esp-x32@2411"
time="2025-08-24T13:53:22-07:00" level=info msg="Tool required for debug" tool="esp32:esp32-arduino-libs@idf-release_v5.5-b66b5448-v1"
time="2025-08-24T13:53:22-07:00" level=info msg="Tool required for debug" tool="esp32:esptool_py@5.0.0"
time="2025-08-24T13:53:22-07:00" level=info msg="Tool required for debug" tool="esp32:mklittlefs@3.0.0-gnu12-dc7f933"
time="2025-08-24T13:53:22-07:00" level=info msg="Tool required for debug" tool="esp32:mkspiffs@0.2.3"
time="2025-08-24T13:53:22-07:00" level=info msg="Tool required for debug" tool="esp32:openocd-esp32@v0.12.0-esp32-20250422"
time="2025-08-24T13:53:22-07:00" level=info msg="Tool required for debug" tool="esp32:riscv32-esp-elf-gdb@16.2_20250324"
time="2025-08-24T13:53:22-07:00" level=info msg="Tool required for debug" tool="esp32:xtensa-esp-elf-gdb@16.2_20250324"
time="2025-08-24T13:53:22-07:00" level=info msg="Tool required for debug" tool="arduino:avrdude@6.3.0-arduino17"
time="2025-08-24T13:53:22-07:00" level=info msg="Tool required for debug" tool="builtin:mdns-discovery@1.0.9"
time="2025-08-24T13:53:22-07:00" level=info msg="Tool required for debug" tool="arduino:arduinoOTA@1.3.0"
time="2025-08-24T13:53:22-07:00" level=info msg="Tool required for debug" tool="builtin:serial-monitor@0.15.0"
time="2025-08-24T13:53:22-07:00" level=info msg="Tool required for debug" tool="builtin:dfu-discovery@0.1.2"
time="2025-08-24T13:53:22-07:00" level=info msg="Tool required for debug" tool="builtin:ctags@5.8-arduino11"
time="2025-08-24T13:53:22-07:00" level=info msg="Tool required for debug" tool="arduino:bossac@1.9.1-arduino5"
time="2025-08-24T13:53:22-07:00" level=info msg="Tool required for debug" tool="arduino:arm-none-eabi-gcc@7-2017q4"
time="2025-08-24T13:53:22-07:00" level=info msg="Tool required for debug" tool="builtin:serial-discovery@1.4.1"
time="2025-08-24T13:53:22-07:00" level=info msg="Tool required for debug" tool="arduino:avr-gcc@7.3.0-atmel3.6.1-arduino7"
time="2025-08-24T13:53:22-07:00" level=info msg="Tool required for debug" tool="arduino:openocd@0.11.0-arduino2"
2025-08-24 13:53:22 2025-08-24T20:53:22.406Z daemon INFO time="2025-08-24T13:53:22-07:00" level=info msg="Tool required for debug" tool="arduino:dfu-util@0.11.0-arduino5"
time="2025-08-24T13:53:22-07:00" level=info msg="Tool required for debug" tool="esp32:esp-rv32@2411"
time="2025-08-24T13:53:22-07:00" level=info msg="Tool required for debug" tool="esp32:esp-x32@2411"
time="2025-08-24T13:53:22-07:00" level=info msg="Tool required for debug" tool="esp32:esp32-arduino-libs@idf-release_v5.5-b66b5448-v1"
time="2025-08-24T13:53:22-07:00" level=info msg="Tool required for debug" tool="esp32:esptool_py@5.0.0"
time="2025-08-24T13:53:22-07:00" level=info msg="Tool required for debug" tool="esp32:mklittlefs@3.0.0-gnu12-dc7f933"
time="2025-08-24T13:53:22-07:00" level=info msg="Tool required for debug" tool="esp32:mkspiffs@0.2.3"
time="2025-08-24T13:53:22-07:00" level=info msg="Tool required for debug" tool="esp32:openocd-esp32@v0.12.0-esp32-20250422"
time="2025-08-24T13:53:22-07:00" level=info msg="Tool required for debug" tool="esp32:riscv32-esp-elf-gdb@16.2_20250324"
time="2025-08-24T13:53:22-07:00" level=info msg="Tool required for debug" tool="esp32:xtensa-esp-elf-gdb@16.2_20250324"
time="2025-08-24T13:53:22-07:00" level=info msg="Tool required for debug" tool="builtin:mdns-discovery@1.0.9"
time="2025-08-24T13:53:22-07:00" level=info msg="Tool required for debug" tool="builtin:serial-monitor@0.15.0"
time="2025-08-24T13:53:22-07:00" level=info msg="Tool required for debug" tool="builtin:serial-discovery@1.4.1"
time="2025-08-24T13:53:22-07:00" level=info msg="Tool required for debug" tool="arduino:avr-gcc@7.3.0-atmel3.6.1-arduino7"
time="2025-08-24T13:53:22-07:00" level=info msg="Tool required for debug" tool="arduino:openocd@0.11.0-arduino2"
time="2025-08-24T13:53:22-07:00" level=info msg="Tool required for debug" tool="arduino:arm-none-eabi-gcc@7-2017q4"
time="2025-08-24T13:53:22-07:00" level=info msg="Tool required for debug" tool="arduino:avrdude@6.3.0-arduino17"
time="2025-08-24T13:53:22-07:00" level=info msg="Tool required for debug" tool="builtin:ctags@5.8-arduino11"
time="2025-08-24T13:53:22-07:00" level=info msg="Tool required for debug" tool="builtin:dfu-discovery@0.1.2"
time="2025-08-24T13:53:22-07:00" level=info msg="Tool required for debug" tool="arduino:bossac@1.9.1-arduino5"
time="2025-08-24T13:53:22-07:00" level=info msg="Tool required for debug" tool="arduino:arduinoOTA@1.3.0"
2025-08-24 13:53:22 2025-08-24T20:53:22.410Z daemon INFO time="2025-08-24T13:53:22-07:00" level=info msg="Tool required for debug" tool="arduino:dfu-util@0.11.0-arduino5"
time="2025-08-24T13:53:22-07:00" level=info msg="Tool required for debug" tool="esp32:esp-rv32@2411"
time="2025-08-24T13:53:22-07:00" level=info msg="Tool required for debug" tool="esp32:esp-x32@2411"
time="2025-08-24T13:53:22-07:00" level=info msg="Tool required for debug" tool="esp32:esp32-arduino-libs@idf-release_v5.5-b66b5448-v1"
time="2025-08-24T13:53:22-07:00" level=info msg="Tool required for debug" tool="esp32:esptool_py@5.0.0"
time="2025-08-24T13:53:22-07:00" level=info msg="Tool required for debug" tool="esp32:mklittlefs@3.0.0-gnu12-dc7f933"
time="2025-08-24T13:53:22-07:00" level=info msg="Tool required for debug" tool="esp32:mkspiffs@0.2.3"
time="2025-08-24T13:53:22-07:00" level=info msg="Tool required for debug" tool="esp32:openocd-esp32@v0.12.0-esp32-20250422"
2025-08-24 13:53:22 2025-08-24T20:53:22.411Z daemon INFO time="2025-08-24T13:53:22-07:00" level=info msg="Tool required for debug" tool="esp32:riscv32-esp-elf-gdb@16.2_20250324"
time="2025-08-24T13:53:22-07:00" level=info msg="Tool required for debug" tool="esp32:xtensa-esp-elf-gdb@16.2_20250324"
time="2025-08-24T13:53:22-07:00" level=info msg="Tool required for debug" tool="builtin:ctags@5.8-arduino11"
time="2025-08-24T13:53:22-07:00" level=info msg="Tool required for debug" tool="arduino:bossac@1.9.1-arduino5"
time="2025-08-24T13:53:22-07:00" level=info msg="Tool required for debug" tool="builtin:serial-discovery@1.4.1"
time="2025-08-24T13:53:22-07:00" level=info msg="Tool required for debug" tool="arduino:arduinoOTA@1.3.0"
time="2025-08-24T13:53:22-07:00" level=info msg="Tool required for debug" tool="builtin:dfu-discovery@0.1.2"
time="2025-08-24T13:53:22-07:00" level=info msg="Tool required for debug" tool="builtin:mdns-discovery@1.0.9"
time="2025-08-24T13:53:22-07:00" level=info msg="Tool required for debug" tool="arduino:arm-none-eabi-gcc@7-2017q4"
time="2025-08-24T13:53:22-07:00" level=info msg="Tool required for debug" tool="arduino:avr-gcc@7.3.0-atmel3.6.1-arduino7"
2025-08-24 13:53:22 2025-08-24T20:53:22.411Z daemon INFO time="2025-08-24T13:53:22-07:00" level=info msg="Tool required for debug" tool="builtin:serial-monitor@0.15.0"
time="2025-08-24T13:53:22-07:00" level=info msg="Tool required for debug" tool="arduino:openocd@0.11.0-arduino2"
time="2025-08-24T13:53:22-07:00" level=info msg="Tool required for debug" tool="arduino:avrdude@6.3.0-arduino17"
2025-08-24 13:53:22 2025-08-24T20:53:22.416Z daemon INFO time="2025-08-24T13:53:22-07:00" level=info msg="Tool required for debug" tool="arduino:dfu-util@0.11.0-arduino5"
time="2025-08-24T13:53:22-07:00" level=info msg="Tool required for debug" tool="esp32:esp-rv32@2411"
time="2025-08-24T13:53:22-07:00" level=info msg="Tool required for debug" tool="esp32:esp-x32@2411"
2025-08-24 13:53:22 2025-08-24T20:53:22.416Z daemon INFO time="2025-08-24T13:53:22-07:00" level=info msg="Tool required for debug" tool="esp32:esp32-arduino-libs@idf-release_v5.5-b66b5448-v1"
time="2025-08-24T13:53:22-07:00" level=info msg="Tool required for debug" tool="esp32:esptool_py@5.0.0"
time="2025-08-24T13:53:22-07:00" level=info msg="Tool required for debug" tool="esp32:mklittlefs@3.0.0-gnu12-dc7f933"
time="2025-08-24T13:53:22-07:00" level=info msg="Tool required for debug" tool="esp32:mkspiffs@0.2.3"
time="2025-08-24T13:53:22-07:00" level=info msg="Tool required for debug" tool="esp32:openocd-esp32@v0.12.0-esp32-20250422"
time="2025-08-24T13:53:22-07:00" level=info msg="Tool required for debug" tool="esp32:riscv32-esp-elf-gdb@16.2_20250324"
time="2025-08-24T13:53:22-07:00" level=info msg="Tool required for debug" tool="esp32:xtensa-esp-elf-gdb@16.2_20250324"
time="2025-08-24T13:53:22-07:00" level=info msg="Tool required for debug" tool="arduino:bossac@1.9.1-arduino5"
time="2025-08-24T13:53:22-07:00" level=info msg="Tool required for debug" tool="builtin:dfu-discovery@0.1.2"
time="2025-08-24T13:53:22-07:00" level=info msg="Tool required for debug" tool="arduino:avr-gcc@7.3.0-atmel3.6.1-arduino7"
time="2025-08-24T13:53:22-07:00" level=info msg="Tool required for debug" tool="arduino:arduinoOTA@1.3.0"
2025-08-24 13:53:22 2025-08-24T20:53:22.416Z daemon INFO time="2025-08-24T13:53:22-07:00" level=info msg="Tool required for debug" tool="builtin:ctags@5.8-arduino11"
time="2025-08-24T13:53:22-07:00" level=info msg="Tool required for debug" tool="builtin:serial-discovery@1.4.1"
time="2025-08-24T13:53:22-07:00" level=info msg="Tool required for debug" tool="arduino:arm-none-eabi-gcc@7-2017q4"
time="2025-08-24T13:53:22-07:00" level=info msg="Tool required for debug" tool="builtin:serial-monitor@0.15.0"
time="2025-08-24T13:53:22-07:00" level=info msg="Tool required for debug" tool="builtin:mdns-discovery@1.0.9"
2025-08-24 13:53:22 2025-08-24T20:53:22.416Z daemon INFO time="2025-08-24T13:53:22-07:00" level=info msg="Tool required for debug" tool="arduino:avrdude@6.3.0-arduino17"
time="2025-08-24T13:53:22-07:00" level=info msg="Tool required for debug" tool="arduino:openocd@0.11.0-arduino2"
2025-08-24 13:53:22 2025-08-24T20:53:22.420Z daemon INFO time="2025-08-24T13:53:22-07:00" level=info msg="Tool required for debug" tool="arduino:dfu-util@0.11.0-arduino5"
time="2025-08-24T13:53:22-07:00" level=info msg="Tool required for debug" tool="esp32:esp-rv32@2411"
time="2025-08-24T13:53:22-07:00" level=info msg="Tool required for debug" tool="esp32:esp-x32@2411"
2025-08-24 13:53:22 2025-08-24T20:53:22.420Z daemon INFO time="2025-08-24T13:53:22-07:00" level=info msg="Tool required for debug" tool="esp32:esp32-arduino-libs@idf-release_v5.5-b66b5448-v1"
time="2025-08-24T13:53:22-07:00" level=info msg="Tool required for debug" tool="esp32:esptool_py@5.0.0"
time="2025-08-24T13:53:22-07:00" level=info msg="Tool required for debug" tool="esp32:mklittlefs@3.0.0-gnu12-dc7f933"
time="2025-08-24T13:53:22-07:00" level=info msg="Tool required for debug" tool="esp32:mkspiffs@0.2.3"
time="2025-08-24T13:53:22-07:00" level=info msg="Tool required for debug" tool="esp32:openocd-esp32@v0.12.0-esp32-20250422"
time="2025-08-24T13:53:22-07:00" level=info msg="Tool required for debug" tool="esp32:riscv32-esp-elf-gdb@16.2_20250324"
time="2025-08-24T13:53:22-07:00" level=info msg="Tool required for debug" tool="esp32:xtensa-esp-elf-gdb@16.2_20250324"
time="2025-08-24T13:53:22-07:00" level=info msg="Tool required for debug" tool="arduino:avrdude@6.3.0-arduino17"
time="2025-08-24T13:53:22-07:00" level=info msg="Tool required for debug" tool="builtin:ctags@5.8-arduino11"
time="2025-08-24T13:53:22-07:00" level=info msg="Tool required for debug" tool="builtin:serial-discovery@1.4.1"
2025-08-24 13:53:22 2025-08-24T20:53:22.421Z daemon INFO time="2025-08-24T13:53:22-07:00" level=info msg="Tool required for debug" tool="arduino:arm-none-eabi-gcc@7-2017q4"
time="2025-08-24T13:53:22-07:00" level=info msg="Tool required for debug" tool="builtin:serial-monitor@0.15.0"
time="2025-08-24T13:53:22-07:00" level=info msg="Tool required for debug" tool="arduino:arduinoOTA@1.3.0"
time="2025-08-24T13:53:22-07:00" level=info msg="Tool required for debug" tool="builtin:dfu-discovery@0.1.2"
time="2025-08-24T13:53:22-07:00" level=info msg="Tool required for debug" tool="builtin:mdns-discovery@1.0.9"
time="2025-08-24T13:53:22-07:00" level=info msg="Tool required for debug" tool="arduino:openocd@0.11.0-arduino2"
2025-08-24 13:53:22 2025-08-24T20:53:22.421Z daemon INFO time="2025-08-24T13:53:22-07:00" level=info msg="Tool required for debug" tool="arduino:avr-gcc@7.3.0-atmel3.6.1-arduino7"
time="2025-08-24T13:53:22-07:00" level=info msg="Tool required for debug" tool="arduino:bossac@1.9.1-arduino5"
2025-08-24 13:53:22 2025-08-24T20:53:22.425Z daemon INFO time="2025-08-24T13:53:22-07:00" level=info msg="Tool required for debug" tool="arduino:dfu-util@0.11.0-arduino5"
time="2025-08-24T13:53:22-07:00" level=info msg="Tool required for debug" tool="esp32:esp-rv32@2411"
time="2025-08-24T13:53:22-07:00" level=info msg="Tool required for debug" tool="esp32:esp-x32@2411"
time="2025-08-24T13:53:22-07:00" level=info msg="Tool required for debug" tool="esp32:esp32-arduino-libs@idf-release_v5.5-b66b5448-v1"
time="2025-08-24T13:53:22-07:00" level=info msg="Tool required for debug" tool="esp32:esptool_py@5.0.0"
time="2025-08-24T13:53:22-07:00" level=info msg="Tool required for debug" tool="esp32:mklittlefs@3.0.0-gnu12-dc7f933"
time="2025-08-24T13:53:22-07:00" level=info msg="Tool required for debug" tool="esp32:mkspiffs@0.2.3"
time="2025-08-24T13:53:22-07:00" level=info msg="Tool required for debug" tool="esp32:openocd-esp32@v0.12.0-esp32-20250422"
2025-08-24 13:53:22 2025-08-24T20:53:22.425Z daemon INFO time="2025-08-24T13:53:22-07:00" level=info msg="Tool required for debug" tool="esp32:riscv32-esp-elf-gdb@16.2_20250324"
time="2025-08-24T13:53:22-07:00" level=info msg="Tool required for debug" tool="esp32:xtensa-esp-elf-gdb@16.2_20250324"
time="2025-08-24T13:53:22-07:00" level=info msg="Tool required for debug" tool="arduino:avr-gcc@7.3.0-atmel3.6.1-arduino7"
time="2025-08-24T13:53:22-07:00" level=info msg="Tool required for debug" tool="arduino:arduinoOTA@1.3.0"
time="2025-08-24T13:53:22-07:00" level=info msg="Tool required for debug" tool="builtin:dfu-discovery@0.1.2"
time="2025-08-24T13:53:22-07:00" level=info msg="Tool required for debug" tool="arduino:bossac@1.9.1-arduino5"
time="2025-08-24T13:53:22-07:00" level=info msg="Tool required for debug" tool="arduino:openocd@0.11.0-arduino2"
time="2025-08-24T13:53:22-07:00" level=info msg="Tool required for debug" tool="builtin:serial-discovery@1.4.1"
time="2025-08-24T13:53:22-07:00" level=info msg="Tool required for debug" tool="builtin:ctags@5.8-arduino11"
time="2025-08-24T13:53:22-07:00" level=info msg="Tool required for debug" tool="builtin:mdns-discovery@1.0.9"
time="2025-08-24T13:53:22-07:00" level=info msg="Tool required for debug" tool="builtin:serial-monitor@0.15.0"
time="2025-08-24T13:53:22-07:00" level=info msg="Tool required for debug" tool="arduino:arm-none-eabi-gcc@7-2017q4"
2025-08-24 13:53:22 2025-08-24T20:53:22.425Z daemon INFO time="2025-08-24T13:53:22-07:00" level=info msg="Tool required for debug" tool="arduino:avrdude@6.3.0-arduino17"
2025-08-24 13:53:22 2025-08-24T20:53:22.429Z daemon INFO time="2025-08-24T13:53:22-07:00" level=info msg="Tool required for debug" tool="arduino:dfu-util@0.11.0-arduino5"
time="2025-08-24T13:53:22-07:00" level=info msg="Tool required for debug" tool="esp32:esp-rv32@2411"
time="2025-08-24T13:53:22-07:00" level=info msg="Tool required for debug" tool="esp32:esp-x32@2411"
time="2025-08-24T13:53:22-07:00" level=info msg="Tool required for debug" tool="esp32:esp32-arduino-libs@idf-release_v5.5-b66b5448-v1"
time="2025-08-24T13:53:22-07:00" level=info msg="Tool required for debug" tool="esp32:esptool_py@5.0.0"
2025-08-24 13:53:22 2025-08-24T20:53:22.429Z daemon INFO time="2025-08-24T13:53:22-07:00" level=info msg="Tool required for debug" tool="esp32:mklittlefs@3.0.0-gnu12-dc7f933"
time="2025-08-24T13:53:22-07:00" level=info msg="Tool required for debug" tool="esp32:mkspiffs@0.2.3"
time="2025-08-24T13:53:22-07:00" level=info msg="Tool required for debug" tool="esp32:openocd-esp32@v0.12.0-esp32-20250422"
time="2025-08-24T13:53:22-07:00" level=info msg="Tool required for debug" tool="esp32:riscv32-esp-elf-gdb@16.2_20250324"
time="2025-08-24T13:53:22-07:00" level=info msg="Tool required for debug" tool="esp32:xtensa-esp-elf-gdb@16.2_20250324"
time="2025-08-24T13:53:22-07:00" level=info msg="Tool required for debug" tool="arduino:arduinoOTA@1.3.0"
time="2025-08-24T13:53:22-07:00" level=info msg="Tool required for debug" tool="builtin:ctags@5.8-arduino11"
time="2025-08-24T13:53:22-07:00" level=info msg="Tool required for debug" tool="builtin:dfu-discovery@0.1.2"
time="2025-08-24T13:53:22-07:00" level=info msg="Tool required for debug" tool="arduino:avr-gcc@7.3.0-atmel3.6.1-arduino7"
time="2025-08-24T13:53:22-07:00" level=info msg="Tool required for debug" tool="arduino:openocd@0.11.0-arduino2"
time="2025-08-24T13:53:22-07:00" level=info msg="Tool required for debug" tool="arduino:arm-none-eabi-gcc@7-2017q4"
2025-08-24 13:53:22 2025-08-24T20:53:22.429Z daemon INFO time="2025-08-24T13:53:22-07:00" level=info msg="Tool required for debug" tool="arduino:avrdude@6.3.0-arduino17"
time="2025-08-24T13:53:22-07:00" level=info msg="Tool required for debug" tool="builtin:serial-monitor@0.15.0"
time="2025-08-24T13:53:22-07:00" level=info msg="Tool required for debug" tool="arduino:bossac@1.9.1-arduino5"
time="2025-08-24T13:53:22-07:00" level=info msg="Tool required for debug" tool="builtin:mdns-discovery@1.0.9"
time="2025-08-24T13:53:22-07:00" level=info msg="Tool required for debug" tool="builtin:serial-discovery@1.4.1"
2025-08-24 13:53:22 2025-08-24T20:53:22.433Z daemon INFO time="2025-08-24T13:53:22-07:00" level=info msg="Tool required for debug" tool="arduino:dfu-util@0.11.0-arduino5"
time="2025-08-24T13:53:22-07:00" level=info msg="Tool required for debug" tool="esp32:esp-rv32@2411"
time="2025-08-24T13:53:22-07:00" level=info msg="Tool required for debug" tool="esp32:esp-x32@2411"
time="2025-08-24T13:53:22-07:00" level=info msg="Tool required for debug" tool="esp32:esp32-arduino-libs@idf-release_v5.5-b66b5448-v1"
2025-08-24 13:53:22 2025-08-24T20:53:22.433Z daemon INFO time="2025-08-24T13:53:22-07:00" level=info msg="Tool required for debug" tool="esp32:esptool_py@5.0.0"
time="2025-08-24T13:53:22-07:00" level=info msg="Tool required for debug" tool="esp32:mklittlefs@3.0.0-gnu12-dc7f933"
time="2025-08-24T13:53:22-07:00" level=info msg="Tool required for debug" tool="esp32:mkspiffs@0.2.3"
time="2025-08-24T13:53:22-07:00" level=info msg="Tool required for debug" tool="esp32:openocd-esp32@v0.12.0-esp32-20250422"
time="2025-08-24T13:53:22-07:00" level=info msg="Tool required for debug" tool="esp32:riscv32-esp-elf-gdb@16.2_20250324"
time="2025-08-24T13:53:22-07:00" level=info msg="Tool required for debug" tool="esp32:xtensa-esp-elf-gdb@16.2_20250324"
time="2025-08-24T13:53:22-07:00" level=info msg="Tool required for debug" tool="arduino:openocd@0.11.0-arduino2"
time="2025-08-24T13:53:22-07:00" level=info msg="Tool required for debug" tool="arduino:arduinoOTA@1.3.0"
time="2025-08-24T13:53:22-07:00" level=info msg="Tool required for debug" tool="builtin:serial-monitor@0.15.0"
time="2025-08-24T13:53:22-07:00" level=info msg="Tool required for debug" tool="arduino:avr-gcc@7.3.0-atmel3.6.1-arduino7"
time="2025-08-24T13:53:22-07:00" level=info msg="Tool required for debug" tool="arduino:bossac@1.9.1-arduino5"
time="2025-08-24T13:53:22-07:00" level=info msg="Tool required for debug" tool="builtin:mdns-discovery@1.0.9"
2025-08-24 13:53:22 2025-08-24T20:53:22.433Z daemon INFO time="2025-08-24T13:53:22-07:00" level=info msg="Tool required for debug" tool="builtin:serial-discovery@1.4.1"
time="2025-08-24T13:53:22-07:00" level=info msg="Tool required for debug" tool="builtin:ctags@5.8-arduino11"
time="2025-08-24T13:53:22-07:00" level=info msg="Tool required for debug" tool="builtin:dfu-discovery@0.1.2"
time="2025-08-24T13:53:22-07:00" level=info msg="Tool required for debug" tool="arduino:arm-none-eabi-gcc@7-2017q4"
time="2025-08-24T13:53:22-07:00" level=info msg="Tool required for debug" tool="arduino:avrdude@6.3.0-arduino17"
2025-08-24 13:53:22 2025-08-24T20:53:22.436Z daemon INFO time="2025-08-24T13:53:22-07:00" level=info msg="Tool required for debug" tool="arduino:dfu-util@0.11.0-arduino5"
time="2025-08-24T13:53:22-07:00" level=info msg="Tool required for debug" tool="esp32:esp-rv32@2411"
time="2025-08-24T13:53:22-07:00" level=info msg="Tool required for debug" tool="esp32:esp-x32@2411"
time="2025-08-24T13:53:22-07:00" level=info msg="Tool required for debug" tool="esp32:esp32-arduino-libs@idf-release_v5.5-b66b5448-v1"
time="2025-08-24T13:53:22-07:00" level=info msg="Tool required for debug" tool="esp32:esptool_py@5.0.0"
2025-08-24 13:53:22 2025-08-24T20:53:22.436Z daemon INFO time="2025-08-24T13:53:22-07:00" level=info msg="Tool required for debug" tool="esp32:mklittlefs@3.0.0-gnu12-dc7f933"
time="2025-08-24T13:53:22-07:00" level=info msg="Tool required for debug" tool="esp32:mkspiffs@0.2.3"
time="2025-08-24T13:53:22-07:00" level=info msg="Tool required for debug" tool="esp32:openocd-esp32@v0.12.0-esp32-20250422"
time="2025-08-24T13:53:22-07:00" level=info msg="Tool required for debug" tool="esp32:riscv32-esp-elf-gdb@16.2_20250324"
time="2025-08-24T13:53:22-07:00" level=info msg="Tool required for debug" tool="esp32:xtensa-esp-elf-gdb@16.2_20250324"
time="2025-08-24T13:53:22-07:00" level=info msg="Tool required for debug" tool="arduino:avr-gcc@7.3.0-atmel3.6.1-arduino7"
time="2025-08-24T13:53:22-07:00" level=info msg="Tool required for debug" tool="arduino:openocd@0.11.0-arduino2"
time="2025-08-24T13:53:22-07:00" level=info msg="Tool required for debug" tool="builtin:serial-discovery@1.4.1"
time="2025-08-24T13:53:22-07:00" level=info msg="Tool required for debug" tool="builtin:dfu-discovery@0.1.2"
time="2025-08-24T13:53:22-07:00" level=info msg="Tool required for debug" tool="arduino:bossac@1.9.1-arduino5"
time="2025-08-24T13:53:22-07:00" level=info msg="Tool required for debug" tool="arduino:avrdude@6.3.0-arduino17"
time="2025-08-24T13:53:22-07:00" level=info msg="Tool required for debug" tool="builtin:mdns-discovery@1.0.9"
time="2025-08-24T13:53:22-07:00" level=info msg="Tool required for debug" tool="arduino:arm-none-eabi-gcc@7-2017q4"
time="2025-08-24T13:53:22-07:00" level=info msg="Tool required for debug" tool="arduino:arduinoOTA@1.3.0"
time="2025-08-24T13:53:22-07:00" level=info msg="Tool required for debug" tool="builtin:ctags@5.8-arduino11"
2025-08-24 13:53:22 2025-08-24T20:53:22.437Z daemon INFO time="2025-08-24T13:53:22-07:00" level=info msg="Tool required for debug" tool="builtin:serial-monitor@0.15.0"
2025-08-24 13:53:22 2025-08-24T20:53:22.445Z daemon INFO time="2025-08-24T13:53:22-07:00" level=info msg="Tool required for debug" tool="arduino:dfu-util@0.11.0-arduino5"
time="2025-08-24T13:53:22-07:00" level=info msg="Tool required for debug" tool="esp32:esp-rv32@2411"
2025-08-24 13:53:22 2025-08-24T20:53:22.445Z daemon INFO time="2025-08-24T13:53:22-07:00" level=info msg="Tool required for debug" tool="esp32:esp-x32@2411"
time="2025-08-24T13:53:22-07:00" level=info msg="Tool required for debug" tool="esp32:esp32-arduino-libs@idf-release_v5.5-b66b5448-v1"
time="2025-08-24T13:53:22-07:00" level=info msg="Tool required for debug" tool="esp32:esptool_py@5.0.0"
time="2025-08-24T13:53:22-07:00" level=info msg="Tool required for debug" tool="esp32:mklittlefs@3.0.0-gnu12-dc7f933"
time="2025-08-24T13:53:22-07:00" level=info msg="Tool required for debug" tool="esp32:mkspiffs@0.2.3"
time="2025-08-24T13:53:22-07:00" level=info msg="Tool required for debug" tool="esp32:openocd-esp32@v0.12.0-esp32-20250422"
2025-08-24 13:53:22 2025-08-24T20:53:22.445Z daemon INFO time="2025-08-24T13:53:22-07:00" level=info msg="Tool required for debug" tool="esp32:riscv32-esp-elf-gdb@16.2_20250324"
time="2025-08-24T13:53:22-07:00" level=info msg="Tool required for debug" tool="esp32:xtensa-esp-elf-gdb@16.2_20250324"
time="2025-08-24T13:53:22-07:00" level=info msg="Tool required for debug" tool="arduino:arm-none-eabi-gcc@7-2017q4"
2025-08-24 13:53:22 2025-08-24T20:53:22.445Z daemon INFO time="2025-08-24T13:53:22-07:00" level=info msg="Tool required for debug" tool="builtin:ctags@5.8-arduino11"
time="2025-08-24T13:53:22-07:00" level=info msg="Tool required for debug" tool="builtin:serial-discovery@1.4.1"
2025-08-24 13:53:22 2025-08-24T20:53:22.445Z daemon INFO time="2025-08-24T13:53:22-07:00" level=info msg="Tool required for debug" tool="arduino:arduinoOTA@1.3.0"
2025-08-24 13:53:22 2025-08-24T20:53:22.445Z daemon INFO time="2025-08-24T13:53:22-07:00" level=info msg="Tool required for debug" tool="arduino:avr-gcc@7.3.0-atmel3.6.1-arduino7"
time="2025-08-24T13:53:22-07:00" level=info msg="Tool required for debug" tool="arduino:bossac@1.9.1-arduino5"
time="2025-08-24T13:53:22-07:00" level=info msg="Tool required for debug" tool="builtin:mdns-discovery@1.0.9"
2025-08-24 13:53:22 2025-08-24T20:53:22.445Z daemon INFO time="2025-08-24T13:53:22-07:00" level=info msg="Tool required for debug" tool="builtin:serial-monitor@0.15.0"
2025-08-24 13:53:22 2025-08-24T20:53:22.445Z daemon INFO time="2025-08-24T13:53:22-07:00" level=info msg="Tool required for debug" tool="arduino:avrdude@6.3.0-arduino17"
time="2025-08-24T13:53:22-07:00" level=info msg="Tool required for debug" tool="builtin:dfu-discovery@0.1.2"
2025-08-24 13:53:22 2025-08-24T20:53:22.445Z daemon INFO time="2025-08-24T13:53:22-07:00" level=info msg="Tool required for debug" tool="arduino:openocd@0.11.0-arduino2"
2025-08-24 13:53:22 2025-08-24T20:53:22.451Z daemon INFO time="2025-08-24T13:53:22-07:00" level=info msg="Tool required for debug" tool="arduino:dfu-util@0.11.0-arduino5"
time="2025-08-24T13:53:22-07:00" level=info msg="Tool required for debug" tool="esp32:esp-rv32@2411"
time="2025-08-24T13:53:22-07:00" level=info msg="Tool required for debug" tool="esp32:esp-x32@2411"
time="2025-08-24T13:53:22-07:00" level=info msg="Tool required for debug" tool="esp32:esp32-arduino-libs@idf-release_v5.5-b66b5448-v1"
2025-08-24 13:53:22 2025-08-24T20:53:22.451Z daemon INFO time="2025-08-24T13:53:22-07:00" level=info msg="Tool required for debug" tool="esp32:esptool_py@5.0.0"
time="2025-08-24T13:53:22-07:00" level=info msg="Tool required for debug" tool="esp32:mklittlefs@3.0.0-gnu12-dc7f933"
time="2025-08-24T13:53:22-07:00" level=info msg="Tool required for debug" tool="esp32:mkspiffs@0.2.3"
time="2025-08-24T13:53:22-07:00" level=info msg="Tool required for debug" tool="esp32:openocd-esp32@v0.12.0-esp32-20250422"
time="2025-08-24T13:53:22-07:00" level=info msg="Tool required for debug" tool="esp32:riscv32-esp-elf-gdb@16.2_20250324"
time="2025-08-24T13:53:22-07:00" level=info msg="Tool required for debug" tool="esp32:xtensa-esp-elf-gdb@16.2_20250324"
time="2025-08-24T13:53:22-07:00" level=info msg="Tool required for debug" tool="builtin:serial-monitor@0.15.0"
time="2025-08-24T13:53:22-07:00" level=info msg="Tool required for debug" tool="builtin:dfu-discovery@0.1.2"
time="2025-08-24T13:53:22-07:00" level=info msg="Tool required for debug" tool="builtin:mdns-discovery@1.0.9"
time="2025-08-24T13:53:22-07:00" level=info msg="Tool required for debug" tool="arduino:avrdude@6.3.0-arduino17"
time="2025-08-24T13:53:22-07:00" level=info msg="Tool required for debug" tool="builtin:serial-discovery@1.4.1"
time="2025-08-24T13:53:22-07:00" level=info msg="Tool required for debug" tool="arduino:avr-gcc@7.3.0-atmel3.6.1-arduino7"
time="2025-08-24T13:53:22-07:00" level=info msg="Tool required for debug" tool="arduino:bossac@1.9.1-arduino5"
time="2025-08-24T13:53:22-07:00" level=info msg="Tool required for debug" tool="arduino:arduinoOTA@1.3.0"
time="2025-08-24T13:53:22-07:00" level=info msg="Tool required for debug" tool="arduino:arm-none-eabi-gcc@7-2017q4"
2025-08-24 13:53:22 2025-08-24T20:53:22.451Z daemon INFO time="2025-08-24T13:53:22-07:00" level=info msg="Tool required for debug" tool="arduino:openocd@0.11.0-arduino2"
time="2025-08-24T13:53:22-07:00" level=info msg="Tool required for debug" tool="builtin:ctags@5.8-arduino11"
2025-08-24 13:53:22 2025-08-24T20:53:22.454Z daemon INFO time="2025-08-24T13:53:22-07:00" level=info msg="Tool required for debug" tool="arduino:dfu-util@0.11.0-arduino5"
time="2025-08-24T13:53:22-07:00" level=info msg="Tool required for debug" tool="esp32:esp-rv32@2411"
time="2025-08-24T13:53:22-07:00" level=info msg="Tool required for debug" tool="esp32:esp-x32@2411"
time="2025-08-24T13:53:22-07:00" level=info msg="Tool required for debug" tool="esp32:esp32-arduino-libs@idf-release_v5.5-b66b5448-v1"
time="2025-08-24T13:53:22-07:00" level=info msg="Tool required for debug" tool="esp32:esptool_py@5.0.0"
time="2025-08-24T13:53:22-07:00" level=info msg="Tool required for debug" tool="esp32:mklittlefs@3.0.0-gnu12-dc7f933"
2025-08-24 13:53:22 2025-08-24T20:53:22.454Z daemon INFO time="2025-08-24T13:53:22-07:00" level=info msg="Tool required for debug" tool="esp32:mkspiffs@0.2.3"
time="2025-08-24T13:53:22-07:00" level=info msg="Tool required for debug" tool="esp32:openocd-esp32@v0.12.0-esp32-20250422"
time="2025-08-24T13:53:22-07:00" level=info msg="Tool required for debug" tool="esp32:riscv32-esp-elf-gdb@16.2_20250324"
time="2025-08-24T13:53:22-07:00" level=info msg="Tool required for debug" tool="esp32:xtensa-esp-elf-gdb@16.2_20250324"
time="2025-08-24T13:53:22-07:00" level=info msg="Tool required for debug" tool="builtin:dfu-discovery@0.1.2"
time="2025-08-24T13:53:22-07:00" level=info msg="Tool required for debug" tool="arduino:arm-none-eabi-gcc@7-2017q4"
time="2025-08-24T13:53:22-07:00" level=info msg="Tool required for debug" tool="arduino:arduinoOTA@1.3.0"
time="2025-08-24T13:53:22-07:00" level=info msg="Tool required for debug" tool="builtin:ctags@5.8-arduino11"
2025-08-24 13:53:22 2025-08-24T20:53:22.454Z daemon INFO time="2025-08-24T13:53:22-07:00" level=info msg="Adding libraries dir" dir=/home/aaron/.arduino15/libraries isSingleLibrary=false location=ide
2025-08-24 13:53:22 2025-08-24T20:53:22.454Z daemon INFO time="2025-08-24T13:53:22-07:00" level=info msg="Tool required for debug" tool="builtin:serial-discovery@1.4.1"
time="2025-08-24T13:53:22-07:00" level=info msg="Adding libraries dir" dir=/home/aaron/.arduino15/packages/esp32/hardware/esp32/3.3.0/libraries isSingleLibrary=false location=platform
2025-08-24 13:53:22 2025-08-24T20:53:22.454Z daemon INFO time="2025-08-24T13:53:22-07:00" level=info msg="Adding libraries dir" dir=/home/aaron/Arduino/libraries isSingleLibrary=false location=user
time="2025-08-24T13:53:22-07:00" level=info msg="Tool required for debug" tool="arduino:bossac@1.9.1-arduino5"
time="2025-08-24T13:53:22-07:00" level=info msg="Tool required for debug" tool="arduino:avr-gcc@7.3.0-atmel3.6.1-arduino7"
time="2025-08-24T13:53:22-07:00" level=info msg="Tool required for debug" tool="builtin:serial-monitor@0.15.0"
2025-08-24 13:53:22 2025-08-24T20:53:22.454Z daemon INFO time="2025-08-24T13:53:22-07:00" level=info msg="Tool required for debug" tool="arduino:avrdude@6.3.0-arduino17"
time="2025-08-24T13:53:22-07:00" level=info msg="Tool required for debug" tool="builtin:mdns-discovery@1.0.9"
time="2025-08-24T13:53:22-07:00" level=info msg="Tool required for debug" tool="arduino:openocd@0.11.0-arduino2"
2025-08-24 13:53:22 2025-08-24T20:53:22.644Z root INFO Starting language server: esp32:esp32:esp32s3:UploadSpeed=921600,USBMode=hwcdc,CDCOnBoot=default,MSCOnBoot=default,DFUOnBoot=default,UploadMode=default,CPUFreq=240,FlashMode=qio,FlashSize=4M,PartitionScheme=default,DebugLevel=none,PSRAM=disabled,LoopCore=1,EventsCore=1,EraseFlash=none,JTAGAdapter=default,ZigbeeMode=default
2025-08-24 13:53:24 2025-08-24T20:53:24.103Z daemon INFO time="2025-08-24T13:53:24-07:00" level=info msg="Resolving include BLEDevice.h for arch esp32"
time="2025-08-24T13:53:24-07:00" level=info msg="  found better lib" lib=BLE prio=3F4
2025-08-24 13:53:25 2025-08-24T20:53:25.988Z daemon INFO time="2025-08-24T13:53:25-07:00" level=info msg="Resolving include SD_MMC.h for arch esp32"
time="2025-08-24T13:53:25-07:00" level=info msg="  found better lib" lib=SD_MMC prio=6B0
2025-08-24 13:53:26 2025-08-24T20:53:26.854Z daemon INFO time="2025-08-24T13:53:26-07:00" level=info msg="Resolving include FS.h for arch esp32"
time="2025-08-24T13:53:26-07:00" level=info msg="  found better lib" lib=FS prio=6B0
2025-08-24 13:53:27 2025-08-24T20:53:27.612Z discovery-log INFO {"eventType":"add","port":{"matchingBoardsList":[],"port":{"address":"/dev/ttyACM0","label":"/dev/ttyACM0","protocol":"serial","protocolLabel":"Serial Port (USB)","propertiesMap":[["pid","0x55d3"],["serialNumber","5A4E104763"],["vid","0x1a86"]],"hardwareId":"5A4E104763"}},"error":""}
2025-08-24 13:53:27 2025-08-24T20:53:27.855Z daemon INFO time="2025-08-24T13:53:27-07:00" level=info msg="Starting monitor process" monitor=serial-monitor
2025-08-24 13:53:27 2025-08-24T20:53:27.865Z monitor-service INFO starting monitor
2025-08-24 13:53:27 2025-08-24T20:53:27.867Z daemon INFO time="2025-08-24T13:53:27-07:00" level=info msg="Starting monitor process" monitor=serial-monitor
2025-08-24 13:53:28 2025-08-24T20:53:28.306Z daemon INFO time="2025-08-24T13:53:28-07:00" level=info msg="Monitor process started successfully!" monitor=serial-monitor
time="2025-08-24T13:53:28-07:00" level=info msg="sending command" command="HELLO 1 \"arduino-cli 1.2.0\"" monitor=serial-monitor
time="2025-08-24T13:53:28-07:00" level=info msg="Monitor process started successfully!" monitor=serial-monitor
time="2025-08-24T13:53:28-07:00" level=info msg="sending command" command="HELLO 1 \"arduino-cli 1.2.0\"" monitor=serial-monitor
2025-08-24 13:53:28 2025-08-24T20:53:28.329Z daemon INFO time="2025-08-24T13:53:28-07:00" level=info msg="received message" error=false event_type=hello message=OK monitor=serial-monitor
time="2025-08-24T13:53:28-07:00" level=info msg="sending command" command=DESCRIBE monitor=serial-monitor
2025-08-24 13:53:28 2025-08-24T20:53:28.329Z daemon INFO time="2025-08-24T13:53:28-07:00" level=info msg="received message" error=false event_type=hello message=OK monitor=serial-monitor
time="2025-08-24T13:53:28-07:00" level=info msg="sending command" command=DESCRIBE monitor=serial-monitor
2025-08-24 13:53:28 2025-08-24T20:53:28.329Z daemon INFO time="2025-08-24T13:53:28-07:00" level=info msg="received message" error=false event_type=describe message=OK monitor=serial-monitor
2025-08-24 13:53:28 2025-08-24T20:53:28.329Z daemon INFO time="2025-08-24T13:53:28-07:00" level=info msg="received message" error=false event_type=describe message=OK monitor=serial-monitor
time="2025-08-24T13:53:28-07:00" level=info msg="sending command" command=QUIT monitor=serial-monitor
time="2025-08-24T13:53:28-07:00" level=info msg="sending command" command=QUIT monitor=serial-monitor
2025-08-24 13:53:28 2025-08-24T20:53:28.330Z daemon INFO time="2025-08-24T13:53:28-07:00" level=info msg="received message" error=false event_type=quit message=OK monitor=serial-monitor
time="2025-08-24T13:53:28-07:00" level=info msg="Killing monitor process" monitor=serial-monitor
2025-08-24 13:53:28 2025-08-24T20:53:28.330Z daemon INFO time="2025-08-24T13:53:28-07:00" level=info msg="received message" error=false event_type=quit message=OK monitor=serial-monitor
time="2025-08-24T13:53:28-07:00" level=info msg="Killing monitor process" monitor=serial-monitor
2025-08-24 13:53:28 2025-08-24T20:53:28.330Z daemon INFO time="2025-08-24T13:53:28-07:00" level=error msg="stopped decode loop: EOF" monitor=serial-monitor
time="2025-08-24T13:53:28-07:00" level=info msg="Monitor process killed" monitor=serial-monitor
2025-08-24 13:53:28 2025-08-24T20:53:28.330Z daemon INFO time="2025-08-24T13:53:28-07:00" level=error msg="stopped decode loop: EOF" monitor=serial-monitor
2025-08-24 13:53:28 2025-08-24T20:53:28.330Z daemon INFO time="2025-08-24T13:53:28-07:00" level=info msg="Monitor process killed" monitor=serial-monitor
2025-08-24 13:53:28 2025-08-24T20:53:28.341Z daemon INFO time="2025-08-24T13:53:28-07:00" level=info msg="Resolving include WiFi.h for arch esp32"
time="2025-08-24T13:53:28-07:00" level=info msg="  found better lib" lib=WiFi prio=6B0
2025-08-24 13:53:28 2025-08-24T20:53:28.342Z daemon INFO time="2025-08-24T13:53:28-07:00" level=info msg="Starting monitor process" monitor=serial-monitor
2025-08-24 13:53:28 2025-08-24T20:53:28.343Z daemon INFO time="2025-08-24T13:53:28-07:00" level=info msg="Monitor process started successfully!" monitor=serial-monitor
time="2025-08-24T13:53:28-07:00" level=info msg="sending command" command="HELLO 1 \"arduino-cli 1.2.0\"" monitor=serial-monitor
2025-08-24 13:53:28 2025-08-24T20:53:28.346Z daemon INFO time="2025-08-24T13:53:28-07:00" level=info msg="received message" error=false event_type=hello message=OK monitor=serial-monitor
time="2025-08-24T13:53:28-07:00" level=info msg="sending command" command=DESCRIBE monitor=serial-monitor
2025-08-24 13:53:28 2025-08-24T20:53:28.346Z daemon INFO time="2025-08-24T13:53:28-07:00" level=info msg="received message" error=false event_type=describe message=OK monitor=serial-monitor
2025-08-24 13:53:28 2025-08-24T20:53:28.346Z daemon INFO time="2025-08-24T13:53:28-07:00" level=info msg="sending command" command="CONFIGURE rts on" monitor=serial-monitor
2025-08-24 13:53:28 2025-08-24T20:53:28.346Z daemon INFO time="2025-08-24T13:53:28-07:00" level=info msg="received message" error=false event_type=configure message=OK monitor=serial-monitor
time="2025-08-24T13:53:28-07:00" level=info msg="sending command" command="CONFIGURE stop_bits 1" monitor=serial-monitor
2025-08-24 13:53:28 2025-08-24T20:53:28.346Z daemon INFO time="2025-08-24T13:53:28-07:00" level=info msg="received message" error=false event_type=configure message=OK monitor=serial-monitor
2025-08-24 13:53:28 2025-08-24T20:53:28.346Z daemon INFO time="2025-08-24T13:53:28-07:00" level=info msg="sending command" command="CONFIGURE baudrate 115200" monitor=serial-monitor
2025-08-24 13:53:28 2025-08-24T20:53:28.346Z daemon INFO time="2025-08-24T13:53:28-07:00" level=info msg="received message" error=false event_type=configure message=OK monitor=serial-monitor
time="2025-08-24T13:53:28-07:00" level=info msg="sending command" command="CONFIGURE bits 8" monitor=serial-monitor
2025-08-24 13:53:28 2025-08-24T20:53:28.346Z daemon INFO time="2025-08-24T13:53:28-07:00" level=info msg="received message" error=false event_type=configure message=OK monitor=serial-monitor
2025-08-24 13:53:28 2025-08-24T20:53:28.346Z daemon INFO time="2025-08-24T13:53:28-07:00" level=info msg="sending command" command="CONFIGURE dtr on" monitor=serial-monitor
2025-08-24 13:53:28 2025-08-24T20:53:28.347Z daemon INFO time="2025-08-24T13:53:28-07:00" level=info msg="received message" error=false event_type=configure message=OK monitor=serial-monitor
time="2025-08-24T13:53:28-07:00" level=info msg="sending command" command="CONFIGURE parity none" monitor=serial-monitor
2025-08-24 13:53:28 2025-08-24T20:53:28.347Z daemon INFO time="2025-08-24T13:53:28-07:00" level=info msg="received message" error=false event_type=configure message=OK monitor=serial-monitor
2025-08-24 13:53:28 2025-08-24T20:53:28.347Z daemon INFO time="2025-08-24T13:53:28-07:00" level=info msg="sending command" command="OPEN 127.0.0.1:37311 /dev/ttyACM0" monitor=serial-monitor
2025-08-24 13:53:28 2025-08-24T20:53:28.350Z daemon INFO time="2025-08-24T13:53:28-07:00" level=info msg="received message" error=false event_type=open message=OK monitor=serial-monitor
2025-08-24 13:53:28 2025-08-24T20:53:28.351Z daemon INFO time="2025-08-24T13:53:28-07:00" level=info msg="Port /dev/ttyACM0 successfully opened"
2025-08-24 13:53:28 2025-08-24T20:53:28.353Z monitor-service INFO Using port configuration for serial:/dev/ttyACM0: {"settingsList":[{"settingId":"rts","value":"on"},{"settingId":"stop_bits","value":"1"},{"settingId":"baudrate","value":"115200"},{"settingId":"bits","value":"8"},{"settingId":"dtr","value":"on"},{"settingId":"parity","value":"none"}]}
2025-08-24 13:53:28 2025-08-24T20:53:28.353Z monitor-service INFO started monitor to /dev/ttyACM0 using serial
2025-08-24 13:53:28 2025-08-24T20:53:28.393Z monitor-service INFO No port configuration changes have been detected. No need to send configure commands to the running monitor serial:/dev/ttyACM0.
2025-08-24 13:53:29 2025-08-24T20:53:29.820Z daemon INFO time="2025-08-24T13:53:29-07:00" level=info msg="Resolving include Network.h for arch esp32"
time="2025-08-24T13:53:29-07:00" level=info msg="  found better lib" lib=Networking prio=64C
2025-08-24 13:53:42 2025-08-24T20:53:42.649Z root INFO Failed to start language server. Original FQBN: esp32:esp32:esp32s3 Error: Timeout after 20000 ms.
    at file:///nix/store/2d5i1bzbqbnl4rgnhk8czrw5zmqqjdzv-arduino-ide-2.3.6-extracted/resources/app/lib/frontend/bundle.js:2:11010057
2025-08-24 13:54:12 2025-08-24T20:54:12.168Z daemon INFO time="2025-08-24T13:54:12-07:00" level=info msg="Adding libraries dir" dir=/home/aaron/.arduino15/libraries isSingleLibrary=false location=ide
time="2025-08-24T13:54:12-07:00" level=info msg="Adding libraries dir" dir=/home/aaron/.arduino15/packages/esp32/hardware/esp32/3.3.0/libraries isSingleLibrary=false location=platform
2025-08-24 13:54:12 2025-08-24T20:54:12.168Z daemon INFO time="2025-08-24T13:54:12-07:00" level=info msg="Adding libraries dir" dir=/home/aaron/Arduino/libraries isSingleLibrary=false location=user
2025-08-24 13:54:19 2025-08-24T20:54:19.505Z daemon INFO time="2025-08-24T13:54:19-07:00" level=info msg="Adding libraries dir" dir=/home/aaron/.arduino15/libraries isSingleLibrary=false location=ide
time="2025-08-24T13:54:19-07:00" level=info msg="Adding libraries dir" dir=/home/aaron/.arduino15/packages/esp32/hardware/esp32/3.3.0/libraries isSingleLibrary=false location=platform
2025-08-24 13:54:19 2025-08-24T20:54:19.505Z daemon INFO time="2025-08-24T13:54:19-07:00" level=info msg="Adding libraries dir" dir=/home/aaron/Arduino/libraries isSingleLibrary=false location=user
2025-08-24 13:54:20 2025-08-24T20:54:20.607Z daemon INFO time="2025-08-24T13:54:20-07:00" level=info msg="Resolving include BLEDevice.h for arch esp32"
time="2025-08-24T13:54:20-07:00" level=info msg="  found better lib" lib=BLE prio=3F4
2025-08-24 13:54:21 2025-08-24T20:54:21.457Z daemon INFO time="2025-08-24T13:54:21-07:00" level=info msg="Resolving include SD_MMC.h for arch esp32"
time="2025-08-24T13:54:21-07:00" level=info msg="  found better lib" lib=SD_MMC prio=6B0
2025-08-24 13:54:22 2025-08-24T20:54:22.275Z daemon INFO time="2025-08-24T13:54:22-07:00" level=info msg="Resolving include FS.h for arch esp32"
time="2025-08-24T13:54:22-07:00" level=info msg="  found better lib" lib=FS prio=6B0
2025-08-24 13:54:23 2025-08-24T20:54:23.256Z daemon INFO time="2025-08-24T13:54:23-07:00" level=info msg="Resolving include WiFi.h for arch esp32"
time="2025-08-24T13:54:23-07:00" level=info msg="  found better lib" lib=WiFi prio=6B0
2025-08-24 13:54:24 2025-08-24T20:54:24.340Z daemon INFO time="2025-08-24T13:54:24-07:00" level=info msg="Resolving include Network.h for arch esp32"
time="2025-08-24T13:54:24-07:00" level=info msg="  found better lib" lib=Networking prio=64C
2025-08-24 13:55:05 2025-08-24T20:55:05.514Z daemon INFO time="2025-08-24T13:55:05-07:00" level=info msg="Adding libraries dir" dir=/home/aaron/.arduino15/libraries isSingleLibrary=false location=ide
time="2025-08-24T13:55:05-07:00" level=info msg="Adding libraries dir" dir=/home/aaron/.arduino15/packages/esp32/hardware/esp32/3.3.0/libraries isSingleLibrary=false location=platform
time="2025-08-24T13:55:05-07:00" level=info msg="Adding libraries dir" dir=/home/aaron/Arduino/libraries isSingleLibrary=false location=user
2025-08-24 13:56:21 2025-08-24T20:56:21.477Z daemon INFO time="2025-08-24T13:56:21-07:00" level=info msg="sending command" command=CLOSE monitor=serial-monitor
2025-08-24 13:56:21 2025-08-24T20:56:21.477Z daemon INFO time="2025-08-24T13:56:21-07:00" level=info msg="received message" error=true event_type=port_closed message="readfrom tcp 127.0.0.1:53818->127.0.0.1:37311: Port has been closed" monitor=serial-monitor
time="2025-08-24T13:56:21-07:00" level=info msg="monitor port has been closed externally" monitor=serial-monitor
time="2025-08-24T13:56:21-07:00" level=info msg="received message" error=true event_type=close message="port already closed" monitor=serial-monitor
time="2025-08-24T13:56:21-07:00" level=info msg="sending command" command=QUIT monitor=serial-monitor
2025-08-24 13:56:21 2025-08-24T20:56:21.478Z discovery-log INFO {"eventType":"remove","port":{"matchingBoardsList":[],"port":{"address":"/dev/ttyACM0","label":"","protocol":"serial","protocolLabel":"","propertiesMap":[],"hardwareId":""}},"error":""}
2025-08-24 13:56:21 2025-08-24T20:56:21.478Z daemon INFO time="2025-08-24T13:56:21-07:00" level=info msg="received message" error=false event_type=quit message=OK monitor=serial-monitor
time="2025-08-24T13:56:21-07:00" level=info msg="Killing monitor process" monitor=serial-monitor
time="2025-08-24T13:56:21-07:00" level=error msg="stopped decode loop: EOF" monitor=serial-monitor
time="2025-08-24T13:56:21-07:00" level=info msg="Monitor process killed" monitor=serial-monitor
2025-08-24 13:56:21 2025-08-24T20:56:21.480Z monitor-service INFO monitor to /dev/ttyACM0 using serial closed by server
2025-08-24 21:11:24 isTempSketch: false. Input was /home/aaron/projects/esp32_ble/wroom/master
2025-08-24 21:11:24 Marking workspace as a closed sketch. Workspace URI: file:///home/aaron/projects/esp32_ble/wroom/master. Date: 1756095084555.
2025-08-24 21:11:24 isTempSketch: false. Input was /home/aaron/projects/esp32_ble/wroom/master
2025-08-24 21:11:24 Marking workspace as a closed sketch. Workspace URI: file:///home/aaron/projects/esp32_ble/wroom/master. Date: 1756095084560.
2025-08-24 21:11:24 2025-08-25T04:11:24.572Z root INFO socked closed
2025-08-24 21:11:24 2025-08-25T04:11:24.572Z root INFO closing connection for 2
2025-08-24 21:11:24 2025-08-25T04:11:24.572Z root INFO Closing channel on service path '/localization-server'.
2025-08-24 21:11:24 2025-08-25T04:11:24.572Z root INFO Closing channel on service path '/os'.
2025-08-24 21:11:24 2025-08-25T04:11:24.572Z root INFO Closing channel on service path '/services/commands'.
2025-08-24 21:11:24 2025-08-25T04:11:24.572Z root INFO Closing channel on service path '/services/keyboard'.
2025-08-24 21:11:24 2025-08-25T04:11:24.572Z root INFO Closing channel on service path '/services/logger'.
2025-08-24 21:11:24 2025-08-25T04:11:24.572Z root INFO Closing channel on service path '/services/messageService'.
2025-08-24 21:11:24 2025-08-25T04:11:24.572Z root INFO Closing channel on service path '/services/ChannelCloseService'.
2025-08-24 21:11:24 2025-08-25T04:11:24.572Z root INFO Closing channel on service path '/services/remote-filesystem'.
2025-08-24 21:11:24 2025-08-25T04:11:24.572Z root INFO Closing channel on service path '/services/envs'.
2025-08-24 21:11:24 2025-08-25T04:11:24.572Z root INFO Closing channel on service path '/services/authentication-service'.
2025-08-24 21:11:24 2025-08-25T04:11:24.572Z root INFO Closing channel on service path '/services/sketches-service'.
2025-08-24 21:11:24 2025-08-25T04:11:24.573Z root INFO Closing channel on service path '/services/config-service'.
2025-08-24 21:11:24 2025-08-25T04:11:24.573Z root INFO Closing channel on service path '/services/workspace'.
2025-08-24 21:11:24 2025-08-25T04:11:24.573Z root INFO Closing channel on service path '/services/notification-service'.
2025-08-24 21:11:24 2025-08-25T04:11:24.573Z root INFO Closing channel on service path '/services/arduino-daemon'.
2025-08-24 21:11:24 2025-08-25T04:11:24.573Z root INFO Closing channel on service path '/services/stopwatch'.
2025-08-24 21:11:24 2025-08-25T04:11:24.573Z root INFO Closing channel on service path '/services/application'.
2025-08-24 21:11:24 2025-08-25T04:11:24.573Z root INFO Closing channel on service path '/services/i18n'.
2025-08-24 21:11:24 2025-08-25T04:11:24.573Z root INFO Closing channel on service path '/services/quickInput'.
2025-08-24 21:11:24 2025-08-25T04:11:24.573Z root INFO Closing channel on service path '/services/debug'.
2025-08-24 21:11:24 2025-08-25T04:11:24.573Z root INFO Closing channel on service path '/services/shell-terminal'.
2025-08-24 21:11:24 2025-08-25T04:11:24.573Z root INFO Closing channel on service path '/services/quickPick'.
2025-08-24 21:11:24 2025-08-25T04:11:24.573Z root INFO Closing channel on service path '/services/task'.
2025-08-24 21:11:24 2025-08-25T04:11:24.573Z root INFO Closing channel on service path '/services/search'.
2025-08-24 21:11:24 2025-08-25T04:11:24.573Z root INFO Closing channel on service path '/services/hostedPlugin'.
2025-08-24 21:11:24 2025-08-25T04:11:24.573Z root INFO Closing channel on service path '/services/plugin-ext'.
2025-08-24 21:11:24 2025-08-25T04:11:24.573Z root INFO Closing channel on service path '/services/plugin-paths'.
2025-08-24 21:11:24 2025-08-25T04:11:24.573Z root INFO Closing channel on service path '/services/cli-preferences'.
2025-08-24 21:11:24 2025-08-25T04:11:24.573Z root INFO Closing channel on service path '/services/boards-service'.
2025-08-24 21:11:24 2025-08-25T04:11:24.573Z root INFO Closing channel on service path '/services/response-service'.
2025-08-24 21:11:24 2025-08-25T04:11:24.573Z root INFO Closing channel on service path '/services/file-system-ext'.
2025-08-24 21:11:24 2025-08-25T04:11:24.573Z root INFO Closing channel on service path '/services/core-service'.
2025-08-24 21:11:24 2025-08-25T04:11:24.573Z root INFO Closing channel on service path '/services/example-service'.
2025-08-24 21:11:24 2025-08-25T04:11:24.573Z root INFO Closing channel on service path '/services/library-service'.
2025-08-24 21:11:24 2025-08-25T04:11:24.573Z root INFO Closing channel on service path '/services/executable-service'.
2025-08-24 21:11:24 2025-08-25T04:11:24.573Z root INFO Closing channel on service path '/services/arduino-firmware-uploader'.
2025-08-24 21:11:24 2025-08-25T04:11:24.573Z root INFO Closing channel on service path '/services/formatter'.
2025-08-24 21:11:24 2025-08-25T04:11:24.573Z root INFO Closing channel on service path '/services/search-in-workspace'.
2025-08-24 21:11:24 2025-08-25T04:11:24.573Z root INFO Closing channel on service path '/services/request-service'.
2025-08-24 21:11:24 2025-08-25T04:11:24.573Z root INFO Closing channel on service path '/services/keyStore'.
2025-08-24 21:11:24 2025-08-25T04:11:24.573Z root INFO Closing channel on service path '/services/languagePackService'.
2025-08-24 21:11:24 2025-08-25T04:11:24.573Z root INFO Closing channel on service path '/services/monitor-manager-proxy'.
2025-08-24 21:11:24 Closing channel on service path '/services/electron-window'.
2025-08-24 21:11:24 Closing channel on service path '/services/ide-updater'.
2025-08-24 21:11:24 Skipped storing sketch as workspace root. Expected minimum threshold: <1756095083596>. Was: <1756068800186>.
2025-08-24 21:11:24 Skipped storing sketch as workspace root. Expected minimum threshold: <1756095083596>. Was: <1756068800198>.
2025-08-24 21:11:24 Storing the sketch as a workspace root: </home/aaron/projects/esp32_ble/wroom/master>.
2025-08-24 21:11:24 Skipped storing sketch as workspace root. Already visited: </home/aaron/projects/esp32_ble/wroom/master>.
2025-08-24 21:11:24 Stored workspaces roots: /home/aaron/projects/esp32_ble/wroom/master
2025-08-24 21:11:24 No sketches were scheduled for deletion.
