2025-08-11 18:16:39 Arduino IDE 2.3.6
2025-08-11 18:16:39 Checking for frontend application configuration customizations. Module path: /nix/store/2d5i1bzbqbnl4rgnhk8czrw5zmqqjdzv-arduino-ide-2.3.6-extracted/resources/app/lib/backend/electron-main.js, destination 'package.json': /nix/store/2d5i1bzbqbnl4rgnhk8czrw5zmqqjdzv-arduino-ide-2.3.6-extracted/resources/app/package.json
2025-08-11 18:16:39 Setting 'theia.frontend.config.appVersion' application configuration value to: "2.3.6" (type of string)
2025-08-11 18:16:39 Setting 'theia.frontend.config.cliVersion' application configuration value to: "1.2.0" (type of string)
2025-08-11 18:16:39 Setting 'theia.frontend.config.buildDate' application configuration value to: "2025-04-09T11:24:04.835Z" (type of string)
2025-08-11 18:16:39 Frontend application configuration after modifications: {"applicationName":"Arduino IDE","defaultTheme":{"light":"arduino-theme","dark":"arduino-theme-dark"},"defaultIconTheme":"none","electron":{"windowOptions":{},"showWindowEarly":true,"splashScreenOptions":{},"uriScheme":"arduino-ide"},"defaultLocale":"","validatePreferencesSchema":false,"reloadOnReconnect":true,"uriScheme":"theia","preferences":{"window.title":"${rootName}${activeEditorShort}${appName}","files.autoSave":"afterDelay","editor.minimap.enabled":false,"editor.tabSize":2,"editor.scrollBeyondLastLine":false,"editor.quickSuggestions":{"other":false,"comments":false,"strings":false},"editor.maxTokenizationLineLength":500,"editor.bracketPairColorization.enabled":false,"breadcrumbs.enabled":false,"workbench.tree.renderIndentGuides":"none","explorer.compactFolders":false},"appVersion":"2.3.6","cliVersion":"1.2.0","buildDate":"2025-04-09T11:24:04.835Z"}
2025-08-11 18:16:39 Starting backend process. PID: 17794
2025-08-11 18:16:39 Showing main window early
2025-08-11 18:16:39 Using browser-only version of superagent in non-browser environment
2025-08-11 18:16:39 Configuration directory URI: 'file:///home/aaron/.arduinoIDE'
2025-08-11 18:16:39 Configuring to accept webviews on '^.+\.webview\..+$' hostname.
2025-08-11 18:16:40 2025-08-12T01:16:40.012Z root INFO Backend u.initialize: 34.3 ms [Finished 0.680 s after backend start]
2025-08-11 18:16:40 2025-08-12T01:16:40.014Z root INFO Backend Object.initialize: 32.4 ms [Finished 0.680 s after backend start]
2025-08-11 18:16:40 2025-08-12T01:16:40.015Z root INFO Backend a.initialize: 1.4 ms [Finished 0.680 s after backend start]
2025-08-11 18:16:40 2025-08-12T01:16:40.015Z root INFO Backend a.initialize: 1.1 ms [Finished 0.680 s after backend start]
2025-08-11 18:16:40 2025-08-12T01:16:40.015Z root INFO Backend u.initialize: 1.8 ms [Finished 0.681 s after backend start]
2025-08-11 18:16:40 2025-08-12T01:16:40.017Z root INFO Backend l.initialize: 34.4 ms [Finished 0.682 s after backend start]
2025-08-11 18:16:40 2025-08-12T01:16:40.025Z root INFO configured all backend app contributions
2025-08-11 18:16:40 2025-08-12T01:16:40.025Z root INFO Backend l.onStart: 1.7 ms [Finished 0.696 s after backend start]
2025-08-11 18:16:40 2025-08-12T01:16:40.026Z root INFO Backend d.onStart: 0.1 ms [Finished 0.696 s after backend start]
2025-08-11 18:16:40 2025-08-12T01:16:40.026Z root INFO Backend a.onStart: 0.3 ms [Finished 0.696 s after backend start]
2025-08-11 18:16:40 2025-08-12T01:16:40.027Z config INFO >>> Initializing CLI configuration...
2025-08-11 18:16:40 2025-08-12T01:16:40.027Z root INFO Backend x.onStart: 0.3 ms [Finished 0.697 s after backend start]
2025-08-11 18:16:40 2025-08-12T01:16:40.027Z config INFO Loading CLI configuration from /home/aaron/.arduinoIDE/arduino-cli.yaml...
2025-08-11 18:16:40 2025-08-12T01:16:40.027Z daemon INFO Starting daemon from /nix/store/2d5i1bzbqbnl4rgnhk8czrw5zmqqjdzv-arduino-ide-2.3.6-extracted/resources/app/lib/backend/resources/arduino-cli...
2025-08-11 18:16:40 2025-08-12T01:16:40.027Z root INFO Backend w.onStart: 0.4 ms [Finished 0.697 s after backend start]
2025-08-11 18:16:40 2025-08-12T01:16:40.027Z discovery-log INFO start
2025-08-11 18:16:40 2025-08-12T01:16:40.027Z discovery-log INFO start new deferred
2025-08-11 18:16:40 2025-08-12T01:16:40.027Z root INFO Backend v.onStart: 0.2 ms [Finished 0.698 s after backend start]
2025-08-11 18:16:40 2025-08-12T01:16:40.027Z root INFO Backend a.onStart: 0.1 ms [Finished 0.698 s after backend start]
2025-08-11 18:16:40 2025-08-12T01:16:40.031Z root INFO Theia app listening on http://127.0.0.1:43029.
2025-08-11 18:16:40 2025-08-12T01:16:40.031Z root INFO Finished starting backend application: 4.0 ms [Finished 0.702 s after backend start]
2025-08-11 18:16:40 Error: node-loader:
Error: libxkbfile.so.1: cannot open shared object file: No such file or directory
    at 95585 (/nix/store/2d5i1bzbqbnl4rgnhk8czrw5zmqqjdzv-arduino-ide-2.3.6-extracted/resources/app/lib/backend/electron-main.js:8:1529780)
    at __webpack_require__ (/nix/store/2d5i1bzbqbnl4rgnhk8czrw5zmqqjdzv-arduino-ide-2.3.6-extracted/resources/app/lib/backend/electron-main.js:8:1985382)
    at o._init (/nix/store/2d5i1bzbqbnl4rgnhk8czrw5zmqqjdzv-arduino-ide-2.3.6-extracted/resources/app/lib/backend/electron-main.js:5:1319254)
    at o.onDidChangeKeyboardLayout (/nix/store/2d5i1bzbqbnl4rgnhk8czrw5zmqqjdzv-arduino-ide-2.3.6-extracted/resources/app/lib/backend/electron-main.js:5:1319604)
    at t.onDidChangeKeyboardLayout (/nix/store/2d5i1bzbqbnl4rgnhk8czrw5zmqqjdzv-arduino-ide-2.3.6-extracted/resources/app/lib/backend/electron-main.js:5:1319982)
    at a.onStart (/nix/store/2d5i1bzbqbnl4rgnhk8czrw5zmqqjdzv-arduino-ide-2.3.6-extracted/resources/app/lib/backend/electron-main.js:2:205197)
    at A.startContributions (/nix/store/2d5i1bzbqbnl4rgnhk8czrw5zmqqjdzv-arduino-ide-2.3.6-extracted/resources/app/lib/backend/electron-main.js:8:1599586)
    at Object.handler (/nix/store/2d5i1bzbqbnl4rgnhk8czrw5zmqqjdzv-arduino-ide-2.3.6-extracted/resources/app/lib/backend/electron-main.js:2:1217714)
    at process.processTicksAndRejections (node:internal/process/task_queues:95:5)
2025-08-11 18:16:40 2025-08-12T01:16:40.032Z root WARN The local plugin referenced by local-dir:/home/aaron/.arduinoIDE/plugins does not exist.
2025-08-11 18:16:40 2025-08-12T01:16:40.032Z root WARN The local plugin referenced by local-dir:/home/aaron/.arduinoIDE/deployedPlugins does not exist.
2025-08-11 18:16:40 2025-08-12T01:16:40.036Z config INFO Loaded CLI configuration: {"board_manager":{"additional_urls":["https://raw.githubusercontent.com/espressif/arduino-esp32/gh-pages/package_esp32_index.json"]},"directories":{"builtin":{"libraries":"/home/aaron/.arduino15/libraries"},"data":"/home/aaron/.arduino15","user":"/home/aaron/Arduino"},"locale":"en"}
2025-08-11 18:16:40 2025-08-12T01:16:40.036Z config INFO 'directories.data' and 'directories.user' are set in the CLI configuration model.
2025-08-11 18:16:40 2025-08-12T01:16:40.036Z config INFO Loaded the CLI configuration.
2025-08-11 18:16:40 2025-08-12T01:16:40.046Z config INFO Mapped the CLI configuration: {"dataDirUri":"file:///home/aaron/.arduino15","sketchDirUri":"file:///home/aaron/Arduino","additionalUrls":["https://raw.githubusercontent.com/espressif/arduino-esp32/gh-pages/package_esp32_index.json"],"network":"none","locale":"en"}
2025-08-11 18:16:40 2025-08-12T01:16:40.046Z config INFO Validating the CLI configuration...
2025-08-11 18:16:40 2025-08-12T01:16:40.046Z config INFO The CLI config is valid.
2025-08-11 18:16:40 2025-08-12T01:16:40.047Z config INFO <<< Initialized the CLI configuration.
2025-08-11 18:16:40 2025-08-12T01:16:40.081Z root INFO Resolve plugins list: 52.2 ms [Finished 0.751 s after backend start]
2025-08-11 18:16:40 2025-08-12T01:16:40.206Z daemon INFO time="2025-08-11T18:16:40-07:00" level=info msg="arduino-cli version 1.2.0"
time="2025-08-11T18:16:40-07:00" level=info msg="Using config file: /home/aaron/.arduinoIDE/arduino-cli.yaml"
time="2025-08-11T18:16:40-07:00" level=info msg="Executing `arduino-cli daemon`"
2025-08-11 18:16:40 2025-08-12T01:16:40.232Z daemon INFO Daemon is now listening on 127.0.0.1:44997
{"IP":"127.0.0.1","Port":"44997"}
2025-08-11 18:16:40 2025-08-12T01:16:40.232Z daemon INFO Daemon is running.
2025-08-11 18:16:40 2025-08-12T01:16:40.312Z daemon INFO time="2025-08-11T18:16:40-07:00" level=info msg="Checking signature" index=/home/aaron/.arduino15/package_index.json signatureFile=/home/aaron/.arduino15/package_index.json.sig trusted=true
2025-08-11 18:16:40 2025-08-12T01:16:40.320Z daemon INFO time="2025-08-11T18:16:40-07:00" level=info msg="Missing signature file" index=/home/aaron/.arduino15/package_esp32_index.json
time="2025-08-11T18:16:40-07:00" level=info msg="Loading hardware from: /home/aaron/.arduino15/packages"
time="2025-08-11T18:16:40-07:00" level=info msg="Loading package arduino from: /home/aaron/.arduino15/packages/arduino/hardware"
time="2025-08-11T18:16:40-07:00" level=info msg="Missing signature file" index=/home/aaron/.arduino15/packages/arduino/hardware/avr/1.8.6/installed.json
2025-08-11 18:16:40 2025-08-12T01:16:40.321Z daemon INFO time="2025-08-11T18:16:40-07:00" level=info msg="Adding monitor tool" protocol=serial tool="builtin:serial-monitor"
2025-08-11 18:16:40 2025-08-12T01:16:40.321Z daemon INFO time="2025-08-11T18:16:40-07:00" level=info msg="Loaded platform" platform="arduino:avr@1.8.6"
time="2025-08-11T18:16:40-07:00" level=info msg="Checking existence of 'tools' path: /home/aaron/.arduino15/packages/arduino/tools"
time="2025-08-11T18:16:40-07:00" level=info msg="Loading tools from dir: /home/aaron/.arduino15/packages/arduino/tools"
2025-08-11 18:16:40 2025-08-12T01:16:40.323Z daemon INFO time="2025-08-11T18:16:40-07:00" level=info msg="Loaded tool" tool="arduino:arduinoOTA@1.3.0"
2025-08-11 18:16:40 2025-08-12T01:16:40.324Z daemon INFO time="2025-08-11T18:16:40-07:00" level=info msg="Loaded tool" tool="arduino:avr-gcc@7.3.0-atmel3.6.1-arduino7"
2025-08-11 18:16:40 2025-08-12T01:16:40.326Z daemon INFO time="2025-08-11T18:16:40-07:00" level=info msg="Loaded tool" tool="arduino:avrdude@6.3.0-arduino17"
2025-08-11 18:16:40 2025-08-12T01:16:40.326Z daemon INFO time="2025-08-11T18:16:40-07:00" level=info msg="Loaded tool" tool="arduino:dfu-util@0.11.0-arduino5"
2025-08-11 18:16:40 2025-08-12T01:16:40.327Z daemon INFO time="2025-08-11T18:16:40-07:00" level=info msg="Loading package builtin from: /home/aaron/.arduino15/packages/builtin"
2025-08-11 18:16:40 2025-08-12T01:16:40.327Z daemon INFO time="2025-08-11T18:16:40-07:00" level=info msg="Checking existence of 'tools' path: /home/aaron/.arduino15/packages/builtin/tools"
time="2025-08-11T18:16:40-07:00" level=info msg="Loading tools from dir: /home/aaron/.arduino15/packages/builtin/tools"
2025-08-11 18:16:40 2025-08-12T01:16:40.327Z daemon INFO time="2025-08-11T18:16:40-07:00" level=info msg="Loaded tool" tool="builtin:ctags@5.8-arduino11"
2025-08-11 18:16:40 2025-08-12T01:16:40.328Z daemon INFO time="2025-08-11T18:16:40-07:00" level=info msg="Loaded tool" tool="builtin:dfu-discovery@0.1.2"
2025-08-11 18:16:40 2025-08-12T01:16:40.328Z daemon INFO time="2025-08-11T18:16:40-07:00" level=info msg="Loaded tool" tool="builtin:mdns-discovery@1.0.9"
2025-08-11 18:16:40 2025-08-12T01:16:40.329Z daemon INFO time="2025-08-11T18:16:40-07:00" level=info msg="Loaded tool" tool="builtin:serial-discovery@1.4.1"
2025-08-11 18:16:40 2025-08-12T01:16:40.329Z daemon INFO time="2025-08-11T18:16:40-07:00" level=info msg="Loaded tool" tool="builtin:serial-monitor@0.15.0"
2025-08-11 18:16:40 2025-08-12T01:16:40.329Z daemon INFO time="2025-08-11T18:16:40-07:00" level=info msg="Loading package esp32 from: /home/aaron/.arduino15/packages/esp32/hardware"
2025-08-11 18:16:40 2025-08-12T01:16:40.336Z daemon INFO time="2025-08-11T18:16:40-07:00" level=info msg="Missing signature file" index=/home/aaron/.arduino15/packages/esp32/hardware/esp32/3.3.0/installed.json
2025-08-11 18:16:40 2025-08-12T01:16:40.554Z daemon INFO time="2025-08-11T18:16:40-07:00" level=info msg="Adding monitor tool" protocol=serial tool="builtin:serial-monitor"
time="2025-08-11T18:16:40-07:00" level=info msg="Loaded platform" platform="esp32:esp32@3.3.0"
time="2025-08-11T18:16:40-07:00" level=info msg="Checking existence of 'tools' path: /home/aaron/.arduino15/packages/esp32/tools"
time="2025-08-11T18:16:40-07:00" level=info msg="Loading tools from dir: /home/aaron/.arduino15/packages/esp32/tools"
time="2025-08-11T18:16:40-07:00" level=info msg="Loaded tool" tool="esp32:esp-rv32@2411"
time="2025-08-11T18:16:40-07:00" level=info msg="Loaded tool" tool="esp32:esp-x32@2411"
time="2025-08-11T18:16:40-07:00" level=info msg="Loaded tool" tool="esp32:esp32-arduino-libs@idf-release_v5.5-b66b5448-v1"
time="2025-08-11T18:16:40-07:00" level=info msg="Loaded tool" tool="esp32:esptool_py@5.0.0"
time="2025-08-11T18:16:40-07:00" level=info msg="Loaded tool" tool="esp32:mklittlefs@3.0.0-gnu12-dc7f933"
2025-08-11 18:16:40 2025-08-12T01:16:40.566Z daemon INFO time="2025-08-11T18:16:40-07:00" level=info msg="Loaded tool" tool="esp32:mkspiffs@0.2.3"
time="2025-08-11T18:16:40-07:00" level=info msg="Loaded tool" tool="esp32:openocd-esp32@v0.12.0-esp32-20250422"
time="2025-08-11T18:16:40-07:00" level=info msg="Loaded tool" tool="esp32:riscv32-esp-elf-gdb@16.2_20250324"
time="2025-08-11T18:16:40-07:00" level=info msg="Loaded tool" tool="esp32:xtensa-esp-elf-gdb@16.2_20250324"
time="2025-08-11T18:16:40-07:00" level=info msg="Adding libraries dir" dir=/home/aaron/.arduino15/packages/esp32/hardware/esp32/3.3.0/libraries isSingleLibrary=false location=platform
time="2025-08-11T18:16:40-07:00" level=info msg="Adding libraries dir" dir=/home/aaron/.arduino15/packages/arduino/hardware/avr/1.8.6/libraries isSingleLibrary=false location=platform
time="2025-08-11T18:16:40-07:00" level=info msg="Loading libraries index file" index=/home/aaron/.arduino15/library_index.json
2025-08-11 18:16:40 2025-08-12T01:16:40.893Z root INFO Deploy plugins list: 865.3 ms [Finished 1.564 s after backend start]
2025-08-11 18:16:41 2025-08-12T01:16:41.041Z daemon INFO time="2025-08-11T18:16:41-07:00" level=info msg="Adding libraries dir" dir=/home/aaron/.arduino15/libraries isSingleLibrary=false location=ide
2025-08-11 18:16:41 2025-08-12T01:16:41.041Z daemon INFO time="2025-08-11T18:16:41-07:00" level=info msg="Adding libraries dir" dir=/home/aaron/Arduino/libraries isSingleLibrary=false location=user
2025-08-11 18:16:41 2025-08-12T01:16:41.121Z root INFO creating connection for 1
2025-08-11 18:16:41 2025-08-12T01:16:41.242Z discovery-log INFO start resolved watching
2025-08-11 18:16:41 2025-08-12T01:16:41.722Z discovery-log INFO {"eventType":"add","port":{"matchingBoardsList":[{"name":"Arduino UNO R4 WiFi","fqbn":"arduino:renesas_uno:unor4wifi","isHidden":false}],"port":{"address":"/dev/ttyACM0","label":"/dev/ttyACM0","protocol":"serial","protocolLabel":"Serial Port (USB)","propertiesMap":[["pid","0x1002"],["serialNumber","9888E0072B9C"],["vid","0x2341"]],"hardwareId":"9888E0072B9C"}},"error":""}
2025-08-11 18:16:41 2025-08-12T01:16:41.723Z discovery-log INFO {"eventType":"add","port":{"matchingBoardsList":[],"port":{"address":"/dev/ttyS0","label":"/dev/ttyS0","protocol":"serial","protocolLabel":"Serial Port","propertiesMap":[],"hardwareId":""}},"error":""}
2025-08-11 18:16:42 2025-08-12T01:16:42.221Z root ERROR Error: node-loader:
Error: libxkbfile.so.1: cannot open shared object file: No such file or directory
    at 95585 (/nix/store/2d5i1bzbqbnl4rgnhk8czrw5zmqqjdzv-arduino-ide-2.3.6-extracted/resources/app/lib/backend/main.js:2:6468723)
    at __webpack_require__ (/nix/store/2d5i1bzbqbnl4rgnhk8czrw5zmqqjdzv-arduino-ide-2.3.6-extracted/resources/app/lib/backend/main.js:2:7034640)
    at r._init (/nix/store/2d5i1bzbqbnl4rgnhk8czrw5zmqqjdzv-arduino-ide-2.3.6-extracted/resources/app/lib/backend/main.js:2:4537535)
    at r.getCurrentKeyboardLayout (/nix/store/2d5i1bzbqbnl4rgnhk8czrw5zmqqjdzv-arduino-ide-2.3.6-extracted/resources/app/lib/backend/main.js:2:4537734)
    at t.getCurrentKeyboardLayout (/nix/store/2d5i1bzbqbnl4rgnhk8czrw5zmqqjdzv-arduino-ide-2.3.6-extracted/resources/app/lib/backend/main.js:2:4538141)
    at s.getNativeLayoutSync (/nix/store/2d5i1bzbqbnl4rgnhk8czrw5zmqqjdzv-arduino-ide-2.3.6-extracted/resources/app/lib/backend/main.js:2:1830040)
    at s.getNativeLayout (/nix/store/2d5i1bzbqbnl4rgnhk8czrw5zmqqjdzv-arduino-ide-2.3.6-extracted/resources/app/lib/backend/main.js:2:1829981)
    at u.onRequest (/nix/store/2d5i1bzbqbnl4rgnhk8czrw5zmqqjdzv-arduino-ide-2.3.6-extracted/resources/app/lib/backend/main.js:2:4942964)
    at c.requestHandler (/nix/store/2d5i1bzbqbnl4rgnhk8czrw5zmqqjdzv-arduino-ide-2.3.6-extracted/resources/app/lib/backend/main.js:2:4942783)
    at c.handleRequest (/nix/store/2d5i1bzbqbnl4rgnhk8czrw5zmqqjdzv-arduino-ide-2.3.6-extracted/resources/app/lib/backend/main.js:2:524486)
2025-08-11 18:16:42 2025-08-12T01:16:42.221Z root ERROR TypeError: Cannot read properties of null (reading 'getKeyMap')
    at r.getKeyMap (/nix/store/2d5i1bzbqbnl4rgnhk8czrw5zmqqjdzv-arduino-ide-2.3.6-extracted/resources/app/lib/backend/main.js:2:4537620)
    at t.getKeyMap (/nix/store/2d5i1bzbqbnl4rgnhk8czrw5zmqqjdzv-arduino-ide-2.3.6-extracted/resources/app/lib/backend/main.js:2:4538201)
    at s.getNativeLayoutSync (/nix/store/2d5i1bzbqbnl4rgnhk8czrw5zmqqjdzv-arduino-ide-2.3.6-extracted/resources/app/lib/backend/main.js:2:1830077)
    at s.getNativeLayout (/nix/store/2d5i1bzbqbnl4rgnhk8czrw5zmqqjdzv-arduino-ide-2.3.6-extracted/resources/app/lib/backend/main.js:2:1829981)
    at u.onRequest (/nix/store/2d5i1bzbqbnl4rgnhk8czrw5zmqqjdzv-arduino-ide-2.3.6-extracted/resources/app/lib/backend/main.js:2:4942964)
    at c.requestHandler (/nix/store/2d5i1bzbqbnl4rgnhk8czrw5zmqqjdzv-arduino-ide-2.3.6-extracted/resources/app/lib/backend/main.js:2:4942783)
    at c.handleRequest (/nix/store/2d5i1bzbqbnl4rgnhk8czrw5zmqqjdzv-arduino-ide-2.3.6-extracted/resources/app/lib/backend/main.js:2:524486)
    at c.handleMessage (/nix/store/2d5i1bzbqbnl4rgnhk8czrw5zmqqjdzv-arduino-ide-2.3.6-extracted/resources/app/lib/backend/main.js:2:522388)
    at /nix/store/2d5i1bzbqbnl4rgnhk8czrw5zmqqjdzv-arduino-ide-2.3.6-extracted/resources/app/lib/backend/main.js:2:522022
    at /nix/store/2d5i1bzbqbnl4rgnhk8czrw5zmqqjdzv-arduino-ide-2.3.6-extracted/resources/app/lib/backend/main.js:2:6419737
2025-08-11 18:16:42 2025-08-12T01:16:42.222Z root WARN A command editor.action.toggleStickyScroll is already registered.
2025-08-11 18:16:42 Opening channel for service path '/services/electron-window'.
2025-08-11 18:16:42 Opening channel for service path '/services/ide-updater'.
2025-08-11 18:16:42 2025-08-12T01:16:42.344Z root INFO Start frontend contributions: 301.5 ms [Finished 2.277 s after frontend start]
2025-08-11 18:16:42 2025-08-12T01:16:42.344Z root INFO Changed application state from 'init' to 'started_contributions'.
2025-08-11 18:16:42 2025-08-12T01:16:42.356Z root INFO Changed application state from 'started_contributions' to 'attached_shell'.
2025-08-11 18:16:42 2025-08-12T01:16:42.357Z root INFO >>> Restoring the layout state...
2025-08-11 18:16:42 2025-08-12T01:16:42.433Z root INFO [b794f3c0-8669-4050-9ae7-896cfd40a464] Waiting for backend deployment: 100.3 ms [Finished 2.372 s after frontend start]
2025-08-11 18:16:43 2025-08-12T01:16:43.115Z root INFO [hosted-plugin: 17996] PLUGIN_HOST(17996) starting instance
[Object: null prototype] {}
2025-08-11 18:16:43 2025-08-12T01:16:43.910Z root INFO [b794f3c0-8669-4050-9ae7-896cfd40a464] Sync of 23 plugins: 1485.6 ms [Finished 3.858 s after frontend start]
2025-08-11 18:16:43 2025-08-12T01:16:43.940Z root INFO ------- SERIALIZED LAYOUT DATA -------
2025-08-11 18:16:43 2025-08-12T01:16:43.940Z root INFO {"version":5,"mainPanel":{"main":{"type":"tab-area","widgets":[{"constructionOptions":{"factoryId":"code-editor-opener","options":{"counter":0,"kind":"navigatable","uri":"file:///home/aaron/Arduino/sketch_aug10b/sketch_aug10b.ino"}},"innerWidgetState":"{\"cursorState\":[{\"inSelectionMode\":false,\"selectionStart\":{\"lineNumber\":7,\"column\":1},\"position\":{\"lineNumber\":7,\"column\":1}}],\"viewState\":{\"scrollLeft\":0,\"firstPosition\":{\"lineNumber\":1,\"column\":1},\"firstPositionDeltaTop\":0},\"contributionsState\":{\"editor.contrib.folding\":{\"lineCount\":194,\"provider\":\"indent\",\"foldedImports\":false},\"editor.contrib.wordHighlighter\":false}}"}],"currentIndex":0}},"mainPanelPinned":[false],"bottomPanel":{"config":{"main":{"type":"tab-area","widgets":[{"constructionOptions":{"factoryId":"outputView"},"innerWidgetState":"{\"locked\":false}"},{"constructionOptions":{"factoryId":"serial-monitor"}}],"currentIndex":1}},"pinned":[false,false],"size":301,"expanded":true},"leftPanel":{"type":"sidepanel","items":[{"widget":{"constructionOptions":{"factoryId":"arduino-sketchbook-widget"}},"rank":1,"expanded":false,"pinned":false},{"widget":{"constructionOptions":{"factoryId":"boards-list-widget"}},"rank":2,"expanded":false,"pinned":false},{"widget":{"constructionOptions":{"factoryId":"library-list-widget"}},"rank":3,"expanded":false,"pinned":false},{"widget":{"constructionOptions":{"factoryId":"debug"},"innerWidgetState":"{\"parts\":[{\"widget\":{\"constructionOptions\":{\"factoryId\":\"debug:threads\"},\"innerWidgetState\":\"{}\"},\"partId\":\"debug:threads:-1\",\"collapsed\":false,\"hidden\":false,\"originalContainerId\":\"debug:view-container:-1\",\"originalContainerTitle\":{\"label\":\"debug\",\"iconClass\":\"codicon codicon-debug-alt\",\"closeable\":true}},{\"widget\":{\"constructionOptions\":{\"factoryId\":\"debug:frames\"},\"innerWidgetState\":\"{}\"},\"partId\":\"debug:frames:-1\",\"collapsed\":false,\"hidden\":false,\"originalContainerId\":\"debug:view-container:-1\",\"originalContainerTitle\":{\"label\":\"debug\",\"iconClass\":\"codicon codicon-debug-alt\",\"closeable\":true}},{\"widget\":{\"constructionOptions\":{\"factoryId\":\"debug:variables\"},\"innerWidgetState\":\"{}\"},\"partId\":\"debug:variables:-1\",\"collapsed\":false,\"hidden\":false,\"originalContainerId\":\"debug:view-container:-1\",\"originalContainerTitle\":{\"label\":\"debug\",\"iconClass\":\"codicon codicon-debug-alt\",\"closeable\":true}},{\"widget\":{\"constructionOptions\":{\"factoryId\":\"debug:watch\"},\"innerWidgetState\":\"{}\"},\"partId\":\"debug:watch:-1\",\"collapsed\":false,\"hidden\":false,\"originalContainerId\":\"debug:view-container:-1\",\"originalContainerTitle\":{\"label\":\"debug\",\"iconClass\":\"codicon codicon-debug-alt\",\"closeable\":true}},{\"widget\":{\"constructionOptions\":{\"factoryId\":\"debug:breakpoints\"},\"innerWidgetState\":\"{}\"},\"partId\":\"debug:breakpoints:-1\",\"collapsed\":false,\"hidden\":false,\"originalContainerId\":\"debug:view-container:-1\",\"originalContainerTitle\":{\"label\":\"debug\",\"iconClass\":\"codicon codicon-debug-alt\",\"closeable\":true}},{\"widget\":{\"constructionOptions\":{\"factoryId\":\"plugin-view\",\"options\":{\"id\":\"plugin-view:cortex-debug.peripherals\",\"viewId\":\"cortex-debug.peripherals\"}},\"innerWidgetState\":\"{\\\"label\\\":\\\"Cortex Peripherals\\\",\\\"widgets\\\":[],\\\"suppressUpdateViewVisibility\\\":false,\\\"currentViewContainerId\\\":\\\"debug\\\"}\"},\"partId\":\"plugin-view:cortex-debug.peripherals\",\"collapsed\":true,\"hidden\":true,\"originalContainerId\":\"debug:view-container:-1\",\"originalContainerTitle\":{\"label\":\"debug\",\"iconClass\":\"codicon codicon-debug-alt\",\"closeable\":true}},{\"widget\":{\"constructionOptions\":{\"factoryId\":\"plugin-view\",\"options\":{\"id\":\"plugin-view:cortex-debug.registers\",\"viewId\":\"cortex-debug.registers\"}},\"innerWidgetState\":\"{\\\"label\\\":\\\"Cortex Registers\\\",\\\"widgets\\\":[],\\\"suppressUpdateViewVisibility\\\":false,\\\"currentViewContainerId\\\":\\\"debug\\\"}\"},\"partId\":\"plugin-view:cortex-debug.registers\",\"collapsed\":true,\"hidden\":true,\"originalContainerId\":\"debug:view-container:-1\",\"originalContainerTitle\":{\"label\":\"debug\",\"iconClass\":\"codicon codicon-debug-alt\",\"closeable\":true}}],\"title\":{\"label\":\"debug\",\"iconClass\":\"codicon codicon-debug-alt\",\"closeable\":true}}"},"rank":4,"expanded":false,"pinned":false},{"widget":{"constructionOptions":{"factoryId":"search-view-container"},"innerWidgetState":"{\"parts\":[{\"widget\":{\"constructionOptions\":{\"factoryId\":\"search-in-workspace\"},\"innerWidgetState\":\"{\\\"matchCaseState\\\":{\\\"className\\\":\\\"codicon codicon-case-sensitive\\\",\\\"enabled\\\":false,\\\"title\\\":\\\"Match Case\\\"},\\\"wholeWordState\\\":{\\\"className\\\":\\\"codicon codicon-whole-word\\\",\\\"enabled\\\":false,\\\"title\\\":\\\"Match Whole Word\\\"},\\\"regExpState\\\":{\\\"className\\\":\\\"codicon codicon-regex\\\",\\\"enabled\\\":false,\\\"title\\\":\\\"Use Regular Expression\\\"},\\\"includeIgnoredState\\\":{\\\"className\\\":\\\"codicon codicon-eye\\\",\\\"enabled\\\":false,\\\"title\\\":\\\"Include Ignored Files\\\"},\\\"showSearchDetails\\\":false,\\\"searchInWorkspaceOptions\\\":{\\\"matchCase\\\":false,\\\"matchWholeWord\\\":false,\\\"useRegExp\\\":false,\\\"multiline\\\":false,\\\"includeIgnored\\\":false,\\\"include\\\":[],\\\"exclude\\\":[],\\\"maxResults\\\":2000},\\\"searchTerm\\\":\\\"\\\",\\\"replaceTerm\\\":\\\"\\\",\\\"showReplaceField\\\":false,\\\"searchHistoryState\\\":{\\\"history\\\":[],\\\"index\\\":0},\\\"replaceHistoryState\\\":{\\\"history\\\":[],\\\"index\\\":0},\\\"includeHistoryState\\\":{\\\"history\\\":[],\\\"index\\\":0},\\\"excludeHistoryState\\\":{\\\"history\\\":[],\\\"index\\\":0}}\"},\"partId\":\"search-in-workspace\",\"collapsed\":false,\"hidden\":false,\"originalContainerId\":\"search-view-container\",\"originalContainerTitle\":{\"label\":\"Search\",\"iconClass\":\"codicon codicon-search\",\"closeable\":true}}],\"title\":{\"label\":\"Search\",\"iconClass\":\"fa fa-arduino-search\",\"closeable\":true}}"},"rank":5,"expanded":false,"pinned":false}]},"rightPanel":{"type":"sidepanel","items":[]},"activeWidgetId":"serial-monitor"}
2025-08-11 18:16:43 2025-08-12T01:16:43.940Z root INFO ------- END SERIALIZED LAYOUT DATA -------
2025-08-11 18:16:44 2025-08-12T01:16:44.363Z root INFO <<< The layout has been successfully restored.
2025-08-11 18:16:44 2025-08-12T01:16:44.456Z root INFO Initialize the workbench layout: 2006.6 ms [Finished 4.311 s after frontend start]
2025-08-11 18:16:44 2025-08-12T01:16:44.456Z root INFO Changed application state from 'attached_shell' to 'initialized_layout'.
2025-08-11 18:16:44 2025-08-12T01:16:44.458Z root INFO [b794f3c0-8669-4050-9ae7-896cfd40a464] Loading plugin contributions
2025-08-11 18:16:44 2025-08-12T01:16:44.458Z root INFO [b794f3c0-8669-4050-9ae7-896cfd40a464] Load contributions of 23 plugins: 90.0 ms [Finished 4.402 s after frontend start]
2025-08-11 18:16:44 2025-08-12T01:16:44.520Z root WARN 'cpp' language is remapped from 'source.cpp.embedded.macro' to 'source.cpp' scope
2025-08-11 18:16:44 2025-08-12T01:16:44.520Z root WARN a registered grammar configuration for 'cpp' language is overridden
2025-08-11 18:16:44 2025-08-12T01:16:44.628Z root ERROR [hosted-plugin: 17996] Conflict in settings file Default: Ignoring cortex-debug.armToolchainPath.linux as cortex-debug.armToolchainPath is null
Conflict in settings file Default: Ignoring cortex-debug.armToolchainPath.osx as cortex-debug.armToolchainPath is null
Conflict in settings file Default: Ignoring cortex-debug.armToolchainPath.windows as cortex-debug.armToolchainPath is null
Conflict in settings file Default: Ignoring cortex-debug.JLinkGDBServerPath.linux as cortex-debug.JLinkGDBServerPath is null
Conflict in settings file Default: Ignoring cortex-debug.JLinkGDBServerPath.osx as cortex-debug.JLinkGDBServerPath is null
Conflict in settings file Default: Ignoring cortex-debug.JLinkGDBServerPath.windows as cortex-debug.JLinkGDBServerPath is null
Conflict in settings file Default: Ignoring cortex-debug.openocdPath.linux as cortex-debug.openocdPath is null
Conflict in settings file Default: Ignoring cortex-debug.openocdPath.osx as cortex-debug.openocdPath is null
Conflict in settings file Default: Ignoring cortex-debug.openocdPath.windows as cortex-debug.openocdPath is null
Conflict in settings file Default: Ignoring cortex-debug.pyocdPath.linux as cortex-debug.pyocdPath is null
Conflict in settings file Default: Ignoring cortex-debug.pyocdPath.osx as cortex-debug.pyocdPath is null
Conflict in settings file Default: Ignoring cortex-debug.pyocdPath.windows as cortex-debug.pyocdPath is null
Conflict in settings file Default: Ignoring cortex-debug.PEGDBServerPath.linux as cortex-debug.PEGDBServerPath is null
Conflict in settings file Default: Ignoring cortex-debug.PEGDBServerPath.osx as cortex-debug.PEGDBServerPath is null
Conflict in settings file Default: Ignoring cortex-debug.PEGDBServerPath.windows as cortex-debug.PEGDBServerPath is null
Conflict in settings file Default: Ignoring cortex-debug.stutilPath.linux as cortex-debug.stutilPath is null
Conflict in settings file Default: Ignoring cortex-debug.stutilPath.osx as cortex-debug.stutilPath is null
Conflict in settings file Default: Ignoring cortex-debug.stutilPath.windows as cortex-debug.stutilPath is null
Conflict in settings file Default: Ignoring cortex-debug.stlinkPath.linux as cortex-debug.stlinkPath is null
2025-08-11 18:16:44 2025-08-12T01:16:44.628Z root ERROR [hosted-plugin: 17996] Conflict in settings file Default: Ignoring cortex-debug.stlinkPath.osx as cortex-debug.stlinkPath is null
Conflict in settings file Default: Ignoring cortex-debug.stlinkPath.windows as cortex-debug.stlinkPath is null
Conflict in settings file Default: Ignoring cortex-debug.stm32cubeprogrammer.linux as cortex-debug.stm32cubeprogrammer is null
Conflict in settings file Default: Ignoring cortex-debug.stm32cubeprogrammer.osx as cortex-debug.stm32cubeprogrammer is null
Conflict in settings file Default: Ignoring cortex-debug.stm32cubeprogrammer.windows as cortex-debug.stm32cubeprogrammer is null
2025-08-11 18:16:44 2025-08-12T01:16:44.665Z root INFO [hosted-plugin: 17996] PLUGIN_HOST(17996): PluginManagerExtImpl/init()
2025-08-11 18:16:44 2025-08-12T01:16:44.668Z root INFO [hosted-plugin: 17996] PLUGIN_HOST(17996): initializing(vscode-arduino-api@0.1.2 with /nix/store/2d5i1bzbqbnl4rgnhk8czrw5zmqqjdzv-arduino-ide-2.3.6-extracted/resources/app/lib/backend/plugin-vscode-init)
2025-08-11 18:16:44 2025-08-12T01:16:44.766Z root INFO [hosted-plugin: 17996] PLUGIN_HOST(17996): initializing(json-language-features@1.88.1 with /nix/store/2d5i1bzbqbnl4rgnhk8czrw5zmqqjdzv-arduino-ide-2.3.6-extracted/resources/app/lib/backend/plugin-vscode-init)
2025-08-11 18:16:44 2025-08-12T01:16:44.771Z root INFO [hosted-plugin: 17996] PLUGIN_HOST(17996): initializing(cortex-debug@1.5.1 with /nix/store/2d5i1bzbqbnl4rgnhk8czrw5zmqqjdzv-arduino-ide-2.3.6-extracted/resources/app/lib/backend/plugin-vscode-init)
2025-08-11 18:16:44 2025-08-12T01:16:44.772Z root INFO [hosted-plugin: 17996] Debugger contribution has been registered: cortex-debug
2025-08-11 18:16:44 2025-08-12T01:16:44.773Z root INFO [hosted-plugin: 17996] PLUGIN_HOST(17996): initializing(vscode-arduino-tools@0.1.3 with /nix/store/2d5i1bzbqbnl4rgnhk8czrw5zmqqjdzv-arduino-ide-2.3.6-extracted/resources/app/lib/backend/plugin-vscode-init)
2025-08-11 18:16:44 2025-08-12T01:16:44.775Z root INFO [hosted-plugin: 17996] PLUGIN_HOST(17996): initializing(cpp@1.88.1 with /nix/store/2d5i1bzbqbnl4rgnhk8czrw5zmqqjdzv-arduino-ide-2.3.6-extracted/resources/app/lib/backend/plugin-vscode-init)
2025-08-11 18:16:44 2025-08-12T01:16:44.777Z root INFO [hosted-plugin: 17996] PLUGIN_HOST(17996): initializing(json@1.88.1 with /nix/store/2d5i1bzbqbnl4rgnhk8czrw5zmqqjdzv-arduino-ide-2.3.6-extracted/resources/app/lib/backend/plugin-vscode-init)
2025-08-11 18:16:44 2025-08-12T01:16:44.779Z root INFO [hosted-plugin: 17996] PLUGIN_HOST(17996): initializing(vscode-language-pack-bg@1.48.3 with /nix/store/2d5i1bzbqbnl4rgnhk8czrw5zmqqjdzv-arduino-ide-2.3.6-extracted/resources/app/lib/backend/plugin-vscode-init)
2025-08-11 18:16:44 2025-08-12T01:16:44.784Z root INFO [hosted-plugin: 17996] PLUGIN_HOST(17996): initializing(vscode-language-pack-cs@1.96.0 with /nix/store/2d5i1bzbqbnl4rgnhk8czrw5zmqqjdzv-arduino-ide-2.3.6-extracted/resources/app/lib/backend/plugin-vscode-init)
2025-08-11 18:16:44 2025-08-12T01:16:44.784Z root INFO [hosted-plugin: 17996] PLUGIN_HOST(17996): initializing(vscode-language-pack-de@1.96.0 with /nix/store/2d5i1bzbqbnl4rgnhk8czrw5zmqqjdzv-arduino-ide-2.3.6-extracted/resources/app/lib/backend/plugin-vscode-init)
2025-08-11 18:16:44 2025-08-12T01:16:44.785Z root INFO [hosted-plugin: 17996] PLUGIN_HOST(17996): initializing(vscode-language-pack-es@1.96.0 with /nix/store/2d5i1bzbqbnl4rgnhk8czrw5zmqqjdzv-arduino-ide-2.3.6-extracted/resources/app/lib/backend/plugin-vscode-init)
2025-08-11 18:16:44 2025-08-12T01:16:44.786Z root INFO [hosted-plugin: 17996] PLUGIN_HOST(17996): initializing(vscode-language-pack-fr@1.96.0 with /nix/store/2d5i1bzbqbnl4rgnhk8czrw5zmqqjdzv-arduino-ide-2.3.6-extracted/resources/app/lib/backend/plugin-vscode-init)
2025-08-11 18:16:44 2025-08-12T01:16:44.787Z root INFO [hosted-plugin: 17996] PLUGIN_HOST(17996): initializing(vscode-language-pack-hu@1.48.3 with /nix/store/2d5i1bzbqbnl4rgnhk8czrw5zmqqjdzv-arduino-ide-2.3.6-extracted/resources/app/lib/backend/plugin-vscode-init)
2025-08-11 18:16:44 2025-08-12T01:16:44.788Z root INFO [hosted-plugin: 17996] PLUGIN_HOST(17996): initializing(vscode-language-pack-it@1.96.0 with /nix/store/2d5i1bzbqbnl4rgnhk8czrw5zmqqjdzv-arduino-ide-2.3.6-extracted/resources/app/lib/backend/plugin-vscode-init)
2025-08-11 18:16:44 2025-08-12T01:16:44.788Z root INFO [hosted-plugin: 17996] PLUGIN_HOST(17996): initializing(vscode-language-pack-ja@1.96.0 with /nix/store/2d5i1bzbqbnl4rgnhk8czrw5zmqqjdzv-arduino-ide-2.3.6-extracted/resources/app/lib/backend/plugin-vscode-init)
2025-08-11 18:16:44 2025-08-12T01:16:44.788Z root INFO [hosted-plugin: 17996] PLUGIN_HOST(17996): initializing(vscode-language-pack-ko@1.96.0 with /nix/store/2d5i1bzbqbnl4rgnhk8czrw5zmqqjdzv-arduino-ide-2.3.6-extracted/resources/app/lib/backend/plugin-vscode-init)
2025-08-11 18:16:44 2025-08-12T01:16:44.789Z root INFO [hosted-plugin: 17996] PLUGIN_HOST(17996): initializing(vscode-language-pack-nl@1.48.3 with /nix/store/2d5i1bzbqbnl4rgnhk8czrw5zmqqjdzv-arduino-ide-2.3.6-extracted/resources/app/lib/backend/plugin-vscode-init)
2025-08-11 18:16:44 2025-08-12T01:16:44.789Z root INFO [hosted-plugin: 17996] PLUGIN_HOST(17996): initializing(vscode-language-pack-pl@1.96.0 with /nix/store/2d5i1bzbqbnl4rgnhk8czrw5zmqqjdzv-arduino-ide-2.3.6-extracted/resources/app/lib/backend/plugin-vscode-init)
2025-08-11 18:16:44 2025-08-12T01:16:44.790Z root INFO [hosted-plugin: 17996] PLUGIN_HOST(17996): initializing(vscode-language-pack-pt-BR@1.96.0 with /nix/store/2d5i1bzbqbnl4rgnhk8czrw5zmqqjdzv-arduino-ide-2.3.6-extracted/resources/app/lib/backend/plugin-vscode-init)
2025-08-11 18:16:44 2025-08-12T01:16:44.790Z root INFO [hosted-plugin: 17996] PLUGIN_HOST(17996): initializing(vscode-language-pack-ru@1.96.0 with /nix/store/2d5i1bzbqbnl4rgnhk8czrw5zmqqjdzv-arduino-ide-2.3.6-extracted/resources/app/lib/backend/plugin-vscode-init)
2025-08-11 18:16:44 2025-08-12T01:16:44.790Z root INFO [hosted-plugin: 17996] PLUGIN_HOST(17996): initializing(vscode-language-pack-tr@1.96.0 with /nix/store/2d5i1bzbqbnl4rgnhk8czrw5zmqqjdzv-arduino-ide-2.3.6-extracted/resources/app/lib/backend/plugin-vscode-init)
2025-08-11 18:16:44 2025-08-12T01:16:44.791Z root INFO [hosted-plugin: 17996] PLUGIN_HOST(17996): initializing(vscode-language-pack-uk@1.48.3 with /nix/store/2d5i1bzbqbnl4rgnhk8czrw5zmqqjdzv-arduino-ide-2.3.6-extracted/resources/app/lib/backend/plugin-vscode-init)
2025-08-11 18:16:44 2025-08-12T01:16:44.791Z root INFO [hosted-plugin: 17996] PLUGIN_HOST(17996): initializing(vscode-language-pack-zh-hans@1.96.0 with /nix/store/2d5i1bzbqbnl4rgnhk8czrw5zmqqjdzv-arduino-ide-2.3.6-extracted/resources/app/lib/backend/plugin-vscode-init)
2025-08-11 18:16:44 2025-08-12T01:16:44.791Z root INFO [hosted-plugin: 17996] PLUGIN_HOST(17996): initializing(vscode-language-pack-zh-hant@1.96.0 with /nix/store/2d5i1bzbqbnl4rgnhk8czrw5zmqqjdzv-arduino-ide-2.3.6-extracted/resources/app/lib/backend/plugin-vscode-init)
2025-08-11 18:16:44 2025-08-12T01:16:44.802Z root INFO [hosted-plugin: 17996] PLUGIN_HOST(17996): PluginManagerExtImpl/loadPlugin(/nix/store/2d5i1bzbqbnl4rgnhk8czrw5zmqqjdzv-arduino-ide-2.3.6-extracted/resources/app/plugins/vscode-builtin-json-language-features/extension/client/dist/node/jsonClientMain)
2025-08-11 18:16:44 2025-08-12T01:16:44.862Z root INFO [hosted-plugin: 17996] PLUGIN_HOST(17996): PluginManagerExtImpl/loadPlugin(/nix/store/2d5i1bzbqbnl4rgnhk8czrw5zmqqjdzv-arduino-ide-2.3.6-extracted/resources/app/plugins/vscode-arduino-tools/extension/dist/extension.js)
2025-08-11 18:16:44 2025-08-12T01:16:44.891Z root INFO [hosted-plugin: 17996] PLUGIN_HOST(17996): PluginManagerExtImpl/loadPlugin(/nix/store/2d5i1bzbqbnl4rgnhk8czrw5zmqqjdzv-arduino-ide-2.3.6-extracted/resources/app/plugins/vscode-arduino-api/extension/dist/extension.js)
2025-08-11 18:16:44 2025-08-12T01:16:44.895Z root INFO [hosted-plugin: 17996] calling activation function on VS Code Arduino Tools
calling activation function on Arduino IDE API for VS Code extensions
2025-08-11 18:16:44 2025-08-12T01:16:44.923Z root INFO [b794f3c0-8669-4050-9ae7-896cfd40a464] Starting plugins.
2025-08-11 18:16:44 2025-08-12T01:16:44.948Z root INFO [hosted-plugin: 17996] PLUGIN_HOST(17996): PluginManagerExtImpl/loadPlugin(/nix/store/2d5i1bzbqbnl4rgnhk8czrw5zmqqjdzv-arduino-ide-2.3.6-extracted/resources/app/plugins/cortex-debug/extension/dist/extension.js)
2025-08-11 18:16:45 2025-08-12T01:16:45.008Z root INFO [hosted-plugin: 17996] Debug configuration provider has been registered: cortex-debug, trigger: 1
2025-08-11 18:16:45 2025-08-12T01:16:45.009Z root INFO [hosted-plugin: 17996] calling activation function on Cortex-Debug
2025-08-11 18:16:45 2025-08-12T01:16:45.010Z root INFO [hosted-plugin: 17996] GDB server console created
2025-08-11 18:16:45 2025-08-12T01:16:45.075Z root INFO [b794f3c0-8669-4050-9ae7-896cfd40a464] Start of 23 plugins: 616.6 ms [Finished 5.023 s after frontend start]
2025-08-11 18:16:45 2025-08-12T01:16:45.139Z root INFO [hosted-plugin: 17996] calling activation function on JSON Language Features (built-in)
2025-08-11 18:16:45 2025-08-12T01:16:45.512Z root INFO Frontend application start: 3338.7 ms [Finished 6.182 s after backend start]
2025-08-11 18:16:45 Checking for update
2025-08-11 18:16:45 2025-08-12T01:16:45.561Z root INFO Replace loading indicator with ready workbench UI (animation): 853.0 ms [Finished 5.259 s after frontend start]
2025-08-11 18:16:45 2025-08-12T01:16:45.567Z root INFO Changed application state from 'initialized_layout' to 'ready'.
2025-08-11 18:16:45 2025-08-12T01:16:45.567Z root WARN Linked preference "workbench.colorCustomizations" not found.
2025-08-11 18:16:45 2025-08-12T01:16:45.663Z daemon INFO time="2025-08-11T18:16:45-07:00" level=info msg="Updating index" url="https://downloads.arduino.cc/packages/package_index.tar.bz2"
time="2025-08-11T18:16:45-07:00" level=info msg="Starting download" url="https://downloads.arduino.cc/libraries/library_index.tar.bz2"
time="2025-08-11T18:16:45-07:00" level=info msg="Starting download" url="https://downloads.arduino.cc/packages/package_index.tar.bz2"
2025-08-11 18:16:45 2025-08-12T01:16:45.665Z root INFO core-client-provider [library-index] Downloading index: library_index.tar.bz2

2025-08-11 18:16:45 2025-08-12T01:16:45.666Z root INFO core-client-provider [platform-index] Downloading index: package_index.tar.bz2

2025-08-11 18:16:45 2025-08-12T01:16:45.666Z daemon INFO time="2025-08-11T18:16:45-07:00" level=info msg="Starting monitor process" monitor=serial-monitor
time="2025-08-11T18:16:45-07:00" level=info msg="Monitor process started successfully!" monitor=serial-monitor
time="2025-08-11T18:16:45-07:00" level=info msg="sending command" command="HELLO 1 \"arduino-cli 1.2.0\"" monitor=serial-monitor
2025-08-11 18:16:45 2025-08-12T01:16:45.686Z daemon INFO time="2025-08-11T18:16:45-07:00" level=info msg="received message" error=false event_type=hello message=OK monitor=serial-monitor
time="2025-08-11T18:16:45-07:00" level=info msg="sending command" command=DESCRIBE monitor=serial-monitor
time="2025-08-11T18:16:45-07:00" level=info msg="received message" error=false event_type=describe message=OK monitor=serial-monitor
time="2025-08-11T18:16:45-07:00" level=info msg="sending command" command=QUIT monitor=serial-monitor
time="2025-08-11T18:16:45-07:00" level=info msg="received message" error=false event_type=quit message=OK monitor=serial-monitor
time="2025-08-11T18:16:45-07:00" level=info msg="Killing monitor process" monitor=serial-monitor
time="2025-08-11T18:16:45-07:00" level=error msg="stopped decode loop: EOF" monitor=serial-monitor
time="2025-08-11T18:16:45-07:00" level=info msg="Monitor process killed" monitor=serial-monitor
2025-08-11 18:16:45 2025-08-12T01:16:45.740Z monitor-service INFO starting monitor
2025-08-11 18:16:45 2025-08-12T01:16:45.749Z daemon INFO time="2025-08-11T18:16:45-07:00" level=info msg="Starting monitor process" monitor=serial-monitor
2025-08-11 18:16:45 2025-08-12T01:16:45.750Z daemon INFO time="2025-08-11T18:16:45-07:00" level=info msg="Monitor process started successfully!" monitor=serial-monitor
time="2025-08-11T18:16:45-07:00" level=info msg="sending command" command="HELLO 1 \"arduino-cli 1.2.0\"" monitor=serial-monitor
2025-08-11 18:16:45 2025-08-12T01:16:45.752Z daemon INFO time="2025-08-11T18:16:45-07:00" level=info msg="received message" error=false event_type=hello message=OK monitor=serial-monitor
time="2025-08-11T18:16:45-07:00" level=info msg="sending command" command=DESCRIBE monitor=serial-monitor
2025-08-11 18:16:45 2025-08-12T01:16:45.753Z daemon INFO time="2025-08-11T18:16:45-07:00" level=info msg="received message" error=false event_type=describe message=OK monitor=serial-monitor
2025-08-11 18:16:45 2025-08-12T01:16:45.753Z daemon INFO time="2025-08-11T18:16:45-07:00" level=info msg="sending command" command=QUIT monitor=serial-monitor
time="2025-08-11T18:16:45-07:00" level=info msg="received message" error=false event_type=quit message=OK monitor=serial-monitor
time="2025-08-11T18:16:45-07:00" level=info msg="Killing monitor process" monitor=serial-monitor
2025-08-11 18:16:45 2025-08-12T01:16:45.753Z daemon INFO time="2025-08-11T18:16:45-07:00" level=error msg="stopped decode loop: EOF" monitor=serial-monitor
2025-08-11 18:16:45 2025-08-12T01:16:45.753Z daemon INFO time="2025-08-11T18:16:45-07:00" level=info msg="Monitor process killed" monitor=serial-monitor
2025-08-11 18:16:45 2025-08-12T01:16:45.759Z daemon INFO time="2025-08-11T18:16:45-07:00" level=info msg="Starting monitor process" monitor=serial-monitor
2025-08-11 18:16:45 2025-08-12T01:16:45.760Z daemon INFO time="2025-08-11T18:16:45-07:00" level=info msg="Monitor process started successfully!" monitor=serial-monitor
time="2025-08-11T18:16:45-07:00" level=info msg="sending command" command="HELLO 1 \"arduino-cli 1.2.0\"" monitor=serial-monitor
2025-08-11 18:16:45 2025-08-12T01:16:45.762Z daemon INFO time="2025-08-11T18:16:45-07:00" level=info msg="received message" error=false event_type=hello message=OK monitor=serial-monitor
time="2025-08-11T18:16:45-07:00" level=info msg="sending command" command=DESCRIBE monitor=serial-monitor
time="2025-08-11T18:16:45-07:00" level=info msg="received message" error=false event_type=describe message=OK monitor=serial-monitor
time="2025-08-11T18:16:45-07:00" level=info msg="sending command" command="CONFIGURE baudrate 115200" monitor=serial-monitor
time="2025-08-11T18:16:45-07:00" level=info msg="received message" error=false event_type=configure message=OK monitor=serial-monitor
time="2025-08-11T18:16:45-07:00" level=info msg="sending command" command="CONFIGURE bits 8" monitor=serial-monitor
2025-08-11 18:16:45 2025-08-12T01:16:45.762Z daemon INFO time="2025-08-11T18:16:45-07:00" level=info msg="received message" error=false event_type=configure message=OK monitor=serial-monitor
time="2025-08-11T18:16:45-07:00" level=info msg="sending command" command="CONFIGURE dtr on" monitor=serial-monitor
2025-08-11 18:16:45 2025-08-12T01:16:45.762Z daemon INFO time="2025-08-11T18:16:45-07:00" level=info msg="received message" error=false event_type=configure message=OK monitor=serial-monitor
time="2025-08-11T18:16:45-07:00" level=info msg="sending command" command="CONFIGURE parity none" monitor=serial-monitor
time="2025-08-11T18:16:45-07:00" level=info msg="received message" error=false event_type=configure message=OK monitor=serial-monitor
time="2025-08-11T18:16:45-07:00" level=info msg="sending command" command="CONFIGURE rts on" monitor=serial-monitor
2025-08-11 18:16:45 2025-08-12T01:16:45.763Z daemon INFO time="2025-08-11T18:16:45-07:00" level=info msg="received message" error=false event_type=configure message=OK monitor=serial-monitor
2025-08-11 18:16:45 2025-08-12T01:16:45.763Z daemon INFO time="2025-08-11T18:16:45-07:00" level=info msg="sending command" command="CONFIGURE stop_bits 1" monitor=serial-monitor
2025-08-11 18:16:45 2025-08-12T01:16:45.763Z daemon INFO time="2025-08-11T18:16:45-07:00" level=info msg="received message" error=false event_type=configure message=OK monitor=serial-monitor
time="2025-08-11T18:16:45-07:00" level=info msg="sending command" command="OPEN 127.0.0.1:40503 /dev/ttyACM0" monitor=serial-monitor
2025-08-11 18:16:45 2025-08-12T01:16:45.765Z daemon INFO time="2025-08-11T18:16:45-07:00" level=info msg="received message" error=false event_type=open message=OK monitor=serial-monitor
time="2025-08-11T18:16:45-07:00" level=info msg="Port /dev/ttyACM0 successfully opened"
2025-08-11 18:16:45 2025-08-12T01:16:45.767Z monitor-service INFO Using port configuration for serial:/dev/ttyACM0: {"settingsList":[{"settingId":"baudrate","value":"115200"},{"settingId":"bits","value":"8"},{"settingId":"dtr","value":"on"},{"settingId":"parity","value":"none"},{"settingId":"rts","value":"on"},{"settingId":"stop_bits","value":"1"}]}
2025-08-11 18:16:45 2025-08-12T01:16:45.767Z monitor-service INFO started monitor to /dev/ttyACM0 using serial
2025-08-11 18:16:45 2025-08-12T01:16:45.810Z daemon INFO time="2025-08-11T18:16:45-07:00" level=info msg="Tool required for debug" tool="arduino:dfu-util@0.11.0-arduino5"
time="2025-08-11T18:16:45-07:00" level=info msg="Tool required for debug" tool="esp32:esp-rv32@2411"
time="2025-08-11T18:16:45-07:00" level=info msg="Tool required for debug" tool="esp32:esp-x32@2411"
time="2025-08-11T18:16:45-07:00" level=info msg="Tool required for debug" tool="esp32:esp32-arduino-libs@idf-release_v5.5-b66b5448-v1"
time="2025-08-11T18:16:45-07:00" level=info msg="Tool required for debug" tool="esp32:esptool_py@5.0.0"
time="2025-08-11T18:16:45-07:00" level=info msg="Tool required for debug" tool="esp32:mklittlefs@3.0.0-gnu12-dc7f933"
time="2025-08-11T18:16:45-07:00" level=info msg="Tool required for debug" tool="esp32:mkspiffs@0.2.3"
time="2025-08-11T18:16:45-07:00" level=info msg="Tool required for debug" tool="esp32:openocd-esp32@v0.12.0-esp32-20250422"
time="2025-08-11T18:16:45-07:00" level=info msg="Tool required for debug" tool="esp32:riscv32-esp-elf-gdb@16.2_20250324"
time="2025-08-11T18:16:45-07:00" level=info msg="Tool required for debug" tool="esp32:xtensa-esp-elf-gdb@16.2_20250324"
time="2025-08-11T18:16:45-07:00" level=info msg="Tool required for debug" tool="arduino:arduinoOTA@1.3.0"
time="2025-08-11T18:16:45-07:00" level=info msg="Tool required for debug" tool="builtin:mdns-discovery@1.0.9"
time="2025-08-11T18:16:45-07:00" level=info msg="Tool required for debug" tool="builtin:serial-discovery@1.4.1"
time="2025-08-11T18:16:45-07:00" level=info msg="Tool required for debug" tool="builtin:ctags@5.8-arduino11"
time="2025-08-11T18:16:45-07:00" level=info msg="Tool required for debug" tool="builtin:dfu-discovery@0.1.2"
2025-08-11 18:16:45 2025-08-12T01:16:45.811Z daemon INFO time="2025-08-11T18:16:45-07:00" level=info msg="Tool required for debug" tool="arduino:avrdude@6.3.0-arduino17"
time="2025-08-11T18:16:45-07:00" level=info msg="Tool required for debug" tool="arduino:avr-gcc@7.3.0-atmel3.6.1-arduino7"
time="2025-08-11T18:16:45-07:00" level=info msg="Tool required for debug" tool="builtin:serial-monitor@0.15.0"
2025-08-11 18:16:45 2025-08-12T01:16:45.814Z root INFO Starting language server: esp32:esp32:XIAO_ESP32C3:UploadSpeed=921600,CDCOnBoot=default,CPUFreq=160,FlashFreq=80,FlashMode=qio,FlashSize=4M,PartitionScheme=default,DebugLevel=none,EraseFlash=none
2025-08-11 18:16:45 2025-08-12T01:16:45.824Z daemon INFO time="2025-08-11T18:16:45-07:00" level=info msg="Tool required for debug" tool="arduino:dfu-util@0.11.0-arduino5"
time="2025-08-11T18:16:45-07:00" level=info msg="Tool required for debug" tool="esp32:esp-rv32@2411"
time="2025-08-11T18:16:45-07:00" level=info msg="Tool required for debug" tool="esp32:esp-x32@2411"
time="2025-08-11T18:16:45-07:00" level=info msg="Tool required for debug" tool="esp32:esp32-arduino-libs@idf-release_v5.5-b66b5448-v1"
time="2025-08-11T18:16:45-07:00" level=info msg="Tool required for debug" tool="esp32:esptool_py@5.0.0"
time="2025-08-11T18:16:45-07:00" level=info msg="Tool required for debug" tool="esp32:mklittlefs@3.0.0-gnu12-dc7f933"
time="2025-08-11T18:16:45-07:00" level=info msg="Tool required for debug" tool="esp32:mkspiffs@0.2.3"
time="2025-08-11T18:16:45-07:00" level=info msg="Tool required for debug" tool="esp32:openocd-esp32@v0.12.0-esp32-20250422"
time="2025-08-11T18:16:45-07:00" level=info msg="Tool required for debug" tool="esp32:riscv32-esp-elf-gdb@16.2_20250324"
time="2025-08-11T18:16:45-07:00" level=info msg="Tool required for debug" tool="esp32:xtensa-esp-elf-gdb@16.2_20250324"
time="2025-08-11T18:16:45-07:00" level=info msg="Tool required for debug" tool="builtin:serial-monitor@0.15.0"
time="2025-08-11T18:16:45-07:00" level=info msg="Tool required for debug" tool="builtin:mdns-discovery@1.0.9"
time="2025-08-11T18:16:45-07:00" level=info msg="Tool required for debug" tool="builtin:serial-discovery@1.4.1"
time="2025-08-11T18:16:45-07:00" level=info msg="Tool required for debug" tool="builtin:dfu-discovery@0.1.2"
time="2025-08-11T18:16:45-07:00" level=info msg="Tool required for debug" tool="arduino:avrdude@6.3.0-arduino17"
time="2025-08-11T18:16:45-07:00" level=info msg="Tool required for debug" tool="arduino:arduinoOTA@1.3.0"
time="2025-08-11T18:16:45-07:00" level=info msg="Tool required for debug" tool="builtin:ctags@5.8-arduino11"
time="2025-08-11T18:16:45-07:00" level=info msg="Tool required for debug" tool="arduino:avr-gcc@7.3.0-atmel3.6.1-arduino7"
2025-08-11 18:16:45 2025-08-12T01:16:45.850Z monitor-service INFO No port configuration changes have been detected. No need to send configure commands to the running monitor serial:/dev/ttyACM0.
2025-08-11 18:16:45 2025-08-12T01:16:45.850Z monitor-service INFO No port configuration changes have been detected. No need to send configure commands to the running monitor serial:/dev/ttyACM0.
2025-08-11 18:16:45 2025-08-12T01:16:45.852Z daemon INFO time="2025-08-11T18:16:45-07:00" level=info msg="Tool required for debug" tool="arduino:dfu-util@0.11.0-arduino5"
time="2025-08-11T18:16:45-07:00" level=info msg="Tool required for debug" tool="esp32:esp-rv32@2411"
time="2025-08-11T18:16:45-07:00" level=info msg="Tool required for debug" tool="esp32:esp-x32@2411"
time="2025-08-11T18:16:45-07:00" level=info msg="Tool required for debug" tool="esp32:esp32-arduino-libs@idf-release_v5.5-b66b5448-v1"
time="2025-08-11T18:16:45-07:00" level=info msg="Tool required for debug" tool="esp32:esptool_py@5.0.0"
time="2025-08-11T18:16:45-07:00" level=info msg="Tool required for debug" tool="esp32:mklittlefs@3.0.0-gnu12-dc7f933"
time="2025-08-11T18:16:45-07:00" level=info msg="Tool required for debug" tool="esp32:mkspiffs@0.2.3"
time="2025-08-11T18:16:45-07:00" level=info msg="Tool required for debug" tool="esp32:openocd-esp32@v0.12.0-esp32-20250422"
time="2025-08-11T18:16:45-07:00" level=info msg="Tool required for debug" tool="esp32:riscv32-esp-elf-gdb@16.2_20250324"
time="2025-08-11T18:16:45-07:00" level=info msg="Tool required for debug" tool="esp32:xtensa-esp-elf-gdb@16.2_20250324"
time="2025-08-11T18:16:45-07:00" level=info msg="Tool required for debug" tool="builtin:serial-monitor@0.15.0"
time="2025-08-11T18:16:45-07:00" level=info msg="Tool required for debug" tool="arduino:avr-gcc@7.3.0-atmel3.6.1-arduino7"
time="2025-08-11T18:16:45-07:00" level=info msg="Tool required for debug" tool="builtin:dfu-discovery@0.1.2"
time="2025-08-11T18:16:45-07:00" level=info msg="Tool required for debug" tool="builtin:serial-discovery@1.4.1"
time="2025-08-11T18:16:45-07:00" level=info msg="Tool required for debug" tool="arduino:avrdude@6.3.0-arduino17"
time="2025-08-11T18:16:45-07:00" level=info msg="Tool required for debug" tool="builtin:mdns-discovery@1.0.9"
time="2025-08-11T18:16:45-07:00" level=info msg="Tool required for debug" tool="builtin:ctags@5.8-arduino11"
time="2025-08-11T18:16:45-07:00" level=info msg="Tool required for debug" tool="arduino:arduinoOTA@1.3.0"
time="2025-08-11T18:16:45-07:00" level=info msg="Tool required for debug" tool="arduino:dfu-util@0.11.0-arduino5"
time="2025-08-11T18:16:45-07:00" level=info msg="Tool required for debug" tool="esp32:esp-rv32@2411"
time="2025-08-11T18:16:45-07:00" level=info msg="Tool required for debug" tool="esp32:esp-x32@2411"
time="2025-08-11T18:16:45-07:00" level=info msg="Tool required for debug" tool="esp32:esp32-arduino-libs@idf-release_v5.5-b66b5448-v1"
time="2025-08-11T18:16:45-07:00" level=info msg="Tool required for debug" tool="esp32:esptool_py@5.0.0"
time="2025-08-11T18:16:45-07:00" level=info msg="Tool required for debug" tool="esp32:mklittlefs@3.0.0-gnu12-dc7f933"
time="2025-08-11T18:16:45-07:00" level=info msg="Tool required for debug" tool="esp32:mkspiffs@0.2.3"
time="2025-08-11T18:16:45-07:00" level=info msg="Tool required for debug" tool="esp32:openocd-esp32@v0.12.0-esp32-20250422"
time="2025-08-11T18:16:45-07:00" level=info msg="Tool required for debug" tool="esp32:riscv32-esp-elf-gdb@16.2_20250324"
time="2025-08-11T18:16:45-07:00" level=info msg="Tool required for debug" tool="esp32:xtensa-esp-elf-gdb@16.2_20250324"
time="2025-08-11T18:16:45-07:00" level=info msg="Tool required for debug" tool="builtin:dfu-discovery@0.1.2"
time="2025-08-11T18:16:45-07:00" level=info msg="Tool required for debug" tool="arduino:avrdude@6.3.0-arduino17"
time="2025-08-11T18:16:45-07:00" level=info msg="Tool required for debug" tool="builtin:mdns-discovery@1.0.9"
time="2025-08-11T18:16:45-07:00" level=info msg="Tool required for debug" tool="arduino:arduinoOTA@1.3.0"
time="2025-08-11T18:16:45-07:00" level=info msg="Tool required for debug" tool="builtin:serial-discovery@1.4.1"
time="2025-08-11T18:16:45-07:00" level=info msg="Tool required for debug" tool="builtin:serial-monitor@0.15.0"
time="2025-08-11T18:16:45-07:00" level=info msg="Tool required for debug" tool="builtin:ctags@5.8-arduino11"
time="2025-08-11T18:16:45-07:00" level=info msg="Tool required for debug" tool="arduino:avr-gcc@7.3.0-atmel3.6.1-arduino7"
time="2025-08-11T18:16:45-07:00" level=info msg="Tool required for debug" tool="arduino:dfu-util@0.11.0-arduino5"
time="2025-08-11T18:16:45-07:00" level=info msg="Tool required for debug" tool="esp32:esp-rv32@2411"
time="2025-08-11T18:16:45-07:00" level=info msg="Tool required for debug" tool="esp32:esp-x32@2411"
time="2025-08-11T18:16:45-07:00" level=info msg="Tool required for debug" tool="esp32:esp32-arduino-libs@idf-release_v5.5-b66b5448-v1"
time="2025-08-11T18:16:45-07:00" level=info msg="Tool required for debug" tool="esp32:esptool_py@5.0.0"
time="2025-08-11T18:16:45-07:00" level=info msg="Tool required for debug" tool="esp32:mklittlefs@3.0.0-gnu12-dc7f933"
time="2025-08-11T18:16:45-07:00" level=info msg="Tool required for debug" tool="esp32:mkspiffs@0.2.3"
time="2025-08-11T18:16:45-07:00" level=info msg="Tool required for debug" tool="esp32:openocd-esp32@v0.12.0-esp32-20250422"
time="2025-08-11T18:16:45-07:00" level=info msg="Tool required for debug" tool="esp32:riscv32-esp-elf-gdb@16.2_20250324"
time="2025-08-11T18:16:45-07:00" level=info msg="Tool required for debug" tool="esp32:xtensa-esp-elf-gdb@16.2_20250324"
time="2025-08-11T18:16:45-07:00" level=info msg="Tool required for debug" tool="builtin:serial-discovery@1.4.1"
time="2025-08-11T18:16:45-07:00" level=info msg="Tool required for debug" tool="builtin:ctags@5.8-arduino11"
time="2025-08-11T18:16:45-07:00" level=info msg="Tool required for debug" tool="builtin:serial-monitor@0.15.0"
time="2025-08-11T18:16:45-07:00" level=info msg="Tool required for debug" tool="builtin:dfu-discovery@0.1.2"
time="2025-08-11T18:16:45-07:00" level=info msg="Tool required for debug" tool="arduino:avrdude@6.3.0-arduino17"
time="2025-08-11T18:16:45-07:00" level=info msg="Tool required for debug" tool="builtin:mdns-discovery@1.0.9"
time="2025-08-11T18:16:45-07:00" level=info msg="Tool required for debug" tool="arduino:arduinoOTA@1.3.0"
time="2025-08-11T18:16:45-07:00" level=info msg="Tool required for debug" tool="arduino:avr-gcc@7.3.0-atmel3.6.1-arduino7"
time="2025-08-11T18:16:45-07:00" level=info msg="Tool required for debug" tool="arduino:dfu-util@0.11.0-arduino5"
time="2025-08-11T18:16:45-07:00" level=info msg="Tool required for debug" tool="esp32:esp-rv32@2411"
time="2025-08-11T18:16:45-07:00" level=info msg="Tool required for debug" tool="esp32:esp-x32@2411"
time="2025-08-11T18:16:45-07:00" level=info msg="Tool required for debug" tool="esp32:esp32-arduino-libs@idf-release_v5.5-b66b5448-v1"
time="2025-08-11T18:16:45-07:00" level=info msg="Tool required for debug" tool="esp32:esptool_py@5.0.0"
time="2025-08-11T18:16:45-07:00" level=info msg="Tool required for debug" tool="esp32:mklittlefs@3.0.0-gnu12-dc7f933"
time="2025-08-11T18:16:45-07:00" level=info msg="Tool required for debug" tool="esp32:mkspiffs@0.2.3"
time="2025-08-11T18:16:45-07:00" level=info msg="Tool required for debug" tool="esp32:openocd-esp32@v0.12.0-esp32-20250422"
time="2025-08-11T18:16:45-07:00" level=info msg="Tool required for debug" tool="esp32:riscv32-esp-elf-gdb@16.2_20250324"
time="2025-08-11T18:16:45-07:00" level=info msg="Tool required for debug" tool="esp32:xtensa-esp-elf-gdb@16.2_20250324"
time="2025-08-11T18:16:45-07:00" level=info msg="Tool required for debug" tool="builtin:serial-monitor@0.15.0"
time="2025-08-11T18:16:45-07:00" level=info msg="Tool required for debug" tool="arduino:avr-gcc@7.3.0-atmel3.6.1-arduino7"
time="2025-08-11T18:16:45-07:00" level=info msg="Tool required for debug" tool="builtin:mdns-discovery@1.0.9"
time="2025-08-11T18:16:45-07:00" level=info msg="Tool required for debug" tool="builtin:dfu-discovery@0.1.2"
time="2025-08-11T18:16:45-07:00" level=info msg="Tool required for debug" tool="arduino:arduinoOTA@1.3.0"
time="2025-08-11T18:16:45-07:00" level=info msg="Tool required for debug" tool="builtin:serial-discovery@1.4.1"
time="2025-08-11T18:16:45-07:00" level=info msg="Tool required for debug" tool="builtin:ctags@5.8-arduino11"
time="2025-08-11T18:16:45-07:00" level=info msg="Tool required for debug" tool="arduino:avrdude@6.3.0-arduino17"
2025-08-11 18:16:45 2025-08-12T01:16:45.853Z daemon INFO time="2025-08-11T18:16:45-07:00" level=info msg="Tool required for debug" tool="arduino:dfu-util@0.11.0-arduino5"
2025-08-11 18:16:45 2025-08-12T01:16:45.854Z daemon INFO time="2025-08-11T18:16:45-07:00" level=info msg="Tool required for debug" tool="esp32:esp-rv32@2411"
time="2025-08-11T18:16:45-07:00" level=info msg="Tool required for debug" tool="esp32:esp-x32@2411"
time="2025-08-11T18:16:45-07:00" level=info msg="Tool required for debug" tool="esp32:esp32-arduino-libs@idf-release_v5.5-b66b5448-v1"
time="2025-08-11T18:16:45-07:00" level=info msg="Tool required for debug" tool="esp32:esptool_py@5.0.0"
time="2025-08-11T18:16:45-07:00" level=info msg="Tool required for debug" tool="esp32:mklittlefs@3.0.0-gnu12-dc7f933"
2025-08-11 18:16:45 2025-08-12T01:16:45.854Z daemon INFO time="2025-08-11T18:16:45-07:00" level=info msg="Tool required for debug" tool="esp32:mkspiffs@0.2.3"
time="2025-08-11T18:16:45-07:00" level=info msg="Tool required for debug" tool="esp32:openocd-esp32@v0.12.0-esp32-20250422"
time="2025-08-11T18:16:45-07:00" level=info msg="Tool required for debug" tool="esp32:riscv32-esp-elf-gdb@16.2_20250324"
time="2025-08-11T18:16:45-07:00" level=info msg="Tool required for debug" tool="esp32:xtensa-esp-elf-gdb@16.2_20250324"
time="2025-08-11T18:16:45-07:00" level=info msg="Tool required for debug" tool="builtin:serial-monitor@0.15.0"
time="2025-08-11T18:16:45-07:00" level=info msg="Tool required for debug" tool="builtin:ctags@5.8-arduino11"
time="2025-08-11T18:16:45-07:00" level=info msg="Tool required for debug" tool="arduino:avr-gcc@7.3.0-atmel3.6.1-arduino7"
time="2025-08-11T18:16:45-07:00" level=info msg="Tool required for debug" tool="arduino:arduinoOTA@1.3.0"
time="2025-08-11T18:16:45-07:00" level=info msg="Tool required for debug" tool="arduino:avrdude@6.3.0-arduino17"
time="2025-08-11T18:16:45-07:00" level=info msg="Tool required for debug" tool="builtin:dfu-discovery@0.1.2"
2025-08-11 18:16:45 2025-08-12T01:16:45.854Z daemon INFO time="2025-08-11T18:16:45-07:00" level=info msg="Tool required for debug" tool="builtin:serial-discovery@1.4.1"
time="2025-08-11T18:16:45-07:00" level=info msg="Tool required for debug" tool="builtin:mdns-discovery@1.0.9"
2025-08-11 18:16:45 2025-08-12T01:16:45.859Z daemon INFO time="2025-08-11T18:16:45-07:00" level=info msg="Tool required for debug" tool="arduino:dfu-util@0.11.0-arduino5"
time="2025-08-11T18:16:45-07:00" level=info msg="Tool required for debug" tool="esp32:esp-rv32@2411"
time="2025-08-11T18:16:45-07:00" level=info msg="Tool required for debug" tool="esp32:esp-x32@2411"
time="2025-08-11T18:16:45-07:00" level=info msg="Tool required for debug" tool="esp32:esp32-arduino-libs@idf-release_v5.5-b66b5448-v1"
time="2025-08-11T18:16:45-07:00" level=info msg="Tool required for debug" tool="esp32:esptool_py@5.0.0"
time="2025-08-11T18:16:45-07:00" level=info msg="Tool required for debug" tool="esp32:mklittlefs@3.0.0-gnu12-dc7f933"
time="2025-08-11T18:16:45-07:00" level=info msg="Tool required for debug" tool="esp32:mkspiffs@0.2.3"
time="2025-08-11T18:16:45-07:00" level=info msg="Tool required for debug" tool="esp32:openocd-esp32@v0.12.0-esp32-20250422"
2025-08-11 18:16:45 2025-08-12T01:16:45.859Z daemon INFO time="2025-08-11T18:16:45-07:00" level=info msg="Tool required for debug" tool="esp32:riscv32-esp-elf-gdb@16.2_20250324"
time="2025-08-11T18:16:45-07:00" level=info msg="Tool required for debug" tool="esp32:xtensa-esp-elf-gdb@16.2_20250324"
time="2025-08-11T18:16:45-07:00" level=info msg="Tool required for debug" tool="arduino:avrdude@6.3.0-arduino17"
time="2025-08-11T18:16:45-07:00" level=info msg="Tool required for debug" tool="builtin:dfu-discovery@0.1.2"
time="2025-08-11T18:16:45-07:00" level=info msg="Tool required for debug" tool="builtin:mdns-discovery@1.0.9"
time="2025-08-11T18:16:45-07:00" level=info msg="Tool required for debug" tool="builtin:ctags@5.8-arduino11"
time="2025-08-11T18:16:45-07:00" level=info msg="Tool required for debug" tool="arduino:arduinoOTA@1.3.0"
time="2025-08-11T18:16:45-07:00" level=info msg="Tool required for debug" tool="arduino:avr-gcc@7.3.0-atmel3.6.1-arduino7"
time="2025-08-11T18:16:45-07:00" level=info msg="Tool required for debug" tool="builtin:serial-discovery@1.4.1"
2025-08-11 18:16:45 2025-08-12T01:16:45.859Z daemon INFO time="2025-08-11T18:16:45-07:00" level=info msg="Tool required for debug" tool="builtin:serial-monitor@0.15.0"
2025-08-11 18:16:45 2025-08-12T01:16:45.866Z daemon INFO time="2025-08-11T18:16:45-07:00" level=info msg="Tool required for debug" tool="arduino:dfu-util@0.11.0-arduino5"
time="2025-08-11T18:16:45-07:00" level=info msg="Tool required for debug" tool="esp32:esp-rv32@2411"
time="2025-08-11T18:16:45-07:00" level=info msg="Tool required for debug" tool="esp32:esp-x32@2411"
time="2025-08-11T18:16:45-07:00" level=info msg="Tool required for debug" tool="esp32:esp32-arduino-libs@idf-release_v5.5-b66b5448-v1"
time="2025-08-11T18:16:45-07:00" level=info msg="Tool required for debug" tool="esp32:esptool_py@5.0.0"
time="2025-08-11T18:16:45-07:00" level=info msg="Tool required for debug" tool="esp32:mklittlefs@3.0.0-gnu12-dc7f933"
2025-08-11 18:16:45 2025-08-12T01:16:45.866Z daemon INFO time="2025-08-11T18:16:45-07:00" level=info msg="Tool required for debug" tool="esp32:mkspiffs@0.2.3"
time="2025-08-11T18:16:45-07:00" level=info msg="Tool required for debug" tool="esp32:openocd-esp32@v0.12.0-esp32-20250422"
time="2025-08-11T18:16:45-07:00" level=info msg="Tool required for debug" tool="esp32:riscv32-esp-elf-gdb@16.2_20250324"
time="2025-08-11T18:16:45-07:00" level=info msg="Tool required for debug" tool="esp32:xtensa-esp-elf-gdb@16.2_20250324"
time="2025-08-11T18:16:45-07:00" level=info msg="Tool required for debug" tool="arduino:arduinoOTA@1.3.0"
2025-08-11 18:16:45 2025-08-12T01:16:45.866Z daemon INFO time="2025-08-11T18:16:45-07:00" level=info msg="Tool required for debug" tool="arduino:avr-gcc@7.3.0-atmel3.6.1-arduino7"
time="2025-08-11T18:16:45-07:00" level=info msg="Tool required for debug" tool="arduino:avrdude@6.3.0-arduino17"
time="2025-08-11T18:16:45-07:00" level=info msg="Tool required for debug" tool="builtin:serial-discovery@1.4.1"
time="2025-08-11T18:16:45-07:00" level=info msg="Tool required for debug" tool="builtin:ctags@5.8-arduino11"
time="2025-08-11T18:16:45-07:00" level=info msg="Tool required for debug" tool="builtin:dfu-discovery@0.1.2"
time="2025-08-11T18:16:45-07:00" level=info msg="Tool required for debug" tool="builtin:mdns-discovery@1.0.9"
time="2025-08-11T18:16:45-07:00" level=info msg="Tool required for debug" tool="builtin:serial-monitor@0.15.0"
2025-08-11 18:16:46 2025-08-12T01:16:46.064Z daemon INFO time="2025-08-11T18:16:45-07:00" level=info msg="Tool required for debug" tool="arduino:dfu-util@0.11.0-arduino5"
time="2025-08-11T18:16:45-07:00" level=info msg="Tool required for debug" tool="esp32:esp-rv32@2411"
time="2025-08-11T18:16:45-07:00" level=info msg="Tool required for debug" tool="esp32:esp-x32@2411"
time="2025-08-11T18:16:45-07:00" level=info msg="Tool required for debug" tool="esp32:esp32-arduino-libs@idf-release_v5.5-b66b5448-v1"
time="2025-08-11T18:16:45-07:00" level=info msg="Tool required for debug" tool="esp32:esptool_py@5.0.0"
time="2025-08-11T18:16:45-07:00" level=info msg="Tool required for debug" tool="esp32:mklittlefs@3.0.0-gnu12-dc7f933"
time="2025-08-11T18:16:45-07:00" level=info msg="Tool required for debug" tool="esp32:mkspiffs@0.2.3"
time="2025-08-11T18:16:45-07:00" level=info msg="Tool required for debug" tool="esp32:openocd-esp32@v0.12.0-esp32-20250422"
time="2025-08-11T18:16:45-07:00" level=info msg="Tool required for debug" tool="esp32:riscv32-esp-elf-gdb@16.2_20250324"
time="2025-08-11T18:16:45-07:00" level=info msg="Tool required for debug" tool="esp32:xtensa-esp-elf-gdb@16.2_20250324"
time="2025-08-11T18:16:45-07:00" level=info msg="Tool required for debug" tool="builtin:serial-discovery@1.4.1"
time="2025-08-11T18:16:45-07:00" level=info msg="Tool required for debug" tool="arduino:arduinoOTA@1.3.0"
time="2025-08-11T18:16:45-07:00" level=info msg="Tool required for debug" tool="arduino:avrdude@6.3.0-arduino17"
time="2025-08-11T18:16:45-07:00" level=info msg="Tool required for debug" tool="builtin:ctags@5.8-arduino11"
time="2025-08-11T18:16:45-07:00" level=info msg="Tool required for debug" tool="builtin:dfu-discovery@0.1.2"
time="2025-08-11T18:16:45-07:00" level=info msg="Tool required for debug" tool="builtin:mdns-discovery@1.0.9"
time="2025-08-11T18:16:45-07:00" level=info msg="Tool required for debug" tool="builtin:serial-monitor@0.15.0"
time="2025-08-11T18:16:45-07:00" level=info msg="Tool required for debug" tool="arduino:avr-gcc@7.3.0-atmel3.6.1-arduino7"
time="2025-08-11T18:16:45-07:00" level=info msg="Adding libraries dir" dir=/home/aaron/.arduino15/libraries isSingleLibrary=false location=ide
time="2025-08-11T18:16:45-07:00" level=info msg="Adding libraries dir" dir=/home/aaron/.arduino15/packages/esp32/hardware/esp32/3.3.0/libraries isSingleLibrary=false location=platform
time="2025-08-11T18:16:45-07:00" level=info msg="Adding libraries dir" dir=/home/aaron/Arduino/libraries isSingleLibrary=false location=user
2025-08-11 18:16:46 2025-08-12T01:16:46.264Z root INFO core-client-provider [platform-index] Downloading index: package_esp32_index.json

2025-08-11 18:16:46 2025-08-12T01:16:46.265Z daemon INFO time="2025-08-11T18:16:46-07:00" level=info msg="Updating index" url="https://raw.githubusercontent.com/espressif/arduino-esp32/gh-pages/package_esp32_index.json"
time="2025-08-11T18:16:46-07:00" level=info msg="Starting download" url="https://raw.githubusercontent.com/espressif/arduino-esp32/gh-pages/package_esp32_index.json"
2025-08-11 18:16:46 2025-08-12T01:16:46.527Z root ERROR ---- !!!SLOW!!! DURATION: search took 960.568 ms. Args: [{"type":"Updatable"}] ----
2025-08-11 18:16:46 Update for version 2.3.6 is not available (latest version: 2.3.6, downgrade is allowed).
2025-08-11 18:16:47 2025-08-12T01:16:47.636Z daemon INFO time="2025-08-11T18:16:47-07:00" level=info msg="Resolving include WiFi.h for arch esp32"
time="2025-08-11T18:16:47-07:00" level=info msg="  found better lib" lib=WiFi prio=6B0
2025-08-11 18:16:48 2025-08-12T01:16:48.265Z daemon INFO time="2025-08-11T18:16:48-07:00" level=info msg="Resolving include Network.h for arch esp32"
time="2025-08-11T18:16:48-07:00" level=info msg="  found better lib" lib=Networking prio=64C
2025-08-11 18:16:48 2025-08-12T01:16:48.742Z daemon INFO time="2025-08-11T18:16:48-07:00" level=info msg="Checking signature" index=/home/aaron/.arduino15/package_index.json signatureFile=/home/aaron/.arduino15/package_index.json.sig trusted=true
2025-08-11 18:16:48 2025-08-12T01:16:48.747Z daemon INFO time="2025-08-11T18:16:48-07:00" level=info msg="Missing signature file" index=/home/aaron/.arduino15/package_esp32_index.json
2025-08-11 18:16:48 2025-08-12T01:16:48.747Z daemon INFO time="2025-08-11T18:16:48-07:00" level=info msg="Loading hardware from: /home/aaron/.arduino15/packages"
2025-08-11 18:16:48 2025-08-12T01:16:48.748Z daemon INFO time="2025-08-11T18:16:48-07:00" level=info msg="Loading package arduino from: /home/aaron/.arduino15/packages/arduino/hardware"
2025-08-11 18:16:48 2025-08-12T01:16:48.749Z daemon INFO time="2025-08-11T18:16:48-07:00" level=info msg="Missing signature file" index=/home/aaron/.arduino15/packages/arduino/hardware/avr/1.8.6/installed.json
2025-08-11 18:16:48 2025-08-12T01:16:48.752Z daemon INFO time="2025-08-11T18:16:48-07:00" level=info msg="Adding monitor tool" protocol=serial tool="builtin:serial-monitor"
time="2025-08-11T18:16:48-07:00" level=info msg="Loaded platform" platform="arduino:avr@1.8.6"
time="2025-08-11T18:16:48-07:00" level=info msg="Checking existence of 'tools' path: /home/aaron/.arduino15/packages/arduino/tools"
time="2025-08-11T18:16:48-07:00" level=info msg="Loading tools from dir: /home/aaron/.arduino15/packages/arduino/tools"
2025-08-11 18:16:48 2025-08-12T01:16:48.752Z daemon INFO time="2025-08-11T18:16:48-07:00" level=info msg="Loaded tool" tool="arduino:arduinoOTA@1.3.0"
time="2025-08-11T18:16:48-07:00" level=info msg="Loaded tool" tool="arduino:avr-gcc@7.3.0-atmel3.6.1-arduino7"
time="2025-08-11T18:16:48-07:00" level=info msg="Loaded tool" tool="arduino:avrdude@6.3.0-arduino17"
time="2025-08-11T18:16:48-07:00" level=info msg="Loaded tool" tool="arduino:dfu-util@0.11.0-arduino5"
2025-08-11 18:16:48 2025-08-12T01:16:48.752Z daemon INFO time="2025-08-11T18:16:48-07:00" level=info msg="Loading package builtin from: /home/aaron/.arduino15/packages/builtin"
time="2025-08-11T18:16:48-07:00" level=info msg="Checking existence of 'tools' path: /home/aaron/.arduino15/packages/builtin/tools"
time="2025-08-11T18:16:48-07:00" level=info msg="Loading tools from dir: /home/aaron/.arduino15/packages/builtin/tools"
2025-08-11 18:16:48 2025-08-12T01:16:48.752Z daemon INFO time="2025-08-11T18:16:48-07:00" level=info msg="Loaded tool" tool="builtin:ctags@5.8-arduino11"
time="2025-08-11T18:16:48-07:00" level=info msg="Loaded tool" tool="builtin:dfu-discovery@0.1.2"
time="2025-08-11T18:16:48-07:00" level=info msg="Loaded tool" tool="builtin:mdns-discovery@1.0.9"
2025-08-11 18:16:48 2025-08-12T01:16:48.752Z daemon INFO time="2025-08-11T18:16:48-07:00" level=info msg="Loaded tool" tool="builtin:serial-discovery@1.4.1"
time="2025-08-11T18:16:48-07:00" level=info msg="Loaded tool" tool="builtin:serial-monitor@0.15.0"
time="2025-08-11T18:16:48-07:00" level=info msg="Loading package esp32 from: /home/aaron/.arduino15/packages/esp32/hardware"
2025-08-11 18:16:48 2025-08-12T01:16:48.754Z daemon INFO time="2025-08-11T18:16:48-07:00" level=info msg="Missing signature file" index=/home/aaron/.arduino15/packages/esp32/hardware/esp32/3.3.0/installed.json
2025-08-11 18:16:48 2025-08-12T01:16:48.897Z daemon INFO time="2025-08-11T18:16:48-07:00" level=info msg="Adding monitor tool" protocol=serial tool="builtin:serial-monitor"
time="2025-08-11T18:16:48-07:00" level=info msg="Loaded platform" platform="esp32:esp32@3.3.0"
time="2025-08-11T18:16:48-07:00" level=info msg="Checking existence of 'tools' path: /home/aaron/.arduino15/packages/esp32/tools"
time="2025-08-11T18:16:48-07:00" level=info msg="Loading tools from dir: /home/aaron/.arduino15/packages/esp32/tools"
2025-08-11 18:16:48 2025-08-12T01:16:48.897Z daemon INFO time="2025-08-11T18:16:48-07:00" level=info msg="Loaded tool" tool="esp32:esp-rv32@2411"
time="2025-08-11T18:16:48-07:00" level=info msg="Loaded tool" tool="esp32:esp-x32@2411"
time="2025-08-11T18:16:48-07:00" level=info msg="Loaded tool" tool="esp32:esp32-arduino-libs@idf-release_v5.5-b66b5448-v1"
time="2025-08-11T18:16:48-07:00" level=info msg="Loaded tool" tool="esp32:esptool_py@5.0.0"
time="2025-08-11T18:16:48-07:00" level=info msg="Loaded tool" tool="esp32:mklittlefs@3.0.0-gnu12-dc7f933"
time="2025-08-11T18:16:48-07:00" level=info msg="Loaded tool" tool="esp32:mkspiffs@0.2.3"
time="2025-08-11T18:16:48-07:00" level=info msg="Loaded tool" tool="esp32:openocd-esp32@v0.12.0-esp32-20250422"
2025-08-11 18:16:48 2025-08-12T01:16:48.897Z daemon INFO time="2025-08-11T18:16:48-07:00" level=info msg="Loaded tool" tool="esp32:riscv32-esp-elf-gdb@16.2_20250324"
time="2025-08-11T18:16:48-07:00" level=info msg="Loaded tool" tool="esp32:xtensa-esp-elf-gdb@16.2_20250324"
2025-08-11 18:16:48 2025-08-12T01:16:48.902Z daemon INFO time="2025-08-11T18:16:48-07:00" level=info msg="Discovery event channel closed builtin:serial-discovery. Exiting goroutine."
2025-08-11 18:16:48 2025-08-12T01:16:48.902Z discovery-log INFO {"eventType":"remove","port":{"matchingBoardsList":[],"port":{"address":"/dev/ttyACM0","label":"/dev/ttyACM0","protocol":"serial","protocolLabel":"Serial Port (USB)","propertiesMap":[],"hardwareId":""}},"error":""}
2025-08-11 18:16:48 2025-08-12T01:16:48.903Z discovery-log INFO {"eventType":"remove","port":{"matchingBoardsList":[],"port":{"address":"/dev/ttyS0","label":"/dev/ttyS0","protocol":"serial","protocolLabel":"Serial Port","propertiesMap":[],"hardwareId":""}},"error":""}
2025-08-11 18:16:48 2025-08-12T01:16:48.903Z daemon INFO time="2025-08-11T18:16:48-07:00" level=info msg="Closed and removed discovery builtin:serial-discovery"
time="2025-08-11T18:16:48-07:00" level=error msg="Stopped decode loop: EOF" discovery="builtin:serial-discovery"
time="2025-08-11T18:16:48-07:00" level=info msg="Discovery event channel closed builtin:mdns-discovery. Exiting goroutine."
2025-08-11 18:16:48 2025-08-12T01:16:48.903Z daemon INFO time="2025-08-11T18:16:48-07:00" level=info msg="Closed and removed discovery builtin:mdns-discovery"
2025-08-11 18:16:48 2025-08-12T01:16:48.903Z daemon INFO time="2025-08-11T18:16:48-07:00" level=error msg="Stopped decode loop: EOF" discovery="builtin:mdns-discovery"
2025-08-11 18:16:48 2025-08-12T01:16:48.910Z discovery-log INFO {"eventType":"add","port":{"matchingBoardsList":[{"name":"Arduino UNO R4 WiFi","fqbn":"arduino:renesas_uno:unor4wifi","isHidden":false}],"port":{"address":"/dev/ttyACM0","label":"/dev/ttyACM0","protocol":"serial","protocolLabel":"Serial Port (USB)","propertiesMap":[["pid","0x1002"],["serialNumber","9888E0072B9C"],["vid","0x2341"]],"hardwareId":"9888E0072B9C"}},"error":""}
2025-08-11 18:16:48 2025-08-12T01:16:48.910Z discovery-log INFO {"eventType":"add","port":{"matchingBoardsList":[],"port":{"address":"/dev/ttyS0","label":"/dev/ttyS0","protocol":"serial","protocolLabel":"Serial Port","propertiesMap":[],"hardwareId":""}},"error":""}
2025-08-11 18:16:48 2025-08-12T01:16:48.912Z daemon INFO time="2025-08-11T18:16:48-07:00" level=info msg="Adding libraries dir" dir=/home/aaron/.arduino15/packages/esp32/hardware/esp32/3.3.0/libraries isSingleLibrary=false location=platform
2025-08-11 18:16:48 2025-08-12T01:16:48.912Z daemon INFO time="2025-08-11T18:16:48-07:00" level=info msg="Adding libraries dir" dir=/home/aaron/.arduino15/packages/arduino/hardware/avr/1.8.6/libraries isSingleLibrary=false location=platform
2025-08-11 18:16:48 2025-08-12T01:16:48.912Z daemon INFO time="2025-08-11T18:16:48-07:00" level=info msg="Loading libraries index file" index=/home/aaron/.arduino15/library_index.json
2025-08-11 18:16:49 2025-08-12T01:16:49.258Z daemon INFO time="2025-08-11T18:16:49-07:00" level=info msg="Resolving include BLEDevice.h for arch esp32"
time="2025-08-11T18:16:49-07:00" level=info msg="  found better lib" lib=BLE prio=3F4
2025-08-11 18:16:49 2025-08-12T01:16:49.283Z daemon INFO time="2025-08-11T18:16:49-07:00" level=info msg="Adding libraries dir" dir=/home/aaron/.arduino15/libraries isSingleLibrary=false location=ide
time="2025-08-11T18:16:49-07:00" level=info msg="Adding libraries dir" dir=/home/aaron/Arduino/libraries isSingleLibrary=false location=user
2025-08-11 18:17:27 2025-08-12T01:17:27.929Z daemon INFO time="2025-08-11T18:17:27-07:00" level=info msg="Adding libraries dir" dir=/home/aaron/.arduino15/libraries isSingleLibrary=false location=ide
time="2025-08-11T18:17:27-07:00" level=info msg="Adding libraries dir" dir=/home/aaron/.arduino15/packages/esp32/hardware/esp32/3.3.0/libraries isSingleLibrary=false location=platform
time="2025-08-11T18:17:27-07:00" level=info msg="Adding libraries dir" dir=/home/aaron/Arduino/libraries isSingleLibrary=false location=user
2025-08-11 18:17:44 2025-08-12T01:17:44.970Z daemon INFO time="2025-08-11T18:17:44-07:00" level=info msg="sending command" command=CLOSE monitor=serial-monitor
2025-08-11 18:17:44 2025-08-12T01:17:44.971Z daemon INFO time="2025-08-11T18:17:44-07:00" level=info msg="received message" error=false event_type=close message=OK monitor=serial-monitor
time="2025-08-11T18:17:44-07:00" level=info msg="sending command" command=QUIT monitor=serial-monitor
2025-08-11 18:17:44 2025-08-12T01:17:44.971Z daemon INFO time="2025-08-11T18:17:44-07:00" level=info msg="received message" error=false event_type=quit message=OK monitor=serial-monitor
time="2025-08-11T18:17:44-07:00" level=info msg="Killing monitor process" monitor=serial-monitor
2025-08-11 18:17:44 2025-08-12T01:17:44.972Z daemon INFO time="2025-08-11T18:17:44-07:00" level=error msg="stopped decode loop: EOF" monitor=serial-monitor
2025-08-11 18:17:44 2025-08-12T01:17:44.972Z daemon INFO time="2025-08-11T18:17:44-07:00" level=info msg="Monitor process killed" monitor=serial-monitor
2025-08-11 18:17:44 2025-08-12T01:17:44.974Z monitor-service INFO monitor to /dev/ttyACM0 using serial closed by server
2025-08-11 18:22:33 2025-08-12T01:22:33.625Z daemon INFO time="2025-08-11T18:22:33-07:00" level=info msg="Starting monitor process" monitor=serial-monitor
2025-08-11 18:22:33 2025-08-12T01:22:33.626Z daemon INFO time="2025-08-11T18:22:33-07:00" level=info msg="Monitor process started successfully!" monitor=serial-monitor
time="2025-08-11T18:22:33-07:00" level=info msg="sending command" command="HELLO 1 \"arduino-cli 1.2.0\"" monitor=serial-monitor
2025-08-11 18:22:33 2025-08-12T01:22:33.629Z daemon INFO time="2025-08-11T18:22:33-07:00" level=info msg="received message" error=false event_type=hello message=OK monitor=serial-monitor
time="2025-08-11T18:22:33-07:00" level=info msg="sending command" command=DESCRIBE monitor=serial-monitor
2025-08-11 18:22:33 2025-08-12T01:22:33.629Z daemon INFO time="2025-08-11T18:22:33-07:00" level=info msg="received message" error=false event_type=describe message=OK monitor=serial-monitor
2025-08-11 18:22:33 2025-08-12T01:22:33.629Z daemon INFO time="2025-08-11T18:22:33-07:00" level=info msg="sending command" command=QUIT monitor=serial-monitor
2025-08-11 18:22:33 2025-08-12T01:22:33.629Z daemon INFO time="2025-08-11T18:22:33-07:00" level=info msg="received message" error=false event_type=quit message=OK monitor=serial-monitor
2025-08-11 18:22:33 2025-08-12T01:22:33.629Z daemon INFO time="2025-08-11T18:22:33-07:00" level=info msg="Killing monitor process" monitor=serial-monitor
2025-08-11 18:22:33 2025-08-12T01:22:33.630Z daemon INFO time="2025-08-11T18:22:33-07:00" level=error msg="stopped decode loop: EOF" monitor=serial-monitor
2025-08-11 18:22:33 2025-08-12T01:22:33.630Z daemon INFO time="2025-08-11T18:22:33-07:00" level=info msg="Monitor process killed" monitor=serial-monitor
2025-08-11 18:22:33 2025-08-12T01:22:33.657Z monitor-service INFO starting monitor
2025-08-11 18:22:33 2025-08-12T01:22:33.659Z daemon INFO time="2025-08-11T18:22:33-07:00" level=info msg="Starting monitor process" monitor=serial-monitor
2025-08-11 18:22:33 2025-08-12T01:22:33.660Z daemon INFO time="2025-08-11T18:22:33-07:00" level=info msg="Monitor process started successfully!" monitor=serial-monitor
time="2025-08-11T18:22:33-07:00" level=info msg="sending command" command="HELLO 1 \"arduino-cli 1.2.0\"" monitor=serial-monitor
2025-08-11 18:22:33 2025-08-12T01:22:33.663Z daemon INFO time="2025-08-11T18:22:33-07:00" level=info msg="received message" error=false event_type=hello message=OK monitor=serial-monitor
time="2025-08-11T18:22:33-07:00" level=info msg="sending command" command=DESCRIBE monitor=serial-monitor
2025-08-11 18:22:33 2025-08-12T01:22:33.663Z daemon INFO time="2025-08-11T18:22:33-07:00" level=info msg="received message" error=false event_type=describe message=OK monitor=serial-monitor
2025-08-11 18:22:33 2025-08-12T01:22:33.663Z daemon INFO time="2025-08-11T18:22:33-07:00" level=info msg="sending command" command=QUIT monitor=serial-monitor
2025-08-11 18:22:33 2025-08-12T01:22:33.663Z daemon INFO time="2025-08-11T18:22:33-07:00" level=info msg="received message" error=false event_type=quit message=OK monitor=serial-monitor
time="2025-08-11T18:22:33-07:00" level=info msg="Killing monitor process" monitor=serial-monitor
2025-08-11 18:22:33 2025-08-12T01:22:33.664Z daemon INFO time="2025-08-11T18:22:33-07:00" level=error msg="stopped decode loop: EOF" monitor=serial-monitor
2025-08-11 18:22:33 2025-08-12T01:22:33.664Z daemon INFO time="2025-08-11T18:22:33-07:00" level=info msg="Monitor process killed" monitor=serial-monitor
2025-08-11 18:22:33 2025-08-12T01:22:33.668Z daemon INFO time="2025-08-11T18:22:33-07:00" level=info msg="Starting monitor process" monitor=serial-monitor
2025-08-11 18:22:33 2025-08-12T01:22:33.669Z daemon INFO time="2025-08-11T18:22:33-07:00" level=info msg="Monitor process started successfully!" monitor=serial-monitor
2025-08-11 18:22:33 2025-08-12T01:22:33.669Z daemon INFO time="2025-08-11T18:22:33-07:00" level=info msg="sending command" command="HELLO 1 \"arduino-cli 1.2.0\"" monitor=serial-monitor
2025-08-11 18:22:33 2025-08-12T01:22:33.672Z daemon INFO time="2025-08-11T18:22:33-07:00" level=info msg="received message" error=false event_type=hello message=OK monitor=serial-monitor
time="2025-08-11T18:22:33-07:00" level=info msg="sending command" command=DESCRIBE monitor=serial-monitor
2025-08-11 18:22:33 2025-08-12T01:22:33.673Z daemon INFO time="2025-08-11T18:22:33-07:00" level=info msg="received message" error=false event_type=describe message=OK monitor=serial-monitor
2025-08-11 18:22:33 2025-08-12T01:22:33.673Z daemon INFO time="2025-08-11T18:22:33-07:00" level=info msg="sending command" command="CONFIGURE baudrate 115200" monitor=serial-monitor
2025-08-11 18:22:33 2025-08-12T01:22:33.673Z daemon INFO time="2025-08-11T18:22:33-07:00" level=info msg="received message" error=false event_type=configure message=OK monitor=serial-monitor
2025-08-11 18:22:33 2025-08-12T01:22:33.673Z daemon INFO time="2025-08-11T18:22:33-07:00" level=info msg="sending command" command="CONFIGURE bits 8" monitor=serial-monitor
2025-08-11 18:22:33 2025-08-12T01:22:33.673Z daemon INFO time="2025-08-11T18:22:33-07:00" level=info msg="received message" error=false event_type=configure message=OK monitor=serial-monitor
2025-08-11 18:22:33 2025-08-12T01:22:33.673Z daemon INFO time="2025-08-11T18:22:33-07:00" level=info msg="sending command" command="CONFIGURE dtr on" monitor=serial-monitor
2025-08-11 18:22:33 2025-08-12T01:22:33.673Z daemon INFO time="2025-08-11T18:22:33-07:00" level=info msg="received message" error=false event_type=configure message=OK monitor=serial-monitor
time="2025-08-11T18:22:33-07:00" level=info msg="sending command" command="CONFIGURE parity none" monitor=serial-monitor
2025-08-11 18:22:33 2025-08-12T01:22:33.673Z daemon INFO time="2025-08-11T18:22:33-07:00" level=info msg="received message" error=false event_type=configure message=OK monitor=serial-monitor
2025-08-11 18:22:33 2025-08-12T01:22:33.673Z daemon INFO time="2025-08-11T18:22:33-07:00" level=info msg="sending command" command="CONFIGURE rts on" monitor=serial-monitor
2025-08-11 18:22:33 2025-08-12T01:22:33.674Z daemon INFO time="2025-08-11T18:22:33-07:00" level=info msg="received message" error=false event_type=configure message=OK monitor=serial-monitor
time="2025-08-11T18:22:33-07:00" level=info msg="sending command" command="CONFIGURE stop_bits 1" monitor=serial-monitor
2025-08-11 18:22:33 2025-08-12T01:22:33.674Z daemon INFO time="2025-08-11T18:22:33-07:00" level=info msg="received message" error=false event_type=configure message=OK monitor=serial-monitor
2025-08-11 18:22:33 2025-08-12T01:22:33.674Z daemon INFO time="2025-08-11T18:22:33-07:00" level=info msg="sending command" command="OPEN 127.0.0.1:42803 /dev/ttyACM0" monitor=serial-monitor
2025-08-11 18:22:33 2025-08-12T01:22:33.675Z daemon INFO time="2025-08-11T18:22:33-07:00" level=info msg="received message" error=false event_type=open message=OK monitor=serial-monitor
2025-08-11 18:22:33 2025-08-12T01:22:33.675Z daemon INFO time="2025-08-11T18:22:33-07:00" level=info msg="Port /dev/ttyACM0 successfully opened"
2025-08-11 18:22:33 2025-08-12T01:22:33.676Z monitor-service INFO Using port configuration for serial:/dev/ttyACM0: {"settingsList":[{"settingId":"baudrate","value":"115200"},{"settingId":"bits","value":"8"},{"settingId":"dtr","value":"on"},{"settingId":"parity","value":"none"},{"settingId":"rts","value":"on"},{"settingId":"stop_bits","value":"1"}]}
2025-08-11 18:22:33 2025-08-12T01:22:33.676Z monitor-service INFO started monitor to /dev/ttyACM0 using serial
2025-08-11 18:22:33 2025-08-12T01:22:33.696Z monitor-service INFO No port configuration changes have been detected. No need to send configure commands to the running monitor serial:/dev/ttyACM0.
2025-08-11 18:23:08 2025-08-12T01:23:08.269Z daemon INFO time="2025-08-11T18:23:08-07:00" level=info msg="sending command" command=CLOSE monitor=serial-monitor
2025-08-11 18:23:08 2025-08-12T01:23:08.271Z daemon INFO time="2025-08-11T18:23:08-07:00" level=info msg="received message" error=false event_type=close message=OK monitor=serial-monitor
time="2025-08-11T18:23:08-07:00" level=info msg="sending command" command=QUIT monitor=serial-monitor
2025-08-11 18:23:08 2025-08-12T01:23:08.271Z daemon INFO time="2025-08-11T18:23:08-07:00" level=info msg="received message" error=false event_type=quit message=OK monitor=serial-monitor
2025-08-11 18:23:08 2025-08-12T01:23:08.271Z daemon INFO time="2025-08-11T18:23:08-07:00" level=info msg="Killing monitor process" monitor=serial-monitor
2025-08-11 18:23:08 2025-08-12T01:23:08.272Z daemon INFO time="2025-08-11T18:23:08-07:00" level=error msg="stopped decode loop: EOF" monitor=serial-monitor
2025-08-11 18:23:08 2025-08-12T01:23:08.272Z daemon INFO time="2025-08-11T18:23:08-07:00" level=info msg="Monitor process killed" monitor=serial-monitor
2025-08-11 18:23:08 2025-08-12T01:23:08.273Z monitor-service INFO monitor to /dev/ttyACM0 using serial closed by server
2025-08-11 18:23:27 2025-08-12T01:23:27.919Z daemon INFO time="2025-08-11T18:23:27-07:00" level=info msg="Starting monitor process" monitor=serial-monitor
2025-08-11 18:23:27 2025-08-12T01:23:27.920Z daemon INFO time="2025-08-11T18:23:27-07:00" level=info msg="Monitor process started successfully!" monitor=serial-monitor
time="2025-08-11T18:23:27-07:00" level=info msg="sending command" command="HELLO 1 \"arduino-cli 1.2.0\"" monitor=serial-monitor
2025-08-11 18:23:27 2025-08-12T01:23:27.923Z daemon INFO time="2025-08-11T18:23:27-07:00" level=info msg="received message" error=false event_type=hello message=OK monitor=serial-monitor
time="2025-08-11T18:23:27-07:00" level=info msg="sending command" command=DESCRIBE monitor=serial-monitor
2025-08-11 18:23:27 2025-08-12T01:23:27.923Z daemon INFO time="2025-08-11T18:23:27-07:00" level=info msg="received message" error=false event_type=describe message=OK monitor=serial-monitor
time="2025-08-11T18:23:27-07:00" level=info msg="sending command" command=QUIT monitor=serial-monitor
time="2025-08-11T18:23:27-07:00" level=info msg="received message" error=false event_type=quit message=OK monitor=serial-monitor
time="2025-08-11T18:23:27-07:00" level=info msg="Killing monitor process" monitor=serial-monitor
2025-08-11 18:23:27 2025-08-12T01:23:27.924Z daemon INFO time="2025-08-11T18:23:27-07:00" level=error msg="stopped decode loop: EOF" monitor=serial-monitor
2025-08-11 18:23:27 2025-08-12T01:23:27.924Z daemon INFO time="2025-08-11T18:23:27-07:00" level=info msg="Monitor process killed" monitor=serial-monitor
2025-08-11 18:23:27 2025-08-12T01:23:27.935Z monitor-service INFO starting monitor
2025-08-11 18:23:27 2025-08-12T01:23:27.938Z daemon INFO time="2025-08-11T18:23:27-07:00" level=info msg="Starting monitor process" monitor=serial-monitor
2025-08-11 18:23:27 2025-08-12T01:23:27.938Z daemon INFO time="2025-08-11T18:23:27-07:00" level=info msg="Monitor process started successfully!" monitor=serial-monitor
time="2025-08-11T18:23:27-07:00" level=info msg="sending command" command="HELLO 1 \"arduino-cli 1.2.0\"" monitor=serial-monitor
2025-08-11 18:23:27 2025-08-12T01:23:27.941Z daemon INFO time="2025-08-11T18:23:27-07:00" level=info msg="received message" error=false event_type=hello message=OK monitor=serial-monitor
time="2025-08-11T18:23:27-07:00" level=info msg="sending command" command=DESCRIBE monitor=serial-monitor
2025-08-11 18:23:27 2025-08-12T01:23:27.941Z daemon INFO time="2025-08-11T18:23:27-07:00" level=info msg="received message" error=false event_type=describe message=OK monitor=serial-monitor
time="2025-08-11T18:23:27-07:00" level=info msg="sending command" command=QUIT monitor=serial-monitor
2025-08-11 18:23:27 2025-08-12T01:23:27.942Z daemon INFO time="2025-08-11T18:23:27-07:00" level=info msg="received message" error=false event_type=quit message=OK monitor=serial-monitor
2025-08-11 18:23:27 2025-08-12T01:23:27.942Z daemon INFO time="2025-08-11T18:23:27-07:00" level=info msg="Killing monitor process" monitor=serial-monitor
2025-08-11 18:23:27 2025-08-12T01:23:27.942Z daemon INFO time="2025-08-11T18:23:27-07:00" level=error msg="stopped decode loop: EOF" monitor=serial-monitor
2025-08-11 18:23:27 2025-08-12T01:23:27.942Z daemon INFO time="2025-08-11T18:23:27-07:00" level=info msg="Monitor process killed" monitor=serial-monitor
2025-08-11 18:23:27 2025-08-12T01:23:27.946Z daemon INFO time="2025-08-11T18:23:27-07:00" level=info msg="Starting monitor process" monitor=serial-monitor
2025-08-11 18:23:27 2025-08-12T01:23:27.946Z daemon INFO time="2025-08-11T18:23:27-07:00" level=info msg="Monitor process started successfully!" monitor=serial-monitor
time="2025-08-11T18:23:27-07:00" level=info msg="sending command" command="HELLO 1 \"arduino-cli 1.2.0\"" monitor=serial-monitor
2025-08-11 18:23:27 2025-08-12T01:23:27.948Z daemon INFO time="2025-08-11T18:23:27-07:00" level=info msg="received message" error=false event_type=hello message=OK monitor=serial-monitor
time="2025-08-11T18:23:27-07:00" level=info msg="sending command" command=DESCRIBE monitor=serial-monitor
2025-08-11 18:23:27 2025-08-12T01:23:27.948Z daemon INFO time="2025-08-11T18:23:27-07:00" level=info msg="received message" error=false event_type=describe message=OK monitor=serial-monitor
time="2025-08-11T18:23:27-07:00" level=info msg="sending command" command="CONFIGURE baudrate 115200" monitor=serial-monitor
2025-08-11 18:23:27 2025-08-12T01:23:27.948Z daemon INFO time="2025-08-11T18:23:27-07:00" level=info msg="received message" error=false event_type=configure message=OK monitor=serial-monitor
2025-08-11 18:23:27 2025-08-12T01:23:27.948Z daemon INFO time="2025-08-11T18:23:27-07:00" level=info msg="sending command" command="CONFIGURE bits 8" monitor=serial-monitor
time="2025-08-11T18:23:27-07:00" level=info msg="received message" error=false event_type=configure message=OK monitor=serial-monitor
2025-08-11 18:23:27 2025-08-12T01:23:27.948Z daemon INFO time="2025-08-11T18:23:27-07:00" level=info msg="sending command" command="CONFIGURE dtr on" monitor=serial-monitor
2025-08-11 18:23:27 2025-08-12T01:23:27.949Z daemon INFO time="2025-08-11T18:23:27-07:00" level=info msg="received message" error=false event_type=configure message=OK monitor=serial-monitor
time="2025-08-11T18:23:27-07:00" level=info msg="sending command" command="CONFIGURE parity none" monitor=serial-monitor
2025-08-11 18:23:27 2025-08-12T01:23:27.949Z daemon INFO time="2025-08-11T18:23:27-07:00" level=info msg="received message" error=false event_type=configure message=OK monitor=serial-monitor
time="2025-08-11T18:23:27-07:00" level=info msg="sending command" command="CONFIGURE rts on" monitor=serial-monitor
2025-08-11 18:23:27 2025-08-12T01:23:27.949Z daemon INFO time="2025-08-11T18:23:27-07:00" level=info msg="received message" error=false event_type=configure message=OK monitor=serial-monitor
2025-08-11 18:23:27 2025-08-12T01:23:27.949Z daemon INFO time="2025-08-11T18:23:27-07:00" level=info msg="sending command" command="CONFIGURE stop_bits 1" monitor=serial-monitor
2025-08-11 18:23:27 2025-08-12T01:23:27.949Z daemon INFO time="2025-08-11T18:23:27-07:00" level=info msg="received message" error=false event_type=configure message=OK monitor=serial-monitor
2025-08-11 18:23:27 2025-08-12T01:23:27.949Z daemon INFO time="2025-08-11T18:23:27-07:00" level=info msg="sending command" command="OPEN 127.0.0.1:34443 /dev/ttyACM0" monitor=serial-monitor
2025-08-11 18:23:27 2025-08-12T01:23:27.950Z daemon INFO time="2025-08-11T18:23:27-07:00" level=info msg="received message" error=false event_type=open message=OK monitor=serial-monitor
2025-08-11 18:23:27 2025-08-12T01:23:27.950Z daemon INFO time="2025-08-11T18:23:27-07:00" level=info msg="Port /dev/ttyACM0 successfully opened"
2025-08-11 18:23:27 2025-08-12T01:23:27.951Z monitor-service INFO Using port configuration for serial:/dev/ttyACM0: {"settingsList":[{"settingId":"baudrate","value":"115200"},{"settingId":"bits","value":"8"},{"settingId":"dtr","value":"on"},{"settingId":"parity","value":"none"},{"settingId":"rts","value":"on"},{"settingId":"stop_bits","value":"1"}]}
2025-08-11 18:23:27 2025-08-12T01:23:27.951Z monitor-service INFO started monitor to /dev/ttyACM0 using serial
2025-08-11 18:23:27 2025-08-12T01:23:27.953Z monitor-service INFO No port configuration changes have been detected. No need to send configure commands to the running monitor serial:/dev/ttyACM0.
2025-08-11 18:23:54 2025-08-12T01:23:54.573Z monitor-service INFO Updated the port configuration for serial:/dev/ttyACM0: {"settingsList":[{"settingId":"baudrate","value":"230400"},{"settingId":"bits","value":"8"},{"settingId":"dtr","value":"on"},{"settingId":"parity","value":"none"},{"settingId":"rts","value":"on"},{"settingId":"stop_bits","value":"1"}]}
2025-08-11 18:23:54 2025-08-12T01:23:54.574Z monitor-service INFO Sending monitor request with new port configuration: {"settingsList":[{"settingId":"baudrate","value":"230400"}]}
2025-08-11 18:23:54 2025-08-12T01:23:54.575Z daemon INFO time="2025-08-11T18:23:54-07:00" level=info msg="sending command" command="CONFIGURE baudrate 230400" monitor=serial-monitor
time="2025-08-11T18:23:54-07:00" level=info msg="received message" error=false event_type=configure message=OK monitor=serial-monitor
2025-08-11 18:24:30 2025-08-12T01:24:30.565Z monitor-service INFO Updated the port configuration for serial:/dev/ttyACM0: {"settingsList":[{"settingId":"baudrate","value":"115200"},{"settingId":"bits","value":"8"},{"settingId":"dtr","value":"on"},{"settingId":"parity","value":"none"},{"settingId":"rts","value":"on"},{"settingId":"stop_bits","value":"1"}]}
2025-08-11 18:24:30 2025-08-12T01:24:30.566Z monitor-service INFO Sending monitor request with new port configuration: {"settingsList":[{"settingId":"baudrate","value":"115200"}]}
2025-08-11 18:24:30 2025-08-12T01:24:30.567Z daemon INFO time="2025-08-11T18:24:30-07:00" level=info msg="sending command" command="CONFIGURE baudrate 115200" monitor=serial-monitor
time="2025-08-11T18:24:30-07:00" level=info msg="received message" error=false event_type=configure message=OK monitor=serial-monitor
2025-08-11 18:25:15 2025-08-12T01:25:15.286Z daemon INFO time="2025-08-11T18:25:15-07:00" level=info msg="sending command" command=CLOSE monitor=serial-monitor
2025-08-11 18:25:15 2025-08-12T01:25:15.286Z daemon INFO time="2025-08-11T18:25:15-07:00" level=info msg="received message" error=true event_type=port_closed message="readfrom tcp 127.0.0.1:47118->127.0.0.1:34443: Port has been closed" monitor=serial-monitor
time="2025-08-11T18:25:15-07:00" level=info msg="monitor port has been closed externally" monitor=serial-monitor
time="2025-08-11T18:25:15-07:00" level=info msg="received message" error=true event_type=close message="port already closed" monitor=serial-monitor
time="2025-08-11T18:25:15-07:00" level=info msg="sending command" command=QUIT monitor=serial-monitor
2025-08-11 18:25:15 2025-08-12T01:25:15.287Z discovery-log INFO {"eventType":"remove","port":{"matchingBoardsList":[],"port":{"address":"/dev/ttyACM0","label":"","protocol":"serial","protocolLabel":"","propertiesMap":[],"hardwareId":""}},"error":""}
2025-08-11 18:25:15 2025-08-12T01:25:15.287Z daemon INFO time="2025-08-11T18:25:15-07:00" level=info msg="received message" error=false event_type=quit message=OK monitor=serial-monitor
time="2025-08-11T18:25:15-07:00" level=info msg="Killing monitor process" monitor=serial-monitor
time="2025-08-11T18:25:15-07:00" level=error msg="stopped decode loop: EOF" monitor=serial-monitor
time="2025-08-11T18:25:15-07:00" level=info msg="Monitor process killed" monitor=serial-monitor
2025-08-11 18:25:15 2025-08-12T01:25:15.288Z monitor-service INFO monitor to /dev/ttyACM0 using serial closed by server
2025-08-11 18:25:20 2025-08-12T01:25:20.652Z discovery-log INFO {"eventType":"add","port":{"matchingBoardsList":[{"name":"Arduino UNO R4 WiFi","fqbn":"arduino:renesas_uno:unor4wifi","isHidden":false}],"port":{"address":"/dev/ttyACM0","label":"/dev/ttyACM0","protocol":"serial","protocolLabel":"Serial Port (USB)","propertiesMap":[["pid","0x1002"],["serialNumber","9888E0072B9C"],["vid","0x2341"]],"hardwareId":"9888E0072B9C"}},"error":""}
2025-08-11 18:25:21 2025-08-12T01:25:20.951Z monitor-service INFO starting monitor
2025-08-11 18:25:21 2025-08-12T01:25:20.953Z daemon INFO time="2025-08-11T18:25:20-07:00" level=info msg="Starting monitor process" monitor=serial-monitor
2025-08-11 18:25:21 2025-08-12T01:25:20.954Z daemon INFO time="2025-08-11T18:25:20-07:00" level=info msg="Monitor process started successfully!" monitor=serial-monitor
time="2025-08-11T18:25:20-07:00" level=info msg="sending command" command="HELLO 1 \"arduino-cli 1.2.0\"" monitor=serial-monitor
2025-08-11 18:25:21 2025-08-12T01:25:20.957Z daemon INFO time="2025-08-11T18:25:20-07:00" level=info msg="received message" error=false event_type=hello message=OK monitor=serial-monitor
time="2025-08-11T18:25:20-07:00" level=info msg="sending command" command=DESCRIBE monitor=serial-monitor
2025-08-11 18:25:21 2025-08-12T01:25:20.957Z daemon INFO time="2025-08-11T18:25:20-07:00" level=info msg="received message" error=false event_type=describe message=OK monitor=serial-monitor
time="2025-08-11T18:25:20-07:00" level=info msg="sending command" command=QUIT monitor=serial-monitor
2025-08-11 18:25:21 2025-08-12T01:25:20.957Z daemon INFO time="2025-08-11T18:25:20-07:00" level=info msg="received message" error=false event_type=quit message=OK monitor=serial-monitor
time="2025-08-11T18:25:20-07:00" level=info msg="Killing monitor process" monitor=serial-monitor
2025-08-11 18:25:21 2025-08-12T01:25:20.958Z daemon INFO time="2025-08-11T18:25:20-07:00" level=error msg="stopped decode loop: EOF" monitor=serial-monitor
2025-08-11 18:25:21 2025-08-12T01:25:20.958Z daemon INFO time="2025-08-11T18:25:20-07:00" level=info msg="Monitor process killed" monitor=serial-monitor
2025-08-11 18:25:21 2025-08-12T01:25:20.961Z daemon INFO time="2025-08-11T18:25:20-07:00" level=info msg="Starting monitor process" monitor=serial-monitor
2025-08-11 18:25:21 2025-08-12T01:25:20.962Z daemon INFO time="2025-08-11T18:25:20-07:00" level=info msg="Monitor process started successfully!" monitor=serial-monitor
time="2025-08-11T18:25:20-07:00" level=info msg="sending command" command="HELLO 1 \"arduino-cli 1.2.0\"" monitor=serial-monitor
2025-08-11 18:25:21 2025-08-12T01:25:20.964Z daemon INFO time="2025-08-11T18:25:20-07:00" level=info msg="received message" error=false event_type=hello message=OK monitor=serial-monitor
time="2025-08-11T18:25:20-07:00" level=info msg="sending command" command=DESCRIBE monitor=serial-monitor
2025-08-11 18:25:21 2025-08-12T01:25:20.965Z daemon INFO time="2025-08-11T18:25:20-07:00" level=info msg="received message" error=false event_type=describe message=OK monitor=serial-monitor
2025-08-11 18:25:21 2025-08-12T01:25:20.965Z daemon INFO time="2025-08-11T18:25:20-07:00" level=info msg="sending command" command="CONFIGURE baudrate 115200" monitor=serial-monitor
2025-08-11 18:25:21 2025-08-12T01:25:20.965Z daemon INFO time="2025-08-11T18:25:20-07:00" level=info msg="received message" error=false event_type=configure message=OK monitor=serial-monitor
2025-08-11 18:25:21 2025-08-12T01:25:20.965Z daemon INFO time="2025-08-11T18:25:20-07:00" level=info msg="sending command" command="CONFIGURE bits 8" monitor=serial-monitor
2025-08-11 18:25:21 2025-08-12T01:25:20.965Z daemon INFO time="2025-08-11T18:25:20-07:00" level=info msg="received message" error=false event_type=configure message=OK monitor=serial-monitor
time="2025-08-11T18:25:20-07:00" level=info msg="sending command" command="CONFIGURE dtr on" monitor=serial-monitor
2025-08-11 18:25:21 2025-08-12T01:25:20.965Z daemon INFO time="2025-08-11T18:25:20-07:00" level=info msg="received message" error=false event_type=configure message=OK monitor=serial-monitor
2025-08-11 18:25:21 2025-08-12T01:25:20.965Z daemon INFO time="2025-08-11T18:25:20-07:00" level=info msg="sending command" command="CONFIGURE parity none" monitor=serial-monitor
2025-08-11 18:25:21 2025-08-12T01:25:20.965Z daemon INFO time="2025-08-11T18:25:20-07:00" level=info msg="received message" error=false event_type=configure message=OK monitor=serial-monitor
2025-08-11 18:25:21 2025-08-12T01:25:20.965Z daemon INFO time="2025-08-11T18:25:20-07:00" level=info msg="sending command" command="CONFIGURE rts on" monitor=serial-monitor
2025-08-11 18:25:21 2025-08-12T01:25:20.965Z daemon INFO time="2025-08-11T18:25:20-07:00" level=info msg="received message" error=false event_type=configure message=OK monitor=serial-monitor
time="2025-08-11T18:25:20-07:00" level=info msg="sending command" command="CONFIGURE stop_bits 1" monitor=serial-monitor
2025-08-11 18:25:21 2025-08-12T01:25:20.965Z daemon INFO time="2025-08-11T18:25:20-07:00" level=info msg="received message" error=false event_type=configure message=OK monitor=serial-monitor
2025-08-11 18:25:21 2025-08-12T01:25:20.966Z daemon INFO time="2025-08-11T18:25:20-07:00" level=info msg="sending command" command="OPEN 127.0.0.1:40053 /dev/ttyACM0" monitor=serial-monitor
2025-08-11 18:25:21 2025-08-12T01:25:20.966Z daemon INFO time="2025-08-11T18:25:20-07:00" level=info msg="received message" error=false event_type=open message=OK monitor=serial-monitor
2025-08-11 18:25:21 2025-08-12T01:25:20.966Z daemon INFO time="2025-08-11T18:25:20-07:00" level=info msg="Port /dev/ttyACM0 successfully opened"
2025-08-11 18:25:21 2025-08-12T01:25:20.967Z monitor-service INFO Using port configuration for serial:/dev/ttyACM0: {"settingsList":[{"settingId":"baudrate","value":"115200"},{"settingId":"bits","value":"8"},{"settingId":"dtr","value":"on"},{"settingId":"parity","value":"none"},{"settingId":"rts","value":"on"},{"settingId":"stop_bits","value":"1"}]}
2025-08-11 18:25:21 2025-08-12T01:25:20.967Z monitor-service INFO started monitor to /dev/ttyACM0 using serial
2025-08-11 18:25:21 2025-08-12T01:25:20.993Z monitor-service INFO No port configuration changes have been detected. No need to send configure commands to the running monitor serial:/dev/ttyACM0.
2025-08-11 18:25:21 2025-08-12T01:25:20.993Z monitor-service INFO No port configuration changes have been detected. No need to send configure commands to the running monitor serial:/dev/ttyACM0.
2025-08-11 18:28:14 2025-08-12T01:28:13.998Z monitor-service INFO No port configuration changes have been detected. No need to send configure commands to the running monitor serial:/dev/ttyACM0.
2025-08-11 18:29:29 2025-08-12T01:29:29.602Z daemon INFO time="2025-08-11T18:29:29-07:00" level=info msg="sending command" command=CLOSE monitor=serial-monitor
2025-08-11 18:29:29 2025-08-12T01:29:29.603Z daemon INFO time="2025-08-11T18:29:29-07:00" level=info msg="received message" error=true event_type=port_closed message="readfrom tcp 127.0.0.1:45100->127.0.0.1:40053: Port has been closed" monitor=serial-monitor
time="2025-08-11T18:29:29-07:00" level=info msg="monitor port has been closed externally" monitor=serial-monitor
time="2025-08-11T18:29:29-07:00" level=info msg="received message" error=true event_type=close message="port already closed" monitor=serial-monitor
time="2025-08-11T18:29:29-07:00" level=info msg="sending command" command=QUIT monitor=serial-monitor
2025-08-11 18:29:29 2025-08-12T01:29:29.603Z discovery-log INFO {"eventType":"remove","port":{"matchingBoardsList":[],"port":{"address":"/dev/ttyACM0","label":"","protocol":"serial","protocolLabel":"","propertiesMap":[],"hardwareId":""}},"error":""}
2025-08-11 18:29:29 2025-08-12T01:29:29.603Z daemon INFO time="2025-08-11T18:29:29-07:00" level=info msg="received message" error=false event_type=quit message=OK monitor=serial-monitor
time="2025-08-11T18:29:29-07:00" level=info msg="Killing monitor process" monitor=serial-monitor
2025-08-11 18:29:29 2025-08-12T01:29:29.604Z daemon INFO time="2025-08-11T18:29:29-07:00" level=error msg="stopped decode loop: EOF" monitor=serial-monitor
time="2025-08-11T18:29:29-07:00" level=info msg="Monitor process killed" monitor=serial-monitor
2025-08-11 18:29:29 2025-08-12T01:29:29.605Z monitor-service INFO monitor to /dev/ttyACM0 using serial closed by server
2025-08-11 18:32:08 2025-08-12T01:32:08.958Z discovery-log INFO {"eventType":"add","port":{"matchingBoardsList":[{"name":"Arduino UNO R4 WiFi","fqbn":"arduino:renesas_uno:unor4wifi","isHidden":false}],"port":{"address":"/dev/ttyACM0","label":"/dev/ttyACM0","protocol":"serial","protocolLabel":"Serial Port (USB)","propertiesMap":[["pid","0x1002"],["serialNumber","9888E0072B9C"],["vid","0x2341"]],"hardwareId":"9888E0072B9C"}},"error":""}
2025-08-11 18:32:09 2025-08-12T01:32:09.239Z monitor-service INFO starting monitor
2025-08-11 18:32:09 2025-08-12T01:32:09.241Z daemon INFO time="2025-08-11T18:32:09-07:00" level=info msg="Starting monitor process" monitor=serial-monitor
2025-08-11 18:32:09 2025-08-12T01:32:09.242Z daemon INFO time="2025-08-11T18:32:09-07:00" level=info msg="Monitor process started successfully!" monitor=serial-monitor
time="2025-08-11T18:32:09-07:00" level=info msg="sending command" command="HELLO 1 \"arduino-cli 1.2.0\"" monitor=serial-monitor
2025-08-11 18:32:09 2025-08-12T01:32:09.245Z daemon INFO time="2025-08-11T18:32:09-07:00" level=info msg="received message" error=false event_type=hello message=OK monitor=serial-monitor
time="2025-08-11T18:32:09-07:00" level=info msg="sending command" command=DESCRIBE monitor=serial-monitor
2025-08-11 18:32:09 2025-08-12T01:32:09.245Z daemon INFO time="2025-08-11T18:32:09-07:00" level=info msg="received message" error=false event_type=describe message=OK monitor=serial-monitor
2025-08-11 18:32:09 2025-08-12T01:32:09.245Z daemon INFO time="2025-08-11T18:32:09-07:00" level=info msg="sending command" command=QUIT monitor=serial-monitor
2025-08-11 18:32:09 2025-08-12T01:32:09.245Z daemon INFO time="2025-08-11T18:32:09-07:00" level=info msg="received message" error=false event_type=quit message=OK monitor=serial-monitor
time="2025-08-11T18:32:09-07:00" level=info msg="Killing monitor process" monitor=serial-monitor
2025-08-11 18:32:09 2025-08-12T01:32:09.245Z daemon INFO time="2025-08-11T18:32:09-07:00" level=error msg="stopped decode loop: EOF" monitor=serial-monitor
time="2025-08-11T18:32:09-07:00" level=info msg="Monitor process killed" monitor=serial-monitor
2025-08-11 18:32:09 2025-08-12T01:32:09.251Z daemon INFO time="2025-08-11T18:32:09-07:00" level=info msg="Starting monitor process" monitor=serial-monitor
time="2025-08-11T18:32:09-07:00" level=info msg="Monitor process started successfully!" monitor=serial-monitor
time="2025-08-11T18:32:09-07:00" level=info msg="sending command" command="HELLO 1 \"arduino-cli 1.2.0\"" monitor=serial-monitor
2025-08-11 18:32:09 2025-08-12T01:32:09.253Z daemon INFO time="2025-08-11T18:32:09-07:00" level=info msg="received message" error=false event_type=hello message=OK monitor=serial-monitor
time="2025-08-11T18:32:09-07:00" level=info msg="sending command" command=DESCRIBE monitor=serial-monitor
time="2025-08-11T18:32:09-07:00" level=info msg="received message" error=false event_type=describe message=OK monitor=serial-monitor
time="2025-08-11T18:32:09-07:00" level=info msg="sending command" command="CONFIGURE baudrate 115200" monitor=serial-monitor
time="2025-08-11T18:32:09-07:00" level=info msg="received message" error=false event_type=configure message=OK monitor=serial-monitor
time="2025-08-11T18:32:09-07:00" level=info msg="sending command" command="CONFIGURE bits 8" monitor=serial-monitor
2025-08-11 18:32:09 2025-08-12T01:32:09.253Z daemon INFO time="2025-08-11T18:32:09-07:00" level=info msg="received message" error=false event_type=configure message=OK monitor=serial-monitor
time="2025-08-11T18:32:09-07:00" level=info msg="sending command" command="CONFIGURE dtr on" monitor=serial-monitor
time="2025-08-11T18:32:09-07:00" level=info msg="received message" error=false event_type=configure message=OK monitor=serial-monitor
2025-08-11 18:32:09 2025-08-12T01:32:09.254Z daemon INFO time="2025-08-11T18:32:09-07:00" level=info msg="sending command" command="CONFIGURE parity none" monitor=serial-monitor
time="2025-08-11T18:32:09-07:00" level=info msg="received message" error=false event_type=configure message=OK monitor=serial-monitor
time="2025-08-11T18:32:09-07:00" level=info msg="sending command" command="CONFIGURE rts on" monitor=serial-monitor
2025-08-11 18:32:09 2025-08-12T01:32:09.254Z daemon INFO time="2025-08-11T18:32:09-07:00" level=info msg="received message" error=false event_type=configure message=OK monitor=serial-monitor
time="2025-08-11T18:32:09-07:00" level=info msg="sending command" command="CONFIGURE stop_bits 1" monitor=serial-monitor
2025-08-11 18:32:09 2025-08-12T01:32:09.254Z daemon INFO time="2025-08-11T18:32:09-07:00" level=info msg="received message" error=false event_type=configure message=OK monitor=serial-monitor
2025-08-11 18:32:09 2025-08-12T01:32:09.254Z daemon INFO time="2025-08-11T18:32:09-07:00" level=info msg="sending command" command="OPEN 127.0.0.1:46237 /dev/ttyACM0" monitor=serial-monitor
2025-08-11 18:32:09 2025-08-12T01:32:09.255Z daemon INFO time="2025-08-11T18:32:09-07:00" level=info msg="received message" error=false event_type=open message=OK monitor=serial-monitor
2025-08-11 18:32:09 2025-08-12T01:32:09.255Z daemon INFO time="2025-08-11T18:32:09-07:00" level=info msg="Port /dev/ttyACM0 successfully opened"
2025-08-11 18:32:09 2025-08-12T01:32:09.256Z monitor-service INFO Using port configuration for serial:/dev/ttyACM0: {"settingsList":[{"settingId":"baudrate","value":"115200"},{"settingId":"bits","value":"8"},{"settingId":"dtr","value":"on"},{"settingId":"parity","value":"none"},{"settingId":"rts","value":"on"},{"settingId":"stop_bits","value":"1"}]}
2025-08-11 18:32:09 2025-08-12T01:32:09.256Z monitor-service INFO started monitor to /dev/ttyACM0 using serial
2025-08-11 18:32:09 2025-08-12T01:32:09.266Z monitor-service INFO No port configuration changes have been detected. No need to send configure commands to the running monitor serial:/dev/ttyACM0.
2025-08-11 18:33:28 2025-08-12T01:33:28.365Z daemon INFO time="2025-08-11T18:33:28-07:00" level=info msg="sending command" command=CLOSE monitor=serial-monitor
time="2025-08-11T18:33:28-07:00" level=info msg="received message" error=true event_type=port_closed message="readfrom tcp 127.0.0.1:43572->127.0.0.1:46237: Port has been closed" monitor=serial-monitor
2025-08-11 18:33:28 2025-08-12T01:33:28.365Z daemon INFO time="2025-08-11T18:33:28-07:00" level=info msg="monitor port has been closed externally" monitor=serial-monitor
time="2025-08-11T18:33:28-07:00" level=info msg="received message" error=true event_type=close message="port already closed" monitor=serial-monitor
time="2025-08-11T18:33:28-07:00" level=info msg="sending command" command=QUIT monitor=serial-monitor
time="2025-08-11T18:33:28-07:00" level=info msg="received message" error=false event_type=quit message=OK monitor=serial-monitor
time="2025-08-11T18:33:28-07:00" level=info msg="Killing monitor process" monitor=serial-monitor
2025-08-11 18:33:28 2025-08-12T01:33:28.366Z discovery-log INFO {"eventType":"remove","port":{"matchingBoardsList":[],"port":{"address":"/dev/ttyACM0","label":"","protocol":"serial","protocolLabel":"","propertiesMap":[],"hardwareId":""}},"error":""}
2025-08-11 18:33:28 2025-08-12T01:33:28.366Z daemon INFO time="2025-08-11T18:33:28-07:00" level=error msg="stopped decode loop: EOF" monitor=serial-monitor
time="2025-08-11T18:33:28-07:00" level=info msg="Monitor process killed" monitor=serial-monitor
2025-08-11 18:33:28 2025-08-12T01:33:28.367Z monitor-service INFO monitor to /dev/ttyACM0 using serial closed by server
2025-08-11 20:49:15 2025-08-12T03:49:15.138Z discovery-log INFO {"eventType":"add","port":{"matchingBoardsList":[{"name":"Arduino UNO R4 WiFi","fqbn":"arduino:renesas_uno:unor4wifi","isHidden":false}],"port":{"address":"/dev/ttyACM0","label":"/dev/ttyACM0","protocol":"serial","protocolLabel":"Serial Port (USB)","propertiesMap":[["pid","0x1002"],["serialNumber","9888E0072B9C"],["vid","0x2341"]],"hardwareId":"9888E0072B9C"}},"error":""}
2025-08-11 20:49:15 2025-08-12T03:49:15.435Z monitor-service INFO starting monitor
2025-08-11 20:49:15 2025-08-12T03:49:15.437Z daemon INFO time="2025-08-11T20:49:15-07:00" level=info msg="Starting monitor process" monitor=serial-monitor
2025-08-11 20:49:15 2025-08-12T03:49:15.438Z daemon INFO time="2025-08-11T20:49:15-07:00" level=info msg="Monitor process started successfully!" monitor=serial-monitor
time="2025-08-11T20:49:15-07:00" level=info msg="sending command" command="HELLO 1 \"arduino-cli 1.2.0\"" monitor=serial-monitor
2025-08-11 20:49:15 2025-08-12T03:49:15.441Z daemon INFO time="2025-08-11T20:49:15-07:00" level=info msg="received message" error=false event_type=hello message=OK monitor=serial-monitor
time="2025-08-11T20:49:15-07:00" level=info msg="sending command" command=DESCRIBE monitor=serial-monitor
2025-08-11 20:49:15 2025-08-12T03:49:15.441Z daemon INFO time="2025-08-11T20:49:15-07:00" level=info msg="received message" error=false event_type=describe message=OK monitor=serial-monitor
2025-08-11 20:49:15 2025-08-12T03:49:15.441Z daemon INFO time="2025-08-11T20:49:15-07:00" level=info msg="sending command" command=QUIT monitor=serial-monitor
2025-08-11 20:49:15 2025-08-12T03:49:15.441Z daemon INFO time="2025-08-11T20:49:15-07:00" level=info msg="received message" error=false event_type=quit message=OK monitor=serial-monitor
time="2025-08-11T20:49:15-07:00" level=info msg="Killing monitor process" monitor=serial-monitor
2025-08-11 20:49:15 2025-08-12T03:49:15.442Z daemon INFO time="2025-08-11T20:49:15-07:00" level=error msg="stopped decode loop: EOF" monitor=serial-monitor
time="2025-08-11T20:49:15-07:00" level=info msg="Monitor process killed" monitor=serial-monitor
2025-08-11 20:49:15 2025-08-12T03:49:15.448Z daemon INFO time="2025-08-11T20:49:15-07:00" level=info msg="Starting monitor process" monitor=serial-monitor
2025-08-11 20:49:15 2025-08-12T03:49:15.448Z daemon INFO time="2025-08-11T20:49:15-07:00" level=info msg="Monitor process started successfully!" monitor=serial-monitor
time="2025-08-11T20:49:15-07:00" level=info msg="sending command" command="HELLO 1 \"arduino-cli 1.2.0\"" monitor=serial-monitor
2025-08-11 20:49:15 2025-08-12T03:49:15.451Z daemon INFO time="2025-08-11T20:49:15-07:00" level=info msg="received message" error=false event_type=hello message=OK monitor=serial-monitor
time="2025-08-11T20:49:15-07:00" level=info msg="sending command" command=DESCRIBE monitor=serial-monitor
2025-08-11 20:49:15 2025-08-12T03:49:15.451Z daemon INFO time="2025-08-11T20:49:15-07:00" level=info msg="received message" error=false event_type=describe message=OK monitor=serial-monitor
2025-08-11 20:49:15 2025-08-12T03:49:15.451Z daemon INFO time="2025-08-11T20:49:15-07:00" level=info msg="sending command" command="CONFIGURE baudrate 115200" monitor=serial-monitor
2025-08-11 20:49:15 2025-08-12T03:49:15.451Z daemon INFO time="2025-08-11T20:49:15-07:00" level=info msg="received message" error=false event_type=configure message=OK monitor=serial-monitor
time="2025-08-11T20:49:15-07:00" level=info msg="sending command" command="CONFIGURE bits 8" monitor=serial-monitor
2025-08-11 20:49:15 2025-08-12T03:49:15.451Z daemon INFO time="2025-08-11T20:49:15-07:00" level=info msg="received message" error=false event_type=configure message=OK monitor=serial-monitor
2025-08-11 20:49:15 2025-08-12T03:49:15.452Z daemon INFO time="2025-08-11T20:49:15-07:00" level=info msg="sending command" command="CONFIGURE dtr on" monitor=serial-monitor
2025-08-11 20:49:15 2025-08-12T03:49:15.452Z daemon INFO time="2025-08-11T20:49:15-07:00" level=info msg="received message" error=false event_type=configure message=OK monitor=serial-monitor
time="2025-08-11T20:49:15-07:00" level=info msg="sending command" command="CONFIGURE parity none" monitor=serial-monitor
2025-08-11 20:49:15 2025-08-12T03:49:15.452Z daemon INFO time="2025-08-11T20:49:15-07:00" level=info msg="received message" error=false event_type=configure message=OK monitor=serial-monitor
2025-08-11 20:49:15 2025-08-12T03:49:15.452Z daemon INFO time="2025-08-11T20:49:15-07:00" level=info msg="sending command" command="CONFIGURE rts on" monitor=serial-monitor
2025-08-11 20:49:15 2025-08-12T03:49:15.452Z daemon INFO time="2025-08-11T20:49:15-07:00" level=info msg="received message" error=false event_type=configure message=OK monitor=serial-monitor
time="2025-08-11T20:49:15-07:00" level=info msg="sending command" command="CONFIGURE stop_bits 1" monitor=serial-monitor
2025-08-11 20:49:15 2025-08-12T03:49:15.452Z daemon INFO time="2025-08-11T20:49:15-07:00" level=info msg="received message" error=false event_type=configure message=OK monitor=serial-monitor
2025-08-11 20:49:15 2025-08-12T03:49:15.452Z daemon INFO time="2025-08-11T20:49:15-07:00" level=info msg="sending command" command="OPEN 127.0.0.1:33919 /dev/ttyACM0" monitor=serial-monitor
2025-08-11 20:49:15 2025-08-12T03:49:15.453Z daemon INFO time="2025-08-11T20:49:15-07:00" level=info msg="received message" error=false event_type=open message=OK monitor=serial-monitor
2025-08-11 20:49:15 2025-08-12T03:49:15.453Z daemon INFO time="2025-08-11T20:49:15-07:00" level=info msg="Port /dev/ttyACM0 successfully opened"
2025-08-11 20:49:15 2025-08-12T03:49:15.454Z monitor-service INFO Using port configuration for serial:/dev/ttyACM0: {"settingsList":[{"settingId":"baudrate","value":"115200"},{"settingId":"bits","value":"8"},{"settingId":"dtr","value":"on"},{"settingId":"parity","value":"none"},{"settingId":"rts","value":"on"},{"settingId":"stop_bits","value":"1"}]}
2025-08-11 20:49:15 2025-08-12T03:49:15.454Z monitor-service INFO started monitor to /dev/ttyACM0 using serial
2025-08-11 20:49:15 2025-08-12T03:49:15.465Z monitor-service INFO No port configuration changes have been detected. No need to send configure commands to the running monitor serial:/dev/ttyACM0.
2025-08-11 20:49:15 2025-08-12T03:49:15.479Z monitor-service INFO No port configuration changes have been detected. No need to send configure commands to the running monitor serial:/dev/ttyACM0.
2025-08-11 20:49:54 2025-08-12T03:49:54.970Z monitor-service INFO Updated the port configuration for serial:/dev/ttyACM0: {"settingsList":[{"settingId":"baudrate","value":"230400"},{"settingId":"bits","value":"8"},{"settingId":"dtr","value":"on"},{"settingId":"parity","value":"none"},{"settingId":"rts","value":"on"},{"settingId":"stop_bits","value":"1"}]}
2025-08-11 20:49:54 2025-08-12T03:49:54.971Z monitor-service INFO Sending monitor request with new port configuration: {"settingsList":[{"settingId":"baudrate","value":"230400"}]}
2025-08-11 20:49:54 2025-08-12T03:49:54.972Z daemon INFO time="2025-08-11T20:49:54-07:00" level=info msg="sending command" command="CONFIGURE baudrate 230400" monitor=serial-monitor
2025-08-11 20:49:54 2025-08-12T03:49:54.972Z daemon INFO time="2025-08-11T20:49:54-07:00" level=info msg="received message" error=false event_type=configure message=OK monitor=serial-monitor
2025-08-11 20:50:02 2025-08-12T03:50:02.638Z monitor-service INFO Updated the port configuration for serial:/dev/ttyACM0: {"settingsList":[{"settingId":"baudrate","value":"250000"},{"settingId":"bits","value":"8"},{"settingId":"dtr","value":"on"},{"settingId":"parity","value":"none"},{"settingId":"rts","value":"on"},{"settingId":"stop_bits","value":"1"}]}
2025-08-11 20:50:02 2025-08-12T03:50:02.638Z monitor-service INFO Sending monitor request with new port configuration: {"settingsList":[{"settingId":"baudrate","value":"250000"}]}
2025-08-11 20:50:02 2025-08-12T03:50:02.640Z daemon INFO time="2025-08-11T20:50:02-07:00" level=info msg="sending command" command="CONFIGURE baudrate 250000" monitor=serial-monitor
time="2025-08-11T20:50:02-07:00" level=info msg="received message" error=false event_type=configure message=OK monitor=serial-monitor
2025-08-11 20:50:09 2025-08-12T03:50:09.798Z monitor-service INFO Updated the port configuration for serial:/dev/ttyACM0: {"settingsList":[{"settingId":"baudrate","value":"460800"},{"settingId":"bits","value":"8"},{"settingId":"dtr","value":"on"},{"settingId":"parity","value":"none"},{"settingId":"rts","value":"on"},{"settingId":"stop_bits","value":"1"}]}
2025-08-11 20:50:09 2025-08-12T03:50:09.798Z monitor-service INFO Sending monitor request with new port configuration: {"settingsList":[{"settingId":"baudrate","value":"460800"}]}
2025-08-11 20:50:09 2025-08-12T03:50:09.799Z daemon INFO time="2025-08-11T20:50:09-07:00" level=info msg="sending command" command="CONFIGURE baudrate 460800" monitor=serial-monitor
time="2025-08-11T20:50:09-07:00" level=info msg="received message" error=false event_type=configure message=OK monitor=serial-monitor
2025-08-11 20:50:14 2025-08-12T03:50:14.097Z monitor-service INFO Updated the port configuration for serial:/dev/ttyACM0: {"settingsList":[{"settingId":"baudrate","value":"1000000"},{"settingId":"bits","value":"8"},{"settingId":"dtr","value":"on"},{"settingId":"parity","value":"none"},{"settingId":"rts","value":"on"},{"settingId":"stop_bits","value":"1"}]}
2025-08-11 20:50:14 2025-08-12T03:50:14.097Z monitor-service INFO Sending monitor request with new port configuration: {"settingsList":[{"settingId":"baudrate","value":"1000000"}]}
2025-08-11 20:50:14 2025-08-12T03:50:14.098Z daemon INFO time="2025-08-11T20:50:14-07:00" level=info msg="sending command" command="CONFIGURE baudrate 1000000" monitor=serial-monitor
time="2025-08-11T20:50:14-07:00" level=info msg="received message" error=false event_type=configure message=OK monitor=serial-monitor
2025-08-11 20:50:17 2025-08-12T03:50:17.097Z monitor-service INFO Updated the port configuration for serial:/dev/ttyACM0: {"settingsList":[{"settingId":"baudrate","value":"9600"},{"settingId":"bits","value":"8"},{"settingId":"dtr","value":"on"},{"settingId":"parity","value":"none"},{"settingId":"rts","value":"on"},{"settingId":"stop_bits","value":"1"}]}
2025-08-11 20:50:17 2025-08-12T03:50:17.097Z monitor-service INFO Sending monitor request with new port configuration: {"settingsList":[{"settingId":"baudrate","value":"9600"}]}
2025-08-11 20:50:17 2025-08-12T03:50:17.098Z daemon INFO time="2025-08-11T20:50:17-07:00" level=info msg="sending command" command="CONFIGURE baudrate 9600" monitor=serial-monitor
time="2025-08-11T20:50:17-07:00" level=info msg="received message" error=false event_type=configure message=OK monitor=serial-monitor
2025-08-11 20:50:22 2025-08-12T03:50:22.869Z monitor-service INFO Updated the port configuration for serial:/dev/ttyACM0: {"settingsList":[{"settingId":"baudrate","value":"115200"},{"settingId":"bits","value":"8"},{"settingId":"dtr","value":"on"},{"settingId":"parity","value":"none"},{"settingId":"rts","value":"on"},{"settingId":"stop_bits","value":"1"}]}
2025-08-11 20:50:22 2025-08-12T03:50:22.869Z monitor-service INFO Sending monitor request with new port configuration: {"settingsList":[{"settingId":"baudrate","value":"115200"}]}
2025-08-11 20:50:22 2025-08-12T03:50:22.870Z daemon INFO time="2025-08-11T20:50:22-07:00" level=info msg="sending command" command="CONFIGURE baudrate 115200" monitor=serial-monitor
time="2025-08-11T20:50:22-07:00" level=info msg="received message" error=false event_type=configure message=OK monitor=serial-monitor
2025-08-11 20:52:31 2025-08-12T03:52:31.901Z daemon INFO time="2025-08-11T20:52:31-07:00" level=info msg="sending command" command=CLOSE monitor=serial-monitor
2025-08-11 20:52:31 2025-08-12T03:52:31.901Z daemon INFO time="2025-08-11T20:52:31-07:00" level=info msg="received message" error=true event_type=port_closed message="readfrom tcp 127.0.0.1:56968->127.0.0.1:33919: Port has been closed" monitor=serial-monitor
time="2025-08-11T20:52:31-07:00" level=info msg="monitor port has been closed externally" monitor=serial-monitor
2025-08-11 20:52:31 2025-08-12T03:52:31.902Z discovery-log INFO {"eventType":"remove","port":{"matchingBoardsList":[],"port":{"address":"/dev/ttyACM0","label":"","protocol":"serial","protocolLabel":"","propertiesMap":[],"hardwareId":""}},"error":""}
2025-08-11 20:52:31 2025-08-12T03:52:31.903Z daemon INFO time="2025-08-11T20:52:31-07:00" level=info msg="received message" error=true event_type=close message="port already closed" monitor=serial-monitor
time="2025-08-11T20:52:31-07:00" level=info msg="sending command" command=QUIT monitor=serial-monitor
time="2025-08-11T20:52:31-07:00" level=info msg="received message" error=false event_type=quit message=OK monitor=serial-monitor
time="2025-08-11T20:52:31-07:00" level=info msg="Killing monitor process" monitor=serial-monitor
time="2025-08-11T20:52:31-07:00" level=error msg="stopped decode loop: EOF" monitor=serial-monitor
time="2025-08-11T20:52:31-07:00" level=info msg="Monitor process killed" monitor=serial-monitor
2025-08-11 20:52:31 2025-08-12T03:52:31.903Z monitor-service INFO monitor to /dev/ttyACM0 using serial closed by server
